Evaporator Temperature,Compressor Flow,Cold Water,Tower Water,COP
-0.196871,524.933,11.8896,60.2469,3.8748
-1.78485,589.577,12.5432,64.3195,3.6695
-2.52903,545.245,11.2618,58.0765,3.57869
-1.86427,564.241,11.9665,61.3988,3.65965
-1.58684,570.538,12.2338,62.639,3.69423
-4.83423,551.35,10.3799,54.4933,3.31696
-0.168475,527.221,11.9548,60.5641,3.87862
0.649545,562.629,13.1722,66.3302,3.99114
1.36456,500.625,12.0511,60.3679,4.09347
1.32561,539.312,12.9628,64.9533,4.0878
-4.95792,551.918,10.3386,54.3292,3.30369
1.59261,575.836,13.9846,69.9377,4.12693
0.786978,533.584,12.5593,63.18,4.01051
0.447237,566.63,13.1616,66.3754,3.96287
-2.7212,588.392,12.0602,62.285,3.55576
1.01519,535.835,12.7248,63.9057,4.04299
-3.22596,598.333,12.0189,62.3125,3.49654
0.0937357,596.109,13.6564,69.0503,3.91417
-2.33515,510.688,10.6299,54.7364,3.60203
1.83577,518.567,12.7129,63.4656,4.16305
-0.249253,582.496,13.1664,66.7422,3.86776
-1.73545,557.188,11.8774,60.8826,3.67565
-0.590291,533.396,11.8961,60.4564,3.8224
-3.73664,593.679,11.6834,60.8127,3.43805
1.66516,531.929,12.9547,64.7528,4.13766
-3.40582,532.855,10.6267,55.1711,3.47578
-2.14463,589.717,12.3682,63.5955,3.62519
-2.23175,570.091,11.9153,61.307,3.61457
-1.08296,548.627,12.0006,61.2127,3.75824
-1.9855,527.569,11.135,57.1853,3.64469
1.19302,514.863,12.3116,61.75,4.06857
-4.2778,511.716,9.85313,51.5026,3.37757
-3.83927,536.247,10.5096,54.747,3.42646
1.98825,591.218,14.5797,72.7047,4.18594
-4.25066,598.068,11.5285,60.2468,3.38057
-2.24488,586.083,12.2431,63.0002,3.61298
-4.41615,599.619,11.4814,60.0783,3.36236
-1.80627,547.034,11.6282,59.6373,3.66684
-0.570503,508.262,11.3444,57.6439,3.82502
0.577405,593.831,13.8637,69.8491,3.98102
-0.690333,516.348,11.4707,58.3378,3.80925
-0.0194349,503.889,11.4926,58.1587,3.89877
-1.61796,587.52,12.5824,64.4391,3.69032
-4.18545,576.558,11.1431,58.2035,3.38779
-1.77341,560.202,11.9237,61.1374,3.67092
-1.8182,556.477,11.8234,60.6435,3.66536
-2.27156,504.598,10.5297,54.1945,3.60974
-3.55251,546.317,10.8312,56.2966,3.45897
0.778023,508.905,11.9743,60.2408,4.00925
-1.44684,584.43,12.6013,64.4527,3.71185
-4.03922,576.297,11.204,58.4546,3.40405
-3.15104,582.835,11.7427,60.8458,3.50524
1.97418,592.091,14.5932,72.7798,4.18382
-3.80421,554.669,10.886,56.6922,3.43041
-4.52578,506.455,9.65459,50.5627,3.35037
1.84969,573.429,14.0654,70.2108,4.16513
-3.12096,510.852,10.3049,53.383,3.50874
1.85224,519.031,12.7324,63.5553,4.16551
-2.20342,587.276,12.2883,63.2127,3.61802
1.53295,565.432,13.7003,68.5453,4.11814
-3.8319,577.037,11.3124,58.9254,3.42729
-0.0702796,522.243,11.8876,60.1798,3.89188
0.00988544,589.208,13.454,68.0694,3.90275
-0.915265,500.089,11.0115,56.0968,3.7799
-3.23219,503.707,10.1156,52.4473,3.49582
-3.32671,555.17,11.1069,57.6291,3.48489
-4.39295,542.643,10.4001,54.4108,3.3649
-1.72106,586.69,12.5134,64.1357,3.67744
-4.42529,528.073,10.1077,52.894,3.36135
-0.632974,567,12.6244,64.1777,3.81678
-3.29812,546.518,10.9463,56.7835,3.48819
-3.31823,545.237,10.9119,56.6136,3.48587
-1.76792,559.784,11.9174,61.1025,3.67161
-0.156116,587.442,13.3268,67.5085,3.88028
1.83675,515.775,12.6449,63.1259,4.1632
-2.89609,565.351,11.5073,59.509,3.53508
0.405351,525.612,12.1889,61.489,3.95705
-2.51049,536.027,11.0796,57.1287,3.58091
0.938002,554.072,13.1185,65.9198,4.03196
0.202496,597.981,13.7577,69.5066,3.92906
-0.914488,596.605,13.1371,66.925,3.78001
-1.38633,577.965,12.4918,63.8633,3.71951
-1.27794,508.363,11.0346,56.3677,3.73328
0.93956,525.016,12.4313,62.466,4.03219
0.981739,522.58,12.3939,62.2591,4.03821
-4.19965,522.257,10.0879,52.6975,3.38621
-1.57009,516.65,11.0857,56.7532,3.69633
-0.989058,593.825,13.0375,66.4547,3.77035
-1.03745,568.695,12.462,63.5441,3.7641
0.673538,551.266,12.9183,65.04,3.99451
0.495038,578.151,13.4543,67.8276,3.96952
1.07092,560.728,13.3449,66.9923,4.05098
-1.10547,556.382,12.1595,62.0333,3.75535
-1.91383,549.84,11.6381,59.7366,3.65353
0.0393886,539.429,12.3316,62.377,3.90676
-3.44248,506.534,10.0869,52.3836,3.47157
1.59501,530.091,12.8749,64.3867,4.12728
-0.847654,555.419,12.2624,62.438,3.78869
0.0558902,516.291,11.8103,59.7328,3.90901
-3.90702,570.283,11.1463,58.0938,3.41884
-4.54562,522.905,9.96017,52.1712,3.3482
-0.898525,532.044,11.7229,59.7132,3.78208
-1.54515,590.389,12.6804,64.9051,3.69946
-3.7516,511.627,10.0626,52.3824,3.43635
-1.78669,528.707,11.2474,57.6756,3.66927
-1.45789,546.427,11.7768,60.2403,3.71046
-4.96507,597.811,11.195,58.833,3.30292
0.38835,515.346,11.9429,60.2555,3.95469
-2.69705,515.674,10.5799,54.63,3.55863
-0.945225,580.783,12.7732,65.0862,3.77602
-3.52066,564.493,11.2058,58.2297,3.46261
1.40827,530.215,12.785,64.0242,4.09985
0.69125,516.895,12.1212,61.019,3.997
1.92194,594.327,14.6188,72.9349,4.17596
1.59518,575.669,13.982,69.9232,4.12731
-1.70095,536.238,11.4465,58.6582,3.67995
0.612262,569.032,13.3028,67.006,3.98591
-4.06898,543.611,10.5558,55.0859,3.40073
-4.18431,515.191,9.95755,52.0104,3.38791
0.979394,581.129,13.7813,69.2294,4.03787
-2.29829,525.031,10.9445,56.3406,3.60649
-0.928531,531.567,11.6985,59.6026,3.77818
0.0201879,577.031,13.1813,66.6845,3.90415
-4.86336,599.373,11.2707,59.1832,3.31382
-2.36918,521.053,10.8309,55.7862,3.59792
-3.43118,526.516,10.4896,54.47,3.47286
-3.99181,570.959,11.1214,58.0025,3.40934
-0.549833,597.071,13.3374,67.7608,3.82774
1.46456,501.629,12.1222,60.68,4.10809
0.471177,508.647,11.8259,59.6285,3.9662
-3.35925,522.061,10.4309,54.1351,3.48114
-0.900909,588.134,12.9575,66.0034,3.78177
-1.83877,541.479,11.4953,58.9702,3.66281
-0.00489965,572.469,13.0642,66.1047,3.90074
-1.79859,591.02,12.5671,64.4486,3.6678
0.642331,545.534,12.7684,64.3002,3.99013
0.285681,569.942,13.1553,66.4225,3.9405
-0.688938,516.588,11.4766,58.3675,3.80943
-3.41531,566.957,11.3025,58.684,3.47469
-1.69456,513.821,10.9707,56.2176,3.68075
-1.06602,515.869,11.2916,57.5889,3.76042
-1.07483,585.259,12.806,65.3168,3.75929
-0.0987999,524.853,11.9336,60.4258,3.88802
-0.276417,564.388,12.7435,64.6115,3.86412
-2.11268,528.524,11.0989,57.0551,3.62909
-1.69279,507.13,10.8286,55.4887,3.68097
-2.03827,503.445,10.6036,54.4778,3.63821
0.913655,546.445,12.9256,64.9625,4.02849
-4.45224,500.046,9.56079,50.0427,3.3584
-0.0614228,573.287,13.054,66.0803,3.89308
-4.30482,533.204,10.2557,53.6181,3.37459
-3.42834,528.907,10.5384,54.7224,3.47319
-0.60675,509.648,11.3591,57.7344,3.82024
-0.816585,537.107,11.8727,60.4393,3.79274
-0.521143,593.419,13.2708,67.4079,3.83154
-2.45077,573.188,11.876,61.2069,3.58808
-1.71533,559.958,11.946,61.2247,3.67815
-2.77483,564.293,11.5415,59.6307,3.5494
1.46717,551.502,13.3287,66.7183,4.10848
-4.1846,550.93,10.6482,55.6179,3.38788
-2.45967,508.813,10.5384,54.3171,3.58701
-4.36941,534.607,10.2559,53.6461,3.36749
-1.249,578.312,12.5673,64.1831,3.73697
-1.15483,559.187,12.197,62.2478,3.74901
-3.53967,501.679,9.95131,51.7183,3.46044
0.781393,518.729,12.207,61.4103,4.00972
-4.24914,571.431,11.0157,57.5664,3.38074
-1.88645,576.642,12.2187,62.7036,3.65691
-3.17478,554.196,11.1551,57.8116,3.50248
1.64577,557.505,13.5674,67.8248,4.13479
-2.2018,506.44,10.5975,54.5146,3.61822
-3.51278,510.732,10.1418,52.6975,3.46351
-1.76312,566.376,12.06,61.8316,3.6722
0.417669,503.179,11.6743,58.8875,3.95876
-3.65236,559.245,11.0431,57.4424,3.4476
-0.120516,536.184,12.1809,61.6877,3.88509
1.56685,527.927,12.8084,64.0671,4.12313
0.864087,521.087,12.3021,61.8509,4.02144
-2.08967,589.161,12.3836,63.648,3.63191
-1.49422,588.277,12.6605,64.7786,3.70587
-0.472726,582.689,13.0557,66.2912,3.83795
-2.08734,523.18,10.9978,56.5241,3.63219
-3.07068,513.053,10.3701,53.7002,3.51461
-0.069821,504.017,11.4729,58.0804,3.89194
-0.641917,560.001,12.4641,63.3674,3.81561
-3.87432,508.464,9.95108,51.8514,3.42252
-4.92908,546.543,10.2499,53.8509,3.30678
-2.45661,545.644,11.3027,58.2548,3.58738
-3.97063,593.638,11.573,60.348,3.41171
-3.06638,553.121,11.1819,57.9022,3.51511
-1.26289,528.11,11.4701,58.5855,3.7352
0.0691269,584.178,13.3701,67.6154,3.91082
-3.53993,572.245,11.3509,58.9925,3.46041
-4.8067,542.56,10.2259,53.6728,3.31992
-2.91789,570.501,11.602,60.0088,3.53251
-4.72057,542.434,10.2592,53.8115,3.32921
-4.80421,564.727,10.6447,55.8701,3.32019
-4.42635,581.928,11.138,58.2863,3.36124
-1.08554,599.464,13.1113,66.8792,3.75791
-0.28706,527.163,11.898,60.3295,3.86269
1.05909,581.62,13.8357,69.4624,4.04928
0.587477,522.999,12.2148,61.5372,3.98243
0.303551,552.206,12.7548,64.3919,3.94297
0.775251,500.406,11.773,59.2296,4.00885
1.05251,541.525,12.8786,64.6604,4.04834
-2.16523,516.632,10.8265,55.6771,3.62267
-1.81748,543.301,11.5437,59.209,3.66545
1.57509,569.344,13.8176,69.1112,4.12434
1.2079,520.356,12.4501,62.4382,4.07072
-3.32707,520.125,10.4056,53.9907,3.48485
-2.45468,589.655,12.2153,62.9574,3.58761
1.66785,550.24,13.402,66.9874,4.13806
-3.51866,529.661,10.5152,54.6402,3.46284
-4.16008,525.306,10.163,53.0734,3.3906
1.18693,578.476,13.8294,69.3661,4.06769
-2.83767,539.121,10.999,56.8552,3.54197
-2.79734,592.096,12.0993,62.5232,3.54674
-3.64411,500.674,9.88979,51.4401,3.44854
-0.859544,582.377,12.8516,65.4437,3.78714
-1.37391,540.822,11.6947,59.7829,3.72108
-4.5278,561.569,10.7043,56.0614,3.35015
-1.90626,548.179,11.6064,59.5707,3.65446
-3.63824,564.986,11.1628,58.0588,3.44921
-1.59834,535.892,11.4857,58.8136,3.69278
-2.27772,562.007,11.7248,60.3483,3.60899
1.55724,503.016,12.1994,61.0254,4.12171
-0.550348,539.859,12.0592,61.2668,3.82768
-2.74078,579.234,11.8632,61.2769,3.55344
-1.21474,519.753,11.3101,57.7473,3.74135
-3.52047,517.382,10.2707,53.3703,3.46263
1.08385,514.254,12.245,61.465,4.05284
-2.33333,597.893,12.4459,64.087,3.60225
-4.5683,595.237,11.3275,59.3439,3.34573
0.820273,596.845,14.0666,70.745,4.01523
-0.133652,514.102,11.6732,59.1226,3.88331
-1.88129,516.583,10.9483,56.1821,3.65755
-0.827692,555.579,12.2756,62.4958,3.79129
-2.26555,574.468,11.9906,61.7106,3.61047
-4.0086,539.107,10.4939,54.7369,3.40747
-4.92042,530.858,9.95926,52.3202,3.3077
1.97046,544.494,13.4182,66.9213,4.18326
0.868944,539.278,12.7339,64.0199,4.02213
-2.09606,525.518,11.0431,56.7609,3.63112
1.50073,586.239,14.1867,70.9956,4.1134
-0.89645,548.527,12.087,61.5672,3.78235
0.258854,589.592,13.5946,68.6541,3.93681
1.28857,579.458,13.9077,69.707,4.08241
-4.59603,524.677,9.97356,52.262,3.34272
-3.7251,558.677,10.9996,57.2488,3.43935
1.12837,590.847,14.0931,70.7189,4.05924
1.07889,563.461,13.414,67.3357,4.05213
1.11418,534.142,12.7335,63.9032,4.0572
-0.136932,548.201,12.4459,63.0374,3.88287
-2.82171,592.236,12.0904,62.4888,3.54385
0.835377,521.479,12.2976,61.8413,4.01737
-2.35158,587.656,12.2239,62.9527,3.60005
-4.51212,505.734,9.64615,50.5132,3.35186
0.334933,578.824,13.386,67.563,3.9473
0.87394,524.491,12.3872,62.2743,4.02284
-1.08911,523.591,11.4502,58.4078,3.75745
-2.6413,538.203,11.0667,57.1193,3.56527
-0.381804,525.497,11.8164,59.9579,3.85004
-1.33694,567.378,12.2869,62.7927,3.72578
-4.53834,545.595,10.3954,54.448,3.349
1.43588,531.073,12.8195,64.1837,4.10389
-2.83374,560.501,11.437,59.1175,3.54243
-1.69789,515.007,10.9946,56.3413,3.68033
-0.926354,501.724,11.0427,56.2603,3.77847
-0.239484,541.944,12.2544,62.1151,3.86907
-1.41256,572.876,12.3689,63.2479,3.71619
-1.8507,550.727,11.6861,59.9544,3.66133
1.33856,572.905,13.7771,69.0273,4.08968
-2.25045,560.633,11.7089,60.2536,3.6123
-4.81779,530.71,9.99801,52.4814,3.31872
-4.06646,527.953,10.2528,53.5036,3.40101
-1.65276,535.059,11.4431,58.6198,3.68597
1.14559,597.525,14.2619,71.557,4.06172
-3.20487,559.704,11.2524,58.3293,3.49898
0.888648,576.648,13.6268,68.4988,4.02493
-3.74966,530.328,10.4312,54.3005,3.43657
-2.08663,510.989,10.7418,55.2083,3.63228
0.421205,546.097,12.6718,63.9175,3.95925
0.0464228,572.027,13.0804,66.1613,3.90772
-1.85762,522.835,11.0912,56.9053,3.66048
-1.76508,592.832,12.6224,64.7157,3.67196
0.0748815,591.796,13.5475,68.5097,3.9116
-2.20752,537.551,11.246,57.8528,3.61752
-3.61675,538.777,10.6542,55.4041,3.45165
-2.45407,538.497,11.1557,57.4964,3.58769
-0.653998,571.618,12.7167,64.6572,3.81402
1.17173,575.807,13.7575,69.013,4.0655
-1.48184,596.583,12.8456,65.7193,3.70744
0.383029,588.497,13.6353,68.7969,3.95396
-0.551212,539.503,12.0508,61.2248,3.82756
-3.08312,595.285,12.0262,62.2822,3.51315
-3.11522,573.728,11.5758,59.9645,3.50941
-1.17636,574.497,12.5203,63.908,3.74626
0.657747,523.354,12.2567,61.7159,3.99229
-2.4078,539.357,11.1942,57.6741,3.59326
1.51246,518.882,12.5624,62.8617,4.11512
-4.10452,597.276,11.5813,60.454,3.39677
-3.27377,572.366,11.4753,59.5161,3.491
1.89781,593.421,14.5829,72.7685,4.17234
1.21885,539.224,12.9071,64.7245,4.07231
0.234344,592.328,13.6446,68.9191,3.93344
-1.16734,558.087,12.167,62.1004,3.74741
-4.77319,583.21,11.0069,57.7572,3.32353
1.9145,532.771,13.1009,65.3656,4.17485
1.14399,532.343,12.7054,63.7479,4.06149
-0.352393,509.95,11.48,58.2385,3.85396
0.900028,533.448,12.6115,63.39,4.02655
-2.24129,508.998,10.6343,54.7203,3.61341
-4.56494,544.723,10.3676,54.3138,3.3461
-4.02973,553.155,10.7582,56.1246,3.40511
0.952956,524.186,12.4181,62.3936,4.0341
1.40258,541.876,13.0633,65.4206,4.09902
-2.89301,506.353,10.3077,53.3042,3.53544
0.368983,559.179,12.9489,65.3405,3.95201
-3.19494,509.161,10.2404,53.0791,3.50014
-1.41872,597.706,12.9019,65.9762,3.71541
-1.37006,526.496,11.3867,58.2065,3.72157
-3.50727,578.689,11.4938,59.72,3.46414
0.798232,521.556,12.2816,61.7778,4.01211
-3.0456,542.167,10.9696,56.7936,3.51754
-2.28214,540.055,11.2649,57.9829,3.60845
-4.76914,578.206,10.9143,57.2692,3.32397
0.637215,509.224,11.9162,60.0107,3.98941
1.894,585.033,14.3747,71.7314,4.17177
1.92655,550.979,13.555,67.625,4.17666
-4.80351,566.993,10.6877,56.0956,3.32026
-2.373,505.336,10.5026,54.0968,3.59746
0.254484,549.475,12.6674,63.9738,3.93621
-2.97432,555.581,11.2731,58.333,3.52588
-0.160133,504.575,11.445,57.9781,3.87974
0.538996,588.593,13.7208,69.1489,3.97565
0.197102,562.612,12.9412,65.3843,3.92832
1.7144,531.376,12.9659,64.7857,4.14496
-0.394908,593.183,13.3315,67.6524,3.84829
-4.54707,533.568,10.1627,53.2325,3.34804
-0.234797,541.218,12.2403,62.0411,3.8697
-4.27447,551.589,10.6223,55.5217,3.37794
-3.67841,546.028,10.7708,56.0375,3.44465
-3.87357,555.233,10.8667,56.6222,3.4226
-0.838647,548.25,12.1085,61.6498,3.78986
1.23429,597.997,14.3224,71.8141,4.07454
1.3895,540.761,13.0298,65.259,4.09711
1.65237,542.753,13.2118,66.0438,4.13576
-4.82952,553.227,10.4173,54.6872,3.31746
-2.64511,504.467,10.3715,53.5323,3.56481
-3.54913,551.049,10.9265,56.7904,3.45936
-1.71008,556.943,11.8841,60.9053,3.67881
1.9534,575.026,14.1613,70.636,4.18069
-1.0836,534.537,11.6921,59.6394,3.75816
-4.28383,563.546,10.8485,56.708,3.37691
-0.908653,587.593,12.9416,65.9263,3.78076
-2.98015,574.922,11.6628,60.3523,3.5252
-1.07154,520.33,11.3868,58.0767,3.75971
-0.543026,530.789,11.86,60.2516,3.82864
-1.5156,574.919,12.3626,63.2644,3.70318
-4.65093,552.765,10.4842,54.9612,3.33675
-1.31993,568.193,12.3129,62.9171,3.72794
1.68429,527.675,12.8606,64.2736,4.14049
-1.53014,596.35,12.816,65.592,3.70135
-3.11849,538.05,10.8546,56.2296,3.50903
-3.34396,592.862,11.8528,61.5073,3.4829
-0.759859,521.87,11.5617,58.831,3.80014
0.0340109,505.663,11.5573,58.4626,3.90603
-4.22477,592.432,11.4318,59.7294,3.38343
-4.23532,533.113,10.2828,53.7304,3.38227
-1.15434,548.108,11.9556,61.0154,3.74908
-2.3694,551.454,11.4628,59.0407,3.59789
0.309198,549.5,12.6951,64.0879,3.94375
-1.21388,579.073,12.6013,64.3398,3.74146
-0.255167,552.098,12.4764,63.2473,3.86697
-2.06272,503.861,10.602,54.48,3.63521
1.15851,554.628,13.2447,66.4469,4.06359
-3.35718,510.668,10.2041,52.9572,3.48137
-1.00429,542.864,11.9115,60.7221,3.76838
-4.81322,542.795,10.2276,53.6846,3.31922
-0.235817,546.848,12.3671,62.6844,3.86956
-1.23285,541.884,11.7832,60.1713,3.73903
-0.738067,508.119,11.2667,57.3208,3.80299
-1.83842,550.2,11.6806,59.9206,3.66285
-2.32712,569.46,11.857,61.0515,3.603
0.750111,508.487,11.9514,60.1382,4.0053
-0.549485,513.112,11.4621,58.233,3.82779
0.502843,545.156,12.6903,63.9725,3.97061
1.98705,511.846,12.6217,62.9415,4.18576
-0.252117,529.679,11.9712,60.6849,3.86738
1.87723,544.991,13.3821,66.7865,4.16926
-2.77584,567.43,11.6052,59.9603,3.54928
-4.38556,535.672,10.2696,53.7247,3.36571
0.713055,586.798,13.7721,69.3187,4.00007
-2.95663,520.198,10.5626,54.6492,3.52796
-3.05113,557.022,11.2676,58.3393,3.51689
-4.10723,537.268,10.4166,54.3754,3.39647
-2.16441,568.975,11.9238,61.3197,3.62277
0.17019,530.518,12.1901,61.6019,3.92463
-3.96296,532.799,10.3902,54.1768,3.41257
-2.66505,503.031,10.3337,53.3456,3.56244
-0.275959,529.613,11.9585,60.6314,3.86418
-3.58911,519.782,10.29,53.4987,3.4548
-3.26474,556.814,11.1675,57.9159,3.49205
0.0649574,540.554,12.3697,62.558,3.91025
-1.03993,501.04,10.9783,55.9801,3.76378
-0.0716514,516.665,11.76,59.5344,3.89169
-3.5958,561.427,11.1114,57.7725,3.45404
1.07876,521.591,12.4172,62.3318,4.05211
-0.129008,510.622,11.5963,58.731,3.88394
-4.02617,542.689,10.5561,55.0691,3.4055
-4.90517,590.552,11.086,58.2326,3.30934
1.84835,514.372,12.6162,62.9771,4.16493
1.98746,505.455,12.4643,62.1564,4.18582
0.536792,590.764,13.7703,69.3991,3.97535
-4.89741,510.269,9.58194,50.3289,3.31017
-0.467014,559.282,12.534,63.6398,3.83871
-0.0927887,591.667,13.4559,68.131,3.88883
-1.761,502.987,10.7112,54.9151,3.67247
-0.569615,558.16,12.4585,63.3049,3.82513
-1.3402,561.532,12.1588,62.1393,3.72536
0.0249456,530.946,12.1308,61.368,3.9048
-4.05133,563.158,10.9432,57.0994,3.4027
-2.71768,590.456,12.1042,62.5106,3.55618
-2.56869,524.402,10.8142,55.785,3.57394
-0.309002,588.295,13.2663,67.2787,3.85976
-2.99526,530.414,10.7534,55.6529,3.52343
0.232899,588.17,13.548,68.4322,3.93324
-3.57662,536.613,10.6285,55.2534,3.45622
-2.47641,553.556,11.4575,59.0617,3.585
-4.40513,537.842,10.3031,53.908,3.36356
0.60989,545.331,12.7476,64.2103,3.98557
-2.66647,547.352,11.2436,58.0431,3.56227
1.86591,585.155,14.3621,71.6831,4.16756
0.534947,580.266,13.5246,68.1619,3.97509
0.240865,578.229,13.3232,67.2926,3.93433
-0.22381,540.22,12.223,61.9483,3.87117
0.0494573,509.278,11.6469,58.9094,3.90814
0.995948,528.366,12.5381,62.9766,4.04024
-2.08184,524.643,11.0309,56.6923,3.63286
1.30959,552.582,13.2735,66.5179,4.08547
-1.94254,526.747,11.1366,57.175,3.64998
0.000122617,528.283,12.0582,61.0121,3.90142
1.30623,566.228,13.5995,68.1534,4.08498
0.420662,519.569,12.056,60.8115,3.95918
-3.03201,581.107,11.7638,60.8994,3.51913
-4.18287,573.895,11.0928,57.9396,3.38807
-0.722035,517.64,11.485,58.4246,3.80509
-2.33081,517.306,10.7695,55.4535,3.60256
-1.10005,555.334,12.1392,61.9272,3.75604
-2.46642,581.212,12.0347,62.0325,3.5862
-0.144264,503.369,11.4248,57.8686,3.88188
1.03223,524.013,12.4523,62.5293,4.04543
-3.69099,543.982,10.725,55.8047,3.44322
-3.77832,577.509,11.3461,59.0764,3.43333
-0.929938,504.189,11.0954,56.5302,3.778
-4.48017,518.166,9.89606,51.8089,3.35535
-3.88697,541.395,10.5902,55.187,3.42109
-1.16294,502.585,10.9589,55.9324,3.74797
-1.18678,517.659,11.2769,57.5661,3.74492
0.569443,593.332,13.8477,69.7729,3.97991
-1.18818,538.681,11.7342,59.9011,3.74474
1.23468,521.952,12.5013,62.6826,4.0746
-2.03346,573.619,12.0839,62.081,3.6388
1.47319,553.916,13.3902,67.023,4.10936
-1.4729,566.961,12.2121,62.474,3.70856
-1.02235,554.908,12.1671,62.0335,3.76605
-1.77209,512.961,10.9188,55.9841,3.67109
-2.76307,540.974,11.0698,57.1882,3.55079
1.78757,539.354,13.1979,65.9098,4.15585
1.00289,504.844,11.9831,60.1863,4.04123
-1.91799,528.631,11.1873,57.4247,3.65301
0.179587,584.283,13.4305,67.8651,3.92592
1.12379,569.229,13.575,68.1215,4.05858
-0.606349,564.616,12.5845,63.9622,3.82029
0.113544,571.513,13.103,66.2429,3.91688
-3.68874,590.279,11.6389,60.5585,3.44347
-4.30079,530.839,10.2119,53.3873,3.37504
-2.88458,517.661,10.5414,54.5094,3.53644
-3.51662,526.482,10.453,54.3159,3.46307
-4.44752,553.542,10.5857,55.405,3.35892
1.56441,540.613,13.1149,65.6015,4.12277
-1.20815,596.309,12.9793,66.2671,3.74219
-2.44603,501.488,10.3924,53.5587,3.58865
-1.76843,520.399,11.0787,56.8026,3.67154
-1.47219,531.479,11.4481,58.5655,3.70865
1.85081,598.105,14.6713,73.2346,4.1653
-0.802142,514.68,11.3834,57.9424,3.79462
-2.85251,527.937,10.7645,55.6491,3.54022
-4.47621,549.958,10.5049,54.9947,3.35578
1.04956,503.509,11.9731,60.1156,4.04792
0.213954,584.901,13.4628,68.011,3.93063
-3.76931,575.378,11.3083,58.8756,3.43435
-3.4506,510.4,10.1606,52.7696,3.47063
0.249181,586.865,13.5266,68.3156,3.93548
0.41053,514.026,11.9226,60.1434,3.95777
0.606432,556.491,13.0067,65.5172,3.98509
-0.118828,572.894,13.0157,65.9147,3.88531
-4.49457,591.553,11.291,59.1187,3.35377
-4.74752,591.92,11.183,58.669,3.3263
-0.566198,596.259,13.3107,67.6333,3.82558
-2.84052,571.243,11.653,60.2372,3.54163
-4.65985,509.889,9.66745,50.6833,3.33579
-1.92092,562.248,11.8974,61.0708,3.65265
1.37878,591.223,14.2398,71.3248,4.09555
-3.07035,580.363,11.7308,60.7461,3.51464
0.313119,528.427,12.2101,61.6378,3.94429
1.39048,548.725,13.2223,66.2222,4.09726
-4.49892,584.134,11.1475,58.369,3.3533
-0.212237,554.686,12.556,63.6305,3.87273
-0.870714,504.898,11.1369,56.7168,3.78569
-2.16741,583.981,12.2369,62.9309,3.62241
-2.6564,564.722,11.605,59.9045,3.56347
-3.26108,504.053,10.1108,52.4343,3.49247
-3.55308,544.018,10.7853,56.0587,3.45891
-0.607758,580.373,12.9349,65.7442,3.8201
0.0478534,500.101,11.4363,57.845,3.90792
-2.17463,540.235,11.317,58.2033,3.62153
-0.269897,571.817,12.9145,65.4755,3.86499
0.62508,563.673,13.1841,66.4019,3.9877
-4.29315,582.484,11.2088,58.5959,3.37588
-3.70853,582.567,11.4777,59.7289,3.44123
-2.46063,566.247,11.7276,60.4465,3.5869
-4.34096,590.398,11.3392,59.2996,3.37061
1.94638,520.136,12.806,63.8793,4.17964
0.333699,505.119,11.6809,58.9575,3.94713
1.65047,536.534,13.0594,65.2832,4.13548
-1.2579,561.999,12.2085,62.3549,3.73584
-2.66,531.077,10.912,56.3289,3.56304
-3.29057,526.769,10.554,54.745,3.48906
0.88471,534.871,12.6376,63.5284,4.02437
-2.55593,563.297,11.6222,59.9472,3.57546
-3.92174,505.032,9.86507,51.4222,3.41719
0.169738,526.595,12.0998,61.1455,3.92457
-4.44784,534.282,10.2172,53.4766,3.35888
-2.64521,505.818,10.3992,53.6755,3.5648
-2.55381,530.262,10.9416,56.4355,3.57572
-1.40636,548.095,11.8368,60.524,3.71697
-4.2317,544.718,10.5081,54.9065,3.38267
-1.40849,521.398,11.2593,57.5719,3.7167
-0.253521,554.473,12.5309,63.5227,3.86719
0.917365,521.535,12.3382,62.0084,4.02902
-2.44287,525.666,10.8948,56.1467,3.58903
-0.766042,576.631,12.7718,64.9916,3.79933
0.0978324,591.056,13.5428,68.4739,3.91473
-1.12462,530.368,11.5822,59.0967,3.75289
-1.92533,562.647,11.9038,61.1054,3.65211
-2.25995,540.664,11.2875,58.0897,3.61115
1.88534,546.953,13.4345,67.0441,4.17047
-1.10493,584.116,12.7659,65.1266,3.75542
1.2605,561.194,13.4547,67.4501,4.07834
-0.832203,521.818,11.5276,58.6896,3.7907
-2.16038,548.021,11.4865,59.0691,3.62326
-1.21725,573.711,12.483,63.7372,3.74102
-3.34524,533.693,10.6693,55.3664,3.48275
-3.257,551.744,11.0692,57.4029,3.49294
-1.32645,529.938,11.4809,58.6688,3.72711
-3.67967,592.14,11.6798,60.7674,3.4445
-2.73024,588.25,12.0529,62.2518,3.55469
-0.739148,538.506,11.94,60.7466,3.80285
1.20856,511.256,12.2327,61.3474,4.07082
-0.128232,526.529,11.9579,60.5621,3.88404
-2.38264,556.609,11.5638,59.5672,3.59629
1.3338,557.952,13.4151,67.2156,4.08899
-2.67828,577.177,11.8506,61.1825,3.56086
-0.733728,567.275,12.5805,64.003,3.80356
0.49115,511.917,11.9112,60.0498,3.96898
1.77597,573.756,14.0334,70.0882,4.15412
-1.02224,530.278,11.6271,59.2804,3.76606
-1.89181,503.378,10.664,54.7275,3.65625
1.86838,578.277,14.1946,70.8459,4.16793
-0.114824,550.796,12.5156,63.3803,3.88585
-3.44559,560.076,11.1517,57.9148,3.47121
-1.9723,524.158,11.0688,56.8396,3.64632
1.33019,563.836,13.5546,67.9167,4.08846
1.57703,565.576,13.7272,68.6579,4.12463
1.95305,542.786,13.3671,66.6749,4.18064
0.449116,542.749,12.6079,63.5818,3.96313
-0.0683368,573.69,13.0596,66.1122,3.89214
-1.71947,535.415,11.4205,58.5335,3.67764
-1.61285,595.106,12.7475,65.2819,3.69096
-4.77671,551.382,10.4048,54.5989,3.32315
1.68471,544.109,13.2614,66.2762,4.14056
-3.1188,549.406,11.0835,57.4158,3.50899
-3.81344,575.367,11.2881,58.7902,3.42937
-3.07984,540.52,10.9213,56.5584,3.51354
-3.87069,574.546,11.246,58.5972,3.42292
-3.08629,519.046,10.4847,54.3001,3.51278
0.888924,596.376,14.0931,70.843,4.02497
-0.702513,539.493,11.9791,60.9291,3.80765
-0.807077,502.379,11.1092,56.5486,3.79398
0.140887,590.949,13.5632,68.5552,3.92062
-4.21708,517.949,9.99763,52.2331,3.38428
-4.92831,550.256,10.3199,54.2181,3.30686
-1.72379,585.345,12.4834,63.9831,3.6771
-0.551548,595.507,13.3016,67.5795,3.82752
-4.43666,548.303,10.4901,54.9,3.36011
1.78199,513.985,12.5744,62.7987,4.15502
1.14674,597.429,14.2603,71.5481,4.06189
-4.49783,546.332,10.4265,54.5936,3.35342
-2.89205,510.566,10.3938,53.7494,3.53556
-4.9785,578.677,10.8308,56.925,3.30149
-4.73989,568.951,10.7523,56.4065,3.32712
-3.99761,501.015,9.75673,50.8875,3.40869
-2.35456,544.563,11.3262,58.3307,3.59968
0.391659,552.023,12.7945,64.5506,3.95515
-3.65557,502.341,9.91815,51.5922,3.44724
-0.794596,541.873,11.9884,61.0184,3.7956
-4.88389,584.232,10.9769,57.6495,3.31162
-3.69531,510.212,10.0575,52.3331,3.44273
-3.63384,508.475,10.048,52.259,3.44971
-4.209,565.074,10.9108,57.0005,3.38518
-1.14576,529.107,11.545,58.9163,3.75018
-0.00381019,565.076,12.8961,65.2532,3.90089
1.08739,531.058,12.6468,63.4804,4.05335
0.393523,575.89,13.3487,67.3454,3.95541
-0.587275,541.357,12.0751,61.3646,3.8228
-1.34712,555.287,12.0202,61.4345,3.72448
-4.21257,526.505,10.1646,53.1037,3.38478
-1.57602,578.698,12.4141,63.5569,3.69558
-3.78381,518.664,10.1878,53.0474,3.43271
-1.37955,514.648,11.1263,56.8794,3.72037
-4.45413,523.62,10.0108,52.3987,3.3582
-2.33418,593.999,12.3645,63.6678,3.60215
-4.68171,593.109,11.2353,58.9133,3.33342
-4.39621,535.905,10.2697,53.7294,3.36454
-2.04008,519.959,10.9506,56.2616,3.63798
1.63981,532.167,12.9478,64.73,4.1339
1.65591,586.446,14.2773,71.3684,4.13629
-3.31081,556.786,11.1463,57.8266,3.48672
1.78667,518.595,12.6895,63.3712,4.15572
-1.57212,564.008,12.1008,61.9513,3.69607
-0.633513,547.545,12.1909,61.9747,3.81671
1.6806,572.796,13.9583,69.7614,4.13995
-2.76846,537.57,10.9977,56.8185,3.55016
0.125575,503.758,11.5551,58.4118,3.91852
-1.75199,572.398,12.1936,62.5113,3.67359
0.803561,592.812,13.9624,70.2299,4.01286
-1.65089,597.183,12.7727,65.4299,3.6862
-2.21512,598.709,12.5217,64.4191,3.61659
-0.829003,512.857,11.3311,57.6876,3.79112
-1.59848,591.063,12.6681,64.8683,3.69277
0.770299,551.557,12.9739,65.2737,4.00815
-1.51257,537.21,11.5531,59.1206,3.70356
0.742313,514.723,12.0943,60.8608,4.0042
-2.27541,569.907,11.8908,61.2012,3.60927
-3.71496,598.077,11.7802,61.3063,3.4405
-1.43439,594.098,12.8161,65.5451,3.71343
-3.99702,534.153,10.4023,54.2543,3.40876
0.0154669,554.599,12.6665,64.0826,3.90351
-1.4194,538.408,11.6216,59.4295,3.71532
0.815175,507.177,11.9509,60.1068,4.0145
-0.124764,548.119,12.4499,63.0523,3.88451
0.254961,593.2,13.6757,69.0658,3.93627
-2.93031,526.577,10.7034,55.3664,3.53105
-3.86182,507.925,9.94555,51.8176,3.42392
-0.761287,532.815,11.8035,60.0622,3.79996
0.483947,560.25,13.0321,65.7044,3.96798
1.64019,508.852,12.3807,61.8948,4.13396
0.773753,540.93,12.7257,64.0231,4.00864
1.76629,516.256,12.6223,63.045,4.15268
-2.66427,580.198,11.9193,61.5305,3.56253
1.6164,562.956,13.6845,68.4247,4.13044
1.74893,521.916,12.7521,63.7014,4.1501
-1.70663,503.297,10.7409,55.0449,3.67924
-2.32504,529.749,11.0311,56.7979,3.60325
0.809379,509.258,11.9972,60.3423,4.01368
-3.30409,593.185,11.8782,61.6203,3.4875
-4.35949,565.396,10.8509,56.754,3.36858
-0.189666,555.507,12.5857,63.7705,3.87577
-3.76096,582.578,11.4537,59.6285,3.4353
-1.60889,585.811,12.5503,64.2704,3.69146
1.72123,580.087,14.1582,70.7397,4.14598
-0.651594,583.672,12.9861,66.0256,3.81433
-1.2842,526.423,11.4238,58.3586,3.73248
1.41745,536.694,12.9459,64.8254,4.1012
1.89437,533.316,13.1041,65.391,4.17183
-4.8923,537.598,10.0972,53.0333,3.31072
-3.02106,557.115,11.2831,58.4057,3.52041
-0.958032,549.553,12.0803,61.5612,3.77436
-2.98704,513.384,10.4116,53.8804,3.52439
0.174866,548.338,12.6019,63.6805,3.92527
0.693583,525.88,12.333,62.0842,3.99733
-4.83601,539.342,10.1531,53.3033,3.31676
-1.84518,548.324,11.6377,59.7034,3.66202
-4.41067,517.853,9.91792,51.8951,3.36296
-4.04278,565.955,11.0013,57.399,3.40365
-3.43319,587.721,11.708,60.7979,3.47263
-1.30504,585.155,12.6879,64.8262,3.72983
0.829372,583.561,13.7584,69.1903,4.01652
0.156678,558.573,12.828,64.8317,3.92278
-2.30865,550.53,11.4713,59.0571,3.60524
-1.16489,551.975,12.0349,61.4252,3.74772
1.78406,555.15,13.5826,67.8326,4.15533
-1.5426,551.318,11.8424,60.6148,3.69978
0.679834,535.155,12.5438,63.1517,3.9954
-2.51463,585.741,12.1052,62.4188,3.58041
-2.41109,561.73,11.657,60.0601,3.59286
-1.61474,542.654,11.623,59.5244,3.69073
-2.88059,506.32,10.3121,53.3221,3.53691
0.411151,566.258,13.1345,66.2561,3.95786
-4.30261,584.65,11.2462,58.7956,3.37484
1.77321,530.798,12.9813,64.835,4.15371
1.93938,594.639,14.6363,73.0131,4.17859
0.509712,510.79,11.8935,59.9528,3.97157
1.187,508.846,12.1649,61.0169,4.0677
1.40401,566.725,13.6632,68.4237,4.09923
1.07046,576.22,13.7133,68.8422,4.05092
-4.68609,557.426,10.5575,55.361,3.33294
1.84196,594.522,14.5785,72.7757,4.16398
-2.32911,545.365,11.3544,58.4645,3.60276
-4.56625,526.048,10.0117,52.4495,3.34596
0.19874,553.883,12.7412,64.3732,3.92855
-0.697577,509.833,11.3227,57.5884,3.8083
-3.32983,535.4,10.71,55.5712,3.48453
1.54508,572.373,13.875,69.4132,4.11992
1.99232,545.927,13.4649,67.1435,4.18656
0.487638,575.354,13.3854,67.4837,3.96849
-3.17447,554.45,11.1604,57.8387,3.50251
-2.05588,502.597,10.5783,54.3554,3.63605
-0.281278,598.57,13.5127,68.5141,3.86347
-3.56193,546.025,10.8213,56.2493,3.4579
-3.56505,537.61,10.6532,55.3768,3.45754
0.375232,532.487,12.3338,62.2338,3.95288
-0.220369,551.717,12.4848,63.2737,3.87164
0.429681,512.009,11.8847,59.9438,3.96043
-4.18828,509.092,9.83809,51.3881,3.38747
-3.72665,584.72,11.5117,59.9145,3.43918
-1.31567,539.645,11.6962,59.7641,3.72848
-3.80273,568.338,11.155,58.0921,3.43058
-2.46003,532.308,11.0249,56.8247,3.58697
1.00888,519.207,12.3269,61.9103,4.04209
1.83474,590.273,14.4702,72.2392,4.1629
-0.801279,533.817,11.8071,60.0984,3.79473
-4.8654,570.904,10.7345,56.3684,3.3136
-2.11695,507.494,10.6555,54.7773,3.62857
-1.34493,543.939,11.7756,60.1833,3.72476
-0.535088,578.933,12.9398,65.7331,3.82969
-4.11398,557.982,10.8153,56.4595,3.39572
-0.397653,583.765,13.1184,66.5725,3.84793
0.83958,594.823,14.0294,70.5483,4.01796
-2.85745,520.17,10.604,54.8216,3.53963
-3.01326,522.884,10.5931,54.8309,3.52132
0.864377,599.485,14.1531,71.157,4.02148
-4.84074,509.678,9.59286,50.3638,3.31625
-0.986164,597.563,13.1211,66.8792,3.77072
-4.48132,524.541,10.0173,52.4443,3.35522
-0.441127,526.906,11.8205,60.0052,3.84215
-2.9761,558.197,11.3254,58.6043,3.52568
-3.5541,558.647,11.0749,57.5642,3.45879
-0.627222,514.657,11.4615,58.2638,3.81754
-1.54574,527.44,11.3281,57.9837,3.69939
0.72587,582.423,13.6763,68.8298,4.00188
-2.14323,551.562,11.5687,59.4836,3.62536
0.236792,576.508,13.2814,67.0836,3.93377
1.38987,533.891,12.8645,64.4308,4.09717
-3.94445,549.569,10.7252,55.9156,3.41464
-3.66882,535.156,10.5604,54.9388,3.44573
-3.84391,597.194,11.7019,60.96,3.42594
-3.19229,583.41,11.7349,60.8247,3.50044
-1.6516,532.124,11.3809,58.3004,3.68611
-0.052502,592.362,13.493,68.2984,3.89428
-4.70491,588.321,11.1342,58.3935,3.33091
-1.59755,522.269,11.194,57.32,3.69288
-0.732575,524.448,11.6313,59.1731,3.80371
0.374198,587.409,13.6054,68.6504,3.95273
1.21799,530.024,12.6864,63.6185,4.07218
-2.08294,597.636,12.5651,64.5776,3.63273
-4.66892,552.308,10.4678,54.8835,3.3348
0.738676,578.681,13.5952,68.4153,4.00369
-4.50924,588.863,11.233,58.8217,3.35217
-0.427887,580.839,13.0372,66.1751,3.84391
1.99287,585.999,14.4535,72.0733,4.18664
1.31069,592.993,14.2448,71.3849,4.08563
-1.90083,588.761,12.4684,63.9919,3.65513
-4.81426,537.014,10.1182,53.1109,3.3191
-4.87615,587.388,11.0396,57.9756,3.31245
-1.59111,559.223,11.9892,61.3884,3.69369
-1.43113,537.181,11.5897,59.2718,3.71384
-0.767426,582.523,12.9015,65.6527,3.79915
-1.24998,598.071,12.9962,66.3739,3.73685
-3.09215,502.442,10.1469,52.5531,3.5121
-3.44421,522.845,10.411,54.0674,3.47137
-3.48198,573.783,11.408,59.2623,3.46704
-2.23643,596.08,12.4561,64.0922,3.614
-2.77907,554.733,11.3441,58.6124,3.5489
-2.82944,518.532,10.5825,54.6985,3.54294
1.24346,581.066,13.9219,69.801,4.07587
-0.818238,563.869,12.4634,63.4474,3.79252
-1.02778,531.346,11.648,59.3892,3.76535
0.919202,501.256,11.8593,59.6007,4.02928
-1.77646,534.583,11.377,58.3358,3.67054
-4.82479,561.929,10.5831,55.5559,3.31797
-2.17081,590.14,12.3642,63.5876,3.62199
-2.64777,590.827,12.1457,62.6911,3.5645
-0.184104,575.219,13.0351,66.0451,3.87651
-2.35512,543.64,11.3068,58.2308,3.59962
-1.06108,583.658,12.7779,65.1668,3.76106
-2.98954,582.987,11.822,61.1803,3.5241
-4.91642,566.354,10.6269,55.826,3.30813
-0.393934,577.024,12.9688,65.8115,3.84842
-3.68782,535.734,10.5638,54.9643,3.44358
-4.65129,519.731,9.85746,51.676,3.33671
-4.23113,545.034,10.5145,54.9393,3.38273
1.02561,519.254,12.3361,61.9485,4.04448
-0.21285,566.308,12.8187,64.9625,3.87265
-0.711189,536.636,11.9116,60.5897,3.80651
-4.97542,512.253,9.5888,50.3959,3.30182
-4.00944,571.999,11.1338,58.0749,3.40737
-2.59025,503.522,10.3747,53.5266,3.57136
-1.4986,536.95,11.5539,59.1183,3.70532
-0.730423,599.187,13.29,67.6106,3.80399
-1.63258,587.425,12.5731,64.3985,3.68849
-3.01809,501.946,10.167,52.6271,3.52076
0.57712,554.644,12.9487,65.2392,3.98098
-2.97217,570.208,11.5709,59.8729,3.52614
1.50808,520.956,12.6105,63.1042,4.11448
-4.09967,515.727,10.002,52.2081,3.39731
-1.51084,545.163,11.7249,59.9991,3.70378
1.91201,585.65,14.3999,71.8477,4.17447
-1.85814,569.041,12.0712,61.9334,3.66041
1.92029,548.57,13.4924,67.3161,4.17572
-1.83581,557.949,11.8464,60.7696,3.66318
-4.07851,586.093,11.3764,59.3723,3.39967
-4.9539,507.361,9.50552,49.9497,3.30412
0.138032,510.181,11.7081,59.18,3.92023
-0.967043,537.079,11.8019,60.1465,3.7732
-2.54974,565.109,11.6625,60.1521,3.57621
-3.37283,526.693,10.5177,54.5914,3.47957
0.0269714,592.056,13.5281,68.4356,3.90507
-1.97404,554.44,11.7075,60.12,3.6461
-1.31491,574.927,12.4613,63.673,3.72858
-2.95452,554.619,11.2625,58.2692,3.52821
1.51528,565.731,13.6981,68.5434,4.11554
-1.7208,533.944,11.3885,58.3701,3.67747
-0.402068,514.651,11.5633,58.6825,3.84734
-4.74216,527.877,9.97517,52.3304,3.32688
-1.11772,525.014,11.4684,58.5131,3.75377
-1.10792,550.595,12.0318,61.3833,3.75503
-3.0742,581.408,11.7501,60.8479,3.51419
-4.69301,510.552,9.66703,50.6943,3.33219
-2.91951,501.371,10.1954,52.7345,3.53232
0.619338,505.484,11.8204,59.5362,3.9869
1.56911,523.874,12.7111,63.5797,4.12346
-0.039976,540.732,12.323,62.3704,3.89598
-3.9551,505.078,9.85272,51.3711,3.41345
1.44462,596.485,14.4033,72.109,4.10517
1.87846,517.151,12.6991,63.3774,4.16944
-1.17264,573.017,12.4899,63.751,3.74673
0.138984,549.341,12.6072,63.7244,3.92036
-4.25204,534.421,10.301,53.833,3.38042
-0.680271,549.32,12.208,62.0829,3.81057
0.206827,563.292,12.9618,65.4835,3.92966
1.43353,502.7,12.1335,60.7501,4.10355
-0.211333,532.423,12.0525,61.0784,3.87285
-1.05616,575.239,12.5961,64.2369,3.76169
-2.67733,504.283,10.3544,53.4572,3.56098
1.00321,563.776,13.3821,67.2125,4.04128
-1.07066,568.311,12.4372,63.4339,3.75983
1.18858,557.082,13.3188,66.8042,4.06793
-1.14358,511.191,11.155,56.9254,3.75046
-2.09221,500.594,10.521,54.0755,3.6316
-1.30285,533.682,11.5728,59.128,3.73011
-1.68322,544.655,11.6343,59.6128,3.68216
-3.84407,584.731,11.4576,59.6875,3.42592
-4.35286,546.668,10.4943,54.886,3.3693
-0.0016308,510.08,11.642,58.9065,3.90119
-1.22061,507.909,11.0498,56.4207,3.7406
-4.3675,575.011,11.0318,57.7041,3.3677
-0.65051,537.849,11.9671,60.8442,3.81448
-1.16979,526.891,11.4858,58.6246,3.7471
-3.44609,517.784,10.3094,53.5408,3.47115
-3.12506,534.46,10.7793,55.8426,3.50826
1.3568,524.077,12.6118,63.1805,4.09234
1.26019,535.012,12.8268,64.3027,4.07829
-0.958717,532.288,11.7004,59.6258,3.77427
-3.84872,553.299,10.8397,56.4705,3.4254
0.642739,545.561,12.7693,64.3042,3.99018
-1.86027,571.272,12.1175,62.1719,3.66015
-3.186,573.49,11.5383,59.8026,3.50118
0.987484,504.735,11.9734,60.144,4.03903
-2.63902,558.194,11.4788,59.2453,3.56554
1.25653,524.165,12.5649,62.9916,4.07776
-1.99249,510.5,10.7717,55.3226,3.64383
-2.64345,599.06,12.317,63.5735,3.56501
-0.502196,537.286,12.0244,61.0684,3.83405
-0.374253,554.101,12.4632,63.2367,3.85105
-4.21132,515.986,9.96204,52.0449,3.38492
0.591377,579.367,13.5334,68.178,3.98298
-0.997299,543.718,11.9335,60.8312,3.76928
-0.893921,572.298,12.6121,64.2404,3.78267
0.323441,508.001,11.7429,59.2746,3.94571
1.34121,501.579,12.0631,60.4386,4.09007
-2.19799,588.866,12.3242,63.3949,3.61868
-2.68872,512.052,10.5091,54.2607,3.55962
-0.9613,560.495,12.3192,62.7803,3.77394
-4.48332,520.448,9.93839,52.0318,3.355
-3.71698,539.262,10.6209,55.2738,3.44027
-3.09632,511.804,10.3342,53.5251,3.51161
-2.4123,547.134,11.3535,58.4972,3.59272
0.295306,559.387,12.9165,65.2123,3.94183
-3.60686,568.137,11.2392,58.442,3.45278
-2.24345,598.687,12.5071,64.3579,3.61315
-4.61349,523.972,9.95311,52.162,3.34082
0.145674,558.733,12.8261,64.8276,3.92127
-4.79119,543.79,10.2555,53.8216,3.32159
-4.98293,525.728,9.83803,51.7088,3.30102
1.91539,529.734,13.0267,64.9947,4.17498
-2.59859,573.722,11.8172,60.9728,3.57036
-0.878316,562.663,12.4074,63.1904,3.7847
-3.79792,511.392,10.0392,52.2796,3.43112
-0.882925,596.023,13.1406,66.9271,3.7841
-4.58159,586.362,11.1526,58.4338,3.34429
-2.49916,520.635,10.7663,55.5085,3.58227
-4.05553,547.798,10.6429,55.5344,3.40223
0.951077,576.453,13.6553,68.6108,4.03383
0.216936,515.145,11.8586,59.9056,3.93104
-4.31311,514.064,9.88424,51.6794,3.37368
-3.41878,511.38,10.1931,52.9254,3.47429
-0.12835,500.443,11.3654,57.5614,3.88403
-0.908069,548.541,12.0818,61.546,3.78084
-0.140611,506.567,11.499,58.2431,3.88237
-0.326854,585.14,13.1859,66.8799,3.85737
-2.86191,557.497,11.3629,58.7471,3.53911
0.417186,571.647,13.2626,66.8994,3.95869
-1.84909,552.726,11.7293,60.1751,3.66153
-0.735331,515.17,11.4243,58.1213,3.80335
-0.983575,517.066,11.3547,57.8748,3.77106
-1.77295,502.38,10.6932,54.8278,3.67098
-3.18043,542.489,10.917,56.58,3.50182
-3.41669,510.024,10.1669,52.7886,3.47453
-3.71395,509.01,10.0263,52.1782,3.44062
0.465953,555.177,12.905,65.0725,3.96547
0.882226,539.116,12.7367,64.0275,4.02402
-2.70748,500.424,10.2628,52.9965,3.55739
-4.56513,533.246,10.1491,53.1691,3.34608
-2.49551,577.188,11.9376,61.5453,3.58271
-3.95104,548.05,10.6927,55.7491,3.4139
-0.612367,507.976,11.3194,57.5347,3.8195
-4.86464,557.318,10.4794,55.0284,3.31369
-1.33569,569.642,12.3366,63.0458,3.72593
0.283073,502.182,11.5901,58.5207,3.94014
1.38421,594.441,14.3204,71.7252,4.09634
-1.56487,592.153,12.7083,65.058,3.69698
-4.99514,587.904,10.9961,57.8011,3.29971
1.8492,535.788,13.1419,65.6009,4.16506
1.83297,519.981,12.7462,63.6332,4.16263
0.161956,575.68,13.2236,66.8284,3.9235
-0.639111,562.329,12.5173,63.6366,3.81598
0.47377,566.124,13.1635,66.3719,3.96656
-1.58122,563.38,12.083,61.8643,3.69493
-0.615054,533.3,11.8824,60.3978,3.81914
-2.7876,512.709,10.4811,54.1573,3.54789
-3.07556,590.293,11.929,61.775,3.51404
-1.20545,547.39,11.9158,60.8359,3.74253
-2.27343,589.821,12.3072,63.3437,3.60951
-3.57165,530.009,10.4998,54.5822,3.45679
-1.66482,582.747,12.4571,63.8197,3.68446
-2.78595,550.909,11.2628,58.1955,3.54808
-3.65868,587.596,11.6,60.3422,3.44689
1.00824,547.955,13.0091,65.3368,4.042
0.184727,587.733,13.5125,68.277,3.92662
0.444783,526.853,12.2365,61.7112,3.96253
-1.06153,518.62,11.3539,57.9043,3.761
1.23793,585.966,14.0363,70.3774,4.07507
-2.80096,594.383,12.1443,62.7574,3.54631
-0.703975,518.277,11.5073,58.5303,3.80746
-2.85512,586.971,11.9669,61.8665,3.53991
-0.0172991,548.719,12.5162,63.3373,3.89906
-0.755716,516.807,11.4514,58.268,3.80068
0.781214,547.435,12.8824,64.8083,4.0097
1.26632,557.873,13.3781,67.0632,4.07918
-2.20994,545.024,11.4012,58.6525,3.61722
0.0932615,566.055,12.9676,65.5681,3.91411
1.10183,508.21,12.1095,60.777,4.05542
-2.58221,581.71,11.9896,61.8544,3.57232
-3.09843,523.89,10.5774,54.7853,3.51137
-3.05182,580.16,11.7354,60.7613,3.51681
0.958783,524.62,12.4312,62.4568,4.03493
-3.52669,590.13,11.7119,60.8623,3.46192
-2.9969,559.607,11.3445,58.7128,3.52324
-3.44272,558.368,11.119,57.7436,3.47154
-4.3471,597.094,11.465,59.9601,3.36994
-1.81386,553.15,11.7547,60.2894,3.6659
-4.74091,528.711,9.99144,52.4152,3.32701
-4.58892,506.612,9.63294,50.4743,3.34349
-3.85246,584.745,11.4541,59.6727,3.42498
-1.28676,592.903,12.8652,65.7231,3.73216
-1.82136,586.524,12.4602,63.9116,3.66497
-1.24151,507.02,11.0213,56.2844,3.73793
0.819893,598.009,14.0938,70.8821,4.01517
-1.07855,537.568,11.7608,59.9873,3.75881
-1.0285,517.019,11.3336,57.7865,3.76526
-3.55507,598.84,11.8713,61.7039,3.45868
-1.23164,558.742,12.1504,62.0456,3.73919
-2.0999,591.524,12.4282,63.8823,3.63065
0.109269,584.422,13.3968,67.7299,3.91629
-3.21197,514.29,10.3364,53.5842,3.49816
-2.98662,588.006,11.9251,61.7129,3.52444
1.3349,502.698,12.0871,60.5614,4.08915
1.873,521.992,12.8153,63.9597,4.16862
1.56991,556.388,13.5005,67.5274,4.12358
-0.845484,528.212,11.6628,59.3835,3.78897
1.20616,527.781,12.6269,63.3255,4.07047
-1.53202,546.779,11.7498,60.1361,3.70111
-2.4993,544.132,11.2522,58.0134,3.58225
1.97338,566.234,13.9555,69.5997,4.1837
-1.5396,527.273,11.3272,57.9767,3.70016
1.3051,588.572,14.1355,70.8403,4.08482
1.8235,583.715,14.3032,71.4114,4.16122
-4.64287,561.803,10.6591,55.8746,3.33763
-4.86163,571.374,10.745,56.4218,3.31401
1.48655,571.174,13.8145,69.1403,4.11132
-1.51101,587.928,12.6446,64.7053,3.70376
-4.61213,504.043,9.57508,50.1803,3.34096
-0.741736,585.862,12.9886,66.0832,3.80251
-2.82476,535.307,10.9269,56.4766,3.54349
-2.33802,581.938,12.1115,62.3674,3.60168
-4.65459,522.606,9.91067,51.9563,3.33636
-4.59818,515.06,9.78989,51.3004,3.34248
-4.37231,568.396,10.9028,57.0314,3.36717
0.4291,599.941,13.9255,70.2372,3.96035
-4.08917,520.97,10.108,52.757,3.39848
-0.242093,569.015,12.8653,65.2123,3.86872
-2.98626,594.377,12.0545,62.3823,3.52448
-1.1294,578.568,12.6324,64.4576,3.75227
1.30315,597.58,14.3508,71.92,4.08453
-4.97916,547.001,10.2377,53.8078,3.30142
-4.19826,540.568,10.4421,54.5475,3.38637
-3.44144,552.268,10.9981,57.1151,3.47169
1.09765,550.485,13.1147,65.824,4.05482
-2.11458,576.089,12.0969,62.1859,3.62886
-0.940876,561.775,12.3573,62.9648,3.77658
-0.473948,506.815,11.3551,57.6569,3.83779
-2.30168,568.32,11.8453,60.9792,3.60608
-3.22454,506.417,10.1731,52.7425,3.4967
-1.18775,561.448,12.2304,62.4337,3.7448
-0.455348,553.741,12.4155,63.0327,3.84026
-0.141086,521.862,11.846,60.0008,3.88231
-1.59624,517.084,11.0835,56.7533,3.69305
1.63099,530.275,12.8973,64.482,4.1326
-4.77719,572.884,10.8103,56.7272,3.3231
0.390462,501.104,11.6138,58.5942,3.95499
-3.14734,577.934,11.6457,60.3414,3.50567
0.999926,574.903,13.6445,68.5321,4.04081
0.529749,523.443,12.1977,61.4769,3.97436
-4.65713,570.551,10.8188,56.7181,3.33608
-1.6745,503.729,10.7638,55.1489,3.68325
-2.18597,503.333,10.5392,54.2078,3.62014
-1.49161,532.668,11.4649,58.66,3.7062
-1.92284,503.954,10.6631,54.7355,3.65241
-4.36081,519.774,9.97479,52.1723,3.36843
-0.0362324,526.795,12.0072,60.7701,3.89649
0.526988,590.351,13.7554,69.3291,3.97398
-1.51705,508.525,10.9343,55.9557,3.703
-0.0430695,514.474,11.7232,59.3358,3.89556
-3.17353,570.557,11.485,59.5208,3.50262
-4.60596,597.237,11.3483,59.4702,3.34164
-4.4071,595.455,11.4058,59.6787,3.36335
-3.71454,580.87,11.4415,59.5433,3.44055
-3.88879,513.814,10.0499,52.3724,3.42089
-4.00015,548.01,10.6708,55.6561,3.40841
-2.0902,529.214,11.1233,57.1708,3.63184
-1.00348,547.468,12.0129,61.2387,3.76849
-1.10147,575.033,12.5691,64.121,3.75586
-2.89443,555.63,11.3101,58.4889,3.53527
0.968479,585.401,13.8767,69.7142,4.03631
-1.26585,542.08,11.7721,60.1296,3.73482
-2.20403,535.667,11.2081,57.6565,3.61794
-2.43426,531.606,11.0217,56.7969,3.59007
1.98538,587.936,14.4971,72.2945,4.18551
-3.19606,557.418,11.2104,58.1077,3.50001
-3.41162,550.361,10.9732,56.973,3.47511
-2.25401,530.935,11.0871,57.0554,3.61187
1.03887,545.805,12.9735,65.1434,4.04638
-4.08887,548.075,10.634,55.5023,3.39851
1.27177,553.675,13.2802,66.57,4.07997
-2.30037,576.281,12.0118,61.836,3.60624
-3.18266,518.041,10.4241,54.0262,3.50156
-2.58818,562.499,11.5908,59.8001,3.57161
-2.48399,511.87,10.5915,54.6007,3.58409
-1.71926,532.864,11.3662,58.2549,3.67767
-3.00444,515.573,10.4487,54.0797,3.52235
-1.08871,548.014,11.9845,61.133,3.7575
0.790437,579.033,13.6309,68.569,4.011
-1.21626,512.522,11.152,56.9412,3.74115
0.684904,504.694,11.8322,59.5666,3.99611
-1.07318,562.619,12.3115,62.7935,3.7595
-0.0245232,571.802,13.039,65.9865,3.89808
-0.498445,593.616,13.2871,67.479,3.83454
-4.83139,570.79,10.7472,56.4199,3.31726
-4.90227,597.21,11.2123,58.8947,3.30965
-1.79009,519.564,11.0514,56.672,3.66885
0.753816,507.824,11.9376,60.0669,4.00582
-1.99904,567.477,11.9709,61.4843,3.64303
-0.245692,595.08,13.4527,68.1918,3.86824
1.05391,539.212,12.8243,64.3871,4.04854
-4.72305,555.595,10.5071,55.1126,3.32894
-2.13161,523.341,10.9818,56.4611,3.62678
-2.03132,531.917,11.2064,57.5717,3.63906
-0.49594,579.387,12.9698,65.8667,3.83487
-3.95564,587.035,11.4512,59.7059,3.41339
1.20414,579.379,13.8603,69.5121,4.07018
-3.59696,532.377,10.536,54.7811,3.45391
-4.176,546.078,10.5581,55.1435,3.38883
-0.744755,507.594,11.2521,57.2494,3.80212
-3.6273,534.348,10.5621,54.9298,3.45045
-4.89811,580.233,10.8954,57.2282,3.3101
-4.28807,515.085,9.91388,51.8243,3.37644
-2.98789,555.155,11.2583,58.2627,3.52429
-0.351632,537.133,12.0923,61.3444,3.85406
-0.0563743,557.763,12.703,64.3013,3.89376
-4.10835,537.089,10.4127,54.3553,3.39635
1.74979,510.524,12.4742,62.3126,4.15022
-0.244447,523.81,11.8421,60.0271,3.8684
-1.60746,590.707,12.6559,64.8105,3.69164
1.91938,511.977,12.592,62.8239,4.17558
-4.26258,583.485,11.242,58.755,3.37925
1.29694,587.066,14.0949,70.6407,4.08363
1.34755,507.123,12.1995,61.1188,4.09099
-0.0507789,570.857,13.0041,65.8226,3.89452
1.78815,572.335,14.0052,69.9413,4.15594
0.171821,565.774,13.0011,65.699,3.92485
-4.91404,590.969,11.0899,58.2568,3.30839
-3.40164,591.677,11.8017,61.2698,3.47626
-3.73384,531.618,10.4632,54.4606,3.43836
0.476613,568.141,13.2119,66.6144,3.96695
1.30792,549.007,13.1867,66.0841,4.08523
-2.02149,589.587,12.4262,63.8338,3.64027
1.56113,565.741,13.7227,68.6437,4.12229
-0.459121,547.608,12.2762,62.3271,3.83976
-2.36684,571.845,11.8878,61.2288,3.5982
-3.18121,579.85,11.6685,60.4751,3.50173
-1.69935,530.909,11.3334,58.0784,3.68015
0.363837,549.272,12.717,64.1724,3.9513
-4.32125,527.491,10.1391,53.0151,3.37278
-3.50957,511.767,10.1637,52.8098,3.46388
-4.63661,552.891,10.4926,54.9994,3.33831
-2.63255,545.91,11.2291,57.9535,3.56631
1.86051,517.029,12.6873,63.3266,4.16675
-4.9527,584.802,10.9569,57.576,3.30425
-1.1743,525.289,11.4488,58.4379,3.74652
0.307631,500.841,11.5702,58.41,3.94353
1.39863,577.09,13.9101,69.6632,4.09845
-3.97936,593.431,11.5649,60.3099,3.41073
-4.85867,579.819,10.9051,57.2612,3.31433
-1.39639,582.921,12.5939,64.3903,3.71823
-0.350814,549.263,12.3658,62.7314,3.85417
-1.63835,595.215,12.7369,65.2405,3.68777
-2.73995,575.915,11.7956,60.9273,3.55353
-4.4407,504.556,9.65153,50.5131,3.35967
1.33747,506.326,12.1755,61.0034,4.08952
-2.83157,598.518,12.2138,63.1316,3.54269
-3.2617,585.913,11.7525,60.9485,3.4924
0.934417,521.403,12.3433,62.026,4.03145
-2.51906,599.376,12.3848,63.8627,3.57988
0.554502,597.835,13.9447,70.2691,3.97782
-4.07928,526.899,10.2271,53.3745,3.39958
-1.12877,501.939,10.9595,55.9215,3.75236
1.20474,522.941,12.5104,62.7421,4.07026
-0.812074,524.305,11.5918,59.0072,3.79333
-3.59966,580.48,11.4867,59.7256,3.4536
-3.60154,559.325,11.0672,57.5454,3.45338
1.24986,571.875,13.7051,68.7108,4.0768
-4.09987,520.094,10.0866,52.6499,3.39729
-2.5425,524.598,10.8296,55.8529,3.57707
0.936847,597.353,14.1426,71.0665,4.0318
0.541961,525.739,12.2571,61.7705,3.97607
-0.89605,577.427,12.724,64.8118,3.7824
-1.69175,507.698,10.8412,55.5527,3.6811
-4.2645,536.58,10.3374,54.0284,3.37904
-2.24801,594.235,12.4119,63.87,3.6126
-1.64865,504.364,10.7884,55.2642,3.68648
1.8734,532.475,13.0729,65.2449,4.16868
-2.57025,535.796,11.0485,56.9942,3.57375
1.55477,506.685,12.2872,61.4658,4.12135
1.06583,529.516,12.5995,63.2531,4.05025
-4.60563,554.662,10.5394,55.2314,3.34167
1.9092,596.211,14.6579,73.1368,4.17405
-3.04962,563.242,11.3942,58.9936,3.51707
-4.9216,539.954,10.1294,53.2147,3.30758
-1.09604,535.135,11.6995,59.6824,3.75656
-1.50717,539.821,11.6117,59.4181,3.70424
-3.72798,594.307,11.6998,60.8941,3.43903
0.147708,588.793,13.5173,68.3198,3.92155
-2.08323,597.952,12.5716,64.6111,3.63269
-4.06846,589.053,11.4385,59.6917,3.40079
-0.217707,573.579,12.9809,65.7864,3.87199
0.0549222,515.644,11.795,59.6561,3.90888
0.411395,522.357,12.1163,61.1198,3.95789
-4.51915,595.052,11.3465,59.4207,3.35109
-0.696347,567.829,12.6113,64.1419,3.80846
0.250647,504.555,11.6301,58.7368,3.93568
-0.000266538,574.596,13.1152,66.36,3.90137
1.80995,539.045,13.2017,65.9184,4.15919
0.687588,581.105,13.625,68.5909,3.99649
-0.703607,524.051,11.6357,59.183,3.80751
1.13187,559.535,13.348,66.9784,4.05975
-1.71126,534.575,11.4063,58.457,3.67866
-2.37964,580.709,12.066,62.1523,3.59665
-3.53704,501.762,9.95402,51.7313,3.46074
-1.99966,580.271,12.2404,62.8692,3.64295
1.34314,576.971,13.8773,69.5272,4.09035
-0.205982,563.339,12.755,64.636,3.87357
-3.94494,598.004,11.6702,60.8426,3.41459
1.22953,585.115,14.0113,70.2566,4.07385
-4.87669,549.595,10.3291,54.2444,3.31239
0.00100408,583.247,13.3133,67.3619,3.90154
-1.18237,510.984,11.1335,56.8319,3.74549
-3.99103,559.037,10.8895,56.7929,3.40943
-1.28127,532.68,11.5609,59.0578,3.73286
0.561107,567.809,13.2478,66.7538,3.97874
-3.68322,501.65,9.8935,51.475,3.4441
-2.44252,571.531,11.8456,61.0463,3.58908
1.90093,553.187,13.5958,67.8414,4.17281
-0.213621,557.996,12.6302,64.0075,3.87254
-1.58394,547.381,11.7386,60.1023,3.69459
-3.37971,570.598,11.3913,59.129,3.47878
-4.61629,536.58,10.1915,53.4123,3.34051
-4.50951,528.362,10.0788,52.7778,3.35214
1.76115,594.966,14.5438,72.6453,4.15192
-3.14885,543.449,10.9502,56.7381,3.50549
1.23308,567.557,13.5928,68.156,4.07437
-1.52362,522.287,11.2272,57.4579,3.70217
1.92508,504.038,12.3995,61.8609,4.17644
-1.45365,582.217,12.5502,64.1946,3.71099
-3.49488,542.726,10.7849,56.0312,3.46556
0.713525,509.586,11.9602,60.1985,4.00014
-3.86307,595.292,11.6557,60.7281,3.42378
-4.77166,508.099,9.58997,50.3213,3.32369
-0.0997456,575.907,13.094,66.3016,3.88789
-4.11376,525.127,10.1785,53.1353,3.39574
-4.04663,516.867,10.0456,52.4139,3.40322
-0.523928,565.111,12.6364,64.1866,3.83117
-4.59464,582.407,11.0716,58.015,3.34287
-2.91596,591.093,12.0217,62.1787,3.53274
-3.71356,502.776,9.90362,51.5398,3.44066
0.818497,507.642,11.9634,60.1683,4.01498
-3.67328,544.815,10.7491,55.9223,3.44523
-1.338,539.129,11.6747,59.6643,3.72564
-2.12348,511.38,10.7343,55.1852,3.62777
-4.50038,566.109,10.8029,56.5652,3.35314
-2.56264,573.298,11.8254,60.9984,3.57466
0.512214,580.298,13.5133,68.1166,3.97192
-1.74142,580.481,12.371,63.4156,3.6749
-2.01279,524.412,11.0564,56.7932,3.64134
-0.626036,589.563,13.1303,66.7464,3.8177
-3.18702,545.305,10.9708,56.8616,3.50106
0.988191,502.622,11.9236,59.8935,4.03913
-0.423593,539.874,12.1197,61.5164,3.84448
-0.135637,579.913,13.1665,66.6866,3.88304
-2.35016,575.457,11.9709,61.6486,3.60022
-2.91398,521.196,10.6009,54.8295,3.53297
0.196703,579.81,13.3366,67.3821,3.92827
-4.88868,535.78,10.0646,52.8602,3.31111
-2.93134,558.622,11.3543,58.7338,3.53093
-2.41331,557.693,11.5722,59.6242,3.59259
-3.75229,546.385,10.7459,55.9397,3.43628
-1.95438,590.131,12.4708,64.0305,3.64852
-1.03525,561.239,12.2996,62.7154,3.76439
-1.59504,580.779,12.4493,63.7466,3.6932
0.549193,577.392,13.4651,67.8549,3.97708
-2.89628,526.312,10.7126,55.3994,3.53506
1.44843,513.854,12.4098,62.1272,4.10573
-4.62162,555.41,10.5468,55.2771,3.33993
-1.75019,564.877,12.0343,61.6935,3.67381
1.00193,519.492,12.3304,61.9306,4.04109
-4.07484,558.975,10.8516,56.632,3.40007
-2.14154,551.757,11.5735,59.5079,3.62556
-0.793974,505.243,11.1783,56.8948,3.79569
-0.318054,552.287,12.4499,63.1425,3.85855
-2.23098,531.673,11.1126,57.177,3.61467
1.31283,592.149,14.2257,71.2881,4.08594
0.368465,518.358,12.0034,60.5695,3.95194
0.525461,530.249,12.3542,62.2678,3.97376
-3.29771,584.639,11.71,60.7451,3.48823
-3.80214,509.693,10.0042,52.0988,3.43065
-3.37623,502.4,10.0312,52.0678,3.47918
-2.11645,506.702,10.6391,54.6926,3.62863
-3.13836,578.704,11.6654,60.4393,3.50671
-1.11656,582.61,12.7271,64.9345,3.75392
-2.33357,510.297,10.6224,54.6973,3.60222
-2.87401,596.717,12.1564,62.8555,3.53768
0.848989,550.788,12.9956,65.3451,4.0193
0.956636,599.45,14.2031,71.3605,4.03462
-0.265079,568.495,12.8419,65.1052,3.86564
-0.274656,535.487,12.0917,61.3064,3.86435
1.91084,525.976,12.932,64.5244,4.1743
-2.30344,546.622,11.3922,58.6477,3.60587
-2.13374,556.121,11.6687,59.9935,3.62652
-1.34744,599.56,12.9785,66.3321,3.72444
-2.95776,518.666,10.531,54.4863,3.52783
-2.89268,526.319,10.7143,55.4066,3.53548
-4.39485,541.188,10.3715,54.2615,3.36469
-2.55747,544.774,11.2394,57.9731,3.57528
-0.283208,577.533,13.0368,66.1021,3.86321
-2.83587,500.806,10.2181,52.8176,3.54218
1.55807,544.319,13.2016,66.0381,4.12184
-1.77555,546.615,11.6335,59.6505,3.67066
-3.53178,546.663,10.8471,56.3702,3.46134
-0.53363,589.37,13.1738,66.9213,3.82989
-3.81364,538.092,10.5567,54.9811,3.42935
-3.33206,581.481,11.6308,60.3498,3.48427
-3.43901,571.759,11.3874,59.1356,3.47196
-4.28026,503.279,9.68971,50.6493,3.3773
1.78172,517.908,12.6702,63.2775,4.15498
1.25769,547.371,13.1218,65.7829,4.07793
0.0128775,516.686,11.7994,59.6969,3.90316
-3.51574,556.418,11.0477,57.4059,3.46317
-1.82977,507.791,10.784,55.3173,3.66393
-2.83064,581.775,11.8726,61.3674,3.5428
-4.80116,588.42,11.0927,58.22,3.32051
-2.58263,592.455,12.2108,62.9961,3.57227
1.71,575.698,14.045,70.1797,4.14431
0.754154,575.948,13.5392,68.1255,4.00587
0.248849,500.709,11.5406,58.2858,3.93543
-2.57348,567.058,11.6916,60.3133,3.57336
1.56324,550.577,13.356,66.8082,4.1226
-2.65553,503.688,10.3511,53.4316,3.56357
-0.693763,566.174,12.5759,63.9602,3.8088
-1.90139,531.279,11.2508,57.7432,3.65506
-1.24615,586.681,12.7506,65.1179,3.73733
-1.2755,582.626,12.6478,64.6071,3.73359
-1.61,599.961,12.8529,65.8204,3.69132
-2.72631,502.841,10.3046,53.2201,3.55515
-0.471933,581.196,13.0226,66.1229,3.83806
-1.8101,536.418,11.4009,58.4728,3.66637
-2.67383,591.276,12.1423,62.6861,3.56139
-2.74931,565.375,11.5754,59.7943,3.55243
-3.56724,571.012,11.3141,58.8133,3.45729
-4.27939,558.494,10.7532,56.2077,3.3774
-2.40959,580.123,12.0394,62.0297,3.59304
-1.99119,501.589,10.5843,54.3592,3.64399
-3.49552,500.666,9.94884,51.6878,3.46549
-4.48231,512.545,9.78786,51.2433,3.35511
-3.03775,549.723,11.1259,57.5997,3.51845
-1.94576,508.068,10.7403,55.1418,3.64959
-3.89309,593.033,11.5974,60.4386,3.42041
-2.1799,542.392,11.3598,58.4257,3.62088
-2.16167,588.216,12.3284,63.3989,3.62311
1.32389,557.248,13.393,67.1099,4.08755
-4.40248,593.846,11.3771,59.5263,3.36385
-3.3155,550.547,11.0193,57.1699,3.48618
-1.428,585.181,12.6269,64.5745,3.71423
-1.39263,545.467,11.7864,60.2602,3.71871
1.36886,579.897,13.9617,69.9366,4.0941
0.029168,591.558,13.5179,68.3829,3.90537
1.10509,595.34,14.1874,71.2043,4.05589
-4.32271,563.634,10.8332,56.645,3.37262
1.62521,561.61,13.6564,68.28,4.13174
-2.23374,548.791,11.4692,59.0126,3.61433
-2.78264,511.667,10.4619,54.0559,3.54848
-2.72024,557.906,11.4358,59.0597,3.55588
0.474102,509.228,11.8407,59.7021,3.96661
0.603188,521.269,12.1819,61.3641,3.98463
0.88134,590.742,13.9559,70.1568,4.0239
-0.54099,542.889,12.1313,61.629,3.82891
-0.530237,557.099,12.4541,63.2639,3.83033
-2.9164,519.064,10.5565,54.601,3.53269
0.404874,583.995,13.5426,68.3179,3.95699
-0.453154,502.267,11.2624,57.1774,3.84055
-2.61038,515.676,10.6166,54.7831,3.56896
-0.542524,593.898,13.2704,67.4163,3.82871
-2.15771,598.836,12.553,64.5518,3.62359
-4.52217,512.029,9.76227,51.1252,3.35076
0.146612,522.886,12.0037,60.6702,3.9214
0.238099,550.369,12.6799,64.0446,3.93395
-4.12204,574.578,11.1333,58.1235,3.39482
-4.2252,558.258,10.7721,56.2832,3.38339
-3.87236,562.012,10.9999,57.3158,3.42274
0.304353,524.862,12.1236,61.205,3.94308
-4.29723,579.106,11.142,58.2483,3.37543
0.806789,570.016,13.4272,67.5361,4.01332
-3.93543,528.891,10.3254,53.8275,3.41566
-4.37952,550.264,10.5519,55.1991,3.36638
-4.11782,571.385,11.0733,57.8084,3.39529
-2.36633,563.956,11.7241,60.3852,3.59826
-3.72909,537.71,10.5851,55.0931,3.4389
0.971041,577.926,13.7008,68.8296,4.03668
-0.130404,569.837,12.9404,65.5388,3.88375
1.82371,579.027,14.1885,70.8384,4.16125
-1.04243,516.85,11.3237,57.742,3.76346
-1.32364,572.323,12.4005,63.367,3.72747
-2.47583,536.41,11.1029,57.2335,3.58507
-4.24626,586.662,11.3106,59.1063,3.38106
0.428556,536.95,12.4631,62.8615,3.96027
-4.79706,547.881,10.3302,54.2162,3.32096
-4.01436,521.33,10.1455,52.922,3.40682
-2.06341,587.853,12.369,63.5603,3.63512
1.93887,540.677,13.3079,66.3864,4.17851
-3.37714,515.614,10.2947,53.4357,3.47908
-0.0296909,529.509,12.0721,61.0959,3.89738
-2.06162,515.513,10.8477,55.7419,3.63534
-0.370276,526.142,11.8362,60.0534,3.85158
-4.49764,547.872,10.456,54.7479,3.35344
-4.56563,500.028,9.51671,49.8562,3.34602
1.08026,596.78,14.208,71.3205,4.05232
-2.02001,563.695,11.8812,61.0334,3.64045
-3.062,588.767,11.9046,61.6424,3.51562
1.96023,542.523,13.3643,66.6577,4.18172
-4.95124,521.836,9.77777,51.3793,3.3044
1.6633,575.088,14.0048,70.0024,4.13738
-3.54402,527.622,10.4641,54.3851,3.45994
-0.497642,527.259,11.8021,59.9374,3.83465
-0.856465,508.881,11.2311,57.1903,3.78754
-3.89126,508.794,9.95076,51.8566,3.42061
-2.39987,564.691,11.7237,60.3985,3.59421
-1.19119,538.2,11.7224,59.8419,3.74436
-1.11571,548.357,11.9792,61.1186,3.75403
-2.429,570.927,11.8394,61.0083,3.5907
-4.9158,571.765,10.7287,56.3605,3.3082
-1.4105,532.062,11.4887,58.7457,3.71645
-3.85342,565.925,11.085,57.7504,3.42487
0.425007,574.941,13.3431,67.3016,3.95978
-2.43291,552.944,11.4647,59.0792,3.59023
-1.66198,550.231,11.7633,60.2642,3.68482
1.25512,532.238,12.7578,63.959,4.07756
-2.98241,530.586,10.7624,55.6941,3.52494
-0.245139,551.697,12.4722,63.2215,3.86831
-4.65513,517.894,9.82108,51.4869,3.3363
0.86587,572.875,13.5256,68.0017,4.0217
-3.00913,531.298,10.7654,55.7207,3.5218
-4.7268,564.964,10.6826,56.0351,3.32854
0.855427,514.942,12.1529,61.1048,4.02021
-1.79198,574.01,12.2086,62.6069,3.66862
-2.17857,581.733,12.1843,62.6661,3.62105
0.671617,596.533,13.978,70.3764,3.99424
0.653965,593.313,13.893,69.9575,3.99176
0.384485,531.57,12.317,62.1449,3.95416
-1.96468,553.523,11.6924,60.0386,3.64725
0.926288,576.708,13.6482,68.5875,4.03029
-0.283545,565.557,12.7663,64.7307,3.86316
-4.27596,581.954,11.2064,58.5754,3.37778
0.253705,570.719,13.1568,66.4457,3.9361
1.20921,539.452,12.9077,64.7322,4.07091
-2.01378,501.62,10.5754,54.3231,3.64121
0.00128249,562.453,12.8388,64.9608,3.90158
-4.29966,550.694,10.5943,55.3861,3.37516
-0.971541,588.564,12.9309,65.9028,3.77261
-1.01535,559.983,12.2818,62.6149,3.76695
-1.54219,547.93,11.7698,60.2431,3.69984
-1.71881,589.67,12.5781,64.4661,3.67772
-2.27614,501.018,10.4531,53.8021,3.60918
1.89866,529.969,13.0241,64.9894,4.17247
1.64264,520.44,12.6638,63.3093,4.13432
-0.195938,569.824,12.9069,65.401,3.87492
0.886949,594.285,14.0426,70.5902,4.02469
-2.51592,529.592,10.9443,56.433,3.58026
-3.4614,593.66,11.8129,61.3561,3.4694
1.38156,521.809,12.5693,62.9562,4.09595
-3.64327,566.913,11.1986,58.2472,3.44864
-2.78638,586.27,11.9855,61.93,3.54803
-1.8959,528.695,11.1985,57.4724,3.65574
-4.45553,552.987,10.5716,55.3349,3.35804
-2.31269,573.215,11.942,61.4826,3.60475
-2.86602,590.812,12.04,62.2495,3.53862
1.00155,557.944,13.2428,66.5139,4.04104
-4.65159,578.532,10.9726,57.5219,3.33668
-3.25331,521.669,10.4674,54.2804,3.49337
-4.12684,564.301,10.9321,57.0749,3.39429
1.07949,521.581,12.4173,62.3321,4.05221
-4.13025,518.27,10.0389,52.4134,3.39391
-0.295356,577.487,13.0295,66.0712,3.86158
0.905529,523.912,12.3887,62.2677,4.02734
0.719811,584.907,13.7314,69.1101,4.00103
-1.79168,537.582,11.4339,58.6343,3.66865
-3.96631,528.929,10.3133,53.7774,3.4122
1.6568,514.341,12.5223,62.5952,4.13642
-3.03533,574.373,11.626,60.1872,3.51874
-1.14276,580.385,12.6654,64.6324,3.75056
1.83996,591.865,14.5122,72.4459,4.16368
-3.29865,539.169,10.7989,56.019,3.48813
-1.25774,551.109,11.972,61.147,3.73586
-3.43245,505.508,10.0705,52.2945,3.47272
-3.96761,599.176,11.6824,60.917,3.41205
0.852365,570.966,13.4735,67.7462,4.01978
-4.36585,519.946,9.97606,52.181,3.36788
-3.9497,552.51,10.7803,56.2053,3.41406
-4.66243,533.863,10.1209,53.0619,3.33551
-3.3127,536.48,10.739,55.7142,3.4865
-0.642937,502.29,11.1792,56.8354,3.81547
0.573821,541.015,12.6289,63.6294,3.98052
0.779515,537.452,12.6467,63.623,4.00946
0.30626,583.462,13.4782,68.0426,3.94334
0.0195878,513.134,11.7214,59.2991,3.90407
-4.65055,530.494,10.0619,52.7475,3.33679
0.740536,546.377,12.8372,64.5999,4.00395
-2.15559,581.825,12.1974,62.7224,3.62385
1.20252,525.311,12.566,63.022,4.06994
1.42962,546.506,13.1888,66.0358,4.10298
0.0614494,540.936,12.3767,62.5951,3.90977
-4.59001,529.254,10.063,52.7282,3.34337
0.186615,598.737,13.7665,69.5594,3.92688
1.71823,532.954,13.0063,64.9858,4.14553
-1.79997,566.607,12.0473,61.7837,3.66762
-3.90911,508.757,9.94289,51.8227,3.41861
-1.93183,525.811,11.1216,57.093,3.6513
1.08464,571.327,13.6044,68.2882,4.05295
-3.63415,576.688,11.3959,59.2691,3.44967
-0.152029,563.629,12.7886,64.7803,3.88083
-4.49669,573.32,10.9421,57.2925,3.35354
-3.05149,569.832,11.5266,59.6802,3.51685
0.0581143,585.956,13.4051,67.7976,3.90931
-0.80738,551.571,12.1968,62.0851,3.79394
-2.67061,581.879,11.9508,61.6963,3.56178
-1.84268,543.841,11.5437,59.22,3.66233
-2.31735,579.586,12.0725,62.1566,3.60419
-4.58867,576.562,10.9631,57.4439,3.34352
-0.394448,505.946,11.3711,57.704,3.84835
0.264368,507.9,11.7135,59.1519,3.93757
1.85464,586.519,14.3893,71.8246,4.16587
-3.98584,565.736,11.0223,57.4831,3.41001
0.525984,550.522,12.8268,64.6496,3.97384
1.17319,538.889,12.8762,64.5912,4.06571
-1.73809,518.766,11.0572,56.6794,3.67532
1.08104,542.153,12.9079,64.7937,4.05244
-2.24718,523.785,10.9407,56.2993,3.6127
-4.59234,505.754,9.61528,50.3832,3.34312
-4.43124,544.296,10.4157,54.5084,3.3607
-0.725666,555.545,12.3243,62.6956,3.80462
-0.214515,548.742,12.4203,62.9441,3.87242
0.526367,559.455,13.0352,65.6995,3.97389
-4.94287,537.143,10.068,52.9008,3.3053
-3.65346,529.77,10.4606,54.413,3.44748
-4.29141,574.797,11.0617,57.8258,3.37607
-1.59587,578.519,12.4005,63.4969,3.69309
-0.79226,526.475,11.6488,59.2888,3.79591
-0.127177,587.961,13.3537,67.6303,3.88419
-4.95577,535.038,10.0233,52.6713,3.30392
-4.97012,500.894,9.37819,49.2869,3.30239
-0.938325,500.619,11.0132,56.1149,3.77691
-1.11311,552.673,12.0748,61.6047,3.75437
-0.108836,575.931,13.0898,66.2851,3.88666
1.36147,553.278,13.317,66.7106,4.09302
-2.80249,599.169,12.2413,63.2596,3.54613
-0.508006,590.993,13.2234,67.1604,3.83328
-4.24926,571.09,11.0091,57.5319,3.38073
1.51006,533.751,12.9212,64.6582,4.11477
0.649746,548.875,12.8504,64.7092,3.99117
1.50498,520.822,12.6057,63.0818,4.11403
0.474487,562.519,13.08,65.9508,3.96666
-0.303778,539.069,12.1587,61.6593,3.86046
-2.95588,573.901,11.6534,60.2924,3.52805
-0.909816,594.963,13.1034,66.7508,3.78061
0.339178,585.908,13.5521,68.3991,3.94789
-2.65169,594.145,12.212,63.0353,3.56403
-4.82426,584.91,11.0162,57.8291,3.31803
-0.575598,534.505,11.9277,60.6105,3.82434
-4.75166,569.155,10.7511,56.405,3.32585
-3.04773,528.978,10.7018,55.4082,3.51729
0.59186,568.244,13.2738,66.87,3.98305
-3.50338,572.064,11.364,59.0438,3.46459
-2.75579,559.436,11.4509,59.1538,3.55166
1.26163,514.402,12.3334,61.8283,4.0785
0.812684,598.892,14.1106,70.9706,4.01415
-3.01907,514.11,10.413,53.9008,3.52064
-3.75096,583.844,11.4832,59.7775,3.43643
-2.47815,545.942,11.2991,58.2461,3.58479
-3.45771,591.052,11.7628,61.0939,3.46982
0.00284418,575.622,13.1402,66.485,3.90179
-3.77089,513.309,10.0878,52.5217,3.43417
-2.10906,550.373,11.5594,59.4206,3.62953
1.32088,578.148,13.8937,69.6202,4.08711
-3.97317,598.169,11.6602,60.8036,3.41143
-2.42769,557.064,11.5525,59.5295,3.59086
-1.33294,595.205,12.8916,65.8808,3.72628
-3.80315,550.71,10.8088,56.2896,3.43053
-3.44848,549.29,10.9357,56.7942,3.47088
-1.41135,509.006,10.9905,56.1986,3.71634
-3.8285,552.605,10.8349,56.4367,3.42767
-1.94127,564.443,11.9342,61.2691,3.65014
-1.58901,532.159,11.4099,58.4214,3.69395
0.0428014,503.705,11.5165,58.2524,3.90723
1.54576,547.712,13.2775,66.424,4.12002
-0.684757,590.996,13.1319,66.7835,3.80998
-4.2247,582.599,11.2421,58.7382,3.38344
-4.0585,583.097,11.3274,59.1073,3.4019
0.387426,597.249,13.8405,69.8298,3.95457
-4.40122,586.148,11.2302,58.7572,3.36399
-3.95947,520.375,10.1493,52.9194,3.41296
-4.42737,591.013,11.3114,59.1944,3.36113
-1.42474,588.565,12.7016,64.9547,3.71465
-1.9876,529.291,11.1704,57.3681,3.64443
-3.00206,504.712,10.2296,52.9445,3.52263
-0.534734,594.764,13.2938,67.5314,3.82974
-3.19438,510.357,10.2646,53.2047,3.5002
-0.251545,500.282,11.307,57.3179,3.86745
-1.8905,517.1,10.9553,56.2217,3.65641
1.02291,543.1,12.9012,64.7879,4.0441
-2.35675,529.008,11.0017,56.6606,3.59942
-2.96405,587.482,11.9253,61.7029,3.52709
-0.992828,595.954,13.0823,66.6849,3.76986
-0.503372,568.124,12.714,64.5711,3.83389
-3.45652,529.355,10.5354,54.7187,3.46996
-0.477904,517.336,11.589,58.8464,3.83726
-4.31265,502.859,9.66896,50.5537,3.37373
-4.92167,568.92,10.6728,56.0693,3.30757
-3.13154,543.467,10.9581,56.7717,3.50751
-4.02793,568.248,11.0525,57.6594,3.40531
-0.814894,559.29,12.3638,62.9388,3.79296
-4.93635,588.055,11.0252,57.9273,3.306
-2.89712,558.005,11.3573,58.7339,3.53496
-2.79602,513.587,10.4955,54.2353,3.54689
-1.80762,570.068,12.1172,62.1458,3.66667
-0.236151,531.925,12.0295,60.9731,3.86952
-1.00374,597.495,13.1105,66.834,3.76845
-2.94527,589.791,11.9811,61.9831,3.52929
-2.15618,565.942,11.8642,61.009,3.62378
-0.677201,529.396,11.7666,59.837,3.81097
-3.05342,551.165,11.1481,57.7215,3.51662
-3.6029,542.578,10.7353,55.8201,3.45323
0.731504,515.151,12.0993,60.8905,4.00268
-3.02977,523.512,10.5988,54.8675,3.51939
-1.93335,551.136,11.6565,59.8399,3.65112
-3.25059,524.944,10.5343,54.626,3.49369
-1.21428,599.513,13.0459,66.61,3.7414
1.04855,599.084,14.2453,71.5243,4.04777
-4.45103,510.31,9.75751,51.0719,3.35853
-4.37636,591.309,11.3405,59.3226,3.36672
1.82397,590.414,14.4677,72.2319,4.16129
-4.86922,587.608,11.0469,58.0105,3.31319
-2.13451,531.712,11.1562,57.3589,3.62642
1.45613,519.649,12.5535,62.843,4.10686
-0.59879,594.437,13.2531,67.3567,3.82128
-2.97887,542.386,11.0033,56.9392,3.52535
-3.16666,500.378,10.0751,52.2112,3.50342
-3.07884,537.362,10.8579,56.2298,3.51365
-4.60214,567.658,10.7879,56.5319,3.34205
-1.56931,525.906,11.2846,57.7714,3.69643
-3.04914,530.258,10.7271,55.5398,3.51712
0.0587021,556.525,12.732,64.3934,3.90939
0.199922,542.527,12.4806,63.0557,3.92871
-0.332775,592.283,13.3438,67.6835,3.85658
-1.18302,501.134,10.9186,55.7351,3.7454
-3.22347,525.526,10.5574,54.7346,3.49683
-4.87818,587.019,11.0318,57.9353,3.31223
-4.50649,566.337,10.8045,56.5767,3.35247
1.98228,571.166,14.0819,70.2256,4.18504
-2.482,595.871,12.3306,63.5651,3.58433
-2.26492,589.897,12.313,63.3693,3.61054
-3.04711,504.509,10.207,52.8463,3.51736
-0.459683,567.9,12.7308,64.6355,3.83968
0.897054,580.95,13.7329,69.0282,4.02613
-0.141367,553.687,12.5682,63.6592,3.88227
0.04888,539.303,12.3333,62.3813,3.90806
1.53237,569.608,13.8012,69.0503,4.11805
-2.10177,553.651,11.6316,59.7886,3.63042
0.244197,550.243,12.68,64.0424,3.93479
-0.90412,542.375,11.9479,60.8618,3.78135
-0.742165,578.718,12.83,65.2764,3.80246
-0.115568,524.37,11.9148,60.338,3.88575
-4.95168,574.693,10.768,56.5827,3.30436
1.86446,518.175,12.7174,63.4749,4.16734
-3.5691,528.165,10.4643,54.3968,3.45708
-0.798622,567.43,12.5518,63.888,3.79508
-3.40911,514.68,10.2628,53.2836,3.4754
1.04032,555.725,13.2101,66.3305,4.04659
-1.75114,586.612,12.4968,64.0654,3.67369
0.806398,564.975,13.3083,66.938,4.01326
-2.09071,528.734,11.113,57.1181,3.63178
0.27517,537.798,12.4083,62.6555,3.93906
-3.8814,584.453,11.435,59.5868,3.42172
-2.2237,510.661,10.6766,54.9302,3.61555
0.977438,585.366,13.8807,69.7297,4.03759
-4.63509,593.661,11.267,59.058,3.33847
-1.11518,503.364,10.9966,56.1047,3.7541
1.86212,519.204,12.7415,63.5962,4.16699
0.105791,583.609,13.3763,67.6282,3.91582
1.36952,574.823,13.8399,69.326,4.0942
1.13777,521.481,12.4431,62.4348,4.0606
-3.0772,538.952,10.8908,56.3992,3.51384
-2.72967,521.391,10.6833,55.1774,3.55476
-3.74531,528.874,10.4044,54.1593,3.43707
-4.32748,530.727,10.1987,53.3296,3.3721
1.48487,525.887,12.7184,63.655,4.11107
1.50518,559.103,13.5324,67.7189,4.11405
0.502688,542.504,12.6285,63.6611,3.97059
-0.427964,596.963,13.399,68.012,3.8439
-1.09452,563.433,12.3189,62.8415,3.75675
0.315254,504.063,11.6481,58.7998,3.94458
-1.24404,516.007,11.2155,57.2774,3.7376
-2.00411,531.908,11.2183,57.6211,3.6424
0.0408452,502.012,11.4769,58.053,3.90696
-2.71286,514.183,10.5427,54.4442,3.55675
-3.05004,512.927,10.3761,53.7229,3.51702
-0.823497,527.518,11.6575,59.3471,3.79184
1.16914,518.26,12.3813,62.1106,4.06512
-2.98745,525.689,10.661,55.1711,3.52434
-0.433028,535.883,12.0257,61.0432,3.84322
0.445996,516.435,11.9951,60.4933,3.9627
-4.16156,553.585,10.7095,55.9279,3.39043
-1.904,513.896,10.8816,55.8491,3.65474
1.24123,563.882,13.509,67.732,4.07555
-4.47857,508.742,9.7167,50.8692,3.35552
-2.42139,520.65,10.8001,55.6494,3.59162
-3.43425,529.309,10.5439,54.7535,3.47251
1.8841,578.302,14.2038,70.8839,4.17029
0.947209,592.52,14.0338,70.5146,4.03328
-4.28556,526.38,10.1323,52.9651,3.37672
-2.47303,520.924,10.7836,55.5862,3.58541
-4.92324,555.827,10.4265,54.7761,3.3074
0.907626,518.086,12.2519,61.5793,4.02764
-4.67048,592.015,11.2197,58.8263,3.33463
-1.82091,566.886,12.0432,61.7726,3.66503
-3.50638,517.569,10.2802,53.414,3.46425
-0.636377,510.659,11.3684,57.7944,3.81634
1.06842,517.519,12.3153,61.8251,4.05062
-0.0368289,593.36,13.5241,68.4475,3.89641
-1.43395,592.879,12.79,65.4114,3.71348
-1.09807,545.416,11.9233,60.8251,3.7563
0.52473,577.096,13.4453,67.7675,3.97366
-4.4592,598.353,11.4372,59.8674,3.35764
0.284419,584.493,13.4905,68.1156,3.94033
-1.3968,534.157,11.5402,59.0029,3.71818
-2.90633,508.601,10.3479,53.5177,3.53387
-0.773374,525.186,11.6289,59.1794,3.79838
-3.21975,563.327,11.3185,58.6787,3.49726
1.28076,573.694,13.7652,68.9965,4.08128
-3.60528,558.092,11.0412,57.4117,3.45296
-3.20742,598.678,12.0347,62.3859,3.49869
-1.8836,577.952,12.2478,62.8518,3.65726
1.36186,504.429,12.1414,60.8215,4.09308
1.11064,534.993,12.7521,63.9978,4.05669
-3.49601,536.903,10.6687,55.428,3.46543
-1.82434,568.151,12.0685,61.9036,3.6646
-3.29561,539.886,10.8146,56.099,3.48848
0.588908,560.567,13.093,65.9605,3.98263
1.91985,511.24,12.5741,62.7344,4.17565
-2.11425,506.401,10.6337,54.6641,3.6289
-0.309628,519.655,11.7182,59.4277,3.85967
-2.63296,556.336,11.4434,59.0596,3.56626
1.09089,532.006,12.6711,63.6008,4.05385
-1.689,586.574,12.5268,64.189,3.68144
1.09044,557.241,13.2719,66.6167,4.05379
-3.01152,580.653,11.7643,60.8922,3.52152
-1.03706,598.83,13.1225,66.9121,3.76415
0.384946,599.008,13.8799,70.0299,3.95422
-1.53344,500.973,10.7649,55.0957,3.70093
-1.91004,529.078,11.2003,57.4879,3.65399
-1.05509,584.18,12.7924,65.2376,3.76183
-2.82368,597.557,12.198,63.0463,3.54362
-2.26665,535.176,11.17,57.4878,3.61033
0.958457,530.972,12.5815,63.2124,4.03488
-2.48549,538.966,11.1515,57.4883,3.58391
-0.966837,594.796,13.0703,66.6107,3.77322
-1.10947,579.918,12.6718,64.6491,3.75483
-4.78776,598.33,11.2856,59.2264,3.32196
0.43205,562.232,13.0517,65.8286,3.96076
-0.0279452,578.996,13.2013,66.8094,3.89761
0.883599,556.841,13.1561,66.1355,4.02422
-4.87169,522.811,9.8277,51.6093,3.31293
1.47906,528.457,12.7777,63.9544,4.11022
-3.5181,508.987,10.105,52.5084,3.46291
-3.4718,505.772,10.0599,52.2551,3.4682
1.35128,571.851,13.7586,68.9279,4.09154
-3.78749,504.539,9.90884,51.5965,3.4323
-4.49424,534.781,10.2076,53.4457,3.35381
0.864604,583.935,13.7861,69.3118,4.02152
-0.246972,509.071,11.5077,58.3334,3.86807
0.0926367,512.404,11.7382,59.3523,3.91402
0.88156,557.516,13.171,66.2114,4.02393
1.34952,575.466,13.8446,69.3598,4.09128
-4.76134,554.423,10.4687,54.9276,3.32481
-1.94223,550.998,11.6495,59.8078,3.65002
-3.18844,558.874,11.2431,58.2739,3.50089
-3.63179,595.773,11.7741,61.2352,3.44994
-2.08907,532.595,11.1949,57.5382,3.63198
0.247034,525.999,12.1227,61.2262,3.93518
-2.46135,537.516,11.1322,57.3782,3.58681
0.57682,500.607,11.687,58.8826,3.98094
1.92785,542.283,13.3417,66.5605,4.17685
0.0445889,584.877,13.3733,67.6437,3.90747
-1.05371,583.904,12.787,65.2096,3.76201
1.68558,564.568,13.7604,68.77,4.14069
-1.36787,588.1,12.7201,65.0216,3.72185
-4.45439,520.151,9.94433,52.0511,3.35817
-1.43205,531.822,11.4737,58.6787,3.71372
0.81303,504.982,11.8982,59.8427,4.0142
1.8214,510.311,12.5036,62.427,4.1609
1.60153,546.465,13.276,66.3892,4.12824
1.06283,540.262,12.8538,64.5307,4.04982
-4.81545,579.722,10.9224,57.3326,3.31898
0.205583,569.849,13.112,66.2432,3.92948
-0.940691,592.796,13.0398,66.4421,3.77661
-2.61785,598.233,12.3126,63.5382,3.56806
-4.17849,544.343,10.5235,54.9639,3.38856
-0.323217,507.769,11.444,58.0433,3.85786
-2.83711,500.923,10.2199,52.8278,3.54204
0.565587,503.048,11.7388,59.1487,3.97937
-4.22574,554.249,10.6946,55.878,3.38333
-1.08691,589.305,12.8884,65.743,3.75773
-0.591318,567.486,12.6559,64.3181,3.82227
1.60051,544.256,13.2218,66.1187,4.12809
1.70428,550.116,13.4179,67.0491,4.14346
1.06536,544.678,12.9601,65.0633,4.05018
0.744977,561.584,13.1968,66.4071,4.00458
-3.75953,512.778,10.082,52.4868,3.43546
1.00117,585.15,13.8884,69.7562,4.04099
-1.27742,596.245,12.9425,66.1133,3.73335
-0.226304,582.821,13.1856,66.8281,3.87084
1.77497,563.598,13.7844,68.8451,4.15397
-4.09255,542.804,10.5302,54.962,3.3981
-2.03218,593.714,12.5079,64.2585,3.63895
-2.91083,595.19,12.1075,62.6201,3.53334
-2.14965,505.214,10.5938,54.4739,3.62457
-0.65412,549.929,12.2341,62.2036,3.814
0.65472,514.793,12.0548,60.7007,3.99187
-3.51307,559.316,11.1065,57.7099,3.46348
-0.665811,594.162,13.212,67.1818,3.81247
-4.11568,578.674,11.2156,58.5499,3.39553
0.752138,597.955,14.0554,70.7241,4.00559
-2.66922,583.354,11.9818,61.8553,3.56194
0.0146422,525.946,12.0117,60.7702,3.9034
-2.05673,519.137,10.9261,56.1426,3.63594
-4.70876,530.847,10.0449,52.6823,3.33049
0.677825,513.504,12.0354,60.5929,3.99511
-0.265937,518.965,11.7227,59.4313,3.86552
-1.83166,513.148,10.897,55.8975,3.66369
-3.04406,513.785,10.396,53.8231,3.51772
1.54401,506.384,12.2748,61.4085,4.11977
-2.82328,541.022,11.0442,57.0822,3.54367
-1.03215,517.575,11.3441,57.8419,3.76479
-2.56674,546.424,11.2692,58.1313,3.57417
0.655632,567.551,13.2906,66.9234,3.99199
-4.86852,543.268,10.2136,53.6343,3.31327
0.530964,583.781,13.6044,68.5661,3.97453
-1.4336,538.044,11.6072,59.3623,3.71353
-3.61796,503.349,9.95309,51.7589,3.45151
-0.426661,570.66,12.8093,65.0179,3.84407
-0.531955,519.588,11.6148,59.0009,3.83011
-1.17516,595.545,12.9796,66.252,3.74641
-0.205424,565.79,12.8108,64.9185,3.87365
-4.20196,500.182,9.66056,50.4662,3.38596
-2.82063,538.178,10.9873,56.787,3.54398
-2.08982,574.529,12.076,62.067,3.63189
-0.477083,526.712,11.7994,59.9145,3.83737
-3.20988,502.457,10.0995,52.3549,3.4984
-2.96905,571.738,11.6034,60.0396,3.5265
1.00082,581.121,13.7925,69.2752,4.04094
-0.763013,573.917,12.7132,64.6919,3.79973
-4.2021,575.635,11.1178,58.0788,3.38594
-2.75781,582.994,11.9321,61.6408,3.55142
0.217651,543.148,12.5035,63.1634,3.93114
-2.25641,575.435,12.0152,61.8326,3.61157
-2.20677,533.95,11.171,57.4667,3.61761
-4.19487,590.953,11.417,59.6384,3.38674
-3.90206,535.897,10.4763,54.5997,3.4194
-2.49963,511.217,10.5714,54.5036,3.58221
-2.39731,558.768,11.6019,59.77,3.59452
-3.21755,516.56,10.3798,53.811,3.49751
-0.654759,579.873,12.8999,65.5893,3.81392
-0.349159,514.354,11.5806,58.7475,3.85439
-1.99545,513.267,10.8288,55.6171,3.64347
-2.95672,584.374,11.8657,61.391,3.52795
-1.03007,541.432,11.868,60.5121,3.76506
-0.815554,598.171,13.223,67.3129,3.79287
-4.8015,534.261,10.0716,52.8607,3.32048
-3.2479,526.101,10.5586,54.7512,3.494
-0.369448,599.211,13.4804,68.3953,3.85169
-1.21501,596.061,12.9704,66.2249,3.74131
0.928323,511.913,12.1157,60.8854,4.03058
-1.99652,577.402,12.1815,62.5647,3.64334
-4.9009,545.288,10.2381,53.7767,3.3098
-2.37459,558.436,11.6055,59.7782,3.59727
-0.592437,567.459,12.6547,64.3127,3.82212
-4.78815,542.711,10.2364,53.7202,3.32192
-1.41738,535.33,11.5561,59.0936,3.71558
-2.8953,542.462,11.0417,57.1012,3.53517
-4.63256,558.25,10.5961,55.5399,3.33875
-3.66694,549.681,10.8479,56.4334,3.44595
-3.29263,515.883,10.335,53.61,3.48882
-2.26097,547.809,11.4363,58.8555,3.61102
-3.96115,572.222,11.1598,58.1889,3.41277
-0.545232,514.556,11.4963,58.4048,3.82835
-4.15764,519.036,10.0427,52.4441,3.39087
1.75279,577.224,14.1056,70.4605,4.15067
-3.02883,568.522,11.5105,59.5867,3.5195
-0.838308,546.996,12.0809,61.5094,3.78991
-4.72436,547.948,10.3619,54.3518,3.3288
1.39966,561.339,13.531,67.7641,4.0986
0.467025,508.809,11.8277,59.6397,3.96562
0.972054,562.028,13.3245,66.9384,4.03682
-2.54863,519.924,10.7305,55.3444,3.57634
-4.66577,517.611,9.8115,51.4409,3.33514
-3.91273,530.363,10.3636,54.0172,3.4182
-3.93868,562.052,10.9714,57.1964,3.41529
-1.76003,534.03,11.3727,58.3061,3.67259
-4.06049,554.556,10.7721,56.2105,3.40167
-3.56703,595.863,11.8066,61.3733,3.45732
0.628103,517.58,12.1074,60.9778,3.98813
-0.211915,507.395,11.4856,58.2062,3.87277
0.38087,521.116,12.0731,60.9157,3.95366
1.16982,563.149,13.4541,67.4918,4.06522
-1.81413,572.665,12.1693,62.4159,3.66587
-1.80939,512.459,10.892,55.8625,3.66645
-0.246422,577.692,13.0592,66.1976,3.86814
-1.03353,583.148,12.7807,65.1672,3.76461
1.45994,576.959,13.9401,69.7821,4.10742
1.06215,532.177,12.661,63.5636,4.04972
-0.287827,551.226,12.4407,63.0818,3.86259
1.2029,548.294,13.116,65.78,4.07
-1.88571,532.084,11.2749,57.8598,3.657
-1.57536,596.164,12.7891,65.4766,3.69567
-1.09541,548.259,11.9867,61.1473,3.75664
-2.75288,588.907,12.0555,62.2758,3.552
1.75502,521.216,12.738,63.6282,4.151
-2.413,551.074,11.435,58.9172,3.59263
-4.65825,551.515,10.4573,54.8238,3.33596
1.352,581.613,13.9938,70.1062,4.09164
0.46335,587.399,13.6526,68.8434,3.96511
-1.15549,578.036,12.6078,64.3446,3.74893
-4.02727,556.057,10.8157,56.4236,3.40538
0.0545116,504.135,11.5316,58.3238,3.90882
0.310647,598.467,13.8272,69.8021,3.94395
-2.93754,512.288,10.4099,53.8515,3.5302
-0.923877,516.422,11.3673,57.913,3.77879
-4.10382,552.382,10.7111,55.9113,3.39685
1.74611,504.873,12.3343,61.6158,4.14968
-3.1598,588.503,11.8528,61.4201,3.50422
-2.26219,568.71,11.872,61.0986,3.61087
1.64832,555.604,13.5224,67.5989,4.13516
-0.0120389,520.712,11.8798,60.1145,3.89977
-4.93828,513.432,9.62536,50.5732,3.30579
0.394564,595.352,13.8004,69.6238,3.95556
0.896194,534.616,12.6372,63.5212,4.02601
1.92537,563.194,13.8549,69.1217,4.17648
-4.30505,543.564,10.4548,54.6594,3.37457
-1.60793,535.748,11.4782,58.7797,3.69158
-3.83086,580.899,11.3886,59.3218,3.42741
-4.22328,510.818,9.85751,51.5035,3.3836
-4.72795,597.97,11.3062,59.3065,3.32841
-0.399064,566.13,12.7214,64.5585,3.84774
-4.35099,563.213,10.8127,56.5506,3.36951
1.28357,576.943,13.8447,69.3935,4.08169
-0.325947,557.924,12.573,63.7709,3.85749
-4.84412,584.933,11.0078,57.7937,3.31589
-0.31923,516.094,11.6335,59.0024,3.85839
-1.27184,533.279,11.5783,59.142,3.73406
-2.81775,575.118,11.7428,60.6904,3.54432
0.212549,584.02,13.4417,67.9055,3.93044
-0.611357,576.533,12.8475,65.3018,3.81963
0.722599,551.08,12.9387,65.119,4.00142
-1.2073,559.583,12.1803,62.1874,3.7423
1.74521,548.66,13.4036,66.9577,4.14954
-1.53185,518.466,11.1415,57.0225,3.70114
-4.33078,552.389,10.6136,55.5003,3.37173
0.6388,530.427,12.4131,62.5125,3.98963
-4.95328,585.062,10.9615,57.6006,3.30419
-2.05157,506.752,10.6676,54.8123,3.63657
0.808491,543.643,12.8068,64.4149,4.01356
-1.5683,525.394,11.2741,57.717,3.69655
1.5558,523.711,12.7006,63.5333,4.1215
-3.67165,518.792,10.2363,53.254,3.44541
0.630669,526.922,12.3272,62.0835,3.98849
-2.78058,526.486,10.7658,55.6251,3.54872
1.17486,592.441,14.1567,71.0136,4.06595
-2.60828,548.938,11.3023,58.3206,3.56921
1.62975,596.218,14.5005,72.4979,4.13242
-2.28169,586.483,12.2335,62.9686,3.60851
-2.22153,577.377,12.0725,62.111,3.61581
-1.71723,525.148,11.2025,57.4151,3.67792
0.981074,563.006,13.3523,67.0739,4.03811
-4.19862,522.635,10.0956,52.7374,3.38633
-3.60567,540.062,10.6843,55.5562,3.45291
1.60536,566.716,13.77,68.8577,4.12881
-0.157449,518.135,11.7538,59.5413,3.8801
0.870364,584.527,13.8032,69.3947,4.02234
-1.46343,500.31,10.7805,55.1464,3.70976
-1.58837,562.724,12.0655,61.7781,3.69403
-0.0567199,596.632,13.588,68.7815,3.89371
1.86963,541.405,13.2902,66.3312,4.16812
-4.63988,518.409,9.83693,51.5638,3.33795
0.224033,546.752,12.5896,63.5954,3.93202
-4.44041,589.196,11.2707,58.9872,3.3597
-0.890023,528.775,11.6547,59.3624,3.78318
-2.37811,519.354,10.7918,55.5883,3.59684
-3.0916,509.15,10.2826,53.2557,3.51216
-0.390831,555.086,12.4773,63.3157,3.84884
-2.99382,586.377,11.8887,61.5276,3.5236
0.0984538,504.31,11.5555,58.4256,3.91482
-2.83389,577.578,11.7854,60.9183,3.54242
0.27684,553.954,12.7818,64.5412,3.93929
-3.92224,528.404,10.3214,53.801,3.41713
-1.67827,589.065,12.5854,64.4838,3.68278
1.61868,508.339,12.3579,61.7907,4.13078
-4.25465,575.204,11.086,57.9361,3.38013
-3.11803,515.984,10.4096,53.9244,3.50908
-3.39823,565.604,11.2832,58.5763,3.47665
-0.110877,544.554,12.3757,62.6699,3.88639
1.84388,510.904,12.529,62.5438,4.16426
-0.0886227,593.047,13.4895,68.2989,3.8894
-3.69278,525.723,10.3643,53.9285,3.44302
-0.125053,559.634,12.7114,64.3763,3.88447
-0.76443,519.535,11.5079,58.5593,3.79954
1.78537,527.923,12.9171,64.5084,4.15553
1.7788,554.74,13.5698,67.7713,4.15455
-3.17649,509.593,10.2566,53.1558,3.50228
0.976222,575.073,13.636,68.5011,4.03742
-1.03633,513.755,11.2585,57.4073,3.76425
-0.691533,542.273,12.046,61.2645,3.80909
-1.23342,569.889,12.3919,63.2799,3.73896
-4.5218,505.923,9.64599,50.5162,3.3508
1.41345,546.899,13.19,66.0496,4.10061
-3.42519,583.924,11.6361,60.4208,3.47355
-1.80327,546.464,11.6175,59.581,3.66721
0.00634345,528.877,12.0747,61.0928,3.90227
-0.706992,584.254,12.9707,65.9749,3.80706
-0.263075,500.365,11.3038,57.3064,3.86591
-1.8747,563.102,11.9374,61.2544,3.65836
-2.04049,584.278,12.305,63.2203,3.63793
-3.30288,513.831,10.2897,53.3791,3.48764
-0.169028,533.744,12.1024,61.3124,3.87854
-2.59561,578.18,11.9104,61.4525,3.57072
-4.83263,569.87,10.7293,56.3266,3.31713
-1.22758,510.342,11.0996,56.6784,3.73971
-4.86577,540.045,10.1541,53.3209,3.31357
-0.907279,500.173,11.0168,56.1205,3.78094
-1.27412,579.437,12.5793,64.2564,3.73377
-0.632393,509.563,11.3458,57.6776,3.81686
1.74474,580.621,14.1842,70.8572,4.14947
-3.77513,531.691,10.4473,54.395,3.43369
-3.49515,536.146,10.654,55.3514,3.46553
1.6797,555.12,13.5271,67.6068,4.13981
-0.652118,500.454,11.1343,56.6109,3.81427
-3.57733,511.679,10.1343,52.6848,3.45614
-0.921578,574.591,12.6488,64.441,3.77909
-4.59853,537.792,10.2218,53.5639,3.34244
-2.26144,520.873,10.8737,55.9607,3.61096
-3.90899,557.271,10.8911,56.7646,3.41862
-0.382203,585.525,13.166,66.8061,3.84999
-4.73939,549.871,10.392,54.5157,3.32718
0.622762,548.451,12.8269,64.604,3.98738
-0.960707,593.437,13.0436,66.4715,3.77402
0.659108,532.076,12.4616,62.7472,3.99248
-3.97565,551.527,10.7499,56.0579,3.41115
-2.58462,598.564,12.3358,63.6416,3.57203
-0.195688,544.747,12.339,62.5233,3.87495
-0.448397,554.924,12.4455,63.1813,3.84118
-1.63161,581.808,12.4534,63.7848,3.68861
1.71627,501.097,12.228,61.0976,4.14524
-0.0808047,559.418,12.7285,64.442,3.89045
-1.86308,529.944,11.2396,57.6689,3.6598
-0.240955,563.693,12.7455,64.6048,3.86887
-2.31464,531.66,11.0755,57.0219,3.60451
-0.980089,525.377,11.5388,58.8116,3.77151
1.68287,509.574,12.4188,62.066,4.14028
-0.0415853,589.246,13.4278,67.9627,3.89576
-3.74239,504.114,9.91847,51.6286,3.4374
0.177123,549.138,12.6214,63.778,3.92558
-0.354657,551.547,12.4153,62.9845,3.85366
-4.14974,517.43,10.0148,52.2953,3.39175
-2.3534,592.772,12.3295,63.497,3.59982
0.739104,514.813,12.0949,60.8653,4.00375
-0.957468,515.035,11.3217,57.6955,3.77444
0.174501,527.816,12.1301,61.2965,3.92522
0.75788,527.037,12.3912,62.3475,4.0064
-0.134063,535.116,12.1502,61.5383,3.88326
-3.12742,597.592,12.0515,62.4342,3.50799
-1.99027,548.094,11.566,59.4009,3.6441
-3.32616,500.136,10.0061,51.9172,3.48495
0.487889,500.698,11.6486,58.7277,3.96853
-1.68373,502.096,10.725,54.9539,3.6821
-3.44176,595.453,11.8579,61.5807,3.47165
-1.36455,591.609,12.7977,65.4166,3.72227
-3.66528,554.038,10.9346,56.8837,3.44614
-4.70208,587.8,11.1256,58.3472,3.33121
-2.13586,572.807,12.0178,61.7894,3.62626
0.9789,516.627,12.2514,61.5444,4.0378
-1.07633,562.745,12.3127,62.8012,3.7591
-3.54593,536.391,10.6372,55.2855,3.45973
-2.27445,525.296,10.9604,56.4123,3.60939
1.48676,541.812,13.1045,65.5866,4.11135
-1.42581,500.413,10.7987,55.2242,3.71451
-3.43497,548.589,10.9277,56.7465,3.47243
1.30874,531.292,12.7616,63.9533,4.08534
1.562,569.523,13.8149,69.1044,4.12241
-0.411237,581.507,13.0607,66.2864,3.84612
0.944247,571.418,13.5324,67.9969,4.03285
1.62495,553.565,13.4606,67.3013,4.13171
-4.77947,592.51,11.1796,58.6662,3.32285
1.33624,515.809,12.403,62.1435,4.08935
-2.68493,525.324,10.7831,55.6739,3.56007
0.462149,516.953,12.0147,60.5849,3.96494
1.95043,501.154,12.3406,61.5559,4.18025
1.45014,507.613,12.2599,61.3759,4.10598
0.708662,559.408,13.127,66.0739,3.99946
-0.921437,578.721,12.7398,64.9045,3.7791
-1.7982,585.439,12.4486,63.8407,3.66784
1.72707,509.687,12.4428,62.1661,4.14685
-2.50856,515.775,10.6618,54.9737,3.58114
-3.85223,581.171,11.3841,59.3084,3.425
0.698796,518.194,12.1553,61.1869,3.99807
-1.19924,547.613,11.9236,60.8728,3.74333
-0.707572,501.246,11.1276,56.6004,3.80699
-1.03839,523.469,11.4705,58.489,3.76398
-2.90177,515.973,10.4998,54.3015,3.53441
-0.425878,574.301,12.8914,65.4345,3.84417
0.286207,505.351,11.6646,58.8959,3.94058
-4.8503,521.012,9.80239,51.4677,3.31523
-1.48849,536.726,11.5537,59.1128,3.7066
-3.44641,577.204,11.4924,59.6844,3.47112
-4.35817,576.431,11.0632,57.8642,3.36872
-3.29169,552.192,11.0628,57.385,3.48893
0.920339,517.626,12.2471,61.5494,4.02945
-4.53562,590.36,11.2496,58.9205,3.34929
0.966993,565.219,13.3975,67.3076,4.0361
-4.24319,595.683,11.486,60.0212,3.38139
-1.11376,586.074,12.8042,65.3265,3.75428
1.9655,586.544,14.4517,72.0783,4.18251
-1.56394,533.13,11.442,58.575,3.6971
0.431658,536.967,12.465,62.8696,3.9607
1.51904,562.925,13.6322,68.2115,4.11609
-1.05912,535.564,11.7259,59.8008,3.76131
-4.91538,583.926,10.9571,57.56,3.30824
-3.01606,532.004,10.7767,55.7822,3.52099
-0.196445,538.749,12.2028,61.8334,3.87485
-1.45589,539.25,11.623,59.4529,3.71071
0.0733437,530.536,12.1444,61.4149,3.91139
-2.09327,562.074,11.8126,60.7147,3.63146
-3.79158,555.766,10.9131,56.8277,3.43184
-2.04934,598.207,12.5939,64.709,3.63685
-0.770874,592.371,13.1179,66.7553,3.7987
-4.06217,517.232,10.0464,52.4245,3.40149
-2.63075,504.089,10.3696,53.5169,3.56652
-3.1159,539.1,10.8769,56.3441,3.50933
-2.50352,573.881,11.8654,61.1769,3.58175
-1.04477,520.919,11.4117,58.1922,3.76316
-4.95527,517.832,9.70117,50.9783,3.30397
1.4726,509.205,12.3091,61.6119,4.10927
-3.00466,503.418,10.2023,52.8043,3.52233
-2.07748,556.689,11.7067,60.1635,3.6334
-3.56359,565.891,11.2142,58.2927,3.45771
-3.48495,503.791,10.0152,52.0283,3.4667
0.62426,505.097,11.8137,59.5,3.98759
1.7636,524.526,12.8231,64.0495,4.15228
-2.40713,538.301,11.1726,57.5625,3.59334
0.634651,577.308,13.5081,68.0287,3.98905
-0.494382,531.151,11.8908,60.3861,3.83508
0.178876,580.115,13.3343,67.3794,3.92582
-4.47899,502.126,9.59018,50.207,3.35548
0.768249,556.481,13.0887,65.8523,4.00786
-2.76525,561.113,11.4809,59.313,3.55054
1.65853,508.689,12.3855,61.9108,4.13668
-4.76231,572.234,10.8046,56.6904,3.3247
1.15163,584.079,13.9443,69.96,4.0626
-3.42045,524.287,10.4497,54.2583,3.4741
0.40432,532.88,12.357,62.3371,3.95691
-2.02153,563.927,11.8854,61.0555,3.64026
-0.775783,532.758,11.7955,60.028,3.79806
-4.89271,588.912,11.0608,58.0946,3.31067
-3.11999,562.382,11.3447,58.7696,3.50885
-4.50527,593.401,11.3214,59.2828,3.3526
0.799501,557.788,13.1354,66.0721,4.01228
-3.47505,539.154,10.7225,55.6982,3.46783
-3.03984,559.793,11.3288,58.6509,3.51821
-2.44953,598.212,12.3951,63.8816,3.58823
0.906068,534.481,12.6389,63.5249,4.02741
-2.44859,564.031,11.6873,60.2334,3.58835
-4.8677,573.872,10.7893,56.6572,3.31336
-0.701627,510.436,11.3343,57.6491,3.80777
-4.9737,568.653,10.6453,55.9477,3.302
-4.88759,520.927,9.78598,51.3966,3.31122
0.918634,534.675,12.6497,63.5731,4.0292
0.556529,515.592,12.0273,60.6062,3.9781
-2.20352,557.131,11.6575,59.9678,3.61801
-4.21069,598.275,11.5511,60.3462,3.38499
-1.27709,521.015,11.3096,57.7722,3.73339
-4.71897,587.918,11.1202,58.3267,3.32938
-2.36129,555.92,11.5593,59.5343,3.59887
-4.62201,501.565,9.5242,49.9175,3.33989
-2.08643,568.351,11.9477,61.4062,3.6323
-4.91359,598.559,11.2325,59.0059,3.30843
-1.5905,566.459,12.1446,62.1839,3.69377
1.54229,530.14,12.8498,64.2859,4.11951
1.39983,524.321,12.6388,63.2956,4.09862
-2.48263,507.931,10.5106,54.1829,3.58425
-0.583064,565.195,12.6089,64.0753,3.82336
0.0964704,587.195,13.4536,68.0236,3.91455
-1.37221,538.107,11.6368,59.486,3.7213
-2.43553,523.993,10.8633,55.9813,3.58992
0.0419298,500.126,11.4343,57.837,3.90711
0.982465,586.352,13.9068,69.8583,4.03831
1.70962,524.84,12.8041,63.9792,4.14425
-0.693161,552.764,12.2783,62.4465,3.80888
-4.69462,529.477,10.0247,52.5706,3.33202
1.39375,528.503,12.7366,63.7883,4.09773
0.928201,569.589,13.4807,67.745,4.03057
1.48952,531.039,12.8453,64.288,4.11175
0.787743,539.634,12.7021,63.898,4.01062
0.698447,568.889,13.3442,67.1721,3.99802
-3.18941,537.725,10.8172,56.0668,3.50078
-3.43008,512.818,10.2171,53.0548,3.47299
-3.82023,530.558,10.4061,54.1997,3.42861
0.822305,566.785,13.3592,67.1863,4.01552
-0.0864561,576.384,13.1116,66.3845,3.88969
-1.16915,554.272,12.0829,61.6724,3.74718
-2.79472,535.696,10.9479,56.5724,3.54705
-4.56863,515.507,9.81011,51.3945,3.3457
-0.254126,521.833,11.7929,59.7821,3.86711
-0.636613,511.341,11.3835,57.8711,3.8163
-2.913,544.156,11.0684,57.2467,3.53309
-3.29123,591.151,11.8436,61.4346,3.48898
1.10504,534.604,12.74,63.9399,4.05589
-2.76401,569.662,11.6564,60.2191,3.55068
-1.87517,505.203,10.7097,54.9553,3.6583
-0.0744063,576.254,13.1149,66.395,3.89132
-3.08843,515.92,10.4206,53.9693,3.51253
-1.15656,565.749,12.3393,62.9748,3.74879
-0.70944,572.786,12.7149,64.6748,3.80674
-1.71789,540.645,11.5328,59.1082,3.67784
-4.61745,501.902,9.53236,49.9585,3.34039
-3.02121,524.809,10.6287,55.0187,3.52039
1.07544,516.019,12.283,61.6595,4.05163
-1.95836,506.213,10.6958,54.9182,3.64803
-4.34907,551.324,10.5853,55.3603,3.36972
-4.76243,556.72,10.5116,55.1532,3.32469
-2.56936,539.745,11.1303,57.416,3.57386
0.067709,550.043,12.5882,63.6617,3.91062
-3.73215,538.942,10.6081,55.2139,3.43855
-0.24764,518.774,11.7268,59.444,3.86798
-0.327954,527.933,11.8963,60.3392,3.85722
0.608036,518.678,12.1236,61.0685,3.98531
-1.81181,585.6,12.4453,63.8305,3.66615
-1.28899,567.473,12.3123,62.8996,3.73187
-0.793133,565.903,12.5208,63.7272,3.7958
-2.41019,586.165,12.1645,62.6745,3.59297
1.31441,553.72,13.3033,66.665,4.08617
0.578771,508.172,11.8645,59.7761,3.98121
-3.45808,542.813,10.8026,56.1071,3.46978
-1.7643,532.807,11.3447,58.1646,3.67206
-2.47267,562.506,11.6445,60.0239,3.58545
-1.97055,515.178,10.8799,55.8689,3.64653
-1.23131,545.66,11.866,60.5936,3.73923
0.583139,594.874,13.8912,69.9845,3.98183
-1.96906,569.787,12.0339,61.794,3.64672
0.873003,562.414,13.2823,66.775,4.02271
-3.45017,547.359,10.8965,56.5914,3.47068
-1.79248,592.895,12.61,64.6657,3.66855
-3.54382,532.742,10.5657,54.9132,3.45997
1.60221,535.859,13.0186,65.102,4.12835
1.69766,501.62,12.2319,61.1256,4.14248
-4.15911,533.207,10.3162,53.8734,3.39071
-3.67028,509.264,10.0489,52.2783,3.44557
-1.6144,588.849,12.6126,64.5923,3.69077
-4.49172,584.459,11.1569,58.4152,3.35408
-3.15385,501.567,10.1042,52.357,3.50491
1.38767,528.061,12.7229,63.7227,4.09684
-1.25885,578.589,12.5684,64.1937,3.73571
-0.334245,505.263,11.3826,57.7366,3.85638
0.285882,518.213,11.9614,60.3942,3.94053
-1.36205,590.516,12.7753,65.3009,3.72259
-3.68506,567.838,11.198,58.2632,3.44389
1.09153,552.873,13.1685,66.0968,4.05394
-2.37925,514.293,10.6861,55.0446,3.5967
-2.86829,502.109,10.2314,52.8996,3.53836
-2.84531,586.103,11.9539,61.7947,3.54107
-4.47836,512.127,9.78146,51.2082,3.35555
-4.67866,557.054,10.5536,55.3376,3.33375
-0.13434,510.288,11.5863,58.6827,3.88322
-3.3422,511.544,10.2277,53.0738,3.4831
-4.38112,592.754,11.366,59.4583,3.3662
-3.03058,537.743,10.8866,56.3575,3.51929
0.778579,541.251,12.7356,64.0708,4.00932
-1.03056,524.882,11.505,58.6615,3.76499
0.351247,538.582,12.4633,62.8983,3.94956
0.961468,533.307,12.6384,63.4964,4.03531
-0.24167,598.373,13.5293,68.5779,3.86878
1.19897,597.003,14.279,71.6149,4.06943
-1.20793,536.445,11.6764,59.6148,3.74222
-4.66423,533.736,10.1178,53.0461,3.33531
0.2839,513.153,11.8437,59.8008,3.94026
0.693433,543.595,12.7484,64.1753,3.99731
-4.6829,589.583,11.168,58.5608,3.33329
-3.25992,517.999,10.391,53.8869,3.4926
-1.49054,526.249,11.3272,57.9551,3.70634
-4.61105,520.739,9.89267,51.8443,3.34108
-1.87697,523.827,11.1037,56.9778,3.65808
-4.4876,569.287,10.8691,56.9064,3.35453
0.782962,584.006,13.744,69.1416,4.00994
-1.91747,540.591,11.4407,58.725,3.65308
-1.30366,566.251,12.2787,62.7348,3.73001
-4.11275,547.564,10.6138,55.4075,3.39586
-2.60225,591.361,12.1787,62.84,3.56993
0.0861439,529.912,12.1362,61.3676,3.91314
0.957436,597.33,14.1534,71.11,4.03474
-2.69789,506.512,10.3916,53.6579,3.55853
-2.58791,594.461,12.2496,63.1986,3.57164
0.255893,554.638,12.7871,64.5779,3.9364
-3.0522,546.564,11.0556,57.242,3.51677
-2.89119,558.585,11.3718,58.8061,3.53566
-0.839021,503.435,11.1185,56.6097,3.78981
-4.65374,597.366,11.3288,59.3904,3.33645
-0.398147,575.355,12.9292,65.6124,3.84786
0.370515,526.161,12.1851,61.4853,3.95222
-4.74363,533.14,10.074,52.8497,3.32672
-4.51023,576.351,10.9939,57.57,3.35206
-3.07648,536.493,10.8414,56.1431,3.51393
0.663095,529.779,12.4097,62.4842,3.99304
-4.08657,544.01,10.5561,55.0948,3.39877
0.0352979,553.999,12.6627,64.0536,3.90621
0.379734,538.288,12.4704,62.9208,3.9535
1.08838,581.025,13.8373,69.4555,4.05349
0.0165547,527.712,12.053,60.9779,3.90366
1.44501,557.918,13.4722,67.4474,4.10523
-4.82635,596.579,11.235,58.9787,3.3178
-1.61379,566.075,12.1252,62.0954,3.69085
1.7764,516.783,12.6401,63.1295,4.15419
-1.36059,562.968,12.18,62.2575,3.72277
-0.837563,572.944,12.6544,64.4287,3.79
0.0567524,552.932,12.6489,63.9738,3.90913
-3.51511,566.602,11.2502,58.4578,3.46325
-3.12478,590.63,11.9123,61.712,3.5083
0.852826,540.231,12.7484,64.1003,4.01984
-1.97254,501.867,10.598,54.4219,3.64629
-3.39205,594.318,11.859,61.5624,3.47736
-4.11632,543.124,10.5263,54.9518,3.39546
-2.19485,547.568,11.4613,58.9549,3.61906
1.38389,544.584,13.1191,65.7088,4.09629
-4.90398,572.645,10.7504,56.469,3.30947
-2.64952,559.722,11.5054,59.3872,3.56429
-1.45806,590.769,12.7323,65.1284,3.71044
-2.92947,575.02,11.6885,60.4615,3.53115
-4.93787,578.26,10.8409,56.9596,3.30584
-0.316746,525.12,11.8381,60.039,3.85872
1.70603,564.519,13.7701,68.8083,4.14372
0.0206415,556.988,12.7237,64.3692,3.90421
-1.4401,569.216,12.2765,62.7884,3.71271
-3.53459,561.849,11.1471,57.9308,3.46102
-2.69505,523.506,10.7415,55.4632,3.55887
-4.32656,528.644,10.1591,53.1219,3.3722
-3.8963,506.709,9.90797,51.6356,3.42005
0.21266,588.89,13.5539,68.472,3.93046
0.734591,527.97,12.4018,62.4118,4.00311
-3.94845,590.338,11.519,60.0558,3.4142
-1.34103,573.868,12.4255,63.5027,3.72526
0.0365438,531.019,12.138,61.399,3.90638
-3.42156,587.838,11.7158,60.833,3.47397
-2.81391,571.199,11.6645,60.2843,3.54478
-4.89943,598.034,11.2291,58.9815,3.30995
-3.44079,575.994,11.4709,59.5702,3.47176
0.801223,583.541,13.7428,69.1264,4.01253
-1.84333,519.865,11.0345,56.608,3.66225
-4.77872,561.791,10.6003,55.626,3.32293
-1.27495,544.373,11.8177,60.3664,3.73366
0.96285,584.483,13.8519,69.5925,4.03551
-0.23225,533.166,12.0594,61.123,3.87004
-4.63337,524.604,9.9571,52.191,3.33866
1.9784,579.596,14.2876,71.2533,4.18446
-2.04159,517.752,10.9035,56.02,3.6378
0.13366,556.728,12.7741,64.5703,3.91963
0.322266,561.091,12.9695,65.4669,3.94555
-4.80049,569.598,10.7381,56.3589,3.32059
0.0517802,542.923,12.4175,62.8058,3.90845
-2.06845,542.724,11.4172,58.6713,3.63451
-4.45123,533.543,10.2017,53.3967,3.35851
-0.0160586,596.838,13.6144,68.8942,3.89923
-1.64028,575.944,12.3236,63.1243,3.68753
1.78314,530.685,12.9835,64.8415,4.15519
-2.35105,569.009,11.8363,60.9562,3.60011
-2.91202,551.277,11.2137,57.9977,3.5332
-1.50613,566.019,12.1757,62.3039,3.70437
-3.26661,500.992,10.0472,52.1065,3.49183
-0.549144,564.982,12.621,64.1204,3.82784
-0.0601246,553.028,12.5933,63.7479,3.89325
1.70327,517.719,12.6272,63.0985,4.14331
-3.78186,573.748,11.2706,58.6849,3.43293
1.22219,504.43,12.0758,60.5545,4.07279
-3.06777,565.969,11.441,59.2444,3.51495
-1.44502,548.736,11.8325,60.5198,3.71208
-0.442539,560.125,12.565,63.7854,3.84196
-1.3835,599.362,12.9557,66.2336,3.71987
-1.18192,563.129,12.2698,62.6323,3.74554
-1.43062,581.524,12.5467,64.1655,3.7139
0.419375,565.09,13.1116,66.1366,3.959
-2.72446,554.087,11.3556,58.6474,3.55537
-3.42635,574.439,11.4465,59.4372,3.47342
0.800131,560.047,13.189,66.3411,4.01237
-1.56628,509.653,10.9372,55.9914,3.69681
0.429227,591.007,13.7182,69.1915,3.96037
-1.4599,527.11,11.3595,58.107,3.7102
1.29753,548.405,13.167,65.99,4.08371
-3.98133,597.532,11.6439,60.7228,3.41051
-1.38447,576.752,12.4665,63.7331,3.71974
-4.16855,509.394,9.85176,51.4515,3.38966
-1.01793,536.527,11.7661,59.9872,3.76662
1.90262,537.656,13.215,65.9403,4.17306
-2.56633,515.483,10.6313,54.8404,3.57422
-3.7988,566.948,11.1294,57.9574,3.43102
-0.470302,567.18,12.7094,64.5317,3.83827
-4.03835,578.655,11.2502,58.6954,3.40414
-2.0174,595.767,12.5585,64.5113,3.64077
-0.127758,578.045,13.1281,66.4885,3.88411
-4.69792,518.402,9.8137,51.4655,3.33166
0.0652116,515.401,11.7942,59.6474,3.91028
-3.27496,553.421,11.0949,57.5439,3.49086
-4.3907,590.022,11.3092,59.1657,3.36515
-3.61417,598.83,11.8429,61.5847,3.45195
-4.2273,588.345,11.3518,59.3125,3.38315
-0.0105105,501.334,11.4384,57.8802,3.89998
1.85328,556.293,13.647,68.1203,4.16567
1.11596,566.556,13.5072,67.7849,4.05746
-1.34545,533.329,11.5457,59.0084,3.72469
0.919184,572.528,13.5455,68.0751,4.02928
-1.13699,540.091,11.7888,60.1564,3.7513
1.86546,557.202,13.6757,68.2577,4.16749
-3.90395,522.562,10.2148,53.2378,3.41919
-3.98903,562.307,10.9541,57.1287,3.40965
-4.45278,567.535,10.8509,56.7958,3.35834
-4.668,587.62,11.1375,58.3942,3.3349
-1.02933,563.907,12.361,63.0255,3.76515
1.18116,586.807,14.0255,70.3523,4.06686
0.88185,500.584,11.8262,59.4506,4.02397
-3.56033,583.516,11.565,60.1147,3.45808
-3.64144,512.743,10.1293,52.6847,3.44884
-1.78041,569.883,12.1264,62.1799,3.67005
1.17687,549.125,13.1226,65.8258,4.06624
-0.385808,519.789,11.6862,59.299,3.84951
-4.82174,502.061,9.45679,49.642,3.3183
-4.46882,528.261,10.0935,52.8378,3.35659
-4.03753,510.03,9.91633,51.7359,3.40424
-1.50249,571.839,12.3027,62.9518,3.70483
-4.09136,561.508,10.8935,56.858,3.39824
-3.1563,528.598,10.6477,55.1743,3.50463
1.29286,537.328,12.8987,64.6476,4.08304
-0.901198,568.027,12.5144,63.7462,3.78173
-2.40515,560.291,11.6299,59.9178,3.59358
0.616029,549.616,12.8508,64.7275,3.98643
-2.68118,561.469,11.5268,59.5119,3.56052
-3.37813,562.945,11.2392,58.3389,3.47896
-1.46411,576.847,12.4293,63.5812,3.70967
1.82534,595.824,14.601,72.897,4.16149
-2.59183,530.866,10.9374,56.4305,3.57117
-4.2483,598.266,11.5334,60.2715,3.38083
-1.21708,510.979,11.1181,56.7683,3.74105
-4.03095,502.139,9.76549,50.9464,3.40497
-1.9506,567.062,11.9851,61.5349,3.64899
-1.12355,529.319,11.5598,58.9818,3.75303
0.413556,531.402,12.3271,62.1825,3.95819
0.788468,557.847,13.1312,66.0561,4.01072
-4.28608,560.132,10.7818,56.3603,3.37666
-4.57664,511.623,9.73305,50.994,3.34482
-2.84685,511.902,10.4399,53.9687,3.54088
0.177689,527.243,12.1184,61.2362,3.92566
0.349099,544.766,12.6054,63.6161,3.94926
-1.50809,535.822,11.5253,58.9762,3.70413
-4.10694,586.755,11.3762,59.3844,3.3965
-4.58463,586.584,11.1555,58.4501,3.34395
-1.87115,579.864,12.2944,63.0849,3.6588
-4.93234,554.013,10.3886,54.581,3.30643
1.57292,529.637,12.8529,64.2869,4.12402
-1.79046,571.891,12.1643,62.3789,3.6688
-4.40167,571.889,10.9568,57.3269,3.36394
-4.41731,526.431,10.0795,52.7432,3.36223
-1.9304,526.557,11.138,57.1767,3.65148
-0.497558,595.174,13.3224,67.6581,3.83466
-0.299739,509.709,11.4983,58.3085,3.861
-2.90844,567.873,11.5529,59.7506,3.53363
-3.32784,585.085,11.7048,60.7322,3.48476
1.70659,564.281,13.7646,68.7805,4.1438
1.28329,514.247,12.34,61.8519,4.08165
-1.65502,593.508,12.692,65.0186,3.68569
-3.32049,576.159,11.5297,59.8199,3.48561
-1.98205,558.996,11.7999,60.5984,3.64512
1.64948,536.833,13.0662,65.3175,4.13534
1.40457,542.678,13.0837,65.5215,4.09931
0.00229917,558.014,12.7379,64.4502,3.90172
-3.07702,573.922,11.5975,60.059,3.51387
-3.61253,568.004,11.234,58.4176,3.45213
-3.85747,582.489,11.4076,59.4328,3.42441
-4.52133,572.736,10.9201,57.1883,3.35085
0.456279,522.214,12.1342,61.1901,3.96413
-3.22405,577.565,11.6026,60.1534,3.49676
-2.60551,508.92,10.4796,54.0738,3.56954
-1.00179,525.221,11.5255,58.7534,3.76871
0.516142,562.196,13.0938,65.9999,3.97246
-3.40073,597.572,11.9197,61.882,3.47636
1.89037,571.436,14.0386,70.0563,4.17123
1.60582,581.36,14.126,70.638,4.12888
0.20792,594.004,13.6691,69.0562,3.92981
-2.96785,507.924,10.3088,53.3404,3.52664
-2.55888,576.766,11.8987,61.3749,3.57511
0.839344,524.979,12.382,62.2642,4.01793
-0.57512,528.844,11.8016,59.9694,3.82441
0.0514675,585.245,13.3853,67.701,3.90841
-3.33693,510.593,10.2109,52.9843,3.48371
1.96079,585.717,14.4287,71.966,4.18181
-4.99147,536.455,10.0353,52.7491,3.3001
1.45039,561.276,13.5561,67.8648,4.10602
-2.37065,562.728,11.6965,60.2453,3.59774
1.29564,583.044,13.9976,70.1539,4.08344
1.46842,590.655,14.2757,71.4577,4.10866
-3.58702,579.404,11.4712,59.6394,3.45504
-3.66136,579.984,11.4485,59.5553,3.44658
1.99709,520.458,12.8391,64.0208,4.18727
-0.824022,580.824,12.8353,65.3431,3.79177
-2.45862,577.349,11.9585,61.6357,3.58714
0.441798,537.746,12.4881,62.9811,3.96211
0.294204,547.603,12.6439,63.8363,3.94168
-0.538408,566.164,12.6527,64.2765,3.82925
0.620241,508.318,11.8871,59.8717,3.98703
0.486126,558.752,12.9984,65.5333,3.96828
-4.16043,535.742,10.3647,54.1272,3.39056
0.562982,547.159,12.7669,64.33,3.97901
-0.620465,530.563,11.8189,60.0775,3.81843
-0.265821,503.402,11.3712,57.6492,3.86554
-3.99295,564.378,10.9927,57.3319,3.40921
-0.503982,524.192,11.7306,59.5768,3.83381
0.947828,530.731,12.5706,63.1625,4.03336
1.27718,537.209,12.888,64.6013,4.08076
1.97077,599.933,14.7846,73.7358,4.18331
-0.19296,587.633,13.3118,67.4514,3.87532
-1.04847,582.326,12.7551,65.0443,3.76268
-2.10511,551.912,11.5936,59.5943,3.63002
0.385228,502.997,11.6553,58.8058,3.95426
1.37755,544.423,13.112,65.6763,4.09537
-4.53891,597.465,11.3835,59.6233,3.34893
-4.671,573.606,10.8706,56.996,3.33458
-1.17522,582.237,12.6895,64.7715,3.7464
0.633035,546.814,12.7937,64.4321,3.98882
1.14324,523.559,12.4953,62.6945,4.06139
1.93249,578.766,14.2419,71.0488,4.17755
-3.51608,597.704,11.8673,61.6647,3.46314
-3.09891,512.183,10.3408,53.5603,3.51131
-1.27994,564.35,12.2489,62.5716,3.73303
-1.86443,556.131,11.7944,60.516,3.65963
-0.658656,559.19,12.4379,63.242,3.81341
-4.35678,518.953,9.96065,52.0967,3.36887
-1.4148,500.769,10.8111,55.2831,3.7159
-1.11459,582.404,12.7236,64.9157,3.75418
-1.28039,587.252,12.7458,65.1099,3.73297
-4.89871,526.615,9.88836,51.9389,3.31003
-1.94316,566.329,11.9732,61.4701,3.64991
1.90574,552.214,13.5745,67.7324,4.17353
-2.99727,518.527,10.5116,54.4022,3.52319
0.941032,511.528,12.1126,60.8641,4.0324
-2.71915,523.567,10.7324,55.4266,3.556
1.9019,503.088,12.365,61.6993,4.17295
-0.689908,541.507,12.0298,61.1812,3.8093
-2.46424,533.414,11.046,56.935,3.58646
0.907129,501.559,11.8609,59.614,4.02756
0.646428,545.176,12.7621,64.2664,3.9907
0.273389,509.997,11.766,59.4132,3.93881
-0.511046,532.9,11.9221,60.5528,3.83287
-3.09773,536.133,10.8249,56.0669,3.51145
-2.53767,558.408,11.5297,59.4619,3.57765
0.728822,596.989,14.0199,70.5577,4.0023
-1.04409,520.766,11.4087,58.1764,3.76325
1.54628,525.263,12.7336,63.7025,4.1201
-3.0246,578.572,11.716,60.6483,3.51999
0.492309,591.197,13.7564,69.3522,3.96914
-4.17534,572.486,11.0689,57.8114,3.38891
-2.3031,531.174,11.0704,56.9909,3.60591
-4.61256,580.187,11.0214,57.76,3.34092
-4.14069,508.123,9.83823,51.3697,3.39275
-4.45791,563.679,10.775,56.4004,3.35778
-3.87283,546.791,10.7018,55.7626,3.42268
-3.12231,586.912,11.8385,61.3284,3.50858
1.02779,500.82,11.8991,59.7535,4.0448
-2.10939,523.52,10.9953,56.5209,3.62949
-2.66781,576.701,11.8458,61.1527,3.56211
-3.13452,518.232,10.4481,54.1305,3.50716
-0.992368,501.493,11.0089,56.116,3.76992
1.3156,526.887,12.6592,63.4369,4.08634
-4.52384,537.065,10.2389,53.6221,3.35058
-1.6321,595.364,12.7433,65.2699,3.68855
-0.931221,534.805,11.7685,59.9605,3.77784
-3.2368,524.114,10.5234,54.5639,3.49528
-1.03948,590.608,12.9411,65.9883,3.76384
-3.08511,595.317,12.0259,62.2816,3.51292
-4.39732,523.9,10.0391,52.5239,3.36442
1.77627,578.201,14.1423,70.6318,4.15417
0.403082,571.377,13.249,66.838,3.95674
-2.51196,540.025,11.1616,57.5521,3.58073
-2.68942,575.121,11.8032,60.9426,3.55954
1.28114,502.238,12.0508,60.4034,4.08133
-3.85021,515.849,10.1054,52.6457,3.42523
-2.76688,546.695,11.1851,57.7858,3.55034
-2.06017,594.589,12.5124,64.2953,3.63552
-4.67662,586.21,11.1069,58.2377,3.33397
-1.81231,577.792,12.2791,62.9784,3.66609
-0.450859,530.928,11.9062,60.4446,3.84085
-4.27515,566.86,10.9161,57.0576,3.37787
1.29016,532.493,12.7813,64.0604,4.08264
-2.26988,517.536,10.8004,55.5871,3.60994
-1.78853,546.816,11.6318,59.6476,3.66904
-2.51994,534.623,11.0465,56.9618,3.57978
0.389399,559.662,12.9704,65.4392,3.95484
-1.02289,511.445,11.2139,57.1737,3.76598
-2.19586,546.115,11.4305,58.7965,3.61894
-2.92457,517.22,10.5156,54.3927,3.53173
-2.11548,539.797,11.3344,58.2668,3.62875
1.87132,532.373,13.0693,65.2282,4.16837
-1.75515,569.467,12.1297,62.1849,3.67319
-0.486069,555.621,12.4427,63.1848,3.83618
0.581792,576.442,13.46,67.8132,3.98164
-0.182563,536.857,12.1665,61.6435,3.87672
-4.75311,518.912,9.80141,51.4233,3.3257
-4.62764,592.827,11.2546,58.9893,3.33928
0.800592,553.715,13.0401,65.5919,4.01244
-4.48531,533.353,10.184,53.3185,3.35479
0.408636,555.907,12.8931,65.0398,3.95751
-4.84854,583.144,10.9721,57.6087,3.31542
-2.46536,560.183,11.5998,59.7901,3.58633
-4.92691,593.565,11.1328,58.4881,3.30701
0.287782,587.2,13.5547,68.4384,3.94079
-4.37738,582.375,11.1687,58.4243,3.36661
-1.36366,560.734,12.1302,62.0043,3.72238
-2.39354,557.005,11.567,59.5887,3.59498
-4.79469,571.813,10.7824,56.5888,3.32121
-3.92948,506.22,9.88519,51.5301,3.41632
-2.27675,542.479,11.3179,58.2533,3.60911
1.79381,583.087,14.2715,71.268,4.15678
1.91877,562.089,13.8242,68.9719,4.17549
-1.65942,588.038,12.5728,64.4103,3.68514
0.640902,532.09,12.4531,62.7127,3.98992
-3.96652,594.899,11.5995,60.4843,3.41217
0.17412,535.875,12.3151,62.2317,3.92517
-3.29529,597.438,11.9676,62.0798,3.48851
-3.23345,571.077,11.4679,59.4596,3.49567
0.185536,566.769,13.0309,65.8433,3.92673
-0.341303,559.482,12.6006,63.9178,3.85544
0.801901,542.139,12.7681,64.2232,4.01262
0.966693,554.759,13.1494,66.0613,4.03606
1.20639,574.882,13.7539,68.9775,4.0705
0.446872,596.744,13.8609,69.9022,3.96282
-1.93964,509.636,10.7761,55.3228,3.65034
0.0723822,525.795,12.0355,60.8642,3.91126
-4.64764,555.296,10.5336,55.2188,3.33711
1.40579,549.046,13.2378,66.2929,4.09949
-4.65441,573.913,10.8837,57.0574,3.33638
-1.20405,534.179,11.6289,59.3704,3.74271
1.06457,536.672,12.7692,64.1054,4.05007
-0.608954,581.751,12.965,65.8978,3.81995
-2.45003,571.525,11.8419,61.0308,3.58817
-0.572965,566.706,12.6476,64.2672,3.82469
-4.09102,571.798,11.0933,57.9006,3.39827
-4.56318,591.761,11.2637,59.0073,3.34629
-3.20584,535.691,10.7692,55.8251,3.49887
1.87877,531.656,13.0555,65.1556,4.16949
-4.5823,571.286,10.8656,56.9301,3.34421
-2.13321,564.066,11.8356,60.8517,3.62658
-1.98019,562.093,11.8662,60.9379,3.64535
-3.57305,527.303,10.4456,54.3011,3.45663
-4.60282,537.399,10.2126,53.5174,3.34198
-4.06332,558.782,10.8529,56.6337,3.40136
-3.62636,530.942,10.4952,54.5814,3.45056
-3.52522,522.328,10.3669,53.8722,3.46209
-0.621452,561.272,12.5025,63.5527,3.8183
0.938883,523.327,12.391,62.2637,4.03209
-4.5443,578.829,11.026,57.7533,3.34835
-1.47524,590.78,12.7239,65.0937,3.70827
-3.80564,551.722,10.8276,56.3884,3.43025
-1.38125,573.988,12.4083,63.4342,3.72015
1.5541,577.502,14.0042,70.0551,4.12125
1.02455,510.054,12.117,60.8489,4.04433
-1.67261,568.439,12.1474,62.2372,3.68349
-3.0524,516.284,10.443,54.0704,3.51674
-1.15957,539.517,11.7657,60.049,3.74841
-4.18952,530.878,10.2586,53.585,3.38733
0.179986,501.465,11.527,58.2465,3.92597
-0.314692,541.563,12.2098,61.9231,3.859
-1.96553,522.492,11.0366,56.6712,3.64715
-3.47605,522.595,10.3927,53.9858,3.46772
0.424949,568.434,13.1921,66.5398,3.95977
1.78734,540.845,13.2343,66.0916,4.15582
-2.96245,507.588,10.3042,53.3145,3.52728
-0.811818,544.751,12.0439,61.3088,3.79336
-3.62669,527.054,10.4182,54.1811,3.45052
-4.98753,595.856,11.1483,58.5976,3.30053
-1.97134,532.692,11.2494,57.7668,3.64643
1.69976,554.099,13.5127,67.5249,4.14279
-4.08767,512.535,9.9449,51.9053,3.39865
-3.16035,502.692,10.1243,52.4634,3.50416
-2.3142,519.82,10.829,55.7528,3.60457
0.708247,561.241,13.1699,66.2896,3.9994
-4.12348,545.934,10.5777,55.2233,3.39466
-0.39887,513.531,11.5396,58.5608,3.84777
1.43977,594.562,14.3542,71.8655,4.10446
0.234983,569.985,13.1302,66.3208,3.93352
1.03554,509.218,12.1023,60.7703,4.04591
-3.61973,572.816,11.3259,58.8987,3.45131
0.879074,537.95,12.7076,63.8826,4.02357
-0.88335,530.48,11.6954,59.5666,3.78405
-1.88356,509.58,10.7989,55.4165,3.65727
0.2712,595.011,13.7261,69.3123,3.93851
-3.15614,514.523,10.3643,53.7055,3.50465
1.12985,523.395,12.4849,62.6484,4.05946
-0.918661,503.122,11.0768,56.4309,3.77946
-2.93103,552.642,11.2329,58.1056,3.53097
-2.11014,538.766,11.3152,58.1655,3.6294
0.100824,540.081,12.3762,62.5744,3.91514
-0.312877,528.352,11.9127,60.4159,3.85924
-2.55622,554.384,11.4382,58.9982,3.57543
-1.93093,566.371,11.9799,61.4988,3.65141
-2.68408,510.279,10.4746,54.081,3.56017
1.85949,575.685,14.1261,70.5087,4.1666
-1.1376,578.243,12.6212,64.4045,3.75122
-0.837092,588.288,12.9935,66.1552,3.79006
-1.6279,589.103,12.6114,64.5922,3.68908
-4.99066,570.753,10.6772,56.1232,3.30019
-1.85654,540.485,11.4661,58.8284,3.66061
1.12896,504.839,12.0419,60.4256,4.05933
0.0528155,574.094,13.131,66.4139,3.90859
-3.30934,544.586,10.9027,56.5623,3.48689
-2.41257,565.454,11.7336,60.4554,3.59268
-3.15033,572.386,11.5325,59.7564,3.50532
-3.62599,584.516,11.5543,60.0895,3.4506
-1.72587,588.414,12.5478,64.3143,3.67684
-4.5029,518.393,9.89129,51.7931,3.35286
-1.08771,543.09,11.8773,60.5857,3.75763
-0.802502,552.428,12.2181,62.1913,3.79457
-1.06718,564.208,12.3491,62.9828,3.76027
0.684075,527.71,12.3714,62.2815,3.99599
0.137674,514.307,11.8026,59.6579,3.92018
-1.27983,573.271,12.4426,63.5609,3.73304
-4.60692,566.202,10.7582,56.3781,3.34153
-3.00513,585.293,11.8613,61.3914,3.52227
-2.70598,541.513,11.1061,57.3507,3.55757
-4.73846,535,10.1113,53.0429,3.32728
-0.69144,582.259,12.9343,65.7822,3.8091
0.0442196,530.769,12.1359,61.3851,3.90742
1.3003,559.426,13.433,67.322,4.08412
1.22726,568.981,13.6238,68.3145,4.07352
-0.427586,544.349,12.2183,62.0183,3.84395
-2.86074,599.998,12.2297,63.2281,3.53925
-0.788638,537.838,11.9019,60.5755,3.79638
-1.192,577.697,12.5822,64.2319,3.74425
-0.780662,519.099,11.4909,58.4799,3.79742
-4.69373,558.967,10.5834,55.5003,3.33212
-4.67351,555.762,10.5314,55.2184,3.3343
-0.868317,534.115,11.7825,60.0034,3.786
-3.10674,531.104,10.7195,55.5249,3.5104
-2.23819,555.711,11.6118,59.7483,3.61379
1.70423,520.181,12.6877,63.4005,4.14345
-0.469879,584.959,13.108,66.5555,3.83833
-2.13683,568.055,11.9176,61.2748,3.62614
-2.29962,564.415,11.7648,60.5642,3.60633
-2.05228,550.719,11.5928,59.5666,3.63649
0.182911,558.789,12.8461,64.9108,3.92637
0.129527,592.568,13.5943,68.7181,3.91906
1.9221,512.29,12.601,62.8677,4.17599
0.786891,557.02,13.1109,65.9548,4.0105
-3.02472,504.218,10.2103,52.854,3.51998
-2.71131,531.195,10.8922,56.2483,3.55694
0.280142,572.114,13.2026,66.6639,3.93974
-2.46474,535.391,11.0867,57.1452,3.5864
1.42554,502.957,12.1359,60.7658,4.10238
0.112017,561.308,12.8683,65.0569,3.91667
1.14815,567.594,13.5489,67.978,4.06209
1.78931,567.373,13.8844,69.3376,4.15611
-3.97661,508.274,9.90647,51.66,3.41104
-4.40681,533.707,10.2232,53.4906,3.36338
-3.44779,501.122,9.977,51.815,3.47096
-3.81451,512.263,10.0496,52.3405,3.42925
-3.59236,563.253,11.1491,57.9669,3.45443
0.258475,552.272,12.7339,64.3077,3.93676
1.26391,548.547,13.1532,65.9372,4.07884
0.948086,545.803,12.9278,64.9568,4.0334
-4.87544,591.11,11.1099,58.3443,3.31253
0.975138,514.109,12.1899,61.2371,4.03726
-3.277,573.077,11.488,59.5838,3.49063
-0.734705,508.979,11.2872,57.4239,3.80343
-1.74865,530.922,11.3116,57.9879,3.674
-1.06435,512.92,11.2278,57.2628,3.76064
1.59599,570.109,13.8474,69.2496,4.12743
0.682966,555.241,13.0162,65.5285,3.99584
-3.73732,514.841,10.1316,52.7359,3.43797
-1.46763,536.278,11.5536,59.103,3.70923
1.07956,579.361,13.7929,69.2373,4.05222
1.45425,501.662,12.1181,60.6642,4.10658
-4.56683,506.795,9.64503,50.5289,3.34589
1.07216,526.187,12.5234,62.868,4.05116
1.30294,593.902,14.2623,71.4769,4.0845
-4.98864,518.339,9.6975,50.9725,3.30041
-0.22214,504.047,11.4053,57.8033,3.8714
-3.69123,509.033,10.0359,52.219,3.44319
-4.1482,567.79,10.9902,57.3879,3.39192
-2.42622,590.284,12.2422,63.0824,3.59104
-3.03673,548.041,11.0924,57.4253,3.51857
-3.12656,599.338,12.0871,62.6183,3.50809
-3.12073,549.789,11.0904,57.4523,3.50877
-0.313825,534.093,12.0417,61.0706,3.85911
-0.749985,551.369,12.2199,62.1761,3.80143
-2.59023,511.359,10.5362,54.3597,3.57136
-3.53163,567.984,11.2702,58.569,3.46136
-4.96087,540.751,10.1282,53.2248,3.30337
-1.2309,502.175,10.9206,55.7654,3.73928
0.572175,577.626,13.4826,67.9317,3.98029
1.25334,567.759,13.6083,68.2238,4.0773
-3.25804,505.642,10.1439,52.6046,3.49282
-3.6276,598.916,11.8382,61.5667,3.45042
1.99766,571.808,14.1061,70.3384,4.18736
-2.68906,502.646,10.3159,53.2635,3.55958
-4.4777,575.855,10.9989,57.5816,3.35562
-0.301099,516.244,11.6451,59.0535,3.86081
-2.31777,526.452,10.9656,56.4576,3.60413
-0.135149,584.146,13.2629,67.1745,3.88311
-2.16975,505.52,10.5918,54.4717,3.62212
-1.4022,541.192,11.6896,59.7696,3.7175
-2.25177,596.898,12.4656,64.1485,3.61214
1.08245,525.893,12.5214,62.8532,4.05264
-2.01329,558.215,11.7688,60.453,3.64127
-0.032064,551.955,12.5827,63.6809,3.89706
-3.58164,545.272,10.7978,56.1359,3.45565
-3.97732,561.002,10.9339,57.0179,3.41096
-3.5963,559.171,11.0665,57.5395,3.45398
-3.32527,534.741,10.6988,55.5111,3.48505
-3.7527,546.902,10.7559,55.992,3.43623
-4.82032,533.879,10.0567,52.7904,3.31845
-2.6261,596.551,12.2739,63.3427,3.56708
-1.44666,589.975,12.721,65.0645,3.71188
-0.983905,596.298,13.0945,66.7425,3.77102
-3.68912,585.542,11.5453,60.0718,3.44343
-1.8899,515.527,10.9222,56.0518,3.65648
-3.45991,554.691,11.0382,57.3314,3.46957
-4.99302,519.833,9.72374,51.1122,3.29994
-4.0611,599.244,11.6398,60.7389,3.40161
-1.85855,593.515,12.5901,64.5962,3.66036
-3.28994,554.882,11.1175,57.6678,3.48913
-3.18779,586.296,11.7951,61.1345,3.50097
0.721083,559.262,13.13,66.0827,4.00121
-3.94874,594.606,11.6021,60.4895,3.41416
1.40613,591.468,14.2608,71.4158,4.09954
-0.670018,500.954,11.1376,56.6352,3.81191
-0.418003,592.525,13.3046,67.5277,3.84522
-1.77035,500.059,10.6449,54.579,3.6713
-1.12546,546.033,11.9239,60.8405,3.75278
0.970793,541.743,12.8429,64.5198,4.03664
-3.4706,574.419,11.4258,59.3499,3.46834
-2.16672,512.951,10.7488,55.2778,3.62249
-0.0471966,545.411,12.4262,62.8957,3.895
0.900504,594.18,14.0476,70.6079,4.02662
0.929165,539.054,12.7585,64.1152,4.0307
-3.93817,533.627,10.4167,54.3046,3.41535
-1.83644,586.001,12.4417,63.8236,3.6631
-0.28853,584.256,13.1858,66.8602,3.8625
-1.86737,549.751,11.6577,59.8161,3.65927
0.228173,567.232,13.0633,65.9862,3.93259
-4.44333,578.955,11.0735,57.9565,3.35938
-3.11076,577.937,11.6629,60.4132,3.50993
-2.20726,531.958,11.1291,57.2513,3.61755
-1.47965,563.993,12.1449,62.1335,3.70771
0.402539,599.737,13.9063,70.1542,3.95666
-0.896747,555.25,12.235,62.3212,3.78231
-3.62242,545.604,10.7867,56.0958,3.45101
-2.47957,598.026,12.3764,63.8,3.58462
-1.72139,527.564,11.2522,57.6716,3.6774
-1.02979,550.106,12.0583,61.4821,3.76509
1.47929,596.669,14.4271,72.2099,4.11025
-3.10549,562.815,11.3601,58.8425,3.51054
-2.7988,593.16,12.1203,62.6326,3.54656
1.67351,579.54,14.1188,70.567,4.13889
-0.521772,514.716,11.5105,58.4667,3.83145
-2.50224,539.378,11.1526,57.5012,3.5819
-4.98177,500.761,9.37126,49.255,3.30114
1.20513,555.187,13.2821,66.6117,4.07032
-2.46697,598.507,12.3926,63.8773,3.58614
0.461406,586.677,13.6348,68.7546,3.96484
-1.10104,555.684,12.1463,61.9643,3.75592
-1.01589,517.735,11.3549,57.8899,3.76688
-3.71518,526.514,10.3705,53.9704,3.44048
0.547933,588.09,13.7139,69.1093,3.9769
-1.81922,545.181,11.5829,59.4106,3.66523
-3.13373,597.866,12.0539,62.4499,3.50725
-0.0851777,530.058,12.0584,61.0515,3.88986
-3.05607,555.134,11.2272,58.1322,3.51631
-0.919096,514.501,11.3271,57.7063,3.77941
0.942762,502.891,11.9089,59.8396,4.03264
-0.745805,596.455,13.2214,67.2693,3.80198
-3.12281,592.657,11.9541,61.9277,3.50852
1.47153,501.658,12.1262,60.6967,4.10912
-1.07815,503.877,11.0239,56.2284,3.75886
-1.32213,564.806,12.2384,62.5376,3.72766
-1.97729,503.25,10.6252,54.5636,3.6457
0.0672359,514.82,11.7819,59.5841,3.91056
-2.18284,589.145,12.3375,63.4559,3.62053
0.612937,582.533,13.6188,68.5973,3.986
0.267584,533.841,12.3133,62.1795,3.93801
-3.87828,545.427,10.6728,55.6137,3.42207
-4.02285,526.753,10.2475,53.4577,3.40587
-3.05513,525.215,10.6225,55.0008,3.51642
-1.43248,599.27,12.9286,66.1197,3.71367
-2.55866,566.03,11.6774,60.2328,3.57514
0.0363355,568.998,13.006,65.7899,3.90635
-0.871175,514.007,11.3376,57.7392,3.78563
-1.00592,579.551,12.7157,64.8224,3.76817
-0.72328,511.536,11.349,57.7334,3.80493
-2.54168,520.382,10.7429,55.4056,3.57717
-3.91543,593.52,11.5965,60.4444,3.4179
-3.21525,515.312,10.3556,53.6851,3.49778
-2.37735,567.705,11.7968,60.7649,3.59693
-4.93315,596.6,11.1869,58.7752,3.30634
-3.08916,529.191,10.6884,55.3562,3.51245
-1.38739,507.226,10.9624,56.045,3.71938
-0.666958,586.931,13.0507,66.3618,3.81232
1.53317,521.853,12.6445,63.2628,4.11817
-2.31369,500.512,10.427,53.6828,3.60463
-4.7162,571.349,10.808,56.6881,3.32968
-3.52747,546.482,10.8453,56.3594,3.46183
0.500068,544.33,12.6698,63.8701,3.97022
-4.05628,515.098,10.0073,52.2181,3.40214
-0.0787949,581.162,13.2243,66.9511,3.89072
-4.48647,569.292,10.8697,56.9091,3.35466
0.874222,545.401,12.8812,64.7576,4.02288
-3.0371,538.686,10.9029,56.4444,3.51853
0.241928,592.941,13.6628,69.0071,3.93448
-2.93343,560.7,11.3956,58.9483,3.53069
-1.58004,542.981,11.6461,59.6266,3.69508
1.65297,589.541,14.351,71.7384,4.13585
-2.55431,597.274,12.3241,63.5665,3.57566
-3.38382,556.623,11.1105,57.6731,3.47831
-1.62169,509.836,10.9171,55.9121,3.68986
1.2301,567.344,13.5861,68.124,4.07393
-0.284578,537.029,12.1218,61.4635,3.86303
-1.17229,503.774,10.9807,56.0479,3.74678
-2.95408,587.401,11.9284,61.7143,3.52826
0.703365,552.679,12.9665,65.2682,3.99871
0.875333,529.767,12.5124,62.9035,4.02304
-3.04684,501.405,10.1443,52.5215,3.51739
-1.90386,543.922,11.5174,59.1127,3.65476
-0.0147657,577.634,13.177,66.6802,3.8994
-3.96063,534.023,10.415,54.3054,3.41283
1.75386,509.847,12.4596,62.238,4.15083
-3.64461,526.351,10.3968,54.0773,3.44848
-3.80718,578.524,11.3529,59.1248,3.43008
1.25621,582.866,13.9719,70.0454,4.07772
-1.01945,513.706,11.265,57.4328,3.76643
-0.949458,560.099,12.3163,62.7597,3.77547
-4.56217,569.391,10.8384,56.7785,3.3464
-0.508303,555.782,12.4354,63.1585,3.83324
1.09296,560.214,13.344,66.9774,4.05415
-1.18276,592.54,12.9102,65.9017,3.74544
1.12477,550.916,13.1388,65.932,4.05873
-1.34974,558.893,12.0971,61.8284,3.72415
-2.80684,587.706,12.005,62.0407,3.54561
-1.62884,503.659,10.7818,55.222,3.68896
-3.77242,504.944,9.9228,51.6632,3.434
-4.76694,593.569,11.2053,58.7951,3.3242
-4.07011,505.933,9.82375,51.2659,3.4006
-0.787963,530.149,11.7321,59.7108,3.79647
-1.656,555.154,11.8714,60.815,3.68556
-1.91101,566.844,11.9994,61.5896,3.65387
-3.32237,596.675,11.9393,61.9462,3.48539
1.69918,540.56,13.1822,65.8738,4.1427
-4.64939,571.489,10.84,56.8258,3.33692
-4.18514,534.475,10.3299,53.9557,3.38782
-3.28184,500.857,10.0383,52.0668,3.49007
1.70022,550.451,13.424,67.0813,4.14286
-0.71741,556.231,12.3435,62.7896,3.8057
0.121159,518.761,11.8971,60.143,3.91792
-3.92254,500.91,9.78423,51.0011,3.4171
-3.96569,579.505,11.2998,58.9207,3.41226
-3.7061,554.106,10.918,56.8154,3.44151
-4.56161,578.116,11.0047,57.6496,3.34646
0.0810776,574.427,13.1531,66.512,3.91245
-3.5112,531.209,10.5491,54.8132,3.46369
0.0522636,527.889,12.0739,61.0677,3.90852
0.709015,530.314,12.4445,62.6382,3.9995
-2.50179,584.297,12.0816,62.2907,3.58195
1.35957,583.751,14.0494,70.3807,4.09275
-1.13175,558.564,12.1945,62.2242,3.75197
0.814037,585.415,13.7938,69.3765,4.01434
-4.62121,574.273,10.9052,57.1552,3.33998
-2.82285,529.844,10.8162,55.9036,3.54372
-4.89914,507.626,9.53164,50.0654,3.30998
-1.67776,529.085,11.3041,57.9188,3.68284
-0.694997,574.544,12.7612,64.9032,3.80864
-4.98681,543.759,10.1738,53.4755,3.3006
-2.67119,547.627,11.2471,58.0634,3.56171
-2.92388,560.763,11.4012,58.9731,3.53181
-2.09733,598.391,12.5738,64.6292,3.63097
-3.14349,544.917,10.9821,56.9012,3.50612
-1.36145,567.521,12.2781,62.7593,3.72266
-2.82756,568.869,11.6106,60.012,3.54316
1.21528,560.367,13.4113,67.2547,4.07179
1.44722,503.222,12.1525,60.8393,4.10555
-3.88257,516.773,10.1103,52.6846,3.42159
-3.03316,574.26,11.6247,60.1796,3.51899
0.661099,564.192,13.2148,66.5388,3.99276
0.811559,539.5,12.7107,63.9302,4.01399
-1.01758,513.528,11.2619,57.4164,3.76667
-4.71721,514.884,9.7395,51.084,3.32958
0.619076,540.128,12.6305,63.6162,3.98686
-0.453743,592.304,13.281,67.4258,3.84047
0.14683,572.779,13.1492,66.4597,3.92143
-3.90052,542.571,10.6074,55.2825,3.41957
1.96872,555.005,13.6763,68.2094,4.183
-4.20044,501.19,9.68064,50.5704,3.38613
-1.93854,587.669,12.4266,63.7958,3.65048
-2.68326,583.873,11.9857,61.8824,3.56027
-1.32226,566.582,12.2768,62.734,3.72764
0.471375,513.172,11.9312,60.1594,3.96623
-0.39254,591.758,13.3007,67.495,3.84861
-4.83818,520.628,9.79998,51.4502,3.31653
-0.770265,547.058,12.1147,61.6501,3.79878
-3.69448,553.118,10.9036,56.7355,3.44282
-4.02564,524.717,10.2068,53.2463,3.40556
-4.57369,530.315,10.0899,52.8621,3.34515
1.9256,516.958,12.7175,63.4476,4.17651
-1.4631,524.066,11.2925,57.7655,3.7098
-3.2531,517.291,10.3796,53.8252,3.49339
-4.57036,595.504,11.3317,59.3667,3.34551
0.700251,516.659,12.1199,61.0085,3.99827
-1.32852,598.538,12.966,66.259,3.72685
-2.06513,546.416,11.4964,59.0767,3.63491
-2.96817,529.496,10.7464,55.6052,3.52661
-4.78467,542.566,10.2351,53.712,3.32229
-2.06595,579.047,12.1825,62.603,3.63481
-2.90949,578.545,11.7695,60.8714,3.5335
-0.947405,500.351,11.0033,56.0686,3.77574
-3.85401,520.53,10.1956,53.117,3.4248
-2.42224,571.721,11.8591,61.1064,3.59152
1.8022,510.421,12.497,62.4028,4.15804
-1.38689,565.921,12.2312,62.5313,3.71944
-4.7078,507.329,9.60025,50.35,3.33059
-1.09117,534.659,11.6913,59.6386,3.75719
-0.498079,578.058,12.939,65.7112,3.83459
-3.23184,579.265,11.6331,60.3152,3.49586
-0.860548,502.571,11.09,56.4737,3.78701
-1.32357,588.799,12.7575,65.1912,3.72747
-2.13638,586.153,12.2975,63.228,3.62619
-3.92811,524.35,10.2398,53.3781,3.41648
1.54753,581.245,14.0914,70.4946,4.12028
-1.15334,561.888,12.2566,62.5514,3.7492
-4.42579,535.615,10.2518,53.6485,3.3613
-4.57939,534.637,10.1697,53.283,3.34452
1.9113,535.122,13.1571,65.6474,4.17437
-2.5979,511.284,10.5314,54.3383,3.57045
0.58529,585.555,13.6747,68.8928,3.98213
-3.1608,586.407,11.8101,61.1994,3.5041
1.56222,547.076,13.2706,66.3812,4.12245
-3.35487,500.968,10.0112,51.9553,3.48164
0.237696,515.953,11.8868,60.039,3.9339
-4.50732,589.781,11.2514,58.9171,3.35238
1.51473,591.844,14.3301,71.706,4.11546
-3.01105,534.879,10.8371,56.0928,3.52158
-2.23637,509.24,10.6415,54.755,3.61401
-3.23705,511.509,10.2702,53.2512,3.49525
-0.708584,551.022,12.2322,62.2191,3.80685
-3.00137,595.973,12.0796,62.5193,3.52271
1.83163,503.561,12.343,61.6211,4.16243
-0.237967,523.755,11.8439,60.0332,3.86927
0.6572,539.4,12.6322,63.607,3.99221
0.503716,551.261,12.8329,64.6907,3.97073
-3.35622,578.884,11.5676,60.0333,3.48148
-4.01977,532.556,10.3617,54.0521,3.40622
-0.978873,567.649,12.4678,63.5461,3.77167
-3.41577,518.457,10.3354,53.6631,3.47463
0.12051,580.348,13.3092,67.2818,3.91783
-2.60427,576.057,11.8626,61.2098,3.56968
-4.62887,542.494,10.2985,53.9788,3.33915
0.604356,532.604,12.4474,62.7008,3.9848
0.217154,557.821,12.8411,64.8687,3.93107
-1.0126,511.02,11.2091,57.1451,3.76731
-1.24449,581.014,12.6283,64.4923,3.73755
-3.13218,500.222,10.0859,52.2532,3.50743
1.10607,560.468,13.3569,67.0355,4.05603
0.168709,500.165,11.492,58.0747,3.92443
0.187556,521.576,11.9928,60.5969,3.92701
-4.46814,578.759,11.0587,57.89,3.35666
-1.1419,528.25,11.5281,58.8282,3.75067
-4.74627,594.888,11.2396,58.9656,3.32643
-1.57759,588.063,12.6142,64.5823,3.69539
-0.664573,507.283,11.2807,57.3607,3.81263
-3.80589,511.17,10.0316,52.2434,3.43022
-3.36849,529.919,10.584,54.9336,3.48007
-3.6463,526.977,10.4084,54.1387,3.44829
-3.14665,591.479,11.919,61.757,3.50575
-2.40732,599.844,12.4498,64.1431,3.59332
-2.61123,528.969,10.8899,56.1937,3.56885
-4.03616,566.518,11.0152,57.4684,3.40439
-3.02362,577.184,11.6884,60.5047,3.52011
0.236316,579.592,13.3522,67.4414,3.93371
0.356886,567.737,13.1409,66.315,3.95034
-0.863971,586.253,12.9349,65.8699,3.78657
-1.55982,529.641,11.369,58.1994,3.69762
-1.55348,537.966,11.5506,59.1262,3.69842
-2.27188,591.709,12.3474,63.5497,3.6097
-4.23785,578.02,11.1478,58.2516,3.38199
-3.11226,535.385,10.8035,55.9624,3.50975
1.0221,570.575,13.5535,68.0638,4.04398
-0.681591,578.052,12.8459,65.3274,3.81039
0.838231,527.392,12.4384,62.5481,4.01777
-4.62021,507.102,9.63004,50.4715,3.34009
-1.12011,577.473,12.6131,64.3547,3.75347
1.89138,563.987,13.8561,69.1451,4.17138
-0.917593,544.898,11.9971,61.1186,3.7796
-2.51094,592.068,12.2378,63.1006,3.58086
-2.86305,533.93,10.8821,56.2616,3.53897
-4.939,534.713,10.024,52.6682,3.30571
1.47417,573.678,13.8685,69.4164,4.1095
-1.08176,571.132,12.4935,63.7262,3.7584
-3.78473,584.057,11.4718,59.7337,3.43261
0.834781,548.281,12.9293,65.0185,4.01728
-3.903,562.419,10.9943,57.3001,3.41929
-2.67972,517.732,10.6295,54.8786,3.56069
-1.93079,555.654,11.7533,60.3354,3.65143
0.754632,544.028,12.789,64.3508,4.00594
-1.45907,580.463,12.5097,63.9901,3.71031
-2.60733,532.134,10.9568,56.5371,3.56932
-2.70661,580.71,11.9097,61.5008,3.55749
0.00692293,582.888,13.3082,67.333,3.90235
-4.49235,508.189,9.70074,50.7912,3.35402
1.0987,579.787,13.8133,69.33,4.05497
-4.63894,580.264,11.0111,57.7179,3.33805
1.74344,510.381,12.4676,62.2828,4.14928
1.19534,505.666,12.0928,60.6515,4.06891
-0.0255837,554.567,12.6455,63.9954,3.89793
-2.36179,574.909,11.9539,61.5669,3.59881
-4.96274,502.562,9.41223,49.4629,3.30317
-3.34142,552.848,11.0539,57.3607,3.48319
1.50039,585.919,14.1788,70.9561,4.11335
-3.74405,556.359,10.9457,56.9762,3.43721
-2.53268,544.054,11.2356,57.9428,3.57825
1.10698,504.238,12.0173,60.3118,4.05617
-4.62951,528.218,10.0273,52.5572,3.33908
-4.10082,554.653,10.7564,56.1466,3.39718
-0.494736,547.029,12.2461,62.1906,3.83503
-3.77547,555.535,10.9156,56.8338,3.43366
1.18505,589.297,14.0871,70.6595,4.06742
0.725007,526.332,12.3588,62.1994,4.00176
-4.21692,585.694,11.3053,59.0652,3.3843
-4.67381,505.786,9.58423,50.2525,3.33427
0.590142,557.15,13.0138,65.5609,3.98281
-4.03468,564.545,10.9775,57.2711,3.40455
-4.09197,591.728,11.4795,59.9169,3.39817
-2.75609,516.089,10.5635,54.5698,3.55162
-2.9362,562.878,11.4386,59.172,3.53036
-3.45192,578.49,11.5154,59.8067,3.47048
-3.03428,594.079,12.0254,62.2544,3.51886
1.45698,593.709,14.3431,71.8013,4.10698
1.65074,505.814,12.3118,61.5458,4.13552
-2.19127,542.451,11.3559,58.4107,3.6195
-1.08086,511.416,11.1876,57.0647,3.75851
-4.66193,518.606,9.83189,51.5463,3.33556
0.802637,505.06,11.8952,59.8322,4.01273
0.173189,573.969,13.1901,66.6536,3.92504
-4.58056,580.835,11.048,57.885,3.3444
-0.655462,520.271,11.5737,58.8464,3.81383
0.841076,543.887,12.8288,64.5102,4.01818
-1.28326,599.25,13.0047,66.434,3.7326
-3.09592,550.944,11.1247,57.6191,3.51166
-1.83369,507.76,10.7817,55.307,3.66344
0.116006,533.282,12.2277,61.8165,3.91721
-3.35658,553.01,11.0504,57.3494,3.48144
-0.433667,507.091,11.3793,57.7623,3.84314
0.775798,554.2,13.0389,65.598,4.00893
1.07988,574.995,13.6892,68.7162,4.05227
-4.9948,567.121,10.6075,55.7584,3.29975
-0.145782,592.692,13.4513,68.1342,3.88168
1.62785,550.91,13.3976,66.9847,4.13214
-1.22532,537.633,11.6942,59.7136,3.73999
-4.40343,581.394,11.1381,58.2764,3.36375
0.345647,509.17,11.7801,59.4528,3.94878
0.869257,535.466,12.6441,63.568,4.02218
1.50218,504.521,12.2099,61.1021,4.11361
-3.02185,548.931,11.117,57.5463,3.52031
-1.18043,565.429,12.3207,62.8911,3.74573
-3.94429,536.292,10.4662,54.5651,3.41466
-2.03499,523.421,11.0258,56.6455,3.63861
-0.712671,555.987,12.3404,62.7715,3.80632
-1.27818,521.828,11.3268,57.8603,3.73325
-0.920003,518.354,11.4116,58.1369,3.77929
-2.37276,560.114,11.6412,59.9613,3.59749
-2.425,571.252,11.848,61.0509,3.59119
-4.42264,533.029,10.2036,53.395,3.36164
-4.318,555.565,10.6801,55.8427,3.37314
-1.77003,593.293,12.6297,64.7557,3.67134
-1.44776,576.473,12.4293,63.5733,3.71174
-1.1218,522.488,11.4114,58.224,3.75325
-0.166203,507.631,11.5116,58.318,3.87892
-4.95446,545.36,10.2172,53.6898,3.30406
-1.00121,559.133,12.2699,62.548,3.76878
-1.3503,531.552,11.505,58.8026,3.72408
-4.28143,582.831,11.2208,58.6532,3.37717
-3.94072,552.712,10.7882,56.2422,3.41506
-4.55612,573.325,10.9159,57.1822,3.34706
1.85378,503.548,12.3533,61.6624,4.16574
1.9768,538.718,13.2791,66.2246,4.18422
0.616335,520.94,12.1805,61.3509,3.98648
-1.73993,589.978,12.5741,64.4561,3.67509
-0.467622,553.847,12.4119,63.0201,3.83863
-2.79413,573.959,11.7302,60.6144,3.54712
-1.90525,555.688,11.7659,60.3886,3.65458
-3.0447,566.414,11.4606,59.3353,3.51764
-4.56654,558.941,10.6376,55.7286,3.34592
-4.03956,518.02,10.0708,52.5429,3.40401
-1.12759,590.491,12.8937,65.7898,3.75251
0.3388,540.444,12.5003,63.0909,3.94784
-0.419654,557.296,12.5128,63.5094,3.845
0.535498,554.658,12.928,65.1549,3.97517
0.767403,555.216,13.0585,65.7007,4.00774
-3.01188,570.306,11.5545,59.8064,3.52148
0.567739,518.121,12.0916,60.9251,3.97967
-1.37025,523.639,11.3248,57.8903,3.72155
-0.0110917,578.264,13.1933,66.7607,3.8999
1.1624,598.122,14.2855,71.6664,4.06415
-3.04641,580.514,11.7451,60.809,3.51744
-1.69481,564.141,12.045,61.7227,3.68071
-2.68188,536.654,11.017,56.8804,3.56043
-4.35234,512.376,9.83618,51.4439,3.36936
0.579644,561.299,13.1053,66.0272,3.98134
0.816299,515.552,12.1488,61.1016,4.01466
-2.06112,568.746,11.9681,61.499,3.6354
-3.00184,573.109,11.6159,60.1198,3.52266
-2.68253,511.109,10.4923,54.1717,3.56036
1.57439,588.646,14.2857,71.4527,4.12424
1.51615,507.95,12.2995,61.5445,4.11567
-0.400137,503.964,11.324,57.4675,3.8476
-1.58626,590.419,12.6604,64.823,3.6943
-0.468507,566.647,12.6983,64.4747,3.83851
-4.22767,548.917,10.5909,55.337,3.38311
-2.64263,507.796,10.4409,53.8898,3.56511
-4.75923,522.125,9.85966,51.7314,3.32504
0.84006,588.468,13.8798,69.7957,4.01803
-2.03566,530.204,11.1683,57.3783,3.63853
-0.654544,597.118,13.2837,67.5403,3.81395
-0.254738,548.325,12.3913,62.816,3.86702
-4.98621,589.878,11.037,58.0122,3.30067
-0.435827,542.073,12.1633,61.7429,3.84285
-4.1946,591.987,11.4371,59.7433,3.38677
-1.28072,596.525,12.9469,66.1374,3.73293
-2.73509,599.831,12.2879,63.4674,3.55411
-3.26863,539.259,10.8137,56.0828,3.4916
-1.30319,543.868,11.7935,60.2558,3.73007
-1.58074,541.136,11.6062,59.4227,3.69499
-2.8987,573.484,11.6716,60.36,3.53477
-1.80887,581.759,12.3651,63.4177,3.66652
-3.41508,594.456,11.8508,61.5308,3.47471
-1.00807,531.581,11.6622,59.4529,3.76789
-1.38818,546.406,11.8088,60.3726,3.71927
-4.62278,587.376,11.1533,58.4563,3.33981
-2.35495,563.474,11.7194,60.3556,3.59964
-2.18864,547.316,11.4589,58.9395,3.61982
1.20891,537.956,12.8717,64.5521,4.07087
0.334366,564.976,13.0655,65.9454,3.94722
-3.66944,567.802,11.2044,58.2891,3.44566
0.108603,508.892,11.6651,58.9754,3.9162
-2.13004,582.565,12.2253,62.8537,3.62697
-1.78518,552.853,11.7618,60.3125,3.66946
-1.02374,516.998,11.3352,57.793,3.76587
-4.05737,502.568,9.76343,50.9461,3.40202
-1.7761,550.846,11.7233,60.1111,3.67059
-0.977091,577.431,12.6835,64.6447,3.7719
-2.77024,516.367,10.5632,54.5742,3.54994
-1.66731,543.065,11.6076,59.4692,3.68415
-4.30709,561.117,10.7916,56.4207,3.37434
-0.179747,527.449,11.9547,60.5686,3.8771
1.50095,534.455,12.9337,64.7249,4.11343
0.514445,568.268,13.2343,66.7091,3.97223
0.563469,525.967,12.2727,61.8394,3.97907
0.92868,544.263,12.8816,64.7338,4.03063
0.0905473,590.391,13.5237,68.381,3.91374
1.07118,519.155,12.3556,62.0259,4.05102
-2.70433,579.085,11.8774,61.3332,3.55776
-2.87956,521.517,10.6221,54.9244,3.53703
-4.79203,594.594,11.2132,58.8484,3.3215
-2.65751,540.521,11.1072,57.3353,3.56334
1.1792,527.228,12.6005,63.2054,4.06657
-1.15901,521.007,11.3623,57.9898,3.74848
-3.04812,533.938,10.802,55.9271,3.51724
-3.73824,553.333,10.8887,56.677,3.43787
-0.408366,546.139,12.2677,62.2604,3.8465
1.56588,583.88,14.1653,70.8551,4.12299
-4.23256,556.46,10.7343,56.0885,3.38257
-1.67483,510.395,10.9061,55.8781,3.68321
-4.571,585.09,11.1332,58.3272,3.34544
-4.60195,556.86,10.5828,55.4569,3.34207
-1.58731,557.749,11.9594,61.234,3.69417
1.43331,507.752,12.2553,61.3602,4.10352
0.872473,547.616,12.9326,65.017,4.02263
-2.65671,504.994,10.3775,53.5681,3.56343
-4.35632,536.767,10.3028,53.8859,3.36892
1.75806,547.251,13.3758,66.8128,4.15146
-4.08371,547.832,10.6315,55.487,3.39909
-0.663053,563.409,12.5296,63.7101,3.81283
0.724648,583.334,13.697,68.9348,4.00171
1.45896,531.625,12.8443,64.297,4.10727
-4.40611,588.358,11.2703,58.9693,3.36346
-3.44945,579.304,11.5328,59.8957,3.47077
1.82189,582.209,14.2655,71.2235,4.16098
-3.37441,541.993,10.8225,56.1744,3.47939
-1.98619,520.41,10.9836,56.408,3.64461
-0.745203,531.587,11.7837,59.9545,3.80206
-3.3209,523.247,10.4707,54.3256,3.48556
-1.55902,568.736,12.2086,62.4969,3.69772
-3.27684,525.742,10.5392,54.6626,3.49065
-2.73538,525.277,10.7605,55.5785,3.55408
-2.10285,594.322,12.4855,64.1783,3.63029
-3.25541,538.811,10.8105,56.0602,3.49313
-4.58104,505.06,9.60649,50.3326,3.34435
1.88946,598.197,14.6955,73.3349,4.17109
0.0561877,576.664,13.1915,66.7184,3.90905
1.95993,516.764,12.7296,63.4922,4.18168
-0.495501,562.575,12.5937,63.9565,3.83493
0.466348,509.187,11.8362,59.6827,3.96553
-4.67494,578.452,10.9607,57.4701,3.33415
-1.71435,574.201,12.2503,62.784,3.67828
0.22165,573.673,13.2083,66.7217,3.93169
-3.75479,544.964,10.7168,55.7898,3.43599
1.84772,553.713,13.5808,67.7925,4.16484
0.984994,572.564,13.5811,68.2211,4.03867
0.600605,516.939,12.0795,60.8494,3.98427
-2.92441,572.439,11.6384,60.2001,3.53175
-3.86035,560.954,10.9845,57.2302,3.42409
0.751862,523.8,12.3122,61.9527,4.00555
1.879,581.619,14.2825,71.2791,4.16952
0.584422,531.179,12.4044,62.4936,3.98201
-0.440195,575.989,12.9221,65.5969,3.84227
-3.76254,527.766,10.3754,54.0155,3.43512
-3.89444,511.139,9.99534,52.0901,3.42026
0.665867,536.244,12.5625,63.2522,3.99343
-3.48345,596.033,11.8496,61.5574,3.46687
-0.865454,574.79,12.6812,64.5789,3.78637
-0.959825,586.167,12.8842,65.659,3.77413
-0.500821,511.632,11.4509,58.1551,3.83423
-0.716587,552.885,12.2697,62.4135,3.80581
0.625592,598.952,14.0096,70.559,3.98778
0.531823,517.389,12.0576,60.7699,3.97465
-2.81709,557.401,11.3813,58.8221,3.5444
-4.69858,556.698,10.5384,55.2662,3.33159
0.545392,588.981,13.7333,69.2084,3.97655
-1.62537,524.098,11.2209,57.4694,3.6894
1.28718,581.415,13.9539,69.9392,4.08221
-1.14933,590.3,12.8784,65.7228,3.74972
1.67138,558.663,13.6091,68.0205,4.13858
0.537119,558.745,13.0241,65.6384,3.97539
-1.69763,574.217,12.2588,62.8194,3.68036
-2.92223,552.483,11.2336,58.1054,3.532
-3.78361,539.875,10.6045,55.2171,3.43274
-3.11833,569.853,11.4962,59.5535,3.50905
-4.15172,555.306,10.747,56.1196,3.39153
-0.279248,591.171,13.3467,67.6715,3.86374
-4.53529,596.911,11.3746,59.5751,3.34933
-0.810782,547.408,12.1031,61.6098,3.79349
-2.32047,565.436,11.7763,60.633,3.60381
-4.16223,577.143,11.1649,58.3066,3.39036
-2.77803,555.093,11.3519,58.6524,3.54902
-3.82809,591.649,11.6007,60.4251,3.42772
0.530198,584.551,13.6219,68.6548,3.97443
1.24224,513.618,12.3053,61.6964,4.07569
0.869619,551.376,13.0199,65.4574,4.02223
-0.203808,524.856,11.8847,60.2248,3.87386
-4.59618,534.693,10.1639,53.2594,3.3427
-4.68848,560.421,10.6132,55.6541,3.33268
-1.4575,572.293,12.3344,63.0926,3.71051
-3.27571,544.58,10.9173,56.6232,3.49078
1.60069,500.051,12.148,60.7488,4.12812
0.95474,594.089,14.0751,70.7181,4.03435
1.50918,547.124,13.2445,66.2763,4.11464
-2.24785,564.657,11.7941,60.6912,3.61261
-3.12828,510.007,10.2848,53.2821,3.50789
-2.81284,521.304,10.6461,55.0204,3.5449
-2.62471,517.453,10.6471,54.9464,3.56725
-3.24271,535.327,10.746,55.7207,3.4946
-0.0974121,525.709,11.9537,60.527,3.88821
-4.9528,586.426,10.9873,57.7357,3.30424
-2.41641,575.392,11.938,61.5103,3.59222
-2.46937,533.811,11.0519,56.968,3.58585
-0.879709,536.231,11.8239,60.2193,3.78452
-0.454769,539.758,12.1023,61.4421,3.84033
-0.396938,571.248,12.8375,65.1466,3.84802
-0.422146,587.014,13.1787,66.8909,3.84467
0.289402,504.678,11.6506,58.8234,3.94102
1.59189,572.949,13.9141,69.5855,4.12682
1.27944,578.772,13.8863,69.6044,4.08109
-3.34513,568.777,11.3707,59.0064,3.48276
-2.3417,592.851,12.3369,63.5294,3.60124
-4.46383,599.085,11.449,59.9315,3.35713
0.568845,535.507,12.4979,62.9717,3.97983
-4.40318,594.363,11.3867,59.5769,3.36378
-4.90886,561.618,10.5413,55.3728,3.30894
-2.70437,561.79,11.5227,59.5013,3.55776
-3.24898,525.81,10.5523,54.7189,3.49387
-4.76361,547.862,10.3438,54.2736,3.32456
-0.597859,536.642,11.9649,60.8096,3.82141
-4.23876,583.434,11.2518,58.7954,3.38189
-1.64377,561.12,12.0048,61.4928,3.68709
-4.8731,539.425,10.1394,53.2469,3.31278
-3.43648,541.796,10.7917,56.0411,3.47226
-1.46059,568.094,12.2424,62.6235,3.71012
-0.515815,564.802,12.6335,64.1681,3.83224
0.251082,532.542,12.2754,61.9957,3.93574
-1.54036,573.802,12.3264,63.0913,3.70006
-3.18449,507.408,10.2094,52.9142,3.50135
-2.08374,532.823,11.2021,57.5727,3.63263
-3.02262,568.622,11.5154,59.6091,3.52022
1.54729,551.875,13.3792,66.9321,4.12025
0.325069,525.858,12.1564,61.3614,3.94594
-3.36459,587.287,11.7316,60.8882,3.48052
0.196326,545.071,12.5373,63.3442,3.92821
1.19137,525.383,12.5623,63.0085,4.06833
1.20668,529.81,12.6757,63.5701,4.07055
-3.35068,576.402,11.5206,59.7867,3.48212
-3.13746,590.306,11.8997,61.6529,3.50682
1.15203,582.611,13.9094,69.7851,4.06265
-3.73103,577.218,11.362,59.1374,3.43868
-1.88175,518.092,10.9801,56.3454,3.65749
0.515079,509.062,11.8558,59.7602,3.97232
0.33198,558.559,12.9159,65.1915,3.94689
1.83881,569.454,13.9621,69.7002,4.1635
0.261407,562.972,12.9821,65.5597,3.93716
0.682077,549.698,12.8858,64.8725,3.99571
-1.66691,598.361,12.7898,65.5253,3.6842
-1.12813,594.02,12.9704,66.1818,3.75244
-3.8098,558.041,10.9498,57.0266,3.42978
-2.12411,574.129,12.0511,61.9554,3.62769
1.69713,512.419,12.495,62.4405,4.1424
1.33342,517.099,12.4326,62.2934,4.08894
1.96723,533.459,13.1446,65.5584,4.18277
-2.02469,562.6,11.8559,60.9056,3.63987
-4.31458,542.33,10.4271,54.5184,3.37352
-1.64682,592.765,12.6802,64.9543,3.68671
0.017749,512.837,11.7138,59.2614,3.90382
-1.50736,599.881,12.9035,66.0285,3.70422
-0.325617,516.741,11.6451,59.0644,3.85754
-4.66872,588.552,11.1549,58.4855,3.33482
0.45291,514.975,11.9644,60.3354,3.96366
-1.49629,517.889,11.1448,57.024,3.70561
-2.60847,522.512,10.7582,55.5127,3.56918
-4.64999,538.826,10.2201,53.5768,3.33685
1.94375,542.94,13.3661,66.6744,4.17924
-0.277703,591.183,13.3478,67.6763,3.86395
-2.89356,520.285,10.591,54.7698,3.53538
-0.952328,501.793,11.0329,56.2213,3.7751
1.61983,555.63,13.5082,67.5415,4.13095
1.4834,527.793,12.7638,63.8828,4.11086
-0.159048,544.428,12.3495,62.5595,3.87989
0.266751,546.963,12.6156,63.7062,3.9379
0.517318,570.548,13.2889,66.983,3.97263
-4.45478,546.229,10.4427,54.6601,3.35812
-2.39783,541.995,11.2534,57.9749,3.59446
-0.75838,532.533,11.7986,60.036,3.80034
-1.57508,533.358,11.4419,58.5792,3.6957
-3.57778,555.055,10.9932,57.1502,3.45609
-2.66538,567.027,11.6482,60.1316,3.5624
0.364562,555.167,12.8538,64.8626,3.9514
0.246347,572.353,13.1906,66.6204,3.93509
-2.46083,522.897,10.8297,55.8187,3.58687
-3.76031,570.533,11.2172,58.3969,3.43537
-2.87469,509.089,10.371,53.624,3.5376
-4.94192,584.342,10.9531,57.551,3.3054
1.22566,528.686,12.6582,63.4732,4.07329
-1.75408,502.68,10.7076,54.8938,3.67333
1.99355,540.914,13.3419,66.5295,4.18674
-0.438663,526.952,11.8226,60.0151,3.84247
-2.59922,557.333,11.4793,59.2299,3.57029
-0.464372,537.204,12.0405,61.1327,3.83906
-4.0337,569.174,11.068,57.7425,3.40466
-2.70887,593.765,12.1763,62.8788,3.55722
1.85524,577.31,14.1637,70.6983,4.16596
-0.944676,583.387,12.8308,65.3792,3.77609
-1.33084,576.118,12.4792,63.7725,3.72655
-0.379817,561.256,12.6214,64.0419,3.8503
-1.31091,501.631,10.8743,55.5626,3.72908
-4.1621,516.208,9.98615,52.1508,3.39038
-1.96261,535.167,11.3056,58.0515,3.64751
-2.01648,532.856,11.2328,57.7009,3.64088
0.830388,523.811,12.3501,62.108,4.01666
-3.13252,521.642,10.5176,54.4901,3.50739
1.8032,516.857,12.655,63.1917,4.15819
0.902487,586.231,13.8607,69.6677,4.0269
-4.73275,568.662,10.75,56.391,3.3279
-1.25022,582.879,12.6659,64.6875,3.73682
-3.68829,501.915,9.89672,51.4938,3.44352
0.673042,516.695,12.1079,60.9602,3.99444
-3.22943,597.521,12.0009,62.221,3.49614
-0.889801,562.912,12.4072,63.1952,3.78321
-4.28448,516.181,9.93643,51.9407,3.37684
-0.000216941,558.847,12.7557,64.5413,3.90138
-4.52997,508.844,9.69847,50.7942,3.34991
-2.5646,557.343,11.4954,59.297,3.57443
-1.67624,572.597,12.2345,62.6852,3.68303
1.25682,550.866,13.2052,66.2011,4.07781
1.84085,523.686,12.8409,64.1024,4.16381
-1.0736,533.071,11.6647,59.4948,3.75945
1.89304,566.5,13.9188,69.4569,4.17163
-4.98114,568.582,10.6407,55.927,3.30121
-1.6483,554.978,11.8712,60.8107,3.68653
1.64605,589.337,14.3422,71.698,4.13483
-1.98278,508.955,10.7433,55.1725,3.64503
-2.88122,501.049,10.2045,52.7659,3.53683
-4.8945,517.273,9.71461,51.0246,3.31048
-2.90598,587.942,11.9624,61.8672,3.53391
-1.31784,570.059,12.3543,63.128,3.7282
-3.40036,510.767,10.1884,52.8935,3.4764
-1.40437,523.288,11.302,57.7883,3.71722
-0.799737,540.535,11.9564,60.8578,3.79493
-1.8334,512.05,10.8729,55.7748,3.66348
-2.03544,589.069,12.4084,63.7491,3.63855
-3.67063,516.566,10.1928,53.0273,3.44553
-0.298789,562.065,12.6799,64.2998,3.86112
-0.428396,587.551,13.1876,66.9387,3.84384
1.39649,570.642,13.7536,68.8803,4.09813
-2.11726,514.09,10.7938,55.4887,3.62853
1.4533,584.475,14.118,70.6763,4.10644
-2.40024,546.984,11.3559,58.5039,3.59417
-2.89577,514.382,10.47,54.1446,3.53512
-0.519579,576.526,12.8938,65.4922,3.83174
0.123043,577.068,13.2353,66.9069,3.91818
-1.179,511.151,11.1386,56.8565,3.74592
-1.53561,554.59,11.916,60.9882,3.70066
-1.48341,528.227,11.373,58.1863,3.70724
-4.71471,571.413,10.8099,56.6971,3.32984
-2.24613,532.91,11.1318,57.2821,3.61282
-1.56335,530.917,11.3948,58.333,3.69718
1.26567,527.385,12.6466,63.397,4.07909
-3.98745,574.521,11.1928,58.3727,3.40983
-4.35399,504.485,9.68405,50.6489,3.36918
-3.96133,597.205,11.6469,60.729,3.41275
0.203791,589.962,13.5739,68.5774,3.92924
-0.280595,521.8,11.7799,59.7281,3.86356
-0.956218,588.513,12.9376,65.9293,3.7746
-1.32959,516.562,11.1897,57.1823,3.72671
-0.15341,566.439,12.8516,65.1004,3.88065
-3.54771,530.961,10.5287,54.7227,3.45952
0.42325,577.159,13.3936,67.5575,3.95954
-4.20627,520.279,10.047,52.4866,3.38548
1.75459,555.382,13.5728,67.7981,4.15094
-0.365686,561.326,12.63,64.0788,3.85219
-0.11291,551.24,12.5267,63.4353,3.88611
-0.911881,544.274,11.986,61.0598,3.78034
0.57022,535.724,12.5036,62.9999,3.98002
1.25976,501.275,12.0178,60.2471,4.07823
-2.85953,584.808,11.9207,61.6298,3.53939
0.403471,516.014,11.9655,60.3625,3.95679
-0.931593,532.754,11.7232,59.7298,3.77779
-2.30478,515.893,10.7512,55.3484,3.60571
-1.62114,556.218,11.9105,60.9998,3.68993
1.94335,506.134,12.4598,62.1538,4.17918
-2.19985,542.268,11.3481,58.3748,3.61845
-0.74791,595.78,13.2053,67.1886,3.8017
-0.879196,547.415,12.0707,61.4762,3.78459
-4.71523,558.626,10.5678,55.4274,3.32979
-1.9003,529.925,11.2226,57.598,3.6552
-4.50385,555.496,10.5989,55.4985,3.35276
0.501067,521.469,12.1381,61.1895,3.97036
-2.41956,550.142,11.4127,58.8052,3.59184
-4.34438,580.378,11.1452,58.2866,3.37024
-3.38203,507.425,10.1292,52.5786,3.47851
1.48721,535.83,12.96,64.8633,4.11142
-2.88383,590.971,12.0346,62.2304,3.53652
-2.79283,545.789,11.155,57.6418,3.54727
-0.107921,520.656,11.834,59.9252,3.88679
-0.404061,552.259,12.4073,62.9667,3.84707
1.88864,555.993,13.6583,68.1593,4.17097
-4.12762,585.207,11.3367,59.1879,3.3942
-1.60739,559.841,11.9947,61.4242,3.69165
0.736613,588.269,13.8193,69.5443,4.0034
0.705882,544.438,12.7744,64.3002,3.99906
0.889368,597.65,14.1235,70.9953,4.02504
0.892131,514.429,12.1581,61.1147,4.02543
-3.17425,510.09,10.2675,53.2115,3.50254
0.114455,521.085,11.9473,60.3996,3.917
0.351626,561.042,12.9833,65.5221,3.94961
1.73878,573.209,13.9999,69.9396,4.14859
-0.340085,518.827,11.6855,59.2755,3.8556
-2.83899,594.012,12.1183,62.6413,3.54181
-3.96708,538.306,10.4958,54.7293,3.41211
-0.659784,596.392,13.2648,67.4469,3.81326
-4.37288,533.272,10.2288,53.5061,3.3671
0.92991,559.015,13.2313,66.4909,4.03081
-4.31153,578.126,11.1167,58.1226,3.37385
1.21765,592.175,14.1738,71.0776,4.07213
-3.51961,518.013,10.2836,53.4369,3.46273
1.97275,565.543,13.9382,69.5135,4.18361
0.684542,500.792,11.7405,59.1054,3.99606
-0.0947957,519.873,11.8222,59.86,3.88856
-3.59206,581.502,11.5104,59.8455,3.45446
-2.8647,512.869,10.4521,54.0395,3.53878
1.17375,509.079,12.1642,61.0193,4.06579
1.07585,555.866,13.2317,66.4218,4.05169
0.371532,570.805,13.2195,66.7043,3.95237
-0.210548,513.826,11.6318,58.9465,3.87296
-4.93432,518.031,9.71314,51.0329,3.30621
-2.39765,574.662,11.9317,61.4694,3.59448
-1.22895,560.316,12.1859,62.2258,3.73953
1.9804,576.852,14.2211,70.9205,4.18476
0.0435669,518.721,11.8602,59.9905,3.90733
-2.7463,542.82,11.115,57.4144,3.55278
-0.258968,522.284,11.8009,59.8246,3.86646
-4.20116,544.243,10.5119,54.9132,3.38605
0.5949,550.346,12.8573,64.7701,3.98347
-4.85508,593.748,11.1687,58.6437,3.31471
-3.6783,538.579,10.6239,55.2732,3.44466
-1.37839,538.33,11.6388,59.4989,3.72052
0.374424,544.307,12.6072,63.6136,3.95277
0.993493,515.957,12.2424,61.4928,4.03989
-0.152975,552.035,12.525,63.4459,3.88071
-2.27389,580.69,12.1165,62.3622,3.60945
-3.58422,589.538,11.6732,60.688,3.45536
0.931009,590.138,13.9686,70.1952,4.03097
-1.82609,592.338,12.5814,64.5353,3.66438
1.74308,559.313,13.6627,68.2533,4.14923
-3.72364,595.913,11.7335,61.0674,3.43952
-4.82191,541.207,10.1941,53.5123,3.31828
-1.58348,565.324,12.1236,62.0732,3.69465
0.941406,518.503,12.2779,61.6946,4.03245
-4.58203,589.045,11.2035,58.7004,3.34424
0.107504,518.386,11.8822,60.0735,3.91605
1.66585,599.152,14.5922,72.9374,4.13776
-0.764081,511.953,11.3401,57.7054,3.79959
1.4764,546.5,13.2126,66.1324,4.10983
-1.25976,589.988,12.8156,65.4564,3.7356
-1.56179,594.335,12.7567,65.3041,3.69737
-3.13631,576.357,11.6191,60.1982,3.50695
0.94947,588.491,13.9396,70.0401,4.0336
-0.585681,576.547,12.8608,65.3568,3.82301
0.0862647,530.105,12.1407,61.3901,3.91315
0.850708,563.186,13.289,66.8196,4.01954
0.808154,598.249,14.093,70.8843,4.01351
-2.56302,539.239,11.1227,57.3738,3.57462
-3.66003,579.604,11.4416,59.5188,3.44673
-2.65593,589.334,12.111,62.5163,3.56352
-2.63856,562.443,11.5664,59.6971,3.56559
-3.49787,540.825,10.7458,55.8295,3.46522
-2.21341,595.744,12.4605,64.1035,3.6168
-2.44472,596.548,12.363,63.7138,3.58881
1.58434,588.221,14.2809,71.4234,4.12571
-4.09643,520.542,10.0967,52.7011,3.39767
-0.544319,543.501,12.1434,61.692,3.82847
1.04535,592.514,14.0873,70.7327,4.04731
-1.53105,500.066,10.7464,55.0002,3.70124
-3.79021,505.17,9.92015,51.6565,3.43199
-2.09461,582.779,12.2471,62.9485,3.6313
1.38442,569.232,13.7132,68.684,4.09637
-2.30974,525.797,10.9555,56.402,3.60511
-1.22835,533.792,11.6093,59.2813,3.73961
-2.63699,567.55,11.6722,60.2422,3.56578
-0.0266569,572.45,13.0527,66.0568,3.89779
0.923501,594.05,14.0571,70.6437,4.0299
1.55344,548.481,13.3001,66.5333,4.12115
0.931959,522.955,12.3788,62.2058,4.0311
0.903953,527.55,12.474,62.6969,4.02711
0.115838,502.087,11.5123,58.2001,3.91719
1.95383,550.358,13.554,67.6068,4.18076
-3.91985,597.695,11.676,60.8609,3.4174
-3.20136,550.924,11.0775,57.4209,3.49939
0.877652,557.986,13.1801,66.259,4.02337
-0.991237,572.327,12.5644,64.0444,3.77007
1.49299,565.336,13.6768,68.4475,4.11226
1.2308,585.075,14.011,70.2545,4.07404
-1.41361,599.864,12.9511,66.2253,3.71606
1.56287,562.52,13.6456,68.2566,4.12254
-3.85158,520.579,10.1975,53.1262,3.42507
0.596299,508.204,11.8734,59.813,3.98367
-4.50663,541.429,10.3293,54.0881,3.35246
-2.19014,537.909,11.2613,57.9237,3.61964
-2.38608,524.925,10.9041,56.1702,3.59588
-1.26854,573.415,12.4513,63.5998,3.73448
-3.61012,526.687,10.4178,54.1725,3.45241
1.07619,563.072,13.4034,67.2835,4.05174
-1.57836,509.558,10.9299,55.9593,3.69529
1.18221,519.768,12.4236,62.317,4.06701
-2.08523,506.461,10.6472,54.7216,3.63245
-3.94164,590.883,11.5328,60.1246,3.41496
-1.89214,536.879,11.3736,58.3691,3.65621
1.77236,591.722,14.4708,72.2747,4.15359
1.33069,597.774,14.3708,72.0058,4.08854
-2.02425,503.315,10.6067,54.4884,3.63993
-4.43981,570.688,10.917,57.1355,3.35976
1.01368,522.44,12.406,62.3052,4.04278
-1.31919,592.865,12.8479,65.6507,3.72803
-0.100956,526.258,11.9646,60.5834,3.88773
-2.07924,520.368,10.9422,56.235,3.63318
-4.6872,598.638,11.3375,59.4519,3.33282
-3.81952,531.066,10.4164,54.2528,3.42869
1.02407,516.812,12.2773,61.6542,4.04426
1.65966,542.345,13.2056,66.0093,4.13684
-0.485225,525.028,11.7579,59.7074,3.83629
-1.5788,534.905,11.4734,58.7421,3.69524
-1.79419,564.339,12.0018,61.5477,3.66834
0.506593,530.175,12.3434,62.2219,3.97113
-3.92001,540.472,10.5581,55.0338,3.41738
-1.24322,519.838,11.2992,57.7041,3.73771
-0.231343,588.109,13.3026,67.4237,3.87016
1.94014,575.254,14.1596,70.6347,4.1787
1.23737,533.152,12.7709,64.033,4.07499
-1.74517,523.403,11.1529,57.1731,3.67444
-0.966148,576.924,12.6779,64.6106,3.77331
-1.38845,501.687,10.8422,55.4311,3.71924
-4.23192,557.601,10.7566,56.2047,3.38264
0.076086,509.131,11.6557,58.9422,3.91176
-4.39701,572.385,10.9684,57.3853,3.36445
0.153341,595.381,13.6715,69.0966,3.92232
-0.88047,513.465,11.3216,57.6613,3.78442
-3.2487,534.096,10.7187,55.5817,3.4939
-0.340988,518.361,11.6746,59.2205,3.85548
-2.03709,567.564,11.9546,61.4186,3.63835
-1.62498,545.625,11.6819,59.8307,3.68945
-2.94775,569.068,11.559,59.8004,3.529
-2.84272,522.053,10.6487,55.0463,3.54137
0.856919,557.555,13.1593,66.1644,4.02043
-1.95959,559.111,11.8129,60.6547,3.64788
-2.03429,524.484,11.0485,56.7618,3.63869
-0.574612,587.329,13.107,66.6025,3.82447
0.331809,544.735,12.5961,63.5777,3.94687
-0.182676,554.461,12.5654,63.6646,3.87671
-4.74935,577.716,10.9138,57.2577,3.3261
-3.76569,557.858,10.9656,57.0896,3.43476
-0.6005,514.386,11.4675,58.2828,3.82106
1.47341,522.844,12.6392,63.2638,4.10939
-4.63681,586.052,11.1219,58.2978,3.33828
-2.48054,562.545,11.6416,60.0129,3.5845
-4.40429,555.962,10.6505,55.7257,3.36366
-4.71671,502.759,9.51033,49.8819,3.32963
-4.67267,563.581,10.6799,55.9969,3.3344
-0.847283,510.142,11.263,57.3488,3.78874
-3.32828,545.781,10.9184,56.6516,3.48471
1.24603,532.701,12.7644,63.9963,4.07624
-2.06961,567.835,11.9449,61.3836,3.63436
-0.111937,590.569,13.4209,67.9632,3.88624
1.7108,553.238,13.4975,67.4434,4.14443
-0.515362,571.924,12.793,64.9782,3.8323
-0.860197,503.469,11.11,56.5753,3.78706
-2.78996,510.105,10.4269,53.8782,3.54761
-3.50089,571.222,11.3484,58.9616,3.46487
-4.43395,560.864,10.7316,56.1627,3.3604
0.307047,549.508,12.6942,64.0844,3.94345
1.03782,568.413,13.5104,67.8395,4.04623
-3.88113,513.01,10.0373,52.3035,3.42175
-4.71436,550.951,10.4229,54.6675,3.32988
-0.99975,531.539,11.6651,59.464,3.76897
-4.04172,545.322,10.6007,55.3083,3.40377
0.866125,589.253,13.9125,69.9464,4.02173
-1.76372,592.918,12.6249,64.7279,3.67213
-4.12228,566.633,10.9793,57.3193,3.3948
-4.69915,519.452,9.83309,51.5676,3.33153
-3.01058,550.652,11.1569,57.7478,3.52163
1.08904,521.271,12.4146,62.3138,4.05359
0.0571103,565.002,12.9252,65.371,3.90918
-0.582819,549.257,12.2535,62.2689,3.82339
0.369337,537.015,12.4359,62.7513,3.95206
-0.856333,598.535,13.2098,67.2662,3.78756
-3.92417,596.444,11.6495,60.7249,3.41692
-4.42487,590.477,11.3023,59.1455,3.3614
-2.94381,548.951,11.1522,57.6937,3.52947
-1.71747,574.003,12.2446,62.756,3.67789
0.452514,579.657,13.467,67.9128,3.9636
1.77478,516.474,12.6318,63.0884,4.15395
-4.5973,558.655,10.6189,55.6442,3.34258
-4.20778,534.49,10.3208,53.9176,3.38531
-0.605943,582.906,12.9923,66.035,3.82034
-1.0738,594.476,13.0082,66.3477,3.75942
-1.71184,552.2,11.7821,60.3832,3.67859
-3.86221,594.295,11.6366,60.6281,3.42388
-4.67203,557.735,10.5694,55.4172,3.33447
0.141583,554.529,12.7276,64.3316,3.92071
-4.27651,545.716,10.5084,54.9269,3.37772
0.899834,568.017,13.4287,67.4975,4.02653
-2.71683,577.14,11.8316,61.1025,3.55628
-4.86893,502.286,9.44294,49.5877,3.31323
-2.84162,587.528,11.9847,61.9523,3.5415
-4.69429,536.331,10.1546,53.2518,3.33205
1.11836,568.941,13.5653,68.0753,4.0578
-0.104068,576.047,13.0949,66.3086,3.88731
-4.36391,505.102,9.69201,50.6945,3.36809
0.765529,565.047,13.2888,66.8601,4.00748
1.5486,503.477,12.2065,61.0649,4.12044
-1.81635,532.092,11.3061,57.9896,3.66559
-3.07443,544.88,11.0118,57.0246,3.51417
-2.22067,576.873,12.0623,62.0585,3.61592
-1.65521,589.154,12.5988,64.5413,3.68566
-4.38827,532.254,10.203,53.3772,3.36541
-0.0264232,570.811,13.0154,65.8682,3.89782
-1.85363,591.189,12.5433,64.3532,3.66097
-0.359739,536.66,12.0778,61.2745,3.85298
-4.82724,586.78,11.0501,58.0082,3.31771
-4.77052,578.705,10.9231,57.3161,3.32382
-2.18373,500.936,10.4899,53.9534,3.62042
-0.970495,500.079,10.9873,55.9968,3.77275
-0.797181,542.698,12.0054,61.1063,3.79527
-3.97508,520.85,10.1522,52.9409,3.41121
-0.975543,537.243,11.8015,60.1486,3.7721
0.735964,501.08,11.7708,59.2357,4.0033
-3.84679,517.985,10.1487,52.8696,3.42561
-1.40301,589.632,12.7355,65.1177,3.7174
1.12035,526.929,12.5646,63.0524,4.05809
1.14506,571.025,13.6291,68.3823,4.06165
1.56975,563.728,13.6785,68.418,4.12356
-0.209499,567.396,12.8451,65.0942,3.8731
1.34168,544.569,13.0973,65.6196,4.09014
-3.92764,585.323,11.4307,59.5859,3.41653
-2.84865,502.276,10.2428,52.9507,3.54067
-1.63791,527.082,11.2791,57.7733,3.68783
0.585683,532.615,12.4386,62.665,3.98218
-1.98673,556.175,11.7382,60.2836,3.64454
-1.54623,501.848,10.7782,55.1694,3.69933
-2.90035,501.215,10.2001,52.7508,3.53458
0.880034,591.81,13.9804,70.2808,4.02371
-3.41101,591.388,11.7915,61.2213,3.47518
0.29821,513.316,11.854,59.8469,3.94223
0.415144,596.886,13.8471,69.8486,3.95841
-3.00589,505.603,10.2461,53.0314,3.52218
-0.862351,577.335,12.7389,64.8712,3.78678
-0.496416,540.273,12.094,61.4192,3.83481
0.42242,541.705,12.5705,63.4059,3.95942
-1.14329,535.101,11.6769,59.5885,3.75049
-2.34687,590.106,12.2772,63.2247,3.60061
0.154695,552.911,12.697,64.1706,3.92251
-3.32434,516.317,10.3306,53.6001,3.48516
-4.1012,517.925,10.044,52.4281,3.39714
1.73627,592.857,14.4783,72.3312,4.14821
-3.67801,508.63,10.0333,52.2001,3.44469
-3.00947,582.005,11.7926,61.0379,3.52176
1.66319,524.636,12.7761,63.8609,4.13736
-3.23172,561.086,11.2681,58.4226,3.49587
-0.668634,570.263,12.6792,64.4738,3.8121
-4.33514,570.776,10.9649,57.3396,3.37125
-1.93935,507.117,10.7229,55.0499,3.65038
-0.259854,520.321,11.7561,59.5981,3.86634
-1.62016,513.326,10.9925,56.2976,3.69005
1.49211,567.249,13.7226,68.6773,4.11214
-4.2186,553.535,10.6839,55.819,3.38412
-2.80968,501.77,10.2485,52.9641,3.54528
-4.37562,560.431,10.7486,56.2261,3.3668
-3.81018,568.206,11.1491,58.0647,3.42974
-0.00546043,510.912,11.6592,58.9954,3.90067
-0.331041,534.33,12.0389,61.0643,3.85681
-2.87567,533.98,10.8776,56.244,3.53748
-2.1106,589.918,12.3892,63.6869,3.62934
0.508289,533.675,12.4257,62.6361,3.97137
-3.48216,556.236,11.059,57.4497,3.46702
-3.69964,593.039,11.6881,60.8202,3.44224
-0.403472,583.558,13.1108,66.5366,3.84715
-3.30681,561.166,11.2358,58.2891,3.48718
1.47996,565.639,13.6772,68.4561,4.11035
1.12167,548.22,13.0729,65.6028,4.05828
-1.52702,562.716,12.0947,61.8988,3.70174
1.67422,506.141,12.331,61.6311,4.139
-4.55275,508.352,9.68018,50.7075,3.34743
-1.32725,531.23,11.5085,58.8104,3.72701
-2.37173,548.705,11.4046,58.742,3.59761
-0.415051,501.608,11.2645,57.1716,3.84561
-0.57382,541.808,12.0916,61.4421,3.82458
0.229129,576.907,13.2867,67.1138,3.93272
-4.5366,581.419,11.0788,58.0264,3.34919
-1.22628,554.123,12.0525,61.5433,3.73987
-1.71296,541.077,11.5443,59.1648,3.67845
-3.60954,527.865,10.4414,54.2947,3.45247
-0.668369,512.59,11.397,57.9538,3.81213
-2.62105,546.652,11.2495,58.0538,3.56768
0.399292,533.486,12.3686,62.3981,3.95621
-4.62376,528.326,10.0316,52.5778,3.3397
-4.67222,571.762,10.8351,56.8105,3.33444
0.644319,552.948,12.943,65.1782,3.9904
-4.72876,599.753,11.3396,59.4818,3.32833
-4.78979,515.939,9.73078,51.0674,3.32174
-4.53844,519.012,9.88889,51.795,3.34899
-4.30781,557.116,10.7143,56.0171,3.37426
-3.60599,535.452,10.593,55.0814,3.45288
1.88654,569.397,13.9865,69.7979,4.17065
-4.82099,565.842,10.6585,55.9497,3.31838
-4.96795,573.162,10.7322,56.4019,3.30262
-3.41176,582.023,11.6044,60.2503,3.47509
-1.73498,551.417,11.7546,60.2528,3.67571
-0.806102,573.586,12.6843,64.5658,3.7941
-3.5144,591.779,11.7505,61.0568,3.46333
1.8928,562.815,13.8281,69.0046,4.17159
0.776211,542.241,12.7577,64.1832,4.00899
-3.78157,556.953,10.9408,56.9676,3.43297
-4.25562,599.601,11.5557,60.3915,3.38002
-3.35292,599.103,11.9732,62.1367,3.48186
-1.3113,550.443,11.9323,60.9685,3.72903
1.03466,535.874,12.7354,63.9496,4.04578
-1.11101,588.274,12.8536,65.5775,3.75464
-1.83203,533.553,11.3301,58.1196,3.66365
-1.81197,543.439,11.5492,59.2346,3.66613
-0.405138,589.958,13.2537,67.2627,3.84693
1.21574,563.053,13.4758,67.5781,4.07186
1.24257,541.653,12.9771,65.0647,4.07574
-0.409228,566.178,12.7174,64.5431,3.84639
1.19191,529.63,12.6642,63.519,4.06841
1.44217,546.637,13.1984,66.0777,4.10481
-2.34124,578.642,12.0414,62.0077,3.60129
1.1998,548.491,13.1192,65.7973,4.06955
-3.405,547.909,10.9272,56.7313,3.47587
-3.14217,534.931,10.7814,55.8608,3.50627
-2.0794,558.635,11.7468,60.3702,3.63316
0.873658,567.145,13.3944,67.3381,4.0228
-4.17272,541.417,10.4693,54.6787,3.3892
1.09828,523.65,12.4757,62.6165,4.05491
0.138611,501.454,11.5081,58.1687,3.92031
0.498628,541,12.5915,63.4764,3.97002
-1.56675,505.418,10.8461,55.5253,3.69675
-4.23454,579.782,11.1833,58.4354,3.38235
-4.08582,580.57,11.2658,58.7988,3.39885
-4.53593,514.57,9.80525,51.3559,3.34926
-1.59439,593.388,12.72,65.132,3.69328
-0.18057,508.511,11.525,58.3923,3.87699
-3.22242,546.306,10.9753,56.9008,3.49695
-4.28277,511.524,9.84745,51.4749,3.37703
1.43387,511.644,12.3495,61.8316,4.1036
-1.48578,589.675,12.6948,64.9501,3.70694
-1.06274,549.606,12.0316,61.3615,3.76084
1.01141,586.564,13.9275,69.9474,4.04245
0.35965,577.597,13.3706,67.4727,3.95072
-0.153962,507.348,11.5107,58.3081,3.88057
-1.09422,524.031,11.4575,58.4474,3.75679
-4.32809,531.901,10.221,53.4465,3.37203
1.75137,555.374,13.5709,67.7902,4.15046
-1.65022,549.961,11.763,60.2573,3.68629
-4.81567,590.683,11.1288,58.4161,3.31895
1.02167,574.162,13.6384,68.4907,4.04392
-2.80822,537.513,10.9791,56.7396,3.54545
-4.20478,544.695,10.5191,54.9523,3.38564
-3.65465,538.387,10.6302,55.2959,3.44734
0.655055,510.219,11.9478,60.1619,3.99191
-1.63494,547.148,11.7099,59.9786,3.6882
0.292156,530.637,12.2511,61.8544,3.9414
-3.92584,558.843,10.9144,56.8936,3.41673
-4.54313,529.152,10.0802,52.7988,3.34847
-4.17866,570.854,11.0359,57.6404,3.38854
1.1173,550.479,13.1246,65.8641,4.05765
-2.71373,583.329,11.96,61.764,3.55665
-2.07603,590.069,12.4094,63.774,3.63358
0.771861,598.632,14.0821,70.8483,4.00837
-4.72563,584.417,11.051,57.9667,3.32866
-3.64676,526.643,10.4017,54.1036,3.44824
-3.62319,535.626,10.5891,55.0686,3.45092
-4.13541,510.783,9.89185,51.6476,3.39334
-0.268307,566.619,12.7979,64.8836,3.86521
0.795976,586.782,13.8163,69.4988,4.01179
0.151963,552.239,12.6802,64.0869,3.92213
-2.66148,565.269,11.6139,59.9527,3.56286
-0.330025,593.621,13.3754,67.8424,3.85695
0.270809,517.776,11.9442,60.3145,3.93845
-0.0890034,573.373,13.0418,66.0323,3.88934
-0.658341,553.891,12.3202,62.6433,3.81345
-0.405269,579.414,13.0167,66.0603,3.84691
-2.48484,579.881,11.9984,61.8537,3.58399
-3.40771,589.915,11.7637,61.0753,3.47556
0.482705,552.958,12.8618,64.8467,3.9678
-1.26016,599.793,13.0284,66.5434,3.73555
-0.389806,557.959,12.5424,63.6455,3.84897
-0.324556,564.737,12.7273,64.5525,3.85768
0.158638,598.705,13.7507,69.494,3.92305
-0.550891,571.365,12.7627,64.8412,3.8276
-2.57329,537.874,11.09,57.2097,3.57339
1.28402,505.086,12.1205,60.7515,4.08175
-0.0422397,527.655,12.024,60.8577,3.89568
-4.8027,565.17,10.6537,55.9167,3.32035
-1.54702,591.766,12.709,65.0527,3.69923
1.04588,531.228,12.6305,63.4177,4.04739
1.67545,597.159,14.5491,72.7168,4.13918
0.922103,587.647,13.9048,69.8792,4.0297
-2.84349,559.235,11.4067,58.9654,3.54128
0.931414,538.964,12.7575,64.109,4.03102
0.110916,575.062,13.183,66.6486,3.91652
-2.69475,566.595,11.6257,60.0288,3.5589
1.08546,501.668,11.946,59.9637,4.05307
0.842424,591.452,13.9515,70.1548,4.01837
-4.65313,525.102,9.95858,52.2069,3.33651
0.793916,528.784,12.4497,62.6254,4.01149
-3.35837,520.056,10.3912,53.9288,3.48124
-0.949978,500.588,11.0074,56.0906,3.77541
1.97551,527.589,13.0041,64.8539,4.18402
-4.91194,593.641,11.1409,58.5242,3.30861
-1.49017,574.85,12.3735,63.3083,3.70639
1.99094,542.875,13.3889,66.7653,4.18635
-1.74988,506.528,10.7913,55.3214,3.67385
-0.604578,528.488,11.78,59.8728,3.82052
-4.28873,549.577,10.5775,55.2935,3.37637
-4.6195,582.649,11.065,57.992,3.34016
-2.41916,554.033,11.4936,59.2218,3.59189
-4.7109,532.322,10.0719,52.825,3.33026
0.0682464,559.197,12.798,64.7223,3.9107
-2.21122,508.434,10.6353,54.7126,3.61707
0.314182,520.028,12.0166,60.6602,3.94444
0.253075,558.904,12.8841,65.0688,3.93601
-3.79223,558.612,10.9687,57.1175,3.43176
-0.420659,519.643,11.6669,59.2167,3.84487
-4.69014,587.472,11.1248,58.3374,3.3325
-0.259459,532.974,12.0422,61.0481,3.86639
-3.82468,570.233,11.1823,58.2443,3.4281
-4.39215,594.35,11.3915,59.597,3.36499
-1.14043,581.602,12.6931,64.7728,3.75086
-1.24586,533.97,11.6051,59.2678,3.73737
-1.33789,506.177,10.9612,56.0177,3.72565
-1.98383,593.544,12.5283,64.3399,3.6449
-3.54789,508.795,10.0891,52.438,3.4595
-1.06185,538.819,11.7959,60.1589,3.76096
0.281608,538.311,12.4232,62.7281,3.93994
-0.0503563,520.616,11.8598,60.0303,3.89458
-3.12208,559.326,11.2822,58.4463,3.50861
-1.18923,504.205,10.9828,56.0655,3.74461
-1.40817,519.574,11.2201,57.3712,3.71674
0.229866,512.52,11.8041,59.6248,3.93282
-1.21677,529.931,11.5306,58.8742,3.74109
-3.31924,576.385,11.5348,59.8458,3.48575
-3.38927,582.903,11.6325,60.3854,3.47768
-2.09164,569.441,11.9682,61.5136,3.63166
-3.03927,585.51,11.8495,61.3465,3.51828
-2.80402,570.389,11.6526,60.2181,3.54595
-1.66938,591.19,12.6353,64.7349,3.68389
-3.59323,577.806,11.4367,59.4629,3.45433
-1.04135,557.375,12.212,62.2715,3.7636
-4.10403,551.026,10.6847,55.7736,3.39683
-1.13287,504.808,11.0204,56.2339,3.75183
0.854753,553.108,13.0533,65.6322,4.02012
-3.00648,562.9,11.4069,59.0401,3.52211
-2.2681,598.711,12.4954,64.3095,3.61016
1.53545,504.235,12.2187,61.1314,4.11851
-1.39387,585.391,12.6485,64.6683,3.71855
-2.82424,566.656,11.567,59.7849,3.54356
1.28956,584.542,14.0303,70.3207,4.08256
-1.46989,583.701,12.5741,64.3248,3.70894
-0.561887,551.658,12.3172,62.5829,3.82615
-2.4058,501.434,10.4079,53.6224,3.5935
1.29063,572.766,13.7482,68.9064,4.08271
0.387084,541.157,12.5405,63.2708,3.95452
-0.471068,591.624,13.2567,67.3112,3.83817
1.55132,501.538,12.1608,60.8348,4.12084
-4.87969,584.893,10.9911,57.7226,3.31207
0.633815,570.631,13.3514,67.2402,3.98893
-1.29139,595.967,12.9293,66.0529,3.73157
-3.75456,567.438,11.1589,58.091,3.43602
-4.35165,524.088,10.0613,52.6211,3.36944
0.0641496,543.326,12.4327,62.8771,3.91014
-0.94295,524.793,11.5429,58.8159,3.77632
-0.295679,570.476,12.8712,65.2685,3.86154
1.58274,531.408,12.9008,64.5218,4.12547
-1.14994,571.003,12.4571,63.573,3.74964
1.22162,530.124,12.6906,63.6377,4.07271
-2.8215,525.695,10.732,55.4683,3.54388
-4.06989,505.937,9.82391,51.2667,3.40063
-0.861388,552.596,12.1935,62.0934,3.7869
1.03578,520.121,12.3616,62.072,4.04594
-0.993528,518.222,11.3756,57.9857,3.76977
-1.5737,510.888,10.9605,56.1138,3.69588
-4.3426,556.876,10.6947,55.9295,3.37043
-2.87433,563.744,11.4845,59.3816,3.53764
-2.69019,562.111,11.5358,59.5626,3.55945
1.98777,545.089,13.4418,67.0309,4.18587
-4.96539,561.923,10.5228,55.3005,3.30289
-0.174244,529.755,12.0095,60.8441,3.87784
-2.9397,575.097,11.6852,60.4497,3.52995
-1.84343,588.263,12.4862,64.0556,3.66223
1.56531,570.603,13.8429,69.2426,4.1229
-2.51745,565.624,11.6882,60.2696,3.58007
-4.19219,553.775,10.6999,55.8913,3.38704
1.24533,542.142,12.9902,65.1291,4.07614
-4.04348,573.357,11.1449,58.1484,3.40357
-1.45524,580.846,12.5199,64.0402,3.71079
-2.54333,590.919,12.1983,62.9124,3.57697
1.06989,548.114,13.0441,65.4832,4.05083
0.555431,513.325,11.9739,60.3376,3.97795
-3.00999,523.445,10.6059,54.8956,3.5217
1.48933,502.826,12.1628,60.8721,4.11173
-4.52928,591.502,11.2742,59.0468,3.34998
-1.96636,594.355,12.5541,64.4641,3.64705
-2.88712,547.094,11.1397,57.604,3.53614
-2.49776,525.631,10.8703,56.0438,3.58244
0.962005,542.28,12.8513,64.5658,4.03539
-0.910341,593.086,13.0617,66.539,3.78054
0.13324,543.062,12.4603,62.9845,3.91957
0.845246,505.539,11.9262,59.9696,4.01877
-0.554981,575.196,12.8462,65.2675,3.82706
-4.78689,577.405,10.8913,57.1568,3.32205
-2.308,585.643,12.2032,62.8252,3.60532
-2.67544,580.036,11.9107,61.4912,3.5612
0.786068,532.957,12.5441,63.104,4.01038
-3.3304,560.089,11.2036,58.1328,3.48446
1.79667,569.188,13.9328,69.5755,4.15721
-2.70695,542.217,11.1201,57.4235,3.55745
-2.85016,550.028,11.2159,57.982,3.54049
1.61792,505.87,12.2975,61.4891,4.13067
-2.88208,544.121,11.0813,57.3003,3.53673
0.52921,516.893,12.0448,60.7066,3.97429
-0.897844,512.27,11.2875,57.4951,3.78217
-3.30382,553.753,11.0887,57.5247,3.48753
-0.731849,529.534,11.7444,59.7484,3.80381
1.3923,583.418,14.0592,70.4132,4.09752
1.12654,578.457,13.7966,69.2318,4.05898
1.90121,563.804,13.8569,69.1441,4.17285
-1.99624,538.255,11.3557,58.3233,3.64337
-1.77493,521.122,11.0912,56.8697,3.67073
-1.70705,568.256,12.127,62.1484,3.67919
-0.191218,587.07,13.3,67.3905,3.87556
0.357845,569.614,13.1848,66.5363,3.95047
-0.229934,506.578,11.459,58.0792,3.87035
-1.80114,504.752,10.7317,55.0369,3.66748
-2.99318,597.324,12.1109,62.6776,3.52367
-3.54833,545.242,10.8117,56.1934,3.45945
0.721209,506.12,11.8824,59.8036,4.00122
-2.96867,563.643,11.4393,59.1903,3.52655
-4.87714,517.977,9.73468,51.123,3.31234
1.05654,504.592,12.0022,60.2582,4.04892
1.57087,537.216,13.0357,65.2025,4.12372
-4.75347,590.697,11.1572,58.5364,3.32566
-1.73084,502.113,10.7053,54.8727,3.67622
-0.102889,548.806,12.4763,63.1753,3.88747
-0.705328,554.485,12.3106,62.6166,3.80728
-4.10519,564.79,10.9511,57.1647,3.3967
0.950569,580.003,13.7391,69.0323,4.03376
0.644582,517.046,12.1027,60.9467,3.99044
-3.32478,534.476,10.6937,55.4844,3.48511
-3.10339,508.595,10.2666,53.1774,3.51079
-4.28072,590.507,11.3689,59.427,3.37725
-0.661969,531.829,11.8278,60.1412,3.81297
1.56794,530.119,12.8621,64.3353,4.12329
-0.464008,504.345,11.3042,57.3941,3.83911
-3.82549,549.652,10.7783,56.1407,3.42801
-1.33456,558.103,12.0872,61.771,3.72608
-3.37684,595.948,11.8988,61.7617,3.47911
-2.08052,571.9,12.0252,61.8014,3.63303
-4.91965,542.93,10.1861,53.5114,3.30779
-0.261234,507.887,11.4746,58.1713,3.86615
-3.24028,560.6,11.2544,58.3558,3.49488
-2.068,538.137,11.3209,58.1763,3.63456
-0.144595,556.586,12.6324,63.986,3.88184
0.317791,560.091,12.9441,65.3409,3.94493
-0.902315,557.56,12.2832,62.5694,3.78158
-4.26194,532.024,10.2507,53.5742,3.37932
-3.89704,590.064,11.5375,60.1284,3.41996
-2.19438,567.217,11.8728,61.0713,3.61912
-3.51013,556.204,11.046,57.3943,3.46382
-1.42227,599.747,12.9441,66.194,3.71496
-1.68056,505.954,10.8088,55.3818,3.68249
1.87753,547.992,13.456,67.155,4.1693
-3.55088,505.168,10.016,52.0591,3.45916
0.265029,595.04,13.7235,69.3021,3.93766
0.147102,581.278,13.3444,67.4465,3.92147
-0.0345304,532.644,12.1413,61.4481,3.89672
-1.23405,550.065,11.9605,61.0773,3.73888
1.94176,530.7,13.0638,65.1672,4.17894
-1.07944,525.504,11.4965,58.6394,3.7587
-1.56886,538.881,11.5632,59.1975,3.69648
-2.09139,578.274,12.1539,62.4684,3.6317
-0.269318,582.454,13.155,66.6948,3.86507
0.215784,546.592,12.5819,63.5602,3.93089
-2.12383,574.07,12.05,61.9496,3.62773
1.77956,547.26,13.3872,66.8591,4.15466
1.62282,523.43,12.7268,63.6333,4.13139
-4.30383,525.134,10.1009,52.8083,3.3747
-4.41681,575.973,11.0283,57.7079,3.36228
-2.86762,587.874,11.9793,61.9367,3.53843
1.48831,599.071,14.4903,72.5213,4.11158
-3.88639,524.818,10.2662,53.4982,3.42116
-2.75245,520.566,10.6567,55.0497,3.55205
-4.63982,509.423,9.66645,50.6701,3.33796
-4.37857,595.252,11.4151,59.7138,3.36648
-4.31659,528.752,10.1652,53.15,3.3733
-3.40439,569.339,11.3549,58.9514,3.47594
0.0307596,598.045,13.667,69.1363,3.90559
-0.0763223,552.699,12.5778,63.6771,3.89106
1.78834,581.445,14.2283,71.0551,4.15597
-3.45211,544.915,10.847,56.3352,3.47046
-0.357491,565.413,12.7261,64.5621,3.85328
-0.536336,525.469,11.7442,59.6603,3.82953
-2.11985,533.033,11.1904,57.5286,3.62821
0.763203,506.078,11.9009,59.8781,4.00715
-1.66283,543.133,11.6112,59.4851,3.68471
-2.67941,553.319,11.3603,58.6514,3.56073
-1.32804,501.307,10.8599,55.4963,3.72691
1.25717,586.29,14.0545,70.459,4.07786
0.227287,544.853,12.5475,63.3811,3.93247
-1.07196,592.113,12.9575,66.0879,3.75966
0.624078,505.052,11.8125,59.4944,3.98756
1.23633,517.426,12.3937,62.1422,4.07484
-0.282107,554.283,12.5125,63.4432,3.86336
1.28214,544.977,13.0769,65.5457,4.08148
-4.52962,504.075,9.60772,50.3188,3.34995
-0.585053,594.154,13.2539,67.3541,3.8231
0.837055,564.132,13.3043,66.903,4.01761
-2.92933,566.418,11.5137,59.5573,3.53117
-4.95807,534.757,10.0171,52.6397,3.30367
1.21422,561.397,13.4354,67.3761,4.07164
-4.84117,523.642,9.85551,51.7429,3.31621
-4.91069,517.989,9.72168,51.0682,3.30875
-2.21974,545.676,11.4104,58.7042,3.61603
-0.608607,579.122,12.9066,65.6008,3.81999
-3.78119,522.973,10.2735,53.4927,3.43301
-4.07979,552.867,10.7309,56.0042,3.39952
1.29033,521.509,12.5177,62.7394,4.08267
-0.992858,537.605,11.8014,60.1558,3.76986
-0.0338164,544.861,12.4201,62.8589,3.89682
-2.79213,505.154,10.3248,53.3515,3.54735
-4.93998,508.906,9.53985,50.1246,3.30561
-1.75609,521.534,11.1083,56.949,3.67308
0.721487,576.884,13.5439,68.1658,4.00126
-4.25911,577.965,11.1372,58.2058,3.37964
0.84973,584.953,13.8021,69.4,4.0194
0.400306,595.61,13.8094,69.6666,3.95635
-4.22234,568.341,10.968,57.3051,3.3837
-2.80212,554.534,11.3296,58.5479,3.54617
-3.48535,590.732,11.7434,61.0062,3.46665
-4.95037,570.908,10.6976,56.2124,3.3045
-4.24002,532.147,10.2622,53.6248,3.38175
0.685847,549.816,12.8905,64.8941,3.99624
-2.19734,503.183,10.5313,54.1717,3.61876
-2.29432,598.042,12.4684,64.1835,3.60698
0.144262,513.703,11.7918,59.6004,3.92108
-0.74546,589.443,13.0661,66.4792,3.80203
-1.55844,509.267,10.9323,55.9631,3.69779
-3.6236,599.342,11.8485,61.6185,3.45087
1.15347,574.368,13.7134,68.8008,4.06286
-4.22106,523.266,10.0986,52.7625,3.38384
-3.50132,502.417,9.98132,51.8589,3.46482
-4.48289,541.826,10.3468,54.1698,3.35505
-2.38864,514.186,10.6799,55.0165,3.59557
1.32922,585.904,14.0846,70.5728,4.08832
-4.88681,551.096,10.353,54.3746,3.31131
-2.51848,564.671,11.668,60.1661,3.57995
-3.91647,506.651,9.8988,51.5959,3.41778
-3.68746,585.817,11.5515,60.1032,3.44362
0.57806,513.452,11.9875,60.3959,3.98112
0.759027,593.134,13.9458,70.1691,4.00656
0.0718189,596.266,13.6482,69.0205,3.91118
0.42397,588.111,13.6482,68.841,3.95964
-3.31837,537.79,10.7628,55.84,3.48585
0.088202,569.791,13.0506,65.9902,3.91342
-4.11963,572.965,11.1031,57.9648,3.39509
-4.26582,507.202,9.77094,51.0682,3.3789
-1.63328,583.669,12.4924,63.9854,3.68841
0.152363,594.042,13.6403,68.939,3.92219
0.211497,562.795,12.9527,65.4354,3.9303
-3.49986,565.507,11.2354,58.3737,3.46499
-4.69332,530.151,10.038,52.6398,3.33216
-3.78915,574.491,11.2819,58.747,3.43211
-3.39558,588.389,11.739,60.9413,3.47695
1.53703,518.753,12.5713,62.8947,4.11874
-4.99346,555.598,10.3925,54.6279,3.29989
-3.0305,561.95,11.3767,58.8946,3.5193
-0.429152,513.002,11.514,58.444,3.84374
1.11026,561.151,13.3754,67.1261,4.05664
-2.83663,524.425,10.6996,55.3072,3.54209
-0.145204,588.25,13.3508,67.6248,3.88175
0.435431,521.46,12.1068,61.0613,3.96123
-3.69693,577.846,11.3899,59.2672,3.44254
1.31867,525.602,12.6298,63.2883,4.08679
-0.490222,543.012,12.1583,61.7428,3.83563
-1.16878,574.341,12.5206,63.9061,3.74723
-2.03783,570.917,12.0249,61.78,3.63826
-1.32024,532.172,11.5321,58.9279,3.7279
0.458417,512.283,11.9045,60.0305,3.96442
-0.450157,505.746,11.3417,57.5789,3.84095
-3.48815,518.615,10.3086,53.5536,3.46633
1.4147,546.194,13.1736,65.967,4.10079
-0.0733278,557.853,12.6966,64.277,3.89146
-3.8605,585.301,11.4612,59.7138,3.42407
-0.0898567,585.774,13.3235,67.4587,3.88923
1.81841,563.972,13.8168,68.985,4.16046
-0.257771,541.151,12.2277,61.9881,3.86662
0.0260203,569.785,13.0187,65.8593,3.90495
1.85237,557.716,13.6815,68.2927,4.16553
1.77103,549.825,13.4455,67.1545,4.15339
1.29356,531.951,12.7699,64.002,4.08314
-4.14131,578.552,11.2016,58.4888,3.39268
-0.586556,538.5,12.0117,61.0422,3.8229
-0.0476948,568.63,12.9549,65.5722,3.89494
-1.56581,546.221,11.7221,60.0097,3.69687
0.876443,503.107,11.8833,59.74,4.0232
-0.460738,585.284,13.12,66.6118,3.83954
0.191701,500.404,11.5079,58.1448,3.92758
1.75817,594.536,14.5316,72.586,4.15147
-0.277901,585.487,13.2191,67.0238,3.86392
-1.19463,524.455,11.4214,58.3072,3.74392
-3.35234,595.112,11.8937,61.724,3.48193
0.059625,583.074,13.3399,67.4673,3.90952
-1.69094,516.834,11.0366,56.5539,3.6812
-1.49952,597.403,12.8542,65.7723,3.70521
-0.401689,571.688,12.845,65.1869,3.84739
-4.1583,581.726,11.2553,58.7771,3.3908
0.401963,550.632,12.7674,64.4089,3.95658
1.88739,528.204,12.975,64.75,4.17078
-2.33882,537.075,11.1775,57.5578,3.60159
-3.46952,594.025,11.8163,61.3778,3.46847
-4.74161,514.799,9.72826,51.0349,3.32694
1.08436,585.56,13.9431,69.9888,4.05291
-4.13624,583.094,11.2918,58.9576,3.39325
-4.59511,509.57,9.68674,50.7587,3.34281
-4.62841,587.02,11.144,58.4101,3.3392
-2.49832,567.962,11.7454,60.5561,3.58237
0.783489,515.657,12.1357,61.0507,4.01002
1.71589,591.462,14.4329,72.1147,4.14518
-3.02411,511.837,10.3648,53.6537,3.52005
-3.39448,561.501,11.2031,58.1585,3.47708
0.511873,538.194,12.5327,63.1737,3.97187
-2.62899,592.201,12.183,62.875,3.56674
0.076645,594.426,13.6087,68.818,3.91184
1.70484,542.194,13.225,66.0847,4.14354
-4.30835,559.644,10.7627,56.2703,3.3742
-0.542195,554.863,12.3983,62.986,3.82875
-2.60421,575.613,11.8535,61.1626,3.56969
-2.02279,584.976,12.3284,63.3319,3.64011
-3.98872,520.73,10.1443,52.9052,3.40969
1.35152,563.223,13.5511,67.8885,4.09157
1.50827,539.332,13.0554,65.3306,4.11451
-0.612758,534.139,11.9022,60.4972,3.81944
1.02818,571.464,13.5778,68.1829,4.04485
-2.3101,526.478,10.9695,56.4744,3.60506
0.818913,588.385,13.8664,69.7392,4.01503
-3.29335,545.503,10.9281,56.6868,3.48874
-3.1832,596.793,12.0085,62.2382,3.5015
0.88823,562.982,13.3036,66.8746,4.02488
-4.79578,527.535,9.94707,52.205,3.32109
-2.73651,546.003,11.1845,57.7693,3.55394
-2.13073,552.916,11.6028,59.6536,3.62688
0.103119,599.547,13.7402,69.4692,3.91545
-1.59395,541.243,11.6024,59.4092,3.69333
-4.40449,572.62,10.9695,57.3949,3.36363
-1.953,586.585,12.3966,63.6486,3.64869
-0.366932,542.373,12.203,61.9127,3.85202
-2.94978,515.161,10.4632,54.1321,3.52877
-1.62329,563.239,12.0599,61.7655,3.68966
-4.7232,561.356,10.616,55.6838,3.32893
-1.82327,501.955,10.6628,54.693,3.66473
-3.46704,579.487,11.5283,59.8804,3.46875
-4.3548,531.092,10.1945,53.3187,3.36909
-4.73616,531.716,10.0502,52.7214,3.32753
-1.39043,582.997,12.5985,64.4109,3.71899
-4.60072,503.947,9.57767,50.1894,3.34221
-4.01627,594.66,11.5717,60.3622,3.40661
1.37584,542.13,13.0559,65.3962,4.09512
-0.731194,508.276,11.2732,57.351,3.80389
-3.19978,551.872,11.0972,57.5227,3.49958
1.0319,556.397,13.2217,66.393,4.04539
-1.86229,509.543,10.8073,55.4503,3.6599
-0.832641,576.468,12.7347,64.8353,3.79064
0.161262,574.73,13.2014,66.7167,3.92341
-4.78485,586.765,11.0688,58.0872,3.32227
1.41233,524.473,12.6486,63.339,4.10045
-1.43711,537.878,11.602,59.3373,3.71308
-0.26404,563.499,12.7296,64.5351,3.86578
0.0629389,523.722,11.9836,60.6061,3.90997
-4.10341,533.18,10.3389,53.9684,3.39689
-2.91714,509.864,10.3691,53.632,3.5326
-2.41747,542.214,11.2491,57.9616,3.59209
-4.66967,566.168,10.7302,56.2594,3.33472
0.891003,530.773,12.5439,63.0541,4.02527
0.365405,594.084,13.7553,69.4112,3.95152
-3.88735,597.31,11.6838,60.8859,3.42105
-2.50733,551.822,11.4075,58.8181,3.58129
-1.84176,596.867,12.6697,64.996,3.66244
-1.53591,557.321,11.9745,61.2879,3.70062
-1.68482,554.048,11.8342,60.6378,3.68196
1.48306,506.894,12.2582,61.3525,4.11081
-4.33084,567.016,10.8946,56.9698,3.37173
-3.58102,567.867,11.2455,58.4632,3.45572
-1.67177,515.327,11.0128,56.4236,3.68359
-2.8346,544.927,11.1188,57.4732,3.54233
-4.73602,545.511,10.311,54.0894,3.32754
-4.80479,559.834,10.5522,55.3851,3.32012
-0.579073,547.479,12.2156,62.0747,3.82388
-1.85491,510.321,10.8269,55.5481,3.66081
-2.59743,576.233,11.8695,61.242,3.5705
0.922696,554.195,13.1136,65.9026,4.02978
-4.02868,531.028,10.3283,53.8814,3.40522
-0.509902,522.803,11.6968,59.4077,3.83303
0.596792,511.354,11.9472,60.1848,3.98374
-3.02855,599.047,12.1287,62.7866,3.51953
-2.42267,535.843,11.1147,57.271,3.59147
-3.21832,529.853,10.6465,55.1944,3.49742
0.472205,597.085,13.8826,69.9983,3.96634
0.598238,574.783,13.4299,67.6532,3.98394
0.699848,530.444,12.4431,62.6355,3.99821
-1.09288,515.576,11.2733,57.5069,3.75697
0.958049,571.555,13.543,68.0429,4.03482
-1.40872,549.67,11.8697,60.6933,3.71667
-0.789336,563.21,12.463,63.4317,3.79629
0.867469,593.578,14.0153,70.4627,4.02192
-2.02105,582.926,12.286,63.1135,3.64032
-4.54973,580.045,11.0467,57.8645,3.34775
-0.0856466,563.078,12.8094,64.8537,3.8898
-3.14364,563.663,11.3598,58.8584,3.5061
0.274072,577.887,13.3326,67.3237,3.9389
-1.86833,501.273,10.6293,54.5397,3.65915
-4.89527,520.954,9.78343,51.3863,3.3104
-2.97509,511.403,10.3764,53.6932,3.52579
-1.06767,559.097,12.237,62.4113,3.76021
0.746297,592.792,13.9308,70.1004,4.00476
1.59149,505.831,12.284,61.4332,4.12676
-4.78215,520.338,9.81679,51.5157,3.32256
0.0943571,562.896,12.8958,65.2043,3.91426
-4.65657,596.332,11.3079,59.2821,3.33614
-2.70915,560.393,11.4918,59.3442,3.55719
-4.94533,594.241,11.1371,58.5194,3.30504
0.312602,514.804,11.8951,60.0478,3.94422
-0.407744,561.759,12.6189,64.0424,3.84658
-4.12409,532.939,10.3256,53.9077,3.3946
-0.740708,529.224,11.7334,59.6966,3.80265
-3.91159,595.522,11.6374,60.6558,3.41833
-3.44964,579.043,11.5275,59.8683,3.47075
-3.36158,591.02,11.8076,61.2812,3.48087
1.58715,559.34,13.5812,67.9225,4.12612
1.23941,595.375,14.2625,71.5108,4.07528
1.43731,595.131,14.3665,71.9287,4.1041
0.582613,529.019,12.3531,62.2359,3.98175
0.897693,596.781,14.1075,70.9107,4.02622
1.6693,549.879,13.394,66.9465,4.13827
1.87204,538.294,13.215,65.9551,4.16848
-0.866485,556.354,12.274,62.5055,3.78624
-0.754404,545.394,12.0854,61.4936,3.80086
-0.623116,523.902,11.6693,59.3182,3.81808
-0.00701495,505.991,11.5462,58.4243,3.90046
-0.24066,592.231,13.3909,67.8761,3.86891
0.0328842,587.271,13.4219,67.8953,3.90588
-3.69365,578.317,11.4008,59.3219,3.44292
-2.36992,507.457,10.548,54.3293,3.59783
-4.1688,531.493,10.2791,53.6833,3.38963
-4.63361,532.869,10.1139,53.0129,3.33863
0.664705,565.874,13.256,66.7448,3.99327
-2.17577,532.452,11.1534,57.3626,3.62139
-2.25741,560.061,11.6937,60.1787,3.61145
0.690332,501.471,11.7591,59.1964,3.99687
-0.903538,551.195,12.1424,61.8527,3.78143
-0.0561052,512.885,11.681,59.1281,3.8938
-0.463282,515.063,11.5447,58.6152,3.8392
0.216098,573.531,13.2022,66.6934,3.93093
-0.833522,576.621,12.7376,64.8506,3.79053
-3.02928,582.113,11.7855,61.0102,3.51944
-1.97657,502.031,10.5997,54.4327,3.64579
-2.22656,517.681,10.8221,55.6802,3.6152
0.197948,506.145,11.6427,58.8236,3.92844
-0.499063,502.32,11.2433,57.0999,3.83446
1.75253,545.292,13.3251,66.5621,4.15063
-1.55218,599.647,12.8756,65.9081,3.69858
0.496963,532.68,12.3971,62.4968,3.96979
0.533973,543.801,12.6742,63.8765,3.97495
0.079489,529.172,12.1161,61.2689,3.91223
-3.19511,594.534,11.9573,61.9788,3.50012
-0.964202,523.582,11.5066,58.6404,3.77356
1.78238,586.322,14.3443,71.6377,4.15508
-2.92093,505.477,10.2784,53.164,3.53216
-0.952879,567.85,12.485,63.6213,3.77503
-3.05729,515.994,10.4351,54.0315,3.51617
-3.5297,529.462,10.5066,54.6001,3.46158
-1.13479,512.514,11.1878,57.0888,3.75158
-3.93106,579.155,11.3087,58.9515,3.41614
-2.95959,525.199,10.6629,55.1693,3.52761
-3.13562,532.583,10.7369,55.6274,3.50703
-2.4523,525.927,10.8961,56.1575,3.5879
-1.80417,500.943,10.6494,54.6162,3.6671
-2.44643,572.888,11.8718,61.1835,3.58861
-1.48159,518.162,11.1571,57.0809,3.70747
0.182258,540.496,12.4253,62.7845,3.92628
-4.79386,592.031,11.1641,58.5912,3.3213
-1.54761,511.808,10.9915,56.2619,3.69915
1.17859,590.797,14.1194,70.8249,4.06649
-3.61371,525.988,10.4025,54.0942,3.452
-3.0042,531.06,10.7627,55.7046,3.52238
-2.29367,560.235,11.6805,60.1272,3.60705
-0.227925,582.554,13.1787,66.7941,3.87062
-4.42077,548.797,10.5063,54.9779,3.36185
-1.88107,567.51,12.0278,61.7212,3.65757
0.454826,525.241,12.2039,61.542,3.96392
-1.46491,506.689,10.9173,55.8468,3.70957
0.342262,571.164,13.2127,66.6845,3.94832
-4.09743,524.538,10.1738,53.104,3.39756
-1.35101,504.624,10.9219,55.8225,3.72399
-3.53917,557.535,11.0595,57.4775,3.4605
0.629476,548.183,12.824,64.5862,3.98832
-4.76338,538.989,10.1764,53.395,3.32459
1.82836,529.596,12.9796,64.8004,4.16194
-1.11481,514.749,11.2454,57.3743,3.75415
-3.57808,581.547,11.5178,59.8774,3.45606
-2.40252,555.798,11.5378,59.4423,3.59389
1.2869,505.259,12.126,60.7778,4.08217
-1.91179,534.724,11.3191,58.0982,3.65378
-4.2422,503.146,9.70205,50.6988,3.3815
-2.56414,577.196,11.9051,61.4102,3.57448
0.670698,563.168,13.1957,66.4383,3.99411
0.872846,548.803,12.9608,65.1586,4.02269
0.386588,592.73,13.7353,69.2996,3.95445
-1.37763,542.583,11.7311,59.9705,3.72061
-1.40781,505.269,10.9113,55.7922,3.71679
-4.8618,593.32,11.1576,58.5886,3.31399
-0.0495333,587.13,13.3754,67.7016,3.89469
1.51727,564.595,13.6717,68.4101,4.11583
-4.9942,552.24,10.3294,54.2965,3.29981
1.7903,534.414,13.0784,65.3118,4.15626
0.0228259,577.671,13.1973,66.7641,3.90451
1.38302,562.782,13.557,67.9026,4.09617
1.89393,579.671,14.2429,71.0738,4.17176
-2.72586,522.754,10.7128,55.3285,3.55521
-2.6985,568.482,11.6627,60.2216,3.55846
0.316385,546.16,12.6215,63.7129,3.94474
-2.20647,556.948,11.6523,59.9424,3.61765
-2.98599,587.237,11.9098,61.6334,3.52452
0.536299,585.587,13.6493,68.7898,3.97528
-2.65299,532.458,10.9435,56.4882,3.56387
-0.0382972,500.212,11.4004,57.6997,3.89621
-2.45913,589.004,12.1996,62.8789,3.58708
-2.44903,529.513,10.9718,56.5464,3.58829
1.31893,543.177,13.0523,65.4051,4.08683
-0.616903,518.853,11.5597,58.7582,3.8189
0.56961,573.38,13.3822,67.4269,3.97993
-3.76005,508.63,10.0002,52.0612,3.4354
1.04379,533.865,12.6922,63.7283,4.04709
-1.46105,526.667,11.3495,58.056,3.71006
-3.09024,510.632,10.3131,53.4131,3.51232
1.66028,501.201,12.204,61.0028,4.13693
0.714941,536.931,12.6027,63.4317,4.00034
-4.30535,595.095,11.4459,59.8407,3.37454
-3.53071,567.338,11.2578,58.5041,3.46146
-1.55631,535.249,11.491,58.8222,3.69806
-4.14605,501.443,9.7068,50.6856,3.39216
-1.2541,523.025,11.3636,58.0378,3.73632
-2.93494,542.398,11.0229,57.0213,3.53051
-2.84329,510.152,10.4057,53.7904,3.54131
0.978044,569.019,13.4934,67.7837,4.03768
-0.817321,568.88,12.5746,64.0131,3.79264
-2.6571,545.581,11.2114,57.8728,3.56338
-2.43069,530.577,11.0019,56.6935,3.5905
-1.14919,538.065,11.7389,59.9073,3.74974
-4.05446,533.837,10.3721,54.121,3.40235
-0.0198114,564.254,12.8692,65.1251,3.89872
-3.85864,549.081,10.7528,56.022,3.42428
-0.362378,507.718,11.4253,57.9652,3.85263
-3.7105,514.901,10.1437,52.788,3.44101
-0.601306,549.56,12.2513,62.2666,3.82095
-0.067768,592.288,13.4833,68.2567,3.89222
-3.3171,524.207,10.4915,54.432,3.486
-2.95732,504.956,10.2528,53.0468,3.52788
-1.80836,542.615,11.5333,59.1516,3.66658
-2.59947,500.53,10.3093,53.1928,3.57026
0.423811,585.701,13.5922,68.5585,3.95961
-3.39086,539.959,10.7748,55.9337,3.4775
-0.642465,529.692,11.7893,59.9368,3.81553
-3.66173,559.045,11.035,57.4044,3.44654
1.67936,540.854,13.1793,65.8686,4.13976
-3.30998,598.897,11.9897,62.2018,3.48682
-0.236608,555.74,12.5678,63.7021,3.86946
-4.32529,573.393,11.0196,57.6209,3.37234
-2.0271,588.928,12.4095,63.7509,3.63958
1.09522,597.012,14.2218,71.382,4.05447
-1.01697,506.726,11.113,56.657,3.76674
-0.808693,535.47,11.8402,60.2703,3.79377
-3.81477,557.615,10.9392,56.9738,3.42922
0.910438,576.376,13.6319,68.5137,4.02804
-3.4596,565.61,11.2556,58.4606,3.4696
0.0737826,514.576,11.7793,59.5682,3.91145
-0.107068,566.742,12.8819,65.2313,3.8869
-4.50313,568.862,10.8542,56.8352,3.35284
0.921764,590.543,13.9731,70.2229,4.02965
-1.20118,542.833,11.8186,60.3378,3.74308
-4.73423,597.737,11.2989,59.2712,3.32773
-1.57971,530.394,11.3762,58.245,3.69512
-2.91359,555.032,11.2893,58.3898,3.53302
0.833089,522.128,12.3118,61.9138,4.01704
-4.84756,539.688,10.1549,53.3174,3.31552
-2.26584,541.284,11.2978,58.1453,3.61043
-3.63186,505.78,9.99557,51.9854,3.44993
0.0752568,510.066,11.6767,59.0489,3.91165
-0.487984,512.073,11.4666,58.229,3.83593
1.59972,538.427,13.0798,65.409,4.12798
0.876104,507.529,11.9876,60.2645,4.02315
-2.45418,529.487,10.969,56.5342,3.58767
-4.81956,570.508,10.747,56.4138,3.31853
-1.34409,546.455,11.8305,60.4633,3.72487
-0.43401,522.762,11.7308,59.5468,3.84309
0.347482,523.536,12.1134,61.1339,3.94904
-3.34301,568.956,11.3753,59.029,3.48301
-4.12157,508.053,9.84447,51.3946,3.39488
0.544766,561.498,13.0922,65.9778,3.97646
1.98006,579.463,14.2852,71.2407,4.18471
-3.10282,579.768,11.7035,60.6201,3.51085
1.97115,544.226,13.4119,66.8898,4.18336
-0.897354,590.502,13.0115,66.2766,3.78223
-3.79832,599.806,11.7747,61.3174,3.43108
-1.48306,525.27,11.3095,57.8612,3.70728
-2.23146,597.758,12.4937,64.283,3.61461
0.704699,532.015,12.4823,62.8306,3.9989
-3.73974,547.997,10.783,56.1277,3.4377
-4.60845,530.757,10.0841,52.8461,3.34136
-2.74218,500.256,10.2451,52.9195,3.55327
-1.2492,532.607,11.574,59.1103,3.73695
-3.76696,504.377,9.91384,51.6143,3.43462
-2.57047,577.572,11.9098,61.4376,3.57372
-4.46741,545.359,10.4208,54.5505,3.35674
1.11225,575.75,13.7244,68.8768,4.05692
0.26392,597.872,13.7882,69.6294,3.93751
-3.18282,525.206,10.5682,54.7733,3.50154
-3.96198,517.818,10.0984,52.6551,3.41268
-4.84683,559.344,10.5251,55.2606,3.3156
0.663929,515.618,12.0784,60.8156,3.99316
-0.467333,580.24,13.0036,66.0239,3.83867
-3.71601,587.18,11.5651,60.1873,3.44038
1.44089,551.954,13.3261,66.7178,4.10463
-3.76878,589.648,11.5891,60.3368,3.43441
-2.66946,569.516,11.6974,60.3876,3.56191
1.61336,539.702,13.1177,65.592,4.12999
-0.435122,589.078,13.2183,67.0983,3.84294
-0.366214,558.859,12.5742,63.7961,3.85212
1.52079,536.173,12.9852,64.9735,4.11635
-3.19371,552.802,11.1186,57.6308,3.50028
0.106491,537.654,12.3234,62.3044,3.91591
-2.28152,511.945,10.6788,54.966,3.60853
-0.110321,593.743,13.4939,68.3319,3.88646
1.06138,560.385,13.3317,66.9311,4.04961
-2.5162,528.495,10.9215,56.3156,3.58022
-4.26794,546.385,10.5249,55.0096,3.37866
-2.40676,542.25,11.2547,57.9854,3.59338
0.133889,556.107,12.76,64.4988,3.91966
0.912986,533.777,12.6256,63.455,4.0284
1.97149,595.119,14.6663,73.1457,4.18342
-1.32833,582.979,12.6291,64.537,3.72687
-4.20252,541.309,10.4547,54.6148,3.38589
-2.92155,542.829,11.0376,57.0913,3.53208
-0.301703,500.903,11.2988,57.2976,3.86073
-3.58571,500.565,9.91088,51.5265,3.45519
-4.95501,547.403,10.2553,53.8899,3.304
-4.74556,566.131,10.6966,56.1165,3.32651
-4.17912,527.108,10.19,53.2225,3.38849
-2.92879,549.701,11.1741,57.8006,3.53123
-4.93488,579.988,10.8746,57.1354,3.30615
1.1596,554.059,13.2317,66.3811,4.06375
-1.40515,560.886,12.1136,61.9389,3.71713
-1.45134,524.705,11.3115,57.8577,3.71128
-2.46977,546.144,11.3071,58.2834,3.5858
1.92791,562.358,13.8357,69.0247,4.17686
-1.76647,569.507,12.1251,62.1667,3.67179
-1.78632,563.921,11.9967,61.5177,3.66932
-0.935099,508.106,11.1793,56.96,3.77733
-0.216124,511.973,11.5874,58.7235,3.87221
-0.405573,535.186,12.023,61.0172,3.84687
1.81744,517.455,12.6767,63.2932,4.16031
-2.83249,587.688,11.9924,61.9875,3.54258
-2.33103,598.177,12.453,64.1221,3.60253
-3.83408,568.4,11.1421,58.0394,3.42705
-1.97855,555.523,11.7282,60.2287,3.64555
1.34654,517.199,12.4414,62.3311,4.09085
-4.31343,514.957,9.90128,51.7687,3.37364
-0.186265,509.413,11.5429,58.4854,3.87622
-3.31112,543.251,10.8752,56.4203,3.48669
-0.614235,583.613,13.0038,66.0977,3.81925
1.82755,534.446,13.098,65.3922,4.16182
-4.04164,521.679,10.1411,52.9105,3.40378
-0.925139,579.795,12.7616,65.0172,3.77862
-1.54809,588.068,12.629,64.6439,3.69909
-4.46484,561.954,10.739,56.2152,3.35702
1.60425,509.466,12.3784,61.8995,4.12865
0.999297,503.711,11.9546,60.0444,4.04072
-2.02901,506.851,10.6792,54.8627,3.63934
-3.88067,560.891,10.9743,57.186,3.4218
-0.0401725,562.216,12.8126,64.848,3.89596
1.09948,564.702,13.4544,67.5279,4.05509
-4.66631,515.415,9.76965,51.2217,3.33509
-2.1261,524.26,11.0035,56.5703,3.62745
-0.67971,524.965,11.667,59.3315,3.81064
-1.99208,555.07,11.7124,60.1534,3.64388
0.499383,575.479,13.3944,67.5235,3.97013
0.0461292,595.104,13.608,68.8299,3.90768
1.61119,599.492,14.5697,72.8535,4.12967
-0.00354158,529.575,12.086,61.1541,3.90093
-0.936642,530.716,11.676,59.4917,3.77713
1.1496,572.02,13.6553,68.5112,4.0623
0.458894,520.238,12.0895,60.9636,3.96449
-0.565535,530.385,11.8405,60.1626,3.82567
-0.451978,593.115,13.3001,67.5218,3.8407
-2.86738,570.128,11.6178,60.0675,3.53846
-1.45074,549.972,11.8565,60.645,3.71136
-0.943855,545.983,12.0085,61.189,3.7762
-0.837395,536.63,11.8524,60.3456,3.79003
1.16478,520.172,12.4249,62.3312,4.06449
-2.11958,583.757,12.2554,63.0036,3.62825
-0.620189,563.322,12.5488,63.7875,3.81847
1.06719,518.425,12.3363,61.9309,4.05045
-3.83551,583.368,11.4349,59.565,3.42688
-4.08187,555.475,10.7806,56.2645,3.39929
0.201791,508.834,11.7063,59.1432,3.92896
1.62475,557.167,13.5481,67.7388,4.13168
-4.61446,570.197,10.8308,56.762,3.34071
-4.75448,573.835,10.8382,56.8635,3.32555
-4.00602,506.407,9.8584,51.4211,3.40775
1.44678,516.675,12.4772,62.4649,4.10549
-0.345132,556.127,12.5231,63.5268,3.85493
-1.72563,571.896,12.1957,62.5093,3.67687
-1.51835,514.867,11.0701,56.6512,3.70283
-4.3527,530.983,10.1932,53.3115,3.36932
-1.68167,518.93,11.0855,56.8001,3.68236
-1.87584,551.624,11.6935,60.0036,3.65822
-4.06502,519.602,10.0912,52.6598,3.40117
-2.10459,585.231,12.2937,63.1931,3.63008
0.269006,586.555,13.5299,68.3225,3.93821
-3.99332,573.582,11.1718,58.2662,3.40917
-3.51227,563.396,11.1878,58.1324,3.46357
1.44116,503.833,12.1644,60.9017,4.10467
1.52366,590.422,14.3006,71.5538,4.11677
-4.19381,568.645,10.9865,57.389,3.38686
-4.62035,561.203,10.6574,55.8559,3.34007
-2.30837,580.737,12.1008,62.2981,3.60527
-0.800267,573.459,12.6844,64.5635,3.79486
1.2399,529.401,12.6823,63.5876,4.07535
1.10793,559.756,13.3409,66.9543,4.0563
-0.426511,577.79,12.9694,65.8306,3.84409
-1.17684,515.925,11.2436,57.3915,3.74619
-1.4806,546.179,11.7608,60.1692,3.70759
1.75885,505.884,12.3651,61.7639,4.15157
1.03633,598.684,14.229,71.449,4.04602
-2.86376,564.158,11.4978,59.4455,3.53889
0.561328,521.545,12.1685,61.3153,3.97877
-4.89552,588.487,11.0516,58.0473,3.31037
-4.47146,549.241,10.4932,54.9315,3.3563
-1.61523,557.44,11.9395,61.1453,3.69067
1.59343,543.316,13.1953,65.9898,4.12705
-4.94174,527.414,9.88609,51.9446,3.30542
0.678491,502.762,11.7839,59.3266,3.99521
-2.2527,566.241,11.8249,60.8519,3.61203
-2.02842,557.372,11.744,60.3324,3.63941
-3.14103,512.132,10.3224,53.482,3.5064
-2.62508,580.223,11.9385,61.611,3.5672
0.815352,532.277,12.5424,63.0818,4.01453
-3.84447,564.429,11.0597,57.6145,3.42587
-2.1467,577.492,12.1108,62.273,3.62493
-4.44572,581.168,11.1148,58.1735,3.35912
-2.01494,563.385,11.877,61.0097,3.64107
-3.11975,541.367,10.9209,56.574,3.50888
1.34011,510.806,12.2845,61.5483,4.08991
-1.76198,571.705,12.174,62.4156,3.67234
-3.89227,517.125,10.1133,52.7039,3.4205
1.96935,596.264,14.6934,73.2816,4.18309
-0.241262,526.626,11.9072,60.356,3.86883
-2.4433,534.308,11.0737,57.0689,3.58898
-4.93199,569.916,10.687,56.1485,3.30646
0.635876,564.869,13.2176,66.5655,3.98922
-2.61741,546.073,11.2393,57.9991,3.56812
0.0624798,560.517,12.8253,64.8632,3.90991
-3.5427,578.926,11.4822,59.6759,3.46009
-1.04343,592.634,12.9835,66.2063,3.76333
-2.25375,508.505,10.6188,54.6455,3.6119
-3.2359,571.864,11.4826,59.5367,3.49539
-3.15225,529.189,10.6614,55.2432,3.5051
-0.92829,521.552,11.4782,58.4801,3.77822
-4.02219,539.418,10.4942,54.7443,3.40595
0.50622,541.299,12.6022,63.5267,3.97108
1.74037,589.832,14.4067,71.9714,4.14882
-0.0490864,532.479,12.1306,61.4007,3.89475
-1.39192,528.134,11.4122,58.3467,3.7188
-2.55021,507.43,10.4719,54.0117,3.57615
-1.40721,516.42,11.1524,57.0247,3.71687
-3.0751,544.379,11.0013,56.971,3.51409
-2.05649,581.849,12.2461,62.9251,3.63597
0.68148,539.522,12.647,63.6704,3.99563
-4.68869,523.209,9.9084,51.9583,3.33266
-4.69118,529.7,10.0303,52.5986,3.33239
0.647243,564.385,13.2122,66.5324,3.99081
-2.34468,526.715,10.9593,56.4369,3.60088
-3.75139,519.051,10.2087,53.1429,3.43638
1.83924,598.881,14.6838,73.3031,4.16357
-4.06759,578.923,11.2422,58.6668,3.40088
-1.8332,589.622,12.5201,64.2247,3.6635
1.14294,577.164,13.7745,69.1128,4.06134
-0.933225,563.752,12.4045,63.2019,3.77758
-1.30993,517.105,11.2102,57.2784,3.72921
-2.42869,519.66,10.7764,55.5306,3.59074
-1.44081,567.067,12.2299,62.5499,3.71261
1.44032,501.024,12.0962,60.5605,4.10454
-4.26013,506.274,9.75531,50.9842,3.37952
0.706758,547.954,12.8573,64.7172,3.99919
-0.841892,509.327,11.2474,57.267,3.78944
1.24413,518.319,12.4188,62.2648,4.07597
0.590697,592.462,13.8389,69.7174,3.98288
0.80385,579.974,13.6602,68.7096,4.0129
-2.5954,507.385,10.4521,53.9283,3.57074
-2.56911,599.193,12.3564,63.7403,3.57389
-4.81389,598.876,11.284,59.2299,3.31914
-3.33826,550.28,11.004,57.1001,3.48355
-0.73171,546.043,12.1106,61.6114,3.80382
-1.62716,531.144,11.3709,58.2387,3.68917
1.16738,527.582,12.6032,63.2243,4.06487
1.89219,514.322,12.6364,63.0579,4.1715
-1.79683,567.622,12.0704,61.9006,3.66801
-3.81648,558.96,10.9648,57.108,3.42903
-4.08504,521.429,10.1185,52.8105,3.39894
-4.08109,569.487,11.0529,57.6852,3.39938
-3.85129,579.348,11.3489,59.1242,3.42511
-1.75372,531.848,11.329,58.0797,3.67337
-3.2258,511.814,10.281,53.3024,3.49656
-3.81165,589.125,11.5588,60.1994,3.42957
-4.8558,571.11,10.7425,56.4065,3.31464
1.45385,538.372,13.0047,65.1026,4.10652
-2.67341,511.119,10.4964,54.1886,3.56144
0.0485139,567.902,12.9871,65.6885,3.90801
0.616616,512.364,11.9801,60.3415,3.98652
1.95803,507.539,12.5015,62.3551,4.18139
1.21298,544.984,13.042,65.4038,4.07146
0.932449,552.995,13.0901,65.7801,4.03117
-0.433327,574.187,12.8851,65.4059,3.84318
-0.0210825,568.067,12.9556,65.5626,3.89855
-3.89389,507.679,9.92791,51.7385,3.42032
-1.75937,509.242,10.8451,55.6009,3.67267
-4.61908,523.312,9.93833,52.0868,3.34021
-2.92634,599.811,12.1939,63.0746,3.53152
0.0361235,529.717,12.108,61.2477,3.90632
0.542558,581.577,13.5592,68.3323,3.97615
0.717804,588.506,13.8148,69.531,4.00074
-3.91817,536.572,10.4827,54.6399,3.41759
1.90475,585.222,14.3853,71.7787,4.17338
-4.88279,591.105,11.1065,58.3298,3.31174
-0.0869496,560.28,12.745,64.5287,3.88962
-4.54718,510.091,9.71547,50.8901,3.34803
-3.69058,564.451,11.1288,57.9053,3.44326
1.52354,508.702,12.3212,61.6499,4.11675
-3.28107,512.914,10.2803,53.3215,3.49016
1.6816,553,13.4764,67.3525,4.14009
-3.91917,514.997,10.0608,52.4412,3.41748
-0.563923,532.498,11.8884,60.4053,3.82588
-0.435363,574.023,12.8804,65.383,3.84291
0.716996,564.117,13.2419,66.6477,4.00063
-1.43859,523.374,11.2885,57.7345,3.7129
-4.05979,579.328,11.2536,58.7228,3.40175
-4.93741,570.615,10.6978,56.2074,3.30588
-3.04263,528.837,10.7012,55.4026,3.51788
-0.591743,595.928,13.29,67.5408,3.82221
-2.04528,550.927,11.6004,59.6024,3.63735
-4.11227,556.824,10.7935,56.3454,3.39591
-2.19197,548.188,11.4756,59.0271,3.61941
-1.4538,559.7,12.0648,61.7116,3.71097
-4.77446,598.236,11.29,59.2429,3.32339
-3.78696,531.986,10.4481,54.4044,3.43236
-1.17973,529.131,11.5301,58.8551,3.74582
-4.60337,535.996,10.1857,53.3767,3.34192
1.17952,513.883,12.2817,61.6063,4.06662
-4.10818,553.412,10.7292,56.0075,3.39636
0.0946738,565.125,12.947,65.4633,3.9143
-1.48118,596.858,12.8518,65.751,3.70752
-3.56803,552.14,10.9398,56.868,3.4572
-4.63725,541.486,10.2759,53.8638,3.33824
1.74919,531.699,12.9912,64.8959,4.15013
-1.01515,513.944,11.2721,57.4674,3.76698
-1.24971,572.914,12.4497,63.5826,3.73688
-0.798552,560.923,12.4079,63.1555,3.79509
-4.6309,596.567,11.3241,59.3552,3.33893
-0.20122,548.928,12.431,62.9921,3.87421
-3.0732,595.061,12.0265,62.2788,3.51431
-0.137157,583.587,13.2491,67.1059,3.88284
-1.81565,520.756,11.0655,56.7554,3.66568
-4.11185,528.145,10.2378,53.4441,3.39596
-4.97898,548.948,10.2742,53.9996,3.30144
0.210324,524.811,12.0779,61.0168,3.93014
-1.19839,512.576,11.1611,56.9797,3.74344
1.92892,536.256,13.194,65.823,4.17701
-0.548688,562.4,12.5635,63.8283,3.8279
-3.34377,556.561,11.1271,57.7415,3.48292
-1.9019,555.855,11.771,60.4133,3.655
-3.41937,557.597,11.1141,57.7076,3.47422
-2.67474,521.639,10.7118,55.3017,3.56128
-2.25586,597.846,12.4834,64.242,3.61164
-0.831641,544.648,12.0322,61.2584,3.79077
-4.90465,517.42,9.71337,51.0221,3.30939
-2.66724,562.874,11.562,59.6876,3.56218
-1.53225,587.26,12.6196,64.5878,3.70108
-3.9307,540.116,10.5466,54.9784,3.41619
-4.88103,549.559,10.3266,54.2332,3.31193
-4.81606,505.684,9.52722,50.0095,3.31891
1.29519,515.28,12.3705,61.9994,4.08338
-0.630092,588.813,13.1115,66.6529,3.81716
-2.55646,575.328,11.8702,61.2266,3.5754
-2.55775,501.844,10.3535,53.4041,3.57525
-1.98302,518.684,10.9485,56.2267,3.645
-4.12639,540.834,10.4776,54.7022,3.39434
0.303443,523.134,12.0833,61.0017,3.94295
0.988586,511.12,12.1254,60.9069,4.03919
1.19402,509.287,12.1787,61.0832,4.06872
-2.25453,568.043,11.8617,61.042,3.6118
-0.652601,547.226,12.1747,61.9008,3.8142
-1.64245,521.648,11.1609,57.1694,3.68726
-4.25389,525.23,10.1231,52.9039,3.38021
-2.5062,548.405,11.3374,58.456,3.58142
-3.68391,534.8,10.547,54.8754,3.44402
-4.37122,544.758,10.4499,54.6615,3.36729
1.33234,503.911,12.115,60.7026,4.08878
-4.57553,569.109,10.8271,56.7257,3.34494
-2.52466,507.35,10.481,54.0477,3.57921
0.377996,577.083,13.3682,67.4518,3.95326
-1.63615,570.664,12.2126,62.5539,3.68805
1.93662,505.712,12.4462,62.0888,4.17817
-2.97841,509.539,10.3372,53.4918,3.5254
1.95708,517.552,12.7477,63.5833,4.18125
1.74257,567.408,13.8602,69.24,4.14915
-2.1183,564.112,11.8436,60.8858,3.6284
0.251819,508.776,11.7279,59.2304,3.93584
-2.01018,521.521,10.9965,56.4848,3.64166
-1.67984,502.509,10.7355,55.006,3.68258
-4.76828,531.686,10.0365,52.663,3.32406
-2.57216,575.53,11.8669,61.2171,3.57352
1.09399,528.518,12.5896,63.19,4.0543
-4.30411,519.887,9.99984,52.2802,3.37467
1.71752,522.979,12.7625,63.7681,4.14543
-1.52901,554.785,11.9233,61.0225,3.70149
-2.66891,507.949,10.4331,53.8604,3.56198
-3.27256,577.752,11.5838,60.0785,3.49114
-3.42334,598.337,11.9242,61.9159,3.47376
-0.0617427,552.23,12.5743,63.6525,3.89303
-1.07978,571.281,12.4977,63.7468,3.75865
1.32775,559.857,13.4577,67.4323,4.08811
0.927328,510.204,12.0748,60.6803,4.03044
-2.73694,597.662,12.2425,63.2341,3.55389
-1.67104,570.341,12.1888,62.4486,3.68368
1.41614,534.982,12.9039,64.6159,4.101
-3.68458,589.144,11.6184,60.4503,3.44395
-1.54113,578.327,12.4233,63.5873,3.69997
-2.82833,549.778,11.2206,57.9966,3.54307
-0.517976,569.765,12.7434,64.7275,3.83196
-1.05978,599.329,13.1217,66.9193,3.76123
1.11659,545.04,12.9945,65.2119,4.05755
-3.93012,575.192,11.2318,58.5499,3.41625
1.64544,506.524,12.3265,61.6218,4.13474
-0.47207,512.978,11.494,58.3615,3.83804
-2.19372,565.227,11.8315,60.8584,3.6192
-1.87999,518.601,10.9917,56.404,3.65771
0.254121,512.611,11.8174,59.6812,3.93616
1.61686,553.355,13.4513,67.2586,4.13051
0.960346,568.766,13.4781,67.7158,4.03515
-1.02866,510.528,11.1912,57.0608,3.76524
-0.26647,594.42,13.4268,68.0711,3.86545
-3.26224,513.159,10.293,53.3795,3.49234
-2.36451,506.27,10.5256,54.2116,3.59848
-0.36544,557.151,12.5362,63.6026,3.85222
-1.87794,546.68,11.5877,59.4619,3.65796
-2.37134,523.233,10.8753,56.0157,3.59766
0.251615,503.025,11.5953,58.5605,3.93581
-4.49142,595.413,11.3662,59.5106,3.35412
-3.64111,531.602,10.502,54.6231,3.44888
0.682322,509.514,11.944,60.1306,3.99575
-4.70835,562.171,10.6378,55.7918,3.33053
-2.5307,583.9,12.0594,62.1904,3.57849
-1.37301,586.278,12.6781,64.8095,3.7212
-1.47475,541.72,11.6675,59.6892,3.70833
0.459792,572.429,13.3028,67.0814,3.96461
0.953785,546.437,12.9456,65.0438,4.03421
1.12878,563.382,13.4382,67.4324,4.0593
-2.29269,546.823,11.4013,58.6896,3.60717
-3.95118,589.085,11.4933,59.923,3.41389
0.851211,591.957,13.9682,70.2342,4.01962
1.65897,506.034,12.3211,61.5885,4.13674
-1.69324,534.94,11.4222,58.5307,3.68091
-2.30768,523.057,10.8992,56.1118,3.60536
-3.32963,580.912,11.6205,60.2956,3.48455
-3.8272,586.402,11.4982,59.891,3.42782
-3.59442,585.89,11.5962,60.2925,3.45419
0.87753,568.838,13.4364,67.5474,4.02335
0.51705,588.231,13.7007,69.0583,3.97259
-4.29061,531.885,10.2362,53.5102,3.37616
-2.47022,567.771,11.7546,60.5905,3.58574
-2.05568,587.979,12.3755,63.5897,3.63607
-0.00277085,590.328,13.4729,68.1715,3.90103
-0.99419,558.111,12.2509,62.4477,3.76969
-4.50096,538.678,10.2792,53.8233,3.35307
-4.27418,580.254,11.1745,58.4076,3.37797
1.94762,595.648,14.6659,73.156,4.17982
1.92082,550.971,13.5518,67.6119,4.1758
-0.233962,510.776,11.5522,58.553,3.86981
-2.75861,597.285,12.2242,63.1501,3.55132
-3.68665,573.557,11.3101,58.847,3.44371
-2.29695,504.001,10.5066,54.0861,3.60666
-4.15564,529.991,10.2555,53.5545,3.39109
1.64802,596.281,14.5123,72.5473,4.13512
1.97771,503.645,12.415,61.9149,4.18435
-1.38598,543.209,11.7407,60.0236,3.71955
-2.95905,547.867,11.1234,57.5515,3.52768
-2.03186,528.916,11.1429,57.2459,3.63899
-4.38909,587.186,11.2556,58.8845,3.36532
-3.63861,565.811,11.1789,58.1428,3.44917
-3.39109,552.842,11.0318,57.2679,3.47747
-1.34666,562.204,12.1702,62.2007,3.72454
1.24774,521.443,12.4955,62.6473,4.07649
-4.86125,526.758,9.90609,52.0167,3.31405
-4.53419,587.091,11.1879,58.597,3.34945
-1.29392,511.757,11.1013,56.7151,3.73125
-4.63166,583.345,11.0728,58.0382,3.33884
-1.36563,560.6,12.1264,61.9856,3.72213
1.48142,590.655,14.2829,71.4869,4.11057
1.92902,557.722,13.7222,68.4581,4.17703
1.18167,579.712,13.8562,69.5028,4.06693
-4.79437,502.579,9.47705,49.7376,3.32125
-0.215807,543.769,12.3071,62.3711,3.87225
-1.9915,555.364,11.7188,60.1864,3.64395
0.853131,581.896,13.7318,69.0448,4.01989
-2.26472,548.479,11.4485,58.9203,3.61057
-3.46868,580.542,11.5485,59.9863,3.46856
-0.978258,528.09,11.5992,59.1187,3.77175
-0.289637,511.699,11.5478,58.555,3.86235
-0.232521,546.802,12.3677,62.6857,3.87001
0.398398,551.945,12.7961,64.5553,3.95609
-1.06489,576.903,12.6281,64.4047,3.76057
-0.809688,504.418,11.1531,56.7733,3.79364
-4.13121,587.744,11.3842,59.4376,3.3938
0.632044,520.433,12.1761,61.3217,3.98868
-2.44376,593.698,12.3044,63.4114,3.58893
-3.9315,585.645,11.4352,59.6112,3.4161
-1.67011,582.975,12.4593,63.8339,3.6838
-2.76958,516.682,10.5699,54.6087,3.55002
-3.42191,579.132,11.5421,59.9314,3.47393
-3.46515,517.825,10.3024,53.5119,3.46897
-0.326795,558.833,12.5931,63.8732,3.85738
-2.18517,518.289,10.8527,55.8199,3.62024
-1.2122,581.716,12.6597,64.6369,3.74167
0.528213,508.984,11.8601,59.7759,3.97415
-1.73145,543.25,11.5821,59.3672,3.67615
-0.715645,551.707,12.244,62.2824,3.80593
0.0887873,570.58,13.069,66.0828,3.9135
1.75051,571.021,13.9527,69.6983,4.15033
-2.36742,531.743,11.0539,56.934,3.59813
-3.9011,550.673,10.7655,56.107,3.41951
-0.0990793,517.789,11.7729,59.612,3.88798
-0.111325,538.998,12.2492,62.0296,3.88633
0.944642,507.839,12.0269,60.432,4.03291
-3.62498,573.498,11.337,58.9588,3.45072
-4.90435,535.926,10.0609,52.8475,3.30943
-4.13802,551.52,10.6796,55.7619,3.39305
-3.26131,505.629,10.1423,52.5978,3.49244
1.99916,544.035,13.4218,66.9252,4.18759
-4.54156,595.748,11.3495,59.4468,3.34864
-3.9401,514.097,10.0347,52.314,3.41513
-3.71832,547.024,10.7732,56.0671,3.44012
-2.80303,540.089,11.034,57.0211,3.54606
-3.03637,513.806,10.3996,53.8388,3.51862
1.08991,589.611,14.0426,70.4853,4.05371
-1.94701,507.224,10.722,55.0479,3.64943
-4.49716,566.18,10.8056,56.5782,3.35349
-2.80908,551.834,11.2713,58.2497,3.54535
0.808626,584.584,13.7714,69.2662,4.01358
1.94054,554.447,13.6477,68.0806,4.17876
-1.5065,508.046,10.9285,55.9219,3.70433
0.587846,550.474,12.8567,64.7707,3.98249
1.7781,518.805,12.6904,63.3798,4.15444
0.915036,599.417,14.1794,71.2629,4.02869
0.744717,535.647,12.5872,63.3397,4.00454
-0.515455,534.653,11.9593,60.7434,3.83229
-1.27062,529.287,11.4921,58.7015,3.73421
-0.821466,532.638,11.7716,59.927,3.7921
-0.292373,519.488,11.7223,59.4411,3.86198
1.89466,509.231,12.5125,62.4386,4.17187
-2.4821,562.505,11.6401,60.0056,3.58432
-1.16564,535.343,11.6719,59.5729,3.74763
-3.65734,581.659,11.4834,59.735,3.44704
-0.347805,503.328,11.333,57.4906,3.85457
0.445392,563.065,13.0779,65.954,3.96261
-1.84856,509.973,10.8223,55.5215,3.6616
-2.40083,560.98,11.6462,59.9997,3.5941
-0.6553,515.685,11.4718,58.328,3.81385
0.922911,544.93,12.8944,64.8013,4.02981
-3.47478,514.984,10.2419,53.2018,3.46786
-0.0455837,591.495,13.4769,68.2135,3.89522
1.91799,532.031,13.0845,65.2819,4.17537
-1.74926,518.331,11.0431,56.6117,3.67393
1.20111,544.324,13.0202,65.3001,4.06974
1.06945,570.211,13.5698,68.1221,4.05077
-1.91143,572.699,12.1231,62.2249,3.65382
0.585604,549.625,12.8358,64.6662,3.98217
-0.59828,581.426,12.9632,65.8834,3.82135
-1.97974,549.856,11.608,59.612,3.6454
0.998593,536.713,12.7374,63.9768,4.04062
0.908467,539.549,12.7599,64.1322,4.02775
0.477798,524.632,12.2006,61.5153,3.96712
0.288896,510.467,11.784,59.4972,3.94095
-1.47726,578.76,12.464,63.7652,3.70801
-3.8671,518.554,10.1515,52.8928,3.42333
-2.93254,549.431,11.1669,57.7652,3.53079
1.72597,558.486,13.6335,68.1157,4.14668
0.975322,567.454,13.4548,67.5915,4.03729
-2.24666,593.79,12.4032,63.825,3.61276
-4.2135,500.163,9.65571,50.4453,3.38468
1.21692,538.569,12.8904,64.6419,4.07203
-1.27681,586.751,12.7367,65.0618,3.73342
-4.3294,531.238,10.2077,53.3776,3.37189
1.57792,561.642,13.6322,68.1824,4.12476
-3.63481,557.268,11.0118,57.272,3.4496
-4.88488,500.489,9.40307,49.3845,3.31151
-1.51578,558.759,12.015,61.4857,3.70316
-3.28786,599.458,12.0116,62.3048,3.48937
0.440396,527.975,12.2605,61.834,3.96192
-0.704143,569.353,12.6413,64.2981,3.80744
-3.05956,503.424,10.18,52.7114,3.5159
-1.63632,535.271,11.4551,58.6739,3.68803
-2.10534,575.834,12.096,62.1769,3.62999
-2.52261,591.442,12.2191,63.0101,3.57946
-0.176077,536.275,12.1564,61.5893,3.87759
0.0350972,505.716,11.559,58.4707,3.90618
-3.42546,525.284,10.4674,54.3527,3.47352
-3.63763,535.635,10.5831,55.0437,3.44928
-3.05995,545.835,11.0374,57.1513,3.51586
-3.11015,551.727,11.1342,57.6745,3.51
1.29108,575.801,13.8213,69.2724,4.08278
0.530685,589.888,13.7466,69.2828,3.97449
0.366077,555.773,12.8686,64.9365,3.95161
0.0251293,546.091,12.4769,63.1189,3.90482
-1.58586,523.076,11.2165,57.4301,3.69435
-2.5672,533.232,10.997,56.7271,3.57412
-4.70613,502.307,9.50586,49.8543,3.33077
-3.95634,575.66,11.229,58.5476,3.41331
-1.74042,598.871,12.7634,65.4267,3.67503
-0.729262,555.899,12.3304,62.7284,3.80415
-4.33728,585.748,11.2516,58.8396,3.37102
-4.03326,531.869,10.3427,53.9587,3.40471
-2.11118,578.727,12.1539,62.4775,3.62927
-0.589681,515.446,11.4961,58.4231,3.82249
-3.93329,526.682,10.2832,53.6064,3.41589
-2.24336,584.037,12.2011,62.7833,3.61316
-1.14132,570.84,12.4578,63.5724,3.75075
-4.42357,536.7,10.2735,53.7611,3.36154
-1.7151,565.648,12.0675,61.8473,3.67818
0.588715,533.374,12.4577,62.7603,3.98261
1.57757,568.774,13.8051,69.0474,4.12471
-4.00471,573.543,11.1659,58.2406,3.4079
1.0557,550.695,13.0983,65.762,4.0488
-4.58388,580.257,11.0355,57.8211,3.34404
-2.19252,538.226,11.2668,57.9534,3.61935
-3.88618,531.011,10.3874,54.1299,3.42118
-3.20325,546.583,10.9893,56.9649,3.49917
-3.23135,543.272,10.9105,56.5684,3.49591
-2.94603,598.969,12.1672,62.946,3.52921
0.20441,508.453,11.6988,59.1039,3.92932
-2.17025,560.648,11.7466,60.4109,3.62206
-2.0509,541.377,11.3968,58.5587,3.63666
1.2427,597.362,14.3119,71.7569,4.07576
1.36766,582.875,14.0327,70.293,4.09392
-2.92347,558.727,11.36,58.7597,3.53186
-4.50223,555.561,10.6008,55.5079,3.35294
-3.04373,515.186,10.4245,53.9706,3.51775
0.499641,554.126,12.8976,65.0186,3.97016
1.80934,536.39,13.1364,65.5924,4.1591
-4.05747,519.968,10.1014,52.7098,3.40201
-1.15683,598.081,13.0443,66.5731,3.74876
-2.14762,598.384,12.5485,64.524,3.62482
-2.76447,523.864,10.719,55.3769,3.55063
-4.82144,540.984,10.1901,53.4911,3.31833
-1.63033,524.628,11.23,57.5184,3.68878
0.732195,507.69,11.9244,60.01,4.00277
0.726968,530.883,12.4666,62.7411,4.00204
-1.44621,549.746,11.8538,60.6289,3.71193
-0.206417,552.508,12.5095,63.3925,3.87351
-2.29486,538.625,11.2294,57.8057,3.60691
-3.03153,558.835,11.3132,58.5663,3.51918
-1.44187,543.693,11.7253,59.9697,3.71248
0.378908,520.508,12.0581,60.8409,3.95339
-4.67481,527.078,9.98729,52.3663,3.33416
-4.88953,567.79,10.6655,56.0168,3.31101
-0.765643,550.445,12.1919,62.0409,3.79939
-3.51707,547.164,10.8634,56.4487,3.46302
-1.35416,539.148,11.6676,59.6356,3.72359
0.0867344,593.459,13.5919,68.728,3.91322
-4.25443,564.604,10.8818,56.8689,3.38015
-1.53909,588.256,12.6376,64.6832,3.70022
-2.50121,590.618,12.2125,62.9658,3.58202
-2.53572,582.089,12.0196,61.9875,3.57788
-0.84121,503.818,11.126,56.6488,3.78953
-3.11037,593.645,11.98,62.056,3.50998
0.844065,507.366,11.9688,60.1841,4.0186
-1.6573,563.965,12.0592,61.7777,3.6854
-1.42132,561.694,12.1233,61.996,3.71508
-3.26291,573.626,11.5055,59.668,3.49226
-0.786525,576.094,12.7496,64.8886,3.79666
-0.152607,500.681,11.36,57.5444,3.88076
-3.4631,540.408,10.7526,55.8494,3.4692
-3.82122,579.937,11.3742,59.2421,3.42849
-3.96601,520.243,10.1441,52.8948,3.41223
-0.0582041,526.81,11.9972,60.7294,3.89351
-1.53299,510.387,10.9674,56.1319,3.70099
-2.92016,597.827,12.1566,62.8786,3.53225
-0.461154,502.752,11.2697,57.218,3.83949
-2.49348,507.884,10.5051,54.159,3.58295
-4.26945,584.104,11.2508,58.8042,3.3785
-3.18176,549.358,11.0546,57.2939,3.50167
0.2372,519.555,11.9696,60.4572,3.93383
-1.7589,524.776,11.1761,57.2978,3.67273
-2.41467,545.637,11.3214,58.3328,3.59243
-0.698141,513.673,11.4077,58.0211,3.80822
-1.83558,576.332,12.2368,62.7724,3.66321
-4.23218,557.882,10.7619,56.2325,3.38261
-3.67708,568.57,11.2161,58.3534,3.4448
-2.35968,598.719,12.4501,64.1211,3.59907
-4.32673,530.451,10.1937,53.3031,3.37218
-2.43219,573.446,11.8901,61.2711,3.59032
-3.58934,580.45,11.4909,59.7425,3.45477
1.82668,507.815,12.445,62.1321,4.16169
0.102089,509.025,11.6652,58.9786,3.91531
-2.76921,516.971,10.576,54.64,3.55007
0.97178,540.03,12.8028,64.3178,4.03678
1.76899,589.605,14.4172,72.0085,4.15308
-4.94694,571.951,10.7187,56.3214,3.30486
-2.31149,565.687,11.7858,60.6775,3.6049
1.48467,555.456,13.4334,67.2337,4.11104
0.208258,546.633,12.5791,63.5497,3.92985
-0.158296,527.266,11.9606,60.5889,3.87999
0.163035,500.022,11.4862,58.0475,3.92365
0.33558,597.197,13.8113,69.709,3.94739
0.435614,527.351,12.2437,61.7516,3.96125
-4.02099,558.827,10.8723,56.7163,3.40608
-4.55452,520.017,9.90158,51.868,3.34723
-1.53643,599.369,12.8777,65.9108,3.70056
-4.56068,520.788,9.9138,51.9345,3.34656
0.784976,504.15,11.8656,59.6911,4.01023
1.54317,595.41,14.4324,72.2027,4.11964
-4.29374,599.479,11.5356,60.3043,3.37582
-2.3231,556.551,11.5901,59.6753,3.60349
-3.00765,543.169,11.0065,56.9684,3.52198
0.00061739,509.43,11.6281,58.8357,3.90149
1.63051,558.692,13.5882,67.9365,4.13253
-1.80451,533.696,11.3455,58.1865,3.66706
-3.32342,500.558,10.0156,51.9657,3.48527
-0.552422,579.337,12.94,65.7427,3.8274
-0.8228,593.449,13.1149,66.7661,3.79193
-4.60264,583.36,11.0861,58.0948,3.342
-0.780952,549.647,12.1669,61.9208,3.79739
-4.36848,567.113,10.8799,56.9097,3.36759
-1.77932,561.653,11.9518,61.2841,3.67019
1.28568,544.666,13.0712,65.5156,4.08199
1.36723,503.114,12.1123,60.6733,4.09386
1.01457,592.042,14.0593,70.6078,4.0429
-1.33907,566.739,12.2721,62.7177,3.7255
-0.876574,580.997,12.8125,65.253,3.78493
-2.90583,513.979,10.4575,54.0845,3.53393
1.54937,575.445,13.9518,69.7952,4.12055
1.9996,570.667,14.079,70.2024,4.18765
-4.16536,597.565,11.5585,60.3636,3.39001
-3.13782,597,12.0345,62.3512,3.50678
-0.872106,586.501,12.9362,65.8807,3.78551
1.85119,522.559,12.8184,63.9852,4.16536
1.0482,560.239,13.3214,66.8858,4.04772
-1.17822,502.038,10.9403,55.8442,3.74602
-2.64909,509.121,10.4655,54.0192,3.56434
-1.8806,578.212,12.2548,62.8861,3.65763
-3.9374,561.442,10.96,57.1367,3.41543
1.1004,548.573,13.0705,65.601,4.05522
-4.08135,512.43,9.9454,51.9053,3.39935
-3.31203,576.07,11.5318,59.8271,3.48658
-3.81767,513.418,10.071,52.4531,3.42889
0.855044,527.853,12.4574,62.6361,4.02016
-1.6757,539.157,11.5203,59.0253,3.6831
-1.72419,525.44,11.2056,57.4342,3.67705
-1.9595,504.955,10.6687,54.7797,3.64789
-0.160916,559.809,12.6975,64.3231,3.87964
-4.37997,545.761,10.4654,54.7465,3.36633
-4.68493,508.609,9.63338,50.5147,3.33307
0.80742,573.036,13.4987,67.8953,4.01341
-1.61148,525.424,11.2554,57.6405,3.69114
1.76501,545.192,13.3291,66.576,4.15249
0.486259,575.107,13.3789,67.4517,3.9683
0.134844,591.601,13.5749,68.6177,3.91979
-0.625438,543.026,12.0942,61.4789,3.81777
-3.45243,531.414,10.5781,54.9389,3.47042
-2.40841,532.689,11.0555,56.96,3.59318
-1.37478,527.882,11.4145,58.3509,3.72097
-4.56942,546.796,10.4052,54.5125,3.34561
-4.65399,519.76,9.85692,51.6743,3.33642
-4.54762,533.768,10.1663,53.2516,3.34798
-0.871469,586.651,12.9398,65.8988,3.78559
0.583559,567.505,13.2523,66.7655,3.98188
-3.93908,511.297,9.98047,52.0307,3.41525
-4.63014,589.852,11.197,58.6885,3.33901
0.550955,534.735,12.4711,62.8453,3.97732
-4.18625,584.467,11.2956,59.0004,3.3877
1.65166,538.278,13.1025,65.4977,4.13566
0.715867,514.153,12.0685,60.7425,4.00047
-3.19362,561.551,11.2946,58.5431,3.50029
-3.57562,528.077,10.4598,54.3762,3.45634
-0.971031,511.186,11.2311,57.2396,3.77268
-1.82038,592.485,12.5873,64.5631,3.66509
-1.03491,590.627,12.9439,66.0001,3.76443
-4.43957,532.356,10.1838,53.2982,3.35979
-1.0865,514.64,11.2556,57.4141,3.75779
0.282194,536.301,12.3771,62.495,3.94002
1.48601,510.861,12.3555,61.8384,4.11124
1.40914,556.673,13.4235,67.2209,4.09998
-2.53632,510.474,10.5406,54.3601,3.57781
-4.43127,540.572,10.3444,54.1354,3.3607
-0.168808,571.155,12.9508,65.6104,3.87857
-4.74272,575.281,10.8707,57.0288,3.32682
0.163543,557.478,12.8063,64.7187,3.92372
-0.0590136,583.458,13.2868,67.2579,3.8934
-2.65709,520.762,10.7014,55.2401,3.56339
-4.40014,545.572,10.4532,54.6917,3.36411
0.755507,554.375,13.0327,65.5765,4.00606
-3.72927,517.861,10.1943,53.0592,3.43888
-0.300255,560.478,12.6434,64.1153,3.86093
-3.95444,542.481,10.5826,55.1765,3.41352
0.718819,526.655,12.3634,62.2254,4.00089
-4.77807,531.563,10.0302,52.634,3.323
0.827794,529.356,12.4796,62.7604,4.01629
-2.17769,502.296,10.5209,54.1104,3.62115
1.49054,594.903,14.3907,72.0218,4.11191
0.328205,544.327,12.5849,63.5229,3.94637
-2.58917,556.044,11.4574,59.112,3.57149
1.43198,514.86,12.4262,62.2165,4.10332
-2.27307,548.465,11.4444,58.9031,3.60955
-0.321338,510.18,11.4992,58.3223,3.85811
0.224168,589.291,13.5692,68.5436,3.93204
-4.10972,506.047,9.8103,51.2115,3.39619
-2.32173,555.304,11.5647,59.5442,3.60366
-1.62447,545.813,11.6862,59.8522,3.68951
1.71119,560.611,13.6776,68.3431,4.14449
-1.59461,590.895,12.6664,64.8579,3.69325
-3.30165,542.092,10.8562,56.3173,3.48778
-3.06395,532.998,10.7761,55.8,3.51539
-0.209136,577.302,13.0695,66.2314,3.87315
-2.18067,594.723,12.4554,64.0611,3.62079
-3.92454,502.41,9.81274,51.1505,3.41688
-3.31502,573.408,11.4771,59.5448,3.48624
1.69182,553.598,13.4963,67.447,4.14161
-1.1645,506.907,11.0524,56.4105,3.74777
-0.329113,578.19,13.0281,66.0807,3.85707
-0.0188486,592.452,13.5129,68.3819,3.89885
-4.99652,537.346,10.0499,52.828,3.29956
-4.59772,577.128,10.9698,57.4833,3.34253
1.73897,520.178,12.7047,63.4694,4.14861
-3.77333,580.768,11.4124,59.4193,3.4339
-2.81427,512.381,10.4632,54.076,3.54473
0.278444,532.651,12.2911,62.0623,3.93951
-3.63741,546.921,10.8062,56.2039,3.4493
-2.6065,583.014,12.0048,61.9445,3.56942
-0.738881,563.265,12.4891,63.5401,3.80289
-0.0534322,529.061,12.0507,60.9981,3.89416
-3.29942,565.869,11.3333,58.7916,3.48804
-0.753408,589.754,13.0689,66.4974,3.80099
-1.9475,569.703,12.0424,61.8277,3.64937
0.794494,531.532,12.5147,62.952,4.01158
0.570614,569.996,13.3037,67.0311,3.98007
1.23053,522.788,12.5193,62.7747,4.074
-2.47367,583.287,12.0742,62.2394,3.58533
0.248426,580.072,13.3696,67.5232,3.93537
-1.91693,550.765,11.6563,59.8311,3.65314
-4.13475,596.227,11.5469,60.2885,3.39341
-2.00266,518.079,10.9272,56.1256,3.64258
0.686804,514.612,12.0656,60.7409,3.99638
1.47023,545.055,13.1745,65.9447,4.10892
1.23561,515.371,12.3441,61.894,4.07473
0.348508,576.788,13.346,67.3544,3.94918
-0.614744,567.481,12.6441,64.2695,3.81918
-2.83203,554.295,11.3112,58.4661,3.54264
-1.77917,582.863,12.4032,63.5987,3.67021
-3.84202,516.926,10.1299,52.7697,3.42615
-0.304843,508.534,11.4695,58.1647,3.86031
-0.909104,562.748,12.3942,63.1379,3.7807
-0.763886,517.179,11.4559,58.2948,3.79962
-1.96002,598.609,12.6472,64.9386,3.64783
-4.23829,542.586,10.4642,54.6799,3.38194
0.83504,558.393,13.1679,66.2181,4.01732
-1.9064,536.056,11.3497,58.253,3.65444
-2.06,579.506,12.195,62.6647,3.63554
-0.690528,512.002,11.374,57.8464,3.80922
1.4819,565.565,13.6764,68.4513,4.11064
0.966387,559.744,13.2674,66.6544,4.03601
1.34298,544.286,13.0911,65.5883,4.09033
-0.219452,544.231,12.3158,62.4169,3.87176
-1.32428,540.362,11.7077,59.827,3.72738
-1.34337,584.566,12.6559,64.6816,3.72496
-3.70573,580.013,11.4286,59.4725,3.44155
-1.15787,593.606,12.9462,66.0728,3.74862
-1.43098,501.781,10.826,55.366,3.71386
-4.36569,540.547,10.3714,54.2488,3.36789
-1.68089,589.656,12.5967,64.543,3.68245
-2.48507,526.91,10.9022,56.2031,3.58396
1.21534,598.692,14.3286,71.8547,4.0718
-0.884374,573.954,12.6533,64.446,3.78391
0.228728,565.144,13.0155,65.7445,3.93266
-4.29211,568.117,10.9328,57.1525,3.37599
-2.01831,511.421,10.7801,55.3765,3.64066
-2.52997,554.028,11.4428,59.0102,3.57857
-3.14435,518.982,10.459,54.1915,3.50602
0.172237,572.662,13.1596,66.4998,3.92491
-4.78754,559.362,10.5507,55.3695,3.32198
1.23677,574.142,13.7524,68.9547,4.0749
-3.93279,523.563,10.2225,53.2898,3.41595
-0.237024,536.569,12.1341,61.5038,3.8694
-0.818065,549.514,12.1462,61.8324,3.79254
-1.01473,573.906,12.5874,64.173,3.76703
-0.344306,509.447,11.4723,58.196,3.85504
1.74409,587.509,14.3521,71.6963,4.14938
0.360238,543.979,12.5926,63.5467,3.9508
0.903105,588.75,13.9206,69.9684,4.02699
-0.0540519,563.302,12.8303,64.9446,3.89407
-3.47742,562.166,11.179,58.071,3.46756
-1.63703,566.12,12.115,62.054,3.68794
0.323952,503.795,11.6459,58.7848,3.94578
-0.79414,527.648,11.6739,59.4174,3.79566
-4.19338,570.053,11.0139,57.532,3.38691
-4.925,581.148,10.9007,57.2682,3.30721
-4.57333,525.386,9.99621,52.3714,3.34518
0.16599,580.181,13.3291,67.3596,3.92405
-0.280171,518.207,11.699,59.3177,3.86362
0.511276,585.821,13.6414,68.7628,3.97178
-1.0427,595.739,13.0519,66.5548,3.76343
1.27924,507.974,12.1876,61.0896,4.08106
-2.16769,539.839,11.3118,58.1735,3.62237
-4.55643,550.858,10.488,54.9407,3.34703
-0.772294,534.728,11.8407,60.2566,3.79852
-0.221425,590.085,13.3525,67.6716,3.8715
-3.19196,572.707,11.5198,59.7093,3.50048
-0.747575,563.446,12.4888,63.5429,3.80175
-1.66262,505.999,10.8174,55.4185,3.68474
-1.17144,538.843,11.7455,59.9512,3.74689
-4.59043,514.831,9.78861,51.2906,3.34332
-0.182962,530.448,12.0211,60.9068,3.87667
-3.2001,569.427,11.4501,59.3518,3.49954
-3.24725,553.798,11.1148,57.6348,3.49407
-4.54076,566.513,10.7929,56.531,3.34873
-3.66746,522.728,10.3157,53.6653,3.44589
-0.798063,567.287,12.549,63.8731,3.79515
-0.695091,518.284,11.5115,58.5476,3.80862
0.139054,552.541,12.6807,64.0957,3.92037
-3.80851,541.664,10.629,55.3553,3.42993
1.11904,514.069,12.2573,61.5111,4.0579
-3.78548,571.406,11.223,58.4385,3.43253
-2.42453,570.24,11.8273,60.9437,3.59124
-0.297101,509.727,11.4999,58.3155,3.86135
-3.81251,599.938,11.7706,61.3027,3.42948
-1.61338,513.621,11.0018,56.3422,3.6909
1.22541,507.994,12.1626,60.9885,4.07326
-0.534208,572.625,12.7992,65.0187,3.82981
-0.315793,519.522,11.7123,59.4008,3.85885
0.00874816,512.014,11.6908,59.1493,3.9026
-2.07618,558.42,11.7438,60.3532,3.63356
-2.44444,518.787,10.7516,55.4091,3.58885
-3.45346,578.486,11.5147,59.8034,3.47031
-2.06074,589.12,12.397,63.7027,3.63545
-4.32161,530.701,10.2006,53.3372,3.37274
1.02971,549.058,13.0462,65.5128,4.04507
-0.543785,577.779,12.9096,65.584,3.82854
-0.729714,560.453,12.4312,63.2413,3.80409
-1.9922,591.912,12.4897,64.1458,3.64387
-3.14419,573.202,11.5518,59.8535,3.50604
1.64909,599.678,14.5956,72.963,4.13528
-3.86662,556.08,10.8863,56.7214,3.42338
-3.95291,593.787,11.5842,60.3979,3.4137
1.64218,595.59,14.4922,72.4499,4.13426
-0.322721,555.101,12.511,63.4548,3.85792
-3.64169,595.266,11.7594,61.1635,3.44882
-4.43852,599.892,11.4762,60.0618,3.3599
-4.68649,561.291,10.6305,55.7442,3.3329
1.07032,569.205,13.5463,68.0038,4.0509
0.176253,506.75,11.6468,58.8533,3.92546
-3.16558,572.412,11.526,59.7297,3.50355
-3.59876,506.828,10.0296,52.1491,3.4537
-4.45071,572.036,10.9379,57.2501,3.35857
-1.63471,565.539,12.1036,61.995,3.68823
-3.13962,574.817,11.5865,60.0309,3.50657
1.31516,571.103,13.7213,68.7594,4.08628
-1.88549,573.151,12.1452,62.3259,3.65703
-4.00121,566.549,11.0313,57.537,3.40829
-1.88414,582.384,12.3415,63.3326,3.65719
1.30734,517.24,12.4234,62.2591,4.08514
-2.29579,512.83,10.6912,55.0357,3.6068
-3.58476,579.474,11.4737,59.651,3.4553
-1.57869,563.544,12.0877,61.8873,3.69525
-2.1846,545.447,11.4216,58.7459,3.62031
-1.86863,510.368,10.822,55.5287,3.65911
-2.90747,565.026,11.4954,59.453,3.53374
0.821513,507.276,11.9562,60.1306,4.0154
-4.07907,517.371,10.0422,52.4097,3.3996
0.187037,540.729,12.4329,62.8211,3.92694
-0.967482,587.771,12.9156,65.8225,3.77314
-4.31238,560.245,10.7725,56.3233,3.37376
-1.23655,554.949,12.0655,61.6147,3.73856
-3.538,528.383,10.4817,54.4742,3.46063
0.135311,572.5,13.1369,66.4032,3.91985
-2.64635,527.481,10.8441,55.9722,3.56466
-4.06411,503.904,9.78674,51.0704,3.40127
-0.123507,555.923,12.6278,63.9527,3.88468
-4.24344,528.883,10.1978,53.2899,3.38137
-2.50389,583.11,12.056,62.1599,3.5817
0.457663,514.555,11.9569,60.2952,3.96432
-1.57588,538.445,11.5507,59.1364,3.6956
0.416001,545.487,12.6551,63.8356,3.95853
-2.22018,538.102,11.2519,57.8885,3.61598
-3.09003,597.73,12.0723,62.5241,3.51235
1.7013,507.962,12.3883,61.9055,4.14302
-4.56768,506.44,9.63794,50.4921,3.3458
1.50632,551.387,13.3462,66.7866,4.11422
0.992099,522.338,12.3932,62.2506,4.03969
-0.260053,517.944,11.7023,59.3255,3.86631
-4.4437,525.66,10.054,52.6208,3.35934
-2.57971,569.268,11.7343,60.5363,3.57262
1.11371,513.521,12.2417,61.4352,4.05713
-2.84635,542.057,11.0551,57.1489,3.54094
-4.22839,562.484,10.8523,56.7034,3.38303
1.17583,565.502,13.5134,67.7866,4.06609
-2.83118,539.24,11.0043,56.8797,3.54273
0.559519,584.945,13.6467,68.765,3.97852
1.44648,577.818,13.9535,69.8564,4.10544
-3.64373,578.185,11.421,59.4045,3.44858
-1.41249,564.446,12.187,62.3173,3.7162
-4.81641,523.944,9.8711,51.8147,3.31887
0.338066,562.21,13.0034,65.6303,3.94774
-4.70753,573.506,10.8526,56.9182,3.33062
0.598277,532.3,12.4373,62.6529,3.98395
-3.23493,541.947,10.8823,56.4239,3.4955
-3.57882,511.205,10.1243,52.6335,3.45597
-2.93438,507.619,10.3164,53.3661,3.53058
1.64476,598.182,14.5567,72.7711,4.13464
-1.62479,591.544,12.6652,64.8664,3.68947
-0.44738,527.135,11.8227,60.0194,3.84132
0.554289,525.953,12.2679,61.8197,3.97779
0.602607,526.761,12.3099,62.0094,3.98455
-2.38512,513.608,10.6694,54.9609,3.59599
-4.64636,522.479,9.91155,51.9576,3.33725
-3.40521,507.109,10.1135,52.5064,3.47585
0.247714,517.922,11.9368,60.2873,3.93527
-2.46717,592.399,12.266,63.2249,3.58611
-1.9015,516.049,10.9282,56.0877,3.65505
-2.0186,541.689,11.418,58.6533,3.64062
-1.50284,598.8,12.8826,65.9191,3.70479
-4.74424,570.586,10.7813,56.5605,3.32665
-1.92336,536.741,11.3566,58.2957,3.65235
0.173504,592.449,13.6149,68.8003,3.92508
-1.1342,588.936,12.8563,65.6026,3.75166
-0.836172,583.626,12.891,65.6329,3.79018
0.24736,518.485,11.9497,60.3522,3.93523
-1.88493,582.305,12.3394,63.3225,3.6571
-0.388008,526.39,11.8336,60.0479,3.84921
-2.65246,561.614,11.543,59.5824,3.56394
1.14572,551.157,13.1553,66.0044,4.06174
-3.30892,515.131,10.3132,53.5036,3.48694
-2.9604,580.026,11.7756,60.927,3.52752
1.65012,557.339,13.5656,67.8138,4.13543
0.272059,505.647,11.665,58.904,3.93863
-0.975181,561.173,12.3274,62.8285,3.77214
-4.5426,525.867,10.0178,52.4719,3.34853
0.437449,532.96,12.3748,62.412,3.96151
0.943012,543.186,12.8632,64.6349,4.03268
0.119365,506.811,11.6223,58.7543,3.91767
1.00074,500.711,11.884,59.6894,4.04092
-3.82382,580.305,11.3802,59.2748,3.4282
-1.14068,549.589,11.9943,61.207,3.75083
-0.721248,507.722,11.2653,57.3067,3.80519
0.552448,599.225,13.976,70.428,3.97753
1.13742,551.968,13.1704,66.0842,4.06055
-1.20689,535.081,11.6472,59.4652,3.74235
-4.84004,526.203,9.90418,51.998,3.31633
0.724341,520.429,12.2198,61.5004,4.00167
1.43174,538.541,12.9976,65.0777,4.10329
1.42499,546.773,13.1928,66.0584,4.1023
-2.73878,580.529,11.8907,61.4178,3.55367
-2.9354,576.318,11.7121,60.5864,3.53046
1.99409,588.333,14.5118,72.3631,4.18682
-2.39646,519.121,10.7791,55.5306,3.59463
-0.579575,557.129,12.4307,63.1679,3.82382
0.131372,586.985,13.4671,68.0747,3.91932
-3.8364,548.497,10.751,56.0029,3.42678
-1.85253,520.214,11.0379,56.6293,3.66111
0.712972,500.988,11.7581,59.1818,4.00006
-4.26426,596.313,11.4883,60.0434,3.37907
-2.12665,520.998,10.9348,56.2174,3.62738
-2.63679,538.659,11.0781,57.176,3.5658
1.98604,585.738,14.4433,72.0258,4.18561
-2.59723,530.818,10.9341,56.4156,3.57053
0.059221,538.712,12.3248,62.3335,3.90947
-0.71433,549.756,12.2013,62.0648,3.8061
-3.04863,516.522,10.4494,54.1019,3.51718
1.02448,582.571,13.8397,69.5,4.04432
-4.21891,503.115,9.71058,50.7341,3.38408
-3.34896,528.192,10.5577,54.7892,3.48232
0.951447,518.702,12.2875,61.7379,4.03388
0.234757,558.149,12.8575,64.9431,3.93349
0.539913,591.813,13.7964,69.5292,3.97578
-0.181215,587.496,13.3149,67.4608,3.8769
1.55898,563.012,13.6554,68.3079,4.12197
0.933495,573.058,13.5656,68.1689,4.03132
-1.7859,510.48,10.86,55.6886,3.66937
-4.46578,541.532,10.3483,54.1706,3.35692
1.96645,591.269,14.5686,72.6611,4.18266
-0.22418,568.318,12.8585,65.1696,3.87113
1.70375,556.863,13.5822,67.8703,4.14338
1.38002,541.682,13.0472,65.3507,4.09573
-0.925337,539.268,11.8695,60.4722,3.7786
-3.28593,533.103,10.6828,55.4115,3.4896
-4.48416,513.838,9.81183,51.3695,3.35491
-1.14386,577.642,12.605,64.3247,3.75042
-4.08052,521.692,10.1255,52.845,3.39944
-0.107587,548.23,12.4608,63.0995,3.88683
-3.72703,506.093,9.96357,51.8572,3.43913
0.730776,554.564,13.0246,65.5476,4.00257
-4.18733,511.016,9.87565,51.5839,3.38758
-3.48598,513.364,10.2051,53.0151,3.46658
1.27649,599.865,14.3907,72.1344,4.08066
0.852077,514.39,12.1383,61.0328,4.01974
-1.9168,584.665,12.3738,63.5141,3.65316
-2.07172,559.249,11.7633,60.4514,3.6341
1.24319,509.554,12.2084,61.21,4.07583
-2.79035,598.78,12.2393,63.2433,3.54756
-0.3615,533.802,12.0127,60.9448,3.85275
0.628657,592.12,13.8514,69.7609,3.98821
1.27616,583.117,13.9888,70.1196,4.08061
-0.899449,515.759,11.3636,57.8838,3.78196
-1.98168,528.441,11.1551,57.2868,3.64516
-3.21787,590.2,11.8593,61.4816,3.49748
-4.35912,529.876,10.1693,53.1892,3.36862
1.58064,568.359,13.7967,69.0036,4.12516
-2.66207,536.591,11.0245,56.9101,3.56279
-3.47654,503.625,10.0153,52.0253,3.46766
-0.95149,522.612,11.491,58.5555,3.77521
0.0952969,509.211,11.6663,58.9874,3.91439
-0.641355,505.861,11.2594,57.2423,3.81568
-4.78058,512.526,9.67003,50.745,3.32273
-2.14008,569.73,11.9512,61.4492,3.62574
-1.42985,585.442,12.6316,64.5995,3.714
-1.1862,530.956,11.5669,59.0459,3.745
-0.529072,592.822,13.2533,67.323,3.83049
-0.0437295,525.355,11.9708,60.5895,3.89547
-0.791467,599.786,13.2713,67.5465,3.79601
1.82463,545.938,13.3782,66.7921,4.16138
-0.314529,552.177,12.4491,63.1371,3.85902
-1.09653,578.628,12.6501,64.5321,3.7565
-4.98089,528.779,9.89595,52.0124,3.30123
-0.116681,570.637,12.9655,65.6595,3.8856
-2.52118,557.227,11.5129,59.3677,3.57963
-4.68361,577.839,10.9452,57.393,3.33321
-1.89521,526.665,11.1558,57.253,3.65583
-0.446757,575.234,12.9018,65.4972,3.8414
-2.02628,559.884,11.7979,60.6085,3.63968
-1.32994,585.264,12.6778,64.7867,3.72666
-2.81898,572.042,11.6794,60.3634,3.54418
-2.58563,550.294,11.3405,58.5074,3.57191
-1.45647,596.426,12.8551,65.7554,3.71064
1.92149,591.635,14.5523,72.6034,4.1759
-4.41835,573.54,10.981,57.4611,3.36211
0.149939,564.683,12.9649,65.5269,3.92186
-1.69233,537.696,11.4815,58.834,3.68102
-3.36528,505.207,10.0917,52.3772,3.48044
1.61182,538.148,13.0791,65.3999,4.12977
0.598916,551.769,12.8925,64.9458,3.98404
-3.8381,527.001,10.3289,53.8051,3.42659
1.90351,527.496,12.9657,64.6961,4.1732
-0.840272,598.31,13.2132,67.2754,3.78965
1.38888,550.211,13.2572,66.3982,4.09702
-1.56746,514.487,11.0404,56.5203,3.69666
-0.890454,534.361,11.7777,59.9887,3.78313
-2.78476,520.684,10.6454,55.0048,3.54822
-1.80513,586.35,12.4645,63.9259,3.66698
0.604725,586.962,13.7179,69.1008,3.98485
-1.29379,516.458,11.2033,57.2362,3.73126
-3.21718,570.453,11.4628,59.4258,3.49756
-1.95369,538.937,11.3893,58.4772,3.64861
0.520038,576.591,13.4311,67.6982,3.97301
-0.106034,552.574,12.5604,63.6026,3.88704
-2.57992,547.965,11.2951,58.2705,3.57259
-2.46853,565.798,11.7146,60.3833,3.58595
0.457379,515.834,11.9865,60.4446,3.96428
-0.0956462,593.316,13.4919,68.3146,3.88845
-1.81309,517.364,10.9946,56.3904,3.666
-1.97567,547.894,11.5685,59.4071,3.6459
-4.3513,500.432,9.60728,50.2464,3.36948
-1.01422,550.379,12.0717,61.5432,3.7671
0.973338,514.953,12.209,61.3342,4.03701
1.89956,592.639,14.5647,72.6766,4.1726
0.249978,565.583,13.0365,65.8399,3.93559
-1.8322,538.609,11.4374,58.6701,3.66363
-1.52429,596.048,12.8125,65.5711,3.70209
-2.14053,541.862,11.3664,58.4425,3.62569
-2.35733,599.555,12.4686,64.2154,3.59935
-1.7222,559.479,11.9325,61.1588,3.6773
-1.49474,559.295,12.0365,61.5862,3.70581
-4.32045,590.184,11.3445,59.3176,3.37287
0.455508,588.778,13.6805,68.988,3.96402
-3.10761,593.877,11.986,62.0858,3.5103
-3.46087,549.781,10.94,56.8221,3.46946
-3.65766,539.921,10.6592,55.448,3.447
-3.85506,564.902,11.0642,57.6429,3.42468
-3.94318,572.46,11.1725,58.2471,3.41479
-1.34809,523.136,11.3238,57.8757,3.72436
0.300829,568.902,13.1391,66.3331,3.94259
1.09586,555.901,13.2428,66.4678,4.05457
1.4904,509.599,12.3271,61.6942,4.11188
-4.46919,535.482,10.2313,53.5594,3.35655
1.507,557.579,13.4964,67.5382,4.11432
-2.67219,569.584,11.6976,60.3895,3.56159
-1.41752,587.865,12.6901,64.8924,3.71556
-1.50234,520.804,11.2048,57.3338,3.70485
-2.59352,583.593,12.023,62.032,3.57097
-1.14668,591.311,12.9018,65.8409,3.75006
-0.902952,505.678,11.14,56.7461,3.7815
1.47791,573.815,13.8738,69.4411,4.11005
1.62836,546.345,13.2868,66.4307,4.13221
-4.36671,523.12,10.0366,52.4981,3.36778
0.240055,528.683,12.1812,61.525,3.93422
-0.742637,525.84,11.6575,59.3112,3.80239
-3.81184,581.958,11.4181,59.4667,3.42955
-3.01953,525.824,10.65,55.128,3.52059
-1.84601,590.789,12.5386,64.3254,3.66191
0.572586,573.004,13.3749,67.3891,3.98035
-0.866044,551.067,12.1576,61.9124,3.7863
1.39809,575.155,13.8632,69.4285,4.09837
-2.2964,574.965,11.9863,61.7027,3.60672
1.81168,532.993,13.0544,65.1818,4.15945
-4.17296,532.794,10.3025,53.8074,3.38917
-2.90016,558.274,11.3614,58.7564,3.5346
-1.09768,538.265,11.7672,60.0284,3.75635
1.37133,526.409,12.6751,63.4908,4.09446
-1.52024,574.463,12.3505,63.2047,3.7026
0.940591,540.023,12.7871,64.2537,4.03233
-2.90372,532.775,10.8409,56.0663,3.53418
-1.92391,584.586,12.3686,63.491,3.65228
1.81708,569.976,13.9631,69.7165,4.16026
1.95129,540.333,13.3058,66.37,4.18038
-3.3498,519.69,10.3874,53.9058,3.48222
-1.54062,521.165,11.1956,57.3032,3.70003
-3.30736,503.828,10.0876,52.3324,3.48712
-2.13546,533.314,11.1894,57.5299,3.62631
1.97912,594.749,14.6616,73.1179,4.18457
-3.70446,525.412,10.3533,53.8762,3.44169
-3.64527,513.749,10.1476,52.7815,3.44841
1.2891,510.931,12.2632,61.4644,4.08249
1.78049,565.674,13.8381,69.1107,4.1548
-2.90397,530.833,10.8013,55.8614,3.53415
1.40685,548.333,13.2212,66.209,4.09965
0.738295,595.617,13.9929,70.4167,4.00363
-4.86764,598.086,11.2446,59.0479,3.31336
-0.634152,549.445,12.2329,62.1884,3.81663
-4.07628,562.862,10.9264,57.0231,3.39992
-0.815808,521.454,11.527,58.6794,3.79284
-4.62817,538.468,10.2224,53.5794,3.33922
-1.97694,507.068,10.7059,54.9782,3.64575
-3.86933,500.334,9.79395,51.0307,3.42308
-2.41145,540.29,11.2119,57.7671,3.59282
-1.48454,550.792,11.8583,60.6697,3.70709
-3.24648,528.651,10.6104,55.0191,3.49416
-1.09182,548.507,11.9938,61.182,3.7571
0.715565,515.425,12.0982,60.8923,4.00043
-2.52155,536.269,11.0798,57.1342,3.57958
1.29662,553.234,13.2824,66.5692,4.08358
1.42142,598.242,14.4327,72.2685,4.10178
-1.88529,553.764,11.7345,60.2181,3.65705
-4.27973,555.586,10.697,55.9144,3.37736
-2.09995,572.31,12.0245,61.8071,3.63065
0.391848,599.641,13.8983,70.1192,3.95518
-0.10438,503.617,11.4483,57.9707,3.88727
1.14728,507.189,12.1065,60.7419,4.06197
-2.30386,535.231,11.1546,57.4248,3.60582
-4.38131,599.039,11.4864,60.0883,3.36618
-1.13084,523.825,11.4365,58.356,3.75209
-1.37795,594.625,12.8561,65.7218,3.72057
-3.40148,530.039,10.5723,54.8872,3.47628
-3.04129,568.872,11.5119,59.5993,3.51804
-0.545143,572.225,12.7848,64.9507,3.82836
-2.64883,593.685,12.2039,62.9922,3.56437
-2.85721,531.4,10.833,56.0056,3.53966
-4.28748,565.255,10.8798,56.8731,3.37651
-1.75161,577.46,12.3016,63.0649,3.67364
0.159528,511.288,11.7434,59.3488,3.92317
-1.65003,554.189,11.8535,60.7209,3.68631
-1.14821,549.726,11.9938,61.2076,3.74986
1.555,534.818,12.9696,64.8791,4.12138
-4.64819,581.666,11.0335,57.84,3.33705
1.06431,533.563,12.6951,63.7335,4.05003
-4.13656,544.12,10.537,55.0163,3.39321
-0.292869,595.84,13.4449,68.1765,3.86192
1.6629,510.271,12.4261,62.1118,4.13732
-3.70388,546.606,10.7712,56.0504,3.44176
1.47233,588.737,14.2315,71.2344,4.10923
-3.29134,558.207,11.1835,58.0107,3.48897
-0.414398,504.922,11.3392,57.5506,3.8457
-4.57438,517.496,9.84566,51.5831,3.34507
-1.33138,551.606,11.948,61.0581,3.72648
0.139714,569.03,13.0595,66.0099,3.92046
-4.97061,579.344,10.8468,57.0053,3.30233
1.13491,543.398,12.9646,65.053,4.06019
-2.12196,513.635,10.7823,55.4312,3.62796
0.688363,592.008,13.8811,69.8796,3.9966
-1.28563,547.847,11.8881,60.7308,3.7323
-1.82286,551.012,11.7051,60.039,3.66478
-4.58381,550.218,10.4642,54.828,3.34404
-3.76502,556.27,10.9347,56.9283,3.43484
1.77395,599.093,14.652,73.1787,4.15382
1.62016,536.715,13.0485,65.2429,4.131
0.935795,598.499,14.1691,71.2005,4.03165
-4.47719,544.938,10.4086,54.491,3.35567
-3.9003,593.588,11.6049,60.481,3.4196
-0.505031,567.987,12.7101,64.5521,3.83367
-2.05804,504.23,10.6118,54.5281,3.63578
-2.06695,510.365,10.7371,55.1758,3.63469
1.39769,535.801,12.9144,64.6772,4.09831
-2.35998,574.101,11.938,61.484,3.59903
0.67673,527.477,12.3624,62.2396,3.99496
0.722998,567.725,13.3297,67.0867,4.00148
-0.374421,588.876,13.2454,67.2051,3.85102
-4.39629,553.574,10.6082,55.5007,3.36453
-2.59987,539.564,11.1131,57.3403,3.57021
-3.46343,521.656,10.3793,53.9108,3.46916
-2.31859,590.96,12.3088,63.3739,3.60403
-0.7662,547.941,12.1362,61.7576,3.79931
-1.43608,577.372,12.4544,63.6962,3.71321
1.15489,537.678,12.8381,64.4089,4.06307
1.5169,511.962,12.397,62.032,4.11578
0.632503,562.426,13.1587,66.2705,3.98875
0.307898,598.569,13.8281,69.808,3.94357
-4.3769,546.493,10.4807,54.8254,3.36666
-4.42397,555.31,10.6296,55.6246,3.3615
-0.813552,560.777,12.3974,63.1089,3.79313
0.129653,534.717,12.2672,62.0097,3.91908
-4.9424,540.404,10.1293,53.2228,3.30535
-1.21935,589.598,12.8276,65.4978,3.74076
-0.71721,545.966,12.1158,61.6313,3.80572
-1.1995,591.517,12.8794,65.7527,3.74329
-0.746391,541.275,11.9979,61.0448,3.8019
-3.30961,561.455,11.2403,58.3138,3.48686
0.321468,530.42,12.2602,61.8866,3.94544
1.43533,542.299,13.0902,65.5392,4.10381
1.22277,513.937,12.3036,61.6969,4.07287
-0.344123,505.966,11.394,57.7987,3.85506
0.991183,514.413,12.2047,61.3043,4.03956
0.691747,531.005,12.4523,62.6856,3.99707
-0.870622,544.214,12.0042,61.1335,3.7857
-2.83844,534.799,10.9105,56.398,3.54188
-4.03275,519.199,10.0965,52.6742,3.40477
-0.398515,518.432,11.6498,59.1203,3.84781
-0.415846,567.779,12.75,64.7119,3.84551
-2.48853,537.478,11.1193,57.3239,3.58354
0.3019,539.2,12.4536,62.872,3.94274
-2.8275,532.844,10.8754,56.2117,3.54317
-3.58364,582.75,11.539,59.9904,3.45542
1.54178,591.164,14.3287,71.6847,4.11944
-2.18412,583.428,12.2171,62.8375,3.62037
-4.19993,595.04,11.4936,60.0409,3.38618
-0.783578,567.402,12.5587,63.9156,3.79704
-3.16188,583.506,11.7512,60.8945,3.50398
1.7022,598.619,14.5998,72.956,4.14315
-1.86132,504.254,10.6955,54.8765,3.66002
1.1368,527.914,12.5961,63.2031,4.06046
-4.42313,590.113,11.2962,59.1124,3.36159
0.671227,540.637,12.6681,63.7812,3.99419
1.98116,506.573,12.4889,62.2816,4.18487
-1.85077,505.725,10.7312,55.0552,3.66132
-3.29666,586.617,11.7502,60.9527,3.48836
-0.240237,508.872,11.5063,58.3231,3.86897
-1.60683,562.599,12.054,61.7279,3.69172
-1.60272,588.207,12.6047,64.5461,3.69223
1.10968,559.586,13.3378,66.9377,4.05655
-2.17267,538.9,11.2899,58.063,3.62177
-1.60525,535.81,11.4808,58.7915,3.69192
-4.92209,585.807,10.9894,57.7327,3.30752
-2.71891,529.784,10.8599,56.0852,3.55603
0.382446,583.958,13.5299,68.265,3.95388
0.0542314,542.146,12.4009,62.7208,3.90879
-3.8266,510.717,10.0144,52.1621,3.42789
-4.5179,559.947,10.6777,55.9175,3.35123
-4.79742,527.152,9.93919,52.1643,3.32092
-0.393067,559.497,12.5753,63.8143,3.84854
1.03535,581.94,13.8305,69.4485,4.04588
-4.15222,515.143,9.96952,52.0599,3.39147
-3.62181,593.738,11.7386,61.0459,3.45108
-0.481752,539.897,12.0926,61.4051,3.83675
-1.6,524.046,11.231,57.5104,3.69258
-0.87331,540.767,11.9269,60.741,3.78535
-0.756405,559.682,12.401,63.1006,3.80059
-0.873666,516.511,11.3918,58.0159,3.78531
-3.1989,507.569,10.2067,52.9063,3.49968
-3.6897,526.445,10.3798,54.008,3.44336
-2.11303,512.158,10.7551,55.2877,3.62905
0.661458,500.998,11.7348,59.0866,3.99281
-3.48165,528.42,10.5062,54.5776,3.46708
-4.0476,563.216,10.946,57.1122,3.40311
0.49563,520.159,12.105,61.0252,3.9696
-2.64611,508.592,10.4558,53.9682,3.56469
-3.75197,520.976,10.2463,53.339,3.43631
1.79658,582.184,14.2509,71.1638,4.1572
1.78359,566.891,13.8696,69.2662,4.15526
0.271444,510.122,11.768,59.4241,3.93854
-2.52614,537.351,11.1001,57.241,3.57903
-3.70759,506.901,9.98728,51.9727,3.44134
-0.0230722,592.267,13.5064,68.3514,3.89828
0.500909,584.833,13.6129,68.6243,3.97034
1.05832,514.495,12.2385,61.4441,4.04917
-4.56966,566.567,10.7813,56.4831,3.34558
0.520335,594.92,13.8582,69.8509,3.97305
0.352167,576.793,13.3481,67.3628,3.94969
-4.37624,555.751,10.6586,55.7554,3.36673
-3.83286,512.036,10.0377,52.2861,3.42718
-1.9356,571.33,12.0825,62.028,3.65084
-3.14608,587.637,11.8418,61.357,3.50582
-2.40916,583.653,12.1129,62.4081,3.59309
0.635334,591.585,13.8425,69.7126,3.98914
-2.75666,506.867,10.3745,53.5937,3.55155
1.1412,512.314,12.226,61.344,4.06109
-0.41635,569.803,12.7953,64.9416,3.84544
0.286762,560.934,12.9479,65.375,3.94065
-1.13139,590.85,12.8996,65.8218,3.75202
1.02986,535.966,12.7352,63.9509,4.04509
-2.27258,545.431,11.3814,58.5782,3.60961
0.778997,522.903,12.3041,61.8997,4.00938
-0.759048,579.144,12.8309,65.2893,3.80025
0.767155,546.205,12.8465,64.634,4.00771
-1.9761,552.814,11.6722,59.9397,3.64585
1.46544,593.091,14.3329,71.7457,4.10822
-1.7873,553.064,11.7653,60.3315,3.6692
0.467832,566.447,13.168,66.3973,3.96573
-3.76438,578.337,11.3687,59.1878,3.43491
1.51071,501.303,12.136,60.7287,4.11487
0.819345,556.242,13.1092,65.9303,4.0151
-4.29665,520.253,10.0099,52.3296,3.37549
-1.47307,510.974,11.0061,56.3044,3.70854
0.150973,542.34,12.4524,62.9362,3.922
-1.73891,513.251,10.9393,56.0755,3.67522
-0.480104,567.259,12.7063,64.5206,3.83697
-2.55048,505.007,10.4218,53.7534,3.57612
-0.10467,511.612,11.6299,58.8903,3.88723
-2.14548,517.145,10.8458,55.7678,3.62508
-0.0177505,517.533,11.8046,59.7367,3.899
-3.88818,518.59,10.1436,52.8603,3.42096
-2.20562,548.922,11.4848,59.0802,3.61775
-0.554502,587.512,13.1215,66.6659,3.82713
-3.37797,583.195,11.6436,60.4378,3.47898
-4.54942,501.033,9.54209,49.9829,3.34779
-0.389371,527.694,11.8622,60.194,3.84903
-4.66565,515.442,9.77043,51.2255,3.33516
0.468522,581.139,13.5099,68.121,3.96583
-1.43513,598.291,12.9062,66.0061,3.71333
-3.28447,584.198,11.7074,60.7253,3.48976
-3.30606,563.469,11.2822,58.5296,3.48727
-0.373617,513.068,11.5406,58.555,3.85113
-3.133,538.821,10.8638,56.2838,3.50734
-2.71019,566.572,11.6181,59.9965,3.55707
1.56824,543.312,13.1823,65.937,4.12333
-4.14747,545.131,10.5519,55.099,3.392
0.355013,586.893,13.5833,68.5484,3.95008
-2.50168,532.26,11.0056,56.7434,3.58197
1.37333,531.191,12.7912,64.0715,4.09475
-2.20128,518.989,10.8604,55.8663,3.61828
-4.07252,572.988,11.1247,58.0561,3.40033
-1.70048,536.218,11.4463,58.657,3.68001
-3.54322,551.747,10.9429,56.8733,3.46003
1.59376,535.779,13.0124,65.075,4.1271
-3.74331,567.814,11.1714,58.1507,3.43729
0.469364,503.72,11.7105,59.0475,3.96595
-0.501494,580.239,12.9861,65.952,3.83414
1.1598,578.438,13.814,69.3022,4.06377
-3.20039,524.331,10.5431,54.6509,3.4995
-3.49238,530.085,10.5348,54.7306,3.46585
1.55738,525.205,12.7376,63.7177,4.12173
-2.58182,506.881,10.4474,53.8983,3.57237
0.0271777,502.657,11.4855,58.1024,3.9051
-1.56911,514.773,11.0458,56.5487,3.69645
-3.45887,557.527,11.0951,57.6265,3.46969
1.62054,531.45,12.9207,64.6036,4.13105
-4.41799,593.309,11.3597,59.4424,3.36215
0.842071,540.701,12.7542,64.1343,4.01832
-3.77963,501.458,9.85146,51.2946,3.43319
0.591172,570.527,13.3268,67.1373,3.98295
-1.65912,597.932,12.7845,65.4947,3.68517
-0.0954331,535.945,12.1874,61.7094,3.88847
-2.31544,514.166,10.7107,55.1442,3.60442
-4.99243,584.302,10.9299,57.4521,3.3
-1.61737,573.306,12.2783,62.8814,3.6904
-1.25051,500.679,10.8796,55.5645,3.73678
-2.79116,579.057,11.8358,61.1586,3.54747
1.79396,589.76,14.4349,72.084,4.15681
-1.22473,594.548,12.9325,66.0363,3.74007
-2.87158,539.08,10.9833,56.7886,3.53797
-1.89342,588.427,12.465,63.9708,3.65605
-2.88341,551.371,11.2284,58.0612,3.53657
-2.93521,585.405,11.8968,61.5421,3.53048
1.84624,516.058,12.6565,63.1794,4.16462
-4.74974,505.189,9.54352,50.0689,3.32606
-2.21463,527.83,11.0395,56.7936,3.61665
0.47628,527.774,12.273,61.8808,3.96691
-4.79546,596.766,11.2526,59.0567,3.32113
1.61849,509.684,12.3905,61.9538,4.13075
0.92678,538.874,12.7531,64.0889,4.03036
-1.24673,582.08,12.6503,64.606,3.73726
-3.15694,529.673,10.6691,55.2854,3.50455
-3.91446,599.694,11.7176,61.075,3.41801
-1.55085,568.906,12.2162,62.532,3.69875
1.96093,566.811,13.963,69.6434,4.18183
-3.55919,537.247,10.6485,55.35,3.45821
-4.09346,589.016,11.4262,59.6394,3.398
0.903478,584.499,13.8203,69.464,4.02704
-2.77084,563.561,11.5284,59.561,3.54987
-4.91348,527.377,9.89674,51.9889,3.30845
-4.62094,540.078,10.256,53.7523,3.34001
-2.58316,541.117,11.1525,57.5362,3.57221
0.112544,585.371,13.4202,67.847,3.91674
-4.70537,589.023,11.1472,58.4623,3.33086
-0.913537,549.376,12.0976,61.6289,3.78013
-1.28535,594.786,12.9068,65.9347,3.73234
-0.142276,590.537,13.4042,67.894,3.88215
-3.27175,556.162,11.1513,57.8349,3.49124
-1.53531,549.937,11.8161,60.477,3.7007
-0.507363,539.035,12.0611,61.2571,3.83336
0.0237743,510.111,11.6543,58.9577,3.90464
-1.19079,555.253,12.094,61.7388,3.74441
-1.88893,585.079,12.3962,63.6159,3.6566
-4.53946,546.552,10.4132,54.5415,3.34887
-3.9105,554.018,10.8268,56.4305,3.41845
-1.08403,557.058,12.1845,62.1512,3.7581
-2.4019,505.848,10.5012,54.1012,3.59397
-1.30333,591.24,12.8207,65.504,3.73005
-2.0309,589.527,12.4203,63.8079,3.63911
-1.78201,556.289,11.8364,60.6936,3.66985
-0.759318,541.834,12.0042,61.0827,3.80021
0.846579,567.139,13.3802,67.2798,4.01896
1.00784,500.039,11.8714,59.6226,4.04194
-4.76874,559.504,10.5615,55.4177,3.32401
-4.9194,530.899,9.96044,52.326,3.30781
1.51227,513.548,12.4332,62.2151,4.1151
-3.77387,500.529,9.83547,51.2091,3.43384
-0.487779,548.623,12.2851,62.3857,3.83596
-4.18314,533.999,10.3216,53.9112,3.38804
-0.749276,554.003,12.2787,62.4745,3.80153
-3.05759,584.161,11.8136,61.1688,3.51614
-0.807881,530.309,11.7264,59.6909,3.79387
0.139942,584.849,13.4226,67.8454,3.92049
-1.06816,568.448,12.4415,63.4543,3.76015
-3.07224,505.069,10.2081,52.8619,3.51442
1.66612,574.617,13.9948,69.9513,4.1378
-3.82957,593.329,11.6329,60.5937,3.42755
0.36415,585.728,13.5612,68.4323,3.95134
-0.638,513.861,11.439,58.1537,3.81612
1.73748,512.343,12.5127,62.5105,4.14839
-3.25274,512.702,10.2877,53.3483,3.49344
-2.55928,514.888,10.622,54.7896,3.57506
-2.77438,535.555,10.9539,56.5947,3.54945
-3.54336,539.384,10.6976,55.5987,3.46002
-3.17903,515.63,10.3771,53.7812,3.50198
1.87233,544.278,13.3621,66.6889,4.16852
-4.55688,541.095,10.3019,53.9662,3.34698
-3.49146,514.06,10.2167,53.0775,3.46595
1.95961,567.7,13.9842,69.7497,4.18163
-4.75605,531.155,10.0315,52.6316,3.32538
1.59765,588.964,14.3063,71.5436,4.12767
-1.666,543.598,11.6196,59.53,3.68431
-4.67531,525.675,9.9605,52.226,3.33411
-1.52753,516.552,11.1022,56.8198,3.70168
-2.09917,550.038,11.5569,59.4033,3.63074
-3.15422,570.897,11.5008,59.5935,3.50487
-3.93642,571.692,11.1606,58.1817,3.41554
-4.90297,506.959,9.51764,49.9934,3.30957
-2.04366,513.786,10.8191,55.5872,3.63754
-2.13788,597.292,12.5305,64.4265,3.62601
0.333047,588.372,13.6058,68.6734,3.94704
-0.834674,590.711,13.0483,66.4328,3.79038
-1.45447,582.97,12.566,64.2759,3.71089
-4.47679,565.666,10.8047,56.5645,3.35572
-4.65266,572.533,10.8583,56.9235,3.33656
-2.63734,534.821,10.9989,56.7676,3.56574
1.82587,503.014,12.3269,61.5431,4.16157
-1.00548,540.173,11.8519,60.4188,3.76823
-2.32282,562.347,11.7109,60.2973,3.60352
0.982775,532.295,12.6248,63.4186,4.03835
-2.11089,525.492,11.036,56.7311,3.62931
-4.15794,505.761,9.7857,51.1023,3.39084
1.65465,519.186,12.6392,63.1806,4.1361
0.796586,595.003,14.0102,70.4739,4.01187
0.735041,535.755,12.5849,63.333,4.00317
-1.97813,507.002,10.704,54.9689,3.6456
-3.4662,590.244,11.7427,60.9937,3.46885
-3.66838,501.18,9.89013,51.4516,3.44578
0.729655,596.795,14.0158,70.5367,4.00241
-4.89305,502.46,9.43697,49.5657,3.31064
-0.555394,546.688,12.2093,62.0319,3.82701
-4.61252,563.226,10.6992,56.0715,3.34092
0.314987,548.957,12.6854,64.0363,3.94455
-4.15051,567.706,10.9875,57.3751,3.39166
-0.19857,591.824,13.4038,67.9204,3.87457
1.14457,575.747,13.7416,68.9467,4.06158
0.599475,591.369,13.8181,69.6081,3.98411
0.695798,592.723,13.9018,69.9804,3.99764
0.859177,525.523,12.4044,62.3677,4.02075
-3.79194,514.224,10.0973,52.5794,3.4318
1.38125,546.292,13.1589,65.9094,4.09591
1.25305,577.153,13.8333,69.3519,4.07726
1.53435,563.687,13.6587,68.3368,4.11834
1.15034,581.192,13.8746,69.6114,4.06241
-4.47384,573.574,10.9571,57.3608,3.35604
0.0839933,596.83,13.6677,69.1125,3.91284
-2.50466,598.133,12.3662,63.7598,3.58161
-2.09701,599.224,12.5915,64.7199,3.63101
-3.87952,528.343,10.338,53.8696,3.42193
0.0822163,574.351,13.152,66.5057,3.9126
-0.046475,552.048,12.5777,63.6625,3.8951
-0.785787,504.401,11.1633,56.8148,3.79675
-0.51202,580.79,12.9931,65.9925,3.83275
-4.5135,588.366,11.2216,58.7639,3.35171
0.0920451,552.342,12.6528,63.9771,3.91394
1.73502,501.831,12.2548,61.2232,4.14803
-3.91588,554.359,10.8312,56.4554,3.41785
-3.23646,558.446,11.2129,58.1388,3.49532
-1.81145,535.457,11.3798,58.3656,3.6662
-0.603818,573.941,12.7936,65.0238,3.82062
-2.81139,587.921,12.0072,62.0543,3.54507
-4.31693,589.952,11.3416,59.3011,3.37326
-1.72535,593.244,12.6511,64.8433,3.67691
-3.79684,540.79,10.6168,55.2869,3.43124
-2.53474,511.291,10.5581,54.4499,3.578
-1.65127,588.717,12.5914,64.5016,3.68615
-4.90656,514.751,9.66251,50.7557,3.30919
0.641013,528.397,12.3667,62.2777,3.98994
-0.889497,551.944,12.1657,61.9646,3.78325
1.7288,518.051,12.6478,63.1897,4.1471
-0.321942,551.8,12.437,63.079,3.85803
-3.39456,513.287,10.2411,53.1645,3.47707
-1.32156,511.501,11.0836,56.6366,3.72773
1.58138,547.085,13.2806,66.4223,4.12527
1.72964,597.255,14.582,72.8526,4.14723
-2.00725,525.232,11.0761,56.8921,3.64202
-0.372132,543.751,12.2315,62.0597,3.85133
1.7794,525.137,12.8459,64.156,4.15463
-3.91218,506.803,9.90348,51.6186,3.41826
-1.8036,559.376,11.8918,60.988,3.66717
1.59038,533.808,12.9629,64.8288,4.1266
-1.52846,572.441,12.303,62.9657,3.70156
-1.74778,580.727,12.3731,63.4295,3.67411
0.373682,503.313,11.6574,58.8212,3.95266
-1.8983,556.849,11.7937,60.5283,3.65544
1.4641,518.344,12.5259,62.701,4.10803
-2.21248,538.959,11.2732,57.9951,3.61692
1.84142,588.933,14.4411,72.0903,4.1639
-3.16294,541.484,10.9044,56.5072,3.50386
-1.70515,505.704,10.7929,55.3107,3.67942
-2.10254,555.841,11.6773,60.0236,3.63033
-3.181,578.306,11.6375,60.3146,3.50176
-0.45827,558.105,12.512,63.5236,3.83987
-0.960482,507.017,11.1442,56.7918,3.77405
-2.40104,534.193,11.09,57.1344,3.59407
-0.0136661,509.464,11.6224,58.8129,3.89955
-1.77818,502.77,10.6992,54.8611,3.67033
-0.734436,513.911,11.3967,57.9808,3.80347
-0.701124,557.8,12.3863,62.9994,3.80783
-0.0794999,597.878,13.6043,68.8753,3.89063
0.593005,501.827,11.7229,59.0563,3.98321
-1.95735,588.317,12.431,63.8277,3.64816
-4.3944,509.396,9.76237,51.0747,3.36474
-0.220773,586.244,13.2659,67.2325,3.87158
-0.863005,565.407,12.4754,63.5297,3.78669
1.36549,553.387,13.3217,66.7323,4.09361
-1.02418,551.63,12.0944,61.6635,3.76582
1.81794,505.465,12.3832,61.8275,4.16039
-0.218621,525.62,11.8951,60.2841,3.87187
1.05266,537.094,12.7733,64.1316,4.04836
-2.32494,556.831,11.595,59.7018,3.60327
-0.891586,578.224,12.7438,64.9105,3.78298
0.73317,567.616,13.3324,67.0954,4.00291
-0.333401,511.562,11.5249,58.4579,3.8565
1.94907,554.932,13.6641,68.1584,4.18004
-4.10628,543.823,10.5441,55.0405,3.39657
-3.43798,534.549,10.6467,55.2889,3.47208
1.74073,511.845,12.5021,62.4561,4.14888
-3.60177,564.015,11.16,58.0276,3.45336
-1.4432,501.365,10.8118,55.2985,3.71231
-3.36771,506.391,10.1144,52.4959,3.48016
-2.3559,593.718,12.3479,63.5932,3.59952
0.735289,543.414,12.765,64.2389,4.00321
1.04285,589.044,14.0035,70.313,4.04695
-4.08423,545.349,10.5831,55.2346,3.39903
0.419034,597.929,13.8734,69.9793,3.95895
0.943396,507.299,12.0136,60.3654,4.03273
0.534453,543.454,12.6663,63.8367,3.97502
-1.36761,544.248,11.7717,60.1737,3.72188
-2.89788,587.477,11.9568,61.8344,3.53487
0.895214,588.122,13.9015,69.8763,4.02587
-1.62391,581.325,12.4468,63.7476,3.68958
-1.60463,503.409,10.7868,55.2374,3.69199
-2.70772,504.094,10.3379,53.3848,3.55736
-1.28809,524.151,11.3728,58.0995,3.73199
0.127171,554.708,12.7245,64.3229,3.91874
-3.06754,580.816,11.7412,60.7991,3.51497
-3.22663,524.557,10.5366,54.628,3.49646
0.758671,597.616,14.051,70.6986,4.00651
-3.6721,526.125,10.3808,54.0059,3.44536
-3.88427,513.994,10.0553,52.3985,3.4214
-2.87765,526.183,10.7179,55.4191,3.53725
-3.43231,531.283,10.5841,54.9611,3.47273
-3.50503,528.963,10.5071,54.5923,3.4644
0.100088,546.721,12.528,63.3422,3.91504
-4.51408,540.813,10.3144,54.0135,3.35164
-2.57097,547.068,11.2806,58.1919,3.57366
-4.23077,530.128,10.227,53.4374,3.38277
-4.25019,510.803,9.84652,51.457,3.38062
-3.99265,552.082,10.7534,56.0834,3.40925
-4.91301,579.666,10.8782,57.1445,3.3085
-1.23241,502.813,10.9338,55.8336,3.73909
-4.09879,503.168,9.75878,50.9383,3.39741
-0.094189,530.339,12.0605,61.0663,3.88864
-0.993756,599.674,13.1635,67.0992,3.76974
0.933822,544.922,12.8997,64.8227,4.03137
1.71501,558.667,13.6321,68.1143,4.14505
-4.29569,515.998,9.92841,51.9033,3.3756
-1.88923,526.563,11.1563,57.2529,3.65656
-4.88453,562.387,10.5661,55.4928,3.31155
-0.672154,559.062,12.4285,63.2003,3.81163
-1.32131,547.375,11.8611,60.6093,3.72776
0.362314,573.396,13.2747,66.9875,3.95109
-2.79388,565.223,11.5517,59.6922,3.54715
-2.23295,538.744,11.2596,57.9338,3.61443
0.0753774,514.949,11.7886,59.6144,3.91167
0.885294,591.892,13.9852,70.3023,4.02446
-0.715812,540.177,11.988,60.9804,3.80591
1.34402,575.893,13.8519,69.3993,4.09048
-1.97108,514.299,10.8611,55.7727,3.64647
0.477177,558.76,12.994,65.5157,3.96703
-2.58677,539.232,11.112,57.3292,3.57178
-1.57636,579.357,12.4281,63.6286,3.69554
0.570954,556.431,12.9873,65.4365,3.98012
-2.29937,595.229,12.4072,63.8712,3.60636
1.28266,595.019,14.2779,71.5655,4.08156
-1.44046,531.269,11.458,58.6019,3.71266
-3.96265,575.98,11.2324,58.5681,3.4126
-4.77746,561.484,10.5951,55.5979,3.32307
-0.473127,598.356,13.4065,68.0726,3.8379
-1.03477,540.424,11.8437,60.3903,3.76445
1.03093,544.393,12.936,64.9586,4.04525
0.460779,513.928,11.9438,60.2278,3.96475
-3.35555,534.613,10.6833,55.4434,3.48156
-2.26622,588.557,12.2844,63.2227,3.61038
0.437687,508.256,11.8013,59.5195,3.96154
-0.675875,550.182,12.2293,62.1891,3.81114
-3.73467,586.57,11.5444,60.0884,3.43827
-2.97108,517.643,10.5047,54.3554,3.52627
1.54842,572.168,13.8718,69.3957,4.12041
-2.23503,599.742,12.5334,64.4889,3.61417
1.46111,588.476,14.219,71.1777,4.10759
-0.565378,528.053,11.7885,59.8983,3.82569
-1.87273,596.616,12.6488,64.9042,3.65861
-2.83683,501.799,10.2379,52.9207,3.54207
-3.47003,526.987,10.4826,54.4501,3.46841
-0.562239,582.331,13.0018,66.0618,3.82611
0.78448,558.15,13.1363,66.0836,4.01016
-1.17577,533.61,11.6295,59.3608,3.74633
-0.894819,584.34,12.877,65.5903,3.78256
-1.56042,551.284,11.8333,60.5764,3.69754
0.942547,547.509,12.9654,65.1483,4.03261
0.857781,556.47,13.1342,66.0375,4.02055
0.973717,512.815,12.1585,61.0802,4.03706
-3.94288,557.306,10.8769,56.7057,3.41482
-0.191699,547.493,12.4031,62.8464,3.87549
-1.58234,541.616,11.6157,59.4723,3.69479
-4.18139,592.33,11.4498,59.8036,3.38824
-2.27655,523.147,10.9146,56.1777,3.60913
1.98527,534.15,13.1708,65.6805,4.18549
0.305809,524.918,12.1256,61.2143,3.94328
-2.07779,577.712,12.1487,62.4349,3.63336
-0.218101,528.004,11.9492,60.5584,3.87194
1.16298,534.354,12.7628,64.027,4.06423
-1.63953,596.587,12.7657,65.3884,3.68762
-2.11243,571.498,12.0015,61.6946,3.62912
0.781902,545.816,12.8447,64.618,4.00979
-2.30104,506.606,10.5592,54.3586,3.60616
0.803165,523.956,12.3405,62.0717,4.0128
-3.41458,591.663,11.7953,61.2426,3.47477
-1.35573,561.874,12.1587,62.1462,3.72339
-4.74128,587.053,11.0938,58.1985,3.32697
-2.63334,517.59,10.6462,54.9456,3.56622
-2.2269,573.281,11.9843,61.6597,3.61516
-4.21575,546.599,10.5512,55.1248,3.38443
-2.21059,521.234,10.9033,56.0912,3.61715
-1.23461,589.189,12.811,65.4204,3.73881
-4.00153,539.545,10.5054,54.7939,3.40826
-1.30176,505.182,10.9552,55.9723,3.73025
1.94657,589.882,14.5233,72.4454,4.17967
-2.71834,580.443,11.8986,61.4492,3.5561
-0.459051,577.207,12.9398,65.6961,3.83977
-4.34553,589.681,11.3233,59.2187,3.37011
1.5336,570.727,13.8289,69.1886,4.11823
-3.00016,549.913,11.1465,57.6897,3.52285
-3.28041,552.094,11.0659,57.3958,3.49023
-0.17525,513.344,11.637,58.9573,3.87771
-0.977621,558.521,12.2679,62.5267,3.77183
-0.561525,556.435,12.424,63.1255,3.8262
-1.27616,596.758,12.9543,66.1728,3.73351
-1.93653,574.444,12.1479,62.3642,3.65072
-3.38326,575.505,11.4876,59.6306,3.47837
1.09447,552.831,13.169,66.0978,4.05437
-1.7158,569.26,12.1442,62.2408,3.6781
-2.0361,505.917,10.6566,54.7492,3.63847
-2.992,591.207,11.9875,62.038,3.52381
1.88135,519.024,12.7466,63.6126,4.16987
0.24816,576.306,13.2827,67.0844,3.93534
-2.65518,595.661,12.2414,63.189,3.56361
-3.42133,548.343,10.9287,56.7462,3.47399
0.321014,588.084,13.5928,68.6136,3.94538
1.73141,591.317,14.438,72.1323,4.14749
-0.719479,507.609,11.2636,57.2971,3.80543
-2.95763,511.264,10.3808,53.7089,3.52784
-2.88695,540.39,11.0032,56.8984,3.53616
-4.78008,535.029,10.0948,52.9738,3.32279
-1.35446,565.877,12.2459,62.5915,3.72355
1.07832,512.153,12.1923,61.2031,4.05204
1.50674,506.255,12.254,61.3209,4.11428
-2.10595,570.227,11.9779,61.5703,3.62991
-2.5552,533.597,11.0098,56.7878,3.57555
-4.96616,541.847,10.1466,53.3235,3.30281
-4.87228,556.037,10.452,54.8882,3.31287
-2.0983,521.386,10.9553,56.3105,3.63085
-4.15365,555.929,10.7582,56.1791,3.39131
-0.647079,554.498,12.3392,62.7345,3.81493
1.89936,507.043,12.461,62.1794,4.17257
0.19728,528.727,12.1619,61.4467,3.92834
-0.997028,505.233,11.089,56.526,3.76932
-4.80753,578.513,10.9031,57.2279,3.31983
-3.94146,525.984,10.2662,53.5211,3.41498
1.07346,559.473,13.3163,66.8477,4.05135
-4.62506,505.885,9.60505,50.3425,3.33956
0.614227,529.659,12.3833,62.3736,3.98618
-2.414,503.528,10.448,53.8322,3.59251
-0.877697,570.218,12.5743,64.0401,3.78478
-0.00993775,541.77,12.3612,62.5498,3.90006
-3.09727,575.179,11.6135,60.1511,3.5115
-4.73911,563.373,10.6473,55.8549,3.32721
-1.0686,585.375,12.8117,65.3428,3.76009
-3.8927,565.493,11.059,57.6326,3.42045
-1.61031,522.854,11.2009,57.3607,3.69128
-3.11616,588.606,11.8756,61.5177,3.5093
0.195177,579.273,13.3234,67.3165,3.92806
-1.15247,560.138,12.2189,62.3583,3.74932
-0.424976,519.146,11.6538,59.1519,3.84429
-4.31772,531.126,10.2104,53.3866,3.37317
1.57553,557.543,13.5314,67.6796,4.12441
0.727179,529.791,12.441,62.6125,4.00207
-2.93673,590.448,11.9986,62.0692,3.5303
0.418123,576.863,13.3841,67.5119,3.95882
-0.394258,524.485,11.7878,59.8187,3.84838
-0.228772,589.414,13.3334,67.5789,3.87051
-2.29317,579.316,12.0785,62.1761,3.60711
1.68688,529.04,12.8952,64.4451,4.14088
-3.54446,552.436,10.956,56.942,3.45989
-3.53339,575.334,11.4152,59.3235,3.46116
-0.558194,569.356,12.7142,64.5983,3.82664
-1.67681,581.606,12.4268,63.6703,3.68296
-4.72824,553.323,10.4619,54.8779,3.32838
-3.3992,513.075,10.2349,53.1345,3.47654
-2.38085,562.821,11.6937,60.2354,3.59651
-3.99052,562.362,10.9545,57.1316,3.40949
-0.767079,574.422,12.7223,64.7404,3.7992
-0.927582,528.099,11.6226,59.2154,3.77831
-2.45525,542.986,11.2482,57.9735,3.58754
-1.47772,593.546,12.7823,65.3934,3.70795
-2.42083,547.668,11.3608,58.5382,3.59169
1.83372,598.807,14.6789,73.2812,4.16274
-3.8324,549.021,10.763,56.0636,3.42723
-4.43423,549.673,10.5173,55.0415,3.36037
-1.73435,556.737,11.8683,60.8354,3.67578
-0.520813,535.814,11.9827,60.865,3.83158
-3.07935,545.721,11.0266,57.1035,3.51359
-3.2077,506.498,10.1816,52.7797,3.49866
-0.0332173,534.838,12.1919,61.7037,3.8969
1.6874,576.001,14.0401,70.1668,4.14095
0.223364,582.797,13.4193,67.7865,3.93193
0.513806,526.053,12.2509,61.7522,3.97214
-3.11252,531.271,10.7204,55.5319,3.50972
-2.07328,565.829,11.9009,61.1596,3.63391
1.73332,538.438,13.1479,65.6858,4.14777
0.126255,551.921,12.6602,63.9979,3.91862
1.25198,504.778,12.0981,60.6531,4.0771
1.28633,514.072,12.3373,61.8368,4.08209
-0.387496,552.131,12.4125,62.9853,3.84928
-4.6921,566.56,10.7279,56.2572,3.33229
-4.00885,560.782,10.9157,56.9371,3.40744
-3.34461,528.124,10.5582,54.7898,3.48282
-4.88208,572.012,10.748,56.447,3.31181
-3.56998,589.227,11.6737,60.684,3.45698
-3.00254,573.388,11.6213,60.1478,3.52258
-2.91436,561.904,11.4288,59.1113,3.53293
-0.503592,530.813,11.8789,60.33,3.83386
0.235739,533.644,12.2934,62.0938,3.93363
-0.702051,586.187,13.0161,66.2035,3.80771
-4.79081,531.872,10.0309,52.6428,3.32163
0.859373,533.254,12.587,63.2856,4.02077
-0.178229,532.871,12.0783,61.1942,3.8773
1.04076,500.506,11.8977,59.7404,4.04665
-2.39417,542.402,11.2635,58.0252,3.5949
-2.93274,539.941,10.974,56.7671,3.53077
-4.09234,520.012,10.0881,52.6545,3.39813
-3.95328,518.651,10.1182,52.7547,3.41365
0.211767,504.169,11.6035,58.6196,3.93033
0.451129,590.404,13.7159,69.1689,3.96341
0.992818,546.579,12.9687,65.141,4.03979
1.88077,541.907,13.3082,66.4161,4.16979
-2.15875,574.434,12.0409,61.9193,3.62346
-3.98518,594.676,11.5865,60.425,3.41008
-4.72399,525.944,9.94596,52.1698,3.32884
-4.26055,554.17,10.678,55.8067,3.37948
-4.91496,539.805,10.1294,53.2116,3.30829
-2.53638,550.889,11.3751,58.6638,3.5778
0.673895,599.162,14.0409,70.6916,3.99456
-1.1708,505.592,11.021,56.2529,3.74697
-1.68303,502.455,10.7329,54.9943,3.68219
-4.28994,585.791,11.2739,58.9347,3.37623
-2.25942,534.515,11.1594,57.4301,3.61121
-0.39096,504.9,11.3491,57.591,3.84882
0.22468,576.996,13.2864,67.1147,3.93211
-1.60181,548.309,11.7502,60.1697,3.69235
-0.476322,530.827,11.892,60.384,3.83747
-1.4233,516.335,11.1434,56.9859,3.71483
-4.1659,524.463,10.1443,52.9782,3.38995
-2.19524,538.318,11.2676,57.9583,3.61901
-0.735919,579.729,12.8556,65.4036,3.80327
0.189949,551.459,12.6811,64.0736,3.92734
-3.32768,510.836,10.2195,53.0254,3.48478
1.68877,539.474,13.1504,65.7199,4.14116
-4.72958,566.363,10.7079,56.1688,3.32824
1.19576,517.677,12.3802,62.0929,4.06897
1.20815,562.986,13.4702,67.5539,4.07076
0.16164,550.829,12.6526,63.943,3.92346
-2.29209,550.133,11.4706,59.046,3.60725
-1.46941,577.329,12.4371,63.6236,3.709
-3.20224,577.559,11.6126,60.1952,3.49929
-1.53454,592.32,12.7272,65.1395,3.7008
-2.24041,577.345,12.0627,62.0698,3.61352
-4.61862,598.8,11.3721,59.6013,3.34026
-0.666464,576.486,12.8187,65.1819,3.81238
-2.00894,534.531,11.2714,57.8963,3.64181
-4.7678,507.012,9.57095,50.22,3.32411
1.50419,535.603,12.9631,64.8705,4.11391
-4.94775,520.776,9.75929,51.2807,3.30478
-3.03012,561.749,11.3728,58.8743,3.51935
0.275321,583.619,13.4655,67.9941,3.93908
-2.58132,544.095,11.2147,57.8563,3.57243
-3.93957,505.547,9.86804,51.4448,3.41519
-4.91911,572.175,10.735,56.3948,3.30784
1.8479,533.572,13.0869,65.327,4.16487
-3.24578,522.132,10.4799,54.3418,3.49424
-3.13874,516.544,10.4123,53.9468,3.50667
1.96898,589.219,14.5195,72.4149,4.18304
-3.27482,508.635,10.1971,52.8874,3.49088
0.887718,510.304,12.0586,60.6162,4.0248
-0.246201,520.747,11.772,59.6728,3.86817
-1.16786,506.279,11.0373,56.3346,3.74734
-4.44182,539.913,10.3274,54.0508,3.35954
-3.91043,584.271,11.4181,59.5121,3.41846
-4.05405,504.412,9.80057,51.1386,3.40239
-2.15352,570.404,11.959,61.4952,3.6241
-0.219023,552.397,12.5008,63.3543,3.87182
1.14997,511.886,12.2199,61.3097,4.06236
-3.64231,581.314,11.4835,59.7288,3.44875
-0.72081,577.874,12.8221,65.2257,3.80525
-2.64813,548.582,11.2771,58.208,3.56445
-1.73627,569.934,12.1487,62.2736,3.67555
-1.09689,599.044,13.0963,66.8082,3.75645
-2.60178,553.509,11.3994,58.8185,3.56998
-3.61523,572.125,11.3143,58.8363,3.45183
-4.47205,575.763,10.9997,57.583,3.35623
-4.20758,563.039,10.8721,56.7978,3.38533
-2.58961,566.967,11.6823,60.2724,3.57144
-3.7335,552.861,10.8815,56.6374,3.4384
1.74379,516.232,12.6107,62.9975,4.14933
-1.6378,512.27,10.9622,56.15,3.68784
-2.59205,510.859,10.5251,54.3034,3.57114
-3.13028,529.947,10.686,55.3617,3.50766
-1.13566,562.34,12.275,62.6371,3.75147
1.97628,535.202,13.1922,65.7913,4.18414
-0.587048,525.591,11.7235,59.5778,3.82283
-2.77723,597.319,12.2158,63.1158,3.54912
-2.31116,564.771,11.7668,60.5799,3.60493
-3.34319,559.822,11.1925,58.0809,3.48299
-2.0639,511.819,10.769,55.3384,3.63506
1.76903,534.569,13.0714,65.2871,4.15309
-3.55626,585.216,11.6006,60.2978,3.45855
-1.93518,581.703,12.3021,63.155,3.65089
-4.34053,509.894,9.7932,51.2144,3.37066
0.206372,587.643,13.5219,68.3134,3.92959
-4.08969,562.692,10.9172,56.981,3.39842
-0.781212,567.306,12.5577,63.9096,3.79735
1.30213,581.706,13.969,70.0073,4.08438
-2.24736,557.259,11.6398,59.897,3.61267
-1.80411,579.298,12.3151,63.1591,3.66711
-2.20235,534.356,11.1815,57.5185,3.61815
-2.7517,564.719,11.5609,59.7203,3.55214
-0.443919,547.727,12.2862,62.3708,3.84178
-4.96299,505.277,9.46299,49.7298,3.30315
-3.08438,553.938,11.1904,57.9539,3.51301
-2.26308,533.061,11.1274,57.2671,3.61076
-4.12493,550.17,10.6591,55.6492,3.3945
0.190448,511.571,11.7641,59.4399,3.92741
-0.0806678,577.706,13.1447,66.5491,3.89047
-3.53746,534.85,10.6102,55.1419,3.46069
-2.16343,565.819,11.8582,60.9815,3.62289
-0.136501,568.645,12.9102,65.3892,3.88293
1.43505,569.545,13.7477,68.8314,4.10377
0.772374,536.596,12.623,63.5073,4.00845
-0.607949,588.587,13.1179,66.6743,3.82008
-0.539795,545.915,12.1995,61.975,3.82907
-1.87386,526.329,11.1582,57.2557,3.65847
0.268218,595.58,13.7377,69.3719,3.9381
-1.08337,591.215,12.932,65.9635,3.75819
-1.91863,515.452,10.9082,55.992,3.65293
-0.679443,574.982,12.7787,64.9849,3.81068
-1.84492,520.836,11.0544,56.7109,3.66205
-0.170697,533.089,12.0868,61.2339,3.87832
-0.657663,563.848,12.542,63.7708,3.81354
-3.20652,566.778,11.3939,59.0634,3.49879
-1.02914,557.808,12.2274,62.3442,3.76518
-3.98556,573.601,11.1757,58.2828,3.41004
-2.35138,564.763,11.7478,60.5006,3.60007
-1.43009,570.997,12.3198,63.0051,3.71397
-4.14539,522.396,10.1127,52.8046,3.39223
-4.55914,598.019,11.3847,59.6392,3.34673
-1.55923,587.717,12.6159,64.5823,3.69769
-4.68532,564.298,10.688,56.045,3.33303
-0.436093,548.853,12.3153,62.5146,3.84282
1.44596,558.296,13.4818,67.4951,4.10537
-4.6168,542.382,10.3014,53.9889,3.34046
-1.39143,503.496,10.8801,55.6257,3.71886
0.460179,506.071,11.7609,59.3059,3.96467
-0.626604,547.129,12.185,61.9412,3.81762
-1.00512,545.838,11.9764,61.0532,3.76827
1.29613,564.958,13.5637,67.9788,4.08351
0.52481,530.176,12.3522,62.2579,3.97367
0.493238,573.105,13.3359,67.2318,3.96927
1.38832,536.733,12.9322,64.7705,4.09694
-4.0099,543.221,10.5734,55.1522,3.40732
0.430874,544.545,12.6406,63.7553,3.96059
-4.74476,507.747,9.59377,50.3306,3.3266
-2.30899,524.547,10.9297,56.2692,3.6052
-1.77857,550.545,11.7157,60.0735,3.67028
-3.85432,532.739,10.4346,54.3622,3.42477
1.89168,541.748,13.3099,66.4193,4.17142
-1.33634,594.219,12.8685,65.7645,3.72585
-2.67278,593.263,12.1836,62.8988,3.56152
-4.64226,530.193,10.0596,52.7318,3.33769
-1.16359,547.367,11.935,60.9149,3.74789
-4.50348,571.236,10.8993,57.0717,3.3528
1.37217,585.478,14.0978,70.6169,4.09458
-1.0231,537.627,11.7878,60.1002,3.76595
1.48775,535.218,12.9455,64.7903,4.11149
-2.62797,587.308,12.0829,62.3575,3.56686
0.00204145,582.147,13.2887,67.237,3.90169
1.05745,511.909,12.1766,61.1337,4.04905
1.04197,507.164,12.0565,60.5374,4.04683
-0.217141,552.693,12.5085,63.392,3.87207
0.685264,567.324,13.3007,66.9594,3.99616
-3.72561,532.273,10.4796,54.5422,3.4393
-0.581813,599.874,13.3832,68.0096,3.82352
-3.90314,565.33,11.0512,57.5965,3.41928
-1.23693,513.198,11.1576,56.9785,3.73851
-2.81609,544.193,11.1121,57.4301,3.54452
-0.360752,500.688,11.2678,57.1655,3.85285
-4.77219,549.319,10.3677,54.4027,3.32364
-1.9697,528.552,11.1627,57.3208,3.64664
-2.17373,582.667,12.2063,62.7765,3.62164
-0.627834,503.23,11.2068,56.9691,3.81746
-4.87154,537.193,10.0981,53.0293,3.31295
-4.37529,511.096,9.80252,51.2771,3.36684
-1.86189,573.991,12.1744,62.4646,3.65995
-0.772568,544.892,12.0657,61.4015,3.79848
-2.79569,549.745,11.2346,58.0542,3.54693
-4.3998,525.471,10.0682,52.6771,3.36415
-3.93185,584.158,11.406,59.4592,3.41606
0.452201,576.889,13.4025,67.5878,3.96356
-3.07466,559.027,11.2976,58.5047,3.51414
-3.95224,590.482,11.5201,60.0631,3.41377
0.176043,575.395,13.2243,66.8253,3.92543
0.892743,533.405,12.6069,63.3703,4.02552
0.489627,564.375,13.131,66.2001,3.96877
-2.02352,598.396,12.6108,64.7832,3.64002
1.68358,511.722,12.4714,62.329,4.14039
-4.70588,531.339,10.0554,52.7361,3.3308
1.01106,579.424,13.7577,69.0952,4.0424
-0.415356,537.531,12.071,61.2654,3.84557
-4.15982,502.831,9.72826,50.8031,3.39063
-3.94255,511.82,9.98928,52.0781,3.41486
-3.7069,515.298,10.153,52.8348,3.44141
-0.580999,542.877,12.112,61.5492,3.82363
-0.33922,569.541,12.8282,65.0713,3.85572
-0.234525,550.564,12.4518,63.113,3.86974
0.450598,538.546,12.5109,63.0924,3.96334
0.0976271,583.692,13.3739,67.6203,3.9147
-1.30067,566.666,12.2891,62.7868,3.73039
-2.75314,521.297,10.6714,55.1258,3.55197
-4.93352,519.824,9.74708,51.2108,3.3063
-1.95492,574.113,12.1321,62.2915,3.64846
-2.81041,547.399,11.1801,57.7791,3.54519
-3.62779,506.331,10.0081,52.0489,3.4504
1.63202,517.711,12.5923,62.9563,4.13275
0.9168,581.243,13.7504,69.1062,4.02894
-4.99958,555.884,10.3953,54.6451,3.29924
-3.92985,581.155,11.3483,59.1573,3.41628
-3.86882,514.195,10.0655,52.4452,3.42313
0.827463,580.466,13.6844,68.8192,4.01625
-3.66984,524.23,10.3444,53.8154,3.44562
1.31976,513.097,12.3299,61.7846,4.08695
-1.19661,596.882,12.9977,66.3552,3.74366
-0.869085,541.985,11.9558,60.8861,3.7859
-0.251877,594.629,13.4392,68.1267,3.86741
-1.86527,578.787,12.2745,62.9796,3.65953
1.2515,539.579,12.9319,64.8339,4.07704
-3.61633,500.241,9.89228,51.442,3.4517
0.337379,558.412,12.9152,65.1855,3.94764
0.375959,555.94,12.8774,64.9764,3.95298
-0.615938,542.514,12.0873,61.4396,3.81903
0.709796,558.466,13.1055,65.965,3.99961
-3.7035,505.53,9.9619,51.839,3.4418
-4.06381,557.106,10.8201,56.4629,3.4013
-1.34439,596.09,12.9049,65.9546,3.72483
1.08266,584.124,13.908,69.8134,4.05267
-4.32888,553.659,10.6388,55.6313,3.37194
-0.802008,548.026,12.121,61.6967,3.79464
-3.36739,573.717,11.4592,59.4759,3.4802
-0.315218,523.116,11.7936,59.8128,3.85893
-1.84245,510.038,10.8263,55.5395,3.66236
-1.70156,528.435,11.2796,57.8035,3.67987
-4.70986,592.559,11.2121,58.8046,3.33037
-4.70034,581.349,11.0043,57.7101,3.3314
0.5971,507.912,11.8669,59.7802,3.98378
1.00979,521.758,12.3879,62.2162,4.04222
-1.76266,563.594,12.001,61.5287,3.67226
0.366903,592.349,13.7159,69.2118,3.95172
1.9675,570.348,14.0537,70.0924,4.18282
-3.4975,581.919,11.5625,60.0724,3.46526
-1.26498,538.773,11.7007,59.7644,3.73493
-2.25888,529.035,11.0452,56.8423,3.61128
-4.21966,570.625,11.0133,57.5405,3.384
-2.99456,534.779,10.8422,56.1122,3.52351
-4.39366,568.614,10.8976,57.0135,3.36482
-1.26801,564.875,12.2661,62.6537,3.73455
-0.721277,546.066,12.1161,61.6345,3.80519
-0.844199,505.125,11.1536,56.7904,3.78914
-3.60496,509.143,10.0729,52.3768,3.45299
0.443769,554.327,12.8741,64.9272,3.96239
-0.545855,565.006,12.6231,64.1298,3.82827
0.672797,599.428,14.0465,70.7206,3.99441
1.90276,527.19,12.9578,64.657,4.17308
-2.47389,576.679,11.9373,61.5339,3.5853
0.180556,595.198,13.6819,69.135,3.92605
1.00691,575.471,13.6617,68.6148,4.04181
-2.56349,550.87,11.3624,58.6105,3.57456
-1.68155,543.578,11.6121,59.4982,3.68237
-3.69712,511.033,10.0729,52.4142,3.44252
-3.22229,580.054,11.6534,60.4161,3.49696
-2.76033,523.017,10.7035,55.2948,3.55112
1.87484,535.092,13.1379,65.5686,4.1689
1.28511,558.452,13.4017,67.1726,4.08191
-2.23278,525.769,10.9885,56.5388,3.61445
-4.26625,578.993,11.1538,58.2957,3.37885
0.069877,517.022,11.8335,59.844,3.91092
1.00489,561.421,13.3271,66.9354,4.04152
-0.54711,569.052,12.7129,64.5865,3.8281
-4.92989,561.737,10.5345,55.3465,3.30669
-3.68251,535.374,10.5589,54.9368,3.44418
-4.24124,511.692,9.86722,51.5615,3.38161
-1.09723,549.039,12.0029,61.2308,3.75641
-0.226396,546.008,12.3527,62.6069,3.87083
-4.7333,578.949,10.9442,57.41,3.32784
-4.59095,513.61,9.76519,51.1681,3.34327
-4.97969,543.604,10.1739,53.4727,3.30136
1.91044,504.059,12.393,61.835,4.17424
-4.94742,519.625,9.73785,51.1679,3.30481
-0.771442,508.589,11.2623,57.3127,3.79863
0.108354,551.51,12.6419,63.9138,3.91617
-3.80771,516.667,10.1388,52.8021,3.43002
0.676284,526.861,12.3477,62.1659,3.9949
0.303074,505.909,11.6852,58.9925,3.9429
-3.84963,504.388,9.88114,51.4771,3.42529
-4.92377,554.492,10.4012,54.6436,3.30734
-0.0708215,581.863,13.2444,67.0488,3.8918
-0.357749,528.026,11.8844,60.2926,3.85325
-1.41996,599.182,12.9331,66.1365,3.71525
-3.28881,570.459,11.4301,59.2888,3.48926
1.71943,523.225,12.7695,63.802,4.14571
-4.51894,586.875,11.1907,58.6046,3.35111
-1.77066,554.772,11.8094,60.5501,3.67127
-0.0836589,596.455,13.5697,68.7023,3.89007
-1.7338,534.119,11.3864,58.3649,3.67585
0.181409,510.337,11.7316,59.2796,3.92617
0.732334,532.395,12.5047,62.9304,4.00279
-0.916049,528.035,11.6265,59.2301,3.7798
-4.64082,581.372,11.0313,57.8247,3.33785
-0.347679,553.624,12.4655,63.2357,3.85459
-3.4376,599.539,11.9413,62.0116,3.47213
-4.95605,573.479,10.7433,56.455,3.30389
-0.21113,536.022,12.134,61.4917,3.87288
-0.83558,517.211,11.4243,58.1651,3.79026
1.95346,553.841,13.6396,68.0338,4.1807
1.76213,549.169,13.4248,67.0556,4.15206
-0.53013,574.679,12.8472,65.2605,3.83035
0.974797,585.458,13.8814,69.735,4.03721
-2.65345,527.552,10.8425,55.9669,3.56382
0.284995,591.231,13.6463,68.9021,3.94041
-3.69316,584.464,11.5221,59.9533,3.44297
-3.05481,526.068,10.6399,55.0908,3.51646
0.412484,598.91,13.8926,70.0795,3.95804
0.168381,589.355,13.5411,68.4299,3.92438
-1.78832,580.215,12.3424,63.2912,3.66907
-2.46798,530.792,10.99,56.6483,3.58601
-1.39742,548.539,11.8506,60.5903,3.7181
-1.49757,524.982,11.2968,57.8026,3.70545
-1.39789,508.293,10.9809,56.144,3.71804
-2.24006,537.828,11.2372,57.8221,3.61356
-0.36197,530.953,11.9483,60.6186,3.85268
-0.70029,590.056,13.103,66.6442,3.80794
1.39565,548.135,13.2107,66.1618,4.09801
-1.40344,523.71,11.3115,57.8366,3.71734
-2.28297,507.265,10.5806,54.4609,3.60835
1.4935,579.111,14.0103,70.1164,4.11234
-1.70574,594.906,12.6964,65.0659,3.67935
0.157385,584.866,13.4322,67.885,3.92288
1.74004,504.356,12.3188,61.5409,4.14877
-0.985756,567.661,12.4647,63.5334,3.77078
-1.25528,519.712,11.2911,57.6679,3.73617
-4.16357,564.78,10.9251,57.0551,3.39021
-2.86935,518.905,10.5732,54.6673,3.53823
-2.28056,567.055,11.8288,60.8848,3.60864
-0.524305,595.795,13.3223,67.671,3.83112
-3.78318,506.159,9.94238,51.7694,3.43279
-4.80589,520.638,9.81301,51.5055,3.32001
-0.712036,571.782,12.6913,64.5561,3.8064
-0.32856,520.072,11.7189,59.4396,3.85714
1.33324,524.027,12.5991,63.1275,4.08891
0.309522,584.065,13.4938,68.1199,3.94379
-0.885122,504.316,11.1178,56.6254,3.78382
-0.950428,573.886,12.6189,64.3026,3.77535
0.485109,567.683,13.2056,66.5786,3.96814
-4.46528,548.69,10.4853,54.8875,3.35698
-3.16623,585.308,11.7854,61.074,3.50347
-1.87669,573.381,12.1543,62.3685,3.65812
-1.35492,580.605,12.5644,64.2196,3.72349
-4.54808,590.596,11.2484,58.9201,3.34793
1.78378,553.314,13.5375,67.6077,4.15529
-1.96342,573.19,12.1085,62.1744,3.64741
-0.727248,549.968,12.1998,62.0631,3.80441
-4.00796,598.674,11.6537,60.7861,3.40754
-2.17593,577.108,12.0887,62.1731,3.62137
-4.85628,569.142,10.7053,56.2112,3.31459
1.93312,572.868,14.0971,70.3261,4.17764
0.145989,590.822,13.5629,68.5515,3.92132
-4.88874,581.359,10.9207,57.3569,3.3111
1.77012,511.659,12.5117,62.4911,4.15325
-4.69261,502.734,9.51914,49.9186,3.33224
-4.96018,567.354,10.6268,55.8445,3.30345
-3.17296,500.573,10.0765,52.2209,3.50269
-2.78109,526.872,10.7735,55.6651,3.54866
1.09232,505.021,12.0291,60.3775,4.05406
-3.6427,564.082,11.1429,57.9575,3.4487
-3.18541,583.498,11.7399,60.8474,3.50124
-4.13269,597.728,11.5769,60.4443,3.39364
-2.51121,532.81,11.0128,56.7846,3.58082
-2.41104,560.658,11.6348,59.9456,3.59287
0.185828,545.047,12.5316,63.3203,3.92677
-2.15654,525.533,11.0169,56.6522,3.62373
1.53193,510.908,12.3787,61.9337,4.11799
-3.60011,548.264,10.849,56.4101,3.45355
0.548277,590.889,13.7794,69.4391,3.97695
-3.49339,506.696,10.0695,52.3139,3.46573
1.47976,513.119,12.4071,62.0995,4.11032
-3.79878,578.954,11.3652,59.1849,3.43102
-0.93751,598.615,13.1694,67.1011,3.77702
-0.388895,522.072,11.7361,59.5536,3.84909
1.29777,582.657,13.9895,70.1121,4.08375
1.95933,583.747,14.3793,71.7207,4.18159
1.4746,571.696,13.8208,69.1775,4.10957
-0.622404,527.653,11.7532,59.7442,3.81817
0.580031,504.518,11.7798,59.3486,3.98139
1.68375,581.054,14.1613,70.7741,4.14041
1.47056,587.54,14.2016,71.0856,4.10897
-3.90177,580.586,11.35,59.1535,3.41943
-2.4888,593.939,12.2873,63.3451,3.58351
-4.47103,552.521,10.5561,55.2604,3.35635
-2.53812,591.579,12.2144,62.9933,3.5776
-4.25676,526.772,10.1517,53.0543,3.3799
-2.91101,504.707,10.2668,53.1,3.53332
1.16009,565.15,13.4968,67.7109,4.06382
0.317078,587.159,13.5693,68.4972,3.94484
-2.48709,534.239,11.053,56.9811,3.58372
1.25366,516.596,12.3821,62.0764,4.07735
-1.30237,562.624,12.2006,62.3355,3.73017
0.268717,526.13,12.136,61.2836,3.93817
-1.49972,539.086,11.5993,59.3514,3.70518
-2.24894,568.913,11.8825,61.1465,3.61248
1.50978,521.738,12.6302,63.2023,4.11473
-4.20874,530.968,10.2524,53.5605,3.38521
1.00877,580.281,13.7769,69.1925,4.04207
-0.20179,557.283,12.6199,63.9498,3.87413
1.7282,579.149,14.1391,70.6408,4.14701
-0.281695,567.182,12.8039,64.9204,3.86341
1.02905,537.456,12.7702,64.1271,4.04498
-3.0079,519.686,10.5306,54.505,3.52195
-4.93328,505.368,9.47611,49.7871,3.30633
-4.52251,533.512,10.1717,53.2697,3.35072
-3.16047,547.856,11.0338,57.1767,3.50414
-0.799069,561.344,12.417,63.202,3.79502
0.695054,536.962,12.5937,63.3955,3.99754
-4.78881,599.316,11.3037,59.322,3.32184
0.293911,572.904,13.2279,66.7851,3.94164
-3.41739,502.134,10.0094,51.9709,3.47445
0.431392,503.694,11.6925,58.9735,3.96067
1.59694,502.497,12.2056,61.0387,4.12757
-4.38077,510.87,9.796,51.2452,3.36624
-0.875321,595.725,13.138,66.9099,3.78509
-4.1182,534.168,10.3519,54.0424,3.39525
0.143338,569.41,13.0701,66.0616,3.92095
1.40036,538.46,12.9799,65.0037,4.0987
-1.05694,549.93,12.0415,61.4091,3.76159
-3.63016,547.559,10.822,56.2826,3.45013
0.363016,521.706,12.0783,60.9502,3.95119
-0.423394,506.519,11.371,57.716,3.8445
-4.45026,543.429,10.3911,54.3878,3.35862
-1.67925,547.086,11.6881,59.8866,3.68266
-3.47262,560.605,11.1502,57.9188,3.46811
-3.47817,508.159,10.1048,52.4909,3.46747
-0.800885,539.595,11.9351,60.7497,3.79478
-3.58735,513.856,10.1734,52.8918,3.455
-4.28706,576.9,11.1041,58.0456,3.37655
-4.88548,573.143,10.7678,56.5524,3.31145
0.350566,508.166,11.7592,59.3449,3.94946
1.7167,594.109,14.4979,72.4394,4.1453
0.427315,515.646,11.9681,60.365,3.9601
0.324784,532.805,12.3169,62.1714,3.9459
1.86841,549.192,13.4807,67.2827,4.16794
-0.419039,518.116,11.6334,59.0457,3.84508
-0.556544,556.66,12.4315,63.1611,3.82686
-2.7855,599.629,12.259,63.3429,3.54814
-2.33908,577.924,12.0275,61.935,3.60156
-0.495031,512.227,11.4668,58.2335,3.83499
-4.56198,505.13,9.61523,50.3709,3.34642
0.689435,528.826,12.4001,62.4238,3.99675
-4.81228,527.432,9.93849,52.1667,3.31932
-1.81431,547.822,11.6413,59.7078,3.66584
-0.468775,567.499,12.7173,64.5712,3.83848
1.68017,520.798,12.691,63.4276,4.13988
-2.67401,551.591,11.3272,58.4784,3.56137
0.35593,536.972,12.4283,62.7196,3.95021
1.14193,513.935,12.265,61.5395,4.0612
-4.59345,506.364,9.62645,50.4421,3.343
-1.67402,567.572,12.1282,62.1395,3.68331
-1.45695,520.11,11.21,57.3407,3.71058
-3.60889,505.229,9.9939,51.9674,3.45255
-1.06527,532.673,11.6598,59.4662,3.76052
0.108035,519.632,11.911,60.2189,3.91613
-3.6325,551.629,10.9014,56.6967,3.44986
-1.46678,586.495,12.6359,64.6391,3.70934
0.558347,589.231,13.7461,69.2663,3.97836
-4.70271,584.632,11.0653,58.0315,3.33114
-3.68603,515.82,10.1718,52.9242,3.44378
-0.522116,544.152,12.1686,61.8096,3.83141
0.952549,574.038,13.5989,68.3267,4.03404
0.478237,532.663,12.3876,62.4578,3.96718
-4.51426,516.386,9.84848,51.5735,3.35162
-4.36438,585.87,11.2416,58.7998,3.36804
1.53739,560.724,13.5885,67.9841,4.11879
-2.6585,545.444,11.2079,57.8556,3.56322
-3.9818,561.704,10.9456,57.081,3.41046
-3.1769,598.856,12.053,62.4661,3.50223
0.329658,587.584,13.5858,68.5741,3.94657
-1.52213,580.751,12.4847,63.8927,3.70236
-1.10332,514.276,11.2402,57.3427,3.75562
-0.445834,523.043,11.7316,59.5563,3.84152
-4.38953,539.794,10.347,54.1311,3.36528
-2.40201,539.448,11.1987,57.6946,3.59396
-2.91902,502.529,10.2192,52.8572,3.53238
-1.92873,584.863,12.3721,63.5112,3.65169
-1.84951,576.449,12.2325,62.757,3.66148
-2.75846,547.542,11.2062,57.8912,3.55134
-0.644926,551.883,12.282,62.4429,3.81521
1.23253,533.163,12.7688,64.0246,4.07429
-3.4658,550.465,10.9515,56.8838,3.46889
0.326781,540.071,12.4859,63.0234,3.94618
-1.09151,521.25,11.398,58.1423,3.75714
-1.69502,514.179,10.9782,56.256,3.68069
-1.55794,545.11,11.7019,59.9028,3.69785
0.312128,525.248,12.1362,61.2651,3.94415
-4.30159,571.18,10.9875,57.4429,3.37495
-0.328262,508.449,11.4571,58.1117,3.85718
-0.18996,514.846,11.6643,59.1022,3.87573
-3.96166,596.209,11.6274,60.6271,3.41272
0.482921,521.423,12.1285,61.149,3.96783
-0.907588,523.633,11.5334,58.7522,3.7809
-2.92765,586.042,11.9134,61.624,3.53137
-1.09509,583.689,12.7615,65.0995,3.75668
0.973033,536.353,12.7163,63.8824,4.03696
-4.50481,551.008,10.5128,55.0484,3.35266
-0.573285,586.225,13.0831,66.4801,3.82465
-0.395705,504.653,11.3415,57.5542,3.84819
-3.10933,588.972,11.8862,61.5696,3.5101
1.87991,513.231,12.6036,62.8998,4.16966
-3.39387,520.038,10.376,53.8649,3.47715
-4.65243,586.139,11.1165,58.2767,3.33659
-0.70872,512.827,11.3842,57.906,3.80684
0.580407,570.268,13.3151,67.0839,3.98144
-3.24183,512.239,10.2829,53.319,3.4947
-0.159724,564.049,12.7942,64.8127,3.8798
0.562335,506.785,11.8245,59.5819,3.97892
-4.80838,560.309,10.5597,55.4255,3.31974
0.374711,546.196,12.6511,63.835,3.95281
1.1877,518.475,12.3954,62.1728,4.0678
-2.21276,547.577,11.4534,58.9218,3.61688
-0.839556,530.82,11.7231,59.6881,3.78974
1.12233,553.223,13.1926,66.2029,4.05837
0.488898,596.611,13.8806,69.9798,3.96867
0.0113583,597.266,13.6388,69.0036,3.90295
-3.25718,552.923,11.0928,57.5252,3.49292
-4.21633,595.657,11.4979,60.0711,3.38437
-0.35499,542.732,12.2168,61.9772,3.85361
-4.00237,560.871,10.9203,56.9582,3.40816
-4.35759,554.576,10.644,55.6713,3.36878
0.820549,517.053,12.1861,61.2876,4.01527
-1.45001,586.382,12.6418,64.6614,3.71145
0.00723274,542.622,12.389,62.6823,3.90239
1.72144,506.94,12.373,61.82,4.14601
-2.16195,582.096,12.2,62.7387,3.62307
-0.892029,590.373,13.0114,66.2734,3.78292
1.71433,522.038,12.738,63.647,4.14495
-2.31566,524.697,10.93,56.2733,3.60439
0.430154,576.993,13.3934,67.5529,3.96049
-3.94533,554.967,10.8302,56.4632,3.41455
-3.75003,520.008,10.228,53.2432,3.43653
-4.18182,503.803,9.73843,50.8649,3.38819
-2.74668,536.483,10.9851,56.7434,3.55274
-4.47416,566.807,10.8277,56.6834,3.356
-3.68116,531.788,10.4888,54.5712,3.44433
1.16615,563.056,13.4499,67.4728,4.06469
-0.692256,502.162,11.1547,56.7316,3.809
-1.87639,569.62,12.0747,61.9601,3.65815
1.09115,597.15,14.2228,71.3893,4.05389
-4.75669,583.186,11.0139,57.786,3.32531
-2.8603,585.464,11.9337,61.6974,3.5393
1.0336,599.052,14.2363,71.4867,4.04563
-4.91125,560.356,10.5166,55.244,3.30869
-3.86609,549.897,10.7655,56.0916,3.42344
-1.33664,595.167,12.8889,65.8688,3.72581
0.0872331,523.938,11.9999,60.6779,3.91329
-3.97106,533.672,10.4038,54.2512,3.41166
1.86724,593.501,14.5677,72.7085,4.16776
1.80606,597.472,14.6305,73.0544,4.15861
-4.87106,518.06,9.73864,51.1414,3.313
0.0119874,547.243,12.4968,63.2257,3.90304
-1.75221,591.425,12.5988,64.5888,3.67356
-0.193832,580.591,13.1519,66.6413,3.8752
0.342508,528.287,12.2209,61.6789,3.94835
-0.828181,585.705,12.941,65.8835,3.79123
-2.93168,510.136,10.3686,53.6354,3.53089
0.201258,516.711,11.8873,60.0578,3.92889
1.9699,513.015,12.6422,63.0514,4.18318
1.43709,559.121,13.4971,67.576,4.10407
-4.44598,586.247,11.2118,58.6813,3.35909
-2.81927,576.797,11.7763,60.8646,3.54414
-2.46194,533.535,11.0495,56.9522,3.58674
-2.02788,548.04,11.5476,59.3233,3.63948
-3.7258,551.641,10.8608,56.5265,3.43927
0.118142,520.701,11.9402,60.3622,3.91751
0.159767,539.908,12.4008,62.6715,3.9232
-2.97053,579.447,11.7591,60.8463,3.52633
-0.46649,589.277,13.2065,67.054,3.83878
-3.82075,534.072,10.4748,54.5577,3.42855
0.805889,534.184,12.5827,63.289,4.01319
-1.26682,519.379,11.2787,57.6097,3.7347
-1.21996,516.344,11.2336,57.3589,3.74068
1.16508,527.183,12.5925,63.1719,4.06454
-0.0010441,504.423,11.5131,58.2543,3.90127
1.49594,576.827,13.9564,69.8453,4.1127
-2.71552,514.463,10.5473,54.4692,3.55644
-4.28163,572.136,11.0148,57.5764,3.37715
-0.588058,586.711,13.0863,66.5039,3.8227
-1.04586,556.938,12.2003,62.2137,3.76302
-0.093405,547.739,12.4566,63.0715,3.88875
-0.983264,560.271,12.3036,62.7113,3.7711
0.0879026,508.38,11.6439,58.8774,3.91338
-1.05318,567.103,12.4194,63.3344,3.76208
-2.68086,556.996,11.4351,59.0383,3.56056
-0.421484,583.819,13.1073,66.5281,3.84476
-1.28831,543.609,11.7948,60.2558,3.73196
-4.33562,523.608,10.0586,52.6003,3.3712
-1.57724,590.749,12.672,64.878,3.69543
-1.17362,587.808,12.8118,65.3945,3.74661
-4.19413,551.497,10.655,55.6579,3.38682
-0.790547,577.601,12.7809,65.0499,3.79613
-3.64399,546.969,10.8043,56.1968,3.44855
-2.79112,581.636,11.8885,61.431,3.54747
1.45334,536.983,12.9709,64.9335,4.10645
-2.17661,541.821,11.3493,58.3704,3.62128
0.256514,580.923,13.3935,67.6397,3.93649
-1.61564,551.102,11.8036,60.4494,3.69062
-3.08387,539.967,10.9083,56.4931,3.51307
-4.22918,555.807,10.7231,56.0289,3.38294
-4.22967,566.085,10.9212,57.0641,3.38289
0.515856,522.628,12.1721,61.3542,3.97242
-1.46586,515.538,11.1075,56.8205,3.70945
0.507014,564.56,13.1442,66.2583,3.97119
-1.33511,517.759,11.2132,57.3047,3.72601
-0.2337,584.447,13.2185,66.9988,3.86985
0.101577,599.972,13.7491,69.5151,3.91524
-4.00192,553.365,10.7743,56.1968,3.40821
-2.74311,531.487,10.8843,56.2215,3.55316
1.62325,576.415,14.0153,70.0756,4.13145
0.707216,584.187,13.7078,68.9976,3.99925
-2.92744,565.198,11.4897,59.4327,3.53139
-2.82115,592.037,12.0866,62.469,3.54392
-4.29365,536.487,10.3235,53.9679,3.37583
1.53885,578.973,14.0316,70.1998,4.119
1.84223,533.798,13.0896,65.343,4.16402
-2.13065,585.713,12.2911,63.1922,3.62689
0.0355576,521.541,11.9209,60.3012,3.90624
-4.81932,586.158,11.0419,57.9618,3.31856
-1.0253,542.209,11.8873,60.6082,3.76567
0.74908,500.131,11.7546,59.1481,4.00516
-2.22863,508.54,10.6301,54.6934,3.61495
-1.80588,505.073,10.7364,55.0634,3.66689
-0.980567,503.666,11.0618,56.3803,3.77145
-0.474815,504.891,11.3116,57.4364,3.83767
-4.97164,559.647,10.4776,55.0653,3.30222
-2.39538,566.048,11.754,60.5525,3.59476
-1.12926,524.759,11.4576,58.4631,3.75229
-4.79243,549.109,10.3553,54.3459,3.32146
-0.482157,523.738,11.7305,59.5665,3.8367
-0.733444,538.32,11.9385,60.7367,3.8036
-4.40935,577.282,11.0567,57.853,3.3631
-4.04843,529.066,10.2819,53.6478,3.40302
-2.96469,571.664,11.6039,60.0403,3.52702
-2.24166,578.143,12.0788,62.1531,3.61337
-0.85081,510.056,11.2595,57.3326,3.78828
-1.85429,576.95,12.2408,62.8019,3.66089
-4.01474,511.925,9.96232,51.9667,3.40678
-2.96321,537.914,10.9195,56.4983,3.52719
1.40542,542.806,13.0872,65.5388,4.09944
-3.35709,599.003,11.9692,62.118,3.48138
1.57893,575.245,13.9629,69.8359,4.12491
-2.14114,558.464,11.7144,60.232,3.62561
-3.8414,504.45,9.88562,51.4972,3.42622
1.91755,520.513,12.801,63.8678,4.17531
-4.74498,580.119,10.9611,57.5041,3.32657
-0.534446,547.633,12.2405,62.1805,3.82978
-4.64904,569.373,10.8,56.616,3.33696
1.64035,500.201,12.1703,60.843,4.13398
-0.077487,581.499,13.2326,66.9927,3.8909
-0.797564,521.941,11.5461,58.7683,3.79522
-3.33431,535.075,10.7016,55.5295,3.48401
-3.85199,509.452,9.97939,51.9899,3.42503
-1.10236,593.013,12.9616,66.124,3.75575
-3.14913,508.62,10.2483,53.1014,3.50546
-1.16323,548.048,11.9501,60.9914,3.74794
-3.44508,503.439,10.0242,52.0591,3.47127
-4.58013,552.156,10.5027,55.0276,3.34444
-4.4728,590.904,11.2886,59.0958,3.35615
-3.9394,500.693,9.77336,50.9511,3.41521
-1.8348,526.033,11.1692,57.2954,3.6633
-2.45498,584.266,12.1035,62.3815,3.58758
-4.48611,565.861,10.8044,56.5668,3.3547
-3.33729,596.287,11.9244,61.876,3.48367
-3.05898,501.513,10.1416,52.5122,3.51597
-1.0844,511.322,11.184,57.0477,3.75806
-3.55902,500.108,9.91246,51.5241,3.45823
-0.302946,580.668,13.0974,66.4192,3.86057
1.62881,528.821,12.8609,64.3008,4.13228
-2.58105,574.516,11.8418,61.0917,3.57246
-0.711035,594.689,13.2003,67.1445,3.80653
-2.47195,590.645,12.2274,63.0281,3.58554
-4.55145,580.495,11.0545,57.906,3.34757
-3.66346,534.486,10.5495,54.8796,3.44634
-0.805233,536.796,11.8711,60.4262,3.79422
-3.18224,589.425,11.8607,61.4717,3.50161
-3.94213,523.878,10.2248,53.3057,3.4149
-1.25539,599.024,13.0141,66.4683,3.73616
-2.2347,509.824,10.6544,54.8208,3.61421
1.18074,562.513,13.4446,67.4388,4.0668
-4.68795,579.572,10.9761,57.557,3.33274
0.828214,570.041,13.439,67.5849,4.01635
-4.64848,569.001,10.7932,56.5801,3.33702
-0.710302,594.512,13.1967,67.1261,3.80663
1.62393,528.207,12.8435,64.2163,4.13155
-3.51756,506.723,10.0603,52.2758,3.46297
-2.27219,562.208,11.7316,60.3807,3.60966
-2.85115,569.312,11.6087,60.013,3.54038
-4.85177,515.549,9.69903,50.9256,3.31507
-0.928919,524.723,11.5477,58.8344,3.77813
0.0229526,519.618,11.8711,60.0549,3.90453
-4.01755,507.24,9.87002,51.4863,3.40646
-2.64152,509.344,10.4732,54.0561,3.56524
-2.43642,557.042,11.5481,59.5103,3.58981
-4.04623,525.107,10.2059,53.2502,3.40326
-1.32431,563.948,12.2187,62.4383,3.72738
0.222422,593.884,13.674,69.074,3.9318
-2.20942,563.197,11.7816,60.6092,3.61729
-1.78003,536.474,11.4156,58.5354,3.6701
-4.70527,520.725,9.85474,51.6837,3.33087
-0.933652,530.323,11.6688,59.4534,3.77752
-2.34342,522.254,10.867,55.9612,3.60103
-3.95783,554.717,10.8198,56.4148,3.41314
-0.230889,591.353,13.3762,67.7966,3.87022
-3.46542,512.959,10.2054,53.0086,3.46894
-1.81864,545.915,11.5988,59.4917,3.66531
-3.1299,511.79,10.3201,53.4655,3.5077
1.12336,525.779,12.5386,62.9208,4.05852
-4.73767,564.634,10.6717,55.9825,3.32736
0.35941,506.712,11.7296,59.1917,3.95069
-1.66822,551.19,11.7809,60.3572,3.68404
0.988034,571.592,13.5596,68.1118,4.03911
-1.69842,592.939,12.658,64.8659,3.68026
-1.04985,539.6,11.8186,60.2693,3.7625
-2.3424,523.262,10.8885,56.0711,3.60115
0.0400973,500.218,11.4355,57.8442,3.90686
-1.30666,533.135,11.5592,59.0602,3.72962
-3.29979,565.356,11.3229,58.7376,3.48799
-3.24318,564.689,11.3352,58.776,3.49454
-0.632225,561.186,12.4953,63.5212,3.81688
-3.18405,558.696,11.2415,58.2635,3.5014
-1.19038,517.09,11.263,57.4962,3.74446
-0.139427,570.086,12.9415,65.5487,3.88253
-2.39855,581.118,12.0654,62.1582,3.59437
-1.50172,513.72,11.0527,56.5551,3.70493
-2.92569,511.006,10.3888,53.7372,3.5316
0.22944,563.141,12.9697,65.5129,3.93276
-0.0831088,524.435,11.9315,60.4078,3.89014
-4.55252,570.072,10.8556,56.8643,3.34745
-0.735197,502.531,11.144,56.6956,3.80337
-4.50829,567.213,10.8205,56.6609,3.35228
-4.38314,587.446,11.2633,58.922,3.36598
-3.33104,572.536,11.4523,59.4234,3.48439
-4.03009,543.934,10.5787,55.1884,3.40506
0.658584,529.202,12.394,62.4073,3.99241
-1.90573,579.523,12.2703,62.9778,3.65453
1.40481,599.781,14.4605,72.4165,4.09935
-2.61281,550.84,11.3394,58.5141,3.56867
-2.62122,524.036,10.7841,55.6517,3.56766
-3.7318,514.898,10.135,52.7512,3.43859
-4.03572,565.594,10.9974,57.3756,3.40444
-4.52341,552.968,10.5423,55.2106,3.35062
0.901092,506.246,11.9689,60.1596,4.0267
-4.13762,550.461,10.6593,55.6556,3.39309
1.2133,565.996,13.5449,67.926,4.0715
0.432385,512.626,11.9003,60.0212,3.9608
1.66813,546.718,13.3164,66.5593,4.1381
-2.44813,557.802,11.5584,59.5691,3.5884
-2.28769,528.53,11.0221,56.7354,3.60778
0.055444,534.271,12.2214,61.8122,3.90895
1.83239,576.699,14.1362,70.5728,4.16255
-2.62587,505.705,10.4049,53.697,3.56711
-1.51612,569.869,12.2537,62.7075,3.70312
0.784172,508.037,11.9567,60.1498,4.01012
0.14462,563.649,12.9385,65.3958,3.92113
1.16829,553.308,13.2182,66.3092,4.065
-0.432107,530.627,11.9082,60.4463,3.84334
1.15904,574.315,13.7151,68.8066,4.06367
0.67825,563.553,13.2087,66.4996,3.99517
-3.7018,569.67,11.2266,58.4195,3.44199
-4.76985,559.005,10.5516,55.3662,3.32389
0.854095,580.573,13.7011,68.8899,4.02002
-3.67937,592.843,11.6938,60.8401,3.44454
0.113878,503.884,11.5527,58.4048,3.91692
-0.317278,522.264,11.7734,59.7115,3.85865
-3.48982,553.048,10.9923,57.1062,3.46614
-1.38553,506.557,10.9488,55.9744,3.71961
-2.78367,519.745,10.6266,54.9075,3.54835
-3.87547,555.805,10.8771,56.677,3.42239
-2.12854,540.394,11.341,58.3067,3.62715
-4.65537,515.752,9.78038,51.2736,3.33627
1.4622,529.393,12.7919,64.0336,4.10775
-0.591752,555.478,12.3879,62.9562,3.82221
-4.54631,507.054,9.65797,50.5886,3.34813
-4.41155,515.23,9.86733,51.6307,3.36286
1.05293,528.9,12.5786,63.1538,4.0484
-2.221,515.708,10.7832,55.4779,3.61588
0.289755,560.041,12.9288,65.277,3.94107
-4.10944,505.657,9.80284,51.1725,3.39622
-4.06802,599.24,11.6365,60.7248,3.40083
-2.68604,519.412,10.6613,55.0454,3.55994
1.86986,558.001,13.6977,68.365,4.16815
1.69948,573.512,13.986,69.8901,4.14275
0.0421301,574.561,13.1362,66.4454,3.90714
1.10544,510.825,12.1735,61.0967,4.05594
-4.35194,502.051,9.63813,50.408,3.36941
-0.821241,557.524,12.3217,62.7275,3.79213
-0.767673,583.278,12.9181,65.7373,3.79912
1.24104,535.964,12.8401,64.3782,4.07552
-4.75911,544.942,10.2906,53.9922,3.32505
-2.66079,502.864,10.332,53.3352,3.56295
-0.639545,516.739,11.5023,58.4766,3.81592
-1.52952,580.973,12.4859,63.902,3.70143
-3.97306,507.148,9.88594,51.5515,3.41144
-2.08156,560.361,11.7821,60.5524,3.6329
0.301651,521.776,12.051,60.8398,3.94271
1.4914,526.588,12.7386,63.753,4.11203
0.686417,553.482,12.9767,65.328,3.99632
0.630115,554.962,12.9829,65.3861,3.98841
-3.25407,505.144,10.1355,52.5596,3.49328
-2.22833,596.493,12.4688,64.1533,3.61499
-3.91474,533.745,10.4289,54.3581,3.41798
-0.897098,546.748,12.0475,61.3663,3.78226
-3.15936,509.489,10.2616,53.1745,3.50427
-4.95968,501.118,9.38635,49.3257,3.3035
-0.941384,530.36,11.666,59.4427,3.77652
0.119934,500.151,11.4698,57.9833,3.91775
-3.87392,596.507,11.6744,60.8306,3.42256
1.99525,541.657,13.3611,66.6244,4.187
1.95175,542.703,13.3644,66.6621,4.18044
-3.03596,556.017,11.2541,58.2626,3.51866
1.31389,522.194,12.5456,62.8684,4.08609
1.51141,554.544,13.4253,67.1798,4.11497
0.630019,577.832,13.5179,68.0805,3.9884
-0.779027,586.215,12.9774,66.0444,3.79764
-1.58262,585.629,12.5595,64.3046,3.69476
0.6177,536.286,12.5399,63.1609,3.98667
-4.82757,502.313,9.45929,49.6574,3.31767
-3.32931,511.103,10.2242,53.0503,3.48459
-0.513151,516.123,11.5458,58.6426,3.8326
-0.50472,583.383,13.0548,66.3025,3.83371
1.26815,585.296,14.0367,70.3639,4.07945
1.37071,599.266,14.429,72.2766,4.09437
-4.53135,524.476,9.99586,52.3524,3.34976
0.412199,571.705,13.2613,66.8956,3.958
-3.57163,555.046,10.9958,57.1607,3.45679
1.31325,553.82,13.3051,66.6746,4.086
0.170506,579.733,13.3211,67.3172,3.92467
-1.37056,504.684,10.9147,55.7942,3.72151
-3.83904,585.592,11.4768,59.7852,3.42649
-0.190391,596.816,13.5212,68.5111,3.87567
-1.21786,519.44,11.3019,57.7068,3.74095
-1.42928,554.955,11.9741,61.2366,3.71407
-2.33742,550.328,11.4539,58.9808,3.60176
-2.89857,561.719,11.4322,59.122,3.53479
-2.67571,554.768,11.3917,58.8119,3.56117
-4.77645,544.782,10.2803,53.9458,3.32318
1.14603,588.818,14.0543,70.5152,4.06179
0.578456,538.863,12.5809,63.3856,3.98117
-4.0206,538.784,10.4825,54.6828,3.40612
0.793533,511.747,12.0484,60.6069,4.01144
0.160913,503.663,11.5689,58.4663,3.92336
0.128083,537.315,12.326,62.3078,3.91887
1.73026,589.323,14.3887,71.8864,4.14732
0.302344,544.711,12.5811,63.5155,3.9428
-1.74386,555.464,11.8367,60.6778,3.6746
-4.46998,576.069,11.0065,57.6175,3.35646
0.677632,517.421,12.1271,61.0548,3.99509
1.98666,567.534,13.9947,69.7885,4.1857
-3.20866,586.706,11.7935,61.1359,3.49854
-3.41658,562.771,11.2184,58.2482,3.47454
-0.296459,528.812,11.9308,60.5002,3.86144
-2.24563,597.042,12.4717,64.1766,3.61288
-2.99042,540.82,10.9665,56.7536,3.524
-1.49268,508.491,10.9441,55.9956,3.70607
-4.20133,577.762,11.1592,58.2949,3.38603
-4.7805,525.446,9.91383,52.0243,3.32274
-1.73779,525.344,11.1975,57.3987,3.67536
-0.0425729,515.912,11.7562,59.5026,3.89563
-3.05624,560.88,11.3434,58.7336,3.51629
-2.96168,573.548,11.6435,60.244,3.52737
-1.94594,505.049,10.6764,54.8139,3.64956
-1.59219,518.242,11.1101,56.8877,3.69356
0.183381,558.032,12.829,64.8238,3.92644
-2.55693,516.441,10.655,54.9589,3.57534
-2.98542,599.991,12.1688,62.9732,3.52458
0.712649,540.377,12.6824,63.8341,4.00002
-3.37053,522.146,10.4279,54.1242,3.47984
-2.72787,519.592,10.6472,54.9902,3.55497
1.36611,565.619,13.6165,68.2087,4.0937
-3.38952,522.383,10.4247,54.1155,3.47765
-0.478946,505.412,11.3214,57.4881,3.83713
0.983732,500.326,11.867,59.6115,4.03849
-2.83343,545.875,11.1387,57.5754,3.54247
-3.69558,575.767,11.3496,59.0566,3.4427
0.508738,566.209,13.1835,66.4554,3.97143
-4.94304,548.034,10.2721,53.9731,3.30528
-2.0504,570.078,12.0012,61.6642,3.63672
-0.133133,560.912,12.7363,64.5068,3.88338
-1.93703,514.199,10.8737,55.8228,3.65066
-4.24812,555.062,10.7006,55.9192,3.38085
-0.795846,575.209,12.7253,64.7697,3.79544
-1.75491,598.655,12.7515,65.3727,3.67323
-1.93411,514.715,10.8859,55.8841,3.65102
-2.269,568.965,11.8741,61.1126,3.61005
-2.41504,586.106,12.1609,62.6585,3.59239
1.55254,590.246,14.3124,71.5976,4.12102
1.77143,518.973,12.6912,63.387,4.15345
-0.0803255,527.667,12.0063,60.7854,3.89052
-2.1919,566.484,11.8587,60.9973,3.61942
-2.44203,545.902,11.3146,58.3096,3.58914
-1.40941,558.356,12.057,61.651,3.71659
-2.99881,527.63,10.6954,55.3544,3.52301
-1.78447,557.571,11.8625,60.8287,3.66955
-3.56181,506.181,10.0317,52.1449,3.45791
-0.806747,579.947,12.8246,65.2804,3.79402
-1.48705,526.829,11.3413,58.0255,3.70678
-3.53682,556.69,11.0438,57.3948,3.46077
0.336764,588.77,13.617,68.728,3.94756
-3.22497,506.161,10.1678,52.715,3.49665
-4.56587,541.802,10.3117,54.0209,3.346
1.77433,559.26,13.678,68.3139,4.15388
-2.08717,572.27,12.0298,61.8282,3.63221
-3.69938,548.84,10.8172,56.2878,3.44227
-2.87538,554.147,11.2886,58.3687,3.53752
1.93681,534.752,13.161,65.6546,4.1782
0.285136,564.835,13.0371,65.8261,3.94043
-4.17018,596.057,11.5271,60.2018,3.38948
-0.69196,503.928,11.1941,56.9317,3.80903
-4.34137,593.921,11.4067,59.6526,3.37057
-3.22724,578.497,11.6198,60.2442,3.49639
1.81032,565.281,13.8445,69.1275,4.15925
-2.80068,541.104,11.0558,57.1326,3.54634
1.16203,582.46,13.9112,69.789,4.0641
-4.50985,574.279,10.9546,57.3638,3.3521
0.45443,537.772,12.4948,63.0094,3.96387
0.190724,513.625,11.8115,59.6792,3.92745
-2.91853,504.761,10.2648,53.0928,3.53244
1.14082,519.355,12.3938,62.1863,4.06104
-0.15236,534.856,12.1356,61.4726,3.88079
-2.77332,512.067,10.474,54.1145,3.54958
-2.60618,567.315,11.6817,60.2771,3.56946
-3.01518,513.52,10.4026,53.8456,3.5211
-3.69005,580.66,11.4486,59.5691,3.44332
-2.4273,560.141,11.6165,59.859,3.59091
-3.49311,572.132,11.3701,59.0704,3.46576
-4.90901,573.216,10.7589,56.516,3.30893
-0.214151,512.803,11.607,58.8225,3.87247
-3.88858,583.195,11.4071,59.4448,3.42091
-4.8103,588.631,11.0926,58.2235,3.31953
-0.519905,566.972,12.68,64.4063,3.8317
-2.91773,582.849,11.8532,61.308,3.53253
1.21276,529.86,12.6799,63.5883,4.07142
-3.94719,561.603,10.9589,57.135,3.41434
-4.80303,541.204,10.2018,53.545,3.32031
1.44368,551.179,13.3088,66.6299,4.10503
-1.63673,583.72,12.4917,63.9838,3.68797
-1.62674,561.099,12.0124,61.524,3.68923
0.164678,583.358,13.4014,67.7257,3.92387
1.69884,522.817,12.7494,63.7109,4.14265
-0.699476,525.478,11.6693,59.3521,3.80805
-2.79631,562.134,11.4875,59.3613,3.54686
-3.30238,578.618,11.5873,60.1104,3.4877
-4.04517,599.465,11.6516,60.7928,3.40338
-4.50712,575.84,10.9856,57.5249,3.3524
-4.5783,512.482,9.74873,51.0768,3.34464
-4.98537,516.114,9.65716,50.7591,3.30076
0.790917,575.576,13.5498,68.1607,4.01107
-3.15505,501.651,10.1054,52.3637,3.50477
-2.62965,546.395,11.2404,58.0105,3.56666
-4.75076,554.721,10.4788,54.9761,3.32595
1.42452,541.692,13.07,65.4436,4.10223
0.430342,532.435,12.3592,62.3365,3.96052
0.320696,596.098,13.7779,69.548,3.94534
-4.11322,560.459,10.8636,56.7114,3.3958
-1.10689,544.37,11.8963,60.6913,3.75517
-3.62918,513.056,10.1405,52.7379,3.45024
-1.35979,536.409,11.6058,59.3219,3.72287
-4.48466,525.252,10.0296,52.5097,3.35486
-0.193444,539.761,12.2271,61.9555,3.87526
-1.89585,561.539,11.8942,61.0429,3.65575
-4.48857,585.947,11.1868,58.57,3.35443
0.932601,583.918,13.8222,69.4588,4.03119
-3.76107,523.46,10.2914,53.5774,3.43528
1.64061,563.151,13.702,68.5005,4.13402
-3.10096,566.277,11.432,59.2131,3.51107
-3.90511,594.792,11.6262,60.5943,3.41906
-0.130561,593.766,13.4837,68.2906,3.88373
-1.73402,531.591,11.3324,58.0883,3.67583
-0.00642824,588.731,13.4346,67.9792,3.90053
-4.2038,561.685,10.8477,56.6682,3.38575
0.6797,500.111,11.7223,59.016,3.99538
0.398437,513.397,11.9024,60.0468,3.95609
-3.23096,514.599,10.3348,53.5835,3.49596
-4.49965,593.862,11.3328,59.3396,3.35322
-2.77368,521.414,10.665,55.1016,3.54954
-3.5699,568.803,11.2691,58.5807,3.45699
0.418578,576.424,13.3741,67.4614,3.95889
-1.54153,506.633,10.883,55.7037,3.69992
-0.488777,515.517,11.5434,58.6192,3.83582
-4.23631,545.208,10.5156,54.9476,3.38216
1.05988,599.726,14.2668,71.6265,4.0494
-1.02089,587.169,12.8752,65.643,3.76624
-4.26761,581.059,11.1929,58.5011,3.3787
-4.70234,511.368,9.6788,50.7598,3.33118
-1.22943,559.595,12.17,62.1447,3.73947
-1.37105,508.376,10.9944,56.2015,3.72145
-3.96509,584.307,11.3937,59.4101,3.41233
1.16425,547.326,13.0732,65.5839,4.06442
1.86352,522.806,12.8306,64.0403,4.1672
-0.986338,539.43,11.8445,60.3727,3.7707
-3.55003,560.547,11.1144,57.7676,3.45926
0.456932,533.266,12.3913,62.4863,3.96422
-1.51467,547.53,11.774,60.2521,3.7033
-4.72865,540.629,10.2217,53.6182,3.32834
-1.35362,518.886,11.2294,57.3954,3.72366
-4.05226,582.936,11.3271,59.1029,3.40259
-2.39021,574.667,11.9354,61.4847,3.59538
-2.05299,542.302,11.4153,58.6548,3.6364
-3.44026,577.37,11.4985,59.7135,3.47182
-4.32072,585.84,11.2609,58.8805,3.37284
1.54278,521.433,12.639,63.2311,4.11958
-4.58684,537.102,10.2135,53.5156,3.34371
1.35314,506.592,12.1893,61.0655,4.09181
1.30563,562.734,13.5152,67.7315,4.08489
-0.320731,591.45,13.3313,67.6142,3.85819
-1.52259,528.416,11.3595,58.1341,3.7023
-4.20306,597.478,11.5393,60.2808,3.38583
-0.796457,535.024,11.836,60.2436,3.79536
-0.817753,580.927,12.8407,65.3678,3.79258
-4.31616,557.421,10.7166,56.0326,3.37334
-1.55654,592.999,12.7307,65.1683,3.69803
-0.248382,560.053,12.6595,64.1724,3.86788
0.668689,576.289,13.5021,67.9818,3.99383
-4.63465,549.881,10.4363,54.7035,3.33852
-1.20239,517.299,11.2621,57.4973,3.74292
-0.943761,582.947,12.8216,65.3318,3.77621
-2.77552,588.096,12.028,62.1446,3.54932
-1.80682,547.687,11.6419,59.7075,3.66677
1.70293,593.772,14.482,72.3669,4.14326
0.183522,520.041,11.9556,60.4108,3.92646
1.93057,597.763,14.7082,73.3764,4.17726
1.52471,550.491,13.334,66.7167,4.11693
0.0798331,510.514,11.6891,59.1093,3.91228
-4.47653,570.251,10.8924,57.0234,3.35574
-4.66467,596.466,11.3067,59.2797,3.33526
-1.4763,506.191,10.9016,55.7716,3.70813
-0.383162,544.973,12.2536,62.1773,3.84986
-2.74403,585.517,11.9904,61.9351,3.55305
-1.4015,512.784,11.0763,56.6335,3.71759
-4.61017,583.056,11.0769,58.0502,3.34118
-4.25033,518.803,10.0007,52.2626,3.38061
-1.93582,501.343,10.6024,54.4293,3.65081
-2.5186,500.316,10.3382,53.3088,3.57994
0.92534,595.149,14.0841,70.7785,4.03016
-2.01934,565.555,11.9207,61.236,3.64053
-4.62997,548.434,10.4108,54.5679,3.33903
-0.0103713,530.345,12.1003,61.2298,3.9
0.0713052,544.462,12.4622,63.0229,3.91111
-1.3819,511.371,11.0544,56.5129,3.72007
0.434411,508.973,11.8165,59.5972,3.96109
-4.6951,507.306,9.60473,50.3685,3.33197
-3.84902,554.227,10.8578,56.5647,3.42536
1.28048,514.666,12.3487,61.8969,4.08124
-0.908461,575.021,12.6648,64.5162,3.78079
-3.54695,537.717,10.663,55.4204,3.45961
1.72298,561.254,13.6995,68.4469,4.14624
-2.62379,558.342,11.4889,59.2901,3.56736
0.88418,595.597,14.0721,70.7398,4.0243
1.60335,559.64,13.597,67.9936,4.12851
-4.85916,572.256,10.7626,56.5135,3.31428
-3.99148,583.625,11.3683,59.2899,3.40938
-1.53065,599.455,12.8825,65.9324,3.70129
1.83728,539.779,13.2337,66.0648,4.16328
0.462495,511.465,11.8873,59.9423,3.96499
-2.95358,574.843,11.6736,60.3958,3.52832
0.443284,592.35,13.7569,69.3797,3.96232
-0.367582,543.073,12.2184,61.9913,3.85193
-1.36387,549.792,11.8934,60.794,3.72236
-2.76643,526.835,10.779,55.6875,3.5504
-3.39997,560.206,11.1748,58.014,3.47645
-0.458697,546.255,12.2461,62.1739,3.83981
0.280996,566.156,13.0655,65.9714,3.93986
-0.851599,542.257,11.97,60.9507,3.78818
0.994494,515.039,12.2211,61.3853,4.04003
-4.34896,550.638,10.5721,55.2916,3.36973
-4.37791,597.768,11.4636,59.9676,3.36655
-0.470834,531.12,11.9011,60.4279,3.8382
-1.48392,514.988,11.0877,56.727,3.70717
0.422083,559.787,12.9899,65.5216,3.95937
0.647587,560.529,13.1221,66.0786,3.99086
-4.32597,540.168,10.3808,54.2809,3.37226
0.652764,532.109,12.4593,62.7386,3.99159
-1.92126,596.251,12.6168,64.7635,3.65261
-1.36549,500.004,10.8157,55.2857,3.72215
-4.48965,507.037,9.67981,50.6805,3.35431
-1.59787,519.419,11.1328,57.0066,3.69284
-0.178485,520.538,11.7986,59.7774,3.87727
-1.13853,541.632,11.8217,60.3249,3.7511
-2.58196,516.879,10.6535,54.9612,3.57235
-3.7124,581.239,11.4497,59.5854,3.44079
0.980296,545,12.9249,64.9272,4.038
-3.51409,544.444,10.8107,56.1735,3.46336
0.755207,512.6,12.0505,60.6345,4.00602
-0.946254,519.437,11.4236,58.2095,3.77589
0.210654,520.667,11.9827,60.5356,3.93018
1.57023,532.248,12.9149,64.5982,4.12363
1.91002,586.366,14.4164,71.931,4.17417
-1.3131,541.541,11.7385,59.979,3.72881
-3.67493,517.504,10.2096,53.1162,3.44504
-0.316224,518.172,11.6817,59.2456,3.85879
0.242103,560.446,12.9141,65.2256,3.9345
-3.20305,539.568,10.8484,56.2342,3.4992
-0.636199,508.828,11.3277,57.5875,3.81636
-3.06841,576.301,11.6496,60.3247,3.51487
-0.00949545,512.446,11.6924,59.1649,3.90012
-4.61362,552.144,10.4882,54.9664,3.3408
1.95904,564.852,13.9137,69.3986,4.18154
-2.17824,559.773,11.7245,60.3012,3.62109
1.60622,522.598,12.6984,63.499,4.12894
0.443078,518.522,12.0422,60.732,3.96229
-4.49483,574.709,10.9694,57.4349,3.35374
-4.073,571.147,11.0887,57.8686,3.40028
-1.94144,566.828,11.9845,61.5277,3.65012
-4.61521,521.043,9.89679,51.8675,3.34063
-1.26866,595.534,12.9315,66.0529,3.73446
0.191978,557.354,12.8177,64.7627,3.92762
1.18981,589.743,14.1004,70.7236,4.06811
1.20148,519.471,12.4259,62.3194,4.06979
-2.87598,516.274,10.5168,54.3784,3.53745
-4.07989,568.967,11.0433,57.6348,3.39951
-2.48821,517.726,10.7109,55.2179,3.58358
1.97219,551.253,13.5857,67.7557,4.18352
-1.20925,579.694,12.6171,64.4184,3.74205
1.36971,562.245,13.5371,67.8094,4.09422
-1.48387,574.775,12.375,63.3128,3.70718
-0.159333,579.095,13.1357,66.5424,3.87985
-1.93007,597.584,12.6405,64.8898,3.65152
-4.0188,575.535,11.1984,58.4162,3.40633
1.26092,555.979,13.3299,66.8242,4.0784
0.862921,574.583,13.5644,68.1981,4.02128
-4.6605,536.788,10.1772,53.3559,3.33571
-1.84048,594.303,12.6159,64.7195,3.6626
-1.13942,556.226,12.1398,61.9487,3.75099
0.33139,510.163,11.7965,59.542,3.94681
1.9497,585.778,14.424,71.9485,4.18014
-3.19406,527.423,10.608,54.9845,3.50024
-0.848257,592.789,13.0872,66.6376,3.78861
1.21242,586.989,14.0469,70.4436,4.07138
-3.91117,539.19,10.5368,54.919,3.41838
-0.270988,518.956,11.7202,59.4207,3.86485
-2.97377,590.573,11.9834,62.0081,3.52595
1.78272,513.965,12.5743,62.7977,4.15513
1.90804,551.121,13.5488,67.6032,4.17388
-0.947151,582.896,12.8187,65.319,3.77577
-3.17023,579.086,11.6582,60.417,3.50301
-2.74578,593.152,12.1459,62.7391,3.55284
-1.41911,575.297,12.418,63.5018,3.71536
1.49529,551.791,13.3503,66.8125,4.1126
-4.01718,548.412,10.6713,55.6661,3.40651
-0.878701,510.961,11.2671,57.3833,3.78465
-2.19715,512.373,10.7237,55.1615,3.61878
-4.84302,582.171,10.9563,57.5229,3.31601
0.255281,587.869,13.553,68.4458,3.93632
1.22259,591.923,14.1705,71.0585,4.07285
-3.50857,503.906,10.008,52.0003,3.464
-2.6503,552.669,11.3601,58.6375,3.56419
0.627544,579.976,13.5667,68.3277,3.98805
0.245328,514.174,11.8494,59.8466,3.93495
0.558944,516.156,12.0416,60.6771,3.97844
1.38068,513.109,12.3593,61.9048,4.09582
-3.68026,588.965,11.6169,60.4404,3.44444
-3.26975,514.238,10.3115,53.4787,3.49147
1.93485,552.628,13.5999,67.8452,4.1779
-4.97719,561.076,10.502,55.1959,3.30163
-4.2081,564.821,10.9063,56.9766,3.38528
1.36707,527.061,12.6887,63.5608,4.09384
-3.33891,589.383,11.7856,61.1564,3.48348
-3.30665,563.635,11.2853,58.5459,3.4872
-2.18976,504.257,10.5569,54.3006,3.61968
-0.146135,549.951,12.4811,63.2202,3.88163
-4.75474,558.058,10.5401,55.2996,3.32552
-1.62588,579.102,12.3982,63.4998,3.68933
-2.08096,563.943,11.8576,60.9407,3.63297
-4.82646,577.279,10.8715,57.0704,3.31779
-1.17795,508.665,11.0849,56.5819,3.74605
-1.87305,512.12,10.8573,55.7115,3.65857
1.11996,523.786,12.4895,62.6756,4.05803
-4.97599,503.866,9.43158,49.5698,3.30176
-2.73204,538.037,11.0233,56.9348,3.55447
-0.509354,570.366,12.7612,64.8135,3.8331
-2.03378,556.053,11.7137,60.1793,3.63876
-3.15923,531.095,10.6968,55.4297,3.50429
-2.6441,588.446,12.0985,62.4458,3.56493
0.370219,559.272,12.9517,65.3539,3.95218
-2.79915,549.611,11.2303,58.0336,3.54652
-1.19998,565.156,12.3052,62.8214,3.74323
-1.39076,562.304,12.1512,62.1241,3.71895
-1.7318,582.05,12.4092,63.6066,3.6761
-3.48084,518.579,10.3109,53.5626,3.46717
0.833624,542.967,12.8034,64.3859,4.01712
-2.69379,592.921,12.1663,62.82,3.55902
1.01053,561.488,13.3316,66.9553,4.04233
0.382293,579.941,13.4367,67.795,3.95386
-0.428711,542.707,12.1809,61.8291,3.8438
1.5553,549.402,13.3234,66.6489,4.12143
-4.4059,517.311,9.90946,51.8489,3.36348
-3.83437,504.94,9.89802,51.5589,3.42701
-1.07523,513.427,11.2341,57.2995,3.75924
-2.04226,577.721,12.1661,62.5073,3.63772
-4.02466,532.331,10.3553,54.0207,3.40567
1.10255,515.731,12.2891,61.6779,4.05553
-3.49191,505.342,10.0432,52.1767,3.4659
0.427688,560.332,13.0054,65.5971,3.96015
-1.44232,584.366,12.6022,64.455,3.71242
0.618699,582.635,13.6242,68.6218,3.98681
-0.843649,501.852,11.0815,56.4234,3.78921
-3.80364,594.124,11.6607,60.726,3.43048
-0.890871,545.168,12.0156,61.2011,3.78307
-0.58536,542.695,12.1059,61.52,3.82305
-0.0133497,548.287,12.5082,63.2953,3.89959
-0.540461,518.324,11.5826,58.8414,3.82898
-4.23716,583.031,11.2447,58.7579,3.38206
-3.91927,507.988,9.9238,51.7273,3.41747
-0.445097,524.43,11.7631,59.7157,3.84162
-3.87511,580.917,11.3687,59.2385,3.42243
0.204827,584.235,13.4426,67.9139,3.92938
-1.3563,566.623,12.2612,62.6703,3.72332
-4.36975,554.602,10.6393,55.652,3.36745
-2.0709,576.361,12.1236,62.3028,3.6342
-2.81582,587.337,11.9932,61.9838,3.54455
-4.74689,541.859,10.2374,53.7082,3.32637
-0.617361,524.223,11.6791,59.3654,3.81884
-1.39458,548.85,11.8586,60.6302,3.71846
-2.57408,523.172,10.7866,55.6446,3.57329
-4.0055,545.827,10.626,55.4248,3.40781
-1.88817,593.724,12.5798,64.5575,3.6567
-1.56816,587.343,12.6035,64.5227,3.69657
-4.0629,559.555,10.8681,56.7128,3.40141
-3.91082,546.808,10.6858,55.6955,3.41842
-0.173626,507.999,11.5166,58.3465,3.87792
-0.500383,525.315,11.7574,59.7113,3.83429
0.298541,559.3,12.9161,65.2089,3.94228
0.865638,573.095,13.5307,68.0273,4.02166
1.24161,522.424,12.516,62.7529,4.0756
-1.58666,548.086,11.7525,60.1744,3.69425
-1.75456,572.033,12.1846,62.4663,3.67327
-3.34962,597.554,11.9439,61.9827,3.48225
1.61426,585.129,14.2223,71.1148,4.13013
-1.68436,525.543,11.2255,57.519,3.68202
0.900822,585.499,13.8425,69.577,4.02667
-3.24377,575.222,11.5464,59.8711,3.49447
-2.53499,565.092,11.669,60.1789,3.57797
1.87421,533.922,13.1088,65.4239,4.1688
-4.71978,527.341,9.97408,52.3155,3.3293
-2.06457,567.846,11.9475,61.3948,3.63498
-0.827394,597.91,13.2111,67.2581,3.79133
-0.695547,565.319,12.556,63.86,3.80856
-3.61731,584.651,11.561,60.1203,3.45159
0.687223,594.517,13.9393,70.1732,3.99644
-1.25499,597.088,12.9723,66.2542,3.73621
-3.39701,581.856,11.608,60.2618,3.47679
-0.754577,587.674,13.0222,66.2604,3.80083
-0.842725,539.348,11.91,60.6409,3.78933
-0.777714,509.898,11.2885,57.4488,3.79781
-4.85811,547.671,10.3007,54.0874,3.31439
1.13622,584.38,13.9431,69.962,4.06038
-1.4808,531.457,11.4437,58.547,3.70757
0.666466,517.508,12.1239,61.0435,3.99352
-4.68207,523.436,9.91536,51.9921,3.33338
-4.28503,548.897,10.566,55.2317,3.37678
-0.165326,543.826,12.3328,62.4778,3.87904
-2.22461,515.221,10.7715,55.4191,3.61544
0.540937,588.904,13.7291,69.1896,3.97592
-4.85707,501.717,9.43677,49.5507,3.3145
-4.31515,576.573,11.0852,57.9596,3.37346
-3.0489,503.256,10.181,52.7119,3.51715
-3.83555,540.227,10.5892,55.16,3.42688
-4.65566,523.987,9.93641,52.0917,3.33624
-0.454438,536.337,12.0258,61.0534,3.84038
0.43356,531.683,12.3433,62.2548,3.96097
1.49659,501.571,12.1358,60.7342,4.11279
-4.1989,559.116,10.8002,56.418,3.3863
-3.54528,573.441,11.3722,59.1055,3.4598
-2.64459,543.877,11.1819,57.7153,3.56487
-4.03331,580.325,11.285,58.8745,3.40471
-1.05644,568.507,12.4485,63.4846,3.76166
0.398844,515.254,11.9457,60.2647,3.95615
-3.57431,515.301,10.2073,53.063,3.45649
-4.85233,560.64,10.5471,55.3787,3.31501
-0.0849122,583.24,13.2684,67.1775,3.8899
-2.38473,516.944,10.7389,55.3185,3.59604
1.08525,587.544,13.9909,70.2279,4.05304
-2.95346,540.294,10.9721,56.7662,3.52833
-4.83755,556.804,10.4812,55.0263,3.3166
0.824294,517.595,12.2007,61.3591,4.0158
1.52935,592.529,14.3548,71.8221,4.11761
-1.64217,566.929,12.1298,62.1325,3.68729
1.43044,516.715,12.4702,62.4377,4.1031
1.07793,500.389,11.9121,59.7965,4.05199
0.26429,588.925,13.5821,68.5883,3.93756
1.13432,584.629,13.948,69.9878,4.0601
1.14774,529.119,12.6303,63.3693,4.06204
-3.08071,535.576,10.821,56.0395,3.51343
-1.92422,539.832,11.4216,58.6297,3.65224
-4.66107,565.691,10.7249,56.2278,3.33565
-3.39846,526.601,10.505,54.5366,3.47662
0.260197,531.65,12.2592,61.9098,3.93699
1.21047,504.564,12.0735,60.5482,4.07109
-2.00013,565.821,11.9354,61.3027,3.64289
-4.24442,503.624,9.7104,50.7433,3.38126
1.85337,551.789,13.5366,67.569,4.16568
-3.27792,593.653,11.9,61.7212,3.49052
-1.3578,556.1,12.0328,61.5034,3.72313
-0.894404,591.772,13.041,66.4255,3.78261
-1.69597,520.754,11.1181,56.9736,3.68057
-2.47654,584.324,12.0943,62.3443,3.58499
-2.97563,565.835,11.4805,59.4071,3.52573
-4.36339,570.699,10.9509,57.2791,3.36815
0.469867,531.244,12.3506,62.2749,3.96602
-3.13388,506.167,10.2051,52.8713,3.50724
-2.86654,522.186,10.6412,55.0179,3.53856
-0.439373,584.534,13.1142,66.5717,3.84238
-1.17716,527.086,11.4867,58.6324,3.74615
-1.86623,527.726,11.1912,57.4218,3.65941
0.807054,543.297,12.798,64.371,4.01335
-0.833857,549.145,12.1305,61.7598,3.79049
-1.36296,588.9,12.7399,65.1203,3.72247
-0.0638538,508.062,11.5677,58.5576,3.89275
-0.318514,551.975,12.4426,63.1059,3.85849
1.74943,592.928,14.4874,72.3698,4.15017
0.0399036,564.054,12.8948,65.2257,3.90683
0.621498,540.844,12.6484,63.7053,3.9872
-2.62239,599.392,12.3342,63.652,3.56752
-1.9564,556.667,11.7627,60.3957,3.64827
-1.87003,524.41,11.1192,57.054,3.65894
-2.63842,518.439,10.6616,55.0268,3.56561
-4.92296,549.482,10.3076,54.1513,3.30743
-2.08387,543.775,11.4323,58.7558,3.63262
-4.41044,574.109,10.9954,57.533,3.36298
-1.68533,530.375,11.3283,58.046,3.6819
-0.873998,573.463,12.6477,64.4122,3.78526
0.0695886,521.109,11.9269,60.3164,3.91088
0.232443,563.402,12.9773,65.5496,3.93317
-3.97656,566.536,11.0421,57.5818,3.41105
-1.76743,578.433,12.3146,63.1391,3.67167
-2.2861,551.663,11.5052,59.2217,3.60797
0.166116,539.559,12.3959,62.6435,3.92407
-2.30564,500.303,10.4259,53.6743,3.6056
1.42052,508.521,12.2678,61.4283,4.10164
0.263411,592.781,13.6705,69.0354,3.93744
-4.93588,517.902,9.71011,51.0175,3.30605
-1.76575,511.639,10.8933,55.8511,3.67188
1.45999,501.535,12.1178,60.6598,4.10742
-0.57843,503.413,11.2327,57.0796,3.82397
-3.00106,572.253,11.599,60.0316,3.52275
1.43827,527.525,12.735,63.7596,4.10424
-2.76117,561.526,11.4912,59.3644,3.55102
1.95545,584.384,14.3929,71.7902,4.181
-0.779665,512.561,11.3466,57.7451,3.79755
-3.95984,536.677,10.4671,54.5766,3.41292
-0.122478,517.649,11.7589,59.5516,3.88482
1.86083,589.774,14.4726,72.2374,4.1668
-4.28966,517.149,9.95297,52.0293,3.37626
0.745301,500.477,11.761,59.1819,4.00462
-4.76663,504.335,9.52087,49.9567,3.32424
-1.06314,513.599,11.2432,57.3407,3.76079
-3.81524,514.144,10.0862,52.5314,3.42917
-4.0971,593.968,11.5206,60.1337,3.3976
-0.559258,552.107,12.3284,62.639,3.8265
-1.979,529.311,11.1746,57.386,3.64549
-3.28193,511.389,10.2494,53.1615,3.49006
-2.03458,565.759,11.9178,61.2282,3.63866
0.550319,529.471,12.3481,62.2255,3.97724
-4.82073,575.921,10.8485,56.9469,3.31841
1.52427,556.619,13.4822,67.4585,4.11686
-3.0881,549.736,11.1038,57.5074,3.51257
-2.99742,523.32,10.6087,54.9048,3.52318
1.73832,584.594,14.2777,71.3277,4.14852
1.26271,522.99,12.5398,62.8627,4.07866
-1.56073,571.823,12.274,62.8327,3.6975
-0.185358,543.291,12.311,62.3767,3.87634
-4.95171,565.531,10.5963,55.6805,3.30435
-3.81238,523.732,10.2755,53.516,3.42949
-2.74283,532.881,10.913,56.3695,3.55319
-3.60743,529.603,10.4767,54.4772,3.45271
-1.82912,513.227,10.8997,55.9108,3.66401
-3.93493,505.457,9.86812,51.4434,3.41571
-3.35441,589.24,11.7754,61.1109,3.48169
-2.7823,598.389,12.2352,63.2185,3.54852
-3.93142,573.303,11.1943,58.3552,3.4161
-4.82973,575.163,10.8302,56.8551,3.31744
0.308127,590.334,13.6379,68.848,3.9436
-2.94702,583.232,11.8471,61.2902,3.52909
-2.84606,565.514,11.5336,59.6225,3.54098
1.98208,511.455,12.6097,62.8836,4.18501
1.50273,594.093,14.3779,71.9513,4.11369
0.358375,596.053,13.7971,69.6257,3.95054
-2.12919,590.737,12.3973,63.7372,3.62707
1.53458,543.145,13.1611,65.8469,4.11838
-1.29449,557.435,12.0919,61.7761,3.73117
-0.475158,503.4,11.278,57.2662,3.83763
-4.88594,598.814,11.2499,59.0844,3.3114
-1.41398,582.283,12.5714,64.2835,3.71601
-1.68118,573.311,12.2474,62.7533,3.68242
-2.96283,513.632,10.4267,53.9486,3.52723
-1.96806,579.306,12.2354,62.8284,3.64684
-2.66974,540.188,11.095,57.2774,3.56188
-3.06873,506.984,10.2482,53.0683,3.51483
1.72469,567.319,13.8485,69.1903,4.14649
-3.13034,509.436,10.2724,53.2189,3.50765
-4.41274,540.657,10.3538,54.1766,3.36273
-3.54132,537.751,10.6661,55.434,3.46025
1.1426,535.955,12.7909,64.1775,4.06129
-4.99296,522.413,9.77202,51.3659,3.29994
0.589746,598.202,13.9725,70.3907,3.98275
-4.1641,570.713,11.0397,57.6535,3.39015
1.53788,583.064,14.1302,70.6938,4.11886
1.35999,581.38,13.9926,70.0958,4.09281
-3.44195,546.6,10.885,56.528,3.47163
-0.683862,516.201,11.4703,58.3332,3.8101
-2.61997,533.912,10.9878,56.7028,3.56781
-3.73829,512.508,10.0853,52.4953,3.43786
-4.34063,580.907,11.1571,58.3469,3.37065
1.72525,550.303,13.4334,67.1162,4.14657
-1.39751,571.734,12.3516,63.1522,3.71809
-1.82535,555.607,11.8016,60.5349,3.66447
-2.56968,579.221,11.9442,61.6146,3.57382
0.392769,501.392,11.6215,58.6322,3.95531
-0.483049,581.884,13.0324,66.1779,3.83658
-1.52822,583.227,12.5349,64.1525,3.70159
-4.6036,552.906,10.5069,55.0602,3.34189
-0.867378,513.954,11.3382,57.7402,3.78612
0.986416,570.335,13.529,67.9585,4.03888
-1.06778,590.935,12.9338,65.9652,3.7602
-1.54472,523.479,11.2435,57.5501,3.69952
-3.12418,520.42,10.4965,54.3771,3.50837
-2.76056,530.185,10.8501,56.0522,3.55109
-4.39883,596.722,11.4339,59.8218,3.36426
-0.75528,576.327,12.7704,64.9796,3.80074
-4.42033,539.574,10.3299,54.0547,3.3619
1.30086,562.288,13.502,67.6677,4.0842
-3.47251,579.626,11.5285,59.8842,3.46812
-2.52049,578.098,11.9445,61.5927,3.57971
-2.10431,552.452,11.6053,59.6541,3.63011
-0.336838,571.192,12.8666,65.2649,3.85604
-1.2973,553.169,11.998,61.2978,3.73082
-1.93262,507.86,10.7415,55.1425,3.65121
1.12288,564.495,13.4617,67.5531,4.05845
-4.22811,581.785,11.2248,58.6497,3.38306
1.29805,572.626,13.7488,68.9057,4.08379
-1.67595,503.972,10.7684,55.173,3.68307
-2.78953,551.4,11.2712,58.2406,3.54766
-0.794838,528.815,11.6994,59.5475,3.79557
-2.7468,514.021,10.5251,54.3675,3.55272
-2.33038,520.353,10.8331,55.781,3.60261
1.1992,515.61,12.3324,61.8517,4.06946
-1.56425,563.978,12.1039,61.9636,3.69706
1.74867,515.434,12.5936,62.9098,4.15006
0.254657,589.109,13.5812,68.5888,3.93623
1.03687,571.472,13.5826,68.2025,4.0461
0.207265,587.549,13.5202,68.3043,3.92972
-2.54725,514.326,10.6155,54.751,3.5765
0.566913,576.15,13.4454,67.7469,3.97956
0.08041,519.763,11.9011,60.1813,3.91235
-3.30133,535.87,10.7317,55.6714,3.48782
-1.14616,551.818,12.0404,61.4445,3.75012
0.811859,500.652,11.7956,59.3273,4.01403
-3.12585,561.764,11.3296,58.6939,3.50817
-2.24924,543.955,11.3611,58.4635,3.61245
-4.52034,573.418,10.9335,57.2582,3.35096
-3.43278,575.812,11.4709,59.5668,3.47268
-0.955476,589.482,12.9593,66.0395,3.77469
1.71365,516.983,12.6143,63.0294,4.14485
-3.59913,542.035,10.7262,55.771,3.45366
-4.28901,505.376,9.72665,50.8459,3.37634
1.59297,597.054,14.5002,72.5156,4.12698
-2.71982,504.288,10.3369,53.3845,3.55592
-0.126212,583.218,13.2464,67.0868,3.88432
-2.39121,550.056,11.4238,58.8497,3.59526
-4.14496,504.772,9.77168,51.0239,3.39228
-1.31816,556.157,12.0529,61.5878,3.72816
-4.44271,506.153,9.6813,50.6697,3.35945
0.336927,533.092,12.3294,62.229,3.94758
-1.49655,567.366,12.2093,62.4712,3.70558
-1.16111,503.355,10.9765,56.0214,3.74821
-0.486652,539.484,12.081,61.3486,3.83611
-1.79275,587.818,12.5019,64.1114,3.66852
0.990587,521.338,12.3687,62.1284,4.03947
-2.24527,520.905,10.8814,55.9933,3.61293
-0.175896,515.459,11.6847,59.1991,3.87762
-2.20438,507.451,10.6176,54.6189,3.6179
0.252238,589.929,13.5988,68.679,3.9359
-1.09912,525.441,11.4861,58.5955,3.75616
-2.61085,538.218,11.0805,57.177,3.5689
-2.79991,548.637,11.2101,57.9293,3.54643
-2.05693,585.581,12.3244,63.3279,3.63592
0.549362,552.126,12.876,64.886,3.9771
-0.430739,560.337,12.5756,63.8335,3.84353
1.08793,551.902,13.1435,65.9732,4.05343
-3.82616,595.696,11.6809,60.8422,3.42794
-2.32799,589.725,12.2785,63.2223,3.6029
-3.31764,581.628,11.6405,60.3933,3.48593
-2.04349,506.085,10.657,54.7543,3.63757
0.811178,548.867,12.9312,65.0394,4.01394
-4.24091,552.064,10.6459,55.6303,3.38165
-2.70358,541.295,11.1027,57.3321,3.55785
0.858039,521.406,12.3067,61.8769,4.02058
-4.00728,563.658,10.9724,57.2321,3.40761
1.67204,558.536,13.6063,68.0064,4.13868
1.25026,593.259,14.2178,71.281,4.07685
-4.74553,556.303,10.5109,55.1424,3.32651
-4.43729,540.435,10.3393,54.1111,3.36004
0.55727,553.974,12.923,65.1194,3.97821
1.1399,572.996,13.6734,68.6072,4.0609
-0.88011,590.076,13.011,66.2653,3.78447
-1.98159,544.52,11.4945,59.03,3.64517
-2.71612,596.924,12.2376,63.1986,3.55636
-3.09142,558.305,11.2754,58.3975,3.51218
-1.30691,560.791,12.1587,62.1234,3.72959
1.48528,586.089,14.1746,70.943,4.11113
0.848289,524.385,12.3723,62.2113,4.0192
-0.0308078,559.515,12.7557,64.5557,3.89723
-2.01449,557.638,11.7561,60.3882,3.64113
-1.34895,503.746,10.9038,55.7291,3.72425
-3.07276,596.738,12.0606,62.4552,3.51436
-3.25458,538.366,10.8019,56.0154,3.49322
-2.95827,512.407,10.4037,53.8278,3.52777
0.691399,521.31,12.2248,61.5404,3.99702
0.0659492,547.211,12.5225,63.3304,3.91038
-2.48173,551.189,11.4061,58.7991,3.58436
-3.12936,500.862,10.0999,52.3248,3.50776
-0.307524,553.49,12.4822,63.3012,3.85995
-0.920196,531.937,11.7105,59.6599,3.77927
1.60199,524.147,12.734,63.6787,4.12831
-2.54714,530.156,10.9423,56.4363,3.57652
-1.14872,507.24,11.0666,56.4762,3.7498
-2.54619,597.208,12.3267,63.576,3.57663
-3.17004,560.372,11.2816,58.4649,3.50303
-0.276315,597.842,13.4989,68.4416,3.86413
1.04517,531.974,12.6479,63.5053,4.04729
-2.58414,562.437,11.5914,59.8013,3.57209
0.82557,534.418,12.5979,63.3561,4.01598
-3.11702,570.321,11.5063,59.605,3.5092
-2.86622,555.322,11.3166,58.5098,3.5386
-4.14301,554.154,10.7285,56.0191,3.39249
-1.22325,531.345,11.5584,59.0191,3.74026
1.26685,510.599,12.2447,61.3813,4.07926
-3.388,599.47,11.9637,62.1042,3.47783
1.75171,584.062,14.2721,71.2928,4.15051
-3.61169,579.839,11.4685,59.6364,3.45223
1.75325,555.026,13.5633,67.7518,4.15074
-0.367916,513.666,11.5566,58.6339,3.85189
-2.87339,519.18,10.5771,54.6891,3.53775
-0.929386,503.584,11.0823,56.4634,3.77807
-4.90251,575.426,10.8032,56.746,3.30962
1.63667,526.465,12.8075,64.0302,4.13344
-3.52495,544.268,10.8025,56.1356,3.46212
0.327343,574.222,13.2757,67.0097,3.94625
0.895927,544.414,12.8687,64.6847,4.02597
-2.71257,544.4,11.1624,57.6442,3.55679
-0.10875,549.363,12.486,63.2276,3.88667
1.60783,521.171,12.6645,63.3288,4.12918
0.137051,566.686,13.0043,65.7324,3.92009
-3.03893,564.264,11.4197,59.1211,3.51832
0.475613,596.092,13.8613,69.8894,3.96682
0.122934,548.601,12.5824,63.6062,3.91816
-0.958902,533.96,11.7371,59.8129,3.77425
-1.47015,591.967,12.7521,65.2352,3.70891
1.0769,537.96,12.806,64.2842,4.05184
-2.89046,544.196,11.0792,57.2927,3.53574
-3.59084,568.42,11.252,58.5015,3.4546
-3.09252,505.384,10.2062,52.8602,3.51206
-1.38473,539.962,11.6711,59.6672,3.71971
-2.87736,540.065,11.0008,56.8818,3.53729
-2.81778,525.171,10.7229,55.4196,3.54432
-3.25962,565.633,11.3467,58.8429,3.49264
-2.48596,596.891,12.3498,63.6659,3.58385
-3.24957,590.153,11.8433,61.4137,3.4938
0.163719,588.307,13.5146,68.2981,3.92374
1.93792,559.537,13.7716,68.7,4.17837
1.7629,539.361,13.1855,65.8595,4.15218
1.6165,595.994,14.4876,72.4405,4.13046
-1.34873,517.268,11.1966,57.2254,3.72428
1.84637,550.192,13.4937,67.3586,4.16464
-4.85266,505.986,9.51878,49.9795,3.31497
-1.1938,500.196,10.8935,55.6116,3.74402
-0.319782,586.512,13.2205,67.0517,3.85832
0.442663,530.617,12.3229,62.1479,3.96223
0.7927,522.87,12.3099,61.9226,4.01132
-2.98853,576.778,11.6965,60.5308,3.52422
-4.91681,593.304,11.1324,58.4817,3.30809
-3.17825,597.465,12.0244,62.3183,3.50208
0.156078,531.149,12.1979,61.6475,3.9227
-1.70818,573.083,12.2294,62.6741,3.67905
-2.40894,586.555,12.1732,62.7188,3.59312
-4.15292,590.41,11.4258,59.665,3.39139
-2.85825,564.135,11.4999,59.4537,3.53954
1.54452,564.911,13.6938,68.5071,4.11984
-4.27914,539.025,10.3784,54.2488,3.37743
-0.670379,530.625,11.7971,59.9889,3.81187
-3.62537,596.2,11.7856,61.2919,3.45067
-2.04089,577.74,12.1671,62.5121,3.63788
-0.201931,542.85,12.293,62.2932,3.87412
0.513165,589.092,13.7186,69.1509,3.97205
0.809662,571.477,13.4631,67.7153,4.01372
1.62799,539.465,13.1193,65.5933,4.13215
-0.610175,538.531,12.0013,60.9997,3.81978
-2.32951,515.473,10.7319,55.2593,3.60271
-4.4569,582.241,11.1303,58.2596,3.35789
-2.72559,565.212,11.5831,59.8228,3.55524
0.894374,541.56,12.8005,64.3424,4.02575
0.969616,580.289,13.7561,69.108,4.03647
1.64113,506.137,12.3151,61.5664,4.1341
-1.13332,579.967,12.661,64.6053,3.75177
-3.98702,500.356,9.74806,50.838,3.40988
1.52009,589.039,14.2652,71.3782,4.11625
1.07423,541.598,12.8912,64.7134,4.05146
1.161,503.788,12.0318,60.3608,4.06395
-1.19299,538.165,11.7208,59.8346,3.74413
-1.18459,555.11,12.0938,61.7351,3.7452
-4.8882,527.744,9.9138,52.0682,3.31116
-2.83433,552.123,11.2658,58.2327,3.54236
-2.31198,579.277,12.0687,62.1342,3.60484
-4.67074,558.922,10.5924,55.5374,3.3346
-0.371233,538.725,12.1188,61.4878,3.85145
-3.11379,594.344,11.9925,62.1221,3.50958
-3.80655,584.106,11.4627,59.6964,3.43015
1.433,500.516,12.0805,60.4852,4.10347
-4.10998,519.677,10.0744,52.5904,3.39616
-1.06412,554.221,12.132,61.8741,3.76067
0.344912,516.247,11.9435,60.2778,3.94868
-1.37413,505.699,10.9351,55.9,3.72106
-0.0967225,517.358,11.7642,59.5668,3.8883
-2.41528,590.89,12.2601,63.1694,3.59236
-2.54906,558.715,11.5308,59.4728,3.57629
-4.70947,502.972,9.51715,49.9148,3.33041
1.67109,548.864,13.3702,66.8267,4.13854
-3.80909,520.907,10.2214,53.233,3.42986
-0.161688,500.041,11.3415,57.4543,3.87953
-0.825632,566.684,12.522,63.7491,3.79156
1.08965,506.029,12.0518,60.4929,4.05367
-2.04854,537.686,11.3201,58.1639,3.63695
-2.693,558.039,11.451,59.1257,3.55911
1.6701,510.434,12.4336,62.1457,4.13839
-3.22075,546.656,10.9831,56.9402,3.49714
-2.8397,556.722,11.3572,58.7075,3.54173
-1.9488,581.209,12.285,63.0738,3.64921
-4.04721,533.907,10.3765,54.1409,3.40315
-2.34302,582.915,12.1295,62.462,3.60108
1.90048,582.316,14.3115,71.4127,4.17274
-0.777096,558.739,12.3701,62.9527,3.79789
0.743831,532.327,12.5087,62.9453,4.00442
-3.6456,544.062,10.7462,55.8951,3.44837
-3.7749,501.383,9.85185,51.2947,3.43372
-1.35739,508.952,11.0128,56.2897,3.72318
1.58789,579.901,14.0808,70.421,4.12623
-0.257877,578.04,13.0612,66.2135,3.8666
0.906588,551.784,13.0483,65.5825,4.02749
1.46355,513.96,12.4197,62.1695,4.10795
-2.64844,574.704,11.8139,60.9791,3.56442
-3.59535,567.712,11.236,58.4201,3.45409
-3.76662,507.958,9.98436,51.9814,3.43466
-2.90987,520.62,10.591,54.7762,3.53346
-2.19059,512.177,10.7224,55.152,3.61958
-1.85157,556.872,11.8161,60.6217,3.66122
-1.05758,545.228,11.9382,60.8828,3.76151
0.965838,507.543,12.0298,60.4372,4.03594
1.91682,502.923,12.3681,61.708,4.17519
-1.92778,587.46,12.4275,63.7952,3.6518
-3.36904,567.515,11.3346,58.8299,3.48001
-2.29163,554.429,11.5603,59.508,3.6073
1.41986,529.901,12.7832,64.0097,4.10155
0.341927,586.833,13.575,68.513,3.94827
0.959199,588.749,13.951,70.0923,4.03499
1.55777,557.594,13.5234,67.648,4.12179
0.0851489,523.062,11.9789,60.5724,3.913
-0.229398,523.1,11.833,59.9745,3.87042
1.42664,587.486,14.1761,70.9809,4.10254
0.972418,584.317,13.8531,69.5937,4.03688
-2.42819,515.9,10.6986,55.1296,3.5908
-2.59263,589.615,12.1474,62.6739,3.57108
1.19373,580.828,13.8893,69.663,4.06867
-4.17747,543.261,10.503,54.8564,3.38867
0.395211,523.308,12.1307,61.1998,3.95565
-2.03034,515.561,10.8622,55.8031,3.63918
-1.37548,562.278,12.158,62.1516,3.72088
-0.273082,528.99,11.9458,60.5655,3.86457
-0.0880864,528.508,12.0218,60.8672,3.88947
-0.977867,599.899,13.1767,67.1584,3.7718
-1.57938,581.227,12.4667,63.8278,3.69516
-3.13116,563.288,11.358,58.8431,3.50755
1.76693,533.646,13.0478,65.17,4.15278
-4.3097,503.918,9.69048,50.665,3.37406
-4.01369,538.921,10.4881,54.709,3.4069
0.847652,572.475,13.5066,67.9152,4.01911
-0.198314,562.551,12.741,64.5614,3.8746
-1.10092,564.128,12.331,62.9061,3.75593
-2.93938,512.144,10.4063,53.8331,3.52999
-1.55131,531.258,11.4076,58.393,3.69869
1.38248,525.69,12.6633,63.4263,4.09609
-3.87866,594.556,11.634,60.6223,3.42203
-1.4602,543.12,11.7044,59.8713,3.71017
1.32624,579.153,13.9207,69.753,4.08789
-4.49546,599.443,11.4412,59.9055,3.35368
0.379966,583.138,13.5095,68.1637,3.95353
-0.272226,568.288,12.8336,65.0667,3.86468
-3.06419,571.19,11.5482,59.7979,3.51536
-2.02507,506.101,10.6651,54.7886,3.63983
0.770906,500.346,11.7696,59.2143,4.00824
0.339685,562.832,13.0186,65.7063,3.94796
-2.13886,568.61,11.9283,61.3307,3.62589
1.22382,520.709,12.4663,62.5118,4.07303
-0.210688,597.785,13.5324,68.578,3.87294
1.36084,589.16,14.1803,71.0357,4.09293
0.0389677,541.288,12.3739,62.5913,3.90671
-0.0822877,536.075,12.1967,61.7501,3.89025
0.735659,512.915,12.0487,60.6342,4.00326
-3.92399,528.013,10.313,53.7581,3.41694
-0.646108,524.073,11.6626,59.2941,3.81506
0.425836,506.059,11.7449,59.2399,3.95989
-2.7884,570.757,11.6674,60.2873,3.54779
-4.4613,557.555,10.6565,55.7816,3.35741
-4.60899,509.482,9.67964,50.727,3.34131
-1.58953,563.755,12.0871,61.8891,3.69389
-1.30401,591.068,12.8166,65.4835,3.72996
-1.82102,534.34,11.3518,58.2259,3.66501
-2.40438,587.651,12.1982,62.8452,3.59367
-4.3155,506.66,9.74094,50.9311,3.37342
-2.75056,549.524,11.2503,58.1155,3.55228
-0.0946159,591.371,13.4483,68.093,3.88858
-3.48901,577.898,11.4866,59.6738,3.46623
-4.44854,556.253,10.6371,55.6744,3.35881
1.36684,556.206,13.3902,67.075,4.09381
-0.285268,576.039,13.002,65.9268,3.86293
-2.60474,594.806,12.2485,63.201,3.56963
-0.604305,567.924,12.6592,64.3411,3.82056
-4.05821,554.31,10.7683,56.1898,3.40193
-1.71404,523.413,11.1669,57.2313,3.67832
-0.66357,565.935,12.5855,63.9948,3.81276
0.187798,536.009,12.3248,62.2742,3.92704
-0.214832,570.204,12.9059,65.4053,3.87238
-0.584137,534.384,11.921,60.5803,3.82322
-0.11583,557.494,12.6673,64.149,3.88572
-1.20088,597.518,13.0094,66.4168,3.74312
-3.74891,505.396,9.94109,51.7489,3.43666
0.499111,558.231,12.9928,65.4991,3.97009
0.595832,502.87,11.7485,59.1844,3.9836
-2.54026,528.984,10.9211,56.324,3.57734
-1.89397,548.504,11.619,59.6295,3.65598
-2.07998,526.465,11.0701,56.8925,3.63309
-2.93066,559.366,11.3697,58.8133,3.53101
-3.31939,588.29,11.773,61.0816,3.48573
-1.70643,531.465,11.3421,58.1259,3.67927
1.26976,539.61,12.9418,64.8748,4.07968
0.30463,562.996,13.0046,65.6524,3.94312
0.31941,543.837,12.5693,63.4479,3.94516
-1.72725,566.53,12.0805,61.9196,3.67667
1.58353,549.486,13.34,66.7184,4.12559
-4.81081,590,11.1181,58.3579,3.31947
-1.26096,541.249,11.7563,60.0468,3.73545
-1.09316,577.591,12.6291,64.4233,3.75693
1.94087,515.499,12.6891,63.2989,4.17881
-0.526396,556.195,12.4358,63.1689,3.83084
0.188754,561.411,12.9094,65.2275,3.92717
-1.16242,525.872,11.4669,58.525,3.74804
0.120303,592.274,13.5826,68.6639,3.9178
-0.192115,574.099,13.0057,65.8996,3.87544
1.41576,544.112,13.124,65.7178,4.10095
1.80494,515.291,12.6176,63.0037,4.15844
-3.3748,593.947,11.8598,61.5584,3.47935
-0.529433,564.063,12.6102,64.0564,3.83044
1.14158,511.675,12.2109,61.2682,4.06115
-3.16591,551.232,11.0994,57.519,3.50351
-2.61237,596.54,12.2804,63.3696,3.56872
-2.97935,546.512,11.0868,57.3714,3.52529
-3.57048,594.113,11.7703,61.1862,3.45692
0.353376,571.292,13.2214,66.7229,3.94985
-2.29983,502.152,10.4669,53.8828,3.60631
-3.04158,588.126,11.9014,61.6159,3.51801
-3.0776,516.378,10.4344,54.0362,3.5138
-3.75819,529.801,10.4172,54.2315,3.43561
1.52182,563.95,13.6585,68.3418,4.1165
-2.6869,570.376,11.707,60.4447,3.55984
-2.24381,539.013,11.2603,57.9424,3.61311
0.149556,506.49,11.6286,58.7733,3.9218
-3.08474,595.463,12.029,62.2975,3.51296
-2.42649,540.705,11.2138,57.7835,3.59101
-2.87639,561.021,11.4281,59.0908,3.5374
-0.117454,502.375,11.4142,57.8036,3.8855
-4.79009,513.193,9.67888,50.7952,3.32171
-3.98274,578.35,11.2695,58.7707,3.41036
1.56656,524.091,12.7151,63.601,4.12309
-2.88816,506.006,10.3026,53.276,3.53601
-1.61986,533.53,11.4253,58.5139,3.69009
-0.808812,591.534,13.0798,66.5804,3.79375
-3.83367,524.045,10.2728,53.5109,3.42709
-4.18234,555.481,10.7371,56.0814,3.38813
-0.129428,517.316,11.7481,59.5001,3.88388
0.0830643,564.36,12.9236,65.3505,3.91272
-4.48898,511.984,9.77451,51.176,3.35438
1.99592,597.444,14.7375,73.4879,4.1871
-3.21109,576.856,11.5943,60.1047,3.49826
1.88136,533.915,13.1123,65.4377,4.16987
-3.35013,503.072,10.0551,52.1815,3.48219
-2.3737,599.949,12.4687,64.2239,3.59737
1.19565,557.325,13.3283,66.8483,4.06895
-4.51724,554.34,10.5711,55.3588,3.3513
-0.646694,590.926,13.15,66.8567,3.81498
-0.913858,579.018,12.7501,64.9534,3.78009
-2.74345,541.182,11.0827,57.2464,3.55312
-1.94536,530.032,11.2048,57.5264,3.64963
-3.06137,595.917,12.0495,62.3923,3.51569
-3.01562,531.649,10.7697,55.7458,3.52104
-4.42119,542.457,10.3847,54.342,3.3618
-2.7892,504.173,10.306,53.2529,3.5477
-2.19551,508.19,10.6368,54.714,3.61898
1.89072,551.683,13.5535,67.6353,4.17128
-2.72507,515.941,10.5736,54.6089,3.5553
-2.94215,580.083,11.7854,60.9689,3.52966
-1.07891,569.876,12.4674,63.5918,3.75876
-0.376332,556.248,12.5105,63.4775,3.85077
-1.60219,545.09,11.681,59.8157,3.6923
1.12195,520.216,12.4053,62.2524,4.05832
-2.94091,516.765,10.4995,54.3161,3.52981
-2.25078,583.52,12.1867,62.7128,3.61226
-3.2646,513.692,10.3027,53.4308,3.49206
1.40136,592.988,14.2949,71.5886,4.09884
-2.74558,513.372,10.5123,54.3009,3.55287
-4.17967,586.937,11.3464,59.2624,3.38843
1.1512,566.803,13.5316,67.8898,4.06253
-1.64055,536.372,11.4767,58.7866,3.6875
1.7084,595.34,14.5233,72.5704,4.14407
-4.23499,591.377,11.4067,59.6032,3.3823
0.228324,581.366,13.3889,67.6308,3.93261
-2.63636,596.423,12.2663,63.3082,3.56586
0.333611,516.796,11.9509,60.3202,3.94712
-2.05003,593.124,12.4866,64.1579,3.63676
-2.82039,526.152,10.7418,55.5184,3.54401
-4.96126,580.665,10.8756,57.1527,3.30333
-2.22052,569.7,11.9124,61.2871,3.61594
1.6138,597.016,14.5109,72.5585,4.13006
-2.48105,520.233,10.7658,55.4981,3.58444
-1.80066,560.788,11.9233,61.1478,3.66754
-3.6064,540.151,10.6858,55.564,3.45283
-0.430999,533.038,11.9628,60.7231,3.84349
-1.37637,581.993,12.5838,64.329,3.72077
-1.24538,512.435,11.1373,56.8785,3.73743
-4.87582,523.108,9.83165,51.6317,3.31249
0.52199,584.743,13.622,68.6595,3.97328
-2.66281,540,11.0941,57.2702,3.5627
-2.79655,513.727,10.4982,54.2492,3.54683
-0.887292,516.824,11.3925,58.0258,3.78354
1.16862,521.137,12.4498,62.4544,4.06505
1.86459,533.477,13.093,65.3496,4.16736
-1.64338,556.526,11.9066,60.99,3.68714
-3.33791,599.768,11.9937,62.236,3.4836
-0.743318,564.993,12.5252,63.726,3.80231
-0.7069,550.083,12.2121,62.1164,3.80707
-0.0128009,522.915,11.9297,60.3673,3.89967
-3.84726,527.538,10.3356,53.8439,3.42556
-4.71552,561.323,10.6187,55.6945,3.32976
1.87692,543.808,13.3529,66.6409,4.16921
-2.96645,594.37,12.0639,62.4216,3.52681
-3.02337,567.115,11.4846,59.4497,3.52014
-3.34628,589.474,11.7839,61.1512,3.48263
-3.835,553.337,10.8465,56.4996,3.42694
-1.00914,517.117,11.3444,57.8333,3.76776
-1.95916,584.884,12.3576,63.4514,3.64793
-1.31059,505.792,10.9647,56.0241,3.72913
-0.490772,582.804,13.049,66.2661,3.83556
-3.14826,597.543,12.0404,62.3869,3.50556
1.43133,528.233,12.7486,63.8312,4.10323
-4.94475,509.376,9.54682,50.1631,3.3051
-2.55548,582.115,12.0107,61.9508,3.57552
-2.32864,524.372,10.9175,56.2149,3.60282
-1.64122,549.097,11.7487,60.18,3.68741
-3.97395,592.244,11.5443,60.1998,3.41134
-2.0173,515.461,10.8657,55.8158,3.64078
1.33794,525.903,12.6465,63.3629,4.08959
-2.3196,569.499,11.8614,61.0705,3.60391
-0.653464,545.454,12.1349,61.6987,3.81409
-0.191744,540.135,12.2364,62.0017,3.87549
-0.791165,582.509,12.8892,65.6014,3.79605
-1.48909,549.35,11.8252,60.5021,3.70652
1.01889,558.886,13.2742,66.6627,4.04352
1.18049,592,14.1492,70.9734,4.06676
-2.87847,590.033,12.0181,62.1424,3.53716
1.6975,582.14,14.1953,70.9372,4.14245
-2.70233,518.821,10.6422,54.9539,3.558
1.08783,580.077,13.8144,69.3409,4.05341
0.994292,541.914,12.8587,64.5881,4.04
-2.17379,516.729,10.8249,55.6722,3.62163
-4.31847,537.891,10.3401,54.0654,3.37309
-1.59072,572.993,12.2845,62.9007,3.69374
-0.773434,587.136,13.0006,66.16,3.79837
-2.26713,589.176,12.2968,63.2873,3.61027
1.60699,585.108,14.2178,71.0961,4.12905
1.17356,526.931,12.5906,63.1586,4.06576
-3.2483,569.45,11.4284,59.2616,3.49395
1.11964,559.576,13.3427,66.9575,4.05799
-4.66389,527.245,9.99487,52.4016,3.33535
-3.22983,563.309,11.3136,58.6576,3.49609
-4.83528,582.591,10.9676,57.579,3.31684
-3.97773,568.615,11.0821,57.7909,3.41092
-0.420429,522.586,11.7331,59.5525,3.8449
1.33646,575.513,13.8387,69.3369,4.08938
-0.324959,591.393,13.3278,67.5986,3.85762
0.747766,535.541,12.5861,63.3332,4.00497
-1.7263,578.834,12.3433,63.2663,3.67679
-1.43769,512.87,11.0624,56.5775,3.71301
0.408333,547.695,12.7025,64.0784,3.95747
1.29457,590.978,14.1875,71.1062,4.08329
-0.649311,533.79,11.8773,60.3873,3.81463
-1.91844,514.447,10.887,55.8831,3.65296
-4.27239,543.964,10.4764,54.7579,3.37817
-1.145,557.686,12.169,62.1002,3.75027
-3.8611,586.134,11.4773,59.7976,3.424
-2.30424,564.099,11.7561,60.5213,3.60577
0.279354,517.521,11.9424,60.3012,3.93963
1.34079,553.921,13.3217,66.7447,4.09001
-1.73705,565.769,12.0595,61.817,3.67545
-4.17944,506.204,9.78578,51.1113,3.38845
-1.63555,511.144,10.9391,56.0307,3.68812
-3.04221,540.006,10.9273,56.5734,3.51793
-0.162342,586.262,13.2967,67.3596,3.87944
1.71875,546.302,13.3324,66.6146,4.14561
-4.69672,570.122,10.7933,56.6023,3.33179
-4.48055,519.989,9.93073,51.9905,3.35531
0.107615,558.62,12.8045,64.7363,3.91607
-3.52632,543.172,10.7802,56.0201,3.46197
-0.982419,573.23,12.5886,64.1635,3.77121
-0.0699262,553.42,12.5974,63.7731,3.89192
-0.728801,539.189,11.96,60.8437,3.80421
-4.91803,530.346,9.95061,52.2738,3.30796
-0.0577523,541.604,12.3343,62.4357,3.89357
-2.19349,503.841,10.5466,54.2493,3.61923
-0.0756399,502.349,11.4323,57.8775,3.89115
0.425355,529.538,12.2895,61.9874,3.95983
-3.46047,521.781,10.383,53.9289,3.4695
-1.64312,545.268,11.6659,59.7567,3.68717
-0.395857,506.378,11.3802,57.7505,3.84817
-2.72858,500.428,10.2542,52.9608,3.55488
-1.11123,596.512,13.0335,66.4953,3.75461
1.93358,529.425,13.0283,64.994,4.17771
-0.465695,529.245,11.8615,60.2244,3.83888
-3.90772,578.367,11.3039,58.916,3.41876
-3.36384,599.61,11.9781,62.1673,3.48061
-4.82316,585.358,11.0251,57.8754,3.31815
-1.50387,538.242,11.5793,59.2507,3.70466
-2.63049,573.232,11.7921,60.858,3.56656
0.0983944,579.612,13.2809,67.1494,3.91481
0.490134,574.23,13.3605,67.3571,3.96884
-2.49702,553.376,11.4444,59.0034,3.58253
-4.49835,548.769,10.4728,54.8362,3.35336
-1.82197,506.303,10.7557,55.1691,3.66489
-2.70612,518.625,10.6366,54.9264,3.55755
-3.74646,540.865,10.6398,55.3851,3.43694
-2.87087,547.461,11.1544,57.6728,3.53805
-0.353055,529.436,11.9184,60.4626,3.85387
0.316507,587.785,13.5835,68.5689,3.94476
-1.9556,532.21,11.2463,57.7437,3.64837
-1.59723,559.547,11.9932,61.4119,3.69292
1.58669,547.016,13.2817,66.4251,4.12606
-2.2701,530.544,11.0718,56.9838,3.60991
-0.200629,537.068,12.1627,61.6323,3.87429
-2.14342,599.914,12.5827,64.6978,3.62533
0.904204,505.911,11.9624,60.1258,4.02715
-3.54482,549.679,10.9012,56.6572,3.45985
-2.14404,539.179,11.3086,58.1466,3.62526
-3.50012,549.949,10.9262,56.7673,3.46496
-1.43909,511.604,11.0344,56.4352,3.71283
-0.207459,593.006,13.4259,68.0367,3.87337
-4.14158,512.083,9.91456,51.7686,3.39265
1.31361,585.007,14.0545,70.43,4.08605
1.10107,596.406,14.2106,71.3227,4.05532
0.592079,528.636,12.3487,62.2094,3.98308
-4.12557,549.186,10.6398,55.5485,3.39443
0.388006,572.803,13.2743,66.9727,3.95465
-2.62829,572.447,11.777,60.779,3.56682
1.57755,549.072,13.3269,66.6555,4.12471
1.18546,557.877,13.3362,66.893,4.06748
-3.01869,562.3,11.3892,58.9538,3.52068
-0.310355,516.139,11.6385,59.0242,3.85958
0.755043,582.964,13.7046,68.9574,4.006
-3.6562,591.898,11.6861,60.7888,3.44717
0.123657,533.226,12.2301,61.8249,3.91826
1.48895,579.758,14.0235,70.1847,4.11167
-4.6953,543.038,10.2812,53.9159,3.33195
-2.27122,512.042,10.6852,54.9946,3.60978
-3.11477,506.998,10.2296,52.9909,3.50946
-1.97765,508.399,10.7337,55.1212,3.64566
-0.594842,557.62,12.4342,63.1928,3.8218
0.156447,549.546,12.6206,63.7835,3.92275
0.697715,509.103,11.9415,60.1114,3.99791
-0.824181,527.956,11.6669,59.3952,3.79175
-1.60864,543.589,11.6459,59.6386,3.69149
-0.853769,553.943,12.2269,62.2599,3.78789
-4.88908,527.125,9.90181,52.0056,3.31106
-2.70969,589.602,12.0906,62.4363,3.55713
-2.29893,589.554,12.2892,63.2632,3.60642
-4.09691,519.277,10.072,52.5722,3.39762
-4.57772,575.742,10.9524,57.3828,3.34471
-1.23958,515.6,11.2087,57.2404,3.73817
0.483411,509.763,11.8575,59.7825,3.9679
-3.64288,554.645,10.9564,56.9875,3.44868
1.90136,552.283,13.5738,67.7315,4.17287
-0.27181,549.833,12.4171,62.9545,3.86474
-3.05024,548.277,11.0911,57.425,3.51699
1.85848,546.992,13.4215,66.9923,4.16645
-2.08814,564.361,11.8631,60.9718,3.63209
1.23177,573.049,13.7236,68.8126,4.07418
-1.90758,570.766,12.0841,62.0226,3.6543
-1.09196,577.051,12.6179,64.3656,3.75709
0.456646,512.324,11.9046,60.0319,3.96418
-1.319,522.873,11.3312,57.9005,3.72805
-3.47196,504.069,10.0259,52.0789,3.46819
1.15518,508.39,12.1389,60.901,4.06311
-3.27323,506.99,10.1647,52.719,3.49106
-4.03684,575.482,11.1892,58.3765,3.40431
1.38562,566.678,13.6523,68.3784,4.09655
-0.979668,559.088,12.2794,62.586,3.77156
-2.43683,572.637,11.8712,61.1756,3.58976
-3.06316,585.003,11.8279,61.246,3.51548
1.15774,558.952,13.3476,66.9633,4.06348
-0.119289,512.844,11.6512,59.0048,3.88525
0.847264,510.254,12.0384,60.5328,4.01905
1.17833,523.968,12.5222,62.813,4.06645
1.21102,514.527,12.3121,61.7448,4.07117
-2.16234,534.629,11.205,57.622,3.62303
-1.51743,529.833,11.3922,58.2996,3.70295
-0.82552,510.209,11.2741,57.3962,3.79157
-0.0142067,575.581,13.1305,66.4443,3.89948
1.31011,569.297,13.6753,68.5312,4.08554
0.528721,588.858,13.7215,69.1574,3.97422
0.964563,503.81,11.9408,59.9903,4.03575
-1.75925,571.445,12.1698,62.3927,3.67269
-1.3148,504.756,10.9404,55.9018,3.72859
1.07435,535.322,12.7419,63.9638,4.05147
-1.51536,579.687,12.4652,63.7895,3.70321
0.484824,588.017,13.6785,68.9628,3.9681
0.494264,555.86,12.9352,65.2109,3.96941
-4.34993,543.402,10.4328,54.5633,3.36963
-3.69212,553.837,10.9188,56.8137,3.44309
-3.41252,599.762,11.9578,62.0851,3.47501
-0.0288115,532.838,12.1484,61.4816,3.8975
1.57466,501.417,12.1689,60.8649,4.12428
0.282738,593.581,13.6993,69.171,3.9401
1.66054,536.151,13.0552,65.2572,4.13697
-1.06891,501.89,10.9844,56.0232,3.76005
0.574476,565.7,13.2054,66.534,3.98061
1.09206,574.502,13.6839,68.6836,4.05402
-1.34055,581.554,12.5921,64.3542,3.72532
-3.8583,517.49,10.1343,52.7994,3.42432
-3.41029,508.889,10.1469,52.6821,3.47526
0.124878,528.181,12.1149,61.2423,3.91843
-1.60034,531.638,11.3936,58.343,3.69253
-4.97393,570.735,10.6842,56.1521,3.30198
0.127636,550.861,12.6365,63.8777,3.9188
-4.6038,506.789,9.6305,50.4674,3.34187
-0.630781,560.802,12.4874,63.4807,3.81707
-2.07342,514.205,10.8151,55.5794,3.6339
-3.57226,507.139,10.0465,52.2259,3.45672
-0.854476,578.167,12.7612,64.9811,3.7878
-4.6099,582.817,11.0725,58.0269,3.34121
-0.176893,506.422,11.4794,58.1593,3.87748
-2.32095,570.513,11.8818,61.1765,3.60375
-1.3878,568.373,12.2837,62.8004,3.71932
0.742992,558.508,13.1235,66.0393,4.0043
1.84173,592.581,14.5307,72.5376,4.16394
-2.95115,549.365,11.1573,57.7236,3.5286
0.130781,589.64,13.5278,68.3813,3.91923
-4.87038,536.178,10.0795,52.9311,3.31307
-2.29063,551.52,11.5002,59.1977,3.60742
-2.0785,502.617,10.5692,54.318,3.63327
-1.68792,541.612,11.5671,59.2708,3.68157
1.50864,530.299,12.8369,64.2371,4.11456
0.841184,570.172,13.4489,67.6281,4.01819
-0.109556,510.67,11.6063,58.7728,3.88657
-0.66794,549.31,12.2137,62.1063,3.81219
-2.3827,526.017,10.9282,56.2932,3.59629
-3.15575,575.8,11.5988,60.1022,3.50469
-1.31687,522.387,11.3216,57.8506,3.72833
-4.06595,575.782,11.1819,58.3516,3.40107
-1.12975,511.156,11.1604,56.9467,3.75223
1.05085,586.313,13.9429,70.0046,4.0481
-0.0833776,563.913,12.8295,64.9545,3.8901
-1.66952,570.301,12.1887,62.4472,3.68387
0.158893,501.263,11.5128,58.184,3.92308
0.055295,544.387,12.4527,62.9822,3.90893
-0.064235,552.489,12.579,63.6774,3.8927
-4.28679,527.974,10.1625,53.1234,3.37658
-1.09371,580.993,12.7032,64.8016,3.75686
-3.75882,559.352,10.998,57.2553,3.43554
0.704281,558.332,13.0996,65.9377,3.99884
-4.12668,549.443,10.6443,55.5724,3.39431
-2.32364,554.161,11.54,59.418,3.60342
1.60939,567.186,13.7835,68.9236,4.12941
0.288569,593.671,13.7045,69.1942,3.9409
-4.45508,504.264,9.64034,50.4602,3.35809
-3.46416,512.568,10.1982,52.9704,3.46908
0.302713,560.117,12.9371,65.3127,3.94285
-2.55072,582.782,12.0267,62.0313,3.57609
-4.42458,527.047,10.0883,52.7924,3.36143
-3.29636,593.815,11.8945,61.7012,3.48839
0.795059,503.535,11.8558,59.6372,4.01166
-2.75043,588.83,12.0551,62.2726,3.55229
-4.06666,572.192,11.1119,57.9865,3.40099
-3.55598,502.2,9.95513,51.7446,3.45858
-4.85847,590.004,11.0967,58.2674,3.31435
-3.99814,531.704,10.3541,54.0036,3.40863
1.94131,510.651,12.57,62.7044,4.17887
0.51037,552.311,12.8607,64.8276,3.97166
-3.2336,551.713,11.079,57.4432,3.49565
0.887225,502.219,11.8673,59.6549,4.02473
-2.25708,513.456,10.7208,55.1716,3.61149
-2.94858,559.99,11.3742,58.8448,3.52891
-0.563027,541.728,12.0949,61.4541,3.826
-0.546647,598.3,13.3666,67.9071,3.82817
-0.248936,573.181,12.956,65.6755,3.8678
-0.820394,515.369,11.3905,57.9861,3.79224
-2.04405,536.991,11.3075,58.097,3.6375
1.55114,565.016,13.6999,68.5342,4.12082
-1.94081,546.168,11.548,59.2863,3.6502
0.387746,596.751,13.8291,69.7722,3.95461
-2.86911,561.743,11.4462,59.1808,3.53826
-3.53569,513.039,10.1783,52.8963,3.46089
-1.44085,543.629,11.7244,59.9646,3.71261
-3.25006,506.597,10.1663,52.7176,3.49375
0.802014,529.326,12.4664,62.7057,4.01264
-2.05885,556.965,11.7212,60.2294,3.63568
-4.45014,520.289,9.94868,52.0721,3.35863
-3.1867,547.989,11.0249,57.1421,3.50109
-3.58456,599.519,11.8707,61.7148,3.45532
-4.64697,547.297,10.3821,54.4246,3.33718
0.780385,541.442,12.741,64.0971,4.00958
-0.786975,528.957,11.7062,59.5785,3.7966
-3.4407,521.795,10.3915,53.9649,3.47177
1.033,518.572,12.3234,61.8816,4.04554
-2.50528,571.87,11.823,60.9591,3.58153
-4.27058,504.471,9.71645,50.7853,3.37837
-3.91322,527.778,10.3129,53.753,3.41815
-4.70328,555.369,10.5112,55.1258,3.33108
-3.41446,534.321,10.6522,55.3074,3.47478
-2.43764,559.066,11.5894,59.7242,3.58966
-1.39487,543.664,11.7465,60.0568,3.71843
1.92294,544.683,13.3982,66.8447,4.17611
-3.17152,539.984,10.8705,56.335,3.50286
-0.11712,521.912,11.8582,60.0522,3.88554
-2.10701,503.981,10.5859,54.4155,3.62978
-0.25281,520.406,11.7613,59.6212,3.86728
-3.21548,574.613,11.5472,59.8625,3.49775
0.346246,565.442,13.0823,66.0247,3.94887
-3.54217,582.76,11.5585,60.0721,3.46016
1.74664,508.785,12.4302,62.0942,4.14976
-2.63154,572.634,11.7793,60.7925,3.56643
0.791436,531.001,12.5007,62.8831,4.01114
-1.97352,581.67,12.2827,63.0737,3.64617
0.860461,569.579,13.445,67.5989,4.02093
-2.255,546.105,11.4034,58.6836,3.61175
0.0103963,595.123,13.5894,68.7539,3.90282
-4.11069,535.848,10.3876,54.2256,3.39609
-2.18305,581.436,12.176,62.6251,3.6205
1.02266,534.443,12.6955,63.7547,4.04406
-4.59178,575.492,10.9414,57.3315,3.34318
-3.70194,571.215,11.257,58.5776,3.44198
-3.71163,544.906,10.7343,55.8621,3.44088
-2.04712,590.442,12.4315,63.8737,3.63712
-4.38421,513.949,9.85369,51.5483,3.36586
-1.50077,558.4,12.0144,61.4758,3.70505
1.33972,590.124,14.1918,71.1046,4.08985
-4.07733,512.588,9.95007,51.9281,3.3998
-2.23872,546.204,11.4128,58.725,3.61372
-0.80422,567.939,12.5603,63.934,3.79435
-3.23529,586.192,11.7706,61.0297,3.49546
1.75401,525.85,12.8507,64.1918,4.15085
-4.38707,544.008,10.4288,54.558,3.36555
-1.56463,524.893,11.265,57.6688,3.69701
-2.07037,512.975,10.7905,55.4519,3.63427
-2.14577,587.246,12.3159,63.3268,3.62505
0.136556,552.635,12.6816,64.1016,3.92002
-3.34622,511.149,10.2182,53.026,3.48264
-1.50125,532.036,11.4469,58.5723,3.70499
1.96334,562.325,13.8538,69.0974,4.18219
-2.10395,508.967,10.6919,54.9593,3.63016
-0.960073,551.306,12.1178,61.7536,3.7741
-3.63569,553.489,10.9368,56.882,3.4495
-1.8637,516.746,10.9594,56.2316,3.65972
0.324391,590.046,13.6399,68.8499,3.94585
1.7259,593.085,14.4781,72.3354,4.14667
-1.45194,570.705,12.3029,62.9288,3.71121
-1.23753,599.966,13.0438,66.6108,3.73843
-3.65823,523.895,10.3426,53.8012,3.44694
-2.30938,582.389,12.1348,62.4732,3.60515
-0.795343,523.069,11.572,58.8995,3.79551
-0.279719,598.819,13.5191,68.546,3.86368
-1.97524,574.195,12.124,62.2598,3.64595
-2.76819,544.873,11.1473,57.5908,3.55019
-4.21039,549.894,10.6171,55.4667,3.38502
0.639967,556.647,13.0273,65.6051,3.98979
-4.13336,530.234,10.2694,53.6179,3.39357
-4.9742,543.798,10.1798,53.5014,3.30195
0.360944,505.194,11.6951,59.0172,3.9509
0.891202,545.674,12.8961,64.8247,4.0253
-1.92001,556.604,11.7784,60.4595,3.65276
0.159207,517.992,11.8972,60.1265,3.92313
-4.16457,576.006,11.1418,58.1873,3.3901
-4.33599,571.969,10.9875,57.4578,3.37116
1.52512,599.828,14.5293,72.6971,4.11699
-0.721748,506.385,11.2355,57.1549,3.80513
-0.531862,560.378,12.5266,63.6329,3.83012
-2.83997,503.824,10.2779,53.1288,3.5417
-4.12308,515.122,9.98083,52.1072,3.39471
0.954168,506.83,12.0075,60.3301,4.03427
0.603948,560.085,13.0894,65.9351,3.98474
-4.7483,509.641,9.62818,50.5125,3.32621
-2.48676,557.732,11.5392,59.4875,3.58376
1.9584,572.79,14.1089,70.3724,4.18145
-2.933,587.207,11.9345,61.7359,3.53074
-4.50085,580.17,11.071,57.9693,3.35309
1.96428,592.977,14.6095,72.8661,4.18233
-3.31646,585.945,11.7274,60.8439,3.48607
1.38035,504.212,12.1449,60.8308,4.09578
0.160216,567.741,13.0404,65.9032,3.92326
-1.33412,535.291,11.5934,59.2469,3.72613
0.714001,554.851,13.0228,65.5468,4.00021
-4.19235,529.14,10.2238,53.4046,3.38702
-1.66239,537.256,11.4857,58.8424,3.68476
-1.52672,550.619,11.8348,60.5687,3.70178
-3.63591,535.065,10.5726,54.9882,3.44947
-0.228202,591.505,13.381,67.8198,3.87059
-3.61132,577.131,11.4151,59.3586,3.45227
-4.31483,535.935,10.304,53.8751,3.37349
-0.140578,538.674,12.2278,61.9347,3.88238
1.43092,583.274,14.0768,70.4815,4.10317
-0.491393,582.26,13.0365,66.203,3.83548
-0.25073,543.239,12.2783,62.2412,3.86756
-3.80951,583.639,11.4522,59.643,3.42981
0.0575439,582.71,13.3305,67.4207,3.90924
0.0720146,500.465,11.4555,57.9314,3.91121
-3.95479,558.075,10.8867,56.762,3.41348
1.10126,569.658,13.5734,68.1244,4.05534
-0.0479329,559.749,12.7525,64.5476,3.8949
-0.379606,545.67,12.271,62.2639,3.85033
-3.73322,529.248,10.4168,54.2189,3.43843
-1.02015,573.622,12.5785,64.1301,3.76633
-2.89914,517.695,10.536,54.4874,3.53472
0.339961,534.832,12.3711,62.438,3.948
-0.424379,510.947,11.47,58.2188,3.84437
-2.16375,519.78,10.8932,56.019,3.62285
0.648399,550.156,12.8797,64.8575,3.99098
-4.17789,526.789,10.1843,53.1924,3.38862
-4.72096,512.899,9.70047,50.8809,3.32917
1.68231,541.961,13.2078,66.0096,4.1402
-3.35092,547.709,10.947,56.81,3.48209
-2.66038,581.588,11.9497,61.6857,3.56299
-4.53681,575.651,10.9688,57.4503,3.34916
1.5265,552.04,13.3725,66.9083,4.11719
-4.96455,511.708,9.58283,50.3602,3.30298
-3.58979,524.62,10.3854,53.9954,3.45472
-1.25904,530.662,11.5273,58.8759,3.73569
1.96594,583.335,14.3729,71.685,4.18258
-3.61579,564.599,11.1652,58.0613,3.45176
0.774775,536.627,12.625,63.5159,4.00879
-2.01774,584.813,12.3274,63.3245,3.64073
-0.173205,594.281,13.4729,68.2573,3.87798
1.2844,544.179,13.0588,65.4544,4.08181
-4.25604,555.835,10.7121,55.9827,3.37998
-0.0845604,589.38,13.4083,67.8854,3.88994
-0.187729,537.084,12.1692,61.6594,3.87603
-4.90627,520.596,9.77234,51.3326,3.30922
1.18559,506.745,12.114,60.7621,4.0675
-1.99941,558.126,11.7734,60.4704,3.64298
-2.98987,587.461,11.9125,61.6492,3.52406
-3.33278,569.71,11.395,59.1268,3.48419
1.25128,574.587,13.7708,69.0398,4.077
-0.655911,560.196,12.4616,63.3613,3.81377
-0.209579,508.823,11.519,58.3743,3.87309
-1.62312,581.633,12.4538,63.783,3.68968
-4.09813,576.139,11.1743,58.3267,3.39748
-1.70745,571.399,12.1938,62.4914,3.67914
-1.95024,565.517,11.9527,61.3681,3.64903
1.77532,560.981,13.7206,68.5263,4.15403
-4.15306,514.346,9.95375,51.9779,3.39138
-4.61845,574.626,10.9131,57.1955,3.34028
-1.64893,547.05,11.7013,59.9408,3.68645
0.377151,508.412,11.7771,59.4237,3.95314
-1.27436,566.725,12.3032,62.8462,3.73374
-4.47298,548.667,10.4816,54.8714,3.35613
0.534861,520.302,12.1269,61.1179,3.97508
1.38476,514.283,12.3896,62.0545,4.09642
-3.71763,593.954,11.6977,60.8785,3.4402
-4.12268,501.051,9.70836,50.6845,3.39475
0.481478,525.076,12.2127,61.5745,3.96763
-0.126598,507.939,11.5365,58.4268,3.88426
-0.156593,533.053,12.0926,61.2572,3.88022
0.349577,596.728,13.808,69.6852,3.94933
-3.52837,534.427,10.6057,55.1145,3.46173
-3.12702,511.163,10.3086,53.4051,3.50804
-2.55809,552.532,11.3991,58.7975,3.57521
0.453791,566.747,13.1677,66.403,3.96378
-2.85555,567.034,11.5602,59.7643,3.53986
-0.413873,577.701,12.9739,65.847,3.84577
-3.61295,582.428,11.5191,59.9002,3.45208
-2.21625,549.572,11.4935,59.1299,3.61646
-2.83074,557.832,11.3839,58.8416,3.54279
-2.10793,531.508,11.1637,57.3859,3.62967
-3.10732,550.23,11.1052,57.5233,3.51033
-3.40612,551.355,10.9955,57.0861,3.47574
-3.13344,522.67,10.538,54.5959,3.50729
-2.53562,575.734,11.8885,61.311,3.5779
-2.4452,522.162,10.8212,55.7682,3.58875
-1.60338,584.782,12.531,64.1689,3.69215
-3.96387,575.404,11.2206,58.5072,3.41247
0.741052,543.359,12.7665,64.2441,4.00402
1.9363,585.99,14.4218,71.9442,4.17812
0.99745,586.478,13.9179,69.9064,4.04045
-0.536896,548.195,12.2519,62.2395,3.82945
1.27296,553.458,13.2756,66.5465,4.08015
1.87662,518.638,12.7347,63.5559,4.16916
0.716592,503.29,11.8138,59.4606,4.00057
-3.99421,597.61,11.6394,60.7053,3.40907
-4.1351,522.005,10.1093,52.7828,3.39337
-0.370797,533.859,12.0096,60.9333,3.85151
0.436832,555.135,12.8894,65.0075,3.96142
1.27462,558.681,13.4018,67.1779,4.08039
-3.301,518.659,10.3871,53.8839,3.48785
-4.76178,569.055,10.7448,56.3764,3.32476
0.726693,511.131,12.0026,60.4062,4.002
1.01371,544.059,12.9194,64.8835,4.04278
-3.1262,593.612,11.9718,62.0208,3.50813
-4.2919,598.927,11.5258,60.2525,3.37602
-0.524921,519.629,11.6189,59.0188,3.83104
1.23617,519.298,12.4385,62.3668,4.07481
-0.278927,557.071,12.577,63.7687,3.86378
1.37314,594.251,14.3096,71.6773,4.09472
-2.04282,568.082,11.9628,61.4632,3.63765
-1.25732,518.204,11.2574,57.4969,3.73591
-2.22785,538.053,11.2474,57.869,3.61505
0.0521698,578.132,13.223,66.8797,3.9085
-1.97915,522.309,11.0267,56.6266,3.64547
-1.81488,501.898,10.6651,54.7015,3.66577
0.571949,538.95,12.5798,63.3828,3.98026
-4.96649,501.777,9.3961,49.3796,3.30277
-1.85124,543.834,11.5396,59.203,3.66127
-0.484865,510.795,11.4394,58.0895,3.83634
-4.32435,579.372,11.1349,58.2236,3.37244
-0.511468,557.711,12.477,63.3712,3.83282
1.82992,509.525,12.4884,62.3476,4.16218
-2.53292,508.644,10.5042,54.1712,3.57822
-3.15297,514.745,10.3701,53.7341,3.50501
-4.00072,522.76,10.1789,53.0907,3.40835
1.34809,516.044,12.4143,62.195,4.09107
-0.477465,518.308,11.611,58.9578,3.83732
-2.68011,531.768,10.9175,56.3656,3.56064
-3.6229,521.766,10.3152,53.6441,3.45095
-4.61567,509.441,9.67624,50.7118,3.34058
0.444342,566.323,13.153,66.3334,3.96247
-0.346365,574.973,12.9469,65.6769,3.85477
-3.26573,561.836,11.2678,58.4363,3.49193
-2.3383,587.76,12.2326,62.9907,3.60165
-2.33291,595.942,12.4055,63.8787,3.6023
-3.87006,520.685,10.192,53.1051,3.423
-1.55024,575.863,12.3659,63.2979,3.69882
-4.33695,508.95,9.77648,51.1256,3.37106
-1.7788,554.285,11.7952,60.4812,3.67025
-1.67185,536.366,11.4624,58.727,3.68358
1.55312,539.894,13.0917,65.4911,4.12111
1.35885,575.626,13.8535,69.3995,4.09264
-2.92712,555.914,11.3011,58.457,3.53143
-0.769301,531.467,11.7699,59.8949,3.79891
-2.56514,598.768,12.3496,63.7033,3.57436
-4.12918,521.721,10.1062,52.7643,3.39403
-0.968608,501.93,11.0288,56.2075,3.77299
-3.7862,585.164,11.4929,59.8441,3.43244
-3.55998,520.453,10.3153,53.6184,3.45812
-3.78939,530.741,10.4226,54.2727,3.43208
1.42738,529.552,12.7785,63.9827,4.10265
-2.8589,547.827,11.1672,57.7337,3.53946
-4.69561,530.78,10.049,52.6983,3.33191
1.76414,561.595,13.7297,68.5772,4.15236
-3.57497,561.065,11.1135,57.7743,3.45641
-1.9006,562.153,11.905,61.1003,3.65516
1.96529,561.264,13.8287,68.9713,4.18248
1.43644,545.553,13.1693,65.9348,4.10397
-0.462698,570.991,12.7986,64.981,3.83928
-0.849173,570.888,12.6032,64.1738,3.78849
1.0602,520.581,12.3842,62.1747,4.04944
0.637081,509.159,11.9146,60.0028,3.98939
-3.93377,511.001,9.97684,52.0096,3.41584
-0.58013,552.493,12.327,62.6411,3.82374
-1.61212,538.004,11.5246,59.0193,3.69106
0.308601,564.433,13.0398,65.8283,3.94367
-3.13181,561.895,11.3296,58.6963,3.50748
-0.350582,586.7,13.2087,67.0075,3.8542
1.33911,542.23,13.0397,65.3326,4.08976
0.0211926,501.602,11.4587,57.9695,3.90429
-4.70903,561.145,10.6181,55.6886,3.33046
0.710667,573.984,13.4701,67.7999,3.99974
1.20727,509.354,12.1866,61.1168,4.07063
-2.17012,554.062,11.6087,59.7016,3.62208
-3.38445,543.863,10.8555,56.3499,3.47823
-0.828623,573.269,12.666,64.4837,3.79117
-3.74944,516.084,10.1511,52.8424,3.4366
-1.33187,585.122,12.6737,64.767,3.72642
-3.12906,553.097,11.1534,57.7823,3.5078
-3.69406,542.597,10.6964,55.6571,3.44287
-3.6709,572.052,11.2876,58.7226,3.4455
-2.61594,588.525,12.1137,62.511,3.56829
-1.76921,576.587,12.2745,62.934,3.67145
-0.0366245,596.01,13.5846,68.7537,3.89644
-2.10359,547.594,11.5035,59.1309,3.6302
-2.1855,541.381,11.3361,58.3063,3.6202
-3.21666,550.556,11.0633,57.3542,3.49762
-0.478623,505.275,11.3185,57.4731,3.83717
1.91512,507.729,12.4854,62.2943,4.17494
-0.934372,506.551,11.1454,56.787,3.77743
-3.92344,529.259,10.3376,53.886,3.417
-1.49596,595.98,12.8254,65.6232,3.70565
-0.858138,589.032,12.9992,66.1945,3.78733
1.75943,506.822,12.3883,61.8795,4.15166
-4.59423,542.319,10.3097,54.0224,3.34291
-3.78228,571.23,11.221,58.4265,3.43289
-4.77139,581.034,10.9667,57.5451,3.32372
0.0922936,510.883,11.7032,59.1755,3.91398
0.974287,589.214,13.9702,70.1811,4.03714
-2.97685,539.845,10.9527,56.6762,3.52559
-0.748681,504.371,11.1789,56.8787,3.8016
-3.19661,596.178,11.9896,62.147,3.49994
-4.90747,534.973,10.0417,52.7481,3.30909
1.292,501.983,12.0498,60.3935,4.08291
1.31997,506.776,12.1781,61.0239,4.08698
-0.422497,552.928,12.4133,63.006,3.84462
-2.21389,534.591,11.1812,57.5225,3.61674
-2.31487,567.864,11.8295,60.9044,3.60449
-2.4706,564.661,11.6901,60.2579,3.5857
-2.98075,522.059,10.5902,54.802,3.52513
-4.59209,528.171,10.0416,52.6168,3.34314
1.81872,533.024,13.0587,65.2001,4.1605
-1.05561,527.858,11.5588,58.9469,3.76176
-1.45332,517.749,11.1607,57.0871,3.71103
-2.33482,532.141,11.0766,57.0364,3.60207
-1.29159,513.999,11.1509,56.9678,3.73154
-2.80424,532.164,10.8716,56.1822,3.54592
1.60997,597.538,14.5215,72.6132,4.12949
-3.78834,518.95,10.1915,53.0688,3.4322
-0.822709,510.701,11.2862,57.4566,3.79194
-0.271151,516.337,11.6609,59.1205,3.86482
-1.03068,585.326,12.8298,65.4165,3.76498
0.960892,583.847,13.8357,69.5125,4.03523
-3.91766,526.653,10.2891,53.6307,3.41765
-1.30024,537.808,11.6635,59.59,3.73044
-1.25645,543.287,11.8027,60.2815,3.73602
1.62674,501.504,12.1956,60.9753,4.13197
-2.40461,570.891,11.8502,61.0524,3.59364
1.74744,508.247,12.4174,62.0302,4.14988
-4.3066,583.375,11.2199,58.6598,3.3744
-4.80877,519.128,9.7834,51.3512,3.3197
-2.32607,525.345,10.9389,56.3239,3.60313
-4.33304,599.113,11.5103,60.1904,3.37149
1.57609,533.005,12.9362,64.7021,4.12449
-4.0567,521.895,10.1392,52.9064,3.4021
-2.14245,515.044,10.8031,55.5467,3.62545
-1.57795,513.688,11.0187,56.4135,3.69534
-1.92459,507.512,10.7376,55.1189,3.6522
-2.96122,526.303,10.6846,55.2824,3.52742
-0.874218,551.665,12.1668,61.9634,3.78523
-4.55765,519.483,9.89016,51.8094,3.34689
-3.48714,516.214,10.2613,53.3074,3.46645
-4.86426,512.624,9.63912,50.616,3.31373
0.582476,561.632,13.1146,66.0724,3.98173
-2.24999,541.464,11.3087,58.1944,3.61235
-2.3805,596.948,12.4029,63.8886,3.59655
0.259788,525.762,12.1233,61.2234,3.93694
-0.830188,590.382,13.0433,66.4054,3.79096
1.53508,568.282,13.7705,68.8954,4.11845
0.600029,502.609,11.7444,59.1615,3.98419
0.898221,532.519,12.5887,63.276,4.0263
-0.592825,562.659,12.5475,63.768,3.82207
0.376415,565.762,13.1052,66.1252,3.95304
1.52086,584.596,14.158,70.8416,4.11636
0.744406,562.186,13.2106,66.4771,4.0045
-0.527685,562.641,12.5793,63.8984,3.83067
1.04011,524.586,12.4698,62.6133,4.04656
-2.73661,526.735,10.7898,55.7306,3.55393
-3.9591,553.982,10.805,56.3377,3.413
1.87568,530.874,13.0347,65.0535,4.16902
-4.47534,507.391,9.69217,50.7395,3.35588
-2.83551,506.475,10.3339,53.4161,3.54222
-3.19138,544.431,10.9513,56.7624,3.50055
0.817993,515.504,12.1484,61.0991,4.0149
-1.75253,561.403,11.9592,61.3095,3.67352
-4.30295,506.756,9.74772,50.9616,3.3748
-4.75677,595.621,11.2487,59.018,3.3253
0.886269,533.976,12.6172,63.4252,4.0246
-2.08877,509.346,10.7064,55.0271,3.63202
-0.0459572,517.448,11.7896,59.6734,3.89517
-2.81469,519.55,10.6095,54.8319,3.54468
-2.84937,566.009,11.5422,59.6682,3.54059
-3.7712,524.951,10.3165,53.7124,3.43414
1.22993,576.629,13.8083,69.2385,4.07391
0.783981,572.358,13.4704,67.7647,4.01009
-1.46203,527.682,11.3709,58.166,3.70993
-1.75711,549.103,11.695,59.9574,3.67295
1.47136,567.859,13.7263,68.7061,4.10909
-1.68645,542.663,11.5903,59.3887,3.68176
1.7393,567.527,13.8614,69.2474,4.14866
-0.869872,531.352,11.7208,59.6901,3.7858
-2.78202,504.918,10.3241,53.3439,3.54855
-2.3314,598.116,12.4515,64.1148,3.60249
-4.26171,569.263,10.9683,57.3245,3.37935
-3.66309,576.929,11.3874,59.2382,3.44638
-1.20033,567.654,12.3594,63.0984,3.74319
-3.20065,558.95,11.2391,58.2587,3.49947
-0.567242,500.802,11.1793,56.8038,3.82545
-3.80807,540.275,10.6019,55.2142,3.42998
0.985227,593.281,14.0726,70.69,4.03871
-0.541603,540.878,12.0861,61.3995,3.82883
-3.33077,537.555,10.7527,55.7932,3.48442
0.58033,553.775,12.93,65.1436,3.98143
-1.97209,573.563,12.1122,62.1975,3.64634
-2.25969,554.779,11.5824,59.6068,3.61118
-4.29504,562.936,10.8318,56.6259,3.37567
-0.0576337,567.238,12.9181,65.3909,3.89359
0.265058,534.367,12.3242,62.2358,3.93766
-1.41097,571.667,12.3436,63.1176,3.71639
1.79613,578.462,14.1595,70.7079,4.15713
-0.313228,512.463,11.5543,58.5985,3.85919
-0.817046,523.215,11.5654,58.8752,3.79268
-4.43185,565.988,10.8305,56.6797,3.36064
1.17285,596.142,14.244,71.4527,4.06566
0.288075,500.49,11.5533,58.3328,3.94083
1.3217,532.658,12.8009,64.144,4.08723
-3.56864,556.025,11.0165,57.267,3.45713
-3.41372,575.609,11.4757,59.5826,3.47487
-4.03503,588.395,11.4411,59.6899,3.40451
-0.762593,518.047,11.4757,58.395,3.79978
0.750337,592.807,13.9334,70.1112,4.00533
-4.62451,579.821,11.0091,57.7011,3.33962
-1.01111,523.996,11.4944,58.5988,3.7675
-0.166659,552.407,12.5268,63.461,3.87886
-3.78512,561.681,11.0321,57.4446,3.43257
-2.09414,549.153,11.5406,59.3173,3.63136
-1.69546,595.833,12.7213,65.1888,3.68063
-1.42718,512.149,11.0514,56.5169,3.71434
-1.77314,594.666,12.6574,64.8991,3.67096
-4.36453,559.951,10.7442,56.1982,3.36802
-3.19724,575.455,11.5726,59.9856,3.49987
-2.97162,545.772,11.0753,57.3082,3.5262
-3.09703,591.818,11.9495,61.8917,3.51153
-4.3739,584.153,11.2043,58.6094,3.36699
-2.17704,581.402,12.1782,62.6336,3.62123
-3.5637,507.712,10.0613,52.2995,3.4577
-1.58467,522.983,11.2151,57.422,3.6945
-3.86413,511.309,10.0109,52.1588,3.42366
-0.69283,518.099,11.5084,58.5309,3.80892
-0.296903,504.588,11.3841,57.728,3.86138
-1.35932,521.513,11.2837,57.6755,3.72293
-1.68242,584.941,12.4952,64.0238,3.68226
-3.37574,522.735,10.4374,54.1761,3.47924
-3.92882,525.899,10.2697,53.5345,3.4164
-4.38974,521.619,9.9985,52.3082,3.36525
0.826508,522.019,12.3061,61.888,4.01611
-3.27621,506.92,10.1621,52.7066,3.49072
1.7017,572.604,13.965,69.7843,4.14308
-0.92799,544.237,11.9776,61.0243,3.77825
-0.990379,550.088,12.0766,61.5575,3.77018
1.79174,562.256,13.7605,68.7175,4.15647
-1.65805,535.356,11.4471,58.6424,3.68531
-0.669249,571.716,12.7112,64.6368,3.81201
0.52749,523.195,12.1908,61.4434,3.97405
1.06929,576.196,13.7121,68.8367,4.05075
0.762676,598.341,14.0702,70.7933,4.00708
-2.62415,560.571,11.5345,59.526,3.56731
-0.0389165,543.538,12.3875,62.6961,3.89613
0.998008,550.412,13.0623,65.6086,4.04053
-0.744217,569.304,12.6203,64.2104,3.80219
-4.35021,532.568,10.2247,53.475,3.3696
-0.955283,543.059,11.9388,60.8391,3.77472
-1.80184,545.406,11.5957,59.4683,3.66739
-1.85964,556.426,11.8029,60.5574,3.66023
-1.94633,585.423,12.3753,63.5361,3.64952
-3.43988,574.568,11.4429,59.4244,3.47187
-0.15519,570.449,12.9417,65.5576,3.88041
-0.0595818,551.149,12.5508,63.5324,3.89333
-0.62347,552.376,12.3034,62.5414,3.81803
1.14669,529.983,12.6503,63.4706,4.06188
-1.07107,542.936,11.8817,60.6008,3.75977
0.876824,522.088,12.3318,61.9946,4.02325
-1.74702,578.527,12.3266,63.1908,3.67421
-1.69696,505.018,10.7817,55.2502,3.68045
-3.40432,583.765,11.6427,60.4452,3.47595
-2.54828,557.192,11.4998,59.3122,3.57638
-2.62016,544.642,11.2086,57.842,3.56779
-0.43958,501.349,11.2478,57.0975,3.84235
-4.05001,591.939,11.5031,60.0201,3.40284
-0.420155,516.412,11.5946,58.8494,3.84493
0.483771,539.846,12.5574,63.3112,3.96795
-2.12961,591.961,12.4227,63.8684,3.62702
-1.3383,590.102,12.7783,65.3048,3.7256
-4.97687,533.192,9.98016,52.4533,3.30166
-4.1244,566.754,10.9807,57.3276,3.39456
-3.42454,519.236,10.3473,53.7284,3.47363
1.82048,597.1,14.6295,73.042,4.16077
-3.05867,518.037,10.4759,54.243,3.51601
1.41126,535.34,12.9101,64.6491,4.10029
-0.194875,553.355,12.5344,63.513,3.87506
1.45745,524.748,12.6774,63.4622,4.10705
1.8952,589.908,14.4951,72.3318,4.17195
0.667012,560.41,13.1292,66.1051,3.99359
-1.05948,597.223,13.0757,66.6847,3.76126
-2.99303,530.976,10.7658,55.716,3.52369
-3.42075,582.723,11.6142,60.3052,3.47406
-4.04455,588.638,11.4414,59.696,3.40345
-3.25874,570.419,11.4431,59.3425,3.49274
-3.41071,591.79,11.7997,61.2635,3.47521
1.26187,595.184,14.2703,71.5385,4.07854
1.08693,512.553,12.2059,61.2676,4.05328
-2.37202,587.373,12.2081,62.8809,3.59757
-4.44699,527.199,10.0821,52.7691,3.35898
-1.85237,541.34,11.4862,58.9293,3.66113
-1.05292,587.062,12.8566,65.5639,3.76211
-3.16696,516.17,10.393,53.8585,3.50339
-0.126864,530.096,12.0396,60.975,3.88423
0.198461,518.37,11.9242,60.2453,3.92851
-0.0791639,551.928,12.5589,63.5825,3.89067
-0.480976,586.398,13.1345,66.6956,3.83686
1.85139,568.823,13.9534,69.6506,4.16539
-1.08113,536.86,11.7441,59.9033,3.75848
-0.298425,555.953,12.5422,63.6013,3.86117
-3.74524,592.213,11.6505,60.6456,3.43707
1.36916,507.21,12.2118,61.171,4.09414
0.611328,593.781,13.8809,69.9183,3.98578
-3.79649,535.688,10.5168,54.766,3.43128
-4.58528,523.8,9.96122,52.1929,3.34388
-0.35943,530.028,11.9287,60.5179,3.85302
1.32166,598.757,14.3894,72.1037,4.08722
-1.35839,599.856,12.9793,66.3416,3.72305
0.976415,555.199,13.1648,66.1341,4.03745
-4.22335,542.544,10.4697,54.7022,3.38359
-2.3245,541.421,11.2744,58.0503,3.60332
-1.73672,537.502,11.4572,58.7291,3.67549
-3.57383,531.706,10.5325,54.7531,3.45654
-4.41374,502.866,9.6297,50.3882,3.36262
0.874719,597.253,14.106,70.9153,4.02295
-1.73275,577.519,12.3121,63.1095,3.67598
-0.629785,521.075,11.6033,58.9856,3.8172
-1.84152,524.657,11.137,57.1331,3.66247
-0.676627,509.28,11.3198,57.5644,3.81105
-1.10919,581.77,12.7125,64.8563,3.75487
-0.0392509,558.796,12.7351,64.4554,3.89608
-0.99597,513.742,11.2762,57.48,3.76946
1.72794,570.5,13.9278,69.5853,4.14697
0.985417,545.757,12.9454,65.0278,4.03873
0.203358,544.846,12.5356,63.3321,3.92918
1.85023,570.061,13.9831,69.7995,4.16521
-3.75561,529.36,10.4097,54.1909,3.4359
-4.59921,579.394,11.0123,57.7063,3.34237
-1.15209,575.132,12.5461,64.0284,3.74936
-1.71872,527.841,11.2593,57.7068,3.67773
1.76982,585.023,14.3056,71.4508,4.15321
1.60484,554.134,13.464,67.3278,4.12873
-4.26734,579.281,11.1588,58.3226,3.37873
-4.125,567.099,10.9871,57.3614,3.39449
-3.52114,561.319,11.1426,57.9014,3.46256
-4.2374,505.585,9.75096,50.9525,3.38204
0.770577,535.862,12.6049,63.4169,4.00819
-3.9783,574.623,11.1989,58.4005,3.41085
-2.5406,550.166,11.3582,58.5788,3.5773
-0.518946,509.458,11.3942,57.8746,3.83183
1.1436,527.041,12.5786,63.1122,4.06144
-0.349519,501.963,11.3015,57.3316,3.85434
-0.774135,559.144,12.3805,63.0044,3.79828
1.97803,571.931,14.0984,70.3102,4.1844
1.37194,519.67,12.5131,62.6791,4.09455
-2.84017,547.762,11.1742,57.7618,3.54167
0.563978,557.968,13.0196,65.6028,3.97915
-1.41798,539.782,11.6519,59.5839,3.7155
-0.144061,555.851,12.616,63.9025,3.88191
-2.14512,535.407,11.229,57.7378,3.62513
-0.155597,558.385,12.6678,64.1704,3.88035
-0.404356,584.919,13.1409,66.6899,3.84704
0.277105,534.947,12.3434,62.3271,3.93932
-3.41705,548.785,10.9394,56.7998,3.47449
-0.50678,569.91,12.7523,64.7671,3.83344
-2.69435,570.95,11.7153,60.4911,3.55895
-2.72064,522.182,10.7033,55.2773,3.55583
1.34135,550.432,13.2381,66.3255,4.09009
-4.30318,526.225,10.1221,52.9191,3.37477
1.06355,587.244,13.9719,70.1439,4.04992
1.51109,572.579,13.8617,69.364,4.11492
-1.24208,575.057,12.5,63.836,3.73785
0.845831,561.047,13.2361,66.5556,4.01885
-0.0170251,509.314,11.6175,58.7893,3.8991
-2.3204,549.255,11.4394,58.8981,3.60382
-4.56429,514.594,9.79446,51.3108,3.34617
-0.987278,530.643,11.6511,59.3874,3.77058
1.67385,595.901,14.5175,72.56,4.13894
-2.91531,597.22,12.1466,62.8245,3.53282
-2.32245,543.618,11.321,58.2897,3.60357
-4.43291,556.306,10.6448,55.7082,3.36052
1.93029,501.072,12.329,61.5069,4.17722
-4.50472,512.479,9.77773,51.1992,3.35266
-2.5268,533.48,11.0198,56.8274,3.57895
-4.30573,546.868,10.5181,54.9905,3.37449
-3.31876,526.876,10.5442,54.7061,3.4858
-3.20535,559.918,11.2565,58.3507,3.49893
0.433322,581.035,13.4889,68.0329,3.96093
1.28289,510.692,12.2545,61.4236,4.08159
-3.12329,556.007,11.2147,58.0972,3.50847
-4.52539,565.854,10.7871,56.4936,3.35041
-4.21538,551.411,10.6442,55.6106,3.38447
-4.8402,521.788,9.82101,51.5614,3.31631
-2.88661,519.952,10.5872,54.747,3.5362
0.27263,537.578,12.4019,62.6248,3.93871
0.582007,548.489,12.8074,64.5252,3.98167
1.53092,577.267,13.986,69.9756,4.11784
0.0344764,524.923,11.9977,60.6902,3.9061
-2.92813,537.587,10.9281,56.528,3.53131
-0.597405,514.893,11.4802,58.346,3.82147
-2.76182,572.407,11.7135,60.5135,3.55094
-3.72044,536.358,10.5622,54.97,3.43988
0.0492413,593.556,13.5742,68.6575,3.90811
-3.14525,550.8,11.0999,57.5123,3.50591
-2.47534,557.253,11.5345,59.4583,3.58513
-1.92148,506.09,10.7088,54.9699,3.65258
-2.49235,536.499,11.0974,57.2125,3.58309
0.111621,585.751,13.4285,67.8891,3.91662
-1.54609,536.823,11.5295,59.0146,3.69934
-2.84733,538.654,10.9853,56.7882,3.54083
-4.94138,571.452,10.7117,56.2826,3.30546
-4.46006,508.709,9.72335,50.8967,3.35755
0.362357,572.212,13.2473,66.8494,3.9511
1.80065,581.725,14.2419,71.1168,4.1578
0.551986,500.983,11.6845,58.8805,3.97747
-4.63319,560.484,10.6382,55.761,3.33868
1.90329,577.09,14.1846,70.7781,4.17316
-1.05462,593.063,12.9872,66.2306,3.76189
-0.716222,589.663,13.086,66.566,3.80585
-3.74699,583.745,11.4831,59.775,3.43688
-0.761777,512.199,11.3465,57.7373,3.79989
0.901418,523.761,12.3832,62.2416,4.02675
-3.8803,546.856,10.6999,55.7557,3.42184
-0.0484513,556.089,12.6688,64.1245,3.89483
0.835882,591.688,13.9535,70.1684,4.01744
-0.793523,548.678,12.1395,61.7868,3.79574
-1.48976,562.126,12.0998,61.9078,3.70644
0.33261,581.233,13.4405,67.8392,3.94698
-1.10198,562.476,12.2943,62.7198,3.7558
0.272754,597.941,13.7946,69.657,3.93872
0.0990507,599.84,13.7447,69.4942,3.9149
1.48236,533.301,12.8965,64.5474,4.1107
-2.04453,538.361,11.3362,58.2444,3.63744
-2.60276,531.121,10.9379,56.4378,3.56987
-1.19373,563.015,12.2616,62.596,3.74403
-4.53288,560.27,10.6774,55.9224,3.34959
-2.98016,559.213,11.3441,58.7032,3.5252
-0.984392,504.601,11.0806,56.4781,3.77095
0.0209585,501.223,11.4499,57.9253,3.90426
-3.80143,587.881,11.5392,60.0922,3.43073
-0.452673,517.794,11.6108,58.9459,3.84061
-2.89978,543.392,11.0587,57.1908,3.53465
0.759412,551.841,12.9751,65.2849,4.00662
-0.0201763,593.694,13.5405,68.5224,3.89867
-3.28543,506.128,10.1425,52.6086,3.48965
-0.388154,553.913,12.4522,63.1873,3.84919
-2.44816,521.385,10.8038,55.6799,3.5884
-4.74304,589.194,11.1335,58.4074,3.32678
0.666562,520.208,12.1872,61.3622,3.99353
0.0433918,520.994,11.9121,60.2531,3.90731
0.250345,554.548,12.7823,64.5561,3.93564
-1.52514,587.03,12.6182,64.5773,3.70198
-0.0384216,580.025,13.2193,66.9059,3.89619
-1.97781,501.801,10.5944,54.4056,3.64564
-1.15847,561.314,12.2416,62.4772,3.74855
-2.41451,580.966,12.0545,62.11,3.59245
-1.60103,598.489,12.8259,65.6779,3.69245
-3.61763,549.064,10.8572,56.4603,3.45155
-2.03679,545.081,11.4812,58.9861,3.63839
-0.8641,507.891,11.2059,57.065,3.78655
-0.918462,595.691,13.1149,66.814,3.77949
-1.62182,593.668,12.7121,65.1055,3.68984
-1.86261,597.431,12.6712,65.014,3.65986
-3.40088,542.868,10.8285,56.2169,3.47634
-2.90307,506.766,10.3119,53.3303,3.53426
0.553226,597.337,13.9324,70.2077,3.97764
-2.05358,511.552,10.7678,55.3279,3.63633
0.537578,502.985,11.7246,59.0888,3.97546
0.567295,503.43,11.7485,59.1968,3.97961
-1.23031,588.688,12.8022,65.3737,3.73936
-3.15836,575.226,11.586,60.0373,3.50439
0.581204,506.042,11.8159,59.5301,3.98156
-1.20877,555.119,12.0825,61.6884,3.74211
-0.0605417,577.649,13.1538,66.585,3.8932
0.717409,543.904,12.7676,64.2605,4.00069
0.224846,576.693,13.2795,67.0798,3.93213
-4.76742,581.592,10.979,57.6079,3.32415
-0.695808,595.401,13.224,67.2576,3.80853
-2.12709,526.091,11.0415,56.7661,3.62733
-0.351162,504.963,11.3683,57.6712,3.85412
1.10664,509.716,12.1477,60.9664,4.05612
-3.59103,526.678,10.4257,54.2051,3.45458
-0.299207,583.127,13.1548,66.7083,3.86107
-1.70373,501.58,10.7055,54.8622,3.6796
-1.96835,520.573,10.9948,56.458,3.6468
-3.46008,515.739,10.2629,53.3051,3.46955
-0.325163,594.566,13.3992,67.9609,3.8576
0.708088,559.444,13.1276,66.077,3.99937
-1.53679,533.593,11.4643,58.677,3.70051
-1.83913,519.348,11.0253,56.5594,3.66277
0.664828,506.053,11.8547,59.6891,3.99329
-1.98351,576.151,12.1613,62.4552,3.64494
-4.19291,591.416,11.4268,59.6889,3.38696
0.23093,550.993,12.6907,64.1028,3.93297
-0.243467,532.383,12.0364,61.0115,3.86854
-4.78544,507.34,9.5703,50.2235,3.32221
0.0332562,511.513,11.6906,59.1375,3.90593
-4.26983,577.619,11.1257,58.1506,3.37845
-4.80706,537.159,10.1239,53.1379,3.31988
1.00733,514.397,12.212,61.3337,4.04187
-2.89746,534.911,10.8871,56.3024,3.53492
-2.14036,528.159,11.0791,56.9649,3.62571
-3.96835,574.474,11.2005,58.4042,3.41197
-1.15815,536.093,11.6917,59.6707,3.74859
-3.77731,504.294,9.90809,51.5885,3.43345
1.56074,514.162,12.4714,62.3845,4.12223
-2.98086,538.15,10.9165,56.4909,3.52512
-3.00547,534.13,10.8243,56.0243,3.52223
-1.89161,572.077,12.1195,62.1969,3.65627
1.78586,510.813,12.4987,62.4187,4.1556
1.64428,583.467,14.1984,70.9799,4.13456
-0.901642,520.142,11.4592,58.3716,3.78167
-1.6569,531.808,11.3717,58.2559,3.68545
1.69477,512.946,12.5067,62.5001,4.14205
-3.17382,568.44,11.4423,59.2993,3.50259
-4.24864,592.138,11.4151,59.6534,3.38079
-0.869407,543.762,11.9948,61.085,3.78586
-0.645933,532.053,11.8402,60.1973,3.81508
-0.215278,548.681,12.4186,62.9357,3.87232
1.72028,596.222,14.5515,72.7052,4.14584
-0.987157,593.539,13.0322,66.4267,3.7706
-2.00178,523.336,11.0385,56.6968,3.64269
-2.13284,526.238,11.0421,56.7715,3.62663
1.67716,528.386,12.8744,64.3457,4.13944
1.25885,598.973,14.3595,71.987,4.0781
-3.77686,509.665,10.0138,52.1387,3.4335
-4.95906,571.324,10.7016,56.2374,3.30357
-3.70959,598.914,11.7992,61.4029,3.44111
-3.31251,554.727,11.1043,57.6096,3.48653
-1.50457,551.577,11.8658,60.7172,3.70457
1.64785,570.683,13.8892,69.4325,4.13509
1.9825,510.082,12.576,62.7157,4.18508
-2.21471,545.438,11.4077,58.6881,3.61664
-2.28423,508.879,10.6137,54.632,3.6082
1.86911,503.578,12.3614,61.6958,4.16804
-0.256807,557.977,12.6084,63.9175,3.86675
-1.69974,512.173,10.9333,56.028,3.6801
1.60628,574.19,13.9521,69.7679,4.12895
-1.184,507.86,11.0647,56.4814,3.74528
-2.91026,575.637,11.71,60.564,3.53341
-2.64191,541.149,11.127,57.4307,3.56519
-2.19963,582.603,12.1924,62.7174,3.61848
-0.456931,540.691,12.1222,61.5441,3.84005
-2.24133,525.144,10.9717,56.456,3.61341
-1.70308,566.52,12.0918,61.9666,3.67968
-2.57567,583.991,12.0397,62.11,3.5731
1.37473,553.453,13.328,66.7596,4.09496
-3.89537,554.928,10.8512,56.551,3.42015
-3.10431,564.528,11.3952,59.0238,3.51068
-4.71024,541.495,10.2458,53.7364,3.33033
-1.46822,547.781,11.8011,60.3696,3.70915
-2.63098,586.173,12.0581,62.231,3.5665
-0.122786,501.522,11.3924,57.6957,3.88478
1.78902,542.757,13.2819,66.3287,4.15607
1.49846,529.53,12.8132,64.1234,4.11307
-4.24681,538.347,10.3789,54.2377,3.381
-4.41769,516.237,9.88415,51.7212,3.36219
-0.476178,500.499,11.2126,56.9344,3.83749
0.148179,588.155,13.5029,68.2468,3.92162
-3.14944,597.683,12.0427,62.3991,3.50542
0.269366,538.575,12.4233,62.7344,3.93826
1.92722,503.205,12.38,61.7628,4.17676
-2.60023,582.632,11.9999,61.9165,3.57017
-1.87087,552.002,11.7038,60.0543,3.65884
-0.55729,504.382,11.2636,57.228,3.82676
1.1359,536.212,12.7937,64.1947,4.06033
-4.30847,527.095,10.1367,52.9975,3.37419
-0.996426,583.734,12.8122,65.3101,3.7694
-3.0008,533.429,10.8121,55.9592,3.52278
-3.34664,558.122,11.157,57.8982,3.48259
-4.09799,508.145,9.85562,51.4434,3.3975
1.76673,587.8,14.3717,71.7829,4.15275
-3.3849,596.438,11.9047,61.7963,3.47818
1.16135,588.6,14.0575,70.5232,4.064
-1.60627,504.241,10.8039,55.3258,3.69179
-0.860867,590.09,13.0211,66.3076,3.78697
-2.30666,564.278,11.7587,60.5358,3.60548
-2.75014,581.432,11.9038,61.4908,3.55233
-0.267045,540.448,12.2074,61.8893,3.86537
-2.70166,583.868,11.9768,61.8451,3.55808
-4.17182,550.738,10.65,55.6216,3.3893
0.401106,587.565,13.6233,68.7272,3.95646
-0.6085,569.178,12.6851,64.4746,3.82001
-0.848805,539.636,11.9135,60.6615,3.78854
0.970003,549.717,13.0316,65.4679,4.03653
-0.0662713,570.924,12.9977,65.7978,3.89242
1.57162,596.387,14.472,72.386,4.12383
0.761798,523.194,12.3027,61.9005,4.00695
-4.65862,575.418,10.9104,57.1992,3.33592
-0.469408,548.347,12.2878,62.3907,3.83839
-3.25588,577.263,11.5817,60.06,3.49307
1.44039,559.094,13.4982,67.5797,4.10455
1.7359,541.004,13.2118,66.0042,4.14816
-0.912101,551.436,12.1436,61.8628,3.78031
-1.7632,514.125,10.9474,56.1272,3.67219
-2.55256,585.137,12.0745,62.2782,3.57587
-0.299882,545.992,12.3168,62.4589,3.86098
-2.28887,519.847,10.8405,55.8012,3.60764
1.74157,545.651,13.3282,66.5829,4.149
1.28015,575.684,13.8126,69.2346,4.08119
-3.48018,583.647,11.6049,60.2846,3.46724
-3.30766,554.023,11.0924,57.5455,3.48709
-2.77239,522.515,10.6881,55.2202,3.54969
-2.9674,587.317,11.9203,61.6789,3.5267
1.98565,556.894,13.7318,68.478,4.18555
0.955461,510.711,12.1,60.7945,4.03445
-1.019,574.345,12.5949,64.2133,3.76648
1.63332,520.033,12.6494,63.2413,4.13294
-4.34739,597.17,11.4663,59.9671,3.36991
1.52263,536.199,12.9868,64.9804,4.11662
-2.38394,572.338,11.89,61.2479,3.59614
-1.83605,542.904,11.5268,59.1305,3.66315
0.872078,591.16,13.9607,70.1859,4.02258
0.864962,527.995,12.4656,62.6726,4.02157
-4.05468,506.061,9.83235,51.3047,3.40232
-3.03381,553.395,11.202,57.9918,3.51891
-0.421757,564.086,12.6642,64.279,3.84472
-0.886333,525.819,11.5913,59.0375,3.78366
-2.25485,527.286,11.0105,56.6617,3.61176
-4.00451,530.592,10.3298,53.8795,3.40792
0.0890634,591.717,13.5533,68.5314,3.91354
1.89601,555.281,13.6447,68.0877,4.17207
1.09934,572.376,13.6371,68.4453,4.05507
-0.408936,595.308,13.3719,67.8645,3.84643
1.64294,553.987,13.4803,67.3907,4.13437
1.5846,567.036,13.7667,68.8516,4.12575
-1.23562,585.399,12.728,64.9975,3.73868
-2.95016,521.191,10.5855,54.765,3.52872
1.23826,583.631,13.9805,70.0977,4.07512
-1.91626,592.705,12.5442,64.3886,3.65323
-3.55786,599.382,11.8807,61.7541,3.45836
-2.47252,586.474,12.1407,62.5818,3.58547
1.82962,530.488,13.002,64.912,4.16213
1.71518,542.427,13.236,66.1346,4.14508
-0.680796,571.082,12.6913,64.5413,3.8105
1.4125,513.337,12.3801,61.9945,4.10047
-3.32268,547.935,10.9639,56.8854,3.48535
-1.09887,559.078,12.2216,62.3471,3.7562
-3.44888,502.366,10.0013,51.9418,3.47083
-1.84098,543.48,11.5368,59.1839,3.66254
-3.7391,521.189,10.2558,53.383,3.43777
-1.21862,511.07,11.1194,56.7755,3.74085
-1.18888,500.855,10.91,55.6937,3.74465
-0.933814,576.603,12.687,64.6414,3.7775
1.8203,557.399,13.6567,68.185,4.16074
1.64368,548.085,13.337,66.6743,4.13448
-0.0216638,581.688,13.2659,67.1335,3.89847
-4.5482,508.578,9.68626,50.7375,3.34792
-3.39627,574.674,11.465,59.5194,3.47687
-0.0993589,555.732,12.6354,63.9797,3.88794
-2.24847,519.47,10.85,55.8332,3.61254
1.54892,549.041,13.3114,66.5918,4.12049
0.0851579,517.24,11.8456,59.8983,3.913
-4.48675,574.712,10.9731,57.4503,3.35463
-2.22604,514.536,10.7566,55.3428,3.61527
-4.62359,549.538,10.4345,54.6891,3.33972
-3.60455,557.472,11.0292,57.3492,3.45304
1.24557,504.146,12.0799,60.565,4.07617
-3.10517,541.026,10.9204,56.565,3.51058
-4.98881,564.697,10.5647,55.531,3.30039
-4.64419,574.573,10.9008,57.1422,3.33748
1.604,572.954,13.9208,69.6127,4.12861
-2.49861,533.656,11.0359,56.8978,3.58233
-0.30798,515.361,11.6221,58.9397,3.85989
-4.11895,571.92,11.0832,57.8604,3.39517
1.42009,539.711,13.02,65.1952,4.10158
1.73757,533.286,13.0242,65.0659,4.14841
0.700946,584.795,13.7187,69.0557,3.99837
-1.37966,580.14,12.5421,64.1173,3.72035
0.917904,511.469,12.1003,60.8125,4.0291
0.455937,547.588,12.7236,64.1625,3.96408
-2.09512,504.966,10.6116,54.5427,3.63124
-1.4332,500.914,10.8064,55.2664,3.71358
0.220016,500.006,11.5114,58.1508,3.93147
-4.74899,584.414,11.0405,57.9222,3.32614
0.996941,571.607,13.5647,68.1327,4.04038
-3.70249,550.81,10.8546,56.4841,3.44191
-3.81677,543.007,10.6518,55.4777,3.429
1.9697,552.82,13.623,67.943,4.18315
-0.289189,521.612,11.7717,59.6902,3.86241
-0.776677,591.592,13.0976,66.6552,3.79794
-4.1468,509.806,9.86838,51.5296,3.39207
1.85174,586.097,14.3773,71.7665,4.16544
-2.15098,519.882,10.9008,56.053,3.62441
-0.820748,507.082,11.2071,57.053,3.79219
0.941613,525.705,12.4486,62.552,4.03248
-0.409619,559.449,12.5661,63.7752,3.84634
-1.44989,502.042,10.8236,55.3613,3.71147
0.309872,531.032,12.2688,61.9353,3.94384
-2.00506,534.052,11.2631,57.8516,3.64229
-3.82607,579.709,11.3675,59.2095,3.42795
1.31712,596.646,14.3361,71.8393,4.08656
-0.578626,516.575,11.5262,58.5716,3.82394
1.12805,557.863,13.3062,66.7703,4.0592
1.32427,546.673,13.139,65.837,4.0876
-0.109271,580.546,13.1945,66.8154,3.8866
1.4777,591.167,14.2932,71.5405,4.11002
-4.74603,507.623,9.59093,50.3162,3.32646
-4.24769,515.167,9.93163,51.9007,3.3809
1.40222,558.654,13.4676,67.4454,4.09897
-4.40959,567.048,10.8606,56.827,3.36308
-3.78884,500.374,9.82651,51.1683,3.43215
-0.605712,536.036,11.9477,60.7257,3.82037
-2.78782,543.673,11.114,57.4276,3.54786
-4.96886,512.247,9.59124,50.4061,3.30252
-3.97366,548.151,10.685,55.7184,3.41137
-0.645125,507.654,11.2976,57.4383,3.81518
1.81129,521.149,12.7641,63.7326,4.15939
0.948972,525.616,12.45,62.556,4.03353
-2.05784,561.006,11.8067,60.6684,3.63581
-1.11048,526.441,11.5029,58.6857,3.7547
1.99135,574.334,14.165,70.6352,4.18641
1.50738,581.257,14.0698,70.407,4.11438
0.448486,506.114,11.7566,59.289,3.96304
-0.822362,570.91,12.617,64.2313,3.79198
-1.87832,528.275,11.1974,57.4592,3.65791
-4.47438,518.252,9.90002,51.8272,3.35598
-1.51376,589.345,12.6737,64.8555,3.70341
1.26578,599.235,14.3696,72.0343,4.07911
1.83849,534.735,13.1107,65.4501,4.16346
-3.2638,582.29,11.6789,60.5675,3.49216
-0.619193,591.358,13.1738,66.9642,3.8186
1.61531,580.508,14.1105,70.5556,4.13028
1.63168,576.491,14.0218,70.1034,4.1327
-0.633372,566.785,12.6194,64.1526,3.81673
-3.94653,527.942,10.3023,53.7115,3.41441
-3.97607,597.344,11.6427,60.714,3.4111
-3.05304,577.479,11.6806,60.4781,3.51667
-2.00768,516.375,10.8891,55.932,3.64196
-2.72771,565.848,11.5951,59.8861,3.55499
0.279951,574.607,13.26,66.954,3.93971
-1.80527,576.496,12.255,62.8512,3.66697
-1.73579,523.846,11.1665,57.2387,3.67561
1.07723,584.263,13.9084,69.818,4.05189
-3.42648,592.427,11.8049,61.2981,3.4734
-0.0816576,578.603,13.1646,66.6502,3.89034
-3.88495,537.149,10.508,54.7577,3.42132
-0.024055,517.803,11.8079,59.7559,3.89814
-3.66075,584.79,11.5436,60.05,3.44665
-4.29271,502.23,9.66465,50.5233,3.37593
-0.410904,597.179,13.4129,68.0735,3.84616
-2.38539,590.23,12.261,63.1596,3.59596
1.37036,535.956,12.9045,64.6402,4.09432
-3.84062,549.09,10.7608,56.0557,3.42631
1.20948,505.28,12.0902,60.6322,4.07095
-1.1809,544.785,11.8706,60.594,3.74567
1.46829,552.253,13.3475,66.8115,4.10864
-3.65913,515.698,10.1804,52.9579,3.44683
0.505427,578.165,13.4601,67.8516,3.97097
-0.806352,571.858,12.6459,64.3708,3.79407
-4.948,596.337,11.1752,58.7208,3.30475
-4.51623,562.06,10.7187,56.1316,3.35141
1.41906,584.082,14.0898,70.5527,4.10143
-4.64676,586.606,11.1279,58.3339,3.3372
1.20378,594.84,14.23,71.3662,4.07013
1.42195,562.02,13.5592,67.894,4.10185
-0.503102,528.55,11.8285,60.0737,3.83393
-1.23736,590.221,12.832,65.5292,3.73846
-0.631046,509.292,11.3403,57.6494,3.81704
-0.743244,525.852,11.6575,59.3114,3.80232
0.068982,504.107,11.5375,58.3474,3.9108
-2.20511,524.183,10.9674,56.4185,3.61781
-3.17744,547.703,11.0232,57.1293,3.50217
-1.18986,594.471,12.9487,66.1014,3.74453
-4.28243,560.532,10.7911,56.4073,3.37706
-4.34277,503.891,9.67704,50.6078,3.37042
-0.613124,579.227,12.9067,65.6033,3.8194
-2.94622,550.687,11.1864,57.8717,3.52918
1.88496,564.173,13.8573,69.154,4.17041
-2.34925,517.189,10.7592,55.4081,3.60033
0.589394,554.553,12.9528,65.2538,3.9827
-1.6172,580.561,12.4337,63.6774,3.69042
1.63007,590.169,14.3536,71.7632,4.13246
-2.69955,576.228,11.8211,61.04,3.55833
0.0705754,588.141,13.4616,68.0773,3.91101
0.829675,551.273,12.9973,65.3626,4.01656
-0.294095,534.37,12.0573,61.1407,3.86175
-4.67948,571.441,10.8258,56.7652,3.33366
-1.29235,541.349,11.7439,59.9976,3.73145
-3.95767,536.426,10.4631,54.5549,3.41316
-2.55202,596.004,12.299,63.436,3.57593
-2.63755,580.032,11.9286,61.5659,3.56571
-1.27884,523.084,11.3538,57.9984,3.73317
-4.80939,566.795,10.6815,56.0652,3.31963
-1.39105,526.072,11.3681,58.1206,3.71891
0.179273,550.937,12.6638,63.9913,3.92587
1.07178,547.44,13.029,65.4064,4.05111
-3.64952,580.098,11.4562,59.5898,3.44793
1.33103,533.727,12.8312,64.2916,4.08859
-2.31599,508.402,10.5904,54.525,3.60435
-4.99032,595.566,11.1416,58.5637,3.30023
-4.842,526.284,9.90491,52.0026,3.31612
-3.60269,529.161,10.4699,54.4401,3.45325
-2.99977,569.197,11.5376,59.7135,3.5229
-1.00643,516.874,11.3403,57.8111,3.76811
-1.08907,591.998,12.9462,66.0389,3.75746
0.674992,594.766,13.9384,70.1754,3.99472
1.83095,547.937,13.4304,67.05,4.16233
-0.172346,534.189,12.1109,61.357,3.8781
-3.9837,596.516,11.623,60.6148,3.41025
-0.875739,587.046,12.9464,65.9342,3.78504
-0.557468,509.404,11.3757,57.7975,3.82674
-4.52406,591.087,11.2687,59.0154,3.35055
-2.17518,594.973,12.4633,64.0994,3.62146
1.69655,591.746,14.429,72.1055,4.14231
-1.27172,543.874,11.8083,60.3173,3.73407
-3.37193,556.567,11.1146,57.6895,3.47968
0.238442,530.608,12.2248,61.7458,3.934
-4.26533,590.675,11.3792,59.4737,3.37895
0.804433,508.619,11.9798,60.2573,4.01298
-2.48322,507.159,10.4943,54.0996,3.58418
-0.615526,564.677,12.5813,63.9504,3.81908
1.26404,572.278,13.7223,68.79,4.07885
0.782044,580.722,13.6662,68.7508,4.00981
-0.72846,500.091,11.0929,56.4324,3.80425
-4.20717,512.752,9.90126,51.7256,3.38538
1.56421,534.901,12.9762,64.908,4.12274
-4.17619,562.1,10.8678,56.7611,3.38881
-2.43183,583.514,12.0991,62.3477,3.59036
0.319189,503.097,11.6276,58.6945,3.94513
-2.01954,504.341,10.6304,54.6077,3.64051
-0.741439,557.389,12.3575,62.8721,3.80255
-4.83779,586.216,11.0347,57.9325,3.31657
-2.20486,541.893,11.338,58.3251,3.61784
-0.827274,577.845,12.7678,65.0012,3.79134
-2.50509,581.281,12.0176,61.9626,3.58156
-0.725949,522.57,11.5926,58.9737,3.80458
-0.71379,596.173,13.2318,67.3062,3.80617
-0.850453,580.854,12.8226,65.2914,3.78833
-4.89982,580.129,10.8927,57.2148,3.30991
-0.682219,546.545,12.1454,61.7655,3.81031
-4.87497,504.182,9.47627,49.765,3.31258
-3.61103,574.734,11.3678,59.1126,3.4523
-2.68526,588.444,12.0786,62.3628,3.56003
-4.37073,532.724,10.2192,53.4549,3.36734
-4.99461,502.689,9.40244,49.4239,3.29977
-2.7247,528.716,10.8355,55.9616,3.55534
-0.338743,544.186,12.2573,62.1754,3.85578
-0.192546,566.982,12.8442,65.0818,3.87538
-1.26586,553.63,12.0229,61.4107,3.73482
0.833864,552.773,13.0348,65.5492,4.01715
-1.42862,555.663,11.9897,61.316,3.71416
-3.16233,574.149,11.5625,59.9172,3.50393
-1.68709,526.707,11.2492,57.6413,3.68168
-4.08951,502.846,9.75618,50.921,3.39844
-2.74474,571.956,11.7123,60.4991,3.55297
-4.80452,514.628,9.70026,50.9132,3.32015
-0.682629,585.387,13.0083,66.1542,3.81026
1.0543,540.71,12.8601,64.5668,4.0486
-3.60138,594.934,11.7719,61.2093,3.4534
-2.67865,565.096,11.6024,59.9012,3.56082
1.33678,586.907,14.1129,70.7104,4.08942
-3.62206,580.192,11.4707,59.6526,3.45105
-4.86703,561.037,10.5483,55.3912,3.31343
0.105944,550.102,12.6084,63.7458,3.91584
-1.89487,592.648,12.5536,64.4266,3.65587
-1.29057,532.968,11.5629,59.0721,3.73167
0.829186,538.424,12.6941,63.8382,4.01649
-0.13215,555.338,12.6103,63.8677,3.88351
-2.61673,508.457,10.4653,54.0051,3.5682
1.86741,568.177,13.9462,69.6065,4.16778
1.22822,514.209,12.3128,61.7401,4.07366
1.72525,590.081,14.4044,71.9675,4.14657
-4.45388,556.576,10.6409,55.6971,3.35822
-1.4047,518.226,11.1925,57.2287,3.71718
-0.600145,554.992,12.373,62.8843,3.82111
-2.71459,515.639,10.5718,54.5954,3.55655
0.00409359,510.916,11.6637,59.0138,3.90196
-4.0881,586.673,11.3832,59.4126,3.3986
-2.31925,524.018,10.9142,56.1939,3.60396
-2.40275,505.196,10.4873,54.03,3.59387
-4.82905,586.639,11.0466,57.9908,3.31751
-4.16327,515.947,9.98063,52.1225,3.39025
-4.97635,548.069,10.2588,53.9178,3.30172
-2.18936,505.927,10.592,54.4811,3.61973
-2.9518,529.867,10.761,55.6737,3.52853
-3.51375,582.538,11.5673,60.1046,3.4634
-3.28652,558.978,11.2011,58.1,3.48953
-2.64711,562.706,11.5679,59.7085,3.56457
-0.948564,511.58,11.2498,57.3248,3.77559
-0.518382,598.037,13.3755,67.9383,3.8319
-1.03889,518.716,11.3661,57.957,3.76392
-4.45886,529.322,10.1178,52.9612,3.35768
-1.56212,514.78,11.049,56.5622,3.69733
0.923073,548.98,12.9904,65.2832,4.02984
-2.0037,540.86,11.4073,58.5916,3.64245
-2.45705,561.136,11.6234,59.9079,3.58733
-0.283775,590.873,13.3376,67.6277,3.86313
0.587196,593.499,13.8612,69.8317,3.98239
1.35644,574.459,13.8241,69.2536,4.09229
-0.0670442,574.028,13.068,66.154,3.89232
1.16784,546.707,13.0603,65.5172,4.06493
-3.50455,564.733,11.2179,58.2849,3.46445
-3.77215,558.047,10.9665,57.097,3.43403
1.26883,508.771,12.2018,61.1655,4.07955
1.49104,502.708,12.1607,60.8611,4.11198
-2.15186,529.653,11.1053,57.1049,3.6243
0.427089,511.399,11.8694,59.8674,3.96007
-4.64512,550.488,10.4434,54.7452,3.33738
0.920033,592.382,14.0157,70.4377,4.0294
-1.15702,582.134,12.6964,64.7977,3.74873
-3.41963,578.322,11.527,59.852,3.47419
-1.65359,588.919,12.5946,64.5189,3.68586
0.799108,536.018,12.6226,63.4926,4.01223
-0.942673,563.113,12.3858,63.1111,3.77635
-1.73453,571.36,12.1799,62.4329,3.67576
0.797163,581.749,13.6984,68.9052,4.01195
-1.29653,560.929,12.1667,62.1592,3.73091
0.56594,553.074,12.9064,65.0315,3.97942
-1.56789,529.955,11.3721,58.2188,3.6966
-2.78279,531.051,10.8582,56.1035,3.54846
-4.2066,591.979,11.4314,59.7191,3.38544
1.20191,574.787,13.7492,68.9563,4.06986
-2.56554,526.206,10.8528,55.9826,3.57431
0.372938,593.027,13.7349,69.3043,3.95256
-3.29209,562.041,11.26,58.4078,3.48888
-4.46165,583.006,11.1427,58.3271,3.35737
-3.28047,584.137,11.7081,60.7268,3.49023
1.80025,501.475,12.277,61.3054,4.15775
-2.47869,519.996,10.7619,55.477,3.58473
0.436309,552.366,12.8248,64.6821,3.96135
-2.65209,576.051,11.8399,61.1147,3.56398
-2.28098,569.829,11.8865,61.1819,3.60859
-3.77268,563.781,11.0789,57.6826,3.43397
0.793154,517.182,12.1762,61.2499,4.01139
-4.49705,503.026,9.60035,50.2674,3.3535
0.178015,548.611,12.6097,63.7186,3.9257
-0.297441,506.838,11.4346,57.9843,3.8613
-3.89664,592.166,11.5788,60.3433,3.42001
-4.89685,585.609,10.997,57.7609,3.31023
-4.57744,571.558,10.8729,56.9662,3.34474
-3.76479,524.273,10.3058,53.6541,3.43486
-2.63955,548.197,11.273,58.1832,3.56548
0.902126,588.211,13.9073,69.9022,4.02685
-3.66589,599.663,11.8348,61.567,3.44607
-1.02816,542.609,11.8947,60.6473,3.7653
-3.92644,501.644,9.79704,51.0694,3.41666
-1.84676,515.764,10.9459,56.1553,3.66182
-4.04261,586.012,11.3913,59.4335,3.40367
-1.61942,572.238,12.2544,62.7601,3.69014
-2.34871,563.857,11.7302,60.4088,3.60039
-1.0394,598.451,13.113,66.8648,3.76385
-0.771175,517.402,11.4576,58.3064,3.79866
-3.62483,567.127,11.2111,58.3041,3.45073
-0.922291,563.341,12.4008,63.1778,3.77899
-1.37923,545.003,11.7827,60.2348,3.72041
-2.75515,527.277,10.7929,55.7545,3.55173
-2.92196,568.228,11.5539,59.7619,3.53204
-4.23061,510.582,9.85005,51.4675,3.38279
-4.30606,580.702,11.1687,58.392,3.37446
-1.41614,578.741,12.4938,63.8881,3.71574
-3.51985,543.851,10.7964,56.1019,3.46271
-0.371707,554.39,12.471,63.2748,3.85138
-2.15547,561.834,11.7784,60.5675,3.62386
-4.37944,599.218,11.4907,60.1099,3.36638
-0.044533,536.06,12.2144,61.8226,3.89536
0.575179,523.292,12.2158,61.5476,3.98071
0.518808,556.453,12.9614,65.3313,3.97284
0.672369,559.57,13.1123,66.0172,3.99435
-0.413371,508.762,11.4259,57.9901,3.84584
0.155393,519.507,11.9302,60.295,3.9226
-1.47692,521.278,11.2263,57.4328,3.70806
-2.50896,519.374,10.7361,55.3567,3.58109
-3.87465,592.071,11.5872,60.3768,3.42248
-1.1187,521.671,11.3949,58.1386,3.75365
-2.05403,530.515,11.1667,57.378,3.63627
-1.63009,551.339,11.8019,60.4473,3.68881
0.0223571,504.672,11.5294,58.3264,3.90445
-1.98535,541.666,11.4326,58.7135,3.64471
0.702653,522.621,12.2609,61.7172,3.99861
-2.15436,512.139,10.737,55.2123,3.624
-3.62136,518.892,10.259,53.3513,3.45113
-1.32105,580.864,12.5869,64.318,3.72779
-0.8572,565.964,12.4906,63.604,3.78745
0.167202,586.123,13.4662,68.0521,3.92422
1.94743,555.82,13.6851,68.264,4.1798
-3.58506,520.897,10.3137,53.6206,3.45526
-1.33058,566.199,12.2645,62.675,3.72658
1.60012,543.737,13.209,66.0548,4.12804
-2.57823,598.543,12.3385,63.6525,3.5728
-3.15728,546.88,11.0156,57.0808,3.50451
-2.15763,568.808,11.9235,61.3151,3.6236
-4.89765,578.085,10.8553,57.0173,3.31014
-4.81102,587.97,11.0798,58.1567,3.31945
-2.41621,545.494,11.3178,58.3146,3.59224
-0.431515,581.825,13.0574,66.2798,3.84342
-1.35126,541.238,11.7142,59.8723,3.72396
-1.96079,574.962,12.1472,62.3718,3.64773
-2.67686,524.318,10.7659,55.5818,3.56103
0.348086,559.059,12.9356,65.2831,3.94912
-2.49583,543.201,11.2345,57.9206,3.58267
-1.86984,575.658,12.2059,62.6299,3.65896
-0.513796,529.029,11.8343,60.1077,3.83251
-4.82991,519.091,9.77432,51.3121,3.31742
-4.36496,518.3,9.94483,52.0173,3.36798
-3.11671,562.264,11.3439,58.7635,3.50924
-3.06599,526.632,10.6466,55.1299,3.51515
-1.57189,534.456,11.4669,58.7057,3.6961
-3.36505,511.425,10.216,53.0223,3.48047
-3.5772,541.32,10.7215,55.7371,3.45616
0.908707,563.713,13.3315,67.0049,4.02779
-0.681073,528.854,11.7528,59.7684,3.81046
-4.82697,528.567,9.95393,52.2538,3.31774
-4.14918,578.546,11.1979,58.4732,3.39181
-1.16777,598.822,13.0548,66.6323,3.74735
-3.8448,587.434,11.5103,59.9621,3.42584
-4.06148,536.549,10.4219,54.3836,3.40156
-1.00706,521.243,11.4358,58.2986,3.76802
0.402863,564.438,13.088,66.0258,3.95671
-1.5506,589.463,12.6578,64.792,3.69878
1.97866,579.78,14.2923,71.2766,4.1845
-3.47992,538.3,10.7034,55.6012,3.46727
0.539724,575.185,13.4087,67.5752,3.97576
-2.04555,531.882,11.1993,57.5416,3.63731
1.27035,583.113,13.9855,70.1063,4.07977
-2.04977,542.424,11.4193,58.6741,3.63679
-1.91328,552.185,11.688,59.9925,3.65359
-3.09525,542.441,10.9533,56.7312,3.51174
0.567922,513.737,11.9894,60.41,3.9797
-0.726638,517.276,11.4749,58.375,3.80449
0.919673,582.828,13.7895,69.3009,4.02935
-2.16317,518.675,10.8702,55.901,3.62292
-1.19018,591.741,12.889,65.7972,3.74449
-0.11513,516.23,11.73,59.4022,3.88581
1.6697,542.974,13.226,66.1067,4.13833
0.687851,582.985,13.6692,68.8134,3.99652
-0.50888,597.36,13.3654,67.882,3.83316
-4.41647,548.457,10.5016,54.9516,3.36232
0.134203,558.59,12.8171,64.7875,3.9197
0.923886,562.529,13.3114,66.8961,4.02995
-2.86398,580.366,11.828,61.1529,3.53886
-4.88354,582.476,10.944,57.4768,3.31166
-4.33496,556.012,10.6814,55.8567,3.37127
-1.07741,554.985,12.1424,61.9331,3.75896
-1.90346,512.727,10.857,55.723,3.65481
0.597397,524.768,12.2609,61.7646,3.98382
-4.33234,534.265,10.2647,53.6766,3.37156
-3.81932,566.396,11.1094,57.8625,3.42871
-3.17161,511.451,10.296,53.3581,3.50285
-0.799446,519.401,11.489,58.4789,3.79497
-0.535764,554.886,12.4019,63.0014,3.8296
-0.0123809,588.168,13.4186,67.9013,3.89973
-2.51266,575.693,11.8985,61.352,3.58065
-2.49166,513.359,10.6191,54.7461,3.58317
1.39889,537.038,12.9448,64.8289,4.09848
0.0412558,522.916,11.955,60.4712,3.90702
-4.1472,565.165,10.9398,57.1244,3.39203
-3.2139,542.648,10.9056,56.5353,3.49794
-3.46653,567.76,11.2952,58.6696,3.46881
1.92343,517.932,12.7404,63.5628,4.17619
-4.69814,548.366,10.3808,54.4398,3.33164
-3.48479,598.744,11.9029,61.8347,3.46672
0.117481,589.306,13.5131,68.3137,3.91742
-0.0911812,523.674,11.9104,60.3047,3.88905
0.185098,568.572,13.0722,66.0518,3.92667
-2.39189,507.287,10.5352,54.2726,3.59518
1.43878,555.059,13.3999,67.0886,4.10432
-3.48252,576.761,11.4669,59.5688,3.46698
-4.98,554.736,10.3821,54.5672,3.30133
-4.44977,501.315,9.58602,50.1738,3.35867
-3.75347,583.74,11.48,59.7619,3.43614
-2.35288,572.607,11.9103,61.338,3.59989
-4.56718,514.91,9.79933,51.3374,3.34585
-0.407069,550.77,12.3724,62.791,3.84667
-1.20306,508.235,11.0645,56.4887,3.74284
-1.6914,542.631,11.5873,59.3758,3.68114
-3.23307,539.367,10.8313,56.1586,3.49571
0.129173,570.944,13.098,66.2098,3.91901
1.71159,592.159,14.4475,72.19,4.14454
-2.28937,507.172,10.576,54.4398,3.60758
-0.685946,575.142,12.779,64.9895,3.80982
-2.23194,511.329,10.687,54.9875,3.61455
-1.72783,538.645,11.4856,58.8708,3.6766
-1.02043,500.385,10.9724,55.9417,3.7663
1.95424,570.194,14.0427,70.0444,4.18082
-3.27855,506.931,10.1614,52.7037,3.49045
-4.32778,550.645,10.5813,55.3305,3.37206
-2.7732,585.573,11.9775,61.8827,3.54959
1.29157,534.556,12.8315,64.3114,4.08285
-2.81301,506.72,10.3482,53.4808,3.54488
-3.58044,592.19,11.7275,60.9685,3.45579
1.73811,587.145,14.3399,71.6385,4.14849
1.72396,502.773,12.2725,61.3169,4.14638
-1.61843,542.891,11.6264,59.5434,3.69027
1.63305,543.045,13.209,66.0391,4.1329
-1.44338,594.156,12.8128,65.5325,3.71229
-3.38044,592.062,11.8195,61.3518,3.4787
-1.46789,519.193,11.1854,57.2195,3.7092
-4.16833,530.435,10.2588,53.5772,3.38968
0.808952,511.736,12.0554,60.6352,4.01362
-0.376611,543.241,12.2178,61.9926,3.85073
-1.61504,502.642,10.7659,55.1349,3.69069
-3.66445,549.45,10.8444,56.4143,3.44623
-4.20531,521.206,10.0653,52.5817,3.38559
1.12525,561.978,13.4029,67.2569,4.05879
1.78476,596.038,14.5833,72.8302,4.15543
-2.83597,523.186,10.6746,55.1777,3.54217
-2.00093,589.841,12.4417,63.9034,3.64279
-2.41067,586.47,12.1706,62.7062,3.59291
1.71315,533.105,13.0075,64.9939,4.14478
-4.56913,543.022,10.3335,54.1368,3.34564
-0.418738,532.027,11.9459,60.6316,3.84512
0.346879,502.472,11.6257,58.673,3.94895
-1.27367,569.708,12.3683,63.1784,3.73383
1.6551,578.296,14.0784,70.3748,4.13617
-1.20748,527.019,11.4715,58.5681,3.74227
-1.2844,592.199,12.8511,65.65,3.73246
-0.363193,573.893,12.914,65.5185,3.85252
-4.56257,507.8,9.66582,50.6362,3.34636
0.492891,575.878,13.4003,67.5563,3.96922
0.830718,573.136,13.5133,67.9572,4.01671
-3.27002,501.091,10.0478,52.1111,3.49144
-4.94107,543.782,10.1932,53.5578,3.30549
-4.29029,500.286,9.62818,50.3317,3.3762
-1.3581,591.291,12.7941,65.3949,3.72309
1.40152,535.001,12.8971,64.5884,4.09887
-2.72912,556.369,11.4002,58.8801,3.55482
-0.875969,562.757,12.4106,63.2057,3.78501
-2.82231,523.346,10.6837,55.219,3.54378
1.91294,560.842,13.7904,68.8062,4.17461
-1.10841,507.191,11.0831,56.5435,3.75497
-0.885609,510.462,11.2531,57.3146,3.78375
0.461201,594.695,13.821,69.6938,3.96481
-3.73536,511.9,10.0745,52.438,3.43819
-2.6468,529.219,10.8796,56.1558,3.56461
-4.57622,578.179,10.9994,57.6284,3.34487
-1.14581,500.456,10.9198,55.7259,3.75017
1.26507,551.6,13.227,66.3065,4.079
-4.80052,549.766,10.3643,54.3966,3.32058
-0.358302,506.313,11.3955,57.8122,3.85317
0.296862,503.062,11.6166,58.6489,3.94205
-4.4708,517.324,9.88373,51.7405,3.35637
-0.924585,556.676,12.253,62.4257,3.7787
-2.05335,584.756,12.3088,63.2459,3.63636
-3.73715,524.212,10.3161,53.6961,3.43799
-2.4271,513.769,10.6549,54.9039,3.59093
-2.83236,560.797,11.4437,59.1513,3.5426
-3.03547,578.869,11.7169,60.658,3.51872
-1.54943,554.588,11.9094,60.961,3.69892
-1.52457,586.624,12.6098,64.5337,3.70205
1.5449,545.742,13.2293,66.1833,4.1199
-3.7502,524.144,10.3093,53.6664,3.43651
-0.363661,562.788,12.6639,64.2497,3.85246
1.79804,555.275,13.593,67.8777,4.15741
-0.994705,508.154,11.1541,56.857,3.76962
-3.27819,579.561,11.6174,60.2555,3.49049
-3.21131,541.969,10.893,56.4693,3.49824
-0.489748,580.058,12.988,65.956,3.83569
0.208902,541.575,12.4631,62.963,3.92994
1.0648,585.317,13.9267,69.9165,4.0501
-2.88532,542.007,11.0369,57.0717,3.53635
-0.613783,569.805,12.6964,64.5348,3.81931
-0.242175,550.384,12.444,63.077,3.86871
-1.2645,502.951,10.9229,55.7916,3.73499
1.77723,589.813,14.4268,72.0526,4.15431
-4.60531,540.304,10.2667,53.8022,3.34171
-4.52466,553.363,10.5493,55.2478,3.35049
-3.75759,553.161,10.8768,56.6238,3.43568
-1.03787,518.546,11.3629,57.9399,3.76405
1.84571,531.254,13.029,65.0388,4.16454
-4.53905,516.615,9.84297,51.5547,3.34892
-3.7959,598.935,11.7588,61.2332,3.43135
-1.27262,543.911,11.8087,60.3196,3.73396
-1.89086,525.215,11.127,57.1034,3.65636
-2.82981,544.824,11.1189,57.4712,3.5429
-3.51697,576.201,11.44,59.4446,3.46303
-3.2513,544.901,10.9344,56.7014,3.4936
1.35622,500.832,12.0522,60.377,4.09226
1.76156,503.143,12.2994,61.4345,4.15198
0.905115,572.074,13.5274,67.9909,4.02728
-2.38096,595.677,12.3763,63.7515,3.5965
-1.74566,556.173,11.851,60.7518,3.67438
0.36045,582.18,13.4771,68.0097,3.95083
0.744056,512.329,12.0389,60.581,4.00445
0.766049,537.235,12.635,63.5703,4.00755
-3.54663,521.317,10.338,53.7306,3.45965
-0.473697,555.694,12.4504,63.2181,3.83782
-1.09832,576.114,12.5943,64.248,3.75627
-0.327654,551.731,12.4326,63.0596,3.85726
-0.204118,508.838,11.5218,58.3862,3.87382
-2.88922,527.988,10.7497,55.5886,3.53589
-2.72743,535.208,10.9674,56.6438,3.55502
0.727844,578.845,13.5933,68.4112,4.00216
-4.45614,534.433,10.2167,53.4773,3.35797
-0.466415,574.654,12.8788,65.3902,3.83879
-4.89035,515.669,9.68612,50.8733,3.31093
1.11919,521.492,12.4344,62.3996,4.05792
1.72048,579.139,14.1347,70.6224,4.14587
-1.78601,549.921,11.699,59.991,3.66936
1.10625,537.404,12.8073,64.2773,4.05606
1.62711,565.475,13.7514,68.7539,4.13202
-0.819416,551.688,12.1936,62.0744,3.79237
-2.57735,564.933,11.646,60.0798,3.5729
-0.842224,509.38,11.2484,57.2724,3.7894
-2.26395,539.112,11.2534,57.9156,3.61066
-1.23322,515.184,11.2024,57.2058,3.73898
-0.00328407,512.17,11.6889,59.1448,3.90096
1.26847,530.532,12.7235,63.7809,4.0795
-4.70397,574.447,10.872,57.0181,3.33101
-2.57682,568.2,11.7136,60.4283,3.57296
-0.499487,522.522,11.6953,59.3955,3.8344
0.31555,531.721,12.2874,62.0268,3.94462
1.25928,500.636,12.0022,60.1693,4.07816
-1.83962,541.89,11.5037,59.0133,3.6627
0.739436,595.424,13.989,70.3964,4.00379
-3.21399,550.894,11.0712,57.3942,3.49793
-2.67804,547.74,11.2463,58.0626,3.56089
-0.812587,548.908,12.1355,61.7752,3.79326
-0.33816,556.271,12.5298,63.5573,3.85586
1.74649,523.773,12.7963,63.9232,4.14973
1.68807,577.637,14.0803,70.3675,4.14105
-0.934631,516.503,11.3643,57.9022,3.77739
-4.60451,545.576,10.3673,54.3287,3.34179
0.525234,548.399,12.777,64.3987,3.97373
-2.81506,561.415,11.4642,59.2496,3.54464
-0.881421,597.962,13.1842,67.1481,3.7843
-3.32512,516.43,10.3325,53.6105,3.48507
1.58968,521.004,12.6516,63.2723,4.1265
-3.39958,516.921,10.3115,53.5322,3.47649
-1.81259,505.424,10.7411,55.0899,3.66606
-4.45933,527.457,10.082,52.7737,3.35763
-2.00877,599.583,12.6432,64.9425,3.64183
-0.981747,587.296,12.8979,65.7394,3.77129
-4.64861,592.221,11.2336,58.8888,3.337
1.06648,500.155,11.9012,59.7471,4.05034
-1.79519,521.742,11.0955,56.9002,3.66822
1.41336,551.259,13.2951,66.5759,4.1006
0.764605,571.832,13.4479,67.661,4.00735
-1.71692,554.487,11.8285,60.6234,3.67796
-1.0452,510.131,11.1752,56.9862,3.7631
-3.97885,537.491,10.475,54.6256,3.41079
-0.44453,592.023,13.2795,67.4136,3.84169
-1.24057,510.74,11.1026,56.699,3.73805
-4.08446,520.15,10.094,52.6819,3.399
1.53642,519.287,12.5839,62.9582,4.11865
-4.46205,523.454,10.0044,52.3686,3.35733
-1.19596,542.949,11.8236,60.3607,3.74375
-3.67248,514.119,10.1438,52.7729,3.44532
-0.0183965,556.851,12.7011,64.2737,3.89891
-1.76155,578.779,12.3249,63.1887,3.6724
-2.02573,543.653,11.4561,58.8525,3.63975
1.67996,580.41,14.1435,70.6874,4.13985
-4.39686,569.243,10.9082,57.0706,3.36447
-1.34605,575.342,12.4549,63.6555,3.72462
0.220272,563.025,12.9624,65.4804,3.9315
1.4523,502.254,12.1315,60.7321,4.1063
0.293505,596.979,13.7836,69.5907,3.94158
0.63759,540.609,12.6508,63.7101,3.98946
-4.78424,590.642,11.1422,58.4721,3.32234
-2.88482,500.262,10.187,52.6769,3.53641
0.748376,532.136,12.5064,62.9318,4.00506
-3.4226,509.602,10.1561,52.7348,3.47385
-2.74499,584.428,11.9676,61.8179,3.55294
-2.08254,594.345,12.4961,64.2228,3.63278
0.276379,543.37,12.5374,63.307,3.93922
0.817455,594.879,14.0187,70.5057,4.01483
-3.27425,538.338,10.7928,55.9769,3.49095
-1.98992,510.77,10.7785,55.3565,3.64415
-1.29942,541.364,11.741,59.9857,3.73055
0.898179,569.666,13.4668,67.6899,4.02629
0.371349,589.857,13.6606,68.9304,3.95234
-1.17204,529.074,11.5323,58.8632,3.74681
1.27747,501.681,12.0358,60.3295,4.0808
-3.40388,594.81,11.8632,61.5898,3.476
-4.74717,509.753,9.63074,50.5255,3.32634
-4.96213,526.411,9.85914,51.8113,3.30324
1.59542,531.333,12.9053,64.5384,4.12734
-0.318926,549.148,12.3787,62.7819,3.85843
-4.57519,594.19,11.3045,59.2263,3.34498
-4.34829,570.412,10.9521,57.2785,3.36981
-2.38198,539.663,11.2121,57.7549,3.59637
0.451653,555.887,12.9143,65.1261,3.96348
1.403,531.896,12.823,64.2166,4.09908
-1.10717,518.841,11.3383,57.8445,3.75513
-1.05424,502.191,10.9974,56.0831,3.76194
1.25584,509.634,12.2163,61.2441,4.07766
0.645599,554.501,12.98,65.3639,3.99058
-1.69667,592.609,12.6519,64.8335,3.68048
0.51773,535.007,12.4613,62.8112,3.97269
-0.669056,574.695,12.7775,64.974,3.81204
-2.019,594.598,12.533,64.3814,3.64057
-2.67525,540.224,11.0932,57.271,3.56122
1.10858,527.192,12.5651,63.0605,4.05639
0.870764,587.082,13.8637,69.6989,4.02239
-1.35012,581.444,12.585,64.3222,3.7241
-2.25534,578.736,12.0846,62.1895,3.61171
-3.01793,589.087,11.9321,61.7638,3.52077
-1.2568,511.337,11.1084,56.7358,3.73598
0.984609,517.378,12.2719,61.6449,4.03862
1.88834,509.868,12.5251,62.5041,4.17092
1.97959,547.475,13.4964,67.307,4.18464
-4.49086,538.602,10.2819,53.8334,3.35418
1.8046,571.729,13.9993,69.9035,4.15839
0.167559,562.856,12.9319,65.3514,3.92427
-2.63009,549.503,11.3041,58.3396,3.5666
-1.78795,560.441,11.9219,61.1349,3.66912
0.615164,500.812,11.7093,58.9783,3.98631
-4.00392,571.624,11.1289,58.0472,3.40799
-1.26631,574.283,12.4712,63.7007,3.73476
-3.80508,505.224,9.91527,51.6371,3.43031
0.83116,562.865,13.2713,66.7403,4.01677
-1.29337,575.489,12.4841,63.7792,3.73132
-1.42964,536.553,11.5769,59.2053,3.71403
1.22648,572.848,13.7159,68.777,4.07341
1.55997,589.111,14.289,71.4766,4.12211
1.32757,538.831,12.9522,64.8994,4.08808
-0.846913,522.775,11.5421,58.7697,3.78879
0.397335,599.68,13.9022,70.136,3.95594
0.508624,568.301,13.2321,66.7007,3.97142
-0.635791,568.812,12.6633,64.3771,3.81641
-1.72821,530.567,11.3132,57.9872,3.67655
-4.53752,542.507,10.3369,54.1413,3.34909
0.761129,503.21,11.8325,59.5349,4.00686
-2.2987,542.237,11.303,58.1862,3.60645
-2.04463,592.624,12.4787,64.1149,3.63743
-1.5552,564.475,12.119,62.0363,3.6982
-0.553053,505.8,11.2972,57.3966,3.82732
-2.88577,541.178,11.0198,56.9836,3.53629
-4.91845,500.117,9.38328,49.2936,3.30791
-3.08939,531.993,10.7449,55.649,3.51242
1.56388,557.607,13.5269,67.6625,4.12269
-3.73009,548.815,10.8033,56.2291,3.43879
-0.488267,572.34,12.816,65.0816,3.83589
-0.702989,502.947,11.1674,56.8008,3.80759
-2.33632,579.01,12.0514,62.057,3.60189
-4.9502,588.4,11.0255,57.935,3.30451
-4.53348,550.269,10.4865,54.9231,3.34953
-2.74146,567.086,11.6141,59.9904,3.55336
-0.785543,521.699,11.5462,58.7636,3.79679
-3.67454,572.155,11.2879,58.7262,3.44508
-2.32818,527.337,10.9795,56.5336,3.60287
-0.437284,561.8,12.6052,63.9868,3.84266
1.13211,544.079,12.9795,65.1288,4.05978
0.730935,524.511,12.3188,61.9958,4.0026
1.62203,567.606,13.8005,69.0021,4.13127
1.73079,569.213,13.898,69.4346,4.1474
1.91365,506.583,12.4566,62.1509,4.17472
-3.0266,588.433,11.9147,61.678,3.51976
-4.85761,514.907,9.68466,50.8525,3.31444
-4.61069,554.407,10.5324,55.1969,3.34112
-4.21517,516.288,9.96633,52.0688,3.38449
0.773328,537.307,12.6402,63.5934,4.00858
-0.593351,548.913,12.2407,62.209,3.822
-2.01119,598.59,12.6211,64.8299,3.64153
-3.35138,590.044,11.7929,61.2002,3.48204
-3.43545,518.376,10.3256,53.6205,3.47237
-2.57783,527.156,10.867,56.0614,3.57284
-0.105485,504.634,11.4709,58.0857,3.88712
-2.89956,554.205,11.2788,58.3293,3.53467
-3.54016,535.444,10.6209,55.1983,3.46038
-4.68101,579.248,10.9731,57.5378,3.33349
0.0334769,526.172,12.0258,60.8327,3.90596
0.189524,536.31,12.3325,62.3126,3.92728
-4.75515,509.976,9.63183,50.5344,3.32548
-2.98868,548.512,11.1233,57.5641,3.5242
-1.94171,591.789,12.5122,64.2366,3.65009
0.414688,571.628,13.2609,66.8919,3.95835
-2.27585,547.977,11.433,58.8453,3.60922
-2.58951,533.001,10.9824,56.6617,3.57145
-0.865184,587.36,12.9587,65.9917,3.78641
-1.10585,548.318,11.9831,61.1335,3.7553
-0.176421,559.734,12.6881,64.2828,3.87755
-0.375343,542.369,12.1988,61.8956,3.8509
-4.73651,503.847,9.52327,49.9575,3.32749
-0.936413,598.699,13.1718,67.1129,3.77716
0.310997,513.448,11.863,59.8865,3.944
-3.54624,587.503,11.6507,60.5531,3.45969
-3.91225,538.238,10.5177,54.8201,3.41825
1.95069,503.484,12.3981,61.8427,4.18029
1.10891,509.109,12.1343,60.8982,4.05644
-4.65678,570.542,10.8188,56.7179,3.33612
-3.19709,552.974,11.1206,57.6425,3.49989
-0.757699,564.327,12.5033,63.6217,3.80042
-2.87105,594.017,12.1028,62.577,3.53803
-2.85549,533.765,10.882,56.258,3.53987
1.9738,576.02,14.1969,70.8035,4.18377
-1.91926,511.99,10.8346,55.6148,3.65285
-4.10283,550.9,10.6828,55.7631,3.39696
1.71271,599.29,14.6221,73.0619,4.14471
-1.36315,584.505,12.6447,64.6339,3.72245
1.75974,598.667,14.6335,73.0939,4.15171
1.30543,544.207,13.0702,65.5011,4.08486
0.566593,526.835,12.2944,61.9475,3.97951
-0.0902792,525.8,11.9591,60.5512,3.88917
0.956879,577.293,13.6783,68.7235,4.03466
1.85715,555.935,13.6403,68.0847,4.16625
1.43957,504.277,12.1744,60.9522,4.10443
-3.45721,555.495,11.0553,57.4195,3.46988
-2.8705,588.337,11.9874,61.9797,3.53809
-4.12139,563.589,10.9207,57.013,3.3949
-1.33759,579.202,12.5427,64.1,3.72569
0.844311,595.479,14.0475,70.6368,4.01864
-4.59379,583.103,11.0852,58.0859,3.34296
-2.61186,536.461,11.0439,56.9885,3.56878
-4.05342,553.29,10.7505,56.0951,3.40246
1.99749,517.135,12.7573,63.6127,4.18733
-3.2195,576.814,11.5896,60.084,3.49729
-3.75509,512.798,10.0842,52.4964,3.43596
-3.54718,569.145,11.2862,58.6591,3.45958
0.19459,517.58,11.9042,60.1461,3.92798
1.70891,550.152,13.4212,67.0633,4.14415
0.646734,557.662,13.0545,65.7388,3.99074
-2.53204,515.705,10.6504,54.9247,3.57833
-2.61157,588.833,12.1222,62.5525,3.56881
0.524276,569.163,13.2603,66.835,3.9736
-0.78449,554.788,12.279,62.4929,3.79692
-0.763381,544.665,12.065,61.3939,3.79968
-0.841446,556.749,12.2948,62.5999,3.7895
-2.1611,524.173,10.9864,56.4973,3.62318
-2.80059,531.082,10.8511,56.0745,3.54635
-3.52221,571.315,11.3406,58.9305,3.46243
-1.67858,595.702,12.727,65.2097,3.68274
1.29334,511.794,12.286,61.5765,4.08311
-4.01138,510.747,9.94073,51.8527,3.40715
1.22306,517.164,12.381,62.0848,4.07292
-1.36516,556.184,12.0311,61.4982,3.72219
-4.52645,511.895,9.75801,51.1047,3.35029
-0.541205,513.263,11.4692,58.2654,3.82888
-3.42089,556.685,11.0952,57.6103,3.47404
-2.24955,584.331,12.2042,62.8024,3.61241
-2.07192,526.671,11.0779,56.9296,3.63408
-3.48857,588.843,11.7043,60.8047,3.46628
0.0875831,547.5,12.5398,63.4074,3.91333
-4.00337,590.588,11.4984,59.9741,3.40805
1.0736,561.866,13.3733,67.1339,4.05137
1.32985,577.436,13.8814,69.5541,4.08842
1.37381,588.536,14.1724,70.9895,4.09482
-3.07896,574.631,11.6109,60.1293,3.51364
-4.14228,599.3,11.6029,60.5843,3.39257
1.6901,532.926,12.9915,64.925,4.14136
-0.307725,514.586,11.6047,58.8515,3.85993
-0.545912,598.599,13.3736,67.9427,3.82826
-1.98705,567.978,11.9871,61.5623,3.6445
0.867162,585.8,13.8315,69.5388,4.02188
0.890269,507.773,12,60.3204,4.02517
-2.87359,570.135,11.6151,60.0563,3.53773
1.44326,582.691,14.0695,70.4384,4.10497
0.789944,519.671,12.2333,61.5385,4.01093
0.689201,533.386,12.5069,62.9616,3.99671
0.910491,592.88,14.0223,70.4757,4.02804
0.344809,536.811,12.4192,62.6787,3.94867
-2.12129,571.278,11.9926,61.6533,3.62804
1.10411,521.988,12.4389,62.4292,4.05575
0.357681,579.842,13.4215,67.7306,3.95045
-4.33138,565.682,10.8687,56.8348,3.37167
-1.42283,542.261,11.7032,59.8482,3.71489
0.0132589,540.455,12.3424,62.4439,3.90321
1.01946,508.111,12.0685,60.6074,4.0436
-2.9022,566.039,11.5185,59.5697,3.53436
-1.98892,530.711,11.1998,57.5194,3.64427
1.66868,562.046,13.69,68.4265,4.13818
-4.52644,588.377,11.216,58.7402,3.35029
-2.28899,543.552,11.3347,58.3455,3.60762
-3.47852,533.897,10.6164,55.1489,3.46743
-3.78761,559.75,10.9931,57.2425,3.43229
-0.119864,568.818,12.9226,65.4436,3.88517
1.4092,597.481,14.4076,72.1489,4.09999
-4.91454,532.915,10.0002,52.5331,3.30833
-0.931614,506.306,11.1412,56.7645,3.77778
-4.87064,548.651,10.3139,54.1619,3.31304
1.91324,563.131,13.8468,69.0877,4.17466
0.557377,517.961,12.083,60.8863,3.97822
-0.352804,515.418,11.6029,58.8622,3.85391
-3.31444,596.746,11.9445,61.9695,3.4863
-4.22148,593.627,11.4564,59.8563,3.3838
-3.15244,594.057,11.9682,62.0146,3.50508
-3.25926,564.175,11.3176,58.6919,3.49268
-1.1748,555.637,12.11,61.8131,3.74645
1.60667,531.309,12.9103,64.5583,4.129
1.14911,529.582,12.642,63.4274,4.06223
-4.73145,529.35,10.0073,52.4948,3.32804
-1.91517,597.407,12.6443,64.9017,3.65336
-1.47027,548.163,11.8084,60.4077,3.70889
-0.631469,582.46,12.9694,65.9309,3.81698
-3.11186,577.514,11.6538,60.3668,3.5098
-1.4664,556.984,12.0002,61.3874,3.70938
-1.41836,564.943,12.1949,62.3604,3.71545
-0.0258696,583.66,13.3087,67.3521,3.8979
1.09007,524.879,12.501,62.7472,4.05373
-0.206844,569.511,12.8943,65.3424,3.87345
-4.83504,557.885,10.5026,55.1377,3.31687
-1.16613,592.476,12.9173,65.9296,3.74757
-3.70503,595.138,11.727,61.0248,3.44163
-0.957063,588.546,12.9379,65.9313,3.77449
1.81625,566.139,13.8687,69.2454,4.16013
-4.35522,501.174,9.62002,50.3145,3.36905
-1.95161,514.829,10.8807,55.8651,3.64886
0.409561,594.226,13.7823,69.525,3.95764
-1.12412,590.592,12.8976,65.8083,3.75295
-2.48129,527.3,10.9119,56.2515,3.58441
-4.92077,512.933,9.62285,50.553,3.30767
-3.16139,555.291,11.1832,57.9509,3.50403
-4.73568,593.993,11.2275,58.8972,3.32758
-1.21924,545.972,11.8785,60.6516,3.74077
0.0843175,565.35,12.9469,65.4677,3.91289
-4.68012,595.784,11.2867,59.1821,3.33359
1.18615,555.42,13.2779,66.5998,4.06758
-3.19645,522.099,10.4999,54.4252,3.49996
1.87262,567.226,13.9256,69.5014,4.16857
0.171425,529.26,12.1618,61.4582,3.9248
-0.4247,549.492,12.3351,62.6101,3.84433
0.343377,551.604,12.7607,64.403,3.94847
0.170931,575.534,13.2249,66.8305,3.92473
-2.80306,500.829,10.2319,52.876,3.54606
1.99458,503.473,12.4189,61.9265,4.1869
-3.35288,591.933,11.83,61.3932,3.48187
-0.939261,503.197,11.0695,56.4022,3.77679
0.821017,574.939,13.5507,68.1501,4.01533
0.665705,593.381,13.901,69.9914,3.99341
-2.68677,566.473,11.6269,60.0314,3.55985
-1.66132,547.886,11.7135,60.0086,3.6849
1.70736,519.367,12.6694,63.3075,4.14392
-4.01293,514.476,10.0127,52.2287,3.40698
1.63527,565.754,13.7625,68.8056,4.13323
-0.438245,591.284,13.2662,67.3429,3.84253
-2.56754,532.047,10.9724,56.6004,3.57408
-4.47168,513.474,9.80983,51.354,3.35628
-0.252455,579.165,13.0894,66.3537,3.86733
-4.86048,524.956,9.87251,51.8401,3.31413
0.701888,551.899,12.9474,65.173,3.9985
-4.9835,552.421,10.3373,54.3332,3.30096
-3.60826,506.62,10.0217,52.1116,3.45262
-3.70019,530.05,10.4465,54.3592,3.44218
-3.57545,582.223,11.5324,59.952,3.45636
-3.88957,584.71,11.4363,59.5972,3.4208
-1.72227,539.975,11.5165,59.0266,3.67729
-2.18221,538.205,11.271,57.9704,3.6206
-3.12865,506.586,10.2157,52.924,3.50785
1.91039,597.063,14.6796,73.2441,4.17423
-3.28287,505.124,10.1234,52.5086,3.48995
-1.5239,519.166,11.16,57.114,3.70214
-3.29904,538.84,10.7921,55.9841,3.48808
-2.20174,510.493,10.6824,54.951,3.61822
-1.91288,544.339,11.5221,59.1408,3.65364
-2.13603,551.853,11.5781,59.5287,3.62624
1.53566,552.234,13.3819,66.951,4.11854
-1.98436,551.611,11.643,59.7934,3.64483
-3.84239,535.198,10.4878,54.6343,3.42611
-1.84882,572.516,12.1494,62.3302,3.66157
-2.5539,522.631,10.7841,55.6231,3.57571
-0.516321,515.74,11.5358,58.5932,3.83218
1.52822,541.63,13.1212,65.6501,4.11744
-0.963585,543.347,11.9412,60.8553,3.77364
0.00936114,577.421,13.1846,66.7067,3.90268
-4.96715,557.742,10.4438,54.8859,3.3027
-0.85913,506.945,11.1872,56.9678,3.7872
-1.63335,589.93,12.6263,64.6716,3.6884
-3.66619,545.732,10.7703,56.0294,3.44603
1.44796,530.507,12.8118,64.1396,4.10566
-3.23811,588.884,11.8233,61.3043,3.49513
-3.02821,570.74,11.5557,59.8204,3.51957
-1.28355,519.181,11.2669,57.557,3.73257
-4.09164,590.188,11.4498,59.7616,3.3982
-0.151105,519.264,11.7824,59.6831,3.88096
1.36529,543.62,13.0864,65.5541,4.09358
0.890763,548.377,12.9598,65.1449,4.02524
-4.67024,594.125,11.2598,59.0364,3.33466
-4.46075,559.08,10.6858,55.9351,3.35747
-4.21796,532.292,10.2741,53.678,3.38419
0.909478,503.559,11.9093,59.8561,4.0279
-0.616534,548.577,12.2221,62.125,3.81895
-1.69033,585.311,12.4992,64.0481,3.68127
0.211984,517.29,11.9056,60.1455,3.93036
-1.01395,551.426,12.0947,61.6608,3.76713
-0.0452694,508.236,11.5801,58.6122,3.89526
-4.86678,565.447,10.6313,55.8271,3.31346
-0.596602,588.946,13.1318,66.7391,3.82157
-4.28473,546.055,10.5114,54.9463,3.37681
1.35044,570.406,13.7233,68.752,4.09141
-2.15396,525.332,11.0138,56.6353,3.62405
0.262528,576.758,13.3006,67.1675,3.93731
-3.87761,598.254,11.7068,61.0014,3.42215
-2.397,586.748,12.183,62.7636,3.59456
-2.73859,525.358,10.7607,55.5812,3.5537
-0.0958248,551.538,12.5418,63.504,3.88842
-1.63411,561.057,12.008,61.5048,3.6883
-3.56322,598.576,11.8621,61.6604,3.45775
-3.68007,583.081,11.5009,59.8369,3.44446
-3.13092,540.432,10.8972,56.4559,3.50758
-3.1393,514.133,10.3634,53.694,3.50661
-4.27797,569.961,10.9746,57.3645,3.37755
-1.2486,532.414,11.5701,59.0899,3.73702
-1.63928,558.28,11.9461,61.1903,3.68765
-2.17156,562.94,11.794,60.6554,3.6219
-4.10306,542.32,10.5163,54.8942,3.39693
-4.93554,581.316,10.8992,57.265,3.30608
-2.85938,526.252,10.7272,55.4591,3.53941
1.77863,570.007,13.9431,69.636,4.15452
1.78881,597.713,14.6266,73.0442,4.15604
-3.84538,595.608,11.6702,60.7953,3.42577
1.51287,521.065,12.6155,63.127,4.11518
-0.968341,562.369,12.357,62.9761,3.77303
-2.6272,593.347,12.2075,63.0003,3.56695
-0.948112,590.722,12.9903,66.194,3.77565
-0.138277,545.28,12.3789,62.6988,3.88269
-1.70904,577.101,12.3148,63.1118,3.67894
-2.46631,542.026,11.2234,57.8504,3.58621
-0.826675,546.704,12.08,61.4994,3.79142
-0.43914,555.26,12.4575,63.2382,3.84241
-2.54374,532.705,10.9964,56.7139,3.57692
-0.00892191,581.176,13.2609,67.1015,3.9002
-3.53531,575.438,11.4164,59.3305,3.46094
1.54191,599.308,14.5261,72.6725,4.11946
-1.18857,506.07,11.0237,56.2741,3.74469
1.63753,534.379,13.0004,64.9944,4.13357
-2.96015,527.234,10.704,55.382,3.52755
1.7287,524.78,12.812,64.0103,4.14709
1.32101,572.187,13.7505,68.9026,4.08713
-3.58037,508.739,10.0749,52.377,3.4558
-1.09066,552.589,12.0836,61.6396,3.75725
-0.288818,545.621,12.3137,62.4384,3.86246
-3.3875,584.175,11.6587,60.5206,3.47788
1.35586,509.305,12.2559,61.3978,4.0922
-1.56531,531.834,11.4136,58.43,3.69693
1.44546,582.958,14.0771,70.4756,4.1053
1.42829,558.378,13.4746,67.4675,4.10278
0.860223,543.973,12.8404,64.5594,4.02089
-3.10318,552.395,11.1508,57.7573,3.51081
-4.15232,573.158,11.0922,57.9227,3.39146
-2.32351,505.856,10.5342,54.2389,3.60344
-2.33374,596.903,12.4251,63.98,3.6022
0.863688,567.948,13.4082,67.4122,4.02139
-2.93804,515.565,10.4763,54.195,3.53014
1.99507,552.557,13.6299,67.9649,4.18697
0.304071,595.687,13.7594,69.4634,3.94304
1.39094,535.402,12.9014,64.6152,4.09732
-4.73997,552.836,10.4478,54.8087,3.32712
-0.0295321,587.333,13.3905,67.768,3.8974
-2.7551,520.106,10.6461,54.9963,3.55174
-1.14704,587.745,12.8238,65.4431,3.75001
-0.909491,596.359,13.1343,66.9081,3.78065
-2.85296,530.062,10.8076,55.8723,3.54016
1.82862,525.655,12.8831,64.3187,4.16198
-4.75237,555.43,10.4915,55.0435,3.32578
0.0846322,540.801,12.3849,62.6256,3.91293
1.83047,553.88,13.5758,67.7762,4.16226
-3.36946,589.172,11.7669,61.074,3.47996
-3.52303,575.823,11.4297,59.3939,3.46234
1.21175,569.628,13.631,68.3586,4.07128
-3.2448,545.129,10.9419,56.7371,3.49436
-4.07064,540.889,10.5023,54.8071,3.40054
-0.276804,556.557,12.5665,63.7142,3.86407
0.902035,578.755,13.6837,68.7782,4.02684
-4.8878,522.093,9.8078,51.5113,3.3112
-0.479591,515.8,11.5538,58.6685,3.83704
1.22145,563.137,13.4808,67.6004,4.07268
-2.58532,532.728,10.9786,56.6403,3.57195
-3.65662,534.277,10.5483,54.8703,3.44712
-3.56592,586.72,11.6259,60.4338,3.45744
-1.01,547.34,12.007,61.2117,3.76764
-4.19167,514.432,9.93992,51.9213,3.3871
1.28829,526.114,12.6272,63.2892,4.08237
-0.221473,521.73,11.8057,59.8325,3.87149
-0.148168,583.311,13.2371,67.0507,3.88135
-1.4854,556.549,11.9818,61.3021,3.70699
-1.82212,587.859,12.4882,64.0555,3.66488
-2.74897,578.745,11.8493,61.209,3.55246
0.573443,559.598,13.0625,65.8142,3.98047
-4.17237,583.252,11.2785,58.9043,3.38924
-3.19561,529.412,10.6474,55.189,3.50006
-3.55364,523.78,10.3839,53.9723,3.45885
-1.82798,511.955,10.8732,55.7742,3.66415
0.765639,517.07,12.1605,61.1834,4.0075
-2.99567,579.852,11.7555,60.8394,3.52338
-0.649613,510.935,11.3686,57.8013,3.81459
-4.24725,549.212,10.5882,55.3314,3.38095
-4.77816,561.864,10.602,55.6343,3.32299
-0.601954,593.362,13.2275,67.2281,3.82087
-3.97235,589.76,11.4966,59.9504,3.41152
-2.07527,549.642,11.5596,59.4062,3.63367
-1.02463,548.535,12.0263,61.3166,3.76576
-4.36888,513.551,9.85215,51.5341,3.36754
-0.0165353,539.905,12.3155,62.3213,3.89916
-1.70762,555.558,11.8557,60.7587,3.67912
-1.52168,577.062,12.4056,63.4877,3.70242
-3.83608,525.883,10.3078,53.6944,3.42682
-1.62977,560.508,11.9983,61.4533,3.68884
0.352517,502.082,11.6192,58.638,3.94973
1.00238,596.418,14.1565,71.1023,4.04116
0.250891,540.514,12.4591,62.9234,3.93571
-2.02987,587.211,12.372,63.5593,3.63924
-3.0946,540.34,10.9112,56.5126,3.51181
-3.21301,516.468,10.3798,53.8094,3.49804
-4.13609,573.24,11.1011,57.9616,3.39326
-1.3082,550.325,11.9312,60.9615,3.72943
-2.53934,508.427,10.4971,54.1368,3.57745
-3.10717,599.172,12.0931,62.6402,3.51035
-4.79616,518.513,9.77682,51.3116,3.32105
-1.58316,599.201,12.8503,65.7937,3.69469
-0.44213,574.601,12.8899,65.4347,3.84201
0.843576,536.193,12.6486,63.6027,4.01853
0.597564,521.628,12.1876,61.3955,3.98385
-4.29882,545.947,10.5033,54.9103,3.37526
1.15407,526.859,12.5794,63.1112,4.06295
-3.941,562.031,10.9699,57.1899,3.41503
-0.432383,585.047,13.1293,66.645,3.84331
-2.99114,564.573,11.4478,59.2449,3.52391
1.59087,586.647,14.2462,71.2469,4.12667
-0.857725,594.035,13.1098,66.7576,3.78738
-4.81749,587.842,11.0745,58.1317,3.31876
1.96617,571.771,14.088,70.2644,4.18262
1.07752,587.684,13.99,70.2275,4.05193
1.57127,501.547,12.1704,60.8741,4.12378
-2.06205,540.903,11.3818,58.4865,3.63529
-3.21482,536.012,10.7718,55.8423,3.49783
-1.38232,561.77,12.1437,62.0818,3.72002
1.16966,568.491,13.5816,68.1317,4.0652
1.79175,508.045,12.4338,62.0919,4.15648
-3.78804,598.448,11.7529,61.199,3.43224
-1.21028,502.825,10.9436,55.8745,3.74192
1.24731,525.302,12.5877,63.11,4.07643
0.501504,591.943,13.7788,69.4599,3.97042
-4.58524,519.653,9.88236,51.7797,3.34389
-2.95243,518.264,10.5251,54.4534,3.52845
-3.57334,559.541,11.0841,57.6204,3.4566
0.774206,516.037,12.1403,61.0777,4.00871
-0.975939,509.658,11.1954,57.0595,3.77205
-4.34647,528.528,10.1487,53.0758,3.37001
0.630981,514.465,12.0359,60.6164,3.98853
-4.59301,502.719,9.55733,50.0797,3.34304
-3.8874,579.83,11.3418,59.104,3.42105
-0.831906,592.309,13.085,66.6185,3.79074
-1.58424,590.801,12.6696,64.8691,3.69455
1.57947,506.86,12.3033,61.5349,4.12499
0.131336,568.847,13.051,65.9711,3.91931
-4.71321,502.188,9.50088,49.8309,3.33001
1.08059,567.107,13.5017,67.7751,4.05237
1.11826,552.64,13.1766,66.1246,4.05779
-4.98184,581.921,10.8901,57.2378,3.30113
1.18476,509.935,12.1898,61.1431,4.06738
-3.02674,514.54,10.4185,53.9325,3.51974
-2.62554,505.564,10.4021,53.6826,3.56715
-4.96678,550.111,10.3011,54.1356,3.30274
0.939473,584.679,13.8439,69.5644,4.03217
-4.79973,502.915,9.48134,49.7622,3.32067
0.927681,557.026,13.1831,66.2496,4.03049
1.45275,575.266,13.8953,69.5616,4.10636
-0.59852,521.071,11.6175,59.0439,3.82132
-1.31719,557.037,12.0724,61.6872,3.72829
-3.222,564.743,11.3459,58.8218,3.497
-1.49742,517.257,11.1307,56.9524,3.70547
-1.89944,587.058,12.433,63.8096,3.6553
-3.71024,555.788,10.9493,56.9802,3.44104
-1.62764,568.512,12.1707,62.3351,3.68911
1.39314,569.021,13.7127,68.6774,4.09764
-0.596678,598.753,13.3504,67.8503,3.82156
-4.74405,513.379,9.70047,50.8901,3.32667
-4.78633,553.858,10.4474,54.8269,3.32211
1.42283,552.145,13.3214,66.7029,4.10198
-4.94853,532.201,9.97308,52.4044,3.30469
-0.10637,585.85,13.3166,67.4321,3.887
-1.66857,565.83,12.0936,61.9596,3.68399
-4.12361,589.949,11.4304,59.6753,3.39465
-1.04699,526.96,11.5431,58.8629,3.76287
0.542888,572.418,13.3458,67.2569,3.9762
-0.121206,562.56,12.7797,64.7208,3.88499
0.74847,500.6,11.7653,59.2024,4.00507
-2.08124,545.686,11.4736,58.9672,3.63294
-0.367227,583.159,13.1205,66.5679,3.85198
1.41525,519.292,12.525,62.719,4.10087
1.94523,532.714,13.1151,65.4216,4.17946
1.98888,546.186,13.4695,67.1681,4.18604
-2.02933,531.625,11.2011,57.5438,3.6393
0.0972706,504.989,11.5705,58.5021,3.91466
1.57259,510.223,12.3816,61.9297,4.12398
-4.94403,581.041,10.8903,57.222,3.30518
-2.94823,585.337,11.8893,61.5091,3.52895
-3.80016,503.075,9.87506,51.4257,3.43087
1.01214,529.9,12.5824,63.1917,4.04256
-2.18713,506.847,10.6122,54.5841,3.62
1.75766,533.377,13.0365,65.1181,4.1514
-3.89108,518.542,10.1415,52.8504,3.42063
-1.77516,587.629,12.5066,64.127,3.67071
-3.05413,547.271,11.0691,57.3124,3.51654
0.652961,504.932,11.823,59.5346,3.99162
1.76946,505.042,12.3496,61.6818,4.15315
0.290936,576.819,13.3167,67.2352,3.94123
-3.4786,586.495,11.6623,60.5818,3.46743
-1.08606,591.616,12.9394,66.0026,3.75784
-2.58364,536.229,11.0515,57.0157,3.57215
-1.06009,557.069,12.1963,62.2,3.76119
-2.07652,572.865,12.0474,61.9137,3.63352
-1.0213,513.28,11.2548,57.3818,3.76619
0.0500322,501.614,11.4719,58.0239,3.90821
1.68308,514.439,12.5374,62.6589,4.14031
-3.4385,504.858,10.0551,52.217,3.47202
-0.171714,556.21,12.6105,63.8877,3.87818
-3.27545,573.704,11.5013,59.6519,3.49081
1.53923,577.213,13.9892,69.9874,4.11906
-2.69063,564.505,11.5847,59.8154,3.55939
-2.36543,573.063,11.9138,61.3621,3.59837
-3.19767,556.283,11.1869,57.9864,3.49982
-2.53438,548.167,11.3198,58.3776,3.57805
-3.77766,597.424,11.7377,61.1149,3.43341
-1.53117,559.906,12.0323,61.5815,3.70122
1.48393,597.777,14.4565,72.3546,4.11093
-2.14487,555.552,11.6516,59.9107,3.62516
-4.43077,518.455,9.92138,51.9214,3.36075
-3.70309,577.977,11.3897,59.2689,3.44185
0.0634165,556.731,12.7391,64.427,3.91004
-2.31033,560.63,11.6809,60.1373,3.60504
1.70677,564.266,13.7644,68.7791,4.14383
-2.96343,572.837,11.6283,60.1659,3.52716
-1.73905,598.421,12.7545,65.3804,3.6752
0.651987,589.786,13.8094,69.5372,3.99148
-2.21099,580.168,12.1359,62.4324,3.6171
-3.12044,562.55,11.3479,58.7863,3.5088
1.02238,554.798,13.1788,66.1823,4.04402
-3.74126,526.985,10.3689,53.9729,3.43752
-0.760301,533.558,11.8204,60.1478,3.80008
-3.87602,595.355,11.6508,60.709,3.42232
-4.10135,518.007,10.0455,52.4361,3.39712
-4.71841,529.549,10.0164,52.537,3.32944
0.882872,596.361,14.0894,70.8276,4.02411
-3.07213,519.1,10.4917,54.3306,3.51444
-0.120814,599.557,13.6204,68.9781,3.88505
0.795591,522.655,12.3062,61.9028,4.01173
-0.0736032,513.974,11.6978,59.2206,3.89143
-2.94263,527.122,10.7092,55.4017,3.52961
-4.11868,554.366,10.7431,56.085,3.3952
-2.74981,546.117,11.1809,57.7566,3.55237
-1.06653,576.081,12.6093,64.3096,3.76036
-4.93704,533.62,10.0043,52.5639,3.30592
-2.04319,524.885,11.053,56.789,3.6376
-2.68158,574.685,11.7979,60.9118,3.56047
-3.45029,558.37,11.1157,57.7297,3.47067
-3.29728,537.978,10.7756,55.8977,3.48828
-1.70277,574.266,12.2573,62.8144,3.67972
-3.38983,517.799,10.333,53.64,3.47762
1.79927,522.144,12.7826,63.8302,4.1576
-2.02876,534.302,11.2577,57.8346,3.63937
0.37264,539.828,12.5026,63.0866,3.95252
-3.6736,517.885,10.2176,53.1575,3.44519
-3.50303,510.603,10.1432,52.7009,3.46463
-3.65512,594.603,11.74,61.0688,3.44729
-2.74845,505.081,10.3413,53.419,3.55253
-1.29983,591.287,12.8235,65.5165,3.73049
-4.07372,575.371,11.1704,58.2952,3.4002
-3.23915,581.376,11.6721,60.5207,3.49501
1.3158,565.237,13.5807,68.0546,4.08637
1.83537,524.132,12.8491,64.1459,4.16299
-0.726412,589.739,13.0825,66.553,3.80452
1.63127,561.564,13.6585,68.2875,4.13264
1.44272,513.486,12.3982,62.0714,4.10489
-4.21395,535.461,10.337,54.0046,3.38463
1.54347,542.907,13.1599,65.8365,4.11969
-3.55552,506.356,10.0377,52.1737,3.45863
-2.94299,537.934,10.9287,56.5373,3.52956
-4.47478,503.371,9.61561,50.3385,3.35594
-0.118472,594.841,13.5145,68.4406,3.88536
-4.27891,545.234,10.498,54.8741,3.37745
-4.0397,583.29,11.3397,59.163,3.40399
-0.747344,552.776,12.2524,62.3401,3.80178
0.83009,582.64,13.737,69.0827,4.01662
-4.7322,503.994,9.5277,49.9791,3.32795
-1.42576,598.228,12.9096,66.019,3.71452
-0.736104,599.596,13.296,67.6444,3.80325
-2.12976,551.054,11.5642,59.4545,3.627
-2.46308,539.58,11.1742,57.5953,3.5866
-4.31965,534.586,10.2761,53.7311,3.37296
-3.33243,532.553,10.652,55.2711,3.48423
-4.46056,529.277,10.1163,52.9537,3.35749
-4.41333,505.216,9.67486,50.6243,3.36266
-0.0317448,578.006,13.1767,66.6871,3.8971
0.660177,596.166,13.9632,70.3077,3.99263
-2.82218,539.515,11.0139,56.9252,3.5438
1.93084,535.656,13.1802,65.7533,4.1773
-0.656569,524.338,11.6637,59.3043,3.81368
-4.20499,553.088,10.6811,55.7987,3.38562
-2.90346,558.314,11.3607,58.7543,3.53421
-0.34702,551.246,12.4123,62.9654,3.85468
-3.15321,562.462,11.3313,58.7149,3.50499
-0.114054,521.419,11.8485,60.0013,3.88596
-2.54529,571.429,11.795,60.8335,3.57674
-2.05188,558.142,11.7492,60.3702,3.63654
0.10053,581.398,13.3229,67.3608,3.9151
-1.6802,516.129,11.0263,56.4961,3.68254
-3.17115,505.77,10.1818,52.7661,3.5029
-1.46918,512.278,11.0358,56.4551,3.70903
1.27323,526.572,12.6308,63.3143,4.08019
-4.33933,594.911,11.4266,59.756,3.37079
1.49984,568.789,13.764,68.8805,4.11327
0.329384,509.577,11.782,59.4697,3.94654
-3.52716,506.97,10.0613,52.2849,3.46187
-3.5093,558.776,11.0974,57.6612,3.46391
-3.40193,512.694,10.2262,53.0904,3.47622
0.861677,557.704,13.1653,66.1922,4.0211
-3.75077,555.097,10.9179,56.8346,3.43645
-3.50249,535.416,10.6364,55.2629,3.46469
0.336347,565.856,13.0868,66.0523,3.9475
-2.32938,503.778,10.4885,54.0059,3.60273
1.99001,519.739,12.8178,63.918,4.18621
-1.29034,529.648,11.491,58.7045,3.7317
-3.43756,569.645,11.3459,58.9197,3.47213
-3.95929,538.126,10.4956,54.725,3.41298
-3.9096,543.97,10.6309,55.4086,3.41855
-0.515083,584.608,13.0769,66.4198,3.83234
1.26294,532.902,12.7776,64.0546,4.07869
-2.28684,552.703,11.5266,59.3319,3.60788
0.859981,513.139,12.1125,60.8996,4.02086
-4.9565,508.445,9.52482,50.0522,3.30384
-1.39884,581.968,12.5721,64.2799,3.71792
-3.36812,509.529,10.1769,52.8204,3.48011
-2.60883,572.402,11.7852,60.8124,3.56914
-4.48702,599.357,11.4435,59.9134,3.3546
-0.418345,577.829,12.9745,65.8522,3.84517
0.631338,567.878,13.2857,66.9106,3.98858
1.20577,578.591,13.8423,69.4212,4.07041
-3.80055,564.459,11.0798,57.6997,3.43082
0.231964,596.918,13.749,69.4479,3.93311
-3.47923,516.446,10.2691,53.3451,3.46735
1.38899,591.037,14.241,71.3253,4.09704
-1.5586,522.995,11.2269,57.4713,3.69777
-2.52544,595.583,12.3033,63.4455,3.57912
1.18649,546.062,13.0543,65.4784,4.06763
1.39004,559.562,13.4832,67.5292,4.09719
-4.95455,546.35,10.2357,53.7871,3.30405
0.277611,558.85,12.8952,65.1132,3.93939
-2.80495,580.015,11.8488,61.2325,3.54583
-4.32412,584.788,11.2391,58.7683,3.37247
-3.74588,576.045,11.3321,58.9887,3.437
1.02067,570.313,13.5465,68.0295,4.04378
-3.82176,596.355,11.6959,60.9182,3.42843
1.90637,532.92,13.1005,65.3671,4.17363
-2.93845,527.994,10.7287,55.5008,3.5301
-4.99633,538.789,10.077,52.9702,3.29958
-3.03274,583.575,11.8135,61.1567,3.51904
1.22055,590.549,14.1365,70.8889,4.07255
-3.83667,586.423,11.4942,59.8746,3.42675
-4.98021,559.66,10.4742,55.0511,3.30131
-2.76145,542.953,11.111,57.4004,3.55099
-2.99003,541.161,10.9736,56.7901,3.52404
-2.75396,533.702,10.9249,56.4361,3.55187
-3.39645,540.251,10.7782,55.9539,3.47685
0.979692,501.906,11.9026,59.7921,4.03791
1.98983,531.525,13.1084,65.3672,4.18618
-0.323349,543.531,12.25,62.131,3.85784
0.504794,520.641,12.1206,61.0995,3.97088
0.846896,595.275,14.0441,70.6183,4.019
-3.50892,513.904,10.2064,53.0315,3.46396
0.834311,558.813,13.1774,66.2664,4.01722
0.621784,501.296,11.7236,59.0476,3.98724
0.396838,502.056,11.6388,58.7174,3.95587
-3.18977,539.007,10.8429,56.1998,3.50074
-2.59281,597.853,12.3171,63.5491,3.57105
0.71122,524.753,12.3151,61.9857,3.99982
-4.57694,502.411,9.55768,50.0753,3.34479
1.51189,592.592,14.3466,71.7902,4.11504
1.73466,505.495,12.3441,61.6695,4.14797
1.69522,534.642,13.0359,65.1446,4.14212
-1.99768,529.447,11.1692,57.3664,3.64319
-0.00802514,539.412,12.3083,62.2812,3.90032
1.795,596.12,14.5911,72.8637,4.15696
-2.99789,547.259,11.0938,57.4155,3.52312
-4.26474,502.285,9.67663,50.5749,3.37901
-0.14292,568.666,12.9075,65.3782,3.88206
-0.321631,548.516,12.3631,62.7042,3.85807
-0.852067,575.048,12.6936,64.6355,3.78812
0.836576,548.159,12.9273,65.0076,4.01754
-4.86286,543.32,10.2169,53.6494,3.31388
-0.907036,565.04,12.4457,63.3992,3.78097
-0.68363,588.119,13.0685,66.4607,3.81013
-4.46626,551.313,10.535,55.1482,3.35687
-4.15654,573.179,11.0907,57.9168,3.39099
-3.22526,513.413,10.3133,53.4698,3.49662
1.50389,547.877,13.26,66.3565,4.11386
0.93307,573.518,13.5763,68.2227,4.03126
-2.5008,557,11.5176,59.3826,3.58207
-4.08302,535.887,10.4,54.2784,3.39916
-2.71317,592.493,12.1482,62.7354,3.55671
-1.29859,500.716,10.8598,55.4832,3.73065
-4.51384,555.893,10.6021,55.52,3.35167
-0.18654,535.316,12.1297,61.4587,3.87619
-3.16958,589.642,11.8711,61.5196,3.50308
-0.158746,546.958,12.407,62.8508,3.87993
-2.18129,597.754,12.5186,64.3864,3.62071
1.93138,537.415,13.2238,65.9703,4.17738
0.545687,591.123,13.7834,69.4608,3.97659
1.44437,568.553,13.7287,68.7317,4.10514
-4.64163,506.924,9.61831,50.4185,3.33776
-3.10912,569.098,11.4852,59.4923,3.51012
-2.81243,522.043,10.6614,55.0991,3.54495
-4.49598,534.399,10.1996,53.4044,3.35362
0.728684,598.545,14.0564,70.7414,4.00228
-4.81864,508.138,9.57246,50.248,3.31863
-4.07579,546.131,10.6019,55.329,3.39997
-1.78143,537.614,11.4393,58.6571,3.66993
-4.01494,517.246,10.0658,52.5064,3.40676
-0.967848,578.113,12.7032,64.7402,3.77309
1.26641,545.014,13.0698,65.5177,4.0792
0.737627,539.699,12.6789,63.8045,4.00354
1.27384,516.297,12.3847,62.0801,4.08028
1.55226,530.852,12.8721,64.3925,4.12098
-1.39006,525.418,11.3544,58.0501,3.71904
-3.72845,527.62,10.3868,54.0604,3.43897
-1.20482,536.507,11.6792,59.6276,3.74261
-2.71709,538.214,11.0335,56.9809,3.55625
-2.0046,580.418,12.2412,62.8752,3.64234
-2.71418,546.648,11.2077,57.8793,3.55659
0.376861,571.115,13.2294,66.7519,3.9531
-4.92881,500.919,9.39439,49.356,3.3068
0.134909,535.174,12.2801,62.0729,3.9198
-4.48514,561.663,10.7246,56.1489,3.3548
1.41413,512.536,12.3615,61.9008,4.10071
-2.26085,594.26,12.406,63.8463,3.61104
0.465653,555.486,12.9121,65.1081,3.96543
-3.53607,541.853,10.7498,55.8664,3.46085
1.04708,517.085,12.2948,61.7316,4.04756
1.85658,591.873,14.5217,72.4847,4.16616
-3.15083,547.014,11.0211,57.1067,3.50526
-4.6001,504.831,9.59472,50.2785,3.34227
-2.30696,515.211,10.7361,55.2714,3.60544
0.0622216,593.353,13.5765,68.6624,3.90987
-3.29086,571.035,11.4407,59.3447,3.48903
-4.52574,510.445,9.73066,50.9611,3.35037
-4.31186,572.751,11.0132,57.5816,3.37382
-1.56563,531.578,11.408,58.4013,3.69689
-2.58494,588.364,12.1254,62.5564,3.57199
1.7085,531.369,12.9628,64.7728,4.14409
-0.881858,593.857,13.0934,66.6862,3.78424
-2.8499,506.468,10.3278,53.3905,3.54053
-4.63201,585.96,11.1223,58.2978,3.33881
0.0773036,549.159,12.5727,63.5787,3.91193
-4.75013,543.282,10.263,53.8436,3.32602
-4.95891,563.892,10.5625,55.5061,3.30358
-2.36871,551.78,11.4699,59.0769,3.59797
0.0302366,581.222,13.2822,67.1903,3.90552
-0.0548897,574.64,13.0881,66.25,3.89396
0.942243,544.021,12.8826,64.7327,4.03257
-2.31715,545.592,11.3645,58.5114,3.60421
-1.82957,557.206,11.8335,60.7008,3.66395
1.55048,521.718,12.6497,63.281,4.12072
1.1539,519.075,12.3935,62.1784,4.06292
-1.99089,555.377,11.7194,60.189,3.64403
-3.21878,589.829,11.8514,61.4412,3.49737
-3.39014,597.457,11.9225,61.8913,3.47758
0.641304,552.019,12.9197,65.0624,3.98998
-4.88641,564.105,10.5976,55.6589,3.31135
-2.6934,520.472,10.6799,55.1447,3.55906
0.35876,511.969,11.851,59.8046,3.9506
1.88052,538.709,13.2296,66.0235,4.16975
-0.342483,565.896,12.7444,64.6482,3.85528
-1.67389,553.134,11.8198,60.559,3.68333
-3.58541,561.071,11.109,57.7553,3.45522
-0.123857,510.014,11.5849,58.6707,3.88463
0.111266,533.589,12.2325,61.8427,3.91657
-1.98093,533.468,11.2616,57.8332,3.64525
-2.75156,521.655,10.6794,55.1664,3.55216
-3.37305,501.892,10.0223,52.0205,3.47955
-3.14134,549.327,11.0719,57.3658,3.50637
-3.37531,511.835,10.22,53.0471,3.47929
-3.54558,505.94,10.0335,52.1476,3.45977
-1.85014,545.618,11.578,59.3992,3.6614
-3.59789,502.076,9.93593,51.6616,3.4538
-1.13522,557.287,12.165,62.0752,3.75153
1.87509,522.312,12.8242,64.003,4.16893
-0.91818,570.701,12.5649,64.0116,3.77953
-2.06539,511.445,10.7605,55.2954,3.63488
-4.9853,586.692,10.9778,57.7006,3.30076
-0.451128,522.076,11.7075,59.4362,3.84082
-4.84506,521.687,9.81717,51.5432,3.31579
-3.95353,538.116,10.4979,54.7342,3.41363
-2.94024,568.225,11.5454,59.7262,3.52989
-1.38336,501.671,10.8441,55.4383,3.71989
-4.71129,550.824,10.4218,54.6603,3.33022
0.593563,591.566,13.8195,69.6183,3.98329
-3.55957,594.414,11.7814,61.2389,3.45817
-3.35579,565.658,11.3035,58.6625,3.48153
0.140436,502.512,11.5332,58.2948,3.92056
-2.22521,594.851,12.436,63.9832,3.61537
-0.688607,559.816,12.4372,63.2523,3.80947
-3.92661,501.282,9.7899,51.0323,3.41664
-2.15512,523.382,10.9724,56.4229,3.62391
-1.74225,546.26,11.6413,59.6754,3.6748
-1.89256,534.563,11.3243,58.1165,3.65615
-0.321175,586.281,13.2146,67.0223,3.85813
-3.6202,561.015,11.0924,57.6844,3.45126
-0.363443,558.07,12.5578,63.7115,3.85249
1.81377,536.401,13.1389,65.6029,4.15976
-1.19878,566.285,12.3304,62.9494,3.74339
-4.02424,510.924,9.93903,51.849,3.40572
1.20208,542.201,12.9699,65.0474,4.06988
-3.82535,535.28,10.4966,54.6729,3.42803
-0.0875336,563.177,12.8106,64.8612,3.88954
-0.392222,537.339,12.0777,61.2887,3.84865
-3.97961,576.144,11.2279,58.5525,3.41071
-0.0666615,509.409,11.5971,58.7077,3.89237
-0.76675,518.4,11.4817,58.427,3.79924
1.95741,560.301,13.8008,68.8359,4.1813
-3.38589,576.934,11.5149,59.7736,3.47807
-4.18366,524.397,10.1357,52.9409,3.38798
-0.0176522,552.462,12.6014,63.7686,3.89901
-4.42536,577.8,11.0595,57.8748,3.36135
-0.0906083,504.397,11.4722,58.0858,3.88913
-2.35922,588.185,12.2312,62.9939,3.59912
-2.43351,522.004,10.8229,55.7723,3.59016
-1.63531,522.158,11.1749,57.2385,3.68815
-0.719756,503.092,11.1633,56.7868,3.80539
-4.04774,504.513,9.80502,51.1593,3.4031
-4.67579,514.531,9.74916,51.1181,3.33406
-0.642629,548.714,12.2126,62.0889,3.81551
-0.380124,568.182,12.777,64.8316,3.85026
-3.64052,569.316,11.2473,58.4993,3.44895
-1.08489,579.267,12.6699,64.6274,3.75799
-4.51766,592.804,11.3044,59.1991,3.35125
-1.9678,575.387,12.1528,62.4039,3.64687
1.44883,523.841,12.6512,63.3354,4.10579
1.7556,542.681,13.2629,66.2497,4.15109
-3.23036,593.14,11.9124,61.7629,3.49603
-4.19096,590.23,11.4048,59.573,3.38718
-3.73082,505.372,9.94785,51.7769,3.4387
-0.544651,551.471,12.3213,62.596,3.82843
-3.39587,533.402,10.6418,55.2456,3.47692
-3.51355,576.244,11.4424,59.4556,3.46343
-1.51947,596.693,12.8288,65.6522,3.70269
-4.96831,573.798,10.744,56.4638,3.30258
-2.36707,545.303,11.336,58.3865,3.59817
-2.91262,587.285,11.9458,61.7848,3.53313
0.790146,557.123,13.115,65.9739,4.01096
-0.767807,596.4,13.2087,67.2158,3.7991
-2.13252,575.59,12.0778,62.0962,3.62667
-3.76413,580.552,11.4124,59.415,3.43494
0.907862,578.287,13.6757,68.7353,4.02767
-1.82344,537.546,11.4188,58.5707,3.66471
-0.364239,529.799,11.9213,60.4826,3.85238
-3.879,580.597,11.3607,59.1983,3.42199
-2.23715,529.169,11.0576,56.8965,3.61391
-4.75768,539.442,10.1873,53.4498,3.3252
-0.637676,548.606,12.2126,62.0865,3.81616
-0.602987,531.968,11.8584,60.2702,3.82073
-1.24371,533.332,11.5923,59.2011,3.73765
-0.15796,540.792,12.2675,62.1438,3.88003
-2.70388,594.981,12.2037,63.0177,3.55782
-0.443549,514.993,11.5521,58.644,3.84182
-0.485968,545.424,12.2144,62.0254,3.8362
0.642434,501.114,11.7288,59.0647,3.99014
-4.16262,551.041,10.6598,55.6689,3.39032
-2.22892,570.145,11.9177,61.3184,3.61492
0.586894,593.911,13.8707,69.8795,3.98235
0.0172511,593.888,13.5648,68.6262,3.90375
-3.40228,570.818,11.3854,59.1086,3.47618
-4.02402,542.93,10.5617,55.0974,3.40574
-4.0532,546.712,10.6228,55.4286,3.40249
-4.58715,524.763,9.97878,52.2857,3.34368
-3.89331,525.932,10.2851,53.5997,3.42038
1.04783,527.103,12.5334,62.9291,4.04767
-2.62198,521.178,10.7249,55.3469,3.56757
-4.6383,564.396,10.7102,56.1408,3.33812
-4.21193,503.723,9.72505,50.807,3.38485
-4.11935,550.288,10.6638,55.6712,3.39512
-4.03065,512.336,9.96392,51.9815,3.405
0.0439928,582.715,13.3236,67.3924,3.90739
-4.79366,534.243,10.0744,52.8724,3.32132
-3.05367,512.549,10.367,53.677,3.51659
-0.168089,515.544,11.6902,59.2235,3.87867
1.54659,586.764,14.2247,71.1618,4.12014
1.78124,564.998,13.822,69.0298,4.15491
-2.23348,574.648,12.0097,61.7937,3.61436
-4.46372,509.669,9.74027,50.9867,3.35715
-3.51183,530.745,10.5397,54.7642,3.46362
-4.50017,563.458,10.7524,56.3007,3.35316
-3.91725,588.091,11.4896,59.8879,3.41769
1.00021,531.319,12.6102,63.3372,4.04085
-1.05134,567.784,12.4352,63.4142,3.76231
-3.92087,584.887,11.4253,59.5546,3.41729
-4.12965,545.864,10.5737,55.2051,3.39398
-0.773793,558.551,12.3675,62.9382,3.79832
1.85794,523.012,12.8329,64.0543,4.16637
-0.52692,543.574,12.1533,61.7344,3.83077
1.3194,587.848,14.126,70.785,4.08689
-1.49093,534.573,11.5062,58.8711,3.70629
-1.4548,544.805,11.7432,60.0674,3.71085
-4.63057,520.061,9.87199,51.7438,3.33896
-4.57888,526.098,10.0075,52.4328,3.34458
1.41054,527.806,12.7281,63.7379,4.10019
0.634246,550.299,12.8759,64.8452,3.98899
-3.68684,588.023,11.5953,60.3308,3.44369
-1.39592,557.301,12.0406,61.5611,3.71829
1.74714,577.17,14.1012,70.4414,4.14983
-4.25646,574.862,11.0786,57.8983,3.37993
1.00559,576.774,13.6919,68.7674,4.04162
-1.4274,549.281,11.8526,60.6141,3.71431
-4.80232,596.123,11.2374,58.9798,3.32039
-1.32932,585.068,12.6738,64.7662,3.72674
1.46897,564.404,13.6415,68.2831,4.10874
0.265988,566.301,13.0612,65.9569,3.93779
0.396368,586.889,13.6052,68.638,3.95581
1.38362,564.038,13.5876,68.0555,4.09625
0.645403,526.456,12.3234,62.0575,3.99056
-3.02232,550.121,11.1409,57.6702,3.52026
1.08366,559.265,13.3166,66.8444,4.05281
0.233632,562.826,12.9646,65.485,3.93334
-4.76443,557.183,10.5195,55.1955,3.32447
-0.230952,566.543,12.815,64.952,3.87022
1.83416,553.961,13.5798,67.794,4.16281
0.667729,575.936,13.4934,67.9382,3.99369
-2.10559,596.069,12.5209,64.3613,3.62996
-3.13716,544.383,10.9741,56.8571,3.50685
1.10779,540.771,12.8884,64.6832,4.05628
0.643214,515.262,12.0603,60.7339,3.99025
-0.0881663,565.294,12.8585,65.1037,3.88946
-4.07239,585.381,11.3654,59.312,3.40035
-2.73801,509.191,10.4298,53.8719,3.55377
1.12052,592.531,14.129,70.9028,4.05811
-4.5319,528.538,10.0731,52.7569,3.3497
1.34033,504.163,12.1248,60.7482,4.08994
-0.926078,572.853,12.6083,64.2368,3.7785
-4.43911,553.067,10.5802,55.3726,3.35984
0.840486,534.698,12.6118,63.4191,4.01809
1.3251,516.14,12.4056,62.1615,4.08772
0.930665,536.74,12.7045,63.843,4.03092
-1.37605,509.825,11.0235,56.3527,3.72081
-1.13834,595.058,12.9879,66.2758,3.75113
-3.63694,537.441,10.6191,55.2305,3.44936
-2.42361,524.244,10.8737,56.0296,3.59135
-1.2392,563.487,12.2499,62.5574,3.73822
-3.84501,553.739,10.85,56.5223,3.42581
-0.0590659,556.9,12.682,64.1963,3.8934
1.09615,574.296,13.6812,68.668,4.05461
-3.7659,528.276,10.384,54.0619,3.43474
-1.78892,553.665,11.7773,60.3939,3.669
-2.56383,527.501,10.8802,56.1235,3.57452
1.73518,521.502,12.7352,63.6234,4.14805
-0.0681319,590.008,13.4312,67.9932,3.89217
-1.88636,563.505,11.9404,61.2752,3.65692
-1.35603,524.605,11.3521,58.0235,3.72335
-2.70081,589.363,12.0899,62.4288,3.55818
0.579185,548.991,12.8177,64.5785,3.98127
-3.15457,591.525,11.9161,61.746,3.50483
-0.720288,573.17,12.718,64.6958,3.80532
-1.00782,554.893,12.1737,62.0606,3.76793
-2.35797,517.408,10.76,55.416,3.59927
-4.97304,544.097,10.1859,53.5329,3.30207
-1.86575,517.913,10.9833,56.3549,3.65947
0.00170511,535.349,12.2203,61.8313,3.90164
-0.151601,530.115,12.0283,60.9292,3.88089
-3.37005,581.003,11.6035,60.226,3.47989
-4.17706,547.053,10.5765,55.24,3.38872
-1.16943,597.448,13.024,66.4758,3.74714
-1.23593,501.436,10.9023,55.6744,3.73864
-3.49738,563.746,11.2015,58.1966,3.46528
-3.41597,527.118,10.508,54.5591,3.47461
-3.87819,500.835,9.80026,51.0671,3.42208
-4.12589,507.783,9.83752,51.3601,3.3944
-1.23077,525.715,11.4326,58.3798,3.7393
-3.88365,517.954,10.133,52.8032,3.42147
-4.27019,560.826,10.8021,56.4594,3.37841
-2.15,526.363,11.0372,56.7537,3.62453
-1.74589,590.156,12.575,64.4633,3.67435
-1.11037,591.854,12.9322,65.9779,3.75472
1.93447,509.941,12.5492,62.6038,4.17785
-3.03829,528.768,10.7016,55.403,3.51839
-3.22009,591.878,11.892,61.652,3.49722
-1.17058,511.62,11.1525,56.924,3.747
-0.938872,572.647,12.5974,64.1874,3.77684
1.77372,513.681,12.5629,62.7452,4.15379
1.52568,562.846,13.6338,68.2162,4.11707
-1.83922,547.445,11.6218,59.6191,3.66276
1.37839,540.957,13.029,65.2599,4.09549
-3.02606,547.533,11.0868,57.3919,3.51982
-4.68925,534.979,10.1311,53.1262,3.3326
-2.12617,548.875,11.5201,59.2263,3.62744
-4.134,580.643,11.2454,58.7141,3.39349
1.01683,506.26,12.0233,60.3816,4.04323
1.39602,554.434,13.3627,66.9228,4.09806
-1.13195,506.288,11.0531,56.4003,3.75195
-4.8819,560.986,10.5409,55.3593,3.31183
1.26479,597.675,14.3317,71.8445,4.07896
-0.700154,558.095,12.3933,63.0347,3.80796
-0.650743,525.157,11.6845,59.4079,3.81445
-1.53281,509.756,10.9539,56.0628,3.70101
-3.61016,569.634,11.2673,58.5898,3.4524
-0.0689297,586.924,13.3606,67.6361,3.89206
-0.0611169,552.551,12.582,63.6909,3.89312
1.693,586.793,14.3063,71.494,4.14179
-1.66564,509.316,10.887,55.7764,3.68436
-1.34212,513.144,11.1102,56.7811,3.72512
0.144854,504.79,11.5875,58.5673,3.92116
-3.30448,535.511,10.7231,55.6284,3.48745
0.256875,584.359,13.4729,68.0405,3.93654
0.912658,519.499,12.2878,61.7571,4.02835
0.168856,570.131,13.0997,66.1988,3.92445
-2.49516,552.608,11.4293,58.925,3.58275
-2.58038,586.385,12.0868,62.3552,3.57254
-1.72447,573.521,12.2309,62.6893,3.67702
-4.54892,514.76,9.80372,51.3531,3.34784
-2.19849,581.559,12.1711,62.6073,3.61862
-3.59851,582.911,11.5353,59.978,3.45373
-3.00736,565.203,11.4532,59.2799,3.52201
-2.08511,556.651,11.7024,60.1447,3.63246
-0.141771,538.764,12.2293,61.9427,3.88222
-0.311361,520.717,11.7413,59.5458,3.85944
-4.03801,524.611,10.1996,53.2141,3.40418
-0.280648,554.516,12.5185,63.4728,3.86355
-0.969572,524.285,11.5196,58.709,3.77287
-0.48954,571.261,12.7912,64.9562,3.83572
-3.27213,582.54,11.68,60.5772,3.49119
1.39172,501.266,12.0792,60.497,4.09744
0.263255,548.274,12.6441,63.8518,3.93741
-1.83696,526.08,11.1692,57.2965,3.66303
0.491775,525.483,12.2271,61.6423,3.96907
-1.9806,563.798,11.902,61.1218,3.64529
1.39708,545.19,13.1404,65.8092,4.09822
-1.58178,583.347,12.511,64.0557,3.69486
-0.932109,563.201,12.3929,63.1423,3.77772
-1.39155,564.655,12.2016,62.3822,3.71885
-4.92597,549.172,10.3005,54.1154,3.30711
0.878507,520.225,12.2886,61.7767,4.02349
-0.913139,589.314,12.9772,66.1099,3.78018
-3.62443,586.8,11.6002,60.3274,3.45078
-2.20299,593.475,12.4182,63.8808,3.61807
-2.45142,574.689,11.9068,61.3659,3.588
-3.74088,556.142,10.9428,56.9598,3.43757
-3.43459,571.787,11.3899,59.147,3.47247
-1.45897,546.529,11.7784,60.2494,3.71032
-3.73272,559.866,11.0197,57.3564,3.43849
-2.37991,594.699,12.3565,63.6491,3.59662
0.509696,583.967,13.5974,68.5418,3.97156
-3.50606,598.377,11.8855,61.7543,3.46428
-0.582095,554.522,12.3713,62.8673,3.82349
-3.71102,586.026,11.5447,60.0787,3.44095
1.79526,510.872,12.5047,62.4444,4.157
-3.55043,562.951,11.1619,58.0146,3.45921
0.239782,521.968,12.0264,60.7431,3.93418
-2.02323,523.284,11.028,56.652,3.64005
-0.463689,596.402,13.3677,67.8708,3.83915
0.680994,598.012,14.0178,70.5718,3.99556
-2.81641,508.016,10.3732,53.6117,3.54448
1.50957,534.52,12.9396,64.7503,4.1147
-2.23578,500.82,10.4658,53.8507,3.61408
-0.778149,532.449,11.7875,59.9887,3.79775
-0.48137,516.489,11.5685,58.7436,3.83681
-4.51995,508.409,9.69412,50.7674,3.351
-2.3923,535.819,11.1276,57.3245,3.59513
-4.53707,536.044,10.214,53.497,3.34913
-2.79459,531.841,10.8692,56.1656,3.54706
-0.730758,533.345,11.8294,60.1805,3.80395
-1.28966,506.374,10.9864,56.1261,3.73179
-1.46867,579.428,12.4827,63.8564,3.7091
-1.53639,549.916,11.8152,60.4727,3.70056
-4.81873,519.899,9.79398,51.4108,3.31862
-0.724409,532.889,11.8223,60.1413,3.80478
-4.25714,593.485,11.4371,59.7725,3.37985
-3.69242,570.039,11.2381,58.4751,3.44306
-0.842584,578.075,12.7652,64.9954,3.78935
-2.61439,518.538,10.6738,55.08,3.56848
-4.65922,565.258,10.7175,56.1881,3.33585
-2.62753,527.403,10.8506,55.9979,3.56691
-1.54987,563.578,12.1023,61.9483,3.69887
-3.42966,560.355,11.1644,57.9736,3.47304
1.63541,532.462,12.9527,64.757,4.13325
-1.22408,558.36,12.1457,62.0182,3.74015
-3.69152,508.251,10.0203,52.1383,3.44316
-2.25021,532.228,11.1157,57.2013,3.61233
0.246628,536.314,12.3602,62.426,3.93513
1.52602,502.522,12.1727,60.9057,4.11712
1.13058,530.084,12.6448,63.4504,4.05956
-2.17193,537.358,11.2579,57.8982,3.62186
-3.34766,542.31,10.8405,56.2559,3.48247
0.479978,548.06,12.7466,64.2668,3.96742
-1.86947,535.289,11.3501,58.2387,3.65901
1.43007,549.278,13.2559,66.3717,4.10304
-2.10892,505.597,10.6191,54.5867,3.62955
-4.62262,506.508,9.61782,50.4085,3.33982
-1.3729,543.003,11.7424,60.0259,3.72121
-2.26875,543.083,11.3341,58.3331,3.61008
1.93154,502.786,12.3717,61.7197,4.17741
-1.25166,595.14,12.9316,66.0452,3.73663
1.47591,547.118,13.2273,66.2062,4.10976
-2.85985,577.975,11.7813,60.9091,3.53935
-3.5408,581.535,11.5348,59.9485,3.46031
1.39928,596.384,14.3756,71.9938,4.09854
-0.254611,588.235,13.2933,67.3883,3.86704
-1.07049,597.508,13.0763,66.6932,3.75985
1.36354,531.854,12.8023,64.1317,4.09332
-0.713173,501.714,11.1356,56.6432,3.80625
-2.77223,537.996,11.0048,56.8566,3.54971
-0.803049,531.481,11.7546,59.8321,3.7945
-1.90437,593.194,12.5605,64.4663,3.65469
-4.01068,545.459,10.6166,55.3781,3.40723
-3.03256,584.288,11.828,61.2317,3.51906
-0.05026,502.726,11.4523,57.9676,3.89459
-3.10235,533.364,10.767,55.769,3.51091
1.81681,509.704,12.4865,62.3438,4.16022
-1.35674,501.506,10.8519,55.4674,3.72326
-0.942352,516.278,11.3558,57.8627,3.77639
-3.8467,563.002,11.0307,57.4646,3.42562
-3.3907,596.596,11.9051,61.801,3.47752
-3.0623,523.919,10.5933,54.8525,3.51558
0.257409,549.823,12.6769,64.0204,3.93661
1.87455,515.438,12.6552,63.1596,4.16886
-0.856816,570.724,12.5958,64.1398,3.7875
-3.42752,562.886,11.2158,58.2395,3.47328
1.79327,584.485,14.3054,71.4377,4.1567
-1.49539,504.498,10.857,55.5511,3.70573
-4.25338,564.287,10.8761,56.8389,3.38027
-1.9859,526.085,11.1035,57.0236,3.64464
1.64303,592.669,14.4216,72.0965,4.13438
-3.14249,572.185,11.5321,59.7505,3.50623
-0.206375,579.617,13.1233,66.5029,3.87352
-2.96131,560.896,11.3868,58.9158,3.52741
-0.0781305,564.625,12.8483,65.0474,3.89081
1.80757,584.016,14.3018,71.4124,4.15884
-0.672769,588.976,13.0932,66.5807,3.81155
-3.86671,540.463,10.5806,55.1283,3.42337
-3.79414,538.614,10.5752,55.0693,3.43155
-1.61776,560.97,12.0139,61.5276,3.69035
0.494361,572.957,13.3331,67.2169,3.96943
1.4664,528.511,12.7727,63.9354,4.10836
-1.865,505.535,10.7211,55.0093,3.65956
-2.81196,556.074,11.3566,58.6918,3.54501
0.301421,583.949,13.4869,68.0888,3.94267
0.880836,595.321,14.0638,70.6996,4.02382
-0.738019,503.238,11.1585,56.7702,3.803
0.297102,540.324,12.4772,62.9936,3.94208
0.203032,541.554,12.4597,62.9489,3.92913
1.61571,555.404,13.5005,67.5053,4.13034
0.356135,589.138,13.6359,68.8132,3.95023
0.608212,533.886,12.4792,62.8593,3.98534
-0.784228,553.759,12.2564,62.3774,3.79696
0.856231,520.604,12.2869,61.7782,4.02033
-3.61883,577.885,11.4265,59.4216,3.45142
-1.59014,519.891,11.1463,57.0725,3.69381
1.72216,568.296,13.8709,69.3038,4.14611
-4.41105,578.966,11.0882,58.0186,3.36291
0.712237,566.854,13.3036,66.961,3.99996
0.0483995,524.179,11.9872,60.631,3.90799
-4.43444,551.937,10.5605,55.2678,3.36035
-3.29275,548.977,10.998,57.0489,3.48881
-3.46809,579.206,11.5222,59.8494,3.46863
1.98485,596.803,14.7155,73.3836,4.18543
1.65258,536.91,13.0696,65.3332,4.13579
-3.76345,536.343,10.5437,54.8918,3.43501
1.81522,500.032,12.2488,61.1577,4.15998
-2.25632,549.005,11.4633,58.9928,3.61159
-2.69806,550.76,11.2993,58.3449,3.55851
-0.637532,582.274,12.9621,65.8971,3.81618
-0.452162,559.777,12.5524,63.7262,3.84068
-2.92064,504.637,10.2614,53.0762,3.53219
-1.35186,553.439,11.978,61.2208,3.72388
-4.31607,592.425,11.3896,59.5514,3.37335
-1.83715,531.358,11.2812,57.871,3.66301
-2.36143,594.297,12.3572,63.6439,3.59885
-2.63389,522.784,10.7529,55.4961,3.56615
1.9874,565.49,13.9447,69.5388,4.18581
0.5944,557.195,13.017,65.5751,3.9834
-0.905568,557.894,12.289,62.6004,3.78116
-4.05993,539.801,10.4857,54.7159,3.40174
-1.22378,531.975,11.5719,59.0882,3.74019
-2.17311,513.797,10.7638,55.3576,3.62171
-4.84219,564.966,10.6328,55.8245,3.3161
-2.48994,534.207,11.0511,56.9724,3.58337
0.971689,527.751,12.5117,62.8552,4.03677
-0.49313,570.591,12.7744,64.8726,3.83525
-1.32472,516.636,11.1935,57.1994,3.72733
-0.0321469,582.062,13.269,67.1542,3.89704
-3.89567,505.293,9.88053,51.4924,3.42012
-4.99799,536.708,10.0374,52.7628,3.29941
1.27085,533.987,12.8075,64.201,4.07984
0.672084,594.205,13.9237,70.1028,3.99431
0.702449,598.464,14.0401,70.6731,3.99858
-1.82836,519.826,11.0402,56.631,3.6641
1.03259,510.23,12.125,60.8854,4.04548
-4.63592,598.643,11.3612,59.552,3.33838
-1.70995,503.342,10.7404,55.0439,3.67883
-4.07655,515.843,10.0136,52.2592,3.39988
-3.36258,566.284,11.313,58.7145,3.48075
-1.57263,573.734,12.3093,63.0187,3.69601
-4.80556,587.827,11.0795,58.1529,3.32004
-2.3943,526.824,10.9399,56.3584,3.59489
-1.93918,562.754,11.8995,61.0899,3.6504
0.0315666,581.338,13.2856,67.2066,3.9057
-4.17433,515.217,9.96205,52.0299,3.38902
-0.297951,561.436,12.6661,64.2295,3.86124
-4.11683,514.136,9.96424,52.018,3.3954
1.43907,564.881,13.6372,68.2764,4.10436
-1.39662,518.629,11.2048,57.288,3.71821
1.60834,589.569,14.3269,71.6412,4.12925
-2.82003,525.99,10.7387,55.502,3.54405
0.142634,533.011,12.2342,61.8373,3.92086
-1.33398,569.47,12.3337,63.0302,3.72615
-0.592707,575.114,12.8253,65.1797,3.82209
1.19028,586.488,14.0228,70.3343,4.06817
-3.69456,509.789,10.0494,52.2909,3.44281
-1.34155,533.639,11.5542,59.05,3.72519
-3.21228,537.755,10.8079,56.0286,3.49813
0.97578,517.486,12.2703,61.6405,4.03736
0.107177,570.43,13.075,66.104,3.91601
-0.939918,559.86,12.3156,62.7521,3.77671
1.28477,566.877,13.6037,68.1853,4.08186
1.32682,553.853,13.3129,66.7071,4.08798
-4.85081,587.265,11.0486,58.0114,3.31517
-2.84751,511.271,10.4267,53.901,3.54081
-0.422739,558.576,12.54,63.6491,3.84459
-3.48632,530.693,10.5494,54.8041,3.46654
1.53965,595.263,14.4268,72.1768,4.11912
-1.06979,590.236,12.9175,65.8829,3.75994
-1.66493,557.818,11.9241,61.0894,3.68445
-1.63889,573.25,12.2666,62.8318,3.6877
-2.29069,581.288,12.1208,62.3926,3.60742
1.13802,565.713,13.4987,67.7312,4.06063
1.30768,501.025,12.0341,60.308,4.08519
-2.73198,560.412,11.4818,59.3025,3.55448
1.49996,504.645,12.2118,61.1129,4.11329
-3.40948,580.746,11.5801,60.1226,3.47536
0.507788,548.969,12.7816,64.4301,3.9713
-0.669741,587.102,13.053,66.3752,3.81195
-4.02325,529.702,10.3047,53.7563,3.40583
-4.26004,519.339,10.0071,52.3,3.37953
-4.67337,592.645,11.2303,58.8832,3.33432
-4.75277,520.985,9.84071,51.6293,3.32573
-0.0646032,564.196,12.8454,65.0259,3.89265
-2.44734,513.293,10.6365,54.8172,3.5885
1.83946,503.643,12.3488,61.6464,4.1636
-2.13124,505.442,10.6064,54.5308,3.62682
-0.10684,502.223,11.4155,57.8056,3.88693
-2.54767,566.428,11.6907,60.2965,3.57645
-2.38138,517.128,10.7441,55.3442,3.59645
0.538009,545.96,12.7265,64.1383,3.97552
-3.42397,577.781,11.5142,59.7875,3.47369
-1.67333,554.761,11.8548,60.7382,3.6834
1.55595,514.785,12.4842,62.4508,4.12152
-2.985,514.916,10.4435,54.0448,3.52463
-1.8875,557.347,11.8094,60.6035,3.65678
-2.53087,596.626,12.3222,63.5455,3.57847
-2.22341,556.083,11.6264,59.8167,3.61559
-0.939535,502.723,11.0589,56.3486,3.77676
-1.25279,575.542,12.5052,63.868,3.73649
-4.36913,594.271,11.4006,59.6337,3.36752
-3.18499,525.371,10.5706,54.7866,3.50129
-2.43719,586.849,12.1656,62.6931,3.58972
-0.737498,511.48,11.3415,57.7009,3.80307
-1.82011,530.226,11.2648,57.7792,3.66512
0.470809,587.109,13.6499,68.8258,3.96615
0.291484,560.429,12.9386,65.3258,3.9413
0.0185531,526.292,12.0215,60.8177,3.90393
-1.99469,549.216,11.5876,59.514,3.64356
-1.882,556.642,11.797,60.5375,3.65746
0.451461,535.364,12.4374,62.7213,3.96346
0.00518503,530.001,12.0999,61.2204,3.90211
-0.854233,580.345,12.8094,65.2263,3.78783
1.77196,556.592,13.6115,67.9829,4.15353
-4.51458,508.561,9.69912,50.7915,3.35159
-1.2299,543.791,11.826,60.3887,3.73941
-4.56129,540.509,10.289,53.9001,3.34649
0.822691,504.864,11.8999,59.8469,4.01557
0.488448,500.186,11.637,58.6687,3.9686
-1.8572,567.079,12.03,61.7216,3.66053
-1.4263,573.752,12.3811,63.3168,3.71445
1.98297,570.327,14.0616,70.1239,4.18515
-4.65749,531.201,10.0725,52.8058,3.33604
1.44148,567.467,13.7009,68.5941,4.10471
1.10215,532.073,12.6783,63.6314,4.05547
-3.9099,501.766,9.80594,51.1093,3.41852
-4.07558,556.391,10.8011,56.3688,3.39999
0.814469,582.231,13.719,69.0002,4.0144
-2.964,586.419,11.9037,61.5914,3.5271
1.38749,564.629,13.6039,68.1352,4.09682
-0.00571217,552.563,12.6096,63.8044,3.90063
-1.16372,523.552,11.4157,58.2644,3.74787
-2.18697,599.261,12.5473,64.5368,3.62002
0.393237,569.386,13.1978,66.5842,3.95537
-0.453011,558.476,12.5229,63.5764,3.84057
-1.9296,543.441,11.4955,59.0115,3.65158
-4.27721,507.777,9.77751,51.1071,3.37764
-2.24075,544.829,11.3832,58.5734,3.61348
1.35519,575.519,13.8489,69.3786,4.09211
-2.90107,527.218,10.729,55.4862,3.53449
-1.66346,510.831,10.9203,55.9462,3.68463
-1.12503,580.676,12.6806,64.7015,3.75284
-2.19281,529.819,11.0907,57.0476,3.61931
-2.94665,563.441,11.4452,59.2111,3.52913
-1.20884,584.202,12.7154,64.9201,3.7421
-1.29533,501.968,10.8883,55.6277,3.73107
-4.2944,515.653,9.92227,51.8707,3.37574
-2.59099,599.521,12.3523,63.7302,3.57127
0.436166,577.854,13.4165,67.6665,3.96133
0.493945,577.61,13.4412,67.7618,3.96937
-3.74442,530.182,10.4305,54.2948,3.43717
0.621168,506.171,11.8373,59.6206,3.98716
0.8418,585.616,13.8135,69.4613,4.01828
0.193368,569.425,13.096,66.1682,3.92781
-2.71035,509.982,10.4576,54.0038,3.55705
-4.65178,528.594,10.0254,52.5564,3.33666
-2.56204,598.654,12.3487,63.6975,3.57473
-0.682996,516.918,11.4866,58.4158,3.81021
-3.26597,507.518,10.1783,52.7863,3.4919
0.911006,589.478,13.9421,70.0723,4.02812
-2.43341,593.463,12.3046,63.4074,3.59017
0.300525,571.066,13.1889,66.5848,3.94255
-0.169867,561.909,12.7406,64.546,3.87843
-1.12064,527.812,11.5282,58.8194,3.7534
1.97175,526.991,12.9875,64.7728,4.18345
-2.01089,595.83,12.563,64.5316,3.64157
-1.51217,538.927,11.5902,59.3102,3.70361
-3.306,564.706,11.3071,58.6583,3.48728
1.2288,532.442,12.7496,63.9304,4.07375
-3.71747,549.018,10.8128,56.273,3.44022
-4.67749,584.604,11.0761,58.0765,3.33387
-4.95208,572.731,10.731,56.3888,3.30431
0.0258656,505.286,11.545,58.4039,3.90492
0.00307908,575.881,13.1462,66.5155,3.90183
-2.10681,579.126,12.1644,62.5294,3.62981
-3.65055,553.8,10.9364,56.8865,3.44781
-3.22844,513.071,10.3052,53.4287,3.49625
-2.69192,522.619,10.7246,55.3748,3.55924
-4.04962,546.278,10.6159,55.391,3.40289
-4.72219,541.713,10.2449,53.7371,3.32904
-0.673006,509.295,11.3217,57.5727,3.81152
0.419525,514.514,11.9382,60.2177,3.95902
-4.35347,568.792,10.9187,57.1061,3.36924
-4.6674,563.087,10.6728,55.9574,3.33497
-3.81527,547.804,10.7465,55.9705,3.42916
-0.340719,509.986,11.4861,58.2643,3.85552
0.317286,553.115,12.7827,64.526,3.94486
-2.68643,534.553,10.9719,56.6493,3.55989
-1.82889,529.999,11.256,57.7382,3.66404
-0.552119,502.205,11.2173,56.9904,3.82744
-3.84299,560.056,10.9746,57.1708,3.42604
1.73659,512.259,12.5102,62.4984,4.14826
-3.15805,512.571,10.3242,53.4984,3.50442
-0.37695,558.14,12.5528,63.6922,3.85069
-0.344956,540.317,12.1672,61.7211,3.85495
-2.96712,505.252,10.2548,53.0611,3.52673
-1.11413,582.136,12.718,64.8868,3.75424
-1.50911,517.328,11.127,56.9388,3.704
-0.41242,569.86,12.7985,64.9563,3.84596
-2.37899,599.31,12.4528,64.1445,3.59673
-0.188114,523.578,11.863,60.1081,3.87597
-3.99985,511.434,9.95874,51.942,3.40844
-0.997965,541.55,11.8856,60.5874,3.7692
0.97995,576.194,13.6645,68.6426,4.03795
-4.07843,523.473,10.1609,53.0289,3.39967
-2.16132,548.663,11.4996,59.1365,3.62315
-1.5963,540.623,11.588,59.3367,3.69304
-4.31427,539.507,10.373,54.2352,3.37355
-2.2929,566.831,11.8183,60.8366,3.60715
-2.1209,505.236,10.6064,54.5266,3.62809
0.690979,577.771,13.5486,68.2047,3.99696
-1.36628,579.541,12.5358,64.0786,3.72205
-3.96891,520.292,10.1439,52.8948,3.4119
1.91816,576.977,14.19,70.7973,4.1754
1.80527,547.498,13.4063,66.9422,4.15849
-3.63433,558.643,11.0392,57.4142,3.44965
-2.66341,530.527,10.8993,56.2644,3.56263
-4.87834,590.614,11.0993,58.2898,3.31222
0.367944,545.21,12.6249,63.7061,3.95187
-0.752595,532.012,11.7897,59.9883,3.80109
-4.55577,555.237,10.5717,55.3787,3.3471
-0.866645,559.687,12.3474,62.8796,3.78622
-3.84334,574.752,11.2624,58.6703,3.426
-3.20107,585.05,11.7638,60.9783,3.49943
-4.55533,522.934,9.9568,52.1576,3.34714
-2.50927,584.21,12.0762,62.2664,3.58105
1.4171,527.846,12.7323,63.7558,4.10114
-4.41402,519.056,9.93962,52.01,3.36259
1.60294,579.493,14.0791,70.4048,4.12845
-3.71795,519.722,10.2356,53.2693,3.44016
-4.3303,525.27,10.0927,52.7764,3.37179
-0.264198,517.445,11.6891,59.2605,3.86576
0.481961,529.71,12.3207,62.1189,3.9677
-4.42335,553.008,10.5858,55.3951,3.36157
-2.65445,590.559,12.1369,62.6492,3.5637
1.86612,535.241,13.1371,65.5688,4.16759
0.837548,539.388,12.721,63.9695,4.01768
-1.63144,593.574,12.7053,65.075,3.68864
-4.11042,545.798,10.5806,55.233,3.39612
1.27011,590.361,14.1592,70.9772,4.07973
-1.92765,574.893,12.1617,62.4308,3.65182
0.0783433,570.515,13.0622,66.0534,3.91207
-4.42828,578.86,11.0784,57.9754,3.36103
-0.882167,580.399,12.7965,65.1742,3.7842
-3.38518,516.884,10.3167,53.5533,3.47815
-2.58773,593.523,12.2304,63.0993,3.57166
0.918263,530.472,12.5501,63.0727,4.02915
-0.457639,540.101,12.1086,61.4756,3.83995
0.964328,519.808,12.3198,61.8948,4.03572
-3.47453,500.501,9.95395,51.706,3.46789
-1.00465,508.177,11.1502,56.8416,3.76834
1.56922,517.193,12.5491,62.7691,4.12348
-0.104919,518.996,11.7976,59.7398,3.88719
-3.20398,599.421,12.0513,62.4702,3.49909
1.80876,598.647,14.6608,73.2042,4.15902
-2.00482,501.358,10.5737,54.3104,3.64232
-0.887902,554.826,12.23,62.2913,3.78346
-2.0671,538.643,11.3319,58.2327,3.63467
-3.74467,567.443,11.1634,58.1101,3.43714
0.116798,507.552,11.6381,58.8353,3.91732
-1.85339,537.498,11.4042,58.5092,3.661
-0.568469,572.069,12.7696,64.8848,3.82528
-3.38283,511.646,10.2131,53.0146,3.47842
-1.05006,598.475,13.108,66.8447,3.76248
-4.572,513.331,9.76738,51.172,3.34533
1.1615,504.547,12.0501,60.4526,4.06402
-4.94878,545.615,10.2243,53.7248,3.30467
-2.73296,569.323,11.6639,60.2435,3.55436
-3.42693,511.2,10.1862,52.8928,3.47335
-4.92937,529.71,9.93413,52.1919,3.30675
-4.48386,583.943,11.1506,58.3786,3.35494
1.40878,518.932,12.5132,62.6628,4.09993
0.863291,520.825,12.2955,61.8183,4.02133
-2.11165,509.114,10.6917,54.9615,3.62922
-0.914825,537.509,11.8357,60.2951,3.77996
1.69598,506.02,12.3384,61.6585,4.14223
-4.90133,590.878,11.0939,58.2721,3.30975
-2.71578,544.172,11.1563,57.6141,3.5564
-0.595478,518.688,11.5657,58.7796,3.82172
0.943957,577.538,13.6772,68.7245,4.03281
-4.41983,570.286,10.9181,57.1325,3.36195
1.59814,547.648,13.3029,66.5257,4.12775
-2.34559,596.232,12.4053,63.8838,3.60077
-2.20953,552.705,11.5621,59.4799,3.61727
-4.18879,535.191,10.3422,54.0217,3.38742
-4.67874,509.956,9.66131,50.6587,3.33374
-3.06701,528.723,10.6884,55.347,3.51503
-0.190988,510.427,11.5638,58.593,3.87559
1.52741,558.29,13.5243,67.6677,4.11732
-3.50095,502.889,9.99083,51.9081,3.46487
-2.93868,596.813,12.127,62.7343,3.53007
0.0799273,515.011,11.7921,59.6302,3.91229
1.47468,556.817,13.4611,67.3773,4.10958
-3.13676,595.087,11.9964,62.1536,3.5069
-1.90788,559.254,11.8402,60.771,3.65426
-3.36229,568.882,11.365,58.9844,3.48079
0.948486,570.248,13.507,67.8668,4.03346
-0.935529,537.522,11.8263,60.2568,3.77728
0.670925,517.721,12.131,61.0771,3.99414
-2.30588,508.418,10.595,54.5445,3.60557
-4.20086,522.37,10.0896,52.7068,3.38608
-4.55089,587.823,11.1943,58.6381,3.34763
1.78708,522.347,12.7815,63.8305,4.15578
-3.59049,572,11.3231,58.8706,3.45464
-4.15001,551.422,10.6726,55.7302,3.39172
-3.40305,587.37,11.7151,60.8209,3.47609
-3.58119,505.635,10.0131,52.056,3.4557
-2.85853,515.798,10.5144,54.359,3.53951
1.81321,585.677,14.3456,71.6282,4.15968
-2.83496,579.322,11.8205,61.1001,3.54229
-4.24967,518.425,9.99366,52.2256,3.38068
0.0893604,573.34,13.1325,66.4036,3.91358
1.25543,539.992,12.9438,64.8915,4.0776
1.58022,509.358,12.3643,61.8396,4.1251
0.866447,584.127,13.7916,69.3386,4.02178
-0.408181,562.406,12.6332,64.1152,3.84653
1.38711,576.653,13.8934,69.5852,4.09676
-4.89193,599.705,11.2639,59.1607,3.31076
-1.11849,598.156,13.0657,66.6631,3.75368
1.75352,516.863,12.6309,63.0938,4.15078
-0.457779,574.717,12.8846,65.4153,3.83993
0.422777,557.5,12.9372,65.2554,3.95947
0.921227,542.628,12.8391,64.5241,4.02957
-3.26923,589.281,11.8165,61.2839,3.49153
-2.2078,574.053,12.0095,61.7806,3.61748
0.360991,517.352,11.9766,60.4376,3.95091
-1.70007,540.327,11.5341,59.1072,3.68006
-2.12052,548.427,11.5133,59.1887,3.62813
1.55194,594.388,14.4125,72.0986,4.12093
-1.26366,526.943,11.4444,58.4546,3.7351
1.75209,545.027,13.3184,66.5288,4.15057
-1.71331,504.095,10.7551,55.1204,3.67841
-1.54737,547.776,11.7641,60.2162,3.69918
-0.352194,560.16,12.6104,63.973,3.85399
-2.10111,543,11.4082,58.6395,3.63051
-3.40568,595.931,11.8847,61.7022,3.47579
1.78578,549.803,13.4526,67.1828,4.15559
-2.40369,584.514,12.1334,62.5111,3.59375
-4.13862,594.619,11.5139,60.1183,3.39298
-4.89815,532.947,10.0075,52.5644,3.31009
-0.0304337,510.926,11.6481,58.9502,3.89728
-4.54139,563.492,10.7351,56.2284,3.34866
-0.819136,579.352,12.8052,65.1877,3.7924
-1.78971,546.727,11.6293,59.6355,3.6689
-4.16729,507.057,9.80707,51.2177,3.3898
-0.775973,584.753,12.9466,65.886,3.79804
0.287296,567.913,13.1093,66.1895,3.94073
-0.971295,546.863,12.0149,61.2339,3.77265
0.814861,549.206,12.9411,65.0871,4.01446
0.381685,595.908,13.8063,69.6603,3.95377
-3.08758,577.91,11.6731,60.4557,3.51263
0.7887,512.455,12.0628,60.6815,4.01076
-4.97213,583.303,10.9202,57.3919,3.30217
-0.564352,547.337,12.2195,62.0878,3.82583
1.00401,595.286,14.1305,70.971,4.04139
-4.14283,568.592,11.0081,57.479,3.39251
-2.46037,581.341,12.0403,62.0584,3.58693
-3.50807,585.131,11.6214,60.3833,3.46405
1.02661,546.239,12.9777,65.17,4.04463
1.80225,525.003,12.854,64.1857,4.15804
-3.77586,576.805,11.3334,59.0091,3.43361
-4.67428,571.099,10.8216,56.7408,3.33422
-3.84608,547.347,10.7243,55.8679,3.42569
-0.25722,520.615,11.764,59.6367,3.86669
-0.0547846,502.073,11.4354,57.8841,3.89398
1.90775,586.059,14.4075,71.8882,4.17383
-0.769027,566.262,12.5406,63.8168,3.79894
-0.816257,590.468,13.0524,66.4446,3.79278
0.347891,593.299,13.7277,69.2811,3.94909
0.56286,561.383,13.0987,66.002,3.97899
0.130251,526.404,12.0767,61.0467,3.91916
1.31744,544.701,13.0881,65.5854,4.08661
0.627143,536.842,12.5576,63.2453,3.98799
-0.201004,507.403,11.4907,58.2273,3.87424
-3.7674,593.908,11.6734,60.7755,3.43457
-0.372487,536.848,12.076,61.2712,3.85128
-4.25105,525.84,10.136,52.9703,3.38053
0.703694,591.205,13.8705,69.8186,3.99876
-3.86492,556.344,10.8923,56.7514,3.42357
0.742766,576.554,13.5474,68.1726,4.00426
0.239173,550.854,12.6916,64.1033,3.9341
1.11282,566.222,13.4976,67.7382,4.05701
-2.85468,540.123,11.012,56.9296,3.53996
-4.69868,569.946,10.7891,56.5812,3.33158
-1.81969,579.547,12.3128,63.1547,3.66518
0.0235319,527.396,12.049,60.955,3.90461
0.405508,501.387,11.6272,58.6553,3.95707
-0.539424,578.383,12.9253,65.6617,3.82912
1.49798,504.495,12.2072,61.0908,4.113
0.20916,522.23,12.018,60.7145,3.92998
1.1845,554.54,13.256,66.4908,4.06734
-1.38912,561.222,12.1286,62.0078,3.71916
1.19721,518.303,12.3959,62.1708,4.06918
0.375507,544.072,12.6023,63.5883,3.95292
-1.61606,561.986,12.0365,61.6423,3.69056
-0.989987,527.861,11.5888,59.0709,3.77023
0.480355,585.211,13.6108,68.6239,3.96748
1.35826,563.392,13.5587,67.9233,4.09255
-4.4084,573.334,10.9815,57.4592,3.36321
1.58337,516.195,12.5318,62.6759,4.12557
-3.62993,546.22,10.7956,56.1454,3.45015
-0.712292,582.124,12.9207,65.7232,3.80637
-3.48917,533.782,10.6096,55.118,3.46621
0.257873,578.268,13.3329,67.3334,3.93667
-2.85766,555.213,11.3183,58.5145,3.53961
1.35774,511.248,12.3036,61.6357,4.09248
1.44817,539.284,13.0239,65.2013,4.10569
0.893329,551.332,13.0309,65.5013,4.0256
-4.99763,591.658,11.0652,58.1655,3.29945
-3.48033,501.415,9.9698,51.7906,3.46723
-1.17027,556.327,12.1272,61.8988,3.74703
-4.67932,522.417,9.89716,51.8956,3.33368
-0.174167,589.806,13.3709,67.7412,3.87785
-1.46152,523.909,11.2898,57.7511,3.71
-3.59139,536.828,10.6264,55.2491,3.45454
-0.628334,519.019,11.5582,58.7555,3.81739
1.30357,598.85,14.3815,72.0738,4.08459
-0.743927,595.643,13.2043,67.1817,3.80223
-0.431102,518.796,11.6431,59.1005,3.84348
-1.25096,560.816,12.1862,62.2375,3.73672
0.278043,563.605,13.0051,65.668,3.93945
0.697208,579.064,13.5822,68.3709,3.99784
1.79767,578.02,14.1496,70.6573,4.15736
-2.49498,591.263,12.2289,63.0472,3.58277
0.855609,571.365,13.4846,67.8005,4.02024
-1.00273,598.225,13.127,66.9179,3.76858
-2.67104,509.616,10.4665,54.0335,3.56172
-2.88991,599.128,12.1978,63.0769,3.53581
1.73114,573.032,13.9914,69.9012,4.14745
-1.47888,557.239,11.9998,61.3909,3.70781
-2.57197,574.058,11.8367,61.0608,3.57354
-0.559797,591.082,13.1985,67.0597,3.82643
-4.66486,507.469,9.6196,50.4344,3.33524
-0.399322,505.001,11.3477,57.5872,3.84771
-3.10077,556.914,11.2431,58.2343,3.51109
-4.17119,578.891,11.1947,58.4661,3.38937
1.19881,559.519,13.3824,67.1181,4.06941
-3.22779,589.839,11.8474,61.4243,3.49633
-2.73794,521.847,10.6891,55.211,3.55377
1.68848,530.108,12.922,64.5784,4.14111
-1.98728,527.453,11.1317,57.1693,3.64447
1.56871,558.721,13.5564,67.808,4.1234
-4.6261,529.175,10.0468,52.6584,3.33945
-4.46177,569.858,10.8914,57.0115,3.35736
-3.98108,598.723,11.6673,60.8443,3.41054
0.439567,532.505,12.3653,62.3629,3.9618
-3.71962,550.436,10.8398,56.4143,3.43997
-1.25374,587.077,12.7554,65.146,3.73637
-3.26521,569.493,11.4216,59.2337,3.49199
-3.36029,563.936,11.2671,58.4754,3.48102
-3.51544,513.422,10.1942,52.9705,3.46321
-3.2097,561.636,11.2891,58.5216,3.49842
-0.522519,533.972,11.9407,60.6525,3.83136
-0.290224,546.879,12.3414,62.5796,3.86227
-3.81981,593.377,11.6384,60.6178,3.42865
-3.28947,546.18,10.9434,56.7643,3.48919
-4.35997,514.938,9.88231,51.6883,3.36852
1.67654,553.205,13.4788,67.3668,4.13934
-2.57865,504.135,10.3922,53.6118,3.57275
-3.92847,544.959,10.6421,55.4754,3.41643
-4.0216,571.868,11.1258,58.0387,3.40601
-4.22382,503.34,9.71298,50.7487,3.38354
-4.15408,573.778,11.1034,57.982,3.39127
-2.38757,596.951,12.3995,63.8744,3.5957
-2.91672,577.994,11.7549,60.7993,3.53265
1.21994,535.283,12.8133,64.2536,4.07246
1.86663,576.608,14.1527,70.6376,4.16767
1.05355,574.946,13.674,68.6533,4.04849
-3.12779,516.074,10.4073,53.9167,3.50794
1.69389,555.448,13.5425,67.6769,4.14192
-2.8052,559.307,11.4257,59.0458,3.54581
1.97488,500.731,12.3418,61.5512,4.18393
-4.1086,518.152,10.0454,52.4384,3.39632
-2.39916,549.53,11.4092,58.7783,3.5943
-4.18698,588.535,11.3739,59.4096,3.38762
-1.15607,525.563,11.463,58.5025,3.74885
-1.84394,594.248,12.613,64.7063,3.66217
-2.21755,590.66,12.3522,63.5481,3.6163
-4.10186,541.034,10.4919,54.7662,3.39707
1.52807,583.019,14.1237,70.6665,4.11742
-2.91259,520.588,10.5892,54.7681,3.53314
-2.77928,511.761,10.4652,54.0717,3.54887
-2.52575,549.119,11.3433,58.4953,3.57908
-1.03426,578.353,12.6752,64.6298,3.76451
-3.62879,576.479,11.3942,59.2579,3.45028
0.791869,518.731,12.2121,61.4309,4.0112
-1.69064,505.552,10.7958,55.3198,3.68124
-3.35343,549.233,10.9763,56.9635,3.48181
-3.3885,590.174,11.778,61.1402,3.47777
1.8015,568.489,13.9183,69.5006,4.15793
-0.851356,522.537,11.5348,58.7346,3.78821
-4.66311,510.543,9.67855,50.7429,3.33543
-4.02939,522.794,10.1678,53.0447,3.40514
1.74192,508.566,12.4226,62.0583,4.14905
-1.60943,562.378,12.048,61.6985,3.69139
-4.96158,590.86,11.0664,58.1556,3.3033
-3.59279,574.976,11.3809,59.1725,3.45438
-0.0932722,570.181,12.9671,65.6558,3.88877
-4.67136,524.573,9.94121,52.1233,3.33454
-1.57464,546.454,11.723,60.0183,3.69576
1.89841,554.953,13.6379,68.0526,4.17243
1.85636,557.867,13.6872,68.3196,4.16613
1.19629,558.689,13.3613,67.0132,4.06904
-2.18158,508.027,10.6393,54.7209,3.62068
-2.35925,526.221,10.9427,56.3576,3.59912
-0.464819,574.877,12.8846,65.4189,3.839
-1.21257,512.497,11.1531,56.9451,3.74162
-0.386527,590.83,13.283,67.4021,3.84941
-2.25321,507.733,10.6029,54.5635,3.61196
-3.33187,536.601,10.7332,55.6922,3.48429
-4.38037,518.849,9.94917,52.0463,3.36628
-0.410566,509.301,11.4392,58.0567,3.84621
-0.139794,510.294,11.584,58.6731,3.88248
1.21455,510.891,12.2268,61.3153,4.07168
-3.0311,578.98,11.7212,60.6783,3.51923
0.635558,547.333,12.8072,64.4984,3.98917
-1.68875,570.878,12.1918,62.4719,3.68147
-0.765113,501.5,11.1081,56.5252,3.79946
-4.55036,541.469,10.3118,54.015,3.34769
1.12751,527.609,12.5843,63.1481,4.05912
-4.65961,507.532,9.62284,50.4494,3.33581
-4.63605,527.027,10.002,52.4276,3.33837
-1.3176,569.407,12.3403,63.0563,3.72823
-0.552719,586.356,13.0966,66.5386,3.82736
1.67592,565.366,13.7747,68.8463,4.13925
-4.82269,508.732,9.58207,50.3,3.3182
1.22702,595.033,14.2474,71.4418,4.07349
-1.6237,507.601,10.8684,55.6634,3.68961
-2.42551,508.911,10.5548,54.3874,3.59112
-0.910947,560.513,12.3441,62.8835,3.78046
-4.01374,571.015,11.1127,57.9669,3.40689
-4.50236,544.066,10.3814,54.3592,3.35292
-2.22696,517.969,10.8279,55.7104,3.61515
-2.82379,570.494,11.6455,60.1907,3.54361
1.68188,539.024,13.136,65.6509,4.14014
0.191139,552.152,12.6976,64.1565,3.9275
-2.45653,584.873,12.1153,62.4431,3.58739
-2.71232,567.025,11.6264,60.0404,3.55682
0.796762,549.246,12.9329,65.0547,4.0119
-2.65006,568.387,11.6833,60.3056,3.56422
-3.14778,506.658,10.2093,52.8988,3.50562
0.262694,534.076,12.3164,62.1973,3.93734
-3.98439,560.635,10.9236,56.9675,3.41017
-3.38012,529.606,10.5728,54.8804,3.47873
-1.64153,526.276,11.2603,57.6783,3.68737
0.63629,546.73,12.7934,64.4288,3.98928
-4.41411,513.602,9.83513,51.4633,3.36258
0.241561,536.001,12.3506,62.3796,3.93443
-3.21058,563.651,11.3292,58.7298,3.49832
0.654295,578.253,13.5405,68.1825,3.99181
-4.01328,528.612,10.2876,53.6631,3.40694
-0.855799,583.443,12.877,65.5713,3.78763
-4.37182,599.72,11.5039,60.1752,3.36722
-3.12558,561.157,11.3175,58.631,3.5082
-3.56481,530.9,10.5203,54.6862,3.45757
-4.2636,533.211,10.2729,53.6908,3.37914
-3.52573,568.216,11.2775,58.6042,3.46203
1.20077,575.594,13.7679,69.0507,4.06969
0.680198,541.636,12.6959,63.9173,3.99545
-2.29024,559.169,11.6598,60.0194,3.60747
-3.01429,592.053,11.9939,62.0821,3.5212
-0.262624,581.651,13.1404,66.617,3.86597
-1.01811,561.854,12.3215,62.8185,3.7666
1.90513,512.669,12.6021,62.8808,4.17344
-1.88228,578.67,12.2637,62.9325,3.65742
-4.80797,599.432,11.2972,59.2963,3.31978
-3.94818,563.043,10.9865,57.2796,3.41423
-1.08003,564.341,12.3458,62.9719,3.75862
0.956163,516.149,12.2292,61.4432,4.03455
-2.62261,528.41,10.8735,56.1137,3.5675
-0.66083,578.105,12.8575,65.3767,3.81312
1.34576,509.209,12.2488,61.3668,4.09073
-1.58091,591.701,12.6906,64.9749,3.69497
-2.96494,507.742,10.3063,53.3263,3.52699
-3.35884,559.967,11.1884,58.0666,3.48118
-2.57139,592.896,12.2254,63.0658,3.57361
1.92468,523.792,12.8852,64.2845,4.17638
-3.43965,552.538,11.0042,57.1464,3.47189
-4.92731,573.742,10.7608,56.5341,3.30697
1.24466,523.183,12.5357,62.8502,4.07604
-0.427076,509.969,11.4468,58.1023,3.84401
-3.84921,514.157,10.0727,52.4748,3.42534
0.43991,562.123,13.0532,65.8322,3.96185
-4.84915,570.099,10.7264,56.3189,3.31535
-2.9585,529.741,10.7556,55.6483,3.52774
1.15715,590.985,14.1122,70.7996,4.06339
-4.70694,513.562,9.71853,50.97,3.33069
-0.529547,543.898,12.1593,61.7661,3.83043
-1.29204,502.235,10.8955,55.6631,3.73149
-2.99652,523.546,10.6136,54.9301,3.52328
-4.9586,550.31,10.3082,54.1697,3.30362
0.89409,596.806,14.1061,70.9056,4.02571
-2.68965,547.321,11.2325,57.9963,3.55951
-1.5732,577.32,12.3859,63.4114,3.69594
-0.584425,587.754,13.1115,66.6299,3.82318
-4.15394,568.429,11,57.4418,3.39128
-0.139965,561.965,12.7568,64.6139,3.88246
-1.53774,579.5,12.4501,63.7232,3.70039
-2.12287,506.492,10.6319,54.6588,3.62784
-0.197129,536.263,12.1461,61.5468,3.87476
0.512745,541.01,12.5987,63.506,3.97199
0.938175,581.64,13.7713,69.2001,4.03199
-2.18906,599.526,12.5518,64.561,3.61977
-0.956787,589.558,12.9603,66.0452,3.77452
1.57093,524.505,12.7273,63.6599,4.12373
-0.910988,562.993,12.3987,63.1615,3.78046
-1.05671,524.903,11.4936,58.6148,3.76162
-4.57494,511.882,9.73865,51.0226,3.34501
0.842945,549.518,12.9626,65.182,4.01844
-1.00486,501.146,10.9959,56.0548,3.76831
-3.52288,545.201,10.8219,56.2356,3.46236
-2.13221,521.1,10.9345,56.2183,3.6267
-3.64898,523.615,10.3409,53.7886,3.44799
0.431062,580.438,13.4739,67.9582,3.96062
0.143802,579.181,13.2946,67.1961,3.92102
-4.1906,573.014,11.0723,57.8361,3.38722
-4.90856,516.455,9.69371,50.9204,3.30897
-1.42835,562.697,12.1416,62.0927,3.71419
-3.6677,500.647,9.87989,51.398,3.44586
0.866917,508.323,12.002,60.3412,4.02185
-4.69142,535.421,10.1385,53.1663,3.33236
-0.943156,511.725,11.2553,57.351,3.77629
-3.37333,517.838,10.3407,53.6728,3.47951
-1.83765,577.878,12.2686,62.9365,3.66295
-1.76622,544.775,11.5986,59.4675,3.67182
0.463554,581.292,13.5108,68.1282,3.96514
-4.7514,519.398,9.81128,51.4744,3.32588
-2.25837,537.994,11.2325,57.8058,3.61134
-0.290416,525.557,11.8602,60.1394,3.86224
1.82737,589.861,14.456,72.1721,4.1618
0.421115,591.905,13.7347,69.2788,3.95924
0.474814,514.692,11.9681,60.3441,3.9667
-3.58353,516.189,10.2211,53.1385,3.45544
-1.22249,543.545,11.8242,60.3757,3.74035
-4.78946,535.144,10.0931,52.969,3.32178
0.664129,530.07,12.417,62.5205,3.99319
-1.08592,513.887,11.2394,57.3312,3.75786
-4.02269,544.419,10.5913,55.2509,3.40589
-0.883681,504.803,11.1292,56.6827,3.784
-1.29298,554.307,12.0247,61.4325,3.73137
1.53858,521.934,12.6491,63.2834,4.11897
-4.55829,511.549,9.73886,51.0171,3.34682
-2.2424,501.463,10.4765,53.9084,3.61328
-2.61871,572.723,11.7872,60.8271,3.56796
-1.51982,530.042,11.3957,58.3181,3.70265
0.551106,500.774,11.6792,58.8543,3.97735
-3.23987,588.156,11.8078,61.2251,3.49493
-4.79498,530.888,10.0106,52.5382,3.32118
-2.76471,546.271,11.1774,57.7451,3.5506
-4.04421,542.12,10.5374,54.9791,3.40349
-3.50421,514.495,10.2201,53.1005,3.46449
-2.21865,575.721,12.0392,61.9386,3.61616
0.543518,508.331,11.8519,59.7281,3.97629
1.71039,568.071,13.8591,69.2508,4.14437
1.94444,597.137,14.7007,73.3315,4.17934
-2.65369,525.759,10.8055,55.7762,3.56379
-0.164747,570.65,12.9414,65.5608,3.87912
-1.79615,599.924,12.7576,65.4246,3.6681
-1.13954,520.249,11.3545,57.9416,3.75097
-2.7027,576.541,11.826,61.0669,3.55796
-1.41498,554.251,11.9657,61.1868,3.71588
-3.45124,575.569,11.4576,59.506,3.47056
-4.78106,582.067,10.9819,57.6293,3.32268
-2.96972,534.896,10.8554,56.1696,3.52642
-0.998653,555.879,12.1998,62.1892,3.76911
0.986786,535.053,12.6922,63.7553,4.03893
1.2744,516.305,12.3851,62.0821,4.08036
-1.36809,501.86,10.8547,55.4863,3.72182
-4.14013,508.728,9.85018,51.4319,3.39281
1.5403,553.512,13.4153,67.1158,4.11922
-4.13178,534.667,10.3559,54.069,3.39374
-2.93885,557.263,11.3233,58.5767,3.53005
-3.03193,517.596,10.4782,54.2437,3.51914
-2.86176,598.553,12.1998,63.0738,3.53913
-1.40392,576.031,12.4413,63.6138,3.71728
-1.52621,555.016,11.9296,61.0535,3.70185
-2.53126,576.44,11.9051,61.3947,3.57842
0.511058,599.595,13.9621,70.3791,3.97175
-3.74608,583.7,11.4826,59.7722,3.43698
-0.171902,553.017,12.538,63.5205,3.87816
-0.441459,564.767,12.6697,64.3162,3.8421
-3.60778,564.487,11.1666,58.0649,3.45267
-0.973943,554.443,12.1801,62.0774,3.7723
1.48414,571.678,13.8255,69.1961,4.11097
-0.733018,508.613,11.2799,57.3857,3.80365
1.30676,538.401,12.9314,64.805,4.08506
-2.7269,566.296,11.6047,59.935,3.55508
-3.59751,550.271,10.8899,56.6214,3.45384
-2.77261,574.555,11.7524,60.7195,3.54966
-4.70141,504.206,9.54362,50.0505,3.33128
-1.38309,587.174,12.6924,64.8876,3.71992
-0.770176,502.836,11.1355,56.6667,3.79879
-0.85,519.247,11.4628,58.3672,3.78838
1.70805,517.472,12.6235,63.0778,4.14402
-4.38491,563.773,10.8086,56.5443,3.36578
-4.22587,594.496,11.4711,59.9354,3.38331
-1.10385,582.673,12.7349,64.968,3.75556
-2.37872,556.185,11.5568,59.5293,3.59677
-3.82108,510.573,10.0138,52.1567,3.42851
-2.99487,561.593,11.3857,58.9251,3.52347
-3.87625,534.436,10.4586,54.4966,3.4223
0.832268,502.215,11.8418,59.5509,4.01693
-2.82575,562.54,11.4823,59.3478,3.54338
-2.4359,547.598,11.3525,58.5023,3.58987
-4.93492,535.939,10.0487,52.796,3.30615
-3.14079,580.401,11.6985,60.6118,3.50643
-4.44902,502.877,9.61617,50.3313,3.35875
0.125383,521.661,11.9656,60.4873,3.9185
-3.55746,591.59,11.7264,60.952,3.45841
-0.229605,551.017,12.4644,63.1748,3.8704
-3.2395,504.879,10.1361,52.5568,3.49497
1.72933,532.733,13.0065,64.9816,4.14718
-1.262,578.507,12.5651,64.1781,3.73531
1.97368,592.717,14.6084,72.8556,4.18375
0.112366,524.798,12.0315,60.826,3.91672
0.592782,559.412,13.068,65.8326,3.98318
-3.98221,545.172,10.6232,55.4002,3.41042
-0.0785858,550.959,12.5371,63.4721,3.89075
-1.85579,550.048,11.6694,59.8707,3.6607
-1.1979,545.018,11.8677,60.587,3.7435
1.43442,517.367,12.4879,62.5243,4.10368
0.235454,541.114,12.4654,62.9624,3.93359
0.729991,559.159,13.1321,66.0891,4.00246
-4.49055,527.674,10.0734,52.7417,3.35421
0.497915,552.901,12.8682,64.8713,3.96992
-1.43558,561.779,12.1183,61.977,3.71328
-3.08896,551.861,11.1463,57.728,3.51247
-3.53065,594.006,11.787,61.2543,3.46147
-4.22939,518.961,10.0122,52.3141,3.38292
-2.36366,543.461,11.2992,58.1957,3.59858
1.49173,582.759,14.0976,70.5542,4.11208
-0.425597,529.562,11.8873,60.3376,3.84421
1.58545,522.836,12.694,63.4863,4.12587
-0.527705,552.08,12.3431,62.6989,3.83067
-4.72011,510.679,9.65882,50.662,3.32926
-4.96479,562.221,10.5287,55.331,3.30295
-3.621,561.179,11.0952,57.6998,3.45117
1.66496,543.256,13.2304,66.1312,4.13763
0.675855,549.991,12.8896,64.8943,3.99484
-4.6257,536.446,10.185,53.3825,3.33949
-2.02641,585.445,12.3365,63.3753,3.63966
1.73681,551.64,13.472,67.3037,4.14829
-0.823275,569.533,12.5861,64.0744,3.79186
-2.34569,510.245,10.6162,54.6704,3.60076
0.915989,534.334,12.6403,63.5273,4.02883
-2.2784,560.162,11.686,60.1489,3.60891
-0.0152513,519.962,11.8612,60.0218,3.89934
0.523122,526.18,12.2583,61.7854,3.97344
-0.9028,541.263,11.924,60.7396,3.78152
1.37018,577.042,13.8936,69.5951,4.09429
-3.10019,594.861,12.0095,62.2036,3.51116
1.50591,501.253,12.1325,60.7134,4.11416
-2.36276,502.302,10.4438,53.7898,3.59869
0.432819,514.241,11.938,60.2111,3.96086
1.97459,568.048,14.0009,69.8254,4.18388
1.46267,507.115,12.2538,61.3398,4.10782
-2.29195,504.175,10.5124,54.1136,3.60726
-1.73013,504.572,10.7581,55.1427,3.67631
-0.0312924,502.519,11.4561,57.9787,3.89716
1.85573,568.564,13.9494,69.6283,4.16604
-4.03888,540.67,10.5115,54.8415,3.40408
-3.40804,578.033,11.5266,59.8445,3.47552
-2.79243,536.649,10.9684,56.6772,3.54732
-2.00644,525.783,11.0881,56.9533,3.64212
0.157976,519.327,11.9273,60.279,3.92296
-1.04445,558.531,12.2359,62.3945,3.7632
-0.878944,543.089,11.9755,60.991,3.78462
-4.6856,528.357,10.0072,52.4749,3.333
-3.09095,517.761,10.4568,54.1575,3.51224
-4.37513,506.843,9.72101,50.8506,3.36686
-1.68736,503.284,10.7488,55.0774,3.68164
-2.07245,578.139,12.1602,62.4918,3.63401
0.154408,508.266,11.6716,58.9885,3.92247
-1.53997,518.464,11.1379,57.0074,3.70011
-3.1194,570.841,11.5157,59.6548,3.50892
-2.24227,574.123,11.9945,61.7198,3.61329
-4.43882,548.89,10.5004,54.9549,3.35987
-1.3538,583.475,12.6271,64.5393,3.72363
-4.22691,539.771,10.4147,54.4163,3.3832
-1.0094,507.253,11.1279,56.7295,3.76772
-0.0963371,530.195,12.0563,61.0456,3.88835
1.56729,582.852,14.1412,70.7336,4.12319
-1.18674,539.679,11.7567,60.0149,3.74493
1.95639,566.82,13.9608,69.6345,4.18114
-0.052842,573.855,13.0713,66.1638,3.89424
-3.36352,531.224,10.6121,55.0777,3.48064
-1.28783,574.483,12.465,63.679,3.73202
0.0675082,526.847,12.0572,60.9765,3.91059
-4.87223,575.263,10.8135,56.7862,3.31287
-3.24092,595.549,11.9558,61.9926,3.4948
-3.38365,563.821,11.2542,58.4192,3.47833
-1.94782,536.839,11.3476,58.2605,3.64933
-2.16588,562.467,11.7868,60.6154,3.62259
0.170784,504.195,11.5855,58.5464,3.92471
0.270187,558.327,12.8794,65.0368,3.93837
-3.20904,589.389,11.8472,61.4147,3.4985
-0.92212,595.278,13.1039,66.7598,3.77902
-4.25228,520.311,10.0289,52.4111,3.38039
-0.161445,585.735,13.2852,67.3009,3.87956
-0.110593,521.026,11.8411,59.9627,3.88643
-3.65164,557.163,11.0023,57.23,3.44768
-2.67305,583.379,11.9805,61.8503,3.56148
-2.50563,567.191,11.7261,60.4596,3.58149
-4.51189,551.469,10.5186,55.0816,3.35188
-3.75729,509.67,10.0218,52.1724,3.43571
-0.407363,529.419,11.8926,60.3562,3.84664
-1.99852,574.075,12.1103,62.2001,3.64309
0.831674,530.6,12.5108,62.9155,4.01684
1.19355,544.002,13.0086,65.2459,4.06865
1.80183,571.988,14.0042,69.9291,4.15798
-1.8975,513.3,10.8717,55.796,3.65554
-2.48357,564.905,11.6891,60.2587,3.58414
-2.44416,592.012,12.2692,63.2305,3.58888
-1.44453,509.505,10.9868,56.1939,3.71214
-2.16925,548.975,11.5025,59.155,3.62218
-3.86139,528.485,10.3483,53.9158,3.42397
0.749603,527.41,12.3959,62.3752,4.00523
0.706278,513.442,12.0473,60.6401,3.99912
-2.21804,538.857,11.2686,57.9737,3.61624
1.93554,536.759,13.2097,65.8983,4.17801
-0.900349,599.8,13.2148,67.3138,3.78184
-4.98236,525.162,9.82768,51.6542,3.30108
0.75248,526.398,12.3736,62.2613,4.00564
0.69282,570.033,13.3681,67.2952,3.99722
-0.317728,590.77,13.3176,67.5429,3.85859
0.480954,515.521,11.9902,60.453,3.96756
0.667545,521.713,12.2229,61.5416,3.99367
-1.27513,587.525,12.7543,65.1511,3.73364
-4.37341,576.429,11.0564,57.8353,3.36705
1.27811,517.771,12.4221,62.2657,4.08089
-3.06576,546.018,11.0386,57.1597,3.51518
-1.56277,557.755,11.9711,61.2828,3.69725
-2.72112,520.982,10.6785,55.1494,3.55577
0.909179,580.698,13.7335,69.0247,4.02786
-3.86333,503.505,9.85839,51.3641,3.42375
-0.748259,533.133,11.8166,60.123,3.80166
-0.416835,577.545,12.9689,65.8229,3.84538
-2.44694,565.993,11.7287,60.4461,3.58854
-0.444197,574.076,12.8771,65.3706,3.84174
-0.22481,526.42,11.9103,60.3639,3.87104
1.13838,516.648,12.3281,61.8574,4.06069
-2.33983,560.741,11.6695,60.0921,3.60147
0.160712,539.592,12.394,62.6367,3.92333
-0.369599,574.065,12.9146,65.5248,3.85167
-4.7982,521.259,9.82776,51.5798,3.32083
0.965399,546.298,12.9482,65.0511,4.03587
1.65724,598.733,14.5772,72.8667,4.13648
1.8341,576.128,14.1231,70.5067,4.1628
-1.82566,510.943,10.8527,55.668,3.66444
-0.135951,550.965,12.5091,63.3572,3.883
-0.0653598,535.388,12.1891,61.7042,3.89254
-1.60845,546.152,11.7009,59.9202,3.69152
1.93211,582.881,14.3429,71.5531,4.17749
0.850347,593.375,14.0012,70.4005,4.01949
-2.7867,538.027,10.9991,56.8333,3.548
-0.926883,541.231,11.912,60.6893,3.7784
-4.713,569.064,10.7662,56.4672,3.33003
-0.64825,509.331,11.3335,57.6222,3.81477
0.885657,530.581,12.5367,63.0207,4.02451
1.19233,546.945,13.0784,65.5964,4.06847
0.968075,584.929,13.8653,69.6572,4.03625
0.601354,543.813,12.7078,64.0142,3.98438
-4.57188,592.048,11.2652,59.0191,3.34534
-0.223414,518.818,11.7389,59.4949,3.87123
0.47165,519.449,12.0772,60.8957,3.96626
1.03067,564.759,13.4198,67.3882,4.04521
-1.74831,512.738,10.9243,56.0025,3.67405
-4.39156,552.297,10.5858,55.3813,3.36505
-4.64404,582.185,11.0452,57.8995,3.3375
-4.2147,548.079,10.5802,55.2759,3.38455
-1.44822,500.019,10.7807,55.1412,3.71168
-1.24773,503.451,10.941,55.877,3.73713
-0.963074,511.774,11.2476,57.3199,3.77371
-4.57012,583.536,11.104,58.174,3.34553
-3.00688,565.421,11.4578,59.3037,3.52207
0.242304,550.335,12.6812,64.0493,3.93453
-3.71926,584.088,11.5027,59.8641,3.44001
-3.77928,556.37,10.9304,56.9122,3.43323
-2.74855,596.183,12.2066,63.0541,3.55252
0.651358,579.453,13.5671,68.3175,3.99139
-1.46434,591.906,12.7537,65.2406,3.70964
-3.33383,544.083,10.882,56.4652,3.48407
-4.84928,500.947,9.42527,49.4873,3.31534
1.42223,579.635,13.9843,70.0226,4.10189
-1.62664,511.413,10.9487,56.0761,3.68924
-2.17124,599.722,12.5648,64.6192,3.62194
-1.87332,529.387,11.2232,57.5894,3.65853
-1.08049,514.378,11.2526,57.3959,3.75856
-2.34619,514.313,10.7006,55.1054,3.6007
-1.77676,591.128,12.5803,64.5055,3.67051
-3.9719,582.166,11.3488,59.1793,3.41157
1.91494,500.249,12.3014,61.3763,4.17491
-2.3899,563.789,11.7096,60.3215,3.59542
-4.39772,584.701,11.2041,58.6188,3.36438
-1.87136,583.952,12.381,63.5293,3.65878
-3.91326,533.464,10.424,54.3321,3.41814
1.46331,559.985,13.5317,67.7363,4.10791
-4.63409,511.228,9.70295,50.8592,3.33858
-3.40344,588.672,11.7409,60.955,3.47605
-4.51162,529.034,10.0908,52.8413,3.35191
-2.10977,512.428,10.7621,55.3226,3.62945
-4.58268,586.226,11.1496,58.4182,3.34417
-1.35706,551.582,11.9353,61.0052,3.72322
0.792331,520.867,12.2626,61.6847,4.01127
-4.05207,591.349,11.4906,59.9563,3.40261
-2.79323,550.053,11.242,58.0914,3.54722
1.58994,513.437,12.468,62.3539,4.12653
-1.9497,515.979,10.9059,55.9933,3.6491
-2.79811,579.569,11.8429,61.199,3.54664
-1.85915,578.856,12.2789,62.9995,3.66029
-3.35999,563.347,11.2554,58.4149,3.48105
-2.33771,560.735,11.6704,60.0956,3.60172
-2.69657,577.028,11.8389,61.1307,3.55869
-1.78343,560.619,11.9278,61.1632,3.66968
-4.72512,528.701,9.99765,52.4413,3.32872
-1.62275,530.467,11.3584,58.1726,3.68972
0.12826,522.022,11.9753,60.5348,3.91889
-2.37672,501.209,10.4153,53.6486,3.59701
0.716426,501.821,11.7793,59.2867,4.00055
-0.332158,527.738,11.8899,60.3087,3.85666
-0.169571,525.072,11.9055,60.3152,3.87847
-2.50422,584.974,12.0944,62.358,3.58166
-0.892505,582.558,12.8389,65.3952,3.78286
0.898852,560.536,13.2513,66.6064,4.02639
-2.81855,542.836,11.0833,57.2823,3.54423
0.730209,592.688,13.9197,70.0525,4.00249
1.04906,572.659,13.6172,68.3705,4.04785
-0.938127,540.93,11.9001,60.6338,3.77694
-1.50343,507.664,10.9216,55.8853,3.70471
-2.77619,574.359,11.7467,60.6917,3.54924
0.44812,505.179,11.7347,59.1787,3.96299
1.00932,559.233,13.2774,66.6839,4.04215
1.52877,524.248,12.7004,63.5444,4.11752
0.339479,582.742,13.479,68.0302,3.94793
-2.90785,571.048,11.6178,60.0858,3.5337
-2.59883,511.923,10.5442,54.4046,3.57033
-3.39306,515.662,10.2891,53.4131,3.47724
1.06182,531.984,12.6563,63.5399,4.04968
-2.96056,547.221,11.1096,57.4808,3.5275
-1.95005,578.029,12.2172,62.7261,3.64906
1.18822,523.758,12.522,62.8074,4.06788
-2.63179,586.844,12.0715,62.3006,3.5664
1.65596,556.89,13.5577,67.7716,4.13629
-3.10159,525.34,10.6053,54.9313,3.511
-1.86656,502.909,10.6647,54.7208,3.65937
-2.78424,590.835,12.0798,62.4165,3.54829
-2.99081,537.394,10.8969,56.3934,3.52395
-1.21824,585.334,12.7354,65.0264,3.7409
-1.60538,581.275,12.4549,63.7799,3.6919
-1.95236,542.545,11.4662,58.8712,3.64877
0.719694,553.786,13.0007,65.4328,4.00101
0.519759,570.614,13.2917,66.9958,3.97297
-3.5054,586.851,11.6568,60.566,3.46436
0.906754,546.744,12.9292,64.9838,4.02751
1.0144,591.826,14.0541,70.5816,4.04288
-4.27326,591.868,11.3985,59.5784,3.37807
-2.59417,562.881,11.5959,59.8292,3.57089
0.0609752,562.777,12.8762,65.1215,3.9097
-1.79074,537.624,11.4353,58.6407,3.66877
-1.75287,520.722,11.0924,56.8662,3.67348
-3.80251,503.135,9.87531,51.4279,3.4306
-0.172641,532.12,12.0639,61.1188,3.87806
-2.18647,560.582,11.7376,60.3723,3.62008
-4.85732,556.376,10.4648,54.9485,3.31447
-1.35902,572.764,12.3928,63.344,3.72297
-1.72898,580.671,12.3811,63.4616,3.67645
1.16711,549.887,13.1359,65.8968,4.06483
1.59914,511.47,12.4246,62.1331,4.12789
-4.83966,583.163,10.9764,57.6273,3.31637
1.33439,590.665,14.2019,71.1578,4.08908
-2.31211,539.528,11.2405,57.8705,3.60482
-1.36894,543.153,11.7474,60.0501,3.72171
-2.31822,520.307,10.8374,55.7979,3.60408
-1.65232,579.703,12.3981,63.5118,3.68602
-0.883185,574.035,12.6557,64.4575,3.78407
-3.07617,575.675,11.6333,60.2441,3.51396
-4.69999,510.419,9.66178,50.6696,3.33144
-2.88218,527.291,10.7386,55.5278,3.53672
-2.19653,542.772,11.3602,58.4353,3.61886
1.97257,537.856,13.2557,66.1099,4.18358
-0.696464,546.535,12.1383,61.7362,3.80844
-2.20043,598.06,12.5154,64.3797,3.61838
-4.82599,594.944,11.2044,58.8177,3.31784
-4.26542,585.269,11.275,58.9292,3.37894
-1.78218,562.179,11.9616,61.3359,3.66983
-4.38781,504.27,9.6667,50.5715,3.36546
-1.49401,515.285,11.0897,56.7414,3.7059
-4.89074,585.723,11.0018,57.7837,3.31089
-3.47368,501.811,9.98035,51.8427,3.46799
-0.50749,532.941,11.9247,60.5643,3.83334
-2.05466,534.04,11.2406,57.7581,3.6362
-4.84489,530.804,9.9888,52.4442,3.31581
-1.66009,589.532,12.6044,64.5725,3.68505
-3.33936,508.102,10.1601,52.7216,3.48343
-4.66933,530.457,10.0535,52.7114,3.33476
-3.05447,588.045,11.8936,61.5818,3.5165
-3.83974,533.081,10.4474,54.4229,3.42641
-3.95011,533.604,10.4113,54.2813,3.41401
-1.01201,554.184,12.1562,61.973,3.76739
-3.21696,536.616,10.783,55.9014,3.49758
0.674455,582.684,13.655,68.7487,3.99464
-3.28712,557.993,11.1811,57.9965,3.48946
-2.48581,523.304,10.8273,55.8171,3.58387
-4.73363,531.131,10.0401,52.6677,3.3278
-2.51017,572.197,11.8274,60.9843,3.58095
-4.32009,583.423,11.2147,58.6388,3.37291
-0.465246,503.699,11.2892,57.3184,3.83894
-2.51333,587.294,12.138,62.587,3.58057
-4.42956,573.367,10.9727,57.4228,3.36089
-2.0824,536.252,11.2748,57.9457,3.6328
-0.900095,563.717,12.42,63.2648,3.78187
-1.49905,540.896,11.6386,59.5519,3.70527
-4.73087,588.439,11.1247,58.3557,3.3281
-0.750982,547.517,12.1341,61.7397,3.8013
-1.59343,592.219,12.6954,65.0057,3.6934
-1.54927,558.529,11.9941,61.3944,3.69894
-3.12342,528.921,10.6683,55.2667,3.50845
-3.42304,586.392,11.6863,60.6804,3.4738
-0.306461,591.626,13.3427,67.665,3.8601
-1.84615,518.859,11.0119,56.4934,3.6619
-3.28147,554.817,11.12,57.6769,3.49011
1.33553,561.135,13.4925,67.6027,4.08924
0.352891,543.925,12.5878,63.5256,3.94979
0.0380842,546.831,12.5002,63.2304,3.90659
0.742023,544.689,12.7983,64.4033,4.00416
1.49265,571.681,13.8301,69.215,4.11221
-2.2939,527.823,11.0046,56.6482,3.60703
0.870007,516.365,12.1934,61.3018,4.02228
-3.79263,594.222,11.6678,60.7578,3.43172
-4.8551,578.732,10.8862,57.1605,3.31471
1.49843,534.101,12.9239,64.6769,4.11306
-3.75393,502.241,9.87703,51.4175,3.43609
-2.96569,568.147,11.532,59.669,3.5269
0.752842,581.478,13.6684,68.7767,4.00569
-0.67228,594.996,13.2272,67.2623,3.81162
-3.19856,527.918,10.6161,55.028,3.49972
-4.52278,514.257,9.80449,51.3466,3.35069
-4.12022,524.443,10.1626,53.055,3.39503
0.914094,567.27,13.4185,67.4391,4.02856
-4.19034,502.664,9.71306,50.7358,3.38724
-0.329897,559.035,12.5961,63.8899,3.85696
-0.101845,558.544,12.6982,64.2984,3.88761
-4.96866,597.382,11.1854,58.7839,3.30254
-0.348686,553.536,12.463,63.2236,3.85446
-3.3608,512.999,10.2492,53.1928,3.48096
0.527712,565.911,13.1863,66.4604,3.97408
-2.51238,510.003,10.5409,54.3518,3.58068
-4.14094,514.357,9.95885,51.9996,3.39272
-1.82701,582.016,12.3617,63.4088,3.66427
0.297877,548.315,12.6621,63.9267,3.94219
0.0530405,566.101,12.9483,65.4897,3.90862
-0.131725,593.288,13.4722,68.2332,3.88357
-4.64509,594.993,11.2877,59.1712,3.33739
1.26346,506.992,12.1566,60.9413,4.07877
1.1392,530.782,12.6657,63.5513,4.0608
-2.30534,569.364,11.8653,61.084,3.60564
1.17115,564.463,13.4862,67.6521,4.06541
-4.13043,540.906,10.4773,54.7023,3.39389
-4.05078,521.142,10.127,52.8403,3.40276
-3.4432,553.634,11.0245,57.2531,3.47148
-4.05157,538.478,10.4635,54.5967,3.40267
-4.64118,561.879,10.6612,55.8852,3.33781
1.56103,594.683,14.4247,72.1551,4.12227
0.518689,553.502,12.8926,64.9845,3.97282
0.0452884,571.604,13.0702,66.1101,3.90757
-0.305641,529.84,11.9497,60.6,3.86021
-3.16888,502.603,10.119,52.4397,3.50316
-1.38575,565.947,12.2323,62.5366,3.71958
-0.198925,562.341,12.7359,64.536,3.87452
0.126734,541.331,12.4175,62.7708,3.91868
0.965517,554.92,13.1526,66.0781,4.03589
0.472829,554.38,12.89,64.9931,3.96643
-3.60703,586.334,11.5991,60.3135,3.45276
-0.891085,587.57,12.9501,65.9608,3.78304
-0.377863,588.697,13.2395,67.1773,3.85056
-4.68141,569.55,10.7892,56.5738,3.33345
-2.62854,588.462,12.1063,62.4789,3.56679
-2.10153,575.05,12.0813,62.0999,3.63045
-4.24498,551.695,10.637,55.5857,3.3812
-0.97735,545.474,11.9815,61.0666,3.77186
-0.705589,543.052,12.0567,61.325,3.80725
-0.356094,542.179,12.2038,61.9119,3.85347
-2.61556,513.166,10.5628,54.5074,3.56834
0.290547,512.191,11.8245,59.7012,3.94117
-2.31986,560.937,11.6829,60.1518,3.60388
-0.00237814,572.145,13.0581,66.0726,3.90108
1.68958,592.294,14.4385,72.1565,4.14128
-2.19638,527.371,11.0379,56.7775,3.61888
-0.723743,513.092,11.3834,57.9082,3.80487
1.4677,586.967,14.1862,71.01,4.10855
-4.83582,530.65,9.98957,52.4446,3.31678
-3.85897,561.54,10.9966,57.2925,3.42424
1.7931,519.283,12.7095,63.4681,4.15668
0.294933,586.436,13.5409,68.3647,3.94178
0.442094,540.603,12.5546,63.3164,3.96215
-2.31683,536.123,11.1674,57.4965,3.60425
-0.167412,589.237,13.3615,67.6905,3.87876
-3.62869,596.594,11.7918,61.3258,3.45029
0.547518,559.182,13.0396,65.7114,3.97684
-0.640016,554.159,12.335,62.7103,3.81586
-2.14212,560.851,11.764,60.4875,3.62549
1.89717,566.115,13.9116,69.4187,4.17225
-4.25816,567.424,10.9345,57.146,3.37974
1.30415,567.541,13.6299,68.307,4.08468
1.07497,573.087,13.6411,68.4776,4.05156
-1.53714,500.469,10.7525,55.0338,3.70047
-4.78313,579.684,10.936,57.3894,3.32246
-4.4809,535.494,10.2267,53.5402,3.35527
-0.752095,508.436,11.2675,57.3309,3.80116
1.13581,535.773,12.7831,64.142,4.06032
-2.78328,527.51,10.7855,55.7285,3.5484
-4.10034,583.318,11.3125,59.0492,3.39724
1.22662,574.744,13.7614,69.0049,4.07343
0.831925,530.667,12.5125,62.924,4.01688
-3.27381,562.689,11.2812,58.5098,3.491
-3.801,515.599,10.1206,52.7045,3.43077
-3.69801,504.295,9.93976,51.7216,3.44242
-0.13131,599.347,13.6101,68.931,3.88363
1.47386,562.435,13.5965,68.0553,4.10946
-4.90611,586.456,11.0087,57.827,3.30924
0.59966,568.58,13.2857,66.9261,3.98414
-1.13885,568.271,12.403,63.2913,3.75106
-3.52417,510.725,10.1371,52.6773,3.46221
-0.222605,560.315,12.6782,64.2551,3.87134
-0.826193,562.421,12.4275,63.2684,3.79148
0.879427,599.818,14.1692,71.2304,4.02362
-0.237469,598.582,13.5362,68.611,3.86934
-2.59683,537.232,11.0664,57.0981,3.57057
-4.25974,509.749,9.82241,51.3348,3.37957
0.992489,512.091,12.1502,61.0301,4.03974
0.946187,505.47,11.9716,60.153,4.03313
-2.29534,525.192,10.9491,56.3631,3.60685
-1.18545,538.417,11.7297,59.877,3.74509
1.36294,541.053,13.0235,65.2397,4.09324
-3.86597,594.506,11.6389,60.6422,3.42345
-3.76362,554.364,10.8978,56.7358,3.43499
-4.72189,508.694,9.62058,50.4622,3.32907
1.06688,502.675,11.9614,60.0489,4.0504
-1.23522,563.735,12.2572,62.5929,3.73873
-1.0701,519.435,11.3679,57.9794,3.7599
-4.92349,504.974,9.47248,49.7642,3.30737
-0.360108,545.887,12.2853,62.3274,3.85293
-3.9345,519.343,10.1394,52.8573,3.41576
-1.11284,549.58,12.0073,61.2605,3.7544
0.372217,586.075,13.5735,68.4903,3.95246
-2.73058,563.931,11.5545,59.6776,3.55465
-4.51675,540.309,10.3037,53.9585,3.35135
-0.440454,583.546,13.0915,66.4569,3.84224
-3.24154,543.227,10.9051,56.545,3.49473
-4.33284,544.601,10.4631,54.7142,3.37151
-0.774683,568.455,12.5864,64.0523,3.7982
-0.101211,573.57,13.0401,66.0294,3.88769
1.31852,564.027,13.5531,67.9148,4.08677
-0.964517,515.205,11.3224,57.7016,3.77352
1.61099,535.237,13.0079,65.0444,4.12964
-2.55215,531.186,10.9613,56.5368,3.57592
-1.21352,516.177,11.2328,57.3522,3.7415
-0.293777,559.397,12.6222,64.0048,3.86179
-2.49385,568.781,11.7645,60.6521,3.58291
-3.82918,569.618,11.1682,58.173,3.4276
-2.57272,554.238,11.4277,58.9513,3.57346
-4.1391,524.568,10.1573,53.0351,3.39293
-2.79163,584.443,11.9456,61.7266,3.54741
1.6518,576.262,14.0271,70.12,4.13568
-2.27524,545.485,11.3813,58.5788,3.60929
0.230185,522.5,12.0341,60.7864,3.93286
-3.78286,594.468,11.6772,60.8022,3.43282
0.636512,564.586,13.2114,66.5335,3.98931
-2.92668,581.834,11.8283,61.1835,3.53148
1.80105,517.974,12.6813,63.3239,4.15786
-2.77529,535.097,10.9442,56.5447,3.54935
-2.86284,550.51,11.2201,58.0091,3.539
-0.0570823,560.165,12.7574,64.5768,3.89366
-3.67132,599.409,11.8272,61.53,3.44545
-1.49154,523.718,11.2723,57.6745,3.70621
-1.9437,551.651,11.6626,59.876,3.64984
-1.96546,529.206,11.1784,57.3996,3.64716
-1.75054,554.458,11.8121,60.555,3.67377
-1.42194,531.997,11.4821,58.717,3.715
0.989629,503.681,11.9493,60.0224,4.03933
-0.516893,523.393,11.7068,59.4615,3.8321
-4.41474,527.175,10.0948,52.8223,3.36251
1.17619,592.473,14.1581,71.0204,4.06614
0.878862,528.147,12.4759,62.7182,4.02354
1.33731,555.466,13.3571,66.9235,4.0895
-1.4001,558.018,12.0541,61.6321,3.71777
-3.44477,598.77,11.9226,61.9177,3.4713
-4.97816,537.869,10.0672,52.9112,3.30153
-2.24428,513.183,10.7205,55.1649,3.61305
-3.32641,505.611,10.1155,52.4852,3.48492
-1.29779,512.853,11.1233,56.8294,3.73075
-0.905154,557.233,12.2746,62.527,3.78122
-2.66115,568.057,11.6713,60.249,3.5629
0.9524,584.769,13.853,69.6035,4.03402
-3.94747,587.875,11.4714,59.8072,3.41431
-2.96582,528.68,10.7309,55.5238,3.52688
-3.45438,516.154,10.2736,53.3579,3.4702
-2.80759,514.926,10.518,54.3564,3.54552
-0.627492,504.749,11.2408,57.1417,3.8175
-1.52309,517.874,11.1326,56.9733,3.70224
-0.383689,542.294,12.1932,61.8706,3.84979
-2.76756,555.666,11.3684,58.7328,3.55026
-2.85403,539.99,11.0095,56.9168,3.54004
-1.75431,556.487,11.8536,60.7691,3.6733
-0.64012,558.426,12.43,63.1929,3.81584
-1.90307,578.375,12.2473,62.8585,3.65485
-3.83063,571.073,11.1961,58.3188,3.42743
1.08222,503.925,11.9983,60.2272,4.05261
-3.72473,545.103,10.7326,55.8586,3.43939
0.380446,527.031,12.2099,61.6063,3.9536
-0.790776,515.749,11.4122,58.0838,3.7961
-0.371498,535.971,12.0568,61.173,3.85141
-0.40468,548.69,12.3268,62.5586,3.84699
1.0038,597.55,14.1841,71.2404,4.04136
-3.09216,578.333,11.6795,60.491,3.5121
-4.83322,558.72,10.5191,55.2234,3.31706
-2.5684,584.82,12.0603,62.2128,3.57397
-2.71863,512.087,10.4973,54.2121,3.55607
-3.76158,570.426,11.2145,58.3836,3.43523
-4.62182,599.258,11.3794,59.6406,3.33991
-0.677607,563.61,12.5269,63.7033,3.81092
-1.3014,540.143,11.7136,59.8466,3.73029
1.71576,576.369,14.0645,70.2742,4.14516
-3.40988,533.549,10.6388,55.2357,3.47531
-0.990899,528.624,11.6052,59.1546,3.77011
1.33424,509.991,12.2621,61.4387,4.08905
-2.89372,586.734,11.9436,61.7645,3.53536
-2.10829,517.398,10.8672,55.8618,3.62963
-0.122262,560.832,12.74,64.5199,3.88485
-0.950569,585.433,12.8728,65.5962,3.77533
-3.24979,525.974,10.5553,54.7345,3.49378
0.00386811,578.392,13.2039,66.8072,3.90193
-4.19679,521.799,10.0802,52.6562,3.38653
-3.28415,580.358,11.6306,60.3268,3.4898
1.11114,505.405,12.047,60.4593,4.05676
1.4975,589.686,14.2683,71.4058,4.11293
-2.85328,578.871,11.8026,61.0164,3.54013
0.63451,569.435,13.3238,67.1006,3.98903
-3.40273,586.883,11.7056,60.7712,3.47613
0.366247,576.123,13.3399,67.3146,3.95163
1.53999,555.036,13.4521,67.2999,4.11917
1.11686,569.797,13.5849,68.1745,4.05759
0.500486,575.555,13.3968,67.5348,3.97028
-2.74432,529.961,10.8525,56.0579,3.55302
-0.148493,524.08,11.8929,60.2416,3.88131
1.38575,517.606,12.4701,62.4573,4.09656
-2.23224,545.218,11.3952,58.6313,3.61451
-2.57725,536.082,11.0513,57.0118,3.57291
-0.844758,558.516,12.3322,62.7919,3.78907
-2.06361,513.249,10.7992,55.4936,3.6351
-1.39546,583.602,12.609,64.4673,3.71835
-1.69407,575.78,12.2939,62.9976,3.68081
1.55839,597.31,14.4869,72.4678,4.12188
-2.39089,532.098,11.051,56.9289,3.5953
-3.26068,554.069,11.1142,57.6379,3.49252
-1.92936,598.321,12.6565,64.9713,3.65161
-2.86699,517.895,10.5536,54.5651,3.53851
0.66046,585.639,13.7168,69.0668,3.99267
0.983576,536.106,12.7156,63.8743,4.03847
-0.533707,536.16,11.9844,60.8793,3.82988
0.793691,558.986,13.1607,66.2019,4.01146
-4.7254,563.481,10.6552,55.8906,3.32869
-0.347255,536.382,12.0775,61.2672,3.85465
-1.54192,591.409,12.7039,65.024,3.69987
-4.43366,568.546,10.8787,56.9325,3.36044
-3.14981,545.279,10.9866,56.9274,3.50538
-1.26063,563.085,12.2308,62.4699,3.73549
0.245924,506.694,11.6772,58.977,3.93503
0.26785,563.84,13.0054,65.6742,3.93805
-2.99801,503.536,10.2074,52.8281,3.52311
-1.41644,596.203,12.8706,65.8151,3.7157
-2.26518,571.936,11.9379,61.4393,3.61051
-1.87376,576.57,12.2233,62.7213,3.65848
-4.73724,578.913,10.9418,57.399,3.32741
0.219367,527.335,12.1403,61.3278,3.93138
-1.45864,518.99,11.1851,57.2142,3.71036
-3.24209,543.456,10.9095,56.5679,3.49467
-3.21349,569.277,11.4409,59.3105,3.49798
-4.69404,538.913,10.2036,53.5085,3.33208
0.877008,543.749,12.8435,64.5671,4.02328
-1.52125,504.084,10.837,55.4596,3.70247
-1.02584,506.298,11.0997,56.593,3.7656
-3.56093,533.324,10.57,54.9427,3.45801
-4.14362,568.841,11.0125,57.5027,3.39243
0.616943,507.598,11.8688,59.7808,3.98656
-1.3155,590.266,12.7934,65.3706,3.7285
-0.874939,535.737,11.8152,60.173,3.78514
0.505043,545.137,12.691,63.9748,3.97092
0.862249,598.095,14.1191,70.9873,4.02118
-3.74788,539.854,10.6193,55.279,3.43678
1.68656,546.059,13.3098,66.5176,4.14083
-3.09664,532.417,10.7503,55.6803,3.51158
-3.27282,530.631,10.6389,55.178,3.49111
-0.855313,569.557,12.5708,64.0116,3.78769
-3.97083,598.53,11.6683,60.8449,3.41169
1.61946,537.955,13.0783,65.3921,4.13089
0.515394,537.171,12.5106,63.0606,3.97236
-2.36488,592.439,12.3169,63.4379,3.59844
0.406142,515.889,11.9638,60.353,3.95716
-0.815156,517.842,11.4475,58.2741,3.79292
0.539429,550.625,12.836,64.6892,3.97571
-4.75606,588.941,11.1228,58.3574,3.32538
-3.59173,570.104,11.285,58.6732,3.4545
-2.00063,508.285,10.7215,55.0682,3.64283
1.09366,581.065,13.8411,69.4718,4.05425
-2.10863,596.369,12.5257,64.3874,3.62959
-2.44082,549.665,11.3931,58.7139,3.58928
-4.48754,596.969,11.3977,59.6737,3.35454
-0.853263,533.47,11.7753,59.9598,3.78796
-2.42946,596.344,12.3662,63.7233,3.59065
-2.37031,576.519,11.9833,61.7224,3.59778
-2.99922,521.023,10.5614,54.6606,3.52296
-2.33672,584.836,12.1725,62.6806,3.60184
-1.17322,590.039,12.8606,65.6436,3.74666
-1.34262,509.851,11.0387,56.4158,3.72505
-3.80188,561.051,11.0123,57.3489,3.43068
-0.329591,588.676,13.2642,67.2781,3.85701
-2.82929,506.002,10.3268,53.3769,3.54296
-4.95073,528.092,9.89519,51.9961,3.30446
-0.633819,543.08,12.0914,61.4686,3.81667
-1.37691,552.593,11.9479,61.0783,3.7207
-3.0735,510.998,10.3274,53.4803,3.51428
1.88485,582.445,14.306,71.3936,4.1704
1.05584,548.004,13.0344,65.4409,4.04882
0.879912,584.144,13.7992,69.3702,4.02369
-3.01652,521.529,10.5643,54.6831,3.52094
-1.72363,581.769,12.4072,63.5925,3.67712
1.80792,567.885,13.907,69.4407,4.15889
-1.77387,554.318,11.7982,60.4943,3.67087
-4.45342,503.05,9.61777,50.3414,3.35827
1.4506,545.344,13.1714,65.9389,4.10605
-1.57691,544.484,11.6797,59.7977,3.69547
-3.16387,526.358,10.5994,54.927,3.50375
-3.55177,580.429,11.5078,59.8132,3.45906
-4.7337,566.025,10.6997,56.1277,3.32779
-2.45176,552.089,11.4384,58.9521,3.58796
-3.56458,556.424,11.0262,57.3157,3.4576
-3.67563,567.222,11.1901,58.2178,3.44496
-0.356203,582.546,13.1123,66.5212,3.85345
-4.09055,560.554,10.8754,56.7629,3.39833
-3.73947,579.314,11.3994,59.3358,3.43773
0.726164,560.487,13.1613,66.2381,4.00192
-1.16602,577.748,12.5963,64.2909,3.74758
-4.24043,584.775,11.2769,58.9274,3.3817
-2.04912,585.059,12.3172,63.2873,3.63687
0.844707,581.783,13.7246,69.0129,4.01869
-0.0541867,575.918,13.1176,66.3989,3.89406
1.05118,551.736,13.1208,65.8769,4.04815
-2.5513,514.508,10.6176,54.7632,3.57602
-4.55501,549.624,10.4651,54.8202,3.34718
0.192373,578.389,13.3016,67.2077,3.92767
-2.99444,561.376,11.3815,58.9032,3.52353
-1.36469,599.032,12.9582,66.237,3.72225
-4.69701,522.859,9.89844,51.9095,3.33176
-0.108132,540.139,12.2767,62.1672,3.88676
-0.327229,502.932,11.3332,57.483,3.85732
-1.85411,510.408,10.8291,55.559,3.66091
-0.985496,527.071,11.5735,58.991,3.77081
-0.97223,566.638,12.4489,63.4463,3.77253
1.81803,506.644,12.4121,61.9719,4.1604
0.996768,560.62,13.3039,66.8228,4.04036
-2.69237,568.461,11.6651,60.2312,3.55919
-0.197958,589.029,13.3408,67.6009,3.87465
-4.94459,575.171,10.78,56.6428,3.30511
-3.26933,500.3,10.0322,52.0299,3.49152
-2.66241,558.926,11.4832,59.2782,3.56275
-0.583943,555.226,12.3861,62.9433,3.82324
-3.63616,560.012,11.0654,57.5515,3.44944
-3.24056,504.39,10.1259,52.5042,3.49485
0.223556,529.181,12.1848,61.5508,3.93195
-2.18785,538.525,11.2752,57.9943,3.61991
-2.43872,547.921,11.3579,58.5316,3.58953
-4.3676,562.566,10.793,56.455,3.36768
-2.85354,565.572,11.5314,59.6142,3.5401
-4.52094,552.34,10.5313,55.1524,3.35089
1.93191,588.618,14.484,72.2569,4.17746
-1.2184,565.382,12.3012,62.8096,3.74088
-0.24466,506.537,11.4515,58.0473,3.86838
0.67642,532.79,12.4867,62.8658,3.99492
-3.23857,513.205,10.3037,53.4251,3.49508
-2.1489,512.81,10.7534,55.2942,3.62466
-4.10246,504.44,9.78199,51.0609,3.397
-4.5348,525.646,10.0168,52.4632,3.34938
1.9685,580.962,14.3158,71.3991,4.18297
-2.32565,548.884,11.4292,58.8484,3.60318
-4.44665,500.753,9.57647,50.1226,3.35901
-2.22976,568.131,11.8752,61.1001,3.61481
0.759979,500.482,11.7678,59.21,4.0067
-2.2083,595.536,12.4587,64.0917,3.61742
-3.78436,514.338,10.1026,52.6039,3.43265
-1.88459,586.917,12.4373,63.8247,3.65714
-2.43774,538.355,11.1601,57.5115,3.58965
1.36637,525.645,12.6543,63.3886,4.09374
1.45783,514.688,12.4345,62.2464,4.10711
-2.09778,573.054,12.0412,61.8918,3.63091
1.34925,599.706,14.4276,72.2808,4.09124
-4.78594,597.371,11.2684,59.135,3.32215
0.74576,540.197,12.6946,63.8798,4.00469
0.491094,533.518,12.4137,62.5836,3.96897
0.407632,547.795,12.7045,64.0886,3.95737
-0.990466,571.568,12.5482,63.9611,3.77017
-3.82774,503.172,9.86601,51.3896,3.42776
1.7845,500.896,12.2554,61.2043,4.1554
-2.96511,534.765,10.8547,56.1642,3.52697
-2.74769,554.399,11.3514,58.6365,3.55262
1.84478,574.478,14.0885,70.3284,4.1644
1.34868,561.658,13.512,67.6938,4.09116
-1.85294,585.285,12.4183,63.712,3.66106
-3.72096,531.519,10.4667,54.4732,3.43982
-1.28287,598.401,12.9865,66.3408,3.73265
0.363282,528.857,12.244,61.7862,3.95122
-2.23417,513.802,10.7378,55.2495,3.61428
-0.62535,514.702,11.4634,58.2725,3.81779
-3.73148,592.131,11.6553,60.6643,3.43863
0.458202,517.08,12.0158,60.5922,3.96439
-3.58004,598.921,11.861,61.6623,3.45583
-3.47694,518.025,10.3015,53.5122,3.46762
1.34509,561.56,13.5077,67.6743,4.09064
-0.543239,545.067,12.1789,61.8719,3.82862
-4.30111,574.767,11.0568,57.8045,3.375
-1.10063,599.54,13.1052,66.8555,3.75597
-2.37634,519.708,10.7999,55.6294,3.59705
-4.99984,552.417,10.3304,54.3039,3.29921
0.00774552,550.781,12.5755,63.6258,3.90246
-3.02064,586.952,11.8876,61.5346,3.52046
-4.87933,556.744,10.4623,54.9453,3.31211
-0.750606,546.414,12.1098,61.6161,3.80135
1.48232,515.967,12.4773,62.4492,4.1107
-4.89105,510.194,9.58301,50.332,3.31085
-0.0685724,503.851,11.4697,58.0636,3.89211
-3.63148,580.228,11.467,59.6381,3.44998
-0.222427,519.728,11.76,59.6011,3.87136
-1.03615,583.122,12.7788,65.1589,3.76427
-4.80395,572.491,10.7912,56.6388,3.32021
-0.0433994,562.589,12.8194,64.8844,3.89552
1.24862,598.44,14.341,71.8998,4.07662
1.23221,526.803,12.6163,63.2602,4.07424
0.679424,572.932,13.4291,67.6087,3.99534
0.045081,595.896,13.6255,68.9191,3.90754
-1.17912,598.985,13.0525,66.6262,3.7459
-2.6428,513.304,10.5541,54.4741,3.56509
1.71382,567.148,13.8385,69.1458,4.14488
1.41021,587.79,14.1744,70.9808,4.10014
-0.703088,582.623,12.9365,65.7989,3.80757
0.845393,578.902,13.657,68.6727,4.01879
-2.09371,591.635,12.4336,63.907,3.63141
-2.54458,516.645,10.6645,55.0026,3.57682
-4.1446,581.885,11.2646,58.8194,3.39232
-0.722398,593.271,13.1629,66.9602,3.80504
-2.25777,584.389,12.2015,62.7921,3.61141
-0.9851,522.945,11.4831,58.53,3.77086
0.488332,552.059,12.8438,64.7528,3.96859
-4.46965,532.587,10.1758,53.2691,3.3565
-3.34569,523.259,10.4605,54.2832,3.4827
-3.27938,524.119,10.5056,54.4893,3.49035
-0.660093,510.613,11.3568,57.7455,3.81322
-3.13805,522.967,10.542,54.6188,3.50675
-2.53787,564.837,11.6624,60.1461,3.57763
1.47697,578.449,13.9853,69.9999,4.10991
-2.50726,589.732,12.1913,62.8591,3.5813
0.528487,546.98,12.7456,64.2387,3.97419
-1.72036,542.181,11.5644,59.2715,3.67753
-1.11173,561.281,12.2635,62.567,3.75454
-2.57875,596.785,12.302,63.4644,3.57273
-3.83142,559.359,10.9661,57.1211,3.42734
-2.90263,504.665,10.2694,53.11,3.53431
0.625395,523.659,12.2483,61.6888,3.98775
-4.83646,544.126,10.243,53.7753,3.31672
-1.19537,512.658,11.1642,56.9943,3.74382
-3.54166,576.891,11.4423,59.4681,3.46021
-3.96943,549.868,10.7203,55.9006,3.41185
-2.49194,570.439,11.7996,60.8326,3.58314
-3.79718,595.962,11.6998,60.9267,3.43121
0.544404,512.47,11.9488,60.2161,3.97641
-2.2705,597.823,12.4756,64.2092,3.60986
-2.35567,548.703,11.4118,58.7721,3.59955
-3.25614,538.342,10.8007,56.0101,3.49304
-2.17418,523.929,10.9755,56.4472,3.62158
-0.275475,573.637,12.9528,65.6723,3.86424
1.84311,560.849,13.7534,68.6562,4.16415
-1.74435,512.221,10.915,55.9531,3.67454
0.57764,519.065,12.1183,61.0553,3.98106
1.31021,519.174,12.4713,62.4976,4.08556
-2.41878,505.618,10.4893,54.0472,3.59193
-4.73488,556.066,10.511,55.1381,3.32766
-2.67888,507.485,10.4195,53.7939,3.56079
-4.72641,516.482,9.76608,51.2272,3.32858
-3.96885,575.982,11.2296,58.5566,3.41191
-2.54291,572.556,11.8194,60.9582,3.57702
-1.07783,533.441,11.6708,59.5281,3.7589
0.202263,533.188,12.2669,61.9749,3.92903
-3.64858,522.827,10.3255,53.7084,3.44803
-0.296213,527.488,11.901,60.3492,3.86147
-1.97362,501.058,10.5804,54.3323,3.64615
0.957011,585.989,13.8844,69.7589,4.03467
-2.0237,535.924,11.2942,58.0196,3.64
0.200482,595.989,13.7107,69.2706,3.92878
-1.65879,527.604,11.281,57.7919,3.68521
-1.81894,503.755,10.7029,54.8967,3.66527
0.479235,559.846,13.0203,65.6473,3.96732
-0.665567,541.951,12.0512,61.2788,3.8125
-0.979503,557.225,12.2385,62.3778,3.77159
-4.39866,590.453,11.3138,59.1936,3.36427
1.74213,580.627,14.1829,70.8521,4.14908
-4.27737,529.894,10.2033,53.3328,3.37762
0.210059,588.328,13.5396,68.401,3.9301
-1.30207,524.2,11.3675,58.0789,3.73021
-4.97166,528.572,9.89578,52.0077,3.30222
-1.28388,583.89,12.671,64.7299,3.73252
-4.72712,580.638,10.9789,57.5891,3.3285
0.252627,539.339,12.4328,62.7901,3.93595
0.945438,557.774,13.2099,66.3758,4.03302
1.82786,575.411,14.1021,70.4051,4.16187
-1.12696,574.167,12.5375,63.9722,3.75259
0.0991767,577.249,13.2271,66.8772,3.91492
-2.15945,552.9,11.5892,59.5968,3.62338
-0.95336,560.751,12.3287,62.825,3.77497
1.36832,524.972,12.639,63.3114,4.09402
-2.76607,557.441,11.4054,58.9233,3.55044
1.17533,598.994,14.3135,71.8002,4.06602
0.113119,544.201,12.4766,63.0763,3.91682
-1.88315,513.087,10.8734,55.7986,3.65732
1.22415,586.994,14.0534,70.4702,4.07307
1.28657,553.681,13.288,66.6018,4.08212
1.88908,592.227,14.5487,72.6022,4.17103
-1.31174,590.46,12.7995,65.4,3.72898
0.155712,502.203,11.533,58.2873,3.92265
0.209708,535.855,12.3318,62.2996,3.93005
-0.429911,568.407,12.7571,64.7545,3.84364
-2.08843,510.119,10.7228,55.1112,3.63206
-1.84773,572.523,12.1501,62.3331,3.6617
-0.961456,597.904,13.1413,66.9702,3.77392
-4.61145,528.6,10.0419,52.6263,3.34104
-3.60922,591.027,11.6909,60.7919,3.45251
-4.45255,524.255,10.0235,52.4649,3.35837
-2.99972,511.798,10.3741,53.6919,3.52291
-3.10634,537.422,10.8472,56.1861,3.51044
-4.44499,579.676,11.0866,58.0255,3.3592
-0.403006,561.37,12.6125,64.0076,3.84722
-3.53265,515.875,10.2358,53.1939,3.46124
-0.343555,522.207,11.76,59.655,3.85514
1.17428,527.558,12.606,63.2353,4.06586
1.21875,598.946,14.3365,71.8928,4.07229
0.384127,581.155,13.4658,67.941,3.95411
-3.65357,565.12,11.1586,58.0436,3.44747
-3.44704,512.097,10.1958,52.951,3.47104
-0.728209,526.538,11.6796,59.4172,3.80428
-3.48671,515.159,10.2405,53.1993,3.4665
-0.602261,577.68,12.8777,65.4506,3.82083
1.41491,598.503,14.4354,72.2852,4.10082
-2.41772,550.949,11.4303,58.8949,3.59206
0.284067,540.245,12.469,62.9583,3.94028
-3.47099,530.546,10.553,54.8162,3.4683
-4.15754,504.031,9.75239,50.9282,3.39088
0.509097,593.867,13.8276,69.7024,3.97148
1.17121,595.554,14.229,71.3785,4.06542
-2.13727,509.843,10.6962,54.9949,3.62608
-0.724804,535.676,11.8839,60.455,3.80473
0.0817097,505.316,11.5709,58.5109,3.91253
-0.274273,572.056,12.9177,65.4939,3.86441
-1.96953,585.97,12.3755,63.5482,3.64666
0.0931267,541.085,12.3955,62.6754,3.91409
1.66455,560.687,13.6547,68.2522,4.13757
-2.53869,577.656,11.9267,61.5095,3.57753
1.52714,512.486,12.4146,62.1155,4.11728
0.12589,565.885,12.9803,65.6163,3.91857
-1.73742,511.997,10.9132,55.9411,3.6754
-0.492968,501.322,11.2237,56.9975,3.83527
0.993345,595.22,14.1231,70.9392,4.03987
-2.78874,548.758,11.2175,57.963,3.54775
-1.59262,529.587,11.3531,58.1323,3.6935
0.0828005,510.13,11.6816,59.0704,3.91268
-4.3109,590.981,11.3642,59.4163,3.37392
-2.73752,503.596,10.3154,53.2808,3.55382
-0.0019109,501.105,11.437,57.8696,3.90115
0.93532,552.467,13.0791,65.7233,4.03158
0.858888,524.675,12.3843,62.2665,4.02071
0.178379,515.898,11.858,59.9198,3.92575
1.0385,588.049,13.9774,70.1845,4.04633
0.348722,572.695,13.2514,66.8768,3.94921
0.729224,584.52,13.7273,69.085,4.00235
-0.235691,531.17,12.0126,60.8875,3.86958
-4.06545,597.882,11.6113,60.5923,3.40112
-1.26175,585.197,12.7105,64.9208,3.73534
-0.378648,514.806,11.5774,58.744,3.85046
-1.58817,549.387,11.7797,60.3144,3.69406
-1.29908,519.918,11.276,57.61,3.73059
-3.37,520.386,10.3929,53.9427,3.4799
-2.92313,508.71,10.3432,53.5003,3.5319
-3.24262,560.178,11.2449,58.3075,3.49461
-3.04098,547.839,11.0864,57.3963,3.51808
-3.16496,549.334,11.0616,57.3226,3.50362
1.81573,583.04,14.2824,71.3113,4.16006
-0.177056,513.27,11.6345,58.9455,3.87746
1.76393,532.716,13.0235,65.0502,4.15233
0.330078,543.49,12.5665,63.4289,3.94663
-3.72172,527.323,10.3837,54.0418,3.43974
-1.00981,579.235,12.7068,64.779,3.76767
0.0731392,512.358,11.7282,59.3102,3.91136
1.97528,518.865,12.789,63.781,4.18399
-0.204551,527.008,11.933,60.4702,3.87376
-3.82476,578.283,11.3401,59.0664,3.42809
-4.81291,574.867,10.832,56.8571,3.31925
-2.85448,514.051,10.4805,54.182,3.53998
-2.53158,569.19,11.7552,60.622,3.57838
-4.93133,520.35,9.7578,51.2663,3.30654
0.848109,586.339,13.8339,69.5609,4.01917
-1.52313,545.778,11.7324,60.0431,3.70223
-0.177469,592.68,13.4343,68.0642,3.87741
-2.95512,566.054,11.4944,59.4695,3.52814
-4.19674,531.112,10.2601,53.5961,3.38653
-4.35043,548.13,10.5234,55.0371,3.36957
-1.05889,548.648,12.0125,61.2621,3.76134
-1.64932,534.541,11.4336,58.5695,3.6864
-3.74374,577.446,11.3607,59.1363,3.43724
-1.80301,549.852,11.6897,59.9508,3.66725
-2.72645,584.963,11.9874,61.9115,3.55514
-2.8382,577.587,11.7836,60.9108,3.54191
-0.572637,587.662,13.1155,66.6445,3.82473
0.344013,560.127,12.9582,65.3995,3.94856
-1.16134,577.525,12.5937,64.2758,3.74818
-4.29943,501.691,9.65167,50.4581,3.37519
-0.100215,584.718,13.294,67.315,3.88783
0.164317,557.565,12.8087,64.7304,3.92383
-0.590966,534.7,11.9249,60.6029,3.82232
-3.32295,553.135,11.0678,57.4249,3.48532
-0.744657,566.391,12.5555,63.881,3.80213
-0.293492,501.861,11.3241,57.4222,3.86183
0.00902069,520.967,11.8954,60.1842,3.90263
-4.4643,583.907,11.1588,58.4122,3.35708
-3.95606,505.876,9.86791,51.4507,3.41334
-1.76723,543.138,11.5633,59.2869,3.67169
-1.44405,510.824,11.0155,56.3402,3.71221
-1.49322,544.728,11.7237,59.9851,3.706
-0.997412,585.788,12.8568,65.5378,3.76927
-0.537278,583.204,13.0341,66.2135,3.8294
0.903,513.236,12.1351,60.994,4.02698
-0.520611,590.205,13.1992,67.0439,3.83161
1.50576,587.908,14.2299,71.2091,4.11414
-4.36618,593.147,11.3804,59.5267,3.36784
0.182094,550.079,12.6455,63.8973,3.92626
-3.35416,549.053,10.9724,56.9435,3.48172
-1.64789,578.502,12.3746,63.3892,3.68658
-1.26439,597.128,12.9683,66.2388,3.73501
0.227152,555.012,12.7814,64.5626,3.93245
-4.92442,529.27,9.92785,52.1569,3.30727
-1.82496,580.979,12.3407,63.3,3.66452
-3.8415,535.702,10.498,54.6873,3.42621
-4.25759,534.029,10.2912,53.7837,3.3798
1.67325,594.485,14.4827,72.3862,4.13886
-4.66654,539.611,10.2282,53.626,3.33506
-1.27851,556.295,12.0748,61.6814,3.73321
-1.56965,534.229,11.463,58.685,3.69638
0.226208,505.092,11.6313,58.7538,3.93232
-2.47552,573.681,11.8745,61.2108,3.58511
-2.70956,543.943,11.1543,57.6014,3.55714
-4.7169,548.594,10.3773,54.4291,3.32961
0.31792,516.509,11.937,60.2568,3.94495
-4.91856,584.779,10.9717,57.6381,3.3079
-3.19299,577.997,11.6257,60.259,3.50036
-4.16084,593.395,11.4799,59.9512,3.39051
0.949949,577.67,13.6835,68.7533,4.03367
1.90234,560.104,13.7666,68.6928,4.17302
-0.11181,503.45,11.4411,57.9377,3.88626
-0.994357,585.352,12.8488,65.4954,3.76967
1.87794,596.937,14.6581,73.1539,4.16936
-3.26645,584.574,11.7234,60.7998,3.49185
-2.47685,516.61,10.6926,55.119,3.58495
-4.99688,527.13,9.85868,51.8231,3.29953
1.3761,515.071,12.4044,62.1326,4.09516
-1.37364,559.716,12.1034,61.872,3.72112
0.309007,592.756,13.6943,69.1324,3.94372
-2.12175,570.749,11.9813,61.5954,3.62798
-0.0767418,510.24,11.6114,58.7846,3.891
0.593775,589.098,13.762,69.3283,3.98332
1.3088,577.738,13.8773,69.5443,4.08535
0.18081,561.128,12.8988,65.1782,3.92609
-2.11502,550.128,11.5515,59.3828,3.6288
1.83484,583.205,14.297,71.3744,4.16291
-1.78289,578.664,12.312,63.133,3.66975
-1.36842,594.816,12.8651,65.763,3.72178
-4.64248,580.882,11.0212,57.7728,3.33767
-0.954716,523.75,11.5146,58.6769,3.77479
1.88663,587.577,14.4331,72.0266,4.17067
-3.02503,522.534,10.5811,54.7734,3.51994
-1.42343,543.22,11.7236,59.9528,3.71481
-4.06902,583.046,11.3216,59.0819,3.40072
-2.03839,506.108,10.6596,54.7658,3.63819
-1.19324,564.188,12.2874,62.7274,3.74409
1.75868,562.081,13.7386,68.6247,4.15155
-0.511685,531.501,11.8905,60.3926,3.83279
-1.22149,592.379,12.887,65.8022,3.74048
-4.44003,534.467,10.224,53.5087,3.35974
-3.93789,568.331,11.0943,57.8369,3.41538
1.34265,508.802,12.2375,61.3117,4.09028
-4.8831,572.674,10.76,56.5104,3.3117
-2.48931,594.065,12.2896,63.3575,3.58345
0.517968,509.932,11.8774,59.8678,3.97272
-2.594,539.296,11.1102,57.3227,3.57091
-4.7225,559.875,10.5883,55.5381,3.329
-3.85983,594.779,11.6471,60.6821,3.42415
-4.58781,577.003,10.9719,57.4895,3.34361
1.85741,566.422,13.8977,69.3697,4.16629
-2.3211,526.639,10.968,56.4716,3.60373
-3.68129,501.699,9.89524,51.4833,3.44432
0.369774,540.724,12.5219,63.1855,3.95212
-1.98445,592.576,12.5076,64.2337,3.64482
-2.95613,568.379,11.5412,59.7118,3.52802
1.58919,504.907,12.2605,61.3165,4.12642
1.03647,523.416,12.4402,62.4664,4.04604
-4.81999,580.619,10.9373,57.4128,3.31849
-0.524719,564.234,12.6164,64.0854,3.83106
1.80661,511.775,12.5323,62.5771,4.15869
0.739999,508.311,11.9426,60.0982,4.00387
-3.37094,559.964,11.1829,58.0435,3.47979
-2.4635,582.812,12.0693,62.2091,3.58655
0.893843,515.118,12.1752,61.1998,4.02567
-1.1063,524.964,11.4725,58.5289,3.75524
-4.67613,592.971,11.2352,58.9103,3.33402
-0.343143,585.846,13.1934,66.9258,3.8552
-0.513646,509.86,11.4055,57.93,3.83253
-4.96072,536.051,10.0403,52.7625,3.30339
-0.830572,529.378,11.6954,59.543,3.79091
1.11319,511.85,12.2016,61.2343,4.05706
-2.74075,599.388,12.276,63.409,3.55344
0.710324,569.378,13.3619,67.255,3.99969
-4.48825,535.662,10.2269,53.5441,3.35446
-3.87158,544.83,10.664,55.5649,3.42282
-2.37232,591.57,12.2952,63.3297,3.59754
-2.17224,502.004,10.5171,54.0884,3.62182
0.891899,599.877,14.1775,71.2655,4.0254
-3.72293,506.484,9.9729,51.9041,3.4396
0.413257,538.895,12.5008,63.0586,3.95815
0.969454,583.876,13.841,69.5347,4.03645
-1.29946,552.757,11.988,61.248,3.73054
-1.85986,582.661,12.3593,63.4122,3.6602
-0.676237,571.036,12.6926,64.5455,3.8111
-0.316553,539.201,12.1556,61.6493,3.85875
-4.06708,503.463,9.77698,51.0207,3.40094
1.35879,592.277,14.2542,71.4069,4.09263
-1.95588,569.237,12.0286,61.7605,3.64834
1.9429,563.572,13.8736,69.2063,4.17911
-3.85776,556.002,10.8887,56.7297,3.42438
-1.06133,570.258,12.4844,63.6702,3.76103
-0.585976,535.263,11.9398,60.6763,3.82297
-2.42182,592.726,12.295,63.3523,3.59157
-2.41675,581.024,12.0547,62.1117,3.59218
-2.73154,569.071,11.6594,60.2197,3.55453
-0.730004,564.123,12.5124,63.6549,3.80405
-3.43701,594.866,11.8485,61.5295,3.47219
-2.8423,528.106,10.7723,55.6853,3.54142
0.988969,593.686,14.0843,70.7466,4.03924
-2.9777,546.048,11.0781,57.3258,3.52549
-4.86514,570.736,10.7314,56.3523,3.31363
1.0498,582.527,13.8523,69.5504,4.04795
-4.50864,586.315,11.1847,58.5684,3.35224
0.21463,504.845,11.6204,58.7035,3.93073
-2.24454,517.343,10.8073,55.6116,3.61302
-4.08648,507.572,9.84907,51.4046,3.39878
-3.6366,582.413,11.5079,59.8528,3.44939
-0.269502,599.655,13.5434,68.664,3.86504
-0.303555,523.953,11.8179,59.9307,3.86049
-1.12383,514.368,11.2331,57.3154,3.75299
-1.03588,524.911,11.5032,58.6547,3.76431
-2.88755,569.2,11.5896,59.9307,3.53609
-2.84906,539.648,11.0048,56.8899,3.54062
-1.09624,564.946,12.3511,63.0067,3.75653
-3.72224,593.964,11.6957,60.8704,3.43968
-4.64614,535.581,10.1602,53.261,3.33727
-2.97727,521.601,10.5824,54.7601,3.52554
1.11461,591.955,14.112,70.8206,4.05726
-2.51491,557.939,11.5305,59.4556,3.58038
-1.86755,518.06,10.9856,56.3677,3.65925
1.13094,580.15,13.8393,69.4441,4.05961
-4.20981,591.801,11.4265,59.6949,3.38509
-2.51814,586.874,12.1269,62.5325,3.57999
-1.44589,559.431,12.0628,61.6976,3.71197
-0.317576,573.259,12.9229,65.5412,3.85861
1.27783,502.467,12.0548,60.4247,4.08085
0.699388,556.061,13.0438,65.6594,3.99815
0.753204,549.371,12.9139,64.9799,4.00574
-3.22154,588.957,11.8326,61.3448,3.49705
-4.97262,557.55,10.4379,54.8572,3.30212
-4.20559,599.117,11.5697,60.4412,3.38555
-2.65982,551.996,11.342,58.5481,3.56306
0.439216,510.096,11.8448,59.7378,3.96175
0.946773,598.32,14.1709,71.2038,4.03321
-1.97469,563.68,11.9023,61.1207,3.64602
-4.53049,554.053,10.5599,55.3062,3.34985
1.53809,524.295,12.7061,63.5687,4.11889
-4.18034,551.895,10.6687,55.723,3.38835
-2.46429,552.478,11.4407,58.9697,3.58646
-4.7404,504.026,9.52515,49.9689,3.32707
0.407206,564.53,13.0924,66.0457,3.95731
1.53408,544.532,13.1945,66.0141,4.1183
-2.63437,580.064,11.9308,61.5757,3.56609
1.31763,518.188,12.4512,62.3935,4.08664
-2.61219,518.586,10.6757,55.089,3.56874
1.27268,517.69,12.4175,62.2453,4.08011
-4.71231,568.42,10.7543,56.4046,3.3301
-0.437973,580.585,13.0263,66.1249,3.84257
-0.281438,592.314,13.3714,67.7976,3.86345
1.42852,525.654,12.685,63.514,4.10282
-2.57479,572.143,11.7959,60.8517,3.57321
-1.9641,575.069,12.1479,62.3768,3.64733
-0.16079,556.766,12.6285,63.9737,3.87965
0.155074,524.11,12.0358,60.8286,3.92256
-1.33254,502.542,10.8847,55.625,3.72633
1.64446,580.559,14.1277,70.6265,4.13459
-1.39426,560.555,12.1117,61.9239,3.71851
0.0414773,546.475,12.4937,63.196,3.90705
-1.88678,519.81,11.0143,56.5231,3.65687
-4.13366,536.432,10.3893,54.2441,3.39353
-4.05707,568.95,11.0532,57.6759,3.40206
-1.70887,590.702,12.6051,64.5996,3.67896
1.5888,581.261,14.1143,70.5882,4.12637
-3.53892,537.045,10.6532,55.3655,3.46053
-1.44152,553.946,11.9465,61.1013,3.71253
0.652375,525.115,12.2953,61.9131,3.99154
1.32264,539.723,12.9712,64.9967,4.08737
-1.81709,551.867,11.7259,60.1433,3.6655
-0.157358,532.101,12.0707,61.1463,3.88012
0.354462,555.144,12.8482,64.8391,3.95
1.4418,556.907,13.4462,67.3184,4.10476
-0.586348,563.667,12.5732,63.8954,3.82292
-0.563403,566.385,12.6452,64.2504,3.82595
0.403784,553.896,12.844,64.7945,3.95683
-2.23971,594.104,12.4132,63.873,3.6136
-3.68939,575.181,11.3409,59.0084,3.4434
-4.41239,554.867,10.6261,55.6012,3.36277
-1.56325,559.203,12.002,61.441,3.69719
0.46434,508.546,11.8203,59.6037,3.96525
1.71783,568.309,13.8689,69.2961,4.14547
-0.898721,529.986,11.6774,59.4819,3.78205
0.496435,573.197,13.3397,67.2494,3.96972
-0.580892,546.971,12.2034,62.0136,3.82364
-3.8178,576.259,11.3036,58.8729,3.42888
0.489167,572.592,13.3219,67.1629,3.9687
1.23962,538.247,12.8941,64.6496,4.07531
0.871104,595.513,14.063,70.7006,4.02244
-3.98032,535.526,10.4361,54.4233,3.41063
-3.94643,514.363,10.0374,52.3303,3.41442
-3.93525,589.448,11.5078,59.9911,3.41567
0.694043,544.221,12.7634,64.2504,3.9974
0.817011,524.995,12.3716,62.2221,4.01476
-3.52584,545.754,10.8316,56.2872,3.46202
-0.649066,518.756,11.5429,58.687,3.81467
-1.32553,526.73,11.4118,58.3154,3.72723
-1.87958,565.48,11.9854,61.5034,3.65776
-3.5546,571.947,11.3383,58.9337,3.45874
-0.382847,540.746,12.1588,61.6957,3.8499
-4.85007,574.248,10.8041,56.727,3.31525
-3.18643,545.37,10.9723,56.8695,3.50113
-1.17119,513.351,11.19,57.1154,3.74692
-0.685694,538.792,11.9715,60.8825,3.80986
1.72667,526.269,12.8474,64.1878,4.14679
-3.69179,585.275,11.5388,60.0393,3.44313
-2.4203,549.069,11.3901,58.689,3.59175
1.37665,599.734,14.4436,72.3467,4.09524
1.55949,516.946,12.5384,62.7199,4.12204
1.51392,565.608,13.6944,68.5256,4.11534
-3.52162,560.671,11.1295,57.8337,3.4625
1.34592,591.074,14.2181,71.2329,4.09076
-1.91767,519.937,11.0035,56.4809,3.65305
-3.08344,524.661,10.5993,54.8926,3.51312
1.32033,585.253,14.0641,70.4746,4.08703
-1.41562,513.756,11.0911,56.7152,3.7158
-4.44235,595.33,11.3872,59.5976,3.35948
0.281386,573.55,13.2363,66.8339,3.93991
0.501966,591.613,13.7713,69.4222,3.97049
-0.402593,560.589,12.5952,63.9195,3.84727
0.982992,505.973,12.0006,60.2829,4.03839
1.79719,544.792,13.3359,66.5945,4.15729
-3.63505,563.319,11.1313,57.8934,3.44957
-4.74981,525.785,9.93257,52.1101,3.32605
-1.78937,569.127,12.106,62.0796,3.66894
-2.23803,583.027,12.1826,62.6855,3.61381
-1.34364,510.55,11.0533,56.4913,3.72492
-1.53939,584.714,12.5613,64.2931,3.70019
-3.02561,527.719,10.6858,55.3158,3.51988
-3.14555,510.168,10.2809,53.2691,3.50588
1.81284,527.83,12.9285,64.5528,4.15962
-0.143544,514.235,11.6717,59.1192,3.88198
-2.27933,527.254,10.9991,56.6137,3.60879
0.633563,597.807,13.9871,70.4418,3.98889
-0.483286,522.649,11.7056,59.4406,3.83655
1.46925,556.278,13.4452,67.3005,4.10878
-1.73237,536.624,11.4404,58.6413,3.67603
0.0171097,591.046,13.4998,68.2976,3.90373
-1.20664,553.093,12.0394,61.4675,3.74238
-3.26737,599.697,12.0263,62.3709,3.49174
-1.67231,565.719,12.0895,61.9401,3.68353
1.88601,575.714,14.1413,70.571,4.17057
-2.03981,576.742,12.1466,62.4063,3.63802
-3.34071,510.319,10.2038,52.9493,3.48327
-1.18586,561.081,12.2233,62.3966,3.74504
0.47303,576.783,13.411,67.6201,3.96646
-1.03391,515.2,11.2913,57.5733,3.76456
-2.63808,595.722,12.251,63.2302,3.56565
-4.94577,584.729,10.9587,57.582,3.30499
-4.5843,564.246,10.7308,56.2249,3.34399
-4.85122,524.359,9.86499,51.7968,3.31513
-0.36905,568.211,12.7832,64.8577,3.85174
-4.43541,546.768,10.4612,54.7485,3.36025
-1.41329,574.235,12.3979,63.3965,3.7161
1.73215,508.424,12.4144,62.0219,4.1476
-1.71602,566.487,12.0849,61.9372,3.67807
-2.34424,550.607,11.4566,58.9978,3.60093
-3.81138,561.332,11.0136,57.36,3.4296
-1.43174,569.155,12.2793,62.7985,3.71376
0.415273,548.777,12.731,64.2191,3.95843
-2.51671,528.792,10.9274,56.3464,3.58016
0.152277,568.7,13.0583,65.9979,3.92218
-2.75948,575.075,11.7693,60.8002,3.55122
-1.84804,501.238,10.6371,54.5715,3.66166
-1.74282,527.947,11.2508,57.6738,3.67473
-2.26735,506.886,10.5792,54.4476,3.61025
0.186819,500.015,11.4967,58.0906,3.92691
-0.888443,557.18,12.2816,62.5544,3.78339
-3.92742,593.074,11.5822,60.3754,3.41655
-0.945685,558.585,12.2848,62.5977,3.77596
-3.15169,566.386,11.411,59.1274,3.50516
0.296327,565.299,13.0535,65.9036,3.94197
-2.56188,589.869,12.1676,62.7631,3.57475
-0.18103,540.806,12.2568,62.0999,3.87693
1.34663,504.528,12.1366,60.8043,4.09086
-3.30559,535.3,10.7184,55.6045,3.48732
-3.99882,509.057,9.91286,51.7022,3.40856
1.46577,573.438,13.8581,69.369,4.10827
1.14024,563.764,13.4533,67.5025,4.06095
-1.00324,517.464,11.3546,57.883,3.76852
-4.24225,519.073,10.0091,52.3035,3.3815
0.393123,549.942,12.747,64.3103,3.95536
1.32887,563.029,13.5345,67.8167,4.08827
0.253414,592.255,13.6531,68.9523,3.93606
-4.60646,536.224,10.1887,53.3939,3.34158
0.0383505,570.872,13.0499,66.0108,3.90662
0.552269,552.015,12.8748,64.8789,3.97751
0.222238,585.238,13.4749,68.0681,3.93177
-2.37512,590.52,12.272,63.2116,3.5972
-2.42511,574.534,11.916,61.4014,3.59117
1.21641,525.04,12.5664,63.0171,4.07195
-1.60131,543.107,11.6389,59.5998,3.69241
-3.05962,542.171,10.9635,56.7683,3.5159
1.77754,581.793,14.2308,71.0734,4.15436
0.394444,570.933,13.2343,66.7677,3.95554
-3.76196,531.385,10.4468,54.387,3.43518
-1.67728,525.05,11.2182,57.478,3.6829
-4.88022,527.169,9.9062,52.025,3.31201
-3.84812,519.718,10.1821,53.0442,3.42546
-2.60196,594.398,12.2414,63.1633,3.56996
-1.64403,534.763,11.4408,58.6038,3.68706
0.257224,578.694,13.3424,67.3816,3.93658
-1.01852,526.321,11.542,58.8449,3.76654
-4.11599,533.536,10.3406,53.9823,3.3955
0.460399,551.002,12.8052,64.5717,3.9647
0.492189,531.107,12.3582,62.3029,3.96912
0.325308,502.488,11.6163,58.6349,3.94597
-1.38075,597.608,12.9192,66.0457,3.72022
-1.2114,599.66,13.0506,66.6325,3.74177
-2.27463,520.857,10.8677,55.9352,3.60936
-2.53407,514.569,10.6261,54.8001,3.57808
-0.406926,523.669,11.7636,59.7015,3.84669
0.603105,506.039,11.8259,59.571,3.98462
1.71185,536.667,13.0937,65.4255,4.14458
-1.80137,576.321,12.2532,62.8401,3.66745
1.38789,572.748,13.7997,69.1158,4.09688
1.86113,572.282,14.0435,70.0955,4.16684
1.8933,503.394,12.3684,61.7201,4.17167
-3.71186,516.355,10.1718,52.9347,3.44085
-0.684153,512.981,11.3986,57.9688,3.81006
1.1396,549.478,13.1121,65.7906,4.06086
0.543919,557.361,12.9953,65.4898,3.97634
-2.21168,599.774,12.5457,64.5408,3.61701
-4.29916,529.274,10.1824,53.2327,3.37522
-1.22499,598.522,13.0188,66.4771,3.74004
-4.60169,537.861,10.2218,53.5653,3.3421
1.09696,522.218,12.4409,62.4427,4.05472
-2.95943,549.339,11.1531,57.7053,3.52763
1.65324,581.913,14.1655,70.8108,4.13589
-2.55171,543.493,11.2155,57.8476,3.57597
1.09702,563.568,13.4261,67.3871,4.05473
-3.4368,564.229,11.2384,58.3609,3.47222
-1.02734,571.928,12.5378,63.9261,3.76541
-0.718454,547.008,12.1383,61.7464,3.80556
-1.70586,530.46,11.3209,58.0171,3.67934
1.36097,574.896,13.837,69.3162,4.09295
-2.35871,547.309,11.3814,58.617,3.59918
-0.547764,598.309,13.3662,67.9057,3.82802
0.955057,540.156,12.7975,64.2988,4.0344
-2.97532,588.725,11.9451,61.8109,3.52577
-3.30499,555.998,11.1331,57.7556,3.48739
1.50334,515.558,12.4775,62.441,4.11378
0.553761,505.139,11.7822,59.3723,3.97772
-1.4369,564.04,12.1665,62.2238,3.71311
-1.77237,575.874,12.2578,62.8498,3.67105
1.17985,560.146,13.3876,67.1532,4.06667
-1.80258,562.317,11.9549,61.3108,3.6673
-1.47604,549.01,11.8239,60.4899,3.70817
-2.66376,582.344,11.9636,61.7592,3.56259
-2.87668,579.383,11.802,61.0242,3.53737
1.98946,512.746,12.6451,63.0569,4.18612
-2.91144,545.105,11.0884,57.3495,3.53327
0.0148207,555.442,12.6855,64.1787,3.90342
-1.44955,580.536,12.516,64.0177,3.71151
-0.640526,544.182,12.1127,61.5802,3.81579
0.559767,570.291,13.305,67.0428,3.97856
-1.87755,539.409,11.4338,58.6717,3.65801
1.12086,593.053,14.1416,70.966,4.05816
-0.706068,561.267,12.4608,63.3809,3.80718
-0.36128,599.029,13.4807,68.3924,3.85277
-2.56494,549.184,11.327,58.4283,3.57439
-1.95404,582.419,12.308,63.1945,3.64856
-4.79337,573.829,10.821,56.7908,3.32135
-2.39472,535.596,11.1219,57.2961,3.59484
-3.93581,508.651,9.93012,51.7669,3.41561
-1.64087,527.904,11.2954,57.858,3.68746
0.828634,541.523,12.7669,64.2046,4.01641
-0.410438,569.564,12.7929,64.9266,3.84623
-0.683388,519.308,11.5396,58.6851,3.81016
-2.75644,599.759,12.2759,63.4161,3.55158
0.0320782,569.169,13.0078,65.8009,3.90577
-3.01998,502.364,10.1747,52.6677,3.52053
-2.27365,530.252,11.0641,56.9459,3.60948
1.27218,558.441,13.3947,67.144,4.08003
-4.18649,520.269,10.0548,52.5194,3.38767
1.24933,533.873,12.7941,64.1438,4.07672
-0.536659,551.814,12.3329,62.6509,3.82949
-0.556198,572.856,12.7933,64.9994,3.8269
-1.40512,544.29,11.7552,60.1062,3.71713
-3.89985,536.05,10.4802,54.6192,3.41965
-2.76085,594.529,12.1667,62.8542,3.55106
-4.36814,553.219,10.6135,55.5161,3.36762
-0.932642,584.034,12.8511,65.4769,3.77765
-4.25242,527.346,10.1645,53.1196,3.38038
0.279679,574.245,13.2515,66.9112,3.93968
-4.04819,569.28,11.0635,57.7261,3.40305
0.897406,589.268,13.9298,70.0173,4.02618
1.24707,596.192,14.2863,71.6262,4.07639
-4.01031,557.292,10.8471,56.5801,3.40727
0.320183,576.16,13.3168,67.2207,3.94526
-4.04928,514.037,9.98949,52.1224,3.40292
-0.31157,538.623,12.145,61.5931,3.85941
-4.30221,543.527,10.4554,54.6608,3.37488
-3.17867,547.694,11.0225,57.1262,3.50203
-1.30623,509.389,11.0445,56.4304,3.72968
-4.40893,518.072,9.92281,51.92,3.36315
-1.02568,586.144,12.8503,65.5184,3.76562
1.27102,533.435,12.7944,64.135,4.07987
-2.78835,504.882,10.3208,53.3293,3.5478
-2.28802,586.117,12.2228,62.9164,3.60774
1.01003,508.208,12.0663,60.6009,4.04225
-0.98948,538.005,11.8118,60.2071,3.7703
-4.95375,517.937,9.70373,50.9912,3.30414
-1.66094,500.439,10.6992,54.8126,3.68495
-3.22744,597.143,11.9942,62.1856,3.49637
-4.62736,578.41,10.981,57.5554,3.33931
-4.49034,533.24,10.1798,53.2984,3.35424
-0.342072,546.788,12.3143,62.4661,3.85534
-1.06381,560.224,12.2636,62.5449,3.76071
-1.14435,505.64,11.0336,56.3058,3.75036
0.561564,544.536,12.705,64.0187,3.97881
-2.84438,512.679,10.4568,54.055,3.54118
1.24069,557.699,13.3606,66.9881,4.07547
-4.50575,507.834,9.68871,50.7335,3.35255
-0.966396,580.814,12.7632,65.0457,3.77328
-3.80444,516.964,10.1459,52.838,3.43039
-3.38645,577.441,11.5248,59.8251,3.478
-1.15032,500.398,10.9166,55.7115,3.74959
0.459566,505.325,11.7433,59.2173,3.96458
-4.83042,515.03,9.69765,50.9098,3.31736
-1.8871,578.797,12.264,62.9366,3.65683
1.56524,565.102,13.7094,68.575,4.12289
0.883299,535.376,12.6489,63.5856,4.02417
-1.90823,561.386,11.8852,61.002,3.65422
-2.71498,584.005,11.9733,61.833,3.5565
-3.14161,559.77,11.2823,58.4558,3.50634
0.849388,534.056,12.601,63.3608,4.01936
-1.47087,546.129,11.7643,60.1824,3.70882
1.43681,571.844,13.8041,69.1131,4.10403
1.64721,568.893,13.8453,69.2134,4.135
1.5046,539.325,13.0534,65.3221,4.11397
-0.282976,518.898,11.7133,59.3914,3.86324
-4.00498,587.268,11.433,59.6338,3.40787
0.82305,578.853,13.644,68.6184,4.01562
-2.39284,557.666,11.5811,59.6606,3.59506
-0.83448,501.55,11.0789,56.406,3.79041
1.40192,539.618,13.0086,65.1466,4.09893
1.29868,559.507,13.4341,67.3284,4.08388
0.911661,540.267,12.7785,64.224,4.02821
-4.57083,574.985,10.941,57.3202,3.34546
-1.30516,502.332,10.892,55.6505,3.72982
0.0534301,564.166,12.9042,65.2666,3.90868
0.341543,501.129,11.5922,58.5064,3.94822
-0.968771,577.29,12.6846,64.6461,3.77297
-2.79504,561.433,11.4738,59.2898,3.54701
-0.399636,590.366,13.2657,67.321,3.84766
-0.273727,561.478,12.6791,64.2839,3.86448
-2.72842,556.198,11.3971,58.8634,3.5549
1.24375,502.666,12.0436,60.3837,4.07591
-3.41778,522.113,10.4074,54.0379,3.4744
-3.81396,573.998,11.261,58.6493,3.42931
-1.6689,534.288,11.4193,58.5051,3.68395
-0.220562,550.753,12.4629,63.1626,3.87161
1.31259,594.859,14.2907,71.6139,4.0859
-0.284289,598.625,13.5123,68.5138,3.86306
-2.1495,519.315,10.8896,55.9946,3.62459
1.03479,506.928,12.0475,60.4956,4.0458
-0.826407,543.632,12.0123,61.1543,3.79146
-1.99059,525.405,11.0871,56.9414,3.64407
-1.75322,515.354,10.9779,56.2793,3.67343
-4.50768,522.34,9.9647,52.1794,3.35234
-0.988871,507.546,11.1433,56.7996,3.77037
-2.01545,507.655,10.7019,54.9738,3.64101
-3.46893,537.615,10.6945,55.5503,3.46853
0.95949,507.811,12.0332,60.457,4.03503
-1.94868,511.437,10.8103,55.5023,3.64923
-0.63471,501.312,11.1611,56.7395,3.81655
-1.02637,551.566,12.0919,61.652,3.76553
-1.15587,571.548,12.4661,63.6216,3.74888
-3.64998,568.391,11.2248,58.3864,3.44787
-0.617173,553.078,12.322,62.6335,3.81886
-1.8006,503.286,10.7007,54.878,3.66755
-0.136214,582.107,13.216,66.9377,3.88297
-0.000840039,513.007,11.7091,59.246,3.90129
-3.22036,559.074,11.2328,58.2345,3.49719
-4.36261,506.41,9.71762,50.8279,3.36823
-0.475341,518.87,11.6246,59.0258,3.8376
-4.15876,537.469,10.3989,54.3046,3.39074
-1.07606,569.385,12.4581,63.5427,3.75913
-1.12274,566.235,12.3664,63.0971,3.75313
-0.969231,599.324,13.1685,67.1125,3.77291
-2.46897,553.157,11.4527,59.0334,3.58589
-0.758224,564.858,12.5148,63.6805,3.80036
-0.658036,597.067,13.2807,67.5271,3.81349
-1.77462,590.865,12.5757,64.4813,3.67077
-3.49409,523.626,10.4057,54.0606,3.46565
-3.26785,536.543,10.7596,55.8018,3.49169
-4.00951,538.727,10.4861,54.6967,3.40736
-2.53737,571.27,11.7955,60.8321,3.57769
-3.96407,560.812,10.936,57.0231,3.41245
-4.86413,552.36,10.3863,54.5397,3.31374
0.533723,539.059,12.5635,63.3189,3.97492
-0.940338,598.962,13.1756,67.1339,3.77665
-4.19937,542.406,10.4772,54.731,3.38624
-0.699738,536.32,11.91,60.5761,3.80801
-2.32188,556.755,11.5949,59.6994,3.60364
-3.07585,529.339,10.6971,55.3956,3.514
-2.35849,519.462,10.8025,55.635,3.59921
1.2789,568.106,13.6301,68.3205,4.08101
-3.39368,559.887,11.1712,57.9928,3.47717
-2.06986,534.17,11.2366,57.744,3.63433
1.49542,539.136,13.0441,65.2803,4.11262
-3.14702,571.502,11.5163,59.6705,3.50571
-1.1955,535.532,11.6623,59.537,3.74381
-1.06919,530.675,11.6143,59.2358,3.76001
-2.64074,585.523,12.04,62.1424,3.56533
-2.04619,563.107,11.8565,60.9185,3.63723
-1.97308,571.656,12.0715,61.9887,3.64622
-1.82262,509.62,10.8259,55.5294,3.66481
-3.06921,564.072,11.402,59.0431,3.51478
1.42744,538.099,12.9848,65.0154,4.10266
1.71851,543.365,13.2606,66.2559,4.14557
0.440842,505.112,11.7298,59.1572,3.96198
-1.65375,570.004,12.19,62.4464,3.68584
-4.23596,536.723,10.3521,54.0931,3.38219
1.58833,567.261,13.7741,68.887,4.1263
1.84042,524.711,12.8658,64.227,4.16375
0.486652,542.34,12.6168,63.6095,3.96835
1.36309,511.312,12.3077,61.6539,4.09326
0.322516,511.557,11.8247,59.6878,3.94559
-4.12865,551.935,10.6917,55.8209,3.39409
0.725425,543.816,12.7695,64.2663,4.00182
-4.77099,554.938,10.4743,54.9613,3.32377
-3.22642,559.381,11.2362,58.2551,3.49649
-4.60932,542.558,10.3079,54.0196,3.34127
-3.14793,586.773,11.8235,61.2631,3.5056
-4.26917,581.474,11.2002,58.54,3.37853
-4.87745,570.159,10.7152,56.2727,3.31231
-1.14474,574.388,12.5335,63.9605,3.75031
-2.37841,505.651,10.5069,54.1212,3.5968
-1.95702,526.491,11.1248,57.1206,3.6482
-2.54651,554.214,11.4391,58.9985,3.57659
-3.68793,559.017,11.0228,57.3527,3.44357
-4.60719,579.174,11.0045,57.6693,3.3415
0.410722,556.028,12.897,65.0583,3.9578
-3.16787,515.093,10.3709,53.7445,3.50328
-3.04026,532.635,10.779,55.8047,3.51816
-4.24432,528.947,10.1987,53.2949,3.38127
-1.44386,523.274,11.284,57.7137,3.71223
-1.37672,576.876,12.473,63.7626,3.72073
0.479774,580.844,13.5089,68.1106,3.9674
-4.54198,502.963,9.58172,50.1875,3.3486
-3.23541,507.871,10.1979,52.8754,3.49544
0.94603,576.636,13.657,68.6217,4.03311
1.91164,542.127,13.3295,66.5074,4.17442
-0.119232,562.573,12.781,64.7264,3.88526
-1.20256,540.107,11.7586,60.0321,3.7429
-0.440724,512.186,11.4904,58.3296,3.8422
1.3109,532.781,12.7985,64.137,4.08566
-2.22589,514.819,10.7626,55.3735,3.61528
0.557916,594.739,13.8743,69.9127,3.9783
-0.554185,573.174,12.8014,65.0397,3.82717
-2.12443,556.61,11.6833,60.0643,3.62765
-1.72796,575.719,12.2761,62.9225,3.67658
-2.64568,574.364,11.8082,60.9484,3.56475
1.17469,517.228,12.3593,61.9979,4.06592
-1.45287,547.071,11.793,60.321,3.71109
1.98375,555.516,13.6968,68.3045,4.18526
-2.96676,575.726,11.6854,60.4629,3.52677
-0.588921,510.848,11.3938,57.9032,3.82259
-3.43064,537.255,10.7038,55.582,3.47293
1.96143,565.786,13.938,69.5185,4.1819
1.49475,533.294,12.9025,64.5717,4.11252
-2.6911,584.011,11.9848,61.8813,3.55934
0.016018,568.674,12.9883,65.7101,3.90358
-2.71411,565.066,11.5854,59.8295,3.5566
-3.38702,583.308,11.6416,60.4317,3.47794
-0.456185,577.123,12.9394,65.6926,3.84015
-2.97035,599.096,12.158,62.9099,3.52635
-2.80467,573.112,11.7079,60.5043,3.54587
0.113151,561.21,12.8666,65.0479,3.91682
1.40114,542.196,13.0703,65.4563,4.09881
-1.48012,597.667,12.8698,65.8422,3.70765
-4.05903,520.478,10.1107,52.7589,3.40184
1.51377,568.851,13.7729,68.9182,4.11532
-1.49796,561.104,12.0739,61.779,3.7054
0.580945,538.699,12.5783,63.3714,3.98152
-4.07202,553.865,10.7536,56.1194,3.40039
-3.73046,531.557,10.4634,54.4603,3.43875
1.75696,599.41,14.6501,73.1783,4.15129
-0.982308,553.606,12.1577,61.9672,3.77122
-4.46703,591.694,11.3063,59.186,3.35678
-1.71076,542.794,11.5819,59.3567,3.67872
-1.45033,538.526,11.6099,59.3836,3.71141
-4.32211,572.924,11.012,57.5798,3.37269
1.53104,565.775,13.7076,68.5828,4.11786
-2.04643,552.799,11.6393,59.8028,3.63721
-4.20298,581.07,11.2224,58.6255,3.38584
1.33127,516.313,12.4127,62.1944,4.08862
1.02361,505.576,12.0102,60.3129,4.0442
-1.30894,531.598,11.5248,58.8856,3.72933
-2.4341,598.146,12.4013,63.9064,3.59009
-2.4349,538.261,11.1594,57.5067,3.58999
0.115366,568.744,13.0405,65.9257,3.91713
-4.08277,504.128,9.78372,51.0621,3.39919
-3.85305,541.974,10.616,55.3069,3.42491
-0.0187403,588.457,13.4218,67.921,3.89886
1.79879,581.535,14.2362,71.0895,4.15753
-1.51364,566.701,12.1868,62.3639,3.70343
-1.04549,585.929,12.8355,65.4529,3.76307
-0.579262,570.272,12.7241,64.6587,3.82386
-0.84387,545.098,12.0364,61.2851,3.78918
-2.01383,509.016,10.7313,55.124,3.64121
-4.83274,580.983,10.9385,57.4249,3.31712
-0.373207,503.517,11.3259,57.4658,3.85118
-4.85436,583.077,10.9683,57.5911,3.31479
-0.103776,560.703,12.7463,64.543,3.88735
-4.47785,550.581,10.5161,55.0541,3.3556
0.275846,550.021,12.6906,64.0808,3.93915
0.40962,527.764,12.2409,61.749,3.95764
-0.917166,562.183,12.3778,63.0582,3.77966
-3.44365,597.588,11.8995,61.7977,3.47143
-3.35978,555.005,11.0889,57.5503,3.48107
-0.803605,511.516,11.3128,57.5835,3.79443
-0.300667,599.579,13.5252,68.5872,3.86087
-4.15602,585.661,11.3325,59.1791,3.39105
-0.874801,563.27,12.4225,63.2657,3.78516
-3.72429,558.937,11.0051,57.277,3.43944
-4.34945,545.386,10.4711,54.7634,3.36968
-2.82582,546.894,11.1629,57.697,3.54337
-1.55277,514.708,11.0516,56.5713,3.6985
0.909861,534.29,12.6363,63.5098,4.02795
-4.57141,569.727,10.8407,56.795,3.34539
-1.28649,588.001,12.759,65.1803,3.73219
-1.17597,568.171,12.3826,63.2051,3.74631
1.36807,529.491,12.7477,63.8559,4.09398
1.49404,537.299,12.999,65.0551,4.11242
-1.71239,528.19,11.2696,57.7567,3.67852
-2.18771,553.791,11.5949,59.6386,3.61993
1.37421,592.62,14.2709,71.4829,4.09488
-4.7275,511.589,9.67313,50.7401,3.32846
-0.698631,543.308,12.0657,61.3675,3.80816
-1.50441,526.078,11.3173,57.9106,3.70459
-2.66199,596.149,12.2481,63.2268,3.5628
-0.0301466,581.301,13.2527,67.0708,3.89732
-4.99835,501.336,9.37572,49.2849,3.29937
-0.920648,577.191,12.7065,64.7345,3.77921
1.69351,526.591,12.8388,64.1601,4.14186
-4.77635,535.315,10.1017,53.0085,3.32319
0.327876,597.721,13.8192,69.7532,3.94633
0.29025,536.907,12.395,62.5816,3.94113
0.553919,571.944,13.3405,67.2247,3.97774
-4.40094,500.656,9.59233,50.1876,3.36402
-4.22197,568.264,10.9667,57.2981,3.38374
0.991714,589.966,13.9975,70.3094,4.03963
1.67884,515.873,12.5703,62.8252,4.13969
-4.98569,507.761,9.50075,49.9371,3.30072
-0.809885,535.75,11.8458,60.2995,3.79361
0.838778,571.985,13.4904,67.8379,4.01785
-4.47592,580.885,11.0958,58.0879,3.35581
1.51039,510.227,12.3519,61.8091,4.11482
1.14069,594.072,14.1768,71.1324,4.06102
-3.29398,591.837,11.856,61.5004,3.48867
-3.23749,511.405,10.268,53.2397,3.4952
-0.687126,582.094,12.9328,65.7725,3.80967
-3.85069,597.819,11.711,61.0104,3.42517
-4.54341,512.389,9.76073,51.1257,3.34844
0.459119,507.419,11.7918,59.4618,3.96452
-4.42854,516.479,9.88446,51.7273,3.361
1.16057,537.098,12.8271,64.3509,4.06389
0.331059,577.071,13.3435,67.3502,3.94677
-1.15402,559.707,12.2087,62.3072,3.74912
-3.26821,559.798,11.2258,58.2196,3.49165
0.707769,595.328,13.9695,70.3146,3.99933
-4.85987,581.906,10.9438,57.4651,3.3142
-1.67134,557.793,11.9205,61.0741,3.68365
-0.209993,562.155,12.7262,64.492,3.87303
-3.83982,599.98,11.7585,61.2526,3.4264
-0.417144,538.23,12.0859,61.3416,3.84533
1.13693,560.473,13.3731,67.1015,4.06048
-0.405901,566.611,12.7288,64.5993,3.84683
-4.53496,569.575,10.8538,56.8473,3.34937
0.26174,540.633,12.4671,62.9589,3.93721
1.65757,507.637,12.3594,61.7808,4.13653
-1.10755,542.472,11.8545,60.4784,3.75508
-1.33095,538.565,11.6657,59.6153,3.72654
0.298691,524.239,12.1065,61.1214,3.9423
-1.41964,524.454,11.3203,57.8888,3.71529
-4.81808,555.678,10.4683,54.9499,3.31869
-0.716782,590.677,13.1082,66.6793,3.80578
-3.69603,570.971,11.2549,58.5638,3.44265
-4.98936,587.009,10.9819,57.724,3.30033
-0.564733,511.07,11.4097,57.9731,3.82578
1.64156,553.342,13.4639,67.3093,4.13416
-3.20612,598.192,12.0256,62.3378,3.49884
-2.52761,559.375,11.5543,59.5842,3.57886
-1.10985,587.79,12.8436,65.5259,3.75478
-3.61273,528.336,10.4494,54.3374,3.45211
-0.204774,565.263,12.7991,64.8593,3.87373
0.213856,594.033,13.6729,69.0726,3.93062
1.19157,558.511,13.3545,66.9819,4.06836
-3.0335,596.943,12.0837,62.556,3.51895
-1.08707,574.29,12.56,64.0676,3.75771
-0.478109,569.843,12.7652,64.8186,3.83724
-4.2347,556.545,10.735,56.0931,3.38233
-0.752865,559.67,12.4025,63.1064,3.80106
-1.73278,507.694,10.8235,55.4792,3.67598
-3.74708,551.994,10.8585,56.5236,3.43687
1.31647,549.811,13.2104,66.1987,4.08647
-0.605022,591.096,13.1753,66.9648,3.82046
-4.04052,596.642,11.5989,60.5157,3.4039
-0.923378,540.257,11.8922,60.5868,3.77885
-3.88795,516.397,10.1008,52.6371,3.42098
-1.92506,544.967,11.5298,59.1858,3.65214
-4.16425,556.837,10.7712,56.2515,3.39014
-1.83093,525.152,11.1522,57.2065,3.66378
-2.49278,523.646,10.8314,55.8411,3.58303
-0.942015,592.248,13.027,66.3779,3.77644
-4.91262,540.415,10.1418,53.2757,3.30854
-4.55414,512.114,9.75125,51.0804,3.34727
0.037632,508.696,11.6282,58.82,3.90653
-3.11114,529.051,10.6762,55.3023,3.50989
-2.00028,537.341,11.3346,58.2168,3.64287
-1.29681,592.956,12.8612,65.7078,3.73088
-0.980725,542.08,11.9053,60.6801,3.77143
-1.86094,585.247,12.4136,63.6914,3.66006
-1.68407,559.227,11.9452,61.2061,3.68206
0.768431,597.72,14.0588,70.7327,4.00789
-0.791866,514.581,11.3858,57.9502,3.79596
0.467556,552.743,12.8492,64.7904,3.96569
1.37978,586.899,14.1362,70.8053,4.09569
-0.53297,533.116,11.9167,60.5351,3.82997
-0.28578,572.024,12.9112,65.4662,3.86286
-3.61362,526.241,10.4076,54.1204,3.45201
-0.324202,566.265,12.7619,64.7279,3.85773
-0.836009,582.844,12.8738,65.5453,3.79021
0.399816,572.008,13.262,66.9048,3.95628
-1.15215,593.929,12.9561,66.1208,3.74936
-3.36609,599.905,11.9829,62.1934,3.48035
-3.08566,526.957,10.6448,55.1289,3.51286
-0.0374551,583.296,13.2944,67.2852,3.89632
1.24851,518.747,12.4312,62.3248,4.0766
1.42299,560.715,13.5282,67.7386,4.10201
-3.89013,561.57,10.9834,57.2376,3.42074
-2.45566,587.811,12.1766,62.7586,3.58749
0.895453,502.169,11.8699,59.6645,4.0259
1.85787,569.122,13.9642,69.7013,4.16636
0.617304,599.952,14.0284,70.6582,3.98661
-0.0673002,593.211,13.5046,68.3642,3.89228
-0.916254,533.394,11.7444,59.8308,3.77978
1.19492,545.703,13.05,65.4527,4.06885
-2.43477,559.451,11.5988,59.7709,3.59001
-2.77834,556.927,11.3893,58.8456,3.54898
-1.1683,541.648,11.8081,60.2693,3.74729
1.08127,588.184,14.0039,70.2955,4.05247
-0.687576,589.015,13.0864,66.5536,3.80961
-1.14767,507.982,11.0832,56.5606,3.74993
-1.81737,580.487,12.3339,63.2618,3.66546
-3.79455,584.616,11.4782,59.7719,3.4315
0.437034,552.663,12.8321,64.7185,3.96145
-4.13738,590.922,11.4429,59.7469,3.39312
1.13457,506.673,12.0883,60.6558,4.06014
-1.21069,595.449,12.9593,66.1661,3.74186
0.85865,503.633,11.8875,59.7688,4.02067
0.924509,578.481,13.6892,68.7945,4.03004
-0.263448,505.587,11.4216,57.9038,3.86586
-4.39178,541.072,10.3705,54.2552,3.36503
-3.37384,513.187,10.2476,53.1898,3.47946
-3.68417,541.517,10.6794,55.5641,3.44399
-1.01316,532.979,11.6905,59.5995,3.76724
-1.13536,526.793,11.4992,58.6782,3.75151
-0.577713,521.449,11.6354,59.126,3.82406
-2.14717,504.141,10.5724,54.3625,3.62488
-4.08855,503.352,9.76638,50.9739,3.39855
1.05697,504.303,11.9955,60.2244,4.04898
1.57382,565.241,13.7174,68.6104,4.12416
-2.35057,555.965,11.5652,59.5598,3.60017
0.22527,571.581,13.162,66.486,3.93219
-2.40548,546.85,11.3508,58.4798,3.59354
-1.78543,536.783,11.4198,58.559,3.66943
1.95261,500.979,12.3373,61.5386,4.18057
-4.43306,542.225,10.3753,54.2978,3.3605
1.67826,566.598,13.806,69.0014,4.1396
1.59867,544.166,13.2186,66.104,4.12782
-0.492558,528.254,11.8268,60.0603,3.83532
-3.77305,552.412,10.8553,56.5187,3.43393
-4.85361,561.713,10.5667,55.4823,3.31487
-3.82292,526.271,10.3209,53.757,3.4283
1.13275,524.737,12.5183,62.8147,4.05988
-0.330795,526.815,11.8697,60.2059,3.85684
-4.71367,521.566,9.8673,51.7529,3.32996
-0.424062,548.385,12.3106,62.4853,3.84441
0.232589,595.894,13.7258,69.3302,3.93319
-4.62674,552.887,10.4967,55.0167,3.33938
1.19263,580.688,13.8854,69.6438,4.06851
-0.23283,518.065,11.7175,59.3907,3.86996
-1.14736,588.074,12.8309,65.4791,3.74997
0.977752,512.733,12.1585,61.0782,4.03764
-0.659037,557.927,12.4096,63.0984,3.81336
-1.83073,586.203,12.4488,63.8574,3.66381
-0.18553,563.033,12.7583,64.6429,3.87632
-3.45324,586.998,11.6842,60.6837,3.47033
-4.34355,518.326,9.95395,52.0563,3.37033
-1.34949,586.743,12.7,64.9098,3.72418
-1.4225,521.561,11.2566,57.5642,3.71493
1.62263,545.956,13.2744,66.3714,4.13136
-0.976524,509.419,11.1899,57.0317,3.77197
0.354291,528.38,12.2287,61.7128,3.94998
-0.912629,560.857,12.3508,62.9186,3.78025
-2.09318,586.126,12.3181,63.313,3.63148
-3.55218,556.805,11.0393,57.378,3.45901
-0.150707,594.653,13.4932,68.349,3.88101
-0.414221,540.966,12.1487,61.6592,3.84572
-4.61167,561.994,10.6762,55.9505,3.34101
-4.57277,567.99,10.8071,56.6193,3.34525
-3.40845,599.291,11.9503,62.0445,3.47547
-1.04392,567.999,12.4435,63.4532,3.76327
-4.14914,520.847,10.0812,52.6417,3.39181
-0.474411,539.228,12.0811,61.3435,3.83773
-0.509615,515.478,11.533,58.5759,3.83306
-4.39112,597.025,11.4432,59.8672,3.3651
0.142092,512.492,11.763,59.4557,3.92078
-3.98322,523.39,10.1984,53.185,3.4103
-1.09471,515.017,11.2602,57.4411,3.75673
-2.03014,531.727,11.2029,57.5533,3.6392
1.98076,570.564,14.0662,70.1482,4.18481
-3.85042,575.865,11.281,58.7704,3.42521
-2.88517,593.407,12.0836,62.4843,3.53637
1.33922,589.498,14.1765,71.0281,4.08978
-4.70711,537.119,10.1643,53.3077,3.33067
-4.45604,594.726,11.3693,59.5105,3.35799
-2.29738,597.398,12.4534,64.108,3.6066
-0.103355,534.649,12.1542,61.5447,3.8874
-3.51,592.123,11.7594,61.101,3.46383
-3.8222,549.861,10.7839,56.168,3.42838
0.0759468,597.261,13.6732,69.1448,3.91175
-4.38216,583.173,11.1818,58.4953,3.36609
-1.43219,579.746,12.5076,63.9661,3.7137
-4.02654,583.571,11.3512,59.2169,3.40546
-3.71631,535.181,10.5408,54.8568,3.44035
-3.9016,533.853,10.4365,54.3923,3.41945
-2.92844,525.178,10.6758,55.2226,3.53127
-1.84711,577.989,12.2664,62.9295,3.66178
0.218544,574.809,13.2328,66.8472,3.93126
-2.61959,588.079,12.1028,62.4563,3.56786
-2.03751,530.912,11.1824,57.4515,3.6383
-0.637132,517.845,11.528,58.6062,3.81624
-1.83987,531.184,11.2763,57.847,3.66267
-0.333828,500.227,11.2694,57.1619,3.85644
-3.47148,595.42,11.8431,61.5179,3.46824
-2.70322,578.908,11.8743,61.3166,3.5579
-3.60348,573.928,11.3553,59.0442,3.45316
-0.927395,543.377,11.959,60.929,3.77833
-3.55695,544.217,10.7876,56.0721,3.45847
1.75103,549.076,13.4168,67.0208,4.15041
-2.63557,509.503,10.479,54.0834,3.56595
0.189283,522.316,12.0106,60.6862,3.92725
-3.37521,525.599,10.4948,54.4739,3.4793
0.427856,513.568,11.9201,60.1228,3.96018
0.193971,555.319,12.7719,64.5304,3.92789
-2.34492,524.687,10.917,56.2191,3.60085
-0.51239,546.11,12.217,62.0512,3.8327
-2.70098,544.146,11.1623,57.6389,3.55816
0.71003,558.803,13.1135,66.0053,3.99965
-0.239907,518.135,11.7159,59.3853,3.86901
-0.887109,575.964,12.6963,64.6661,3.78356
-1.94661,500.743,10.5851,54.3453,3.64948
-4.52787,532.059,10.1418,53.1153,3.35014
0.851391,584.393,13.7898,69.3372,4.01964
-0.862652,519.842,11.4702,58.4105,3.78674
-0.380597,517.435,11.6356,59.0403,3.8502
-0.245304,531.946,12.0256,60.9578,3.86829
-4.60965,541.607,10.2897,53.9244,3.34123
1.91416,523.428,12.871,64.2185,4.1748
0.556181,548.101,12.7855,64.4269,3.97805
0.913354,529.754,12.5307,62.9776,4.02845
-1.69189,522.7,11.1615,57.194,3.68108
-3.19102,556.962,11.2035,58.0697,3.50059
-4.80924,569.744,10.7371,56.3572,3.31964
-3.09307,508.991,10.2788,53.2365,3.51199
-1.45951,542.498,11.6913,59.8041,3.71025
-3.74031,518.25,10.1974,53.0799,3.43763
-2.09471,522.028,10.9703,56.3864,3.63129
-1.51883,515.243,11.0779,56.6916,3.70277
-1.27294,579.793,12.5876,64.2982,3.73392
-3.71321,570.166,11.2312,58.4487,3.4407
0.887396,556.113,13.1409,66.057,4.02476
-3.27125,577.361,11.5766,60.0404,3.49129
-0.238868,549.462,12.4247,62.978,3.86915
-2.07541,510.537,10.7371,55.1794,3.63365
-4.70656,519.232,9.82597,51.5333,3.33073
-3.4286,504.73,10.0566,52.2205,3.47316
-1.47487,567.959,12.2326,62.58,3.70831
-0.171111,577.864,13.1017,66.3761,3.87826
-0.261724,547.489,12.369,62.7062,3.86609
-1.6295,537.447,11.5048,58.9254,3.68888
1.62643,558.671,13.5856,67.9253,4.13192
-2.13471,535.02,11.2255,57.7154,3.6264
-2.48299,538.378,11.1404,57.4302,3.58421
0.72405,504.334,11.8418,59.598,4.00162
0.963131,500.099,11.8522,59.5457,4.03555
-3.1003,579.907,11.7075,60.6396,3.51115
-1.48223,500.643,10.7796,55.1499,3.70739
-4.06553,595.922,11.5732,60.3935,3.40111
-0.574439,503.606,11.2387,57.1087,3.8245
-4.04329,545.54,10.6043,55.3276,3.40359
1.09342,566.881,13.5031,67.7755,4.05421
-0.0728513,514.123,11.7015,59.2393,3.89153
-2.84391,505.155,10.3035,53.2625,3.54123
-0.831064,539.948,11.9287,60.7309,3.79085
-4.33903,582.469,11.1878,58.5068,3.37083
0.780033,548.353,12.9035,64.9145,4.00953
-1.49063,537.73,11.5743,59.2193,3.70633
-1.62107,531.805,11.3878,58.3225,3.68993
0.574335,519.479,12.1264,61.0976,3.98059
1.32468,547.819,13.1668,65.9759,4.08766
-3.06266,597.599,12.0829,62.5657,3.51554
-0.170765,583.584,13.2316,67.0339,3.87831
-1.31355,564.927,12.2452,62.5682,3.72875
-0.697173,578.427,12.8463,65.3373,3.80835
-4.78385,582.809,10.9946,57.6974,3.32238
-1.79373,598.057,12.7192,65.2261,3.6684
0.481217,549.122,12.7719,64.3939,3.9676
0.0316656,579.645,13.247,67.011,3.90571
1.69151,522.173,12.7301,63.6178,4.14156
0.669212,512.413,12.0058,60.4477,3.9939
-3.0584,526.367,10.6444,55.1157,3.51604
-0.258784,578.24,13.0653,66.2344,3.86648
-1.06686,556.636,12.1836,62.1383,3.76031
0.838541,539.532,12.7248,63.9885,4.01782
0.871743,530.073,12.5179,62.9327,4.02253
-0.493428,595.937,13.3416,67.7537,3.83521
-3.40734,538.6,10.7406,55.7632,3.4756
-3.90527,557.645,10.9,56.8096,3.41904
-3.00345,558.71,11.3234,58.6063,3.52247
0.669355,559.57,13.1108,66.011,3.99392
-3.28254,508.574,10.1927,52.8678,3.48999
-3.79337,563.616,11.0665,57.627,3.43163
-2.31329,567.329,11.8191,60.8501,3.60468
-1.02499,521.957,11.4434,58.345,3.76571
0.244845,566.985,13.0662,65.9924,3.93488
-4.89395,585.872,11.0032,57.7924,3.31054
-0.0629548,544.357,12.3945,62.7427,3.89287
-2.07283,576.407,12.1236,62.3039,3.63397
0.714302,565.137,13.2644,66.7625,4.00025
-3.56554,524.31,10.3894,54.0061,3.45749
0.327407,571.508,13.213,66.6932,3.94626
0.69535,528.897,12.4046,62.4439,3.99758
-0.646879,571.98,12.7283,64.7127,3.81495
0.566151,555.846,12.9712,65.3579,3.97945
0.694681,514.92,12.0765,60.7925,3.99749
-4.89149,515.316,9.67904,50.8365,3.3108
1.27133,597.628,14.3342,71.8536,4.07991
-4.35737,531.54,10.202,53.3593,3.36881
-3.92327,548.139,10.7064,55.8086,3.41702
-3.20805,533.508,10.7244,55.5936,3.49862
-0.400557,537.007,12.0663,61.2346,3.84754
0.21507,567.156,13.0549,65.95,3.93079
0.421779,542.099,12.5793,63.4507,3.95933
-0.899297,554.173,12.2101,62.1953,3.78198
-4.24398,500.596,9.65218,50.4389,3.38131
1.38279,587.352,14.1488,70.8667,4.09613
0.0824035,594.846,13.6214,68.8792,3.91263
-1.13444,555.67,12.13,61.8966,3.75163
-3.74053,570.4,11.2235,58.4208,3.43761
-2.52745,541.121,11.1774,57.6401,3.57888
0.337505,522.924,12.0945,61.0431,3.94766
-0.167004,529.542,12.0081,60.8336,3.87882
-3.70496,561.246,11.0592,57.5497,3.44163
-2.76778,537.196,10.9904,56.7801,3.55024
0.493368,566.356,13.179,66.4403,3.96929
-3.25519,553.404,11.1033,57.579,3.49315
1.15651,555.873,13.2734,66.5918,4.0633
-4.96779,581.204,10.8828,57.1936,3.30263
-2.73333,552.263,11.3142,58.4377,3.55432
1.57648,542.84,13.1751,65.8968,4.12455
-4.91751,519.93,9.75539,51.2481,3.30802
-4.2205,524.418,10.1211,52.8796,3.3839
-4.60785,548.445,10.4204,54.6084,3.34143
-0.203068,501.41,11.3541,57.5358,3.87396
-2.90164,587.121,11.9477,61.7895,3.53443
-1.63062,570.277,12.207,62.5226,3.68874
-2.60963,599.64,12.3456,63.7045,3.56905
0.423491,591.75,13.7324,69.266,3.95957
-3.65191,592.404,11.6981,60.8492,3.44765
-3.44773,584.663,11.6403,60.4531,3.47096
-3.31683,577.756,11.5633,59.9928,3.48603
-1.51801,566.713,12.1849,62.3565,3.70288
-2.06635,523.704,11.018,56.619,3.63476
-4.14398,590.013,11.4223,59.6422,3.39239
-4.82828,583.721,10.992,57.7039,3.3176
1.34225,525.683,12.6433,63.345,4.09022
-4.15129,535.714,10.368,54.1404,3.39157
-3.99857,537.816,10.473,54.6237,3.40859
0.188259,505.407,11.6214,58.7197,3.92711
1.59419,593.591,14.4167,72.0977,4.12716
0.569062,572.311,13.3569,67.3001,3.97986
-3.29418,501.838,10.053,52.1479,3.48864
-2.78084,564.714,11.5474,59.6637,3.54869
-3.51166,578.397,11.486,59.6814,3.46364
1.91909,579,14.2402,71.0476,4.17554
-0.634832,584.026,13.0025,66.1009,3.81654
-4.84092,521.774,9.82045,51.5588,3.31624
-4.71479,555.707,10.5127,55.1386,3.32984
-0.560164,548.142,12.2395,62.1873,3.82638
-3.16405,585.899,11.7983,61.14,3.50373
-4.81268,576.966,10.8717,57.0652,3.31927
1.74506,552.116,13.488,67.3792,4.14952
-0.278722,563.517,12.7227,64.5071,3.86381
1.81954,553.199,13.5534,67.6697,4.16062
-0.292544,519.116,11.7139,59.3983,3.86196
-1.61374,595.527,12.756,65.3263,3.69085
-3.16462,511.945,10.3089,53.4217,3.50366
1.08879,503.007,11.9795,60.13,4.05355
-4.46245,544.305,10.4027,54.4538,3.35728
-0.00925531,582.434,13.2894,67.2461,3.90015
-3.33765,570.671,11.412,59.2172,3.48362
-4.99094,551.058,10.3087,54.186,3.30016
-0.959289,542.618,11.9272,60.7819,3.7742
-0.304719,596.132,13.4453,68.1841,3.86033
-3.88316,591.489,11.5719,60.3008,3.42152
-0.216653,588.691,13.3234,67.5219,3.87214
-4.41226,539.882,10.3391,54.0998,3.36278
-4.25525,556.33,10.7219,56.034,3.38006
-4.37063,545.384,10.4621,54.7254,3.36735
-3.09474,570.883,11.5279,59.7067,3.5118
-0.965756,590.808,12.9832,66.1663,3.77336
-2.20847,550.502,11.5165,59.2448,3.6174
-4.81194,525.368,9.89972,51.9631,3.31935
-0.0357703,575.14,13.1093,66.348,3.89655
-1.16171,520.661,11.3536,57.9464,3.74813
-2.94466,538.665,10.9428,56.6112,3.52937
-0.884951,588.341,12.9702,66.0602,3.78384
-2.65831,587.899,12.0804,62.3592,3.56324
-0.759719,578.377,12.8136,65.2014,3.80016
1.55063,560.577,13.592,67.9946,4.12074
-0.679059,521.349,11.5869,58.924,3.81073
1.39401,562.837,13.5642,67.9329,4.09777
-2.35643,541.756,11.267,58.0266,3.59946
-4.43003,555.698,10.6344,55.6524,3.36083
-4.49916,573.468,10.9438,57.3028,3.35327
-2.90454,546.391,11.1176,57.4976,3.53408
0.167916,574.316,13.1953,66.6827,3.92432
-3.43131,586.94,11.6933,60.7209,3.47285
-3.87674,549.765,10.7583,56.0588,3.42224
-4.3195,580.505,11.1589,58.3466,3.37298
-3.21592,547.553,11.0033,57.0427,3.4977
-2.48637,521.357,10.7868,55.6084,3.5838
1.37545,515.39,12.4117,62.1697,4.09506
-0.749888,584.049,12.9443,65.8615,3.80145
-3.38077,578.102,11.5406,59.9045,3.47866
-4.81662,503.87,9.49283,49.8292,3.31885
-2.60371,573.709,11.8145,60.9613,3.56975
-2.27085,501.062,10.4562,53.816,3.60982
-4.34515,592.208,11.372,59.4732,3.37015
-2.49104,501.397,10.3719,53.4714,3.58324
0.43854,513.678,11.9276,60.156,3.96166
-0.537927,552.734,12.3528,62.7527,3.82932
0.463959,563.918,13.1072,66.0928,3.96519
-0.338448,544.049,12.2543,62.1602,3.85582
-2.73466,524.897,10.753,55.5396,3.55416
0.0181576,534.632,12.2118,61.7807,3.90388
-2.60132,513.165,10.5687,54.5322,3.57004
-0.462019,569.484,12.7652,64.8109,3.83937
0.60951,508.719,11.8915,59.8986,3.98552
-1.39336,504.977,10.9112,55.7859,3.71862
-4.96589,573.846,10.7459,56.473,3.30284
-4.83354,514.664,9.68953,50.8684,3.31703
-1.35286,564.521,12.2174,62.4447,3.72375
-0.531547,524.522,11.7253,59.5619,3.83016
0.810178,511.304,12.0458,60.5864,4.0138
-4.30035,597.802,11.5002,60.1226,3.37509
1.35384,528.068,12.7064,63.6557,4.09191
-1.55375,580.314,12.4597,63.7799,3.69838
-4.47981,502.482,9.59666,50.2413,3.35539
0.760568,540.345,12.7054,63.9272,4.00678
-4.25868,523.484,10.0875,52.7198,3.37968
-4.01735,522.046,10.1582,52.9895,3.40649
-1.01959,560.34,12.2875,62.6463,3.76641
1.10953,595.191,14.1863,71.1964,4.05653
-3.98486,512.063,9.97701,52.0312,3.41012
0.0372988,543.475,12.4231,62.8408,3.90648
-4.89403,532.259,9.99624,52.5036,3.31053
-0.952991,504.48,11.0917,56.5212,3.77502
0.122476,574.934,13.1861,66.6583,3.9181
1.95235,569.984,14.0365,70.0144,4.18054
-1.64519,569.69,12.1874,62.429,3.68692
-2.1516,520.53,10.9141,56.1218,3.62434
-0.486764,537.033,12.0261,61.0697,3.83609
-2.94738,595.602,12.0982,62.5895,3.52905
0.856654,540.923,12.7667,64.1903,4.02039
1.51588,537.936,13.0254,65.177,4.11563
-4.68576,590.321,11.1807,58.6287,3.33298
-2.01576,505.609,10.6587,54.7516,3.64097
-0.07526,569.603,12.9631,65.6269,3.8912
-4.28306,582.65,11.2166,58.6318,3.37699
-1.68806,592.98,12.6641,64.892,3.68156
-0.861672,508.149,11.2126,57.0986,3.78687
-2.95059,556.755,11.3076,58.5011,3.52867
1.04468,585.201,13.9131,69.8583,4.04722
0.924985,560.031,13.2528,66.6014,4.03011
1.73967,564.542,13.7886,68.8839,4.14872
-4.26347,529.822,10.2077,53.3498,3.37916
-0.0628849,593.197,13.5066,68.3721,3.89288
-0.309768,554.416,12.5019,63.4026,3.85965
-1.50198,516.707,11.1168,56.8835,3.7049
-3.41404,585.858,11.6799,60.6429,3.47483
-2.1396,578.064,12.1263,62.349,3.6258
-1.48945,541.437,11.6546,59.6298,3.70648
-4.69649,577.918,10.941,57.3768,3.33182
-4.55375,543.848,10.3557,54.2464,3.34732
0.694376,565.88,13.2715,66.8082,3.99744
1.15627,518.44,12.3794,62.107,4.06327
-3.81897,531.324,10.4217,54.2801,3.42875
-2.60299,546.676,11.2581,58.0902,3.56984
-2.11932,502.006,10.5393,54.1809,3.62828
-0.638708,507.708,11.3017,57.4561,3.81603
-3.89604,587.555,11.4889,59.8746,3.42007
-0.789964,545.609,12.0733,61.4482,3.79621
1.25834,506.209,12.1354,60.8374,4.07803
1.13101,558.083,13.313,66.8028,4.05962
-3.04325,597.301,12.0862,62.5738,3.51781
-2.62343,541.313,11.1386,57.4824,3.5674
0.233235,576.988,13.2906,67.1319,3.93328
-2.82624,547.426,11.1735,57.7523,3.54332
-0.538954,585.95,13.0946,66.5217,3.82918
0.361435,572.915,13.2631,66.9295,3.95097
-3.53356,547.898,10.8708,56.4942,3.46114
0.653244,594.706,13.9252,70.1201,3.99166
-0.593805,580.804,12.9516,65.8223,3.82194
-4.76012,541.623,10.2275,53.6617,3.32494
-0.291912,567.752,12.8116,64.9646,3.86204
-3.79975,574.307,11.2735,58.708,3.43092
1.01607,599.496,14.2371,71.5001,4.04312
-1.08769,597.498,13.0672,66.6554,3.75763
-2.1681,546.266,11.4462,58.8653,3.62232
-3.39884,519.406,10.3614,53.7908,3.47658
-3.36443,522.956,10.4466,54.2189,3.48054
0.102639,529.157,12.1268,61.3123,3.91539
-0.0463725,585.492,13.3397,67.5194,3.89512
1.29404,555.024,13.3241,66.7792,4.08321
-0.267931,519.943,11.7438,59.5394,3.86526
-4.33184,554.293,10.6497,55.6897,3.37162
-0.132838,592.505,13.4539,68.1407,3.88342
-2.87894,550.311,11.2088,57.958,3.5371
0.0769733,594.503,13.6106,68.8277,3.91189
-4.09627,550.586,10.6795,55.7432,3.39769
-1.66051,517.483,11.0638,56.6801,3.685
0.775381,527.661,12.4143,62.4558,4.00887
-0.946796,561.938,12.358,62.9711,3.77582
-3.17968,545.631,10.9806,56.9091,3.50191
-2.06834,542.363,11.4096,58.6325,3.63452
0.823542,548.564,12.9303,65.0289,4.01569
0.0686393,553.44,12.6664,64.0567,3.91075
-4.54107,579.243,11.0353,57.8007,3.3487
1.04271,595.654,14.1605,71.1017,4.04693
-3.28,505.329,10.1287,52.5348,3.49028
-3.75587,506.735,9.96464,51.8744,3.43587
-0.0659034,544.136,12.388,62.7113,3.89247
-0.420986,528.323,11.8616,60.2052,3.84482
1.59719,521.981,12.679,63.406,4.1276
-2.8803,591.332,12.0437,62.2755,3.53694
-1.81054,561.392,11.9314,61.1943,3.66631
-0.203268,589.419,13.3469,67.6342,3.87394
-1.36683,558.055,12.0708,61.7018,3.72198
1.78012,505.759,12.3723,61.79,4.15474
-3.00862,576.011,11.6716,60.411,3.52186
-4.97793,588.229,11.0099,57.8657,3.30155
-0.334581,564.001,12.7057,64.4478,3.85634
0.29474,500.146,11.5484,58.3051,3.94175
-1.88783,542.637,11.4975,59.0033,3.65674
0.543207,597.376,13.9279,70.1901,3.97624
0.861968,559.854,13.2162,66.4479,4.02114
0.470359,599.252,13.9319,70.2483,3.96608
0.601401,502.338,11.7387,59.1321,3.98438
-0.671603,577.582,12.8405,65.2951,3.81171
-3.42718,589.396,11.7442,60.983,3.47332
-2.18349,522.364,10.9387,56.2618,3.62045
1.73169,514.517,12.5629,62.7643,4.14753
1.80356,583.052,14.276,71.2856,4.15824
0.894888,509.518,12.0434,60.5365,4.02582
-0.718293,576.207,12.7864,65.0427,3.80558
-1.8681,526.193,11.1578,57.2515,3.65918
-1.0162,535.643,11.7475,59.8916,3.76684
-3.58763,545.824,10.8061,56.1818,3.45497
-4.29424,532.698,10.2503,53.5856,3.37576
-1.05211,576.54,12.6266,64.3905,3.76221
0.613471,512.22,11.9752,60.3185,3.98608
-0.391336,531.678,11.9509,60.6447,3.84877
-1.15372,580.45,12.6613,64.617,3.74916
-4.4662,530.93,10.1456,53.1093,3.35687
-0.275333,519.22,11.7241,59.4427,3.86426
0.605151,570.474,13.3328,67.1606,3.98491
-1.51297,542.156,11.6593,59.664,3.70351
-2.84431,565.172,11.5274,59.5897,3.54118
-1.38516,551.486,11.92,60.9398,3.71966
1.06885,578.609,13.7693,69.1241,4.05068
-3.99584,580.932,11.3138,59.0079,3.40889
0.469676,506.544,11.7763,59.3792,3.96599
1.35012,569.436,13.6998,68.6343,4.09137
0.93476,531.135,12.5738,63.1844,4.0315
-3.83219,543.985,10.6643,55.5498,3.42726
-3.78992,587.991,11.5467,60.126,3.43202
1.66158,550.641,13.4085,67.023,4.13713
-0.306951,579.166,13.0615,66.2389,3.86003
1.29981,572.98,13.7582,68.9521,4.08405
-1.60069,584.073,12.5171,64.0965,3.69249
-4.58334,509.803,9.69579,50.8014,3.3441
1.02698,535.259,12.717,63.8608,4.04468
-2.80996,579.199,11.8298,61.1365,3.54524
-1.79982,511.987,10.886,55.8281,3.66764
-2.60503,579.559,11.9344,61.5803,3.56959
1.64707,554.806,13.5024,67.4991,4.13498
-0.455229,551.798,12.372,62.8118,3.84027
1.01298,591.972,14.0567,70.5959,4.04268
-2.46825,553.498,11.46,59.0711,3.58598
-1.5257,570.012,12.2521,62.704,3.70191
-1.00836,555.391,12.1844,62.1152,3.76786
-2.7626,500.233,10.2363,52.8822,3.55085
-0.805573,537.888,11.8951,60.5485,3.79417
-2.47478,524.219,10.851,55.9346,3.5852
-2.9251,554.702,11.2774,58.3334,3.53167
-0.443187,553.705,12.4207,63.0529,3.84187
0.856143,595.428,14.0528,70.6571,4.02032
-1.70421,506.338,10.8068,55.3818,3.67954
0.777274,513.506,12.0822,60.7841,4.00914
1.67463,551.482,13.4358,67.1529,4.13906
1.69215,588.354,14.3438,71.6823,4.14166
-3.29466,567.749,11.3732,58.9961,3.48859
-3.61215,502.028,9.92928,51.6327,3.45218
1.26235,550.681,13.2036,66.1904,4.07861
1.29917,520.085,12.4878,62.5854,4.08395
-3.08196,540.298,10.9159,56.5313,3.51329
-1.15924,518.694,11.3118,57.7319,3.74845
1.9645,504.787,12.4368,62.0296,4.18236
1.0253,530.241,12.5969,63.2588,4.04444
1.26447,539.161,12.9284,64.8101,4.07892
-4.58135,516.795,9.82956,51.5015,3.34431
0.128693,525.96,12.0658,60.9922,3.91895
-0.462358,561.646,12.5893,63.9183,3.83933
-0.540227,525.831,11.7505,59.694,3.82901
1.32713,598.785,14.3931,72.1195,4.08802
-0.311794,532.209,12.0002,60.8591,3.85938
-0.46028,507.247,11.3709,57.7312,3.8396
0.656474,514.334,12.0448,60.6499,3.99211
-3.76212,538.134,10.5794,55.0775,3.43517
1.35469,582.368,14.0135,70.2032,4.09203
0.434042,530.653,12.3196,62.1351,3.96103
-1.36079,524.993,11.3583,58.0576,3.72275
1.29166,525.628,12.6172,63.2376,4.08286
-4.25141,547.424,10.5519,55.1438,3.38049
-4.17751,542.96,10.4972,54.826,3.38867
1.62596,516.593,12.5621,62.8083,4.13185
-4.94665,566.674,10.6199,55.8023,3.3049
-1.54319,566.918,12.1772,62.3288,3.69971
-3.90759,548.361,10.7175,55.8596,3.41878
-0.774899,515.826,11.421,58.1219,3.79818
-1.96203,582.349,12.3026,63.1706,3.64758
0.990213,511.044,12.1243,60.9009,4.03942
-2.38558,546.23,11.3469,58.4509,3.59594
-3.99946,599.823,11.68,60.9196,3.40849
1.60377,571.345,13.8816,69.4166,4.12858
-4.17653,580.104,11.2157,58.5785,3.38877
1.52983,501.184,12.1421,60.7508,4.11768
-0.532312,546.287,12.2114,62.0319,3.83006
-4.45993,588.81,11.2544,58.9111,3.35756
1.2504,565.597,13.5549,67.9576,4.07688
-4.15635,526.722,10.1919,53.2229,3.39101
-4.79928,508.555,9.58784,50.321,3.32072
0.816945,529.883,12.4868,62.8012,4.01476
-2.85053,579.395,11.8146,61.0772,3.54045
-0.559021,566.76,12.6558,64.302,3.82653
-2.36613,589.902,12.2636,63.1636,3.59829
-4.05389,560.261,10.8858,56.801,3.40241
-2.52813,562.591,11.6205,59.9258,3.57879
-3.01656,504.81,10.2256,52.93,3.52093
-2.66614,538.537,11.0626,57.1089,3.56231
-1.73312,570.774,12.1681,62.3716,3.67594
-0.958289,542.329,11.9213,60.7514,3.77433
-1.95279,567.841,12.0006,61.6151,3.64872
-0.678089,562.473,12.5014,63.5739,3.81085
-0.0488892,504.196,11.4864,58.1396,3.89477
1.84506,575.463,14.1128,70.4495,4.16444
0.663461,597.123,13.9874,70.4278,3.99309
-1.7048,530.382,11.3197,58.0105,3.67947
-3.52149,563.248,11.1808,58.0998,3.46252
-4.47953,512.306,9.7844,51.224,3.35542
1.8542,537.645,13.19,65.8386,4.16581
-0.100356,580.937,13.208,66.8793,3.88781
-3.42808,506.807,10.0982,52.4363,3.47322
-1.23471,583.224,12.6812,64.7579,3.73879
-1.20047,563.452,12.2679,62.631,3.74317
-2.00697,523.279,11.035,56.6812,3.64205
-1.94923,504.156,10.6562,54.7111,3.64916
1.67855,536.609,13.0754,65.35,4.13964
0.560248,574.38,13.4006,67.5245,3.97862
-1.78389,564.849,12.0176,61.6238,3.66962
0.424452,571.828,13.2706,66.9361,3.9597
1.37389,502.476,12.1,60.6091,4.09483
-4.2752,514.456,9.90692,51.7827,3.37786
-4.36532,508.858,9.76351,51.069,3.36793
-0.46339,566.732,12.7028,64.4949,3.83919
1.21114,549,13.1371,65.8819,4.07119
-0.188681,506.56,11.4772,58.1534,3.8759
-3.93683,575.26,11.23,58.544,3.4155
-1.27114,584.537,12.6915,64.828,3.73415
-3.1428,527.144,10.6242,55.0466,3.5062
-0.599527,566.757,12.6356,64.2187,3.82119
-4.84799,521.884,9.81972,51.5578,3.31548
-4.27566,501.067,9.64892,50.4343,3.37781
-2.04812,586.064,12.3389,63.398,3.637
-0.848622,509.336,11.2446,57.2557,3.78856
-4.09396,506.941,9.83386,51.3282,3.39795
-4.32507,508.16,9.766,51.066,3.37236
1.05711,537.647,12.7887,64.2067,4.049
-4.30751,524.824,10.0934,52.7708,3.3743
-3.86794,528.103,10.3381,53.8653,3.42323
-1.21603,594.775,12.9419,66.0799,3.74118
0.990658,579.645,13.7521,69.0771,4.03948
-4.71062,538.182,10.1829,53.407,3.33029
-1.05053,533.502,11.6847,59.5869,3.76242
1.99617,590.497,14.5663,72.6341,4.18714
-0.657295,516.693,11.4933,58.4382,3.81359
-4.69952,583.859,11.0521,57.9608,3.33149
-3.16873,537.112,10.8139,56.0404,3.50318
-1.20998,564.393,12.2838,62.7166,3.74195
-0.68533,530.988,11.7982,60.0014,3.8099
-4.50598,500.628,9.55115,50.0133,3.35253
-4.05809,587.885,11.4206,59.5935,3.40194
0.951917,573.501,13.5858,68.2614,4.03395
-2.87828,503.304,10.2516,53.0084,3.53718
-3.50382,533.995,10.6076,55.1138,3.46454
1.1945,537.903,12.8633,64.5164,4.06878
1.93505,576.248,14.1813,70.7454,4.17793
-4.87512,587.713,11.0462,58.0096,3.31256
-4.53206,559.912,10.6709,55.8882,3.34968
1.22606,563.834,13.4999,67.6939,4.07335
-4.29232,520.946,10.025,52.4068,3.37597
-4.39459,564.422,10.8168,56.5915,3.36472
-2.41729,598.988,12.4271,64.0309,3.59211
1.85015,582.307,14.2835,71.2988,4.1652
0.260125,565.401,13.0374,65.8399,3.93698
0.355433,576.668,13.3469,67.3551,3.95014
-2.89414,542.116,11.0352,57.0669,3.53531
1.2172,597.979,14.3125,71.7733,4.07207
1.89683,546.478,13.4288,67.0101,4.1722
-1.48841,567.416,12.2144,62.4931,3.70661
1.89,590.604,14.5093,72.4053,4.17117
-1.05074,584.091,12.7926,65.2367,3.76239
-1.5599,518.348,11.1266,56.9583,3.69761
1.80972,583.405,14.288,71.3425,4.15916
-2.84472,539.061,10.9947,56.836,3.54114
-3.19943,559.932,11.2595,58.3634,3.49962
0.0815629,564.237,12.92,65.3332,3.91251
-3.63799,589.058,11.6385,60.5329,3.44924
-2.38234,577.735,12.0029,61.8286,3.59633
-3.9085,599.981,11.726,61.1161,3.41868
-4.43237,569.89,10.905,57.0694,3.36058
0.464751,527.529,12.2618,61.8295,3.9653
0.110667,521.633,11.9581,60.4559,3.91649
-1.85207,505.485,10.7255,55.0268,3.66116
-4.9071,532.319,9.99208,52.4871,3.30913
1.41394,508.668,12.2682,61.4333,4.10068
-0.237631,523.59,11.8403,60.0149,3.86932
-3.92913,590.303,11.5273,60.09,3.41636
-0.0760964,509.548,11.5959,58.7061,3.89109
0.434795,577.69,13.412,67.6444,3.96114
0.673259,534.212,12.5185,63.0273,3.99447
-0.227106,523.681,11.8472,60.0454,3.87073
0.600818,538.399,12.5811,63.3759,3.9843
1.4497,527.61,12.7427,63.7929,4.10592
-2.98764,525.569,10.6584,55.1581,3.52432
-4.00093,501.544,9.76573,50.9357,3.40832
0.358923,593.366,13.7352,69.3131,3.95062
-2.04698,559.147,11.7727,60.4885,3.63714
-1.16214,528.033,11.5141,58.766,3.74808
0.117742,594.484,13.6319,68.9146,3.91745
-3.54934,540.095,10.7092,55.6612,3.45934
-3.94964,520.552,10.1568,52.9544,3.41406
1.04888,553.254,13.1557,66.0534,4.04782
1.93957,578.16,14.2308,70.9902,4.17861
-3.02156,577.298,11.6916,60.5207,3.52035
-0.354413,533.685,12.0134,60.9452,3.85369
1.77041,598.956,14.6466,73.1538,4.15329
-1.28205,563.48,12.229,62.4709,3.73276
-4.51505,590.584,11.2632,58.9824,3.35154
-1.87543,590.578,12.5195,64.2417,3.65827
-2.11351,529.283,11.1145,57.1355,3.62899
-2.73948,587.151,12.026,62.117,3.55359
-2.69931,503.104,10.3211,53.2944,3.55836
1.84716,507.077,12.4367,62.0817,4.16475
0.0144136,564.753,12.8979,65.2536,3.90337
-4.04132,511.689,9.94706,51.8978,3.40381
-4.72925,505.959,9.56599,50.1788,3.32827
1.35266,554.35,13.3382,66.8214,4.09174
-2.12521,519.876,10.9119,56.0989,3.62756
0.245507,522.734,12.0467,60.8432,3.93497
-4.68912,576.185,10.9115,57.2184,3.33261
1.19782,503.227,12.0356,60.3636,4.06926
-4.6343,513.964,9.75479,51.131,3.33856
1.33596,524.702,12.6167,63.2143,4.0893
-2.51934,506.637,10.4684,53.981,3.57985
-4.92118,542.019,10.1683,53.4189,3.30762
-3.33327,542.745,10.8554,56.3273,3.48413
0.208607,509.181,11.7174,59.1964,3.9299
-0.446914,540.884,12.1313,61.5857,3.84138
-1.44224,569.075,12.2725,62.7686,3.71243
-4.23413,598.459,11.5437,60.3187,3.3824
-0.675139,503.674,11.1958,56.9334,3.81124
-2.13847,553.03,11.6016,59.651,3.62594
0.532742,509.431,11.8726,59.837,3.97478
0.685732,518.292,12.1514,61.1732,3.99623
0.746625,567.255,13.3309,67.0812,4.00481
0.496319,560.96,13.0549,65.8135,3.9697
-0.681924,503.737,11.1942,56.9282,3.81035
0.647846,573.651,13.4294,67.6261,3.9909
-1.92584,579.653,12.2633,62.9513,3.65204
-1.31964,505.026,10.9441,55.923,3.72797
1.20026,547.265,13.0901,65.6512,4.06962
-2.59497,537.13,11.0651,57.0906,3.5708
-2.54798,502.554,10.3722,53.4966,3.57642
-3.98931,565.278,11.0119,57.4301,3.40962
-4.77413,522.032,9.85196,51.697,3.32343
1.70542,588.28,14.3494,71.7032,4.14363
-3.41802,537.385,10.7118,55.6182,3.47438
-4.81368,549.427,10.3524,54.3397,3.31917
-2.56802,548.436,11.3102,58.3429,3.57402
-1.65616,540.697,11.5621,59.2311,3.68554
-3.74278,521.293,10.2563,53.3873,3.43735
-2.09555,586.83,12.3317,63.3841,3.63119
-0.570872,515.785,11.5121,58.4965,3.82497
-3.7388,544.467,10.714,55.7679,3.4378
-1.00018,545.327,11.9675,61.0056,3.76891
0.184199,543.996,12.5067,63.1949,3.92655
-0.235215,599.196,13.5513,68.6864,3.86964
0.892508,580.731,13.7253,68.9923,4.02548
1.66088,583.73,14.2139,71.0489,4.13702
-2.06929,571.302,12.018,61.7591,3.6344
1.582,571.518,13.8741,69.3902,4.12536
-2.33219,539.694,11.2349,57.8508,3.60239
-3.28746,596.136,11.9452,61.9602,3.48942
-0.386869,513.064,11.5345,58.5298,3.84936
-1.34249,573.641,12.4198,63.4745,3.72507
-1.52064,537.777,11.5616,59.1677,3.70255
0.723818,546.944,12.8422,64.6328,4.00159
-4.68988,568.361,10.763,56.44,3.33253
-4.68246,577.947,10.9478,57.4059,3.33334
-4.45168,538.636,10.2989,53.9057,3.35846
-2.1174,592.172,12.4332,63.9163,3.62851
-1.66159,562.761,12.0314,61.6374,3.68486
-2.14381,523.571,10.9813,56.4638,3.62529
-4.41553,589.224,11.2826,59.0379,3.36242
-0.711501,589.848,13.0926,66.597,3.80647
1.13538,543.128,12.9584,65.0217,4.06025
-4.40551,595.868,11.4144,59.7231,3.36352
0.669828,567.891,13.306,66.9936,3.99399
-1.93755,591.133,12.5004,64.174,3.6506
0.54645,580.11,13.527,68.1683,3.9767
1.84264,544.796,13.3595,66.6901,4.16408
0.756343,527.963,12.4122,62.454,4.00618
-0.895623,548.559,12.0881,61.5725,3.78245
0.0911406,510.507,11.6941,59.1298,3.91382
0.397803,572.506,13.2725,66.9588,3.95601
-0.630456,546.929,12.1787,61.9109,3.81711
-1.1975,580.876,12.6487,64.574,3.74355
0.765055,549.222,12.9164,64.9866,4.00741
0.14063,527.573,12.1085,61.2025,3.92058
1.84436,589.264,14.4509,72.1375,4.16434
-2.98411,523.408,10.6161,54.9376,3.52474
1.47863,544.456,13.1643,65.8897,4.11016
-3.75842,502.021,9.87094,51.3876,3.43558
0.244648,501.737,11.5624,58.3977,3.93485
-3.43029,541.753,10.7935,56.0479,3.47297
-4.91624,516.264,9.68711,50.8889,3.30815
-0.160516,566.578,12.8512,65.1017,3.87969
-1.60663,538.633,11.5406,59.0987,3.69174
1.10269,589.942,14.0575,70.5533,4.05555
-1.89904,528.29,11.1886,57.4227,3.65535
-2.18833,560.403,11.733,60.3494,3.61986
-4.08359,566.024,10.9846,57.3298,3.3991
-2.73927,583.483,11.951,61.7294,3.55362
-3.48758,595.434,11.8358,61.4873,3.4664
0.656773,525.58,12.3083,61.9766,3.99215
1.27481,505.691,12.1307,60.8066,4.08042
-4.61315,519.422,9.86683,51.7097,3.34085
-0.972587,539.667,11.8562,60.4257,3.77248
1.7681,575.365,14.0685,70.2673,4.15295
-2.53694,511.489,10.5613,54.4671,3.57774
-4.00691,546.843,10.6452,55.5253,3.40765
-1.12266,551.094,12.0357,61.41,3.75314
-1.21306,550.012,11.9693,61.1125,3.74156
-1.83266,512.304,10.8786,55.8038,3.66357
-3.55156,513.125,10.1735,52.8779,3.45908
-0.661659,547.664,12.1801,61.9325,3.81301
0.106767,559.152,12.8162,64.7962,3.91595
0.746763,505.825,11.8873,59.8171,4.00483
-1.89799,545.477,11.553,59.2928,3.65548
1.3112,527.734,12.6774,63.5301,4.0857
-1.80799,543.113,11.5441,59.2066,3.66663
-3.7483,582.058,11.4493,59.5998,3.43673
-2.98289,519.225,10.5318,54.5008,3.52488
-1.20361,500.926,10.9052,55.6754,3.74277
-3.43551,567.599,11.3061,58.7119,3.47237
0.105257,504.102,11.5538,58.414,3.91575
-2.26838,564.789,11.7873,60.6653,3.61012
0.0287399,524.104,11.9763,60.5845,3.90532
-3.11635,584.854,11.7998,61.1251,3.50928
-1.47404,524.744,11.3022,57.8199,3.70842
-2.80197,568.099,11.6068,59.9803,3.54619
0.390878,551.409,12.7799,64.4773,3.95505
-3.36866,526.387,10.5133,54.5671,3.48005
-3.47412,570.798,11.3522,58.969,3.46794
-3.75309,557.101,10.9563,57.0354,3.43619
-0.21634,551.33,12.478,63.2373,3.87218
-4.58955,553.862,10.5311,55.1807,3.34342
-2.9623,597.244,12.1243,62.7318,3.5273
-1.37236,551.218,11.9203,60.9351,3.72128
-1.77998,579.954,12.3409,63.2797,3.67011
-1.04108,509.811,11.17,56.958,3.76364
1.62364,576.656,14.0214,70.1058,4.13151
-4.0951,540.374,10.4819,54.7114,3.39782
-3.4545,586.633,11.6763,60.6435,3.47019
0.690187,569.536,13.3551,67.2309,3.99685
1.59657,590.691,14.3476,71.7509,4.12751
-0.895379,537.333,11.8409,60.3129,3.78249
1.01928,577.386,13.7137,68.8701,4.04358
-3.92273,590.438,11.5329,60.1163,3.41708
-2.12778,503.936,10.5762,54.3743,3.62724
-2.12792,530.132,11.1259,57.2006,3.62723
-1.0769,521.376,11.4073,58.1835,3.75902
-2.65071,570.236,11.721,60.5006,3.56415
-3.82962,515.422,10.1054,52.6374,3.42755
0.771416,537.898,12.6532,63.6595,4.00831
0.338204,506.35,11.7115,59.1096,3.94775
-1.23211,593.919,12.9151,65.9509,3.73913
-2.92258,541.737,11.015,56.9747,3.53196
-3.11296,539.292,10.882,56.3695,3.50967
-3.21464,521.486,10.48,54.3293,3.49785
-4.75744,504.744,9.53214,50.0122,3.32523
-3.57655,575.953,11.4077,59.3043,3.45623
-3.67386,553.833,10.9268,56.8469,3.44516
-1.64429,565.916,12.1071,62.0173,3.68703
0.0312196,574.537,13.13,66.4196,3.90565
-0.707701,510.559,11.3343,57.6518,3.80697
-3.16351,587.957,11.84,61.3558,3.50379
-3.87731,591.596,11.5767,60.3231,3.42218
0.385501,577.768,13.388,67.5479,3.9543
-2.77686,539.935,11.0424,57.053,3.54916
-2.25858,596.304,12.4498,64.0706,3.61131
-2.00194,520.964,10.9884,56.4395,3.64267
0.96717,581.54,13.7844,69.2516,4.03613
-0.594378,566.977,12.643,64.2541,3.82187
-3.06094,577.892,11.6852,60.5059,3.51574
-4.91728,587.32,11.0199,57.891,3.30804
-0.56871,580.069,12.948,65.7917,3.82525
-1.18351,580.301,12.6432,64.539,3.74534
-1.46717,523.978,11.2888,57.7483,3.70929
-0.27279,585.013,13.211,66.9804,3.8646
0.132087,575.901,13.2132,66.7908,3.91941
0.68383,556.102,13.0368,65.6319,3.99596
-3.20263,521.335,10.482,54.3346,3.49924
-0.395199,513.868,11.5488,58.606,3.84825
-1.69386,513.771,10.9699,56.2134,3.68083
-2.60672,506.796,10.4353,53.846,3.56939
0.878036,541.57,12.7926,64.3104,4.02343
-1.76543,556.221,11.8427,60.7184,3.67192
-2.52178,560.877,11.5881,59.7554,3.57956
-3.19035,532.432,10.7104,55.5133,3.50067
-0.147768,544.043,12.3462,62.5377,3.88141
-2.79777,563.723,11.5193,59.5264,3.54669
-3.95252,565.973,11.0418,57.5695,3.41374
-4.43046,583.708,11.1702,58.4568,3.36079
-3.09346,507.134,10.2411,53.0416,3.51195
1.94695,563.876,13.8832,69.2523,4.17972
-4.31874,507.672,9.75911,51.0275,3.37306
-0.303238,507.371,11.444,58.0347,3.86053
-4.00822,591.482,11.5136,60.0554,3.40751
1.3968,537.318,12.9506,64.8585,4.09818
-4.85317,531.443,9.99747,52.4932,3.31492
-0.784959,513.346,11.3616,57.8239,3.79686
1.80695,554.269,13.573,67.7737,4.15874
-2.26169,502.547,10.491,53.9914,3.61093
1.43247,584.691,14.1119,70.6562,4.10339
0.299179,559.001,12.9095,65.1753,3.94237
-4.07778,575.302,11.1672,58.2806,3.39975
1.96487,518.473,12.7742,63.7121,4.18242
-4.27093,507.141,9.76774,51.0535,3.37833
-3.75616,534.955,10.5194,54.7627,3.43584
-4.88445,555.439,10.4356,54.8073,3.31156
1.51318,532.354,12.8889,64.4952,4.11523
0.789206,590.215,13.8935,69.8904,4.01083
-3.56274,575.159,11.3983,59.2491,3.45781
-1.1799,565.465,12.3217,62.8962,3.7458
-4.16779,578.807,11.1946,58.4641,3.38974
1.18023,544.612,13.0165,65.2916,4.06672
-2.6145,581.332,11.9663,61.7498,3.56846
-3.83722,512.556,10.0462,52.3317,3.42669
-3.97027,572.109,11.1535,58.1601,3.41175
-0.162695,517.305,11.7326,59.4359,3.8794
-2.6514,560.289,11.5162,59.4439,3.56406
-4.94078,528.235,9.90187,52.0271,3.30552
-0.981352,548.944,12.0558,61.4472,3.77135
-4.50808,538.588,10.2745,53.8018,3.3523
-4.11535,507.584,9.83785,51.3576,3.39557
1.83589,534.062,13.0928,65.3622,4.16307
-1.842,580.96,12.3319,63.2633,3.66241
0.711733,550.01,12.9081,64.9702,3.99989
-4.93276,573.737,10.7583,56.5235,3.30638
-1.92278,584.226,12.3616,63.4542,3.65242
1.58389,538.411,13.0713,65.3744,4.12564
-2.74025,553.329,11.3329,58.5374,3.5535
-0.302205,574.957,12.969,65.7675,3.86067
-4.77476,574.512,10.8421,56.8929,3.32336
0.0458687,570.298,13.0406,65.9602,3.90765
-4.76099,584.098,11.0292,57.8682,3.32485
-1.23871,561.301,12.2026,62.3157,3.73828
0.442315,546.08,12.6819,63.9583,3.96218
-1.85804,566.945,12.0268,61.7054,3.66042
0.643541,553.784,12.9621,65.275,3.99029
-0.278448,574.173,12.9634,65.7274,3.86385
-0.0408773,544.489,12.4082,62.8019,3.89586
-1.25244,590.475,12.8299,65.5258,3.73653
0.662167,540.686,12.6647,63.7687,3.99291
-4.04381,516.537,10.0403,52.3852,3.40353
0.791564,532.598,12.5384,63.0725,4.01116
-2.86119,559.109,11.3961,58.9184,3.53919
-2.29484,549.302,11.452,58.9516,3.60691
-4.60113,588.656,11.1874,58.625,3.34216
-4.82784,555.084,10.4529,54.8738,3.31764
1.71223,535.226,13.0588,65.2506,4.14464
-4.55704,574.392,10.9358,57.2868,3.34696
1.95477,584.816,14.4031,71.8418,4.1809
-3.79313,526.263,10.3331,53.8083,3.43166
-1.22952,568.102,12.3549,63.0893,3.73946
-2.06569,585.104,12.3101,63.2585,3.63484
0.743284,535.497,12.5829,63.3191,4.00434
1.32353,505.364,12.1458,60.8606,4.0875
0.753571,508.817,11.9608,60.1838,4.00579
1.50345,502.118,12.1523,60.8135,4.1138
1.45595,510.759,12.3387,61.7676,4.10683
1.62919,503.985,12.2571,61.2817,4.13233
0.61221,583.552,13.6422,68.7157,3.9859
-4.79771,522.693,9.85501,51.7226,3.32089
-1.29272,572.457,12.4186,63.4445,3.7314
-0.146928,564.153,12.803,64.851,3.88152
1.21632,563.283,13.4816,67.607,4.07194
-3.67552,514.229,10.1447,52.779,3.44497
-3.89486,570.692,11.1597,58.1585,3.42021
-1.1552,524.499,11.4402,58.3857,3.74897
0.445107,589.94,13.7019,69.1013,3.96257
-0.635183,572.219,12.7395,64.7639,3.81649
-1.45265,521.265,11.2368,57.4759,3.71112
-2.33963,580.293,12.0765,62.1878,3.60149
1.23356,582.339,13.947,69.9321,4.07444
-4.13422,540.146,10.461,54.6187,3.39347
-2.66563,525.007,10.7849,55.6751,3.56237
-3.70073,553.707,10.9125,56.7844,3.44211
0.00645744,523.87,11.9605,60.5146,3.90229
-1.10821,516.162,11.2793,57.544,3.755
-1.61921,537.377,11.508,58.9371,3.69017
-0.706453,598.271,13.2822,67.5588,3.80713
-3.12163,518.634,10.4616,54.1951,3.50866
1.88342,550.844,13.5291,67.517,4.17018
0.51822,568.978,13.2528,66.8005,3.97275
0.846278,526.9,12.4307,62.5057,4.01891
-4.76477,509.372,9.61668,50.4587,3.32444
-4.48111,513.049,9.79796,51.2957,3.35524
0.070989,534.133,12.2257,61.8267,3.91107
-0.852852,591.456,13.0554,66.4781,3.78801
-2.35695,535.434,11.1353,57.3485,3.5994
0.449617,581.978,13.5194,68.1784,3.9632
-0.97476,541.414,11.8935,60.6171,3.7722
-3.49922,547.037,10.8687,56.4684,3.46506
-1.55718,540.355,11.6002,59.3817,3.69795
-1.89333,518.921,10.9926,56.4146,3.65606
1.58648,584.671,14.1958,70.9971,4.12602
-4.67642,518.739,9.82864,51.5351,3.33399
-1.12778,545.398,11.9089,60.7654,3.75248
-2.45356,581.56,12.0481,62.0954,3.58775
-1.75632,513.389,10.9347,56.0592,3.67305
-3.08239,565.331,11.4214,59.1496,3.51324
-3.95036,535.99,10.4577,54.5236,3.41398
0.0886284,550.341,12.6053,63.7385,3.91348
0.341247,509.049,11.7753,59.4304,3.94817
-0.760863,551.964,12.2279,62.2217,3.80001
-2.09642,565.364,11.8802,61.0639,3.63108
-0.037206,591.887,13.4903,68.2768,3.89636
-3.58295,579.867,11.4823,59.6949,3.4555
-4.44937,579.66,11.0843,58.0156,3.35872
-4.6617,540.673,10.2503,53.74,3.33558
-4.51559,532.065,10.147,53.1372,3.35148
1.90693,596.732,14.6695,73.1955,4.17371
-2.47427,543.38,11.2479,57.9801,3.58526
-3.62572,560.524,11.0802,57.6236,3.45063
-2.77994,549.906,11.245,58.1007,3.54879
-4.44702,562.929,10.7654,56.3455,3.35897
-3.88486,538.018,10.525,54.8465,3.42133
-0.330544,580.334,13.0757,66.3228,3.85688
-0.66601,551.076,12.2539,62.3097,3.81244
1.32941,568.077,13.6562,68.4259,4.08835
1.41093,539.464,13.0094,65.1465,4.10024
0.682876,577.9,13.5474,68.2025,3.99582
-1.4207,533.175,11.5081,58.8494,3.71516
-2.3165,503.273,10.4833,53.974,3.60429
1.88204,566.33,13.9087,69.4121,4.16998
-0.194504,596.701,13.5164,68.4889,3.87511
-0.525745,576.513,12.8904,65.4779,3.83093
-3.01844,590.963,11.9699,61.9595,3.52071
-3.52779,569.952,11.311,58.7793,3.4618
1.42906,580.142,14.0002,70.0989,4.10289
-3.76989,512.695,10.0762,52.4606,3.43429
-2.67631,550.507,11.3039,58.3591,3.5611
-3.30039,587.223,11.7606,61.0083,3.48793
-1.81783,504.465,10.7184,54.9761,3.66541
-0.0558417,599.918,13.6634,69.1623,3.89383
-1.64975,501.528,10.7273,54.9515,3.68634
-2.03235,593.277,12.4986,64.2109,3.63893
0.265542,539.003,12.4314,62.7767,3.93773
-3.79384,534.502,10.4946,54.6494,3.43158
-3.45523,519.681,10.3434,53.7211,3.4701
0.639438,578.816,13.5459,68.2167,3.98972
-4.88985,568.477,10.6783,56.0839,3.31098
-2.4098,515.004,10.6879,55.0666,3.59302
-3.64607,587.218,11.5984,60.328,3.44832
-1.50687,560.107,12.0482,61.6516,3.70428
-4.36161,523.169,10.0396,52.5117,3.36834
-0.589545,548.773,12.2394,62.2007,3.8225
1.37264,576.74,13.8877,69.564,4.09465
1.83224,542.467,13.297,66.3833,4.16252
-2.52861,525.057,10.8451,55.9269,3.57874
-1.12639,510.378,11.1449,56.8661,3.75266
-2.57439,558.021,11.5049,59.3504,3.57326
-1.19418,572.101,12.4593,63.6053,3.74397
-3.15874,535.255,10.7808,55.8647,3.50434
-2.70508,537,11.0139,56.8744,3.55768
-3.89865,575.619,11.2544,58.6533,3.41978
-3.95703,582.009,11.3526,59.192,3.41323
-0.377913,511.683,11.5075,58.389,3.85056
-1.08974,513.242,11.2236,57.2523,3.75737
-1.58192,503.978,10.8087,55.3402,3.69484
-1.7035,559.894,11.9502,61.241,3.67963
-2.91868,511.863,10.4092,53.8396,3.53242
0.473477,567.727,13.2006,66.5592,3.96652
-3.63097,548.905,10.8482,56.4195,3.45003
0.982181,585.881,13.8954,69.8015,4.03827
-3.10219,509.177,10.2788,53.2402,3.51093
0.29238,536.362,12.3834,62.5223,3.94143
-1.91408,545.646,11.5492,59.2806,3.6535
0.484443,575.277,13.3819,67.4678,3.96805
-3.48569,572.975,11.3902,59.1717,3.46661
-4.78162,583.448,11.0077,57.7649,3.32262
-2.21911,562.609,11.7648,60.5271,3.61611
0.413063,519.003,12.0393,60.7306,3.95812
-2.15338,508.366,10.6583,54.8072,3.62412
1.46426,577.908,13.9653,69.9064,4.10805
-0.704955,563.964,12.5213,63.6878,3.80733
-1.67505,502.105,10.7289,54.9701,3.68318
-3.20935,556.513,11.1862,57.9883,3.49846
0.0963489,592.487,13.5748,68.6365,3.91453
-2.74119,581.853,11.9167,61.5531,3.55339
-4.96384,536.421,10.0459,52.7935,3.30306
-3.9646,545.461,10.6364,55.4613,3.41239
-0.965282,534.037,11.7358,59.8092,3.77342
-1.79676,567.733,12.0728,61.9129,3.66802
-3.23803,539.03,10.8224,56.1146,3.49514
0.973925,545.339,12.9298,64.9545,4.03709
1.47841,567.642,13.7248,68.6951,4.11012
0.259147,560.545,12.925,65.2724,3.93685
1.13364,537.684,12.8277,64.3664,4.06
-3.91515,583.176,11.3945,59.3915,3.41793
-0.118026,514.422,11.6877,59.1887,3.88542
-2.51696,560.327,11.5789,59.7062,3.58013
-1.64479,598.494,12.8038,65.5864,3.68697
-4.21146,549.416,10.6074,55.4165,3.38491
-4.98477,501.214,9.37859,49.2947,3.30082
-1.84561,548.172,11.6343,59.686,3.66196
-2.36314,514.622,10.6998,55.1084,3.59865
-1.22004,517.006,11.2479,57.4323,3.74067
-2.61705,561.911,11.5654,59.682,3.56816
1.2546,508.086,12.1786,61.0557,4.07748
-4.65887,550.539,10.4386,54.7257,3.33589
-2.88001,584.221,11.899,61.5272,3.53697
-1.67076,569.525,12.1715,62.3598,3.68372
-3.12386,522.442,10.5374,54.5891,3.5084
-3.61498,519.244,10.2686,53.3986,3.45185
-0.291024,597.741,13.4888,68.398,3.86216
-2.973,589.923,11.9705,61.9414,3.52604
-1.92898,518.1,10.9597,56.2609,3.65166
-0.381455,560.498,12.6036,63.9521,3.85009
-0.491185,534.986,11.9781,60.8283,3.8355
-4.27853,594.237,11.4417,59.8066,3.37749
-4.42673,520.258,9.95751,52.1088,3.3612
1.90659,591.338,14.5367,72.5331,4.17366
1.52247,579.518,14.0359,70.2298,4.1166
-0.667477,526.778,11.7129,59.5596,3.81225
1.03933,591.738,14.0656,70.6267,4.04645
0.318738,519.043,11.9959,60.554,3.94506
0.960544,562.449,13.3285,66.9641,4.03518
-3.11529,589.468,11.8934,61.6095,3.5094
0.397359,580.787,13.4642,67.9263,3.95594
1.22103,568.713,13.6141,68.2688,4.07262
0.819697,501.595,11.8214,59.4538,4.01515
-4.05095,575.406,11.1814,58.342,3.40274
0.142266,577.652,13.2587,67.0155,3.92081
-2.30263,528.244,11.0095,56.6774,3.60597
-4.37421,596.82,11.4472,59.8796,3.36696
-3.63284,560.418,11.0749,57.5994,3.44982
-1.51011,584.439,12.57,64.3232,3.70387
-3.64726,597.454,11.8,61.3772,3.44818
-4.01121,516.549,10.0537,52.4421,3.40717
-2.77857,523.604,10.7077,55.3243,3.54896
-4.20425,517.858,10.001,52.2457,3.3857
-0.727633,570.976,12.6656,64.433,3.80436
-3.16844,552.689,11.1276,57.6662,3.50322
-4.14213,550.516,10.6584,55.653,3.39259
-3.60241,597.49,11.822,61.4703,3.45328
1.37916,544.857,13.1233,65.732,4.0956
-4.40641,566.216,10.846,56.7495,3.36342
-4.52303,507.846,9.68217,50.7061,3.35067
-0.736519,504.323,11.1832,56.8953,3.8032
0.0837418,505.806,11.5831,58.5714,3.91281
1.7609,517.156,12.6416,63.1442,4.15188
0.218959,544.62,12.538,63.3372,3.93132
1.80836,567.635,13.9011,69.4111,4.15896
-0.629523,535.654,11.9281,60.6365,3.81724
0.623389,539.934,12.628,63.602,3.98747
-2.82711,525.464,10.7249,55.4339,3.54322
-3.49257,502.803,9.99249,51.9134,3.46583
-3.86984,504.308,9.87154,51.4352,3.42302
-2.6976,577.984,11.858,61.2299,3.55856
-2.41862,512.822,10.6389,54.8176,3.59195
-4.16662,511.531,9.89388,51.6707,3.38987
-0.0142923,553.908,12.636,63.9423,3.89947
1.6178,504.074,12.2538,61.2705,4.13065
-0.26764,540.758,12.2141,61.9236,3.86529
-1.36975,599.355,12.9626,66.262,3.72161
-3.05291,566.431,11.4571,59.3212,3.51668
1.08592,503.154,11.9816,60.1422,4.05314
-1.68476,511.496,10.9253,55.9808,3.68197
-1.98797,536.395,11.3202,58.1373,3.64439
-3.72736,560.869,11.0418,57.4692,3.4391
-0.0276878,583.598,13.3063,67.341,3.89765
1.07268,505.566,12.0329,60.4052,4.05123
-0.792606,512.969,11.3498,57.7673,3.79586
-2.26354,552.472,11.5324,59.3516,3.61071
-2.07801,571.391,12.0157,61.7515,3.63333
-1.24508,532.364,11.5706,59.091,3.73747
-0.165922,538.736,12.2171,61.8919,3.87896
-1.24741,549.398,11.9397,60.9772,3.73717
-3.56849,589.356,11.6769,60.7002,3.45715
-4.58934,591.858,11.2536,58.9666,3.34344
-1.83517,596.242,12.6597,64.9417,3.66326
-1.40564,506.98,10.9492,55.9851,3.71706
-1.32618,562.932,12.1958,62.3222,3.72714
-3.05713,588.781,11.9072,61.6536,3.51619
-2.54339,569.718,11.7606,60.6552,3.57697
1.45487,507.703,12.2643,61.3959,4.10667
-0.268352,525.06,11.8592,60.1247,3.8652
-0.137766,545.88,12.3928,62.7689,3.88276
-2.0479,594.141,12.509,64.2722,3.63702
-3.8799,571.152,11.1754,58.2337,3.42189
-4.97448,586.304,10.9754,57.6828,3.30192
-0.541783,510.531,11.4079,57.9542,3.82881
0.810467,508.93,11.99,60.3056,4.01384
0.611002,531.435,12.4232,62.5763,3.98573
-0.606967,597.784,13.3234,67.7183,3.82021
-2.52652,534.599,11.0431,56.9471,3.57899
-4.53387,544.572,10.3778,54.3539,3.34948
-0.521682,521.927,11.6718,59.2859,3.83147
-4.70041,570.846,10.8054,56.6674,3.33139
-2.11601,583.477,12.2513,62.9806,3.62868
-3.93622,568.294,11.0943,57.8363,3.41557
-3.99006,561.985,10.9474,57.0942,3.40954
-4.48175,550.897,10.5205,55.0787,3.35517
-2.8378,557.975,11.3836,58.8433,3.54195
1.23851,555.351,13.3032,66.7016,4.07515
-2.4138,575.786,11.9474,61.5576,3.59253
-4.64457,526.038,9.97979,52.3146,3.33744
1.96269,526.376,12.9678,64.6788,4.18209
-4.93052,541.535,10.1554,53.3549,3.30662
-0.506223,532.348,11.9121,60.4995,3.83351
0.896522,552.324,13.056,65.6258,4.02605
1.49672,561.163,13.5778,67.9503,4.11281
-0.75369,519.637,11.515,58.5909,3.80095
0.373516,521.751,12.0844,60.9758,3.95264
-1.07241,561.353,12.2841,62.6537,3.7596
0.772866,574.326,13.5109,67.9738,4.00852
0.696649,549.714,12.8935,64.9043,3.99776
0.714516,552.936,12.9781,65.3216,4.00028
0.785466,531.775,12.516,62.9628,4.0103
-1.7772,541.316,11.52,59.069,3.67045
0.937205,526.945,12.4758,62.6909,4.03185
-3.29702,587.128,11.7602,61.0051,3.48831
-2.44039,572.841,11.8737,61.1904,3.58933
-0.81106,537.927,11.8934,60.5422,3.79346
-0.469139,507.945,11.3826,57.7943,3.83843
-3.98714,519.584,10.1226,52.7915,3.40986
1.34369,541.766,13.0309,65.286,4.09043
-2.84204,538.808,10.9907,56.8141,3.54145
-0.937581,562.456,12.3739,63.0477,3.77701
1.41165,566.84,13.67,68.454,4.10035
-1.40123,595.349,12.8599,65.7529,3.71762
-0.846128,537.408,11.8655,60.4162,3.78889
-0.893372,504.33,11.1145,56.612,3.78275
-1.26912,576.133,12.51,63.9001,3.73441
-2.43122,535.126,11.096,57.1785,3.59044
-0.656936,594.407,13.2221,67.2285,3.81363
-3.7201,549.706,10.8252,56.3387,3.43992
-2.55978,597.915,12.3346,63.6235,3.575
-4.85198,564.101,10.6123,55.7212,3.31505
1.87929,537.282,13.1939,65.8461,4.16957
-1.34686,531.041,11.4955,58.7526,3.72452
0.980695,536.075,12.7135,63.8647,4.03806
-0.698447,595.761,13.2306,67.2925,3.80818
1.0421,564.505,13.4197,67.3822,4.04685
-4.84532,564.01,10.6135,55.7243,3.31576
-4.21084,556.318,10.7409,56.1139,3.38497
1.03807,533.124,12.6717,63.6283,4.04627
-3.65405,507.317,10.017,52.1059,3.44741
0.995448,537.783,12.7613,64.0981,4.04017
-3.49022,543.507,10.8024,56.1202,3.46609
0.658247,552.071,12.9295,65.1035,3.99236
-2.56602,537.002,11.0752,57.1303,3.57426
1.35942,578.987,13.9347,69.806,4.09272
-1.75811,525.33,11.1882,57.3597,3.67283
-3.21636,515.325,10.3554,53.6844,3.49765
1.09876,550.705,13.1205,65.8526,4.05498
-1.58041,558.549,11.9798,61.3354,3.69503
-0.0520167,544.591,12.4051,62.7914,3.89435
-4.43476,523.13,10.0092,52.3827,3.36032
-0.932861,538.144,11.8412,60.3317,3.77762
0.763795,514.56,12.1006,60.8828,4.00723
0.0187785,579.53,13.2376,66.9703,3.90396
-0.957672,531.944,11.6934,59.5894,3.77441
-3.50053,599.57,11.9118,61.8884,3.46491
-1.26738,559.814,12.1565,62.0936,3.73463
-4.03679,582.28,11.3214,59.0661,3.40432
-1.03125,597.098,13.0876,66.7309,3.7649
-4.32374,533.499,10.2535,53.6147,3.37251
-2.2836,559.935,11.6789,60.1145,3.60828
-4.90802,541.839,10.1704,53.4241,3.30903
-2.64064,544.698,11.2006,57.8098,3.56535
0.216458,500.961,11.5318,58.2552,3.93098
1.59074,555.504,13.4899,67.4644,4.12665
-4.41178,573.857,10.99,57.5053,3.36284
1.01983,557.211,13.2348,66.4648,4.04366
-2.39304,575.316,11.9475,61.5485,3.59504
-4.07394,578.613,11.2333,58.6233,3.40018
-0.200106,531.049,12.0267,60.9426,3.87436
-1.99712,547.31,11.5463,59.3029,3.64326
-4.71593,543.584,10.2829,53.9337,3.32971
-3.65448,590.781,11.6648,60.6775,3.44736
-4.01842,545.264,10.6095,55.3443,3.40637
-3.18886,575.509,11.5776,60.0076,3.50084
1.80422,557.684,13.6552,68.1854,4.15834
1.58222,592.546,14.3847,71.9437,4.1254
-2.88959,535.709,10.9068,56.4007,3.53585
-2.76731,579.927,11.8648,61.2977,3.55029
1.20314,545.656,13.053,65.464,4.07003
-4.51058,545.056,10.3968,54.4435,3.35202
-0.659435,514.965,11.4539,58.2389,3.8133
-4.30935,554.345,10.6604,55.7357,3.37409
-3.25896,587.955,11.7948,61.1663,3.49272
-4.35653,566.015,10.864,56.8216,3.3689
-4.58617,585.768,11.1393,58.3659,3.34379
-3.04754,538.392,10.8923,56.3946,3.51731
-3.76809,558.178,10.9708,57.1179,3.43449
-2.16482,577.607,12.1045,62.2492,3.62272
0.614377,571.963,13.3724,67.3557,3.9862
-4.12801,540.645,10.4733,54.6803,3.39416
-1.9024,528.408,11.1896,57.4293,3.65494
-1.00245,595.756,13.073,66.6423,3.76862
-1.50785,529.004,11.3787,58.2262,3.70416
-4.64318,543.659,10.3147,54.0695,3.33759
-2.4326,554.895,11.5053,59.2883,3.59027
-3.55729,519.702,10.3015,53.5457,3.45843
-1.29101,580.431,12.5924,64.3318,3.73162
-1.59973,547.181,11.727,60.0498,3.69261
1.55659,550.814,13.3583,66.8229,4.12162
-0.501855,502.81,11.253,57.1504,3.83409
-0.840131,545.71,12.0517,61.3613,3.78967
-4.01615,513.791,9.99806,52.1537,3.40662
-4.02694,524.652,10.205,53.2375,3.40542
-3.89906,520.317,10.1729,53.0175,3.41974
1.11414,590.791,14.084,70.6804,4.0572
-1.54398,574.139,12.3319,63.1211,3.69961
-4.80632,512.757,9.66429,50.7251,3.31996
-4.77978,516.191,9.73949,51.1091,3.32282
-2.20534,585.876,12.2581,63.0581,3.61778
-3.71206,572.553,11.2788,58.6955,3.44083
-2.78397,563.311,11.5172,59.5093,3.54832
-1.22312,585.195,12.7299,65.0008,3.74028
0.295942,542.776,12.5333,63.277,3.94192
-0.930884,569.404,12.53,63.8402,3.77788
-0.787461,543.703,12.0323,61.2383,3.79654
-1.11742,572.653,12.5092,63.8231,3.75381
1.92982,503.965,12.3999,61.8611,4.17715
-3.52806,576.177,11.4344,59.4207,3.46177
0.319652,514.148,11.8832,59.9847,3.94519
-4.59865,584.219,11.1042,58.1878,3.34243
-1.63392,502.359,10.7518,55.0706,3.68833
-0.525308,566.774,12.6729,64.3726,3.83099
-1.08159,539.171,11.7944,60.1603,3.75842
-4.31034,509.136,9.79058,51.1886,3.37399
0.0368649,545.871,12.4776,63.117,3.90642
-3.00277,589.78,11.9534,61.8668,3.52255
-0.0207069,570.444,13.01,65.8377,3.8986
-0.583529,560.035,12.4936,63.4894,3.8233
1.83819,552.984,13.5579,67.683,4.16341
-0.310989,577.82,13.0291,66.0765,3.85949
-0.947973,502.434,11.0489,56.301,3.77567
-0.596143,552.858,12.3273,62.6506,3.82163
0.201478,579.052,13.3216,67.3042,3.92892
-4.29818,509.254,9.79765,51.2207,3.37533
-2.89194,506.369,10.3084,53.3077,3.53557
0.631807,593.466,13.8846,69.9264,3.98865
1.43809,547.233,13.2107,66.1412,4.10422
0.353838,554.755,12.8389,64.7924,3.94992
-0.510618,593.056,13.2682,67.3892,3.83293
1.60967,532.845,12.9491,64.7511,4.12945
-1.19508,513.906,11.1915,57.1336,3.74386
-0.148956,586.596,13.3113,67.4267,3.88125
-3.87176,554.475,10.8527,56.5482,3.4228
-4.3446,521.065,10.0061,52.3295,3.37021
-4.09861,542.819,10.5279,54.9527,3.39743
-0.0746794,592.74,13.4899,68.2939,3.89128
-3.06999,518.129,10.473,54.2328,3.51469
-0.982748,596.448,13.0984,66.7617,3.77117
-0.388451,593.802,13.3488,67.737,3.84915
-3.95552,545.122,10.6337,55.4432,3.4134
-2.56072,531.863,10.9716,56.5932,3.57489
0.0574395,509.322,11.6516,58.9294,3.90922
-2.4532,508.228,10.5291,54.2661,3.58779
-0.00468075,506.253,11.5532,58.4589,3.90077
-0.846609,516.303,11.3993,58.0426,3.78883
-4.4919,577.251,11.0193,57.6945,3.35406
-3.78027,573.146,11.2595,58.6263,3.43311
-0.385061,547.445,12.3083,62.4556,3.8496
-4.92515,523.155,9.81287,51.5531,3.3072
-1.65419,516.496,11.0455,56.5835,3.68579
0.886341,512.103,12.1004,60.8273,4.02461
1.05796,575.597,13.6918,68.7406,4.04912
-3.86454,591.683,11.5843,60.357,3.42362
1.95662,578.637,14.252,71.0868,4.18118
-4.17501,527.635,10.2019,53.2828,3.38894
0.0275878,523.529,11.9626,60.5158,3.90516
0.661631,539.319,12.6325,63.6064,3.99284
-2.314,544.82,11.3499,58.4345,3.60459
-1.55537,536.103,11.5098,58.9179,3.69818
1.56748,574.994,13.9506,69.7803,4.12322
-2.56254,583.811,12.0423,62.1172,3.57467
-4.6458,596.127,11.3089,59.2825,3.33731
-3.55122,549.637,10.8976,56.6411,3.45912
-3.27629,566.317,11.3528,58.8823,3.49071
1.9199,518.085,12.7425,63.5745,4.17566
0.986006,571.402,13.5541,68.0848,4.03882
0.976654,572.118,13.5661,68.15,4.03748
-3.49181,558.268,11.0951,57.6415,3.46591
-1.45501,546.01,11.7691,60.1999,3.71082
0.274354,581.457,13.4151,67.7401,3.93894
-3.42253,552.684,11.0147,57.1932,3.47386
-0.359032,588.665,13.2486,67.2139,3.85307
-2.2849,503.25,10.496,54.0266,3.60812
-0.348453,592.952,13.3506,67.7262,3.85449
-2.34961,529.238,11.0096,56.6982,3.60028
0.372092,589.128,13.6441,68.8468,3.95244
-2.54154,531.495,10.9724,56.5891,3.57719
-2.51429,579.735,11.9813,61.7795,3.58045
-2.06211,518.937,10.9195,56.1113,3.63528
-3.89757,559.802,10.9456,57.0436,3.4199
-4.38678,535.566,10.2671,53.7119,3.36558
0.736897,525.748,12.3508,62.1537,4.00344
0.931625,541.394,12.8151,64.3984,4.03105
-1.41199,545.118,11.7699,60.1844,3.71626
-4.19528,593.163,11.4595,59.8606,3.3867
-0.882495,576.411,12.7084,64.7257,3.78416
-0.670955,506.732,11.2656,57.2867,3.81179
-3.7298,538.865,10.6076,55.2102,3.43882
-1.04016,508.657,11.1451,56.8307,3.76375
-0.944352,525.829,11.565,58.9293,3.77613
-1.47101,542.112,11.6777,59.7395,3.7088
-4.84577,541.037,10.181,53.4537,3.31571
-2.30195,535.3,11.1569,57.4357,3.60605
-0.0712185,543.049,12.3607,62.5755,3.89175
-2.97184,501.759,10.182,52.6862,3.52618
0.53338,548.698,12.788,64.4504,3.97487
0.546866,598.112,13.947,70.2846,3.97675
-0.751051,570.384,12.6408,64.3182,3.80129
-0.742546,573.044,12.704,64.6356,3.80241
0.347223,582.475,13.4769,68.0157,3.949
-1.55172,542.601,11.651,59.639,3.69864
-1.26702,519.6,11.2834,57.6338,3.73467
-4.04232,527.75,10.2589,53.525,3.4037
-1.72276,520.831,11.108,56.933,3.67723
0.448015,593.253,13.7804,69.4958,3.96298
-3.06963,598.747,12.1027,62.6718,3.51473
0.00553805,565.058,12.9004,65.2705,3.90216
-0.953797,531.523,11.6859,59.5495,3.77491
0.463029,592.104,13.7618,69.3942,3.96506
-2.85076,523.838,10.6816,55.2201,3.54042
-4.85383,579.217,10.8959,57.2108,3.31485
-1.16037,573.84,12.5139,63.8676,3.7483
1.40968,558.991,13.4797,67.502,4.10006
-0.392634,598.761,13.4581,68.2936,3.8486
-3.83013,573.351,11.241,58.5524,3.42749
0.29551,540.459,12.4795,63.0061,3.94186
1.17717,578.562,13.8263,69.3551,4.06628
-0.0715587,528.938,12.0393,60.9488,3.8917
-3.70897,589.131,11.6068,60.4011,3.44118
0.595442,502.912,11.7493,59.1886,3.98355
1.01507,578.344,13.7342,68.9752,4.04298
0.426146,576.946,13.3902,67.5388,3.95994
-0.0450112,559.676,12.7523,64.5452,3.8953
-1.91569,512.935,10.8562,55.7238,3.6533
-0.342738,551.807,12.427,63.0381,3.85525
-0.0649538,538.976,12.271,62.1185,3.8926
-0.412119,565.247,12.6951,64.4311,3.846
-2.81338,590.687,12.0628,62.3422,3.54484
0.628805,595.387,13.9279,70.1462,3.98823
-1.47346,568.164,12.2377,62.6054,3.70849
0.613827,549.204,12.84,64.6744,3.98613
1.77165,587.989,14.3791,71.8171,4.15348
0.562149,581.901,13.5771,68.4128,3.97889
1.28161,545.896,13.0986,65.6551,4.0814
-0.312104,598.729,13.4999,68.4651,3.85934
-1.10591,561.96,12.2812,62.6543,3.75529
-1.32046,571.007,12.3736,63.2277,3.72787
1.95587,570.806,14.0587,70.1231,4.18106
0.162319,512.354,11.7691,59.4778,3.92355
-1.99449,571.742,12.063,61.9554,3.64358
-2.68452,544.762,11.1823,57.7348,3.56012
-2.52294,553.182,11.4286,58.9335,3.57942
-3.19818,548.248,11.0251,57.1479,3.49976
1.33836,511.126,12.2914,61.5833,4.08965
1.67253,581.35,14.1623,70.7853,4.13875
0.219623,591.672,13.6216,68.8107,3.93141
1.84333,557.758,13.6777,68.2783,4.16418
-1.95329,577.523,12.2049,62.6647,3.64866
-1.55435,579.192,12.4353,63.6554,3.69831
-0.282584,583.39,13.1693,66.7738,3.86329
1.06057,596.293,14.1856,71.218,4.0495
-0.91669,575.337,12.6677,64.5347,3.77972
-0.129792,534.318,12.1341,61.4549,3.88383
0.04047,521.103,11.9132,60.2601,3.90691
0.955722,589.274,13.9615,70.1471,4.03449
-4.82443,579.695,10.9179,57.3131,3.31801
-1.50351,593.044,12.7584,65.284,3.7047
0.731622,585.699,13.7563,69.2296,4.00269
0.00486091,539.183,12.3093,62.2803,3.90207
-1.24018,597.642,12.9919,66.3472,3.7381
1.41633,556.7,13.4279,67.2394,4.10103
-1.76124,598.443,12.7438,65.3362,3.67244
-4.34864,561.784,10.7863,56.4115,3.36977
-1.76423,584.555,12.4466,63.8139,3.67207
-4.07143,563.875,10.9482,57.1347,3.40045
-3.11755,572.771,11.5554,59.86,3.50914
-3.34741,531.162,10.6178,55.1,3.4825
-3.36699,549.774,10.9812,56.9946,3.48024
-4.9842,577.545,10.8071,56.803,3.30088
-3.28327,540.744,10.8371,56.2106,3.4899
-4.09546,576.915,11.1906,58.4103,3.39778
-1.12152,518.516,11.3248,57.7819,3.75329
-0.986695,513.651,11.2783,57.4868,3.77066
-3.25179,532.428,10.684,55.4026,3.49355
-1.78098,522.43,11.1164,57.0012,3.66998
-3.3173,562.272,11.2532,58.3841,3.48597
0.723463,574.233,13.4827,67.8567,4.00154
-0.859443,528.914,11.6718,59.436,3.78716
1.00445,532.525,12.6409,63.4894,4.04145
-1.8744,564.938,11.9764,61.4547,3.6584
-2.68785,575.005,11.8015,60.9334,3.55972
0.740776,573.656,13.4782,67.8257,4.00398
-1.12052,585.686,12.7923,65.2692,3.75341
0.807817,549.593,12.9466,65.1185,4.01346
0.548765,516.534,12.0456,60.702,3.97702
-1.59187,590.817,12.6661,64.8549,3.69359
1.53608,585.47,14.1875,70.9815,4.1186
-3.4592,582.198,11.5859,60.1758,3.46965
-1.22574,541.067,11.7687,60.0943,3.73994
-4.56405,529.334,10.0751,52.7809,3.34619
-1.57053,565.907,12.1423,62.1631,3.69627
-2.53893,589.514,12.1714,62.7717,3.5775
0.505774,536.188,12.483,62.926,3.97102
-0.479836,522.796,11.7104,59.4638,3.83701
-2.77107,539.374,11.0335,57.0043,3.54985
0.954203,554.092,13.1272,65.9559,4.03427
-2.7933,537.561,10.9867,56.772,3.54721
0.218236,583.002,13.4213,67.7994,3.93122
0.766518,557.651,13.1153,65.987,4.00762
-4.82539,573.363,10.7982,56.6853,3.31791
-3.01264,545.296,11.0474,57.1823,3.52139
0.0240295,592.68,13.5408,68.5014,3.90467
-3.52942,512.501,10.1702,52.8515,3.46161
1.95495,547.281,13.4788,67.2311,4.18093
-3.08587,532.76,10.7619,55.7356,3.51283
1.46512,585.633,14.1525,70.8428,4.10818
-2.61399,525.068,10.8084,55.7743,3.56852
0.278825,522.407,12.0549,60.8694,3.93956
-3.4645,564.564,11.2326,58.3432,3.46904
-3.61543,540.617,10.6911,55.5956,3.4518
-1.71065,501.14,10.6932,54.8019,3.67874
-2.83014,598.471,12.2135,63.1296,3.54286
-4.32324,550.878,10.5878,55.3621,3.37256
-2.97771,509.534,10.3374,53.4924,3.52549
1.37169,553.994,13.3395,66.8185,4.09451
-0.242551,528.166,11.9415,60.5299,3.86866
1.80743,570.221,13.9639,69.7253,4.15882
-3.60065,543.513,10.7548,55.9203,3.45349
-3.86555,537.228,10.5177,54.8004,3.4235
0.408194,532.241,12.344,62.2701,3.95745
-3.08291,595.813,12.037,62.3379,3.51318
0.417335,526.806,12.2223,61.6521,3.95871
-2.28555,501.2,10.453,53.8053,3.60804
0.860793,539.865,12.7437,64.0731,4.02098
0.110128,547.656,12.5544,63.4708,3.91641
-0.715127,568.734,12.6221,64.2056,3.806
0.717981,556.442,13.0622,65.7429,4.00077
-4.60749,509.082,9.67261,50.6896,3.34147
-0.456479,509.04,11.4128,57.9422,3.84011
-4.76398,559.495,10.5633,55.4253,3.32452
0.377673,566.074,13.1131,66.1644,3.95322
0.376231,535.03,12.3932,62.533,3.95302
-0.821728,570.333,12.6046,64.1676,3.79207
-4.39547,586.341,11.2365,58.7875,3.36462
-4.96981,567.01,10.6162,55.7931,3.30242
-4.77204,570.111,10.7602,56.4621,3.32365
-0.00774772,505.723,11.5398,58.3921,3.90036
-4.19726,584.241,11.2862,58.9564,3.38648
-1.25453,520.361,11.3055,57.7413,3.73627
-4.68417,540.836,10.2441,53.7168,3.33315
-1.0314,596.773,13.0804,66.6944,3.76488
-1.66995,554.405,11.8488,60.7058,3.68382
-4.36122,513.219,9.84882,51.5136,3.36839
-0.673681,569.592,12.6618,64.3875,3.81143
-4.59687,580.632,11.0368,57.834,3.34262
1.23411,555.794,13.3116,66.7456,4.07452
-3.88551,502.503,9.83,51.225,3.42126
-3.7766,553.649,10.8781,56.6388,3.43353
-1.82779,585.228,12.4295,63.7572,3.66417
-1.18152,500.276,10.9005,55.6424,3.74559
-0.434443,589.345,13.2247,67.1302,3.84303
-0.0799828,512.892,11.6703,59.084,3.89056
-3.96717,531.641,10.3659,54.0516,3.4121
-0.295142,555.656,12.5371,63.574,3.86161
-1.50895,554.635,11.9295,61.0452,3.70402
-0.349835,510.281,11.4886,58.281,3.8543
0.568465,513.277,11.9789,60.3568,3.97977
1.64632,556.362,13.5398,67.6869,4.13487
-3.70951,573.769,11.3039,58.825,3.44112
0.826095,536.439,12.6458,63.5967,4.01605
-4.93417,505.349,9.47541,49.7837,3.30623
-3.66394,585.186,11.55,60.0844,3.44629
-4.03603,515.585,10.0249,52.3019,3.4044
-3.57095,549.225,10.8808,56.5624,3.45687
-4.81713,520.94,9.81421,51.5164,3.31879
-3.81281,560.346,10.9937,57.2565,3.42944
-4.29857,599.847,11.5404,60.3319,3.37528
-3.42373,576.271,11.4843,59.6318,3.47372
-1.55286,508.721,10.923,55.913,3.69849
1.54141,504.819,12.2357,61.2137,4.11938
-4.32986,519.555,9.98305,52.2029,3.37184
0.650614,552.361,12.9324,65.122,3.99129
-2.73392,532.152,10.9019,56.3085,3.55425
-3.21892,538.663,10.8233,56.111,3.49735
-3.17528,580.392,11.6822,60.5433,3.50242
1.56033,515.816,12.5114,62.5845,4.12217
-0.0860316,554.51,12.6142,63.866,3.88975
-1.47244,587.602,12.6569,64.7494,3.70862
-4.05573,563.625,10.9503,57.1386,3.40221
0.346435,514.618,11.9065,60.0905,3.94889
-0.0237549,545.792,12.4462,62.9864,3.89818
0.236475,515.934,11.8858,60.0346,3.93373
-1.24108,537.278,11.6793,59.6442,3.73798
-0.382797,536.086,12.054,61.1641,3.84991
-3.28687,552.29,11.0669,57.4042,3.48949
0.711491,539.978,12.6725,63.7847,3.99985
-3.83798,525.486,10.2993,53.6506,3.42661
1.51646,587.452,14.2247,71.1778,4.11571
1.46031,587.089,14.185,71.0082,4.10747
-0.442771,514.728,11.5465,58.6153,3.84193
-3.26819,521.16,10.451,54.2013,3.49165
-3.56224,578.583,11.4664,59.6027,3.45786
0.970591,524.802,12.4412,62.5017,4.03661
-4.11113,522.401,10.1268,52.864,3.39604
-1.09251,534.498,11.6872,59.618,3.75701
0.286454,565.644,13.0565,65.9233,3.94061
-2.5096,568.597,11.7533,60.6017,3.58102
0.650314,521.29,12.2048,61.4581,3.99125
1.55426,577.727,14.0098,70.0829,4.12127
-4.71778,579.894,10.969,57.5329,3.32951
1.03989,529.905,12.5961,63.2478,4.04653
0.23876,582.295,13.4158,67.7612,3.93404
-1.117,548.642,11.9849,61.1478,3.75387
-4.14647,501.376,9.70533,50.6781,3.39211
-1.14262,574.826,12.5442,64.0137,3.75058
-4.4574,524.168,10.0199,52.4479,3.35784
-3.59408,525.585,10.4028,54.0873,3.45423
-2.49996,568.543,11.7567,60.6148,3.58217
-4.34773,538.556,10.3407,54.0806,3.36987
-4.91241,565.527,10.6131,55.7517,3.30856
-3.75648,507.829,9.9859,51.9853,3.4358
1.64892,529.92,12.8976,64.4752,4.13525
-4.39559,595.39,11.4099,59.6945,3.36461
1.54566,510.751,12.3815,61.9413,4.12001
-2.0161,592.711,12.4947,64.1831,3.64093
-1.59297,564.811,12.1081,61.9981,3.69346
-1.55766,534.664,11.4778,58.7554,3.69789
1.61187,561.407,13.6444,68.2266,4.12977
0.192879,564.078,12.9728,65.5459,3.92774
-4.21444,514.836,9.93859,51.9236,3.38458
-3.44348,575.548,11.4608,59.5189,3.47145
-4.38739,565.18,10.8345,56.6808,3.36551
-2.87247,582.351,11.8645,61.3452,3.53786
0.655947,565.233,13.2365,66.6508,3.99204
-2.44115,555.195,11.5076,59.304,3.58924
0.262199,509.609,11.7519,59.347,3.93727
0.520729,598.51,13.9421,70.2733,3.9731
-3.90628,517.741,10.1196,52.7427,3.41893
0.173816,544.364,12.5101,63.2169,3.92513
0.519399,505.434,11.7733,59.3424,3.97292
0.799224,545.076,12.8359,64.5658,4.01225
-1.32511,587.03,12.7184,64.9922,3.72728
-4.79671,519.527,9.79571,51.411,3.32099
0.450168,540.192,12.549,63.2844,3.96328
-3.70276,557.447,10.9853,57.1641,3.44188
-4.58739,512.443,9.7444,51.0577,3.34365
-3.14026,552.746,11.1413,57.7248,3.50649
-2.52951,564.368,11.6566,60.1124,3.57863
-1.25329,554.857,12.0556,61.5715,3.73642
-1.50862,572.096,12.3053,62.9678,3.70406
1.59202,529.576,12.8609,64.3181,4.12684
1.15724,542.593,12.9567,65.0025,4.06341
-2.85666,583.405,11.8935,61.4877,3.53973
-1.1849,545.375,11.8816,60.6519,3.74516
-2.21942,557.84,11.6649,60.0134,3.61607
-2.13739,536.557,11.2566,57.8762,3.62607
-0.647924,527.07,11.7284,59.6297,3.81482
1.95023,593.634,14.6177,72.9146,4.18022
-4.16947,554.41,10.722,55.9968,3.38956
-1.52659,598.281,12.8593,65.8118,3.7018
-4.7018,567.196,10.7357,56.3024,3.33124
-1.54688,560.839,12.0449,61.6531,3.69925
-2.73594,572.571,11.729,60.5814,3.55401
-4.13147,533.721,10.3377,53.9739,3.39378
1.50245,547.983,13.2618,66.3664,4.11365
-4.53075,581.266,11.0785,58.0222,3.34982
-1.35249,597.988,12.9419,66.1475,3.7238
-3.94392,523.073,10.2083,53.2207,3.4147
-4.83392,564.467,10.627,55.7902,3.31699
-0.0522103,570.86,13.0034,65.8199,3.89432
1.69253,521.31,12.7095,63.5147,4.14172
-4.1323,503.001,9.74235,50.8658,3.39368
1.62138,592.662,14.4093,72.0466,4.13118
-2.46584,524.127,10.853,55.9409,3.58627
-4.31897,558.029,10.727,56.0885,3.37303
-2.39601,534.311,11.0947,57.1563,3.59468
-4.39034,569.737,10.9206,57.1323,3.36519
-2.75725,549.415,11.2451,58.0914,3.55148
-1.42494,580.716,12.5321,64.088,3.71462
-3.39327,545.525,10.8848,56.506,3.47722
-0.406254,500.143,11.2354,57.0206,3.84678
0.400799,581.143,13.4743,67.9755,3.95642
-1.41566,535.065,11.5512,59.0675,3.7158
-2.67205,562.582,11.5538,59.6474,3.5616
-2.64352,566.935,11.6565,60.1643,3.565
0.824809,594.753,14.0197,70.5072,4.01587
-1.70209,521.749,11.1367,57.0712,3.67981
-2.59474,573.323,11.8108,60.9379,3.57082
-4.01515,546.909,10.6429,55.5172,3.40673
-1.281,521.873,11.3265,57.8601,3.73289
1.11079,562.33,13.4037,67.2683,4.05671
0.381508,545.558,12.6397,63.7742,3.95375
-0.693258,500.758,11.1231,56.5711,3.80886
-2.86804,561.665,11.4451,59.1746,3.53839
0.502091,558.249,12.9948,65.5075,3.9705
-2.88176,516.021,10.5092,54.3417,3.53677
-2.54552,582.045,12.014,61.9633,3.57671
-2.09875,538.331,11.3111,58.1398,3.63079
1.51964,537.674,13.021,65.153,4.11618
1.22027,532.983,12.7584,63.9782,4.07251
-1.14229,542.044,11.8289,60.3636,3.75062
-1.11932,590.116,12.8897,65.7654,3.75357
1.65645,504.948,12.2934,61.4514,4.13637
-3.17605,582.931,11.7329,60.8067,3.50233
-3.1039,502.158,10.1364,52.5035,3.51073
-4.91097,568.037,10.6609,56.0019,3.30872
-4.93168,574.212,10.7677,56.5723,3.3065
-0.387174,502.905,11.306,57.3704,3.84932
-1.68976,547.913,11.7009,59.9569,3.68135
0.0124895,557.031,12.7206,64.3575,3.90311
-3.66579,545.922,10.7742,56.0496,3.44608
-2.94926,595.632,12.0979,62.5888,3.52883
-2.05735,598.152,12.5887,64.6865,3.63587
-3.32889,517.058,10.3435,53.6691,3.48464
-0.563369,515.197,11.5024,58.4438,3.82596
-4.15934,561.182,10.8574,56.6995,3.39068
1.18382,579.419,13.8503,69.4724,4.06724
-0.80349,526.73,11.6493,59.2964,3.79444
-1.68955,512.793,10.951,56.1142,3.68137
-4.92545,590.265,11.0715,58.1657,3.30716
-0.491786,542.531,12.1468,61.685,3.83542
0.12192,539.439,12.3717,62.5419,3.91802
-4.88572,502.967,9.44931,49.6277,3.31142
-1.15083,581.487,12.6854,64.7385,3.74953
-4.40882,500.208,9.58069,50.1298,3.36316
-0.137848,526.937,11.9627,60.5904,3.88275
-4.63216,500.12,9.49286,49.7572,3.33879
-1.00893,544.475,11.9446,60.8933,3.76778
-2.66849,508.541,10.4455,53.9239,3.56203
-4.66521,552.528,10.4736,54.912,3.3352
-1.85559,511.939,10.861,55.723,3.66073
-3.96348,559.139,10.9036,56.8542,3.41251
-2.76326,598.591,12.2487,63.2787,3.55077
0.399549,562.842,13.0493,65.8322,3.95625
0.29301,558.791,12.9016,65.138,3.94151
-0.506454,590.287,13.2084,67.0835,3.83348
0.260768,596.237,13.7488,69.4322,3.93707
-4.1651,539.708,10.4395,54.5196,3.39004
0.468923,579.633,13.4751,67.9453,3.96588
-2.56004,527.872,10.8895,56.1698,3.57497
-4.65626,570.68,10.8216,56.7326,3.33617
-3.26681,513.544,10.2988,53.4116,3.49181
1.21036,585.172,14.0023,70.221,4.07108
-3.10587,591.425,11.9374,61.8329,3.5105
0.940101,552.962,13.0933,65.7922,4.03226
-3.52395,572.348,11.3603,59.0337,3.46224
0.786213,553.294,13.0229,65.5123,4.0104
-2.38778,584.399,12.1387,62.5308,3.59567
0.156968,582.164,13.3699,67.5705,3.92282
-1.86224,523.981,11.1135,57.0216,3.6599
-0.611895,562.532,12.5353,63.7149,3.81956
0.306573,550.99,12.7282,64.2563,3.94339
0.75823,585.841,13.7739,69.3046,4.00645
0.920903,503.679,11.9174,59.8921,4.02953
-0.310108,518.411,11.6899,59.2845,3.85961
-1.79138,541.107,11.509,59.0194,3.66869
0.381248,503.65,11.6686,58.8748,3.95371
-2.27741,597.623,12.468,64.1735,3.60903
-0.184682,599.926,13.5947,68.8806,3.87644
-1.77423,543.406,11.5658,59.3027,3.67082
-0.453871,526.535,11.8062,59.9386,3.84045
-1.63095,552.249,11.821,60.5454,3.6887
-1.09005,570.937,12.4852,63.6875,3.75733
-1.1197,567.816,12.4024,63.2794,3.75352
-4.02816,558.245,10.8578,56.6439,3.40528
-4.55739,552.566,10.5201,55.1094,3.34692
-1.27652,580.455,12.6002,64.3643,3.73346
-0.22455,567.676,12.8438,65.0952,3.87108
-2.22757,511.182,10.6858,54.9794,3.61508
-2.45617,594.987,12.325,63.5237,3.58743
-4.98368,503.959,9.43038,49.5665,3.30094
-2.66333,550.708,11.3139,58.4049,3.56264
-1.32773,525.08,11.3751,58.1287,3.72695
-3.88084,554.973,10.8585,56.5823,3.42178
1.12949,525.538,12.5359,62.9041,4.05941
-2.52083,504.543,10.4246,53.7554,3.57967
-1.45152,554.697,11.958,61.1645,3.71126
-3.66415,513.035,10.1258,52.6759,3.44626
-4.11493,523.486,10.1462,52.9673,3.39561
-1.45215,524.025,11.2965,57.7812,3.71118
-0.567749,547.637,12.2246,62.115,3.82538
-1.47681,527.468,11.3596,58.1149,3.70807
0.1994,552.401,12.7075,64.2023,3.92864
1.64374,517.827,12.6008,62.9936,4.13449
-4.52494,550.625,10.4969,54.9739,3.35046
-2.40385,500.866,10.3969,53.565,3.59373
0.732944,546.263,12.8307,64.571,4.00288
-2.77424,520.4,10.644,54.9935,3.54947
-0.429371,565.081,12.6827,64.3767,3.84371
-3.64698,573.786,11.3327,58.9463,3.44821
-2.58741,573.486,11.8176,60.9697,3.5717
-1.24727,597.835,12.9925,66.3536,3.73719
1.76588,580.942,14.2036,70.9436,4.15262
-2.47911,553.024,11.4453,58.9999,3.58468
0.536574,522.462,12.1781,61.3749,3.97532
-2.21824,553.815,11.5813,59.5826,3.61621
-3.43348,581.99,11.5937,60.2045,3.4726
1.94812,520.38,12.8129,63.9127,4.1799
1.46619,514.607,12.4366,62.253,4.10833
-3.89025,509.781,9.97047,51.9589,3.42073
-2.20609,558.171,11.6781,60.0748,3.61769
0.610602,502.249,11.7408,59.139,3.98567
0.80578,560.461,13.2016,66.4019,4.01317
-4.1389,516.819,10.0073,52.252,3.39295
-3.75914,512.598,10.0786,52.469,3.4355
0.54153,528.469,12.3205,62.0904,3.97601
-2.78021,523.858,10.7122,55.3482,3.54876
-0.177891,551.394,12.4983,63.3221,3.87735
0.146368,502.494,11.5354,58.3037,3.92137
-4.96412,547.481,10.2529,53.8815,3.30303
-1.37882,513.209,11.0955,56.7217,3.72046
-1.79298,506.504,10.7724,55.2423,3.66849
-4.80745,553.257,10.4272,54.7296,3.31984
0.778218,506.013,11.9063,59.8989,4.00927
1.68129,551.087,13.4296,67.1189,4.14005
-1.72177,524.728,11.1915,57.3608,3.67735
0.477066,547.188,12.7248,64.1586,3.96702
1.99056,515.694,12.7183,63.4216,4.18629
-1.3333,583.565,12.6393,64.5917,3.72624
-1.94015,533.263,11.2754,57.8866,3.65028
-0.640792,594.926,13.2421,67.3219,3.81575
-0.225269,528.45,11.956,60.5958,3.87098
1.10323,504.605,12.0243,60.3486,4.05563
-0.98108,511.037,11.2234,57.2045,3.77138
-4.43693,503.569,9.63411,50.4204,3.36008
1.52448,535.223,12.9641,64.8659,4.11689
0.994812,515.534,12.233,61.4449,4.04008
0.379193,581.678,13.4753,67.9914,3.95343
1.04655,563.854,13.4065,67.3139,4.04749
-0.746714,544.406,12.0672,61.3973,3.80186
-3.17826,569.753,11.4667,59.4277,3.50207
-1.44802,500.727,10.796,55.2196,3.7117
1.04112,577.956,13.7389,68.9856,4.04671
-4.0943,553.579,10.7384,56.0498,3.39791
1.91243,541.64,13.318,66.4494,4.17454
-4.03419,526.999,10.2476,53.463,3.40461
1.15552,572.482,13.6695,68.5794,4.06316
-1.44903,510.35,11.0031,56.279,3.71158
-0.377474,594.136,13.3621,67.7988,3.85062
-4.99554,565.629,10.5793,55.6104,3.29967
-0.576095,599.667,13.3816,67.9984,3.82428
-3.00965,517.208,10.4797,54.2421,3.52174
-1.72483,555.075,11.8373,60.6723,3.67697
-3.86371,516.528,10.1132,52.692,3.42371
-2.94566,550.881,11.1905,57.8931,3.52925
-1.91366,523.815,11.0873,56.9095,3.65355
-3.83467,595.068,11.6646,60.7612,3.42698
-4.21822,586.716,11.3245,59.1658,3.38416
-4.75873,575.773,10.873,57.0477,3.32509
-3.57463,567.579,11.2427,58.4457,3.45645
-2.34094,530.289,11.0353,56.8267,3.60133
-2.64742,538.16,11.0631,57.1034,3.56454
-1.92218,531.304,11.2421,57.7073,3.65249
-0.473007,517.917,11.6043,58.9216,3.83791
-4.79264,582.503,10.9849,57.6506,3.32143
-3.88416,553.616,10.8305,56.4378,3.42141
-4.98831,580.682,10.864,57.1038,3.30044
-0.619679,513.026,11.4286,58.0932,3.81853
0.659771,571.107,13.3761,67.3516,3.99258
-0.0895532,508.011,11.5549,58.504,3.88927
-1.59368,508.02,10.8903,55.763,3.69337
0.177502,512.232,11.7733,59.4924,3.92563
-4.7752,523.961,9.88792,51.8862,3.32331
-2.4299,543.334,11.2668,58.0581,3.5906
-1.61199,570.15,12.2133,62.546,3.69107
-2.15834,512.332,10.7394,55.2259,3.62351
-3.00389,532.65,10.795,55.8719,3.52242
0.101161,571.655,13.0999,66.2332,3.91519
-2.21698,524.77,10.9745,56.4601,3.61637
0.511573,584.738,13.6164,68.6363,3.97183
-3.47358,558.472,11.1073,57.6967,3.468
-3.36566,547.172,10.9298,56.7272,3.4804
-0.263629,567.632,12.8231,65.0093,3.86583
-0.824781,572.243,12.6453,64.3762,3.79167
1.5592,526.117,12.7607,63.8321,4.122
-4.39342,512.423,9.82076,51.3798,3.36485
0.813553,539.132,12.7031,63.8906,4.01427
-2.35225,550.818,11.4574,59.0051,3.59996
-0.0440737,500.889,11.4132,57.7672,3.89543
-3.77403,546.156,10.732,55.8769,3.43382
-0.92972,572.827,12.606,64.2265,3.77803
-1.59537,543.338,11.6466,59.6365,3.69316
-3.91391,568.465,11.1076,57.8957,3.41807
-1.98957,504.619,10.6489,54.6904,3.64419
-0.18047,512.316,11.6113,58.8295,3.877
0.316107,501.008,11.5779,58.4451,3.9447
-1.24076,541.916,11.7802,60.1597,3.73802
0.880517,511.059,12.073,60.692,4.02378
-2.33238,567.208,11.8076,60.7997,3.60237
-4.07693,546.737,10.6131,55.3884,3.39984
-4.38514,525.552,10.0758,52.7104,3.36576
-4.9636,517.529,9.69221,50.9346,3.30308
-2.38358,576.103,11.9684,61.6515,3.59618
-1.50043,595.126,12.8047,65.5197,3.70509
-2.77014,555.343,11.3606,58.6938,3.54996
-0.253072,582,13.1532,66.6772,3.86725
1.48073,509.92,12.3303,61.7142,4.11047
1.20358,538.444,12.8807,64.5998,4.0701
0.217915,591.47,13.6161,68.7835,3.93118
-0.266631,510.761,11.537,58.4905,3.86543
0.705409,574.489,13.4792,67.8483,3.999
0.962277,595.072,14.1025,70.852,4.03543
-3.89209,515.722,10.0859,52.5612,3.42052
-3.8892,522.3,10.2157,53.2366,3.42084
-3.5676,554.321,10.9832,57.0935,3.45725
-1.27597,526.003,11.4184,58.3273,3.73353
-3.30469,539.789,10.8087,56.0725,3.48743
-0.537827,542.849,12.1319,61.6307,3.82933
-0.954669,547.294,12.0322,61.3148,3.7748
-2.49401,591.784,12.2402,63.1047,3.58289
0.0107775,586.818,13.3999,67.7953,3.90287
-1.83422,574.802,12.205,62.6084,3.66337
-4.56324,502.092,9.55691,50.0659,3.34628
-2.95089,514.732,10.454,54.085,3.52864
-3.67693,512.2,10.1041,52.5683,3.44481
-0.647602,597.863,13.3039,67.6396,3.81486
-1.0462,505.388,11.0709,56.4546,3.76297
-1.42771,531.615,11.4712,58.664,3.71427
-1.90539,516.215,10.9301,56.0987,3.65457
-1.03272,563.26,12.3452,62.9463,3.76471
-1.45694,534.256,11.5149,58.9003,3.71058
0.494999,522.745,12.1649,61.3275,3.96952
0.132414,548.817,12.592,63.6503,3.91946
-2.77183,527.318,10.7866,55.7289,3.54976
-1.5128,596.411,12.8261,65.6352,3.70353
-4.975,526.608,9.85768,51.8089,3.30186
-2.29683,599.901,12.5059,64.3778,3.60667
0.701207,558.304,13.0973,65.928,3.9984
-0.153706,540.545,12.264,62.1239,3.88061
-3.34822,588.529,11.7641,61.0493,3.48241
0.665124,587.302,13.7582,69.2731,3.99333
1.80001,504.626,12.354,61.6901,4.15771
-1.23372,555.275,12.074,61.6565,3.73892
-0.264531,573.292,12.9506,65.6557,3.86571
-2.43586,548.384,11.3688,58.5864,3.58988
-0.517466,524.305,11.7269,59.564,3.83202
1.66913,522.167,12.7189,63.5723,4.13824
1.01551,561.21,13.3276,66.9327,4.04304
1.92418,524.668,12.9065,64.3909,4.1763
-2.68372,560.219,11.4999,59.3744,3.56022
-2.09812,533.632,11.2127,57.6334,3.63087
0.79623,528.314,12.4398,62.5743,4.01182
-4.55869,561.491,10.6895,55.9972,3.34678
-1.77769,536.895,11.4257,58.5857,3.67039
1.86264,526.136,12.9119,64.4464,4.16707
-4.62695,526.159,9.98922,52.3568,3.33936
0.0955544,549.809,12.5966,63.6908,3.91442
-4.83479,534.826,10.0686,52.8591,3.31689
0.446228,562.397,13.0628,65.8775,3.96273
-1.54429,561.752,12.0657,61.7586,3.69957
1.39516,547.288,13.19,66.0586,4.09794
-3.20453,571.54,11.4905,59.5635,3.49902
-4.38274,590.251,11.3173,59.2041,3.36602
-1.10902,594.448,12.9896,66.27,3.75489
-2.07963,511.858,10.7631,55.3147,3.63314
1.84892,533.348,13.0819,65.3016,4.16502
0.200974,574.255,13.211,66.7456,3.92885
-4.85464,550.096,10.3478,54.3331,3.31476
-0.543838,564.781,12.6191,64.1084,3.82854
-1.51412,596.545,12.8283,65.6471,3.70337
-3.71982,541.676,10.6672,55.5162,3.43995
-0.97313,544.403,11.9599,60.9549,3.77241
-4.1811,580.423,11.2198,58.602,3.38827
-4.41913,579.993,11.1042,58.1062,3.36203
1.04153,592.028,14.0737,70.6662,4.04677
0.0217641,506.774,11.5771,58.5682,3.90437
0.420405,520.187,12.0702,60.8833,3.95914
0.172502,585.982,13.4658,68.0471,3.92495
-0.955781,510.898,11.2316,57.2352,3.77465
1.08679,564.82,13.4505,67.5149,4.05326
-0.749171,510.159,11.307,57.5305,3.80154
-1.50566,519.083,11.1663,57.1383,3.70443
0.311498,516,11.9222,60.1852,3.94407
-4.2461,537.923,10.371,54.1962,3.38107
0.0703796,541.223,12.3876,62.6461,3.91099
1.48568,574.288,13.8894,69.5153,4.11119
-4.15091,552.329,10.6898,55.8203,3.39162
-4.2857,549.308,10.5736,55.2719,3.3767
-1.3259,550.566,11.928,60.9536,3.72718
-0.202628,567.041,12.8405,65.0678,3.87402
1.87182,535.52,13.1468,65.6148,4.16845
-4.78848,528.659,9.97122,52.3287,3.32188
1.02493,534.88,12.707,63.8114,4.04439
-0.643937,566.554,12.609,64.1049,3.81534
-3.45482,595.715,11.8569,61.5817,3.47015
-0.803877,501.166,11.0838,56.4178,3.79439
-0.969851,512.057,11.2508,57.3393,3.77283
-3.44711,502.741,10.0095,51.9835,3.47104
-0.358885,580.355,13.0616,66.2653,3.85309
-1.40733,597.793,12.9096,66.0098,3.71685
1.65821,575.271,14.0065,70.0135,4.13663
1.14936,590.095,14.0867,70.6756,4.06227
-1.52527,503.766,10.8284,55.4174,3.70196
1.43758,511.082,12.3377,61.7709,4.10414
0.978361,511.113,12.1204,60.8864,4.03772
-1.74069,551.495,11.7536,60.2503,3.67499
1.95615,584.362,14.3927,71.7891,4.18111
-2.99166,575.755,11.6743,60.4173,3.52385
-0.0918028,511.481,11.6328,58.8993,3.88897
-1.07468,516.131,11.2935,57.6022,3.75931
-3.09044,592.188,11.9602,61.9435,3.5123
-1.22087,565.386,12.3001,62.8051,3.74056
-3.75421,567.766,11.1655,58.1252,3.43606
1.66367,513.212,12.4981,62.4714,4.13744
-3.49668,514.047,10.2143,53.0673,3.46536
-3.62052,555.538,10.9839,57.1206,3.45122
-0.250486,564.416,12.7571,64.668,3.86759
-4.52916,543.373,10.3569,54.2425,3.35
1.15248,591.031,14.1107,70.7946,4.06272
0.821922,530.16,12.4957,62.844,4.01546
-4.94986,573.421,10.7449,56.4608,3.30455
-1.30438,559.466,12.1312,61.9816,3.72991
-4.02747,510.606,9.93154,51.8113,3.40536
-4.608,533.66,10.1394,53.136,3.34141
-2.79937,541.984,11.0744,57.2279,3.5465
0.48709,510.332,11.8724,59.8561,3.96841
-3.86837,559.901,10.9604,57.1079,3.42318
-0.409944,539.48,12.1174,61.4981,3.84629
1.99865,583.83,14.4032,71.8195,4.18751
-2.58072,527.36,10.87,56.0779,3.5725
1.88564,597.604,14.6788,73.2534,4.17052
0.335763,571.34,13.2134,66.6912,3.94742
-3.54088,568.204,11.2704,58.5741,3.4603
-4.13296,528.627,10.2384,53.4561,3.39361
-1.18805,588.473,12.8189,65.4383,3.74476
1.55624,535.428,12.985,64.9556,4.12157
1.08505,581.581,13.8488,69.5147,4.05301
-1.05184,598.107,13.099,66.7998,3.76225
-4.73868,519.611,9.82037,51.5169,3.32725
1.58524,532.768,12.935,64.6919,4.12584
1.2757,569.676,13.6661,68.5024,4.08055
-3.74744,540.284,10.628,55.3239,3.43682
-2.69571,534.083,10.9582,56.5825,3.55879
-0.228873,537.637,12.1621,61.6421,3.87049
-3.99632,509.908,9.93043,51.7929,3.40884
-4.3982,593.218,11.367,59.4717,3.36433
-0.127545,550.552,12.5038,63.3266,3.88414
0.205985,569.247,13.0984,66.1741,3.92954
0.342971,555.934,12.8607,64.9077,3.94841
-3.21025,501.746,10.085,52.2801,3.49836
-3.11389,581.094,11.7251,60.737,3.50956
-1.70953,537.167,11.4624,58.7437,3.67888
1.22758,582.4,13.9452,69.9262,4.07357
1.02844,541.006,12.8543,64.5494,4.04489
-2.35777,557.613,11.5962,59.7224,3.5993
-2.25121,591.515,12.3535,63.5711,3.61221
-1.40998,563.704,12.1722,62.2404,3.71651
-1.36708,560.909,12.1324,62.0169,3.72195
-4.02555,587.439,11.4269,59.6112,3.40557
-0.484099,577.661,12.9372,65.6954,3.83644
1.79214,546.211,13.368,66.7573,4.15653
-0.253837,525.365,11.8729,60.1873,3.86714
-3.70121,536.299,10.5692,54.9983,3.44206
-3.11329,527.598,10.6459,55.1466,3.50963
1.65997,555.648,13.5296,67.629,4.13689
-4.4357,527.21,10.0869,52.7896,3.36021
-2.83945,567.001,11.567,59.792,3.54176
-1.07907,546.913,11.965,61.0291,3.75874
1.00636,591.64,14.0452,70.5416,4.04173
-4.59064,528.8,10.0541,52.6819,3.3433
-0.396796,593.127,13.3292,67.642,3.84804
-3.18584,537.539,10.815,56.0539,3.50119
-3.91879,554.682,10.8362,56.483,3.41752
-4.45311,537.881,10.2838,53.8276,3.35831
-4.33443,557.078,10.7021,55.9648,3.37133
-1.79738,555.612,11.8147,60.5898,3.66795
1.38506,531.547,12.8056,64.1382,4.09646
0.623688,519.994,12.1618,61.2537,3.98751
-4.91024,530.739,9.96115,52.326,3.30879
-2.75916,517.468,10.5904,54.7102,3.55126
1.92638,585.454,14.403,71.856,4.17663
1.23893,502.18,12.0297,60.3161,4.07521
1.13004,556.709,13.2797,66.6363,4.05948
0.388633,502.272,11.6401,58.7274,3.95473
-1.67807,547.061,11.6881,59.8861,3.6828
1.73404,535.266,13.0707,65.3002,4.14788
-3.75688,568.063,11.1702,58.1506,3.43576
-3.53445,536.752,10.6493,55.3434,3.46104
-1.81661,599.062,12.729,65.2877,3.66556
1.88376,563.164,13.8319,69.0278,4.17023
-4.07342,505.147,9.80718,51.1808,3.40023
-1.61264,542.882,11.6289,59.5534,3.69099
-4.09462,512.945,9.95006,51.935,3.39787
1.61311,595.853,14.4823,72.4156,4.12996
1.30148,554.877,13.3244,66.7771,4.08429
-4.85961,560.397,10.5394,55.3415,3.31423
-3.37645,586.642,11.7131,60.798,3.47915
-4.92238,586.375,10.9999,57.7882,3.30749
-3.08777,555.358,11.2175,58.0961,3.51261
0.0613387,508.091,11.6252,58.7943,3.90975
-1.89713,533.715,11.3043,58.0158,3.65559
-1.43305,542.015,11.6931,59.8014,3.7136
-2.34718,505.572,10.5183,54.1671,3.60058
-0.393475,548.221,12.3217,62.5274,3.84848
1.86792,593.779,14.5749,72.7441,4.16786
-2.78502,566.293,11.5777,59.8224,3.54819
-3.18355,562.373,11.3157,58.6479,3.50146
1.47563,550.498,13.3088,66.6146,4.10972
1.34529,556.536,13.387,67.0693,4.09066
-2.74805,596.657,12.2165,63.1052,3.55257
-3.84041,592.912,11.6197,60.5298,3.42633
-3.73605,584.981,11.5125,59.9229,3.43811
-2.91569,508.341,10.3388,53.4743,3.53277
-4.53797,595.488,11.3462,59.4278,3.34904
-2.90523,582.513,11.8522,61.2974,3.534
1.19673,500.874,11.9788,60.0793,4.06911
-3.70555,500.475,9.86148,51.3173,3.44157
1.79869,563.813,13.8023,68.9228,4.15751
-3.32162,557.729,11.1604,57.9043,3.48547
-1.3896,517.262,11.1783,57.1498,3.71909
-0.357167,502.637,11.3133,57.3945,3.85332
-0.680388,540.205,12.0054,61.0525,3.81055
-3.25241,594.368,11.9266,61.8466,3.49347
-0.45036,504.352,11.3104,57.4199,3.84092
0.937447,544.161,12.8835,64.7395,4.03188
-2.81981,598.9,12.2273,63.1959,3.54408
-2.15685,534.009,11.1944,57.5654,3.62369
1.43579,594.704,14.3554,71.8737,4.10388
-1.34292,595.89,12.9013,65.9355,3.72502
-2.23446,581.836,12.1594,62.5646,3.61424
1.251,572.926,13.7309,68.8396,4.07696
-4.01682,513.409,9.99036,52.1138,3.40655
0.668243,563.533,13.203,66.4761,3.99377
1.87615,571.561,14.034,70.0403,4.16909
-3.24581,533.077,10.6995,55.4808,3.49424
0.475114,541.959,12.6023,63.5415,3.96675
1.82477,567.588,13.9087,69.4411,4.16141
1.50783,502.425,12.1618,60.8591,4.11444
-2.05518,520.671,10.959,56.3113,3.63613
1.2784,523.924,12.5699,63.0062,4.08094
-2.5982,534.97,11.0192,56.8551,3.57041
-0.322333,519.514,11.7091,59.3875,3.85797
0.612989,596.93,13.9554,70.2928,3.98601
-0.167645,536.778,12.1719,61.6636,3.87873
-3.72844,548.147,10.7909,56.1636,3.43897
-2.49122,570.373,11.7986,60.827,3.58322
-3.9946,542.718,10.5701,55.1287,3.40903
-4.88048,575.306,10.8106,56.7751,3.31199
-2.85159,542.353,11.0588,57.1704,3.54033
-0.772958,532.512,11.7914,60.0057,3.79843
-2.22302,548.784,11.4739,59.0323,3.61563
-0.954142,505.963,11.1238,56.6853,3.77487
-2.91482,508.927,10.351,53.5373,3.53287
1.70511,588.988,14.3665,71.7888,4.14358
0.740162,576.596,13.547,68.172,4.0039
-3.11444,513.496,10.3609,53.6706,3.5095
-0.512948,582.226,13.0247,66.1537,3.83262
-2.01666,587.691,12.3886,63.6383,3.64086
-2.28972,513.662,10.7111,55.1357,3.60753
-4.8439,524.394,9.86857,51.8126,3.31592
-4.58569,520.809,9.90417,51.8942,3.34384
-2.34804,564.668,11.7474,60.497,3.60047
-2.18627,532.54,11.1506,57.3527,3.62011
-0.919413,500.065,11.0092,56.0866,3.77937
0.787315,518.944,12.2149,61.4473,4.01056
-4.10502,563.172,10.9198,57.0012,3.39672
-4.16312,568.013,10.9879,57.3826,3.39026
-4.18923,549.09,10.6106,55.4238,3.38737
-1.74306,521.977,11.1235,57.0212,3.6747
-2.93714,597.5,12.1417,62.8097,3.53025
-1.1969,513.894,11.1904,57.1289,3.74363
-3.58832,595.878,11.7968,61.3324,3.45489
-2.27883,581.735,12.1359,62.4645,3.60885
0.420034,500.252,11.6075,58.5494,3.95909
-3.85939,521.215,10.2068,53.1775,3.4242
-1.35212,500.561,10.8335,55.371,3.72385
0.773064,568.684,13.3782,67.3065,4.00854
-1.18046,519.79,11.3262,57.8148,3.74573
-1.05242,575.702,12.6081,64.2963,3.76217
-1.05796,530.5,11.6156,59.2374,3.76146
-3.35786,582.154,11.6322,60.3692,3.4813
-3.66494,508.678,10.0395,52.2272,3.44617
-2.93003,593.489,12.0636,62.4024,3.53109
-1.6097,588.708,12.612,64.5866,3.69136
-4.38233,519.16,9.95433,52.0741,3.36607
-1.2613,535.99,11.6419,59.4627,3.7354
-1.79099,538.015,11.4435,58.6828,3.66874
-4.62529,526.063,9.98806,52.35,3.33954
0.532294,509.769,11.8802,59.8758,3.97472
-2.77137,551.303,11.2774,58.2645,3.54981
-4.1929,516.07,9.97108,52.0846,3.38696
-1.37717,505.306,10.9253,55.8511,3.72067
-4.08729,562.229,10.9093,56.9386,3.39869
1.89644,581.182,14.2814,71.2647,4.17214
-0.291316,558.17,12.5957,63.8694,3.86212
-3.85524,561.934,11.006,57.3397,3.42466
-3.59957,572.823,11.3352,58.938,3.45361
0.240348,526.55,12.1322,61.2774,3.93426
-1.85699,519.429,11.0193,56.5358,3.66055
-0.0228446,560.172,12.7746,64.6478,3.89831
-2.16002,580.315,12.1636,62.5507,3.62331
1.5528,529.457,12.8385,64.2243,4.12106
1.36403,506.197,12.185,61.0389,4.0934
-1.11206,547.207,11.9558,60.9974,3.7545
-1.97165,558.338,11.7909,60.5473,3.6464
-4.19587,573.025,11.0702,57.8272,3.38663
-0.924015,528.951,11.643,59.3178,3.77877
-2.64226,573.433,11.7907,60.8563,3.56515
-4.3341,507.257,9.74509,50.9603,3.37137
-0.32008,569.974,12.8476,65.1605,3.85828
-1.20177,553.956,12.0605,61.573,3.743
1.52143,586.415,14.2024,71.0632,4.11644
-3.39214,589.629,11.7654,61.0765,3.47735
-3.23044,506.224,10.1668,52.7124,3.49602
-3.94789,517.867,10.1051,52.6842,3.41426
0.930113,530.657,12.5602,63.1183,4.03084
-3.01712,572.781,11.6022,60.0557,3.52087
-4.17549,550.662,10.6469,55.6073,3.38889
1.21814,517.035,12.3756,62.0597,4.0722
0.769595,585.506,13.7721,69.2898,4.00805
-3.49623,541.574,10.7614,55.9098,3.46541
-4.34174,573.633,11.0169,57.6142,3.37053
-1.76014,501.09,10.6711,54.7095,3.67257
1.08331,522.321,12.4368,62.428,4.05276
-3.37771,562.736,11.2352,58.318,3.47901
-0.567444,500.32,11.1685,56.7488,3.82542
0.697475,551.858,12.9442,65.1591,3.99788
-3.94912,529.299,10.3277,53.8451,3.41412
-2.97966,526.218,10.675,55.2405,3.52526
-1.20459,550.149,11.9763,61.1443,3.74264
-0.946327,505.823,11.1241,56.6838,3.77588
-1.41293,593.17,12.8069,65.4877,3.71614
-2.9695,502.713,10.2023,52.7904,3.52645
-1.32312,535.043,11.593,59.2403,3.72753
-1.96592,588.803,12.4371,63.8628,3.6471
-0.12565,597.652,13.5746,68.7483,3.88439
1.85971,540.979,13.2746,66.2584,4.16663
1.31623,585.886,14.0771,70.5417,4.08643
-4.35858,541.373,10.3902,54.3442,3.36868
0.840324,545.548,12.8676,64.7057,4.01807
-1.31431,566.824,12.2859,62.7768,3.72865
-4.36702,564.331,10.8271,56.6333,3.36775
-1.62054,542.105,11.6086,59.4532,3.69
-3.65573,551.183,10.8824,56.6082,3.44722
-4.72126,558.182,10.5568,55.3725,3.32914
0.532819,564.473,13.1554,66.3023,3.97479
-3.17558,539.682,10.8626,56.2961,3.50239
-4.33381,519.301,9.97659,52.1707,3.3714
-2.13938,533.61,11.1938,57.5547,3.62583
-4.19807,539.926,10.4298,54.4831,3.38639
1.25429,574.378,13.7675,69.0213,4.07744
-4.20862,578.001,11.1606,58.3052,3.38522
-2.88084,523.358,10.659,55.116,3.53688
-3.9324,553.405,10.8053,56.328,3.41599
-0.628672,537.661,11.9731,60.8652,3.81735
-0.605184,594.453,13.2501,67.3448,3.82044
-4.24529,506.68,9.76897,51.0497,3.38116
1.245,554.231,13.2797,66.5807,4.07609
-0.0157347,527.369,12.0299,60.8759,3.89927
0.564619,584.699,13.6437,68.7471,3.97923
1.43081,591.983,14.2869,71.5336,4.10315
-2.41838,596.277,12.3703,63.7389,3.59198
1.59621,507.809,12.3343,61.6826,4.12746
-3.28612,508.306,10.1859,52.8337,3.48957
-0.917822,508.961,11.2057,57.0873,3.77957
-1.54283,515.357,11.0699,56.6606,3.69975
0.706574,582.314,13.6634,68.7749,3.99916
-0.134939,579.023,13.1467,66.5858,3.88314
-1.24466,507.304,11.0261,56.3103,3.73752
-0.569923,534.121,11.9218,60.5779,3.82509
-4.44119,590.715,11.2994,59.1378,3.35961
-0.26144,562.001,12.697,64.3689,3.86613
0.343548,592.56,13.7083,69.1853,3.94849
-3.57086,502.448,9.95408,51.7452,3.45688
-0.305245,579.076,13.0603,66.2322,3.86026
-0.189544,581.892,13.1835,66.7997,3.87578
-3.0462,579.958,11.7339,60.7511,3.51747
-3.44433,553.555,11.0224,57.2429,3.47135
1.95777,568.692,14.0076,69.8675,4.18135
1.68932,587.227,14.3148,71.5386,4.14124
-1.68212,564.649,12.0619,61.8034,3.6823
-4.13552,548.839,10.6288,55.4954,3.39333
-3.16447,533.901,10.751,55.7131,3.50368
-0.962718,577.32,12.6883,64.662,3.77376
1.42082,506.237,12.2128,61.153,4.10169
-1.92711,553.201,11.7031,60.0762,3.65189
-3.8065,563.508,11.0585,57.5914,3.43015
1.63403,532.394,12.9504,64.7458,4.13305
-3.87027,535.049,10.4731,54.5697,3.42297
1.90549,541.451,13.3098,66.4117,4.17349
-0.125251,543.342,12.3412,62.5018,3.88445
-3.7228,503.591,9.91599,51.6078,3.43961
-1.6506,581.649,12.4406,63.7285,3.68624
-2.92536,580.524,11.8023,61.0484,3.53164
-3.81083,529.122,10.3819,54.0695,3.42967
-0.225526,545.199,12.3348,62.5158,3.87094
-0.89283,595.841,13.1315,66.8855,3.78282
-2.55313,531.632,10.9701,56.5825,3.5758
-0.619945,521.472,11.6166,59.049,3.8185
0.785805,594.951,14.0031,70.4437,4.01035
-0.222923,561.362,12.7018,64.3745,3.87129
1.92257,570.566,14.0347,70.0204,4.17606
-4.07171,519.311,10.0829,52.6188,3.40042
0.6926,512.652,12.0223,60.5207,3.99719
-0.872659,501.241,11.0554,56.3026,3.78544
1.92318,559.552,13.7641,68.6701,4.17615
-0.66514,521.134,11.5885,58.9258,3.81255
1.00507,592.614,14.0677,70.6548,4.04154
-0.589204,547.248,12.2056,62.0285,3.82255
-0.811494,573.82,12.6867,64.5809,3.7934
0.797589,531.314,12.5111,62.9324,4.01201
-0.930504,579.999,12.7634,65.029,3.77793
-3.59667,558.884,11.0607,57.5092,3.45394
-4.26143,525.259,10.1206,52.8938,3.37938
-0.660558,553.519,12.3108,62.5968,3.81316
0.498377,521.224,12.1311,61.1556,3.96999
-3.95159,557.455,10.876,56.7048,3.41384
-2.9518,504.643,10.2487,53.0233,3.52853
-4.66282,540.014,10.2374,53.6725,3.33546
1.69086,544.946,13.2849,66.3909,4.14147
0.576285,529.887,12.3703,62.3255,3.98087
1.81249,516.519,12.6513,63.1688,4.15957
-2.54613,594.783,12.2767,63.318,3.57664
0.073996,528.806,12.1052,61.2159,3.91148
-2.0363,579.512,12.2067,62.7131,3.63845
1.12291,583.865,13.9236,69.8711,4.05846
-3.7377,556.932,10.9597,57.0466,3.43793
-0.603419,594.188,13.2451,67.3186,3.82067
-3.34196,529.855,10.594,54.9742,3.48313
1.31801,578.195,13.8933,69.6196,4.08669
-4.76834,517.284,9.76464,51.2365,3.32405
0.0084693,560.958,12.8083,64.8029,3.90256
0.774431,564.539,13.2814,66.8188,4.00874
-0.519107,582.442,13.0264,66.1652,3.83181
-3.95687,501.707,9.78626,51.0253,3.41325
-1.61081,571.75,12.2482,62.7239,3.69122
-1.46385,572.61,12.3382,63.1148,3.7097
1.00602,564.796,13.4078,67.3401,4.04168
0.546767,524.262,12.2249,61.6063,3.97674
-2.30128,528.85,11.0228,56.7448,3.60613
-1.4561,510.794,11.0096,56.3152,3.71068
-0.0872536,592.321,13.4737,68.2183,3.88958
1.65441,593.755,14.4544,72.2545,4.13607
-2.42007,538.451,11.1699,57.5545,3.59178
-0.455639,530.995,11.9054,60.443,3.84022
-2.63401,515.791,10.609,54.7535,3.56614
-0.71321,506.099,11.2329,57.1382,3.80625
-3.62811,519.211,10.2626,53.3724,3.45036
0.620685,562.677,13.1585,66.2753,3.98709
-2.65105,526.289,10.8175,55.8372,3.5641
-4.22684,588.888,11.3624,59.3681,3.3832
-1.35332,571.126,12.3601,63.1744,3.7237
-4.44293,513.658,9.82476,51.4206,3.35942
-2.63984,506.015,10.4055,53.7057,3.56544
-4.48994,559.691,10.6849,55.9429,3.35428
-2.47019,555.983,11.5106,59.3326,3.58575
-2.98349,525.292,10.6546,55.1365,3.52481
-4.76523,532.826,10.0593,52.7813,3.32439
-3.68269,575.006,11.3405,59.0033,3.44416
1.53677,589.816,14.2932,71.5099,4.1187
-4.51823,596.852,11.3813,59.6023,3.35119
-2.95536,553.381,11.237,58.1376,3.52811
-3.99389,553.902,10.7883,56.266,3.40911
-2.66825,593.398,12.1885,62.9223,3.56206
1.47735,579.609,14.0136,70.141,4.10997
-3.76785,576.524,11.3315,58.9956,3.43452
-0.326218,585.764,13.2003,66.9525,3.85746
-0.746956,529.973,11.7471,59.7691,3.80183
-0.00428407,503.157,11.4828,58.1021,3.90083
-2.07141,510.578,10.7397,55.1909,3.63414
-0.914415,551.617,12.1465,61.8786,3.78001
-4.93099,583.852,10.9488,57.5234,3.30657
-4.38623,531.891,10.1968,53.3444,3.36564
-3.42471,538.02,10.7215,55.6718,3.47361
1.68095,522.929,12.7433,63.6888,4.14
-0.0203475,592.816,13.5204,68.4206,3.89864
-2.68722,574.014,11.7815,60.8296,3.5598
-2.61647,550.833,11.3377,58.5065,3.56823
-3.45621,500.79,9.96702,51.7665,3.46999
-1.04067,515.487,11.2946,57.5929,3.76369
0.540273,550.405,12.8313,64.6651,3.97583
-1.76217,524.789,11.1749,57.2932,3.67232
-2.57528,504.913,10.4096,53.7004,3.57315
-0.496942,589.433,13.1942,67.0067,3.83474
-0.663436,514.934,11.4514,58.228,3.81278
0.0806292,576.835,13.208,66.79,3.91238
1.74572,528.581,12.9133,64.5084,4.14962
-4.95685,557.313,10.4401,54.8622,3.3038
-2.62055,571.494,11.761,60.6931,3.56774
-0.889074,534.941,11.7911,60.0564,3.7833
1.6876,521.033,12.7003,63.4711,4.14098
-3.63943,513.775,10.1505,52.7942,3.44907
-0.570074,552.053,12.322,62.6114,3.82507
-0.0377546,547.62,12.4811,63.1693,3.89628
-0.895041,555.974,12.2518,62.4059,3.78253
-0.00746426,585.027,13.3495,67.5493,3.90039
-4.06937,507.151,9.84769,51.3906,3.40068
1.72185,552.785,13.4922,67.4116,4.14607
-3.45859,565.954,11.2629,58.4981,3.46972
0.15305,531.428,12.2029,61.674,3.92228
1.02135,596.972,14.1801,71.211,4.04387
-2.61801,567.384,11.6776,60.2615,3.56804
0.526505,594.613,13.8544,69.8285,3.97391
0.733905,500.739,11.7619,59.1915,4.00301
1.07186,532.564,12.675,63.6293,4.05112
-2.50769,572.081,11.8262,60.9767,3.58124
-3.68546,529.101,10.4339,54.2879,3.44385
-0.764852,560.691,12.4193,63.1973,3.79949
-2.53322,595.16,12.2908,63.3846,3.57818
-1.3335,588.825,12.7531,65.1734,3.72621
0.0509323,521.049,11.9168,60.2738,3.90834
-4.91472,534.852,10.0365,52.7237,3.30831
-3.02707,563.539,11.4104,59.0677,3.5197
-4.15457,588.838,11.3947,59.5029,3.39121
-0.574095,542.021,12.0962,61.4657,3.82454
-1.79482,561.518,11.9416,61.2389,3.66826
1.64185,577.798,14.0591,70.2849,4.13421
-4.54502,566.797,10.7965,56.5515,3.34827
-0.98451,592.541,13.0117,66.3207,3.77094
-4.67696,567.975,10.7613,56.4255,3.33393
0.81235,534.203,12.5863,63.3041,4.0141
-0.846443,532.187,11.7501,59.8286,3.78885
-0.306841,526.343,11.8703,60.1978,3.86005
1.60903,567.006,13.779,68.9009,4.12935
-3.63316,572.69,11.3173,58.8601,3.44979
-0.0251292,528.178,12.0439,60.951,3.898
-4.95707,522.892,9.79524,51.4734,3.30378
-3.74183,552.735,10.8753,56.6092,3.43746
1.99982,523.251,12.9093,64.3698,4.18769
-0.441644,592.162,13.2841,67.4356,3.84208
1.30635,504.505,12.1171,60.7243,4.085
-3.65794,510.264,10.0736,52.4019,3.44697
-0.514217,559.126,12.5073,63.5264,3.83245
-1.01094,559.401,12.2711,62.5586,3.76752
-3.02292,506.971,10.2668,53.1456,3.52019
0.123435,587.74,13.4803,68.1451,3.91823
-1.4849,572.73,12.3305,63.0854,3.70705
0.22619,551.036,12.6893,64.0981,3.93232
1.2755,534.11,12.8128,64.2252,4.08052
-1.76671,528.046,11.2422,57.6404,3.67176
-1.26377,532.408,11.563,59.0607,3.73509
-0.340176,593.168,13.3598,67.7687,3.85559
-4.4835,576.211,11.0031,57.6062,3.35498
1.39423,571.256,13.7672,68.9494,4.0978
-4.7031,577.118,10.9229,57.285,3.3311
1.54388,506.627,12.2807,61.4378,4.11975
-2.39507,541.407,11.2424,57.9171,3.59479
0.733686,529.146,12.429,62.5491,4.00298
0.305545,521.998,12.058,60.8733,3.94324
1.15861,516.109,12.3249,61.8323,4.0636
-2.66729,529.569,10.8779,56.1558,3.56217
-1.20332,541.212,11.7823,60.1535,3.7428
-3.04209,501.701,10.1523,52.5606,3.51795
-4.52705,558.606,10.6482,55.767,3.35023
1.8228,564.55,13.8333,69.0653,4.16111
-1.66434,592.499,12.6658,64.8887,3.68452
1.57897,507.902,12.3283,61.6605,4.12492
-2.059,547.096,11.5135,59.162,3.63566
-1.88263,535.624,11.3513,58.2505,3.65738
-4.86359,513.847,9.66237,50.7379,3.3138
-0.795552,571.58,12.6452,64.3616,3.79548
-4.43804,561.199,10.7362,56.1887,3.35996
-1.30943,501.878,10.8803,55.5926,3.72927
-3.68158,558.964,11.0246,57.3592,3.44429
-2.72335,526.013,10.7807,55.6779,3.55551
-4.54004,599.854,11.4285,59.8595,3.34881
-4.01936,507.505,9.87446,51.5102,3.40626
-1.55586,523.378,11.2363,57.5185,3.69812
-0.858685,509.022,11.2332,57.202,3.78725
1.65803,582.363,14.179,70.8762,4.1366
-1.14019,502.884,10.9752,56.0064,3.75089
0.576015,579.772,13.5347,68.1925,3.98083
0.154009,576.731,13.2436,66.9336,3.92241
1.82955,590.194,14.4654,72.2177,4.16212
0.736293,509.88,11.9777,60.2767,4.00335
-2.4079,594.432,12.3372,63.5632,3.59325
-2.9707,594.717,12.0689,62.4494,3.52631
-0.331844,528.578,11.909,60.4053,3.8567
-3.59509,582.617,11.5311,59.9544,3.45412
1.18758,552.1,13.1992,66.2047,4.06779
-2.60994,592.392,12.1962,62.9339,3.56901
0.681662,568.501,13.3264,67.0906,3.99565
-1.04724,578.087,12.6629,64.5733,3.76284
1.69108,506.293,12.3427,61.6822,4.1415
-3.77077,515.139,10.1238,52.7091,3.43419
-4.78553,566.272,10.6819,56.0572,3.3222
-4.14327,583.236,11.2914,58.9585,3.39247
-0.690919,524.648,11.6548,59.2744,3.80917
-2.21424,574.016,12.0057,61.7639,3.6167
-1.99689,588.2,12.4091,63.7339,3.64329
-0.687768,572.831,12.7267,64.7246,3.80958
-0.471668,509.742,11.4217,57.9941,3.83809
1.57664,574.118,13.9343,69.6941,4.12457
-2.57292,591.883,12.2038,62.9549,3.57343
-3.48102,527.265,10.4835,54.4594,3.46715
-4.61977,553.612,10.5135,55.1015,3.34014
-3.96969,531.751,10.3669,54.0583,3.41182
-4.28327,552.441,10.635,55.5916,3.37697
-3.58803,509.366,10.0842,52.4285,3.45492
-4.56384,554.606,10.5562,55.3012,3.34622
-3.03456,559.602,11.3273,58.6409,3.51883
-4.08225,505.163,9.804,51.1677,3.39925
-0.686835,561.219,12.4692,63.4145,3.80971
-2.7357,599.889,12.2888,63.4724,3.55404
-2.59608,573.253,11.8087,60.9279,3.57066
-1.99813,519.578,10.9608,56.2962,3.64314
0.444005,525.51,12.205,61.5524,3.96242
-1.27005,529.424,11.4954,58.7178,3.73429
-2.0921,507.437,10.6648,54.8149,3.63161
1.60509,576.982,14.0193,70.1045,4.12877
-2.11875,541.044,11.3591,58.3952,3.62835
-1.13617,581.53,12.6937,64.7736,3.75141
-3.72423,569.306,11.2093,58.3396,3.43945
-4.86963,574.72,10.8044,56.7373,3.31315
-4.93918,547.771,10.2688,53.9541,3.30569
0.514681,594.671,13.8494,69.8091,3.97226
0.86786,518.869,12.2515,61.595,4.02198
0.648968,536.809,12.5675,63.2851,3.99106
-3.67905,521.948,10.2955,53.5651,3.44457
-2.73079,580.905,11.9022,61.4734,3.55462
-2.28837,554.998,11.5737,59.5753,3.6077
-0.0284371,568.928,12.9715,65.6467,3.89755
-3.26298,598.025,11.9949,62.2058,3.49225
-1.62878,501.292,10.7311,54.9626,3.68897
-3.19843,551.98,11.1,57.5364,3.49973
-0.449493,507.167,11.3739,57.7419,3.84104
0.531217,554.119,12.9133,65.0828,3.97457
0.766841,556.046,13.0778,65.7977,4.00767
1.30264,515.399,12.377,62.0284,4.08446
0.47791,586.035,13.6287,68.7152,3.96714
1.86503,590.906,14.5027,72.3856,4.16743
0.225744,576.484,13.2751,67.0574,3.93225
0.705193,528.586,12.4021,62.4266,3.99897
-4.26846,581.251,11.1963,58.5188,3.3786
1.23346,574.739,13.765,69.0192,4.07442
0.905684,537.711,12.7151,63.9081,4.02736
0.639897,544.454,12.7419,64.168,3.98978
-0.172833,516.253,11.7041,59.296,3.87803
-4.98659,531.735,9.94897,52.2934,3.30063
-3.61053,527.147,10.4268,54.2191,3.45236
-1.97018,541.458,11.4351,58.7196,3.64658
-3.71657,576.724,11.3589,59.1144,3.44032
-3.05794,502.591,10.1638,52.6269,3.51609
-0.576925,594.117,13.2573,67.3673,3.82417
-2.98138,592.298,12.0147,62.1739,3.52506
-0.331435,585.83,13.1991,66.9489,3.85676
0.516648,522.104,12.1603,61.2942,3.97253
-1.05549,534.675,11.7081,59.7084,3.76178
-2.84147,526.697,10.7439,55.5382,3.54152
1.58747,535.212,12.9955,64.9933,4.12617
-3.46163,562.239,11.1876,58.1083,3.46937
-0.186092,516.676,11.7076,59.3196,3.87625
-3.18743,592.407,11.9182,61.7724,3.50101
-0.813926,569.115,12.5815,64.0465,3.79308
-0.149134,587.493,13.3315,67.5293,3.88122
1.89244,563.063,13.834,69.0342,4.17154
-2.83288,590.26,12.0447,62.2579,3.54253
-1.99785,586.023,12.3627,63.496,3.64317
-0.098523,561.462,12.7662,64.6411,3.88806
-3.38136,582.858,11.6353,60.3962,3.47859
-4.83928,560.993,10.5593,55.4371,3.31641
-1.83444,570.469,12.1129,62.136,3.66335
-4.15055,561.675,10.8708,56.7655,3.39166
-2.22949,551.648,11.5308,59.328,3.61485
-4.14779,578.837,11.2042,58.5053,3.39196
-2.18206,583.837,12.2267,62.8857,3.62062
-3.73435,529.094,10.4133,54.201,3.43831
1.75734,533.045,13.0283,65.077,4.15135
-1.21281,549.176,11.9512,61.0201,3.74159
-0.501314,595.234,13.3218,67.6568,3.83416
-1.69319,540.338,11.5375,59.1215,3.68092
1.82163,597.919,14.6502,73.1447,4.16094
-0.251051,544.032,12.2961,62.3315,3.86752
-3.10484,582.025,11.7481,60.8521,3.51062
1.12635,575.793,13.7329,68.9126,4.05895
1.35739,503.192,12.1095,60.6638,4.09243
-1.38046,502.652,10.8665,55.5519,3.72025
-4.90014,589.991,11.0778,58.1869,3.30988
1.40746,507.071,12.2266,61.228,4.09974
-3.26341,534.886,10.7283,55.6375,3.4922
-4.30878,524.229,10.0815,52.7088,3.37416
-1.91211,543.213,11.4986,59.0199,3.65374
1.73557,567.953,13.8698,69.2912,4.14811
-0.768374,566.15,12.5385,63.8055,3.79903
-4.90101,571.993,10.7394,56.4102,3.30978
-2.72153,536.804,11.0027,56.8235,3.55572
-4.61815,502.635,9.54601,50.0303,3.34031
0.800475,544.353,12.8195,64.4827,4.01242
0.686698,555.947,13.0347,65.6196,3.99636
-0.0915967,529.956,12.0531,61.0273,3.88899
-0.150192,560.562,12.7199,64.4315,3.88108
-1.98261,587.699,12.4055,63.7089,3.64505
-3.30205,534.687,10.7077,55.5472,3.48773
-0.662707,509.875,11.3392,57.6572,3.81287
-0.915757,514.756,11.3342,57.7411,3.77984
-3.32864,506.429,10.131,52.5663,3.48466
-3.47931,529.726,10.5332,54.7167,3.46734
1.77787,561.065,13.724,68.542,4.15441
-2.45251,557.279,11.5456,59.5048,3.58787
-0.449219,591.251,13.2598,67.3156,3.84107
-2.16553,598.976,12.552,64.5507,3.62264
-4.83106,569.939,10.7313,56.3363,3.3173
1.36261,562.769,13.546,67.8574,4.09319
0.274621,533.734,12.3142,62.1809,3.93898
-3.86526,545.044,10.6709,55.5981,3.42354
-3.83859,531.212,10.4113,54.2342,3.42654
1.66568,593.412,14.4523,72.2384,4.13773
-3.50688,520.435,10.337,53.709,3.46419
-4.7726,566.312,10.6883,56.0849,3.32359
-2.3537,529.468,11.0126,56.7154,3.59979
-1.61876,589.705,12.6288,64.6772,3.69022
-1.47817,524.124,11.287,57.744,3.7079
-4.3364,593.337,11.3977,59.6035,3.37112
1.8379,590.931,14.4881,72.3269,4.16337
-4.64355,597.283,11.3319,59.4019,3.33755
-0.624719,528.744,11.7764,59.8633,3.81787
-2.38941,594.946,12.357,63.656,3.59548
-2.28515,506.318,10.5599,54.3554,3.60809
-3.04524,525.935,10.6413,55.0939,3.51758
-3.53308,539.551,10.7054,55.6345,3.46119
-2.33613,587.971,12.238,63.0178,3.60191
-4.34216,593.84,11.4047,59.6429,3.37048
-3.87097,537.303,10.5169,54.7983,3.42289
1.84416,515.788,12.6489,63.1422,4.1643
-3.19262,521.057,10.4806,54.3233,3.50041
-0.804673,578.419,12.7919,65.1127,3.79429
1.39464,554.624,13.3665,66.9428,4.09786
-2.47982,516.889,10.6971,55.1435,3.58459
-3.34719,514.451,10.2838,53.3668,3.48253
-3.61683,510.236,10.0897,52.469,3.45164
-1.2959,519.97,11.2786,57.6216,3.73099
1.60106,563.527,13.6902,68.461,4.12818
-0.867575,591.11,13.0402,66.4079,3.7861
-2.42827,501.958,10.4095,53.6396,3.59079
-1.38028,538.899,11.6502,59.5582,3.72028
-0.995489,537.27,11.7928,60.1133,3.76952
-3.89715,596.015,11.6538,60.7345,3.41995
-4.03199,546.444,10.6267,55.4396,3.40485
-3.81612,593.068,11.6341,60.5935,3.42907
0.305096,504.014,11.6424,58.7753,3.94318
-1.48274,559.764,12.0523,61.6615,3.70732
1.58614,522.68,12.6905,63.4688,4.12597
0.727471,567.412,13.3246,67.0592,4.00211
-3.09782,533.217,10.766,55.7618,3.51144
-0.651753,528.316,11.7544,59.7634,3.81431
-2.58674,556.414,11.4661,59.156,3.57178
-2.94147,505.904,10.2786,53.1736,3.52974
0.762138,547.17,12.8666,64.7378,4.007
-3.55819,544.841,10.7994,56.1342,3.45833
-4.66134,598.141,11.34,59.4527,3.33562
0.367549,533.145,12.3454,62.2956,3.95181
1.62417,574.778,13.976,69.8786,4.13159
1.1561,558.072,13.3257,66.8545,4.06324
-3.89808,501.819,9.81166,51.1344,3.41985
1.17752,552.501,13.2036,66.2318,4.06633
-1.05128,586.289,12.8405,65.481,3.76232
-3.6747,551.404,10.8785,56.596,3.44507
-4.9301,597.109,11.1978,58.8312,3.30667
-4.27344,569.567,10.969,57.3332,3.37805
-1.60295,532.389,11.4085,58.4205,3.6922
-1.79454,560.676,11.9238,61.1477,3.6683
-0.624572,576.842,12.8477,65.3093,3.81789
-3.57347,530.862,10.5159,54.6669,3.45658
-0.855169,581.324,12.8306,65.3344,3.78771
-0.448651,585.34,13.1275,66.6439,3.84115
1.48302,546.499,13.2159,66.146,4.1108
-1.99323,568.636,11.9981,61.6213,3.64374
-3.10458,590.91,11.9276,61.7816,3.51065
0.29311,527.436,12.1777,61.4832,3.94153
-4.46666,522.603,9.98626,52.2756,3.35682
0.977013,533.825,12.6583,63.5893,4.03753
-3.81591,551.34,10.8156,56.3306,3.42909
-0.667225,566.063,12.5865,64.0017,3.81228
-0.73858,555.398,12.3148,62.6532,3.80293
-1.1133,538.173,11.7579,59.9881,3.75434
-0.298832,597.95,13.4894,68.4049,3.86112
1.68909,511.232,12.4622,62.2801,4.14121
-2.77771,564.222,11.5387,59.6177,3.54906
-2.47116,598.628,12.393,63.8815,3.58563
0.929545,509.902,12.0687,60.6486,4.03076
-0.202223,554.332,12.5529,63.6102,3.87408
-4.34401,521.229,10.0095,52.347,3.37028
-4.8666,503.309,9.46306,49.6924,3.31348
-0.41763,521.811,11.717,59.4694,3.84527
-1.10301,506.227,11.0644,56.4458,3.75566
0.987232,561.829,13.3276,66.9468,4.03899
-4.40769,569.777,10.9137,57.104,3.36328
0.19152,512.034,11.7752,59.4959,3.92755
-1.95814,555.529,11.7379,60.2689,3.64806
1.45824,576.729,13.9336,69.7505,4.10717
-4.75409,566.347,10.697,56.1223,3.32559
-0.900669,565.568,12.4604,63.4713,3.7818
1.25858,569.813,13.6603,68.4818,4.07806
-0.876895,505.623,11.1502,56.7871,3.78489
-4.51649,511.278,9.75018,51.0597,3.35138
-2.68277,597.694,12.2697,63.3482,3.56033
-1.42378,534.161,11.5279,58.9524,3.71477
-1.11569,562.165,12.2809,62.6576,3.75403
-2.28267,559.205,11.6641,60.0379,3.60839
-2.82662,559.728,11.4245,59.0495,3.54327
-4.78673,565.663,10.6699,55.9947,3.32207
0.607528,539.25,12.6042,63.4896,3.98524
-3.295,535.437,10.7257,55.6378,3.48855
-4.16918,567.299,10.9714,57.2991,3.38959
-2.69556,580.61,11.9129,61.5122,3.55881
-4.54038,536.924,10.2294,53.5791,3.34877
-4.28664,561.58,10.8094,56.505,3.3766
-1.44561,589.317,12.7073,64.9942,3.71201
-2.9747,523.053,10.6129,54.917,3.52584
1.40369,500.311,12.0618,60.4045,4.09918
-0.971916,566.404,12.4439,63.4208,3.77257
-2.36437,580.744,12.074,62.1866,3.5985
0.453632,546.629,12.7002,64.0455,3.96376
1.39128,567.463,13.6742,68.4853,4.09737
-0.508788,542.671,12.1418,61.6675,3.83317
0.59036,510.26,11.9186,60.0437,3.98284
1.52761,558.808,13.537,67.7309,4.11735
-3.65032,525.113,10.3699,53.9401,3.44783
-4.85603,581.664,10.941,57.4484,3.31461
-3.53834,502.391,9.96597,51.794,3.46059
-4.44153,522.72,9.99865,52.3301,3.35957
-4.52721,532.505,10.1506,53.1609,3.35021
-0.935367,595.257,13.0966,66.7293,3.7773
0.709511,572.584,13.4367,67.6321,3.99957
-4.23005,543.199,10.4795,54.7564,3.38285
1.45104,591.25,14.2804,71.4905,4.10611
-1.28703,581.962,12.6276,64.5097,3.73212
-2.3476,556.4,11.5756,59.612,3.60053
0.365821,583.325,13.5064,68.1551,3.95157
0.521201,504.733,11.7578,59.2635,3.97317
-3.38878,545.685,10.89,56.5307,3.47774
-0.447792,540.715,12.1271,61.5648,3.84126
1.37866,509.13,12.2625,61.4209,4.09553
-3.33461,566.901,11.338,58.8318,3.48398
-4.19117,580.517,11.2171,58.5922,3.38715
-0.396185,591.002,13.2818,67.4009,3.84812
-1.71655,540.429,11.5288,59.0871,3.678
-0.572241,532.987,11.8954,60.4448,3.82479
-0.436554,554.711,12.4465,63.1808,3.84275
1.92597,501.446,12.3361,61.5445,4.17657
0.826894,560.192,13.2061,66.4143,4.01617
-3.01067,573.224,11.6142,60.1147,3.52162
-3.39755,542.54,10.8234,56.1889,3.47673
-1.48742,522.72,11.2527,57.5722,3.70673
-3.31612,536.872,10.7454,55.7487,3.48611
-1.98924,589.7,12.4445,63.9122,3.64423
-0.436945,538.617,12.0852,61.3471,3.8427
0.912032,541.936,12.8182,64.4231,4.02826
-3.8313,551.061,10.8034,56.2739,3.42736
-2.79832,566.931,11.5846,59.864,3.54662
-0.273417,568.033,12.8273,65.035,3.86452
-1.82455,526.3,11.1794,57.3433,3.66457
-1.04647,583.676,12.7857,65.1993,3.76294
-0.68806,553.635,12.3001,62.5551,3.80955
0.323122,585.115,13.5253,68.2717,3.94567
-4.01562,515.964,10.0406,52.3751,3.40668
1.83196,587.895,14.4104,71.9419,4.16248
0.370915,535.549,12.4027,62.5831,3.95228
0.761505,585.614,13.7703,69.285,4.00691
1.52329,523.22,12.6728,63.4088,4.11672
-0.740189,525.916,11.6603,59.3244,3.80271
1.09264,557.962,13.2902,66.7075,4.0541
1.97729,504.689,12.4405,62.0424,4.18429
1.54785,587.411,14.2411,71.2432,4.12033
-0.0750552,528.021,12.0168,60.8363,3.89123
-4.04629,588.872,11.4452,59.7164,3.40326
-1.47567,571.297,12.3041,62.9462,3.70821
-4.54368,521.364,9.9316,52.0208,3.34841
-4.30454,585.533,11.2623,58.8807,3.37462
1.23132,593.234,14.2067,71.2355,4.07411
-2.44171,518.369,10.7441,55.3694,3.58917
-1.82626,537.48,11.4161,58.5582,3.66436
0.93424,553.584,13.105,65.8539,4.03143
0.00441507,557.159,12.7195,64.3558,3.90201
1.12144,503.127,11.9975,60.2064,4.05825
-3.32584,594.313,11.8904,61.694,3.48499
-4.54457,595.786,11.3489,59.4447,3.34832
-1.30737,557.512,12.0874,61.7592,3.72953
-2.17929,571.635,11.9725,61.5769,3.62096
-1.16663,532.934,11.6189,59.303,3.7475
-1.22183,554.345,12.0594,61.5767,3.74044
-3.99655,591.698,11.5232,60.1002,3.40881
-1.31385,536.457,11.6279,59.4145,3.72871
-4.3738,576.063,11.0492,57.7978,3.367
-2.71199,503.263,10.3191,53.2894,3.55685
-3.15547,525.676,10.5892,54.8708,3.50472
-4.59546,508.516,9.66656,50.6531,3.34278
1.11583,565.013,13.4703,67.5999,4.05744
-1.01287,536.098,11.7591,59.9489,3.76727
-0.301595,504.456,11.379,57.7042,3.86075
1.67046,550.74,13.4156,67.0538,4.13844
-0.732226,523.464,11.6096,59.0628,3.80376
-2.71094,596.115,12.2235,63.1234,3.55698
-3.00318,522.69,10.5935,54.8284,3.5225
-3.43175,593.478,11.8234,61.3964,3.4728
-2.70026,510.329,10.4689,54.058,3.55825
-3.78589,546.49,10.7334,55.8895,3.43248
-2.39977,577.943,11.9989,61.8161,3.59423
-2.12306,536.685,11.2656,57.9167,3.62782
0.354903,571.388,13.2244,66.7373,3.95006
-4.79891,541.594,10.2109,53.5909,3.32076
-3.77884,543.724,10.6821,55.6194,3.43328
0.964896,593.426,14.0649,70.6619,4.0358
-3.28511,583.025,11.6836,60.6021,3.48969
0.565218,558.897,13.0419,65.7147,3.97932
-0.360695,551.223,12.4051,62.9354,3.85285
1.80264,588.712,14.4141,71.9755,4.1581
1.9,568.46,13.9707,69.7124,4.17267
1.69484,595.179,14.5117,72.5199,4.14206
-0.0553141,582.792,13.2736,67.189,3.8939
-0.494086,514.078,11.5087,58.4457,3.83512
-4.40263,548.46,10.5075,54.9767,3.36384
-1.76978,521.762,11.1071,56.9488,3.67137
1.27991,560.438,13.4467,67.4005,4.08116
-2.19928,557.37,11.6644,60.0016,3.61852
-3.10817,520.162,10.498,54.3784,3.51023
-3.08234,569.102,11.4976,59.5444,3.51324
-3.8906,585.781,11.4567,59.7044,3.42069
-0.194495,566.04,12.8219,64.9697,3.87512
0.874997,575.968,13.6035,68.3886,4.02299
-2.76901,556.992,11.3948,58.8702,3.55009
-4.5156,528.944,10.0874,52.8255,3.35148
1.67237,575.999,14.0319,70.1334,4.13873
-2.91726,547.965,11.144,57.6396,3.53259
-0.808287,523.37,11.5728,58.9091,3.79382
-1.93316,597.418,12.6355,64.8654,3.65114
-2.59156,520.046,10.7146,55.2808,3.5712
1.48128,502.14,12.1424,60.7737,4.11055
-2.51712,536.816,11.093,57.2006,3.58011
-1.41037,549.111,11.8569,60.6284,3.71647
-1.03315,510.399,11.1864,57.0381,3.76466
1.65944,527.514,12.8443,64.2038,4.13681
-0.00587136,557.415,12.7202,64.3643,3.90061
-0.102297,550.985,12.5261,63.4272,3.88755
-2.90715,522.291,10.6261,54.9569,3.53378
-0.835005,593.102,13.1009,66.701,3.79034
0.953235,501.972,11.892,59.7501,4.03414
1.81468,540.476,13.2392,66.1033,4.1599
-1.13654,511.047,11.155,56.9222,3.75136
-4.51133,516.966,9.86071,51.6364,3.35194
-4.01908,558.418,10.8652,56.6782,3.40629
-3.40673,567.927,11.3257,58.8007,3.47567
-3.98629,513.025,9.99517,52.1265,3.40996
-0.553633,525.862,11.745,59.6721,3.82724
-2.35429,570.023,11.8559,61.0585,3.59972
-2.48804,576.371,11.9242,61.473,3.5836
-3.30802,534.921,10.7098,55.5607,3.48704
-4.36309,570.318,10.9438,57.2414,3.36818
1.14806,580.533,13.8577,69.5275,4.06208
-1.74466,561.626,11.9676,61.3494,3.6745
-3.36193,501.809,10.0252,52.0306,3.48083
-2.76507,554.802,11.3518,58.6462,3.55056
-0.0820599,586.625,13.3469,67.5735,3.89028
-0.59707,596.879,13.3084,67.637,3.82151
-0.193749,567.295,12.8507,65.1152,3.87522
-3.53658,528.374,10.4821,54.4758,3.46079
-4.32571,591.142,11.3605,59.4038,3.37229
-2.28042,596.474,12.4426,64.0439,3.60866
1.18246,571.671,13.6644,68.5404,4.06705
0.513972,549.38,12.7942,64.491,3.97216
-4.33811,579.096,11.1234,58.1698,3.37093
1.25255,567.931,13.612,68.2427,4.07719
-4.02209,552.827,10.7551,56.1053,3.40596
-3.41038,523.024,10.4287,54.1452,3.47525
0.741471,503.805,11.8374,59.5682,4.00408
-3.79922,505.98,9.93246,51.7242,3.43097
-1.74159,598.943,12.7644,65.4321,3.67488
1.04313,533.235,12.6768,63.6517,4.047
0.574952,530.435,12.3825,62.3874,3.98068
1.42396,550.721,13.2876,66.5332,4.10215
1.4292,512.213,12.361,61.8912,4.10291
-2.58326,505.739,10.4233,53.7744,3.5722
0.825374,592.709,13.9719,70.2661,4.01595
1.03433,504.889,11.9988,60.2513,4.04573
1.45869,516.934,12.4892,62.5198,4.10723
0.950239,525.734,12.4534,62.5725,4.03371
-4.39908,546.122,10.4642,54.7486,3.36423
-3.24471,522.696,10.4916,54.4024,3.49437
-1.87054,549.195,11.6445,59.7496,3.65888
0.350194,505.845,11.7053,59.0731,3.94941
-2.63478,543.417,11.1768,57.6847,3.56604
-0.182124,554.301,12.5621,63.6473,3.87678
-0.674056,589.255,13.0987,66.6095,3.81138
0.313519,590.345,13.6411,68.8611,3.94434
0.361815,517.004,11.9689,60.3986,3.95102
-0.0938229,525.549,11.9518,60.5155,3.88869
-1.47839,599.571,12.9116,66.0557,3.70787
-4.73518,549.694,10.3904,54.5057,3.32763
-0.0325776,555.407,12.6611,64.0781,3.89699
0.87153,546.99,12.9173,64.9407,4.0225
0.768745,523.934,12.3234,62.0016,4.00793
-4.07528,583.4,11.3256,59.1057,3.40003
-0.306028,536.957,12.11,61.4133,3.86015
-4.82225,591.382,11.139,58.4727,3.31824
-4.06459,571.058,11.0908,57.8755,3.40122
-4.61426,560.15,10.64,55.7622,3.34073
-2.12551,515.307,10.8158,55.6053,3.62752
-2.69145,532.285,10.9232,56.3998,3.5593
-0.553302,500.957,11.1889,56.8466,3.82729
-4.27225,531.912,10.2443,53.545,3.37819
-1.86608,503.571,10.679,54.7938,3.65943
0.789643,556.764,13.1063,65.9303,4.01089
1.12444,543.518,12.9622,65.0459,4.05868
1.8992,575.9,14.1531,70.6231,4.17255
-2.88789,586.667,11.9451,61.7691,3.53605
-4.49308,544.501,10.3936,54.4191,3.35394
-4.68324,576.576,10.9215,57.2682,3.33325
1.72443,510.742,12.4673,62.2896,4.14645
1.12562,590.75,14.0893,70.7011,4.05885
-1.24189,529.849,11.5174,58.8179,3.73788
-1.12225,555.778,12.1382,61.9327,3.75319
0.925501,501.79,11.8748,59.676,4.03018
-2.64007,595.44,12.2443,63.1963,3.56541
-1.39236,515.048,11.1293,56.9003,3.71875
-4.94631,593.177,11.1167,58.4128,3.30493
1.22927,540.204,12.9357,64.8634,4.07381
-0.819708,580.499,12.8303,65.3155,3.79233
1.45562,513.648,12.4083,62.1163,4.10678
-0.412806,520.002,11.6786,59.2724,3.84591
0.5225,542.959,12.6489,63.7544,3.97335
-4.9732,507.209,9.49524,49.9032,3.30206
-1.00683,520.469,11.419,58.2124,3.76805
-3.77915,593.492,11.6597,60.7097,3.43324
-0.976334,540.986,11.8834,60.5661,3.77199
-1.76068,562.632,11.9815,61.4276,3.67251
0.692307,501.037,11.7498,59.1489,3.99715
-2.37675,578.598,12.0235,61.9321,3.597
-3.71895,553.192,10.8944,56.6981,3.44005
-3.91684,556.881,10.88,56.7104,3.41774
-3.91781,553.211,10.8079,56.3349,3.41763
-0.951116,589.874,12.9702,66.0926,3.77526
-4.50127,507.085,9.67618,50.6661,3.35304
-0.854623,521.855,11.5183,58.6518,3.78778
-3.68345,520.743,10.27,53.4338,3.44407
-4.28203,553.593,10.6576,55.7096,3.37711
-2.81159,553.697,11.3082,58.4416,3.54505
0.149427,594.83,13.6568,69.024,3.92179
0.104461,579.802,13.2884,67.1843,3.91564
-3.34124,573.972,11.4764,59.5528,3.48321
-1.87191,521.609,11.0589,56.7458,3.65871
-4.99753,517.813,9.68417,50.906,3.29946
-2.31897,522.271,10.878,56.0071,3.60399
-0.323902,538.223,12.1301,61.5231,3.85777
-4.49356,545.063,10.4041,54.4744,3.35388
0.369467,511.933,11.8551,59.8207,3.95208
-2.00333,572.122,12.0668,61.979,3.6425
-2.0548,522.118,10.9897,56.4685,3.63618
-2.48018,569.039,11.7762,60.7064,3.58455
1.75041,569.959,13.9267,69.5684,4.15032
-0.468057,523.945,11.7416,59.6169,3.83857
-1.32263,512.606,11.1071,56.757,3.72759
-3.90247,563.902,11.0236,57.4522,3.41935
-0.165498,529.301,12.0033,60.8088,3.87902
0.24939,571.142,13.1643,66.4857,3.93551
-1.33586,567.671,12.2938,62.8273,3.72591
-2.0205,587.177,12.3759,63.5749,3.64039
0.148578,569.757,13.0807,66.1128,3.92167
1.49711,531.371,12.8571,64.3437,4.11287
-3.08156,595.369,12.0287,62.2941,3.51333
1.45667,539.017,13.0217,65.1864,4.10694
-3.64781,558.822,11.0367,57.4074,3.44812
0.199056,581.466,13.3759,67.5797,3.92859
-4.8961,578.013,10.8546,57.0131,3.31031
-4.22297,574.184,11.0805,57.8931,3.38363
0.64615,571.311,13.3737,67.3466,3.99066
1.99223,540.113,13.3214,66.4283,4.18654
-1.1261,531.878,11.6145,59.2621,3.7527
-4.37277,513.536,9.85031,51.526,3.36712
-1.38153,510.625,11.0384,56.4312,3.72012
-3.6449,567.909,11.2175,58.3465,3.44845
-2.89813,525.712,10.6996,55.333,3.53484
-1.62819,578.248,12.3788,63.4014,3.68904
-0.207182,531.424,12.0318,60.9719,3.87341
1.96802,568.325,14.0042,69.845,4.18289
-2.52439,518.907,10.7198,55.2794,3.57924
-0.0112672,564.9,12.8883,65.2174,3.89988
-1.09941,516.602,11.2928,57.6092,3.75613
-1.81037,556.898,11.836,60.7048,3.66633
-2.05262,577.856,12.1639,62.501,3.63645
0.0998212,507.44,11.6278,58.7908,3.915
0.194272,534.79,12.2999,62.1454,3.92793
-0.852371,534.513,11.7987,60.0787,3.78808
0.961747,512.662,12.1492,61.0389,4.03535
-4.70385,540.356,10.2268,53.6346,3.33102
-1.9849,528.391,11.1526,57.2754,3.64477
-4.33202,594.648,11.4249,59.7438,3.3716
-4.84714,512.681,9.64688,50.65,3.31557
1.17063,567.603,13.5609,68.0273,4.06534
-4.44478,589.696,11.2783,59.0289,3.35922
-0.505719,514.633,11.5159,58.4871,3.83358
-0.502633,541.9,12.1275,61.592,3.83399
-1.44727,527.011,11.3631,58.1196,3.7118
1.41821,593.221,14.3098,71.6547,4.10131
0.832416,599.139,14.1273,71.0442,4.01695
-3.37229,575.709,11.4968,59.673,3.47963
-1.66404,541.048,11.566,59.2545,3.68456
1.07299,551.126,13.1174,65.8494,4.05128
-2.99232,567.202,11.5006,59.5185,3.52377
-0.187459,582.675,13.2024,66.894,3.87606
-0.495371,570.83,12.7786,64.8952,3.83495
-0.289972,521.841,11.7765,59.7149,3.8623
-0.101595,573.116,13.0296,65.9764,3.88764
-3.01387,507.027,10.2716,53.1671,3.52125
1.63362,500.336,12.1704,60.8464,4.13299
-0.10564,529.235,12.03,60.917,3.88709
-2.80773,507.483,10.3659,53.5705,3.54551
1.30113,502,12.0545,60.4129,4.08424
-1.54507,596.557,12.8129,65.5834,3.69947
-1.86704,501.942,10.644,54.6148,3.65931
-0.722927,529.228,11.7417,59.7308,3.80497
-0.857871,579.177,12.7818,65.0875,3.78736
1.18889,538.933,12.8851,64.6285,4.06797
-3.79492,595.311,11.6881,60.8647,3.43146
-1.31002,556.261,12.059,61.6155,3.7292
1.16656,593.533,14.1782,71.1259,4.06475
-3.46183,554.984,11.0431,57.3582,3.46935
1.26766,529.737,12.704,63.6837,4.07938
0.609344,574.645,13.4325,67.6607,3.9855
-1.94039,595.374,12.5886,64.6284,3.65025
-3.86271,513.559,10.0555,52.3908,3.42382
-4.55184,599.713,11.4203,59.8223,3.34753
-4.77014,595.801,11.246,59.0101,3.32386
-0.818784,537.222,11.8742,60.4479,3.79245
-0.734002,597.858,13.2586,67.453,3.80352
-0.308807,551.21,12.4301,63.0379,3.85978
0.0289981,541.257,12.3684,62.5678,3.90535
0.383545,529.14,12.2603,61.8589,3.95403
-3.32184,507.313,10.1514,52.6696,3.48545
-1.99507,529.381,11.169,57.364,3.64351
-1.1982,562.191,12.2415,62.4955,3.74346
0.406893,549.423,12.7419,64.2776,3.95727
0.899546,513.711,12.1447,61.0437,4.02648
-4.03166,517.559,10.0651,52.5097,3.40489
-1.91235,510.488,10.8058,55.4639,3.65371
0.0787009,585.757,13.4113,67.8188,3.91212
-2.68846,579.859,11.9009,61.4467,3.55965
-0.0924039,553.931,12.5979,63.7864,3.88888
-0.332668,550.731,12.4077,62.9353,3.85659
-0.0083077,547.535,12.4936,63.2187,3.90028
-4.83895,536.853,10.1051,53.0522,3.31645
-3.31324,509.819,10.2051,52.9445,3.48644
-2.13198,520.606,10.9243,56.1654,3.62673
-1.25587,509.5,11.0689,56.5337,3.73609
-4.23855,553.641,10.6773,55.7935,3.38191
-3.72205,567.133,11.1675,58.121,3.4397
-2.57134,586.199,12.0873,62.3536,3.57362
-1.93791,598.289,12.6515,64.95,3.65055
-0.694581,544.671,12.0979,61.5294,3.80869
-1.90977,533.926,11.3031,58.0152,3.65403
-4.85141,542.993,10.2155,53.6372,3.31511
-3.08046,568.008,11.4764,59.4335,3.51346
-4.40203,519.164,9.9465,52.0411,3.3639
-0.714039,582.728,12.9332,65.7877,3.80614
-0.174931,575.445,13.045,66.0903,3.87775
-2.70821,549.73,11.2736,58.2168,3.5573
1.44942,519.111,12.5373,62.7647,4.10588
-0.312642,513.844,11.5857,58.7575,3.85927
-3.77438,516.913,10.1572,52.8845,3.43378
-1.13068,573.129,12.513,63.8491,3.75211
-3.68058,536.792,10.5877,55.0857,3.4444
-2.62161,546.763,11.2516,58.0646,3.56761
-4.41517,520.192,9.9609,52.1218,3.36246
-1.96733,553.052,11.6813,59.9824,3.64693
-4.7509,541.5,10.229,53.6656,3.32594
-0.886657,569.502,12.5541,63.9415,3.78362
-3.25099,569.475,11.4277,59.2591,3.49364
1.03023,545.847,12.9702,65.1307,4.04515
-4.44415,545.354,10.4305,54.5914,3.35929
1.86148,586.037,14.3812,71.781,4.1669
-4.3604,520.481,9.98851,52.2439,3.36848
1.85275,592.651,14.5387,72.5713,4.16559
-2.52232,502.977,10.3916,53.5858,3.57949
0.749361,541.089,12.7173,63.9925,4.0052
-0.52368,517.709,11.5765,58.803,3.8312
-0.538795,543.696,12.1504,61.725,3.8292
0.404598,519.13,12.0383,60.7292,3.95695
-0.778561,573.59,12.6981,64.623,3.7977
-1.99567,532.128,11.2267,57.6605,3.64344
-1.40047,511.316,11.0451,56.4733,3.71772
-4.60447,535.086,10.1679,53.2841,3.3418
-2.60783,579.483,11.9315,61.5667,3.56926
-4.49625,593.239,11.3225,59.284,3.35359
-3.31439,521.901,10.4465,54.1973,3.48631
-2.86109,510.35,10.4023,53.7804,3.5392
0.416888,503.513,11.6817,58.9252,3.95865
0.813272,508.371,11.9781,60.2447,4.01424
1.90944,536.379,13.1871,65.7978,4.17409
0.622174,527.309,12.3322,62.1124,3.9873
-1.18724,556.92,12.132,61.9312,3.74486
-1.69605,520.504,11.1128,56.9461,3.68056
-4.81149,585.556,11.0341,57.917,3.3194
-3.73236,520.785,10.2506,53.3533,3.43853
-3.926,578.657,11.3013,58.9105,3.41671
-1.3009,508.671,11.0313,56.3605,3.73036
-0.925946,507.272,11.165,56.8832,3.77852
1.86034,579.187,14.2125,70.9396,4.16673
-0.150825,583.778,13.2464,67.0987,3.881
0.882534,571.715,13.507,67.8997,4.02407
1.3329,550.354,13.2319,66.2984,4.08886
-1.26517,521.589,11.3274,57.8578,3.73491
0.207509,514.871,11.8479,59.8558,3.92975
1.41689,563.278,13.5868,68.0351,4.10111
-4.86243,509.737,9.58554,50.334,3.31392
-0.345989,545.768,12.2894,62.3417,3.85482
-0.183334,559.714,12.6842,64.2664,3.87662
-0.199315,558.201,12.6419,64.0601,3.87447
-4.34601,547.418,10.5116,54.9735,3.37006
-1.73851,558.605,11.9062,61.0314,3.67527
0.626217,559.735,13.0926,65.9404,3.98786
0.668585,569.333,13.3391,67.1611,3.99381
1.32531,525.398,12.6282,63.2769,4.08775
0.755756,599.505,14.0938,70.9155,4.0061
-4.32726,576.964,11.0873,57.9761,3.37212
1.88023,579.477,14.2306,71.0194,4.16971
-4.12951,563.613,10.9176,57.0004,3.39399
0.378697,543.713,12.5956,63.5528,3.95336
-2.32673,505.511,10.5256,54.1962,3.60305
1.81383,575.092,14.0867,70.335,4.15977
1.40344,531.472,12.813,64.1662,4.09915
1.24906,519.75,12.4555,62.4464,4.07668
1.36426,549.297,13.2226,66.2365,4.09343
-1.0236,513.763,11.2644,57.4316,3.76589
0.769113,553.266,13.0135,65.4736,4.00799
-3.02598,576.275,11.6688,60.4048,3.51983
0.435135,551.753,12.81,64.608,3.96119
0.993829,567.581,13.4675,67.6462,4.03994
-4.76623,569.347,10.7483,56.3972,3.32428
-2.71971,502.614,10.3026,53.2074,3.55594
0.0136284,552.043,12.6072,63.7835,3.90326
0.0255119,578.577,13.2194,66.8745,3.90488
-1.75657,562.711,11.9851,61.4444,3.67302
-4.66824,532.626,10.0951,52.9288,3.33488
-1.56126,586.946,12.5984,64.4933,3.69744
-4.76562,524.592,9.90367,51.9649,3.32435
-3.81811,556.712,10.92,56.8754,3.42884
-2.38315,591.565,12.2898,63.307,3.59623
-4.84625,596.189,11.2186,58.9018,3.31566
0.659171,519.272,12.1617,61.2374,3.99249
1.6108,524.985,12.7587,63.7982,4.12961
-1.9281,503.601,10.6534,54.688,3.65176
-1.85887,557.382,11.8235,60.663,3.66032
1.53141,568.385,13.771,68.8999,4.11791
-2.75429,580.859,11.8901,61.422,3.55183
-2.1691,532.579,11.159,57.3886,3.6222
1.54079,521.184,12.632,63.1969,4.11929
-4.23687,546.695,10.5441,55.0965,3.38209
-1.41459,566.211,12.2241,62.508,3.71593
1.35221,550.136,13.2366,66.3124,4.09167
1.82307,513.259,12.5766,62.7909,4.16115
1.07472,551.839,13.1353,65.9382,4.05153
0.722209,578.078,13.5723,68.3084,4.00136
-3.39674,552.546,11.0234,57.2267,3.47682
-0.991489,567.265,12.4532,63.4775,3.77004
-1.54898,554.942,11.9172,61.0007,3.69898
-0.243749,591.54,13.3737,67.7903,3.8685
-2.57605,537.591,11.0829,57.1744,3.57306
-0.482554,501.924,11.2417,57.0848,3.83665
-4.86257,590.487,11.104,58.3073,3.31391
-1.28255,540.4,11.7279,59.9112,3.73269
-3.45133,545.141,10.8519,56.36,3.47055
-1.77692,574.049,12.2167,62.6414,3.67049
1.47214,555.386,13.4252,67.1987,4.10921
-4.21741,521.703,10.07,52.6112,3.38425
1.01736,556.78,13.2233,66.4082,4.0433
1.25382,523.236,12.5414,62.8746,4.07737
-3.36678,586.113,11.7071,60.7622,3.48027
1.75635,530.602,12.9681,64.7767,4.1512
-0.373784,583.642,13.1279,66.609,3.85111
0.662949,505.896,11.8502,59.6671,3.99302
0.595687,571.217,13.3453,67.2281,3.98358
-2.10066,516.464,10.8508,55.7747,3.63056
-4.89481,524.838,9.85656,51.7702,3.31045
1.88205,509.098,12.5031,62.3975,4.16998
-0.60263,552.612,12.3187,62.6098,3.82078
0.0902874,515.586,11.81,59.7164,3.9137
-0.587624,551.166,12.2937,62.4757,3.82276
1.21472,512.399,12.263,61.4966,4.07171
-4.02504,579.753,11.2776,58.8323,3.40563
-3.41853,587.143,11.7034,60.767,3.47432
1.47515,522.506,12.6319,63.2264,4.10965
1.29632,565.132,13.5679,68.0002,4.08354
-3.1362,507.473,10.2304,53.0037,3.50697
-1.63735,503.614,10.7772,55.202,3.6879
-0.199796,587.429,13.3036,67.4133,3.8744
-3.34044,539.726,10.792,56.001,3.4833
-4.73233,585.671,11.0717,58.0785,3.32794
-4.30038,584.314,11.2408,58.7661,3.37508
-4.55316,542.858,10.3371,54.1486,3.34738
-2.16681,592.414,12.4139,63.8409,3.62248
-4.18085,567.668,10.9733,57.3146,3.3883
0.124554,586.978,13.4634,68.0592,3.91838
1.53262,576.269,13.9627,69.8583,4.11809
-0.217345,512.687,11.603,58.8032,3.87204
-0.500583,584.11,13.0732,66.3939,3.83426
1.82541,567.36,13.9035,69.4147,4.1615
1.16272,597.971,14.2821,71.649,4.0642
-0.83406,530.398,11.7163,59.651,3.79046
0.0744138,556.497,12.7393,64.4224,3.91154
1.4239,586.904,14.1606,70.9044,4.10214
0.0504648,531.859,12.1638,61.5234,3.90827
-0.796552,585.467,12.9519,65.9232,3.79535
-0.948892,581.135,12.7791,65.118,3.77555
-4.63743,588.135,11.1611,58.5038,3.33822
-2.9403,583.914,11.8641,61.3752,3.52988
-2.3892,545.859,11.3375,58.4044,3.5955
-2.90077,516.385,10.5086,54.3466,3.53453
1.20691,596.707,14.2764,71.5973,4.07058
0.321215,507.336,11.7265,59.1928,3.94541
0.911292,550.604,13.0228,65.4519,4.02816
0.150435,504.783,11.5898,58.5768,3.92192
0.842761,553.661,13.0602,65.673,4.01842
0.0140616,560.999,12.812,64.8192,3.90332
-3.06533,554.265,11.2055,58.0238,3.51523
-0.736996,566.193,12.5549,63.8742,3.80313
-0.814018,549.602,12.1501,61.8504,3.79307
-4.03147,516.408,10.0428,52.3932,3.40491
1.40063,580.006,13.9815,70.0198,4.09874
-2.14163,556.627,11.6756,60.0329,3.62555
-0.609821,558.911,12.4556,63.3089,3.81983
1.45789,579.25,13.9943,70.0547,4.10712
-0.337344,595.791,13.4204,68.0745,3.85597
-4.73809,550.163,10.398,54.547,3.32732
-4.49527,585.576,11.1766,58.52,3.3537
-3.07177,567.305,11.4662,59.3766,3.51448
-2.09926,515.23,10.8255,55.644,3.63073
-3.50794,572.719,11.3749,59.1026,3.46407
-2.40135,553.967,11.5004,59.2487,3.59404
1.30452,557.457,13.3879,67.094,4.08473
-2.48769,573.864,11.8725,61.2062,3.58365
-1.67666,524.867,11.2145,57.4592,3.68298
1.0059,518.643,12.3121,61.8371,4.04166
-4.54659,598.261,11.3951,59.6878,3.3481
0.153561,528.495,12.1358,61.3346,3.92235
1.53061,511.06,12.3817,61.9495,4.11779
0.197657,595.753,13.7038,69.237,3.9284
-4.30178,551.479,10.6085,55.4612,3.37493
-4.09295,544.495,10.5628,55.1325,3.39806
-4.07451,528.65,10.263,53.5602,3.40011
-1.66531,570.188,12.1883,62.4433,3.6844
-3.63985,508.126,10.0387,52.213,3.44903
1.62752,513.485,12.4873,62.4335,4.13209
0.821854,543.677,12.8143,64.4462,4.01545
-2.65258,565.309,11.6189,59.9741,3.56392
-1.71379,597.188,12.741,65.2986,3.67835
-2.95285,559.996,11.3724,58.8374,3.5284
-3.98054,578.815,11.2796,58.8222,3.4106
-3.97258,547.716,10.677,55.6762,3.41149
-4.85666,530.235,9.97334,52.3679,3.31454
-1.61122,522.767,11.1987,57.3495,3.69117
-4.22861,581.803,11.2249,58.6505,3.38301
-0.163173,593.229,13.4543,68.1582,3.87933
-2.98464,544.883,11.0514,57.1907,3.52467
-0.792721,538.271,11.9096,60.6164,3.79585
-0.923063,576.184,12.6831,64.6165,3.77889
0.213414,510.102,11.7408,59.3124,3.93056
0.310393,593.983,13.7234,69.2786,3.94391
-3.26039,530.572,10.643,55.1941,3.49255
-4.23281,538.734,10.3922,54.3014,3.38254
-3.42908,519.029,10.3413,53.6991,3.47311
-2.43029,537.474,11.1451,57.4312,3.59055
-1.77186,561.37,11.9493,61.2679,3.67112
-0.670621,581.682,12.9321,65.7606,3.81183
-0.268737,518.697,11.7153,59.3953,3.86515
-2.74215,501,10.2604,52.9982,3.55327
-0.618144,555.811,12.3825,62.941,3.81873
-4.03044,562.393,10.9375,57.0607,3.40503
1.57201,509.929,12.3742,61.893,4.12389
-2.25704,520.861,10.8754,55.9673,3.6115
-4.34673,540.533,10.3791,54.2809,3.36998
-4.86838,529.67,9.95797,52.292,3.31328
-2.76577,512.468,10.4853,54.17,3.55047
0.523567,512.639,11.9431,60.1963,3.9735
-4.62909,510.17,9.68482,50.7622,3.33912
0.849967,540.161,12.7454,64.0863,4.01944
-3.97433,543.882,10.6015,55.2832,3.4113
-3.84273,599.077,11.7394,61.1546,3.42607
-0.689702,549.534,12.2082,62.0884,3.80933
0.968917,548.82,13.0098,65.3588,4.03637
-1.04305,571.88,12.529,63.8886,3.76338
-4.06266,516.845,10.0386,52.3844,3.40143
-0.580215,560.321,12.5016,63.5286,3.82373
-0.197574,587.914,13.3158,67.4737,3.8747
0.345375,507.447,11.7401,59.2512,3.94875
-1.51661,510.075,10.9678,56.127,3.70305
0.389223,515.491,11.9467,60.2741,3.95482
1.63492,580.797,14.1283,70.6343,4.13318
-1.86072,572.43,12.1418,62.2971,3.66009
-0.708296,573.34,12.7278,64.7398,3.80689
-1.96184,546.15,11.538,59.2443,3.6476
-3.8185,589.518,11.5633,60.2262,3.4288
-4.79841,509.615,9.60815,50.4273,3.32081
-2.04576,582.768,12.2706,63.0463,3.63729
0.182597,533.365,12.2615,61.9569,3.92633
-1.43574,585.54,12.6308,64.598,3.71326
-1.72944,539.818,11.5099,58.996,3.6764
-4.17012,537.188,10.3886,54.2562,3.38949
1.99849,597.226,14.7336,73.4671,4.18749
-2.35207,515.342,10.7195,55.2052,3.59999
-1.65825,567.153,12.1269,62.125,3.68528
-4.99582,568.686,10.6364,55.9105,3.29964
-0.555786,579.584,12.9438,65.7637,3.82696
-4.57601,510.877,9.7191,50.9207,3.34489
-0.530961,553.69,12.3776,62.8753,3.83024
-0.671422,511.25,11.3659,57.7967,3.81173
-2.61486,530.167,10.913,56.3144,3.56842
-3.28899,593.733,11.8964,61.7074,3.48924
-2.00297,579.534,12.2233,62.7827,3.64254
0.406496,546.401,12.6716,63.9232,3.95721
-3.33614,509.795,10.1952,52.9028,3.4838
-4.84149,537.022,10.1072,53.0645,3.31617
0.522916,585.096,13.6308,68.7031,3.97341
0.038948,557.811,12.7516,64.5018,3.9067
0.96334,533.625,12.6468,63.538,4.03558
-3.02805,555.615,11.2496,58.2354,3.51959
-0.411688,553.429,12.4298,63.0847,3.84606
-2.56105,542.068,11.1819,57.6785,3.57485
1.63252,524.327,12.7534,63.7618,4.13283
1.31407,576.167,13.8424,69.3668,4.08612
-0.247801,517.877,11.7064,59.341,3.86795
-4.32866,500.703,9.62129,50.3107,3.37197
-0.341619,505.01,11.3736,57.6941,3.8554
-1.09972,583.801,12.7616,65.1023,3.75609
-1.06046,571.526,12.5126,63.8135,3.76114
1.28543,512.349,12.2955,61.6279,4.08196
-2.96827,547.724,11.1163,57.5192,3.52659
1.25217,550.458,13.193,66.1424,4.07713
-4.95984,541.142,10.136,53.2651,3.30348
-3.20693,574.764,11.5542,59.8949,3.49875
-0.0652256,528.865,12.0407,60.9527,3.89256
-4.08704,530.76,10.2988,53.7521,3.39872
0.382791,588.482,13.6348,68.7946,3.95392
-3.89183,529.979,10.3648,54.0147,3.42055
-3.09935,503.897,10.1734,52.693,3.51126
1.85891,517.668,12.7022,63.4017,4.16651
1.82088,515.41,12.6282,63.0498,4.16083
-0.356695,506.964,11.4109,57.8896,3.85339
-4.90941,538.702,10.1109,53.1125,3.30888
-1.13706,573.023,12.5075,63.8242,3.75129
-4.26291,529.555,10.2028,53.3239,3.37922
-1.55491,593.829,12.7493,65.2629,3.69824
-1.38382,534.789,11.5597,59.0972,3.71983
0.68364,514.696,12.0661,60.7448,3.99593
-2.42595,569.747,11.8164,60.8882,3.59107
-3.7158,512.786,10.0999,52.5621,3.44041
-3.80734,515.717,10.1203,52.7056,3.43006
-3.9715,598.852,11.6743,60.8763,3.41161
-3.24515,553.103,11.1018,57.5664,3.49431
-0.909988,544.104,11.9832,61.0444,3.78059
-1.17289,516.031,11.2476,57.4106,3.7467
-4.87274,586.7,11.0282,57.9141,3.31282
1.29254,566.695,13.6035,68.1802,4.08299
-1.33942,543.683,11.7727,60.1656,3.72546
-0.445157,522.334,11.716,59.4769,3.84161
-1.8021,550.202,11.6975,59.9907,3.66736
-0.70452,534.685,11.8714,60.3822,3.80739
-0.368543,528.557,11.8913,60.3324,3.85181
-1.96145,501.329,10.5913,54.383,3.64765
1.09488,592.081,14.1042,70.7917,4.05442
-4.66775,571.908,10.8398,56.8333,3.33493
-0.768685,550.669,12.1954,62.0601,3.79899
0.27048,563.116,12.99,65.5954,3.93841
-2.51982,579.068,11.9648,61.6974,3.57979
-0.741088,551.238,12.2213,62.1789,3.8026
-0.970359,523.152,11.4943,58.5806,3.77277
-1.06556,577.274,12.6359,64.4448,3.76048
-4.25286,586.539,11.3052,59.0812,3.38033
-1.46236,523.678,11.2845,57.7241,3.70989
-4.06783,527.092,10.2355,53.414,3.40086
-2.7343,554.677,11.3632,58.6912,3.55421
-2.8035,557.394,11.3874,58.8472,3.54601
-4.54998,545.536,10.3894,54.4214,3.34773
1.53027,501.138,12.1412,60.7461,4.11774
-1.48505,543.892,11.7095,59.9087,3.70703
-4.38187,523.091,10.0299,52.4692,3.36612
-3.07084,506.912,10.2459,53.0572,3.51459
1.98004,529.126,13.0443,65.0521,4.1847
0.330719,588.149,13.5994,68.6423,3.94672
-1.26777,568.188,12.3381,63.0217,3.73458
-0.78353,503.945,11.1541,56.7675,3.79705
1.63602,561.589,13.6616,68.3006,4.13334
1.5663,534.221,12.9608,64.8298,4.12305
0.0079671,543.666,12.4132,62.8043,3.90249
-2.94359,502.067,10.1998,52.7667,3.52949
-2.90462,522.575,10.633,54.9913,3.53408
1.25742,573.122,13.739,68.8771,4.07789
1.42467,526.199,12.6963,63.5722,4.10225
-3.2293,587.117,11.792,61.1379,3.49615
-0.380981,585.501,13.166,66.806,3.85015
-4.01176,564.406,10.9849,57.2997,3.40711
-4.3377,565.485,10.8621,56.8033,3.37097
-1.1513,524.057,11.4323,58.3438,3.74947
-4.22014,597.036,11.5228,60.2027,3.38394
-0.64851,578.47,12.8719,65.4436,3.81474
0.230681,574.506,13.2322,66.8378,3.93293
-2.46175,589.486,12.2083,62.9251,3.58676
1.49361,590.072,14.2755,71.4438,4.11236
0.926023,514.48,12.1754,61.1863,4.03026
-2.63508,522.203,10.7404,55.4323,3.56601
-1.0206,588.579,12.9063,65.8013,3.76628
-2.72311,578.219,11.8508,61.2043,3.55553
0.854288,506.549,11.9543,60.1067,4.02005
1.69851,503.269,12.2725,61.3282,4.1426
0.926936,566.507,13.4071,67.3757,4.03039
0.0656202,534.253,12.2258,61.83,3.91034
-1.04746,541.717,11.8661,60.5103,3.76281
-0.353417,520.818,11.7242,59.4777,3.85382
-4.94944,572.546,10.7287,56.3754,3.3046
-2.29131,504.274,10.5147,54.1253,3.60734
1.82617,562.038,13.7735,68.7651,4.16162
-1.97452,514.08,10.855,55.7428,3.64604
-2.11794,526.439,11.0528,56.8203,3.62845
1.12577,587.392,14.0093,70.2995,4.05887
-2.98921,548.122,11.1151,57.5222,3.52414
1.67487,508.485,12.3884,61.9177,4.1391
-3.49876,522.368,10.3787,53.9227,3.46512
-3.66218,568.675,11.2249,58.3925,3.44649
-2.75988,507.061,10.3771,53.6087,3.55117
1.70104,503.389,12.2767,61.3477,4.14298
-3.2775,580.578,11.6381,60.3626,3.49057
1.42596,572.681,13.8185,69.1906,4.10244
-3.70104,524.91,10.3448,53.8306,3.44208
-0.558517,527.803,11.7861,59.8831,3.8266
1.05618,586.006,13.9385,69.9797,4.04887
-3.59595,565.305,11.1881,58.1712,3.45402
-0.162244,547.104,12.4087,62.8607,3.87946
0.0341769,570.608,13.0417,65.9716,3.90605
1.94193,556.311,13.6943,68.3126,4.17897
-1.1836,507.333,11.0534,56.4235,3.74533
-1.18121,523.049,11.3969,58.1758,3.74563
-4.23924,551.442,10.6346,55.5706,3.38183
-4.92678,541.82,10.1623,53.3895,3.30702
0.313896,519.606,12.0067,60.6104,3.9444
-4.89165,544.627,10.2295,53.7278,3.31079
-4.79307,587.111,11.0716,58.1058,3.32139
-4.37018,557.585,10.6964,55.9505,3.3674
1.76864,508.585,12.4359,62.1128,4.15303
0.1508,533.259,12.2438,61.8821,3.92197
-0.113726,506.244,11.5038,58.2557,3.886
1.78976,574.133,14.0501,70.1646,4.15618
1.92936,583.979,14.3684,71.6817,4.17708
0.554982,579.334,13.5134,68.0955,3.97789
-0.0349051,568.527,12.959,65.5869,3.89667
-0.0633009,595.157,13.551,68.5971,3.89282
-2.40499,564.162,11.7103,60.332,3.5936
0.231243,579.931,13.3574,67.47,3.93301
-0.527026,583.96,13.0563,66.321,3.83076
-4.22617,587.468,11.3353,59.2262,3.38328
-2.12262,578.624,12.1462,62.4434,3.62787
-1.11634,528.302,11.5408,58.8821,3.75395
1.6357,517.77,12.5955,62.9707,4.1333
-2.99854,532.469,10.7937,55.8626,3.52304
-2.21541,553.247,11.5707,59.5269,3.61656
-0.664112,576.801,12.8269,65.2224,3.81269
1.7768,522.481,12.7797,63.8263,4.15425
-4.89341,576.348,10.8245,56.8539,3.3106
0.98403,546.757,12.9685,65.1441,4.03853
1.63453,533.578,12.9794,64.8909,4.13312
-0.430114,547.041,12.2775,62.3201,3.84361
-2.81364,550.747,11.247,58.1264,3.54481
-0.375007,520.885,11.7158,59.4445,3.85094
1.67785,581.006,14.1569,70.7551,4.13954
-1.00043,500.55,10.9847,55.996,3.76888
-3.19169,571.138,11.4883,59.5463,3.50051
-4.50409,518.003,9.88338,51.7522,3.35273
-0.114391,523.331,11.8917,60.2207,3.88591
1.32647,591.404,14.2153,71.2291,4.08792
0.592439,529.811,12.3763,62.3484,3.98313
-1.83038,581.571,12.3506,63.3535,3.66385
-4.46866,514.443,9.82954,51.456,3.35661
1.59837,524.828,12.7487,63.7542,4.12778
1.87578,521.975,12.8163,63.9631,4.16904
1.39151,501.289,12.0797,60.4994,4.0974
-2.9927,527.418,10.6938,55.3432,3.52373
-4.6174,535.725,10.1748,53.3253,3.34039
-0.59916,530.136,11.8193,60.0699,3.82124
-2.06887,589.768,12.4066,63.7562,3.63445
1.6156,522.447,12.6994,63.4994,4.13032
-2.78567,595.301,12.1705,62.8854,3.54812
0.782428,584.508,13.7555,69.1998,4.00987
1.0172,536.145,12.7332,63.9467,4.04328
-1.0164,566.95,12.4341,63.3918,3.76682
1.39261,575.081,13.8585,69.4076,4.09757
1.77252,542.438,13.2656,66.2554,4.15361
-1.49355,571.421,12.2981,62.9238,3.70596
1.58153,580.249,14.0858,70.4492,4.12529
-0.572069,532.525,11.8852,60.3928,3.82481
-1.71167,537.426,11.4669,58.768,3.67861
-3.85611,546.172,10.6969,55.7297,3.42456
-0.265287,536.115,12.1104,61.3966,3.86561
-2.15105,516.321,10.8261,55.669,3.6244
-4.10658,528.017,10.2375,53.4403,3.39654
-3.08018,572.046,11.5581,59.8565,3.5135
-4.62626,583.807,11.084,58.0944,3.33943
-1.35063,583.774,12.6352,64.579,3.72404
-3.23408,577.01,11.5868,60.0761,3.4956
-4.42949,564.482,10.8027,56.5332,3.36089
-0.0827703,596.639,13.5743,68.7254,3.89019
-3.77998,500.266,9.8279,51.1721,3.43315
-2.55483,516.076,10.6484,54.9239,3.5756
-2.16259,523.243,10.9662,56.3944,3.62299
-2.09082,561.471,11.8011,60.6544,3.63177
-0.146659,538.513,12.2213,61.9042,3.88156
-4.4857,536.705,10.2478,53.6528,3.35474
-1.48787,506.761,10.9089,55.8138,3.70667
-2.03105,516.427,10.8801,55.8956,3.63909
-3.73649,574.404,11.3041,58.8386,3.43806
-3.42579,592.262,11.8019,61.2823,3.47348
-4.35376,552.495,10.6057,55.4694,3.36921
1.26149,573.661,13.7541,68.9506,4.07848
-2.06052,578.919,12.1824,62.6001,3.63548
-2.87918,563.793,11.4833,59.3774,3.53707
-3.01731,561.674,11.3771,58.8908,3.52085
0.176749,540.682,12.4269,62.7952,3.92553
-3.46913,580.16,11.5407,59.9459,3.46851
-2.53227,529.341,10.932,56.3766,3.5783
-2.39599,515.815,10.7106,55.1777,3.59468
-2.59094,595.007,12.2593,63.2504,3.57128
-0.872065,530.212,11.6947,59.5579,3.78551
-1.68671,522.681,11.1634,57.2014,3.68173
-1.16419,508.221,11.0812,56.5573,3.74781
-2.73126,593.117,12.1522,62.7648,3.55457
0.529449,587.163,13.6824,68.96,3.97432
-4.22184,588.177,11.351,59.3061,3.38376
-4.15533,562.255,10.8799,56.8153,3.39113
1.34691,555.223,13.3562,66.9145,4.0909
-3.30049,516.104,10.3362,53.6194,3.48791
-2.76352,541.063,11.0714,57.1967,3.55074
-2.52341,519.144,10.7251,55.3064,3.57936
-0.0720018,594.264,13.526,68.4753,3.89164
-0.0156483,526.127,12.0016,60.7327,3.89928
-3.30847,513.917,10.2891,53.3784,3.48699
-1.89431,569.272,12.0588,61.8866,3.65594
1.61453,511.012,12.4209,62.1074,4.13017
0.6206,518.979,12.1366,61.1282,3.98708
-3.70745,556.783,10.9701,57.0874,3.44135
-1.744,578.879,12.3356,63.2353,3.67458
-0.601103,583.184,13.001,66.0767,3.82098
-1.34822,591.138,12.7958,65.3987,3.72434
-2.94313,504.368,10.2467,53.0093,3.52955
-2.26234,533.523,11.1374,57.3181,3.61086
-3.77781,526.58,10.3457,53.8675,3.43339
-0.208362,575.045,13.0188,65.9741,3.87325
0.325883,535.476,12.3792,62.4854,3.94605
-3.72136,540.468,10.6427,55.3896,3.43978
-1.7083,555.267,11.8492,60.7255,3.67903
-1.6261,508.505,10.8867,55.7582,3.68931
-0.833021,500.846,11.064,56.3294,3.7906
-1.64537,537.77,11.5045,58.9308,3.68689
-2.50664,584.622,12.0859,62.3156,3.58137
-0.571633,542.287,12.1033,61.5006,3.82487
0.31455,587.833,13.5835,68.5702,3.94449
0.675434,581.515,13.6282,68.613,3.99478
1.84675,541.783,13.2877,66.3299,4.16469
-0.995179,598.87,13.1451,67.0062,3.76956
1.52049,542.048,13.1274,65.6849,4.11631
1.41839,516.325,12.455,62.3669,4.10133
-2.69269,541.171,11.105,57.3392,3.55915
-2.34176,581.42,12.099,62.3044,3.60123
-2.75198,512.715,10.4962,54.2203,3.55211
-4.4985,572.27,10.9213,57.1843,3.35334
-4.76955,566.499,10.6931,56.109,3.32392
-4.78126,562.077,10.6046,55.6497,3.32266
-3.78261,553.399,10.8705,56.6021,3.43285
-0.779887,595.667,13.1862,67.1074,3.79753
-4.90346,527.578,9.90454,52.0258,3.30952
-0.809323,534.296,11.8139,60.1369,3.79368
-3.99355,518.777,10.1043,52.6985,3.40915
-4.40483,535.521,10.2587,53.6759,3.3636
-1.38898,542.977,11.7343,59.9922,3.71917
-3.25807,500.446,10.0396,52.064,3.49282
-2.67656,585.427,12.0208,62.0605,3.56107
1.63862,574.849,13.9856,69.9191,4.13373
-2.00557,586.867,12.3767,63.5718,3.64222
-2.32753,538.994,11.2225,57.7845,3.60295
0.391133,537.528,12.4583,62.8546,3.95508
0.440505,548.27,12.7318,64.211,3.96193
-4.18993,569.095,10.9969,57.4417,3.38729
0.608493,552.372,12.9114,65.0365,3.98538
-0.517708,598.215,13.3799,67.9601,3.83199
0.141386,509.798,11.7008,59.1418,3.92069
-0.788358,591.272,13.0845,66.5943,3.79642
0.48567,563.735,13.114,66.1168,3.96822
-0.131043,576.719,13.0964,66.3291,3.88366
-3.83737,587.776,11.5204,60.0114,3.42667
-3.72742,598.407,11.7808,61.3154,3.43909
1.01793,584.921,13.892,69.7659,4.04338
-3.26229,595.516,11.9449,61.9463,3.49233
1.40802,554.83,13.3785,66.996,4.09982
-2.97265,593.807,12.0495,62.3499,3.52608
1.2895,574.154,13.7809,69.0709,4.08255
0.875656,572.091,13.5123,67.9297,4.02309
-3.13503,586.856,11.8313,61.2973,3.5071
-0.621512,536.068,11.941,60.6988,3.81829
1.34844,593.267,14.2722,71.5029,4.09112
-3.31388,596.573,11.9413,61.9526,3.48637
-2.81673,526.742,10.7555,55.5873,3.54444
-2.10652,508.346,10.6778,54.8877,3.62984
-2.9496,582.322,11.8274,61.1895,3.52879
-4.64047,514.001,9.75305,51.1244,3.33789
-0.782502,500.933,11.0879,56.4301,3.79718
1.1387,524.946,12.5262,62.8515,4.06073
0.507352,535.983,12.479,62.9051,3.97124
-2.84813,597.049,12.1758,62.943,3.54073
0.607272,570.027,13.3235,67.1126,3.98521
-0.83135,511.608,11.3025,57.5429,3.79081
-2.40321,547.841,11.3724,58.5901,3.59381
-2.51366,539.219,11.1442,57.463,3.58053
-3.93729,598.255,11.6787,60.8833,3.41545
0.82369,570.164,13.4395,67.5898,4.01571
0.551501,543.161,12.6679,63.8367,3.9774
-4.78273,592.467,11.1773,58.6557,3.3225
0.0244503,597.897,13.6602,69.1052,3.90473
-0.649861,559.218,12.4428,63.2629,3.81456
1.46299,546.323,13.2014,66.0831,4.10786
-2.63579,551.363,11.3398,58.5263,3.56592
-4.63129,525.775,9.98017,52.3111,3.33888
-3.90671,573.649,11.2122,58.4373,3.41888
-3.20729,521.574,10.4848,54.3514,3.4987
0.0324304,523.033,11.9535,60.4678,3.90582
0.231699,532.266,12.2597,61.9255,3.93307
1.46987,509.042,12.3038,61.5869,4.10887
-4.13938,525.404,10.1734,53.1191,3.3929
1.8879,586.738,14.4132,71.9266,4.17086
-0.549023,560.228,12.5148,63.5811,3.82785
-2.87176,541.45,11.0315,57.038,3.53795
0.701715,541.7,12.7081,63.9683,3.99848
0.495922,503.185,11.7102,59.0344,3.96964
-3.61454,529.059,10.4629,54.4086,3.4519
-0.535505,538.067,12.0262,61.0924,3.82964
-4.88696,502.991,9.44927,49.628,3.31129
0.0642977,565.208,12.9335,65.4097,3.91016
-3.1673,510.414,10.2769,53.2573,3.50335
-3.33331,521.167,10.4239,54.0879,3.48413
-2.84826,546.89,11.1528,57.6548,3.54072
-2.72953,513.696,10.5257,54.3634,3.55477
1.90616,505.331,12.4222,61.9826,4.17359
-1.51017,528.736,11.3719,58.1924,3.70386
-4.64735,583.827,11.0749,58.0565,3.33714
-2.00143,561.815,11.8503,60.8661,3.64273
-3.06377,586.069,11.8492,61.3564,3.51541
-2.85623,589.725,12.0225,62.1546,3.53978
0.83339,545.01,12.8515,64.6277,4.01709
-1.60374,530.477,11.3672,58.2092,3.69211
-0.178969,525.451,11.9097,60.3407,3.8772
-2.07383,539.917,11.3557,58.3578,3.63385
-0.346514,561.732,12.6486,64.1642,3.85475
-2.25317,533.653,11.1442,57.349,3.61197
-3.30332,553.003,11.0739,57.4477,3.48759
-1.06328,567.167,12.4158,63.3211,3.76077
-0.673337,596.101,13.2512,67.3849,3.81148
0.283552,566.004,13.0633,65.9591,3.94021
-2.45762,594.733,12.319,63.4936,3.58726
-3.64017,557.63,11.0166,57.2993,3.44899
-4.81045,538.849,10.1544,53.2991,3.31951
1.7236,547.572,13.3658,66.7795,4.14633
-3.38184,524.533,10.4708,54.3517,3.47853
-4.394,510.52,9.78406,51.188,3.36479
-2.37474,544.52,11.3162,58.2883,3.59725
0.700785,597.058,14.0063,70.5034,3.99835
1.65377,580.094,14.1215,70.5907,4.13597
1.57338,557.679,13.5336,67.6916,4.12409
0.583379,582.391,13.5998,68.5164,3.98186
-2.36065,537.374,11.174,57.5495,3.59895
-0.22682,580.874,13.1413,66.6039,3.87077
-0.147314,540.037,12.2555,62.0781,3.88147
-1.90466,588.652,12.4642,63.9721,3.65466
0.21083,596.084,13.7185,69.3044,3.9302
-0.622624,501.485,11.1702,56.781,3.81815
-3.21151,557.828,11.2117,58.1214,3.49821
0.121729,547.154,12.5486,63.436,3.918
-2.53366,527.174,10.8866,56.1433,3.57813
-0.277338,554.748,12.5254,63.5061,3.864
0.963743,531.022,12.5853,63.2289,4.03564
-1.19143,562.267,12.2464,62.5174,3.74433
-2.8517,523.692,10.6782,55.203,3.54031
-2.22428,580.132,12.1287,62.4019,3.61548
-3.64918,558.702,11.0338,57.3926,3.44796
-2.47465,565.804,11.7119,60.3721,3.58521
1.74433,506.19,12.3657,61.773,4.14941
-4.30988,542.659,10.4354,54.5598,3.37404
-4.83676,540.952,10.1831,53.4611,3.31668
-4.15714,514.407,9.95331,51.9773,3.39092
0.560539,583.436,13.612,68.5897,3.97866
-4.97555,596.661,11.1688,58.6998,3.30181
1.10844,520.054,12.3949,62.2064,4.05637
1.71231,594.424,14.5031,72.4677,4.14465
-1.26057,518.916,11.2714,57.5698,3.7355
-2.80896,529.522,10.8156,55.8947,3.54536
0.650895,560.758,13.1291,66.1125,3.99133
-1.65309,521.596,11.155,57.1442,3.68593
-3.58614,550.178,10.893,56.6326,3.45514
-0.868249,519.698,11.4645,58.384,3.78601
-1.21574,522.939,11.3789,58.0994,3.74122
-1.37506,558.187,12.0697,61.7002,3.72094
-0.610818,541.731,12.0723,61.3609,3.8197
-1.2529,561.235,12.1943,62.2801,3.73647
1.83695,594.493,14.5749,72.7606,4.16323
-0.651077,576.079,12.8174,65.1678,3.8144
-0.384174,500.175,11.2459,57.0644,3.84972
-4.14863,513.984,9.94853,51.9489,3.39187
0.042456,528.126,12.0747,61.076,3.90718
-2.57923,557.532,11.4926,59.2892,3.57268
-2.4777,568.834,11.7731,60.6893,3.58485
-4.51304,564.917,10.7746,56.4227,3.35176
-1.72874,529.371,11.2874,57.8555,3.67648
-2.06751,570.786,12.0079,61.7068,3.63462
-3.45273,537.735,10.7038,55.5918,3.47039
-4.76277,504.614,9.52762,49.9906,3.32465
1.42789,535.83,12.9303,64.7422,4.10272
1.61039,589.436,14.3248,71.6297,4.12955
-0.362608,592.836,13.3406,67.6824,3.8526
1.32865,511.493,12.2956,61.6088,4.08824
-4.82374,552.433,10.4047,54.619,3.31808
-1.96109,541.778,11.446,58.7715,3.6477
-1.40666,536.54,11.5871,59.2474,3.71693
-2.63282,524.848,10.7958,55.7171,3.56628
1.29952,597.349,14.3432,71.884,4.084
1.78059,551.114,13.482,67.3321,4.15481
-4.38362,596.524,11.4371,59.8316,3.36592
0.61786,507.498,11.8669,59.7707,3.98669
-4.33659,513.819,9.87015,51.6152,3.3711
-0.0292787,516.169,11.7682,59.5573,3.89743
-4.79166,520.56,9.81719,51.5217,3.32154
-4.08075,531.511,10.316,53.8392,3.39942
-4.16681,533.417,10.3171,53.8811,3.38985
-1.33227,563.437,12.2038,62.3659,3.72637
-2.70548,565.548,11.5993,59.8972,3.55763
-4.99221,530.994,9.93283,52.2109,3.30003
1.99033,586.259,14.4585,72.0995,4.18626
1.49882,574.952,13.9125,69.6246,4.11312
1.61904,532.221,12.9387,64.6943,4.13083
0.378171,568.765,13.1756,66.4799,3.95328
0.824593,570.358,13.4446,67.6147,4.01584
1.24038,520.328,12.4652,62.4988,4.07542
-2.71147,527.644,10.8193,55.872,3.55692
-0.208542,559.529,12.6674,64.1936,3.87323
-0.714625,573.962,12.7384,64.7969,3.80606
-2.8906,531.25,10.8155,55.9294,3.53573
0.368007,522.672,12.1031,61.0727,3.95188
-2.50306,557.135,11.5193,59.3926,3.5818
-1.29826,560.296,12.1521,62.0857,3.73069
-3.25146,553.127,11.0994,57.557,3.49358
-2.70139,543.647,11.1519,57.5852,3.55811
-1.94384,592.905,12.5347,64.3534,3.64982
1.86685,562.106,13.7969,68.8615,4.1677
-2.97665,522.711,10.6051,54.8777,3.52561
-2.86966,594.183,12.1069,62.5973,3.53819
-2.32658,502.537,10.4638,53.8777,3.60307
-3.80034,545.997,10.7175,55.8129,3.43085
-1.99312,547.458,11.5513,59.3266,3.64375
-3.66234,590.342,11.6525,60.6169,3.44647
-4.78916,527.905,9.95673,52.253,3.32181
-4.42626,591.928,11.3295,59.2881,3.36125
-0.701872,582.031,12.9239,65.7345,3.80773
0.366778,507.05,11.7408,59.245,3.95171
-1.72317,577.485,12.3161,63.1252,3.67718
1.11522,506.874,12.084,60.6429,4.05735
-3.87313,563.42,11.0272,57.4579,3.42265
1.01857,594.2,14.1127,70.8741,4.04348
-2.98509,558.565,11.3288,58.6259,3.52462
-3.51914,588.193,11.677,60.6775,3.46279
0.64384,592.966,13.8794,69.8942,3.99034
-0.113335,564.319,12.8237,64.9394,3.88606
-1.82686,547.684,11.6326,59.6688,3.66429
-4.67293,547.454,10.3742,54.394,3.33437
-1.46135,536.319,11.5573,59.1194,3.71002
-3.60078,548.555,10.8545,56.4388,3.45347
-3.3403,594.174,11.8807,61.6508,3.48332
-2.5533,595.243,12.2826,63.3524,3.57578
-4.09921,574.746,11.1468,58.1837,3.39736
0.411932,542.917,12.5935,63.5266,3.95796
-0.0273901,573.836,13.0839,66.2151,3.89769
-3.63074,555.549,10.9796,57.1029,3.45006
-2.38646,543.421,11.2881,58.1487,3.59583
0.437978,598.415,13.8949,70.0782,3.96158
0.405842,572.743,13.2821,67.0036,3.95712
-0.974403,574.261,12.6153,64.2954,3.77224
0.81633,590.055,13.9044,69.9314,4.01467
-3.47559,582.439,11.583,60.1688,3.46777
-3.29594,504.798,10.1116,52.4525,3.48844
-4.98261,519.516,9.72192,51.0984,3.30105
1.36052,591.492,14.2362,71.3161,4.09288
-1.2895,533.096,11.5662,59.0883,3.73181
1.56492,503.058,12.2041,61.0454,4.12284
-3.48404,564.611,11.2247,58.3111,3.4668
-2.50326,554.903,11.4731,59.1543,3.58178
-3.46699,579.878,11.5361,59.921,3.46876
0.479547,538.455,12.523,63.1396,3.96736
-0.893733,524.519,11.5592,58.8776,3.7827
0.88425,586.604,13.8597,69.6718,4.02431
-0.28614,549.132,12.3943,62.8455,3.86282
1.51858,565.27,13.6887,68.4947,4.11602
-4.75983,546.934,10.3279,54.1884,3.32497
-2.60065,507.411,10.4505,53.922,3.57012
-3.92114,554.874,10.8389,56.4981,3.41726
-3.44573,507.095,10.0968,52.4361,3.47119
-3.92495,594.757,11.6162,60.5516,3.41683
-4.84271,554.839,10.442,54.8229,3.31604
-3.56118,554.574,10.991,57.1314,3.45798
-2.07857,546.241,11.4865,59.0323,3.63326
-2.58855,582.269,11.998,61.9011,3.57156
-0.0329881,552.791,12.6013,63.7754,3.89693
-3.38092,538.124,10.7425,55.7616,3.47864
1.85905,592.887,14.548,72.6146,4.16653
1.78629,577.15,14.122,70.5257,4.15566
-4.99925,520.697,9.73743,51.1867,3.29927
-3.06829,578.96,11.7034,60.6033,3.51488
-2.01231,578.94,12.2062,62.6995,3.64139
-3.82355,523.497,10.2663,53.4726,3.42823
-3.71414,500.344,9.85549,51.2895,3.44059
-3.48421,591.115,11.7515,61.048,3.46678
1.18912,540.736,12.9283,64.8452,4.06801
-4.48927,579.742,11.068,57.9484,3.35435
1.4922,585.274,14.1587,70.8597,4.11215
-2.05414,573.697,12.0756,62.0482,3.63626
-0.233284,512.616,11.5941,58.7652,3.8699
-2.85659,584.211,11.9099,61.5727,3.53974
-1.81333,516.829,10.9831,56.3316,3.66597
1.40519,532.832,12.8466,64.334,4.0994
-3.97468,507.845,9.89888,51.6196,3.41126
-2.97402,596.371,12.1009,62.6163,3.52592
-2.23928,537.047,11.2213,57.7395,3.61366
-2.92284,599.277,12.1848,63.0256,3.53193
1.8118,565.679,13.855,69.1794,4.15947
-0.737259,509.712,11.3024,57.5019,3.8031
-4.54231,592.746,11.292,59.1457,3.34856
0.349827,584.292,13.5204,68.2335,3.94936
-0.337679,524.938,11.8243,59.9782,3.85592
-1.90717,551.829,11.6833,59.9655,3.65435
-2.30243,500.52,10.4318,53.7032,3.60599
1.67585,561.841,13.6888,68.417,4.13924
0.606082,555.127,12.9746,65.3558,3.98504
-4.27685,543.498,10.4655,54.703,3.37768
0.810847,528.999,12.463,62.6844,4.01389
-3.34845,549.032,10.9745,56.9519,3.48238
1.8635,511.874,12.5623,62.7011,4.1672
-1.86895,509.494,10.8034,55.4332,3.65907
0.699615,597.034,14.0051,70.498,3.99818
-0.922554,513.492,11.3034,57.5868,3.77896
-4.69608,517.615,9.79954,51.3904,3.33186
-0.652972,539.811,12.0095,61.0613,3.81415
-2.28739,529.024,11.0325,56.7889,3.60782
-3.71276,505.105,9.94983,51.7799,3.44075
0.677014,596.327,13.9762,70.3642,3.995
-1.42424,530.685,11.4527,58.5679,3.71471
0.148098,561.522,12.8914,65.1563,3.9216
-2.86541,522.013,10.6382,55.0017,3.53869
1.61227,568.721,13.8224,69.1164,4.12983
-2.1989,513.404,10.7445,55.2693,3.61857
-0.729451,512.367,11.3647,57.8158,3.80412
1.18955,584.825,13.9826,70.1332,4.06807
-3.08105,566.47,11.445,59.2714,3.5134
-4.02014,535.717,10.4231,54.3723,3.40618
-0.364386,552.623,12.4348,63.0879,3.85236
-1.24634,516.848,11.2328,57.3665,3.73731
-3.67619,580.409,11.45,59.5702,3.4449
1.2248,591.227,14.1551,70.9798,4.07317
-1.64179,599.4,12.8247,65.692,3.68734
-1.53467,550.005,11.8179,60.4857,3.70078
-4.41713,507.575,9.71854,50.8544,3.36225
1.3353,565.344,13.5936,68.1093,4.08921
-1.20595,510.682,11.1165,56.7555,3.74247
0.0220005,540.948,12.3579,62.5182,3.9044
-0.845535,541.929,11.9656,60.9256,3.78897
0.938463,579.117,13.7117,68.9005,4.03203
-1.44865,506.95,10.9299,55.9048,3.71162
-2.22394,505.449,10.5675,54.3692,3.61552
-0.180138,546.642,12.3895,62.7718,3.87705
-3.35211,575.105,11.494,59.6493,3.48196
-2.98375,515.765,10.4613,54.1361,3.52478
0.175746,561.966,12.9155,65.265,3.92539
-3.44837,503.068,10.0155,52.0153,3.47089
-1.43801,590.84,12.744,65.1781,3.71297
-0.287553,532.193,12.0113,60.9042,3.86263
-0.482405,596.993,13.3711,67.8976,3.83667
1.06125,527.21,12.5425,62.9686,4.04959
-0.621143,575.15,12.8118,65.1248,3.81834
1.70926,559.835,13.6576,68.2444,4.1442
-3.46756,508.92,10.1242,52.5876,3.46869
1.66154,599.107,14.5887,72.9222,4.13712
-4.16768,515.864,9.97724,52.1065,3.38976
-2.26032,545.891,11.3965,58.6506,3.6111
-1.25213,597.685,12.9867,66.3266,3.73657
-1.16709,578.402,12.61,64.3615,3.74744
-2.82893,514.032,10.4908,54.2246,3.543
1.15279,514.22,12.277,61.5947,4.06276
-2.91171,582.895,11.8569,61.3247,3.53324
-0.755165,537.92,11.9194,60.6495,3.80076
1.52214,525.165,12.7193,63.6422,4.11655
-1.64658,567.346,12.1366,62.1694,3.68674
-1.3116,541.59,11.7402,59.9873,3.729
0.277899,520.591,12.0125,60.656,3.93943
0.783087,568.603,13.3816,67.3183,4.00996
-3.09364,518.584,10.4723,54.2389,3.51193
-3.73564,513.574,10.1073,52.6089,3.43816
0.164243,543.993,12.4969,63.1546,3.92381
0.291806,546.937,12.6273,63.7538,3.94135
-0.09802,577.398,13.1288,66.4769,3.88812
0.344401,552.162,12.7742,64.4702,3.94861
-3.4762,582.71,11.5882,60.1956,3.4677
0.989451,566.096,13.43,67.4599,4.03931
-0.653112,599.532,13.3381,67.8164,3.81413
1.06246,507.294,12.0692,60.5921,4.04977
-1.58868,556.829,11.939,61.1304,3.69399
-1.69723,562.145,12.0012,61.4996,3.68041
-0.0970587,563.046,12.8029,64.8265,3.88825
1.9334,563.183,13.8589,69.1378,4.17769
-4.36291,589.509,11.3121,59.1679,3.3682
-4.70954,537.854,10.1771,53.3763,3.3304
-1.12103,567.445,12.3936,63.2353,3.75335
-2.28441,530.284,11.0601,56.9297,3.60818
0.105052,506.284,11.6037,58.6665,3.91572
-1.04793,579.829,12.7007,64.7665,3.76275
-4.72983,541.789,10.2432,53.7313,3.32821
-4.16133,570.482,11.0364,57.6354,3.39046
-1.56256,516.754,11.0912,56.7783,3.69727
-2.27991,597.795,12.4704,64.1868,3.60872
-2.88393,557.488,11.3527,58.7044,3.53651
-0.313954,513.48,11.5769,58.7134,3.85909
-0.302493,501.187,11.3049,57.3287,3.86063
1.94424,561.723,13.8287,68.982,4.17932
-2.82454,560.773,11.4468,59.1637,3.54352
1.6497,595.481,14.4938,72.4538,4.13537
-3.46465,598.129,11.9003,61.8115,3.46902
-0.414904,516.904,11.608,58.9153,3.84563
-1.90282,598.136,12.6659,65.0066,3.65489
-1.74649,520.421,11.0888,56.845,3.67427
-2.80627,543.92,11.1109,57.4195,3.54568
1.48796,565.806,13.6855,68.4936,4.11153
-0.906221,569.636,12.5473,63.9165,3.78108
-4.68678,551.531,10.4456,54.7744,3.33287
-1.95778,550.066,11.6226,59.6769,3.6481
-2.50815,589.523,12.1865,62.835,3.58119
-4.70106,545.519,10.3257,54.152,3.33132
-4.71963,574.658,10.8691,57.01,3.32931
1.72766,595.629,14.5412,72.6497,4.14693
-4.23368,578.784,11.1644,58.3366,3.38245
1.04682,592.57,14.0895,70.7428,4.04752
-1.10418,559.827,12.2354,62.42,3.75551
-0.724191,540.582,11.993,61.0098,3.80481
-4.29702,526.646,10.1327,52.972,3.37545
-0.0976909,566.092,12.8718,65.1759,3.88817
-4.9899,535.978,10.027,52.7049,3.30027
1.07666,549.267,13.075,65.6349,4.05181
-0.2139,511.361,11.5745,58.6575,3.87251
-2.0059,589.402,12.43,63.8457,3.64218
1.68533,581.491,14.1728,70.831,4.14065
-0.475885,528.668,11.8438,60.1392,3.83753
1.8488,578.122,14.1801,70.7834,4.165
1.45955,523.323,12.644,63.2941,4.10736
-0.726861,515.113,11.4268,58.1305,3.80446
-0.145106,537.369,12.1961,61.7758,3.88177
-3.87492,595.439,11.653,60.7197,3.42245
1.32231,551.447,13.2527,66.4079,4.08732
-2.78161,519.801,10.6286,54.917,3.5486
-3.63335,550.77,10.884,56.6068,3.44976
-0.379105,569.992,12.8182,65.0402,3.8504
-0.887759,586.656,12.9316,65.8652,3.78348
-3.5023,550.39,10.9339,56.8087,3.46471
-2.64449,595.635,12.2461,63.208,3.56489
-3.65286,527.798,10.4219,54.2116,3.44755
-1.87932,536.503,11.3714,58.3522,3.65779
-1.0135,546.873,11.9951,61.1526,3.76719
-2.86345,537.701,10.9587,56.6582,3.53893
-3.32029,541.47,10.8356,56.2187,3.48563
-4.24171,599.506,11.5604,60.4093,3.38156
-1.75729,534.002,11.3733,58.3082,3.67293
-3.24367,588.011,11.8031,61.2024,3.49449
-2.34268,574.859,11.962,61.5995,3.60112
1.72099,592.587,14.4632,72.2635,4.14594
-3.35511,501.993,10.0316,52.0612,3.48161
-1.79955,597.08,12.6955,65.1074,3.66768
0.328613,562.294,13.0005,65.6204,3.94643
1.05499,556.474,13.2354,66.4506,4.0487
-0.432564,561.147,12.5929,63.9221,3.84328
-0.951702,570.083,12.5347,63.8739,3.77518
0.109693,593.978,13.616,68.8383,3.91635
-3.69787,503.837,9.93078,51.6749,3.44244
-0.333631,517.543,11.6595,59.141,3.85647
0.220984,550.393,12.672,64.0127,3.9316
-4.80525,512.162,9.6535,50.668,3.32007
1.72251,591.437,14.436,72.1268,4.14617
1.62114,586.813,14.267,71.335,4.13114
-0.062473,543.948,12.3854,62.6965,3.89293
-4.42248,542.161,10.3785,54.3101,3.36166
1.90895,546.538,13.4366,67.043,4.17401
-1.60427,583.494,12.503,64.0257,3.69204
-1.95091,593.844,12.551,64.4406,3.64895
-3.10827,565.498,11.413,59.1176,3.51022
-4.75561,593.137,11.2023,58.774,3.32543
0.55869,565.782,13.1992,66.5105,3.97841
-2.61347,552.167,11.3665,58.6538,3.56859
-1.84069,559.39,11.8747,60.9171,3.66257
1.12401,528.971,12.6151,63.3042,4.05862
-0.56253,552.302,12.3312,62.6546,3.82607
-1.80605,576.916,12.2636,62.8955,3.66687
-4.37172,573.935,11.0093,57.5882,3.36723
-1.22126,578.292,12.5806,64.2378,3.74051
-2.01044,552.52,11.6501,59.8418,3.64162
-2.94505,548.73,11.1471,57.6682,3.52932
0.389699,517.621,11.9963,60.524,3.95488
0.571509,537.831,12.5534,63.2504,3.9802
-2.28247,592.342,12.3554,63.596,3.60841
-2.7079,551.677,11.3137,58.4236,3.55734
-2.38805,540.416,11.225,57.8242,3.59564
-3.34273,516.986,10.3363,53.6376,3.48304
-0.256191,558.773,12.6267,64.0098,3.86683
0.334152,515.266,11.9158,60.1428,3.94719
1.637,597.887,14.5452,72.7175,4.13349
1.62065,596.655,14.506,72.5303,4.13107
-3.05565,598.431,12.1031,62.667,3.51636
-0.505579,576.39,12.8979,65.506,3.8336
-3.31362,543.232,10.8738,56.4138,3.4864
-4.46327,504.25,9.63688,50.4453,3.3572
-1.52766,557.092,11.9735,61.2789,3.70166
-4.7754,540.313,10.1964,53.5052,3.32329
1.28222,548.524,13.162,65.9725,4.08149
-1.5113,589.182,12.6714,64.8427,3.70372
-3.83311,538.757,10.5615,55.0143,3.42715
-3.65953,547.141,10.801,56.1861,3.44679
-4.89592,528.787,9.93027,52.1579,3.31033
-1.81088,570.831,12.1319,62.2225,3.66627
-0.961806,508.862,11.1841,56.9961,3.77387
-0.0338822,578.805,13.1938,66.7747,3.89681
-4.69732,528.889,10.0125,52.5076,3.33173
-4.56079,522.574,9.94776,52.1124,3.34655
-1.53811,568.532,12.2143,62.5164,3.70035
-1.32697,507.009,10.9839,56.1294,3.72704
-3.16147,597.655,12.0363,62.372,3.50403
-1.05832,549.456,12.0305,61.3535,3.76141
-3.33598,502.018,10.0398,52.096,3.48382
-0.378511,562.141,12.642,64.1456,3.85048
-3.99756,551.432,10.7386,56.0084,3.4087
-4.00572,533.492,10.3858,54.1719,3.40779
1.22857,596.623,14.2864,71.6362,4.07371
-2.97826,570.424,11.5724,59.8838,3.52542
-2.16425,553.545,11.6006,59.6571,3.62279
-1.79823,592.934,12.608,64.658,3.66784
-3.76852,560.95,11.0251,57.4007,3.43444
-1.88013,520.875,11.0398,56.6511,3.65769
-1.22842,508.939,11.0688,56.521,3.7396
-1.7147,589.17,12.5695,64.42,3.67823
-4.97123,592.601,11.0947,58.3085,3.30227
-2.30059,528.934,11.0248,56.7552,3.60622
-0.187112,578.847,13.1158,66.4552,3.87611
-0.963983,575.293,12.6431,64.4324,3.77359
0.776911,525.639,12.3675,62.2195,4.00909
-2.07451,526.167,11.0662,56.8703,3.63376
-2.18019,586.547,12.2844,63.1814,3.62085
-2.36861,546.086,11.3515,58.4675,3.59799
-0.560799,598.429,13.362,67.8911,3.8263
-1.70465,507.376,10.8288,55.4945,3.67949
0.243317,548.421,12.6376,63.8285,3.93467
-3.98428,592.962,11.5535,60.2525,3.41018
-2.21579,548.722,11.4759,59.0393,3.61651
-0.255525,544.658,12.3081,62.3943,3.86692
-2.52376,581.216,12.0073,61.9184,3.57932
-0.530698,584.993,13.0775,66.4305,3.83027
-3.98199,567.173,11.052,57.6363,3.41044
0.769941,590.943,13.9002,69.934,4.0081
-0.372684,585.938,13.1802,66.8734,3.85125
-4.03507,507.421,9.86658,51.4754,3.40451
-3.17073,531.781,10.7057,55.4806,3.50295
-1.96495,557.659,11.7797,60.4867,3.64722
1.34435,506.234,12.1766,61.0055,4.09053
-2.80845,569.366,11.6296,60.1015,3.54542
0.889759,532.893,12.5934,63.3035,4.02509
0.0602679,586.788,13.4252,67.8985,3.90961
-0.877904,552.955,12.1935,62.1009,3.78476
1.51943,584.191,14.1474,70.7893,4.11615
-1.38254,518.183,11.2014,57.2646,3.71999
-0.32039,593.605,13.38,67.8613,3.85823
-0.829351,502.261,11.0968,56.4951,3.79107
-3.10979,526.043,10.616,54.9903,3.51004
-0.476739,527.836,11.8248,60.043,3.83742
-3.39246,556.147,11.0971,57.6076,3.47731
-3.91406,543.351,10.6169,55.3376,3.41805
-4.59959,552.579,10.5024,55.0348,3.34233
1.96694,568.632,14.0111,69.8804,4.18273
-0.546443,522.239,11.6674,59.2746,3.82819
0.282346,556.956,12.8539,64.9022,3.94004
-3.08688,569.651,11.5066,59.5931,3.51271
0.393989,566.664,13.1351,66.2675,3.95548
-1.66313,536.032,11.4592,58.7069,3.68467
-4.65022,540.586,10.2534,53.7515,3.33683
-0.274456,571.234,12.899,65.3993,3.86438
0.619871,510.373,11.935,60.1131,3.98697
-4.83176,541.499,10.1955,53.5239,3.31722
-4.57969,504.828,9.60259,50.3117,3.34449
-2.02022,576.68,12.1548,62.4389,3.64042
-2.79705,512.849,10.48,54.1556,3.54677
-3.53131,578.423,11.4775,59.646,3.4614
-4.59992,556.597,10.5787,55.4344,3.34229
-1.73597,558.229,11.8993,60.9953,3.67558
1.54956,569.69,13.8124,69.0977,4.12058
-0.880669,534.527,11.7859,60.0261,3.7844
-2.36819,590.016,12.2649,63.1717,3.59804
-4.74327,520.299,9.83154,51.5774,3.32676
1.94564,558.432,13.7485,68.5809,4.17953
-2.42377,577.016,11.9682,61.6693,3.59133
-3.01513,526.524,10.6661,55.2093,3.5211
1.22339,585.566,14.0188,70.2971,4.07296
-4.19556,524.694,10.1366,52.9504,3.38667
-4.27109,551.76,10.6271,55.545,3.37831
-4.71183,564.607,10.6824,56.0271,3.33016
0.101938,514.093,11.7812,59.5655,3.91529
-3.48957,549.842,10.9286,56.7756,3.46617
1.70045,510.638,12.4532,62.2299,4.14289
-0.132296,577.869,13.1218,66.4586,3.8835
0.997902,521.094,12.3664,62.1137,4.04052
-2.22181,513.101,10.7284,55.1961,3.61578
-4.24274,568.756,10.9669,57.3088,3.38144
-3.96818,582.045,11.3481,59.1742,3.41199
1.95145,596.505,14.6891,73.27,4.1804
0.472575,562.099,13.0693,65.8975,3.96639
-0.757336,522.177,11.5696,58.8704,3.80047
-1.07675,526.867,11.5275,58.7965,3.75904
-0.992001,569.896,12.5107,63.7708,3.76997
-2.68817,584.966,12.0058,61.9883,3.55969
0.552857,543.858,12.6849,63.9214,3.97759
-4.43598,511.178,9.78006,51.1838,3.36018
0.751162,526.971,12.3864,62.3264,4.00545
-3.17332,512.985,10.3262,53.5152,3.50265
-2.69394,527.705,10.8281,55.91,3.559
-1.94454,594.801,12.5744,64.5576,3.64974
-1.98847,570.351,12.0365,61.8167,3.64433
-3.62132,505.784,9.99989,52.0036,3.45113
-2.53018,558.496,11.535,59.4857,3.57855
-1.80809,577.047,12.2654,62.9057,3.66662
0.662495,554.242,12.9824,65.3682,3.99296
-1.6862,599.304,12.8001,65.588,3.68179
0.0968804,585.665,13.4188,67.8473,3.9146
1.88893,524.831,12.8929,64.3397,4.17101
-3.14603,515.054,10.3792,53.7784,3.50582
-2.65468,513.225,10.5475,54.4448,3.56367
-4.01198,579.258,11.2739,58.8071,3.40709
-3.30814,503.933,10.0893,52.3419,3.48703
1.13384,544.254,12.9845,65.1532,4.06003
1.05448,563.419,13.4003,67.2789,4.04862
-0.560494,543.958,12.1459,61.7121,3.82634
-2.70475,507.785,10.4149,53.7808,3.55772
-2.76237,524.002,10.7228,55.3953,3.55088
0.102747,574.888,13.1748,66.6112,3.9154
1.1487,572.898,13.6758,68.6144,4.06217
0.256011,529.095,12.1983,61.6041,3.93642
-2.42316,507.563,10.5279,54.2475,3.59141
0.116399,504.717,11.5729,58.5059,3.91727
1.68596,527.428,12.8554,64.2468,4.14074
-4.8814,596.843,11.2149,58.8987,3.31189
-2.03892,577.383,12.1606,62.4775,3.63813
-0.446372,583.068,13.0777,66.39,3.84145
0.447699,551.551,12.8116,64.6101,3.96293
-2.06301,595.296,12.5258,64.3659,3.63517
-4.44444,544.741,10.4186,54.5295,3.35926
-4.0456,501.637,9.74997,50.8712,3.40333
-4.66028,537.411,10.1891,53.4183,3.33574
-2.43855,581.57,12.0555,62.1264,3.58955
-1.96289,577.551,12.2009,62.6485,3.64748
-4.04074,531.792,10.3381,53.9377,3.40388
-2.08479,515.47,10.8368,55.6957,3.6325
-1.3077,594.711,12.8937,65.8793,3.72949
-2.87274,579.924,11.8149,61.089,3.53783
-3.01467,582.492,11.8001,61.0788,3.52116
1.93812,544.087,13.3914,66.8034,4.1784
-4.1868,591.238,11.4262,59.6828,3.38764
1.88727,503.202,12.3608,61.685,4.17076
1.3864,521.895,12.5738,62.9762,4.09666
-4.76588,535.575,10.1109,53.0524,3.32432
1.78132,572.589,14.0078,69.9575,4.15492
-1.40319,544.63,11.7635,60.1475,3.71737
-3.59818,561.819,11.1181,57.8084,3.45377
0.165562,539.082,12.3847,62.5871,3.924
-0.33572,534.919,12.05,61.1225,3.85619
-1.31246,527.201,11.4279,58.392,3.72889
0.586579,560.651,13.0938,65.9655,3.98231
-0.256516,577.497,13.0496,66.1541,3.86679
-0.718977,558.283,12.3883,63.0181,3.80549
-4.93616,588.624,11.0359,57.9837,3.30602
1.1037,593.206,14.1358,70.9459,4.05569
-0.0224004,518.492,11.8243,59.8385,3.89837
1.26923,559.423,13.4168,67.2558,4.07961
-4.94553,580.601,10.8814,57.1758,3.30502
-4.46275,587.197,11.2223,58.7443,3.35725
-2.12483,575.642,12.0825,62.1172,3.62761
-0.123253,500.75,11.3747,57.606,3.88472
-1.88881,581.982,12.3307,63.2795,3.65662
1.14239,583.166,13.9175,69.8304,4.06126
-3.38422,591.345,11.8033,61.2699,3.47826
-3.96038,585.04,11.4101,59.4938,3.41286
0.602022,575.926,13.4586,67.7958,3.98447
-1.89292,518.565,10.9852,56.3766,3.65611
-1.43831,539.048,11.6267,59.4641,3.71293
-1.14118,553.467,12.0787,61.6379,3.75076
-3.32385,543.709,10.8788,56.4446,3.48522
0.626827,570.118,13.3358,67.1648,3.98795
1.99792,561.226,13.8452,69.0373,4.1874
-0.884281,554.822,12.2316,62.298,3.78393
-2.17273,579.621,12.1429,62.4504,3.62176
-2.95463,566.875,11.5113,59.5566,3.5282
-4.90034,595.22,11.1758,58.7022,3.30986
-1.74736,530.015,11.2928,57.8912,3.67416
1.73298,532.481,13.0022,64.9583,4.14772
-0.988161,586.509,12.8773,65.6379,3.77047
1.93864,500.083,12.3086,61.4017,4.17847
0.186076,557.462,12.8172,64.7631,3.92681
-4.5017,514.043,9.80879,51.3606,3.35299
-3.84588,559.611,10.9646,57.12,3.42572
1.19111,572.286,13.6837,68.633,4.06829
-4.0039,567.386,11.0464,57.6169,3.40799
-4.00265,593.001,11.5457,60.2205,3.40813
-0.864701,548.241,12.0958,61.5975,3.78647
-1.647,595.999,12.7493,65.3083,3.68669
1.30066,533.85,12.8191,64.2449,4.08417
-4.3846,598.999,11.4841,60.0779,3.36582
-1.70255,567.687,12.117,62.0952,3.67975
0.0198667,552.66,12.6244,63.8674,3.90411
-4.01241,535.915,10.4302,54.406,3.40704
-1.50557,589.073,12.672,64.8427,3.70444
1.66432,596.715,14.532,72.6373,4.13753
1.27669,561.697,13.4752,67.545,4.08069
0.0536518,516.269,11.8087,59.726,3.90871
1.02943,592.076,14.0682,70.645,4.04503
-0.403207,536.208,12.0471,61.1383,3.84719
-1.78277,560.902,11.9342,61.1954,3.66976
-4.01804,594.58,11.5693,60.3507,3.40641
-2.15914,555.825,11.6507,59.9126,3.62341
-0.556831,538.755,12.0315,61.1289,3.82682
-2.52494,597.006,12.333,63.5981,3.57918
-1.24834,590.726,12.8374,65.5623,3.73705
-0.0859741,543.278,12.3588,62.5725,3.88975
-0.569106,545.254,12.1707,61.8421,3.8252
-0.902025,594.883,13.1056,66.7584,3.78162
0.584212,590.51,13.7898,69.4735,3.98198
-2.12864,501.911,10.5334,54.1544,3.62714
-4.97727,501.367,9.38432,49.3219,3.30162
-2.65804,551.909,11.341,58.5422,3.56327
-4.91148,531.757,9.97975,52.4242,3.30866
-4.36146,527.023,10.1136,52.8988,3.36836
-4.32918,579.01,11.1258,58.178,3.37191
-2.212,509.271,10.6524,54.8013,3.61697
-3.01206,549.468,11.1322,57.6208,3.52146
1.70751,532.231,12.9833,64.8758,4.14394
-4.38858,530.207,10.1636,53.1714,3.36538
-2.89497,553.374,11.264,58.2504,3.53521
-4.84321,545.706,10.2699,53.9195,3.31599
0.908196,576.03,13.6225,68.4677,4.02772
-2.79975,596.563,12.1894,62.9901,3.54645
-0.284828,572.304,12.9179,65.5002,3.86299
-1.96876,539.622,11.397,58.5232,3.64675
-2.23689,547.679,11.4445,58.8872,3.61395
1.45203,548.826,13.2563,66.363,4.10626
-1.96323,542.23,11.4545,58.8164,3.64743
1.16906,593.795,14.1858,71.163,4.06511
-1.77097,579.293,12.3312,63.2259,3.67123
-0.434841,582.191,13.0639,66.3145,3.84298
0.644831,522.663,12.2343,61.6093,3.99048
0.998653,512.904,12.1724,61.139,4.04063
-2.57514,581.464,11.9879,61.8423,3.57317
-3.41308,555.326,11.0716,57.4842,3.47494
0.549683,523.492,12.2083,61.5215,3.97715
-4.12823,581.453,11.2637,58.807,3.39414
-4.14566,578.441,11.1975,58.4693,3.3922
-3.35889,516.704,10.324,53.5802,3.48118
-1.17389,560.746,12.2218,62.3833,3.74657
-4.94344,516.062,9.67265,50.8237,3.30524
-0.698923,534.198,11.8632,60.338,3.80812
-1.57438,539.459,11.5731,59.2506,3.69579
-1.83134,551.143,11.7039,60.037,3.66373
-3.17789,548.444,11.038,57.2058,3.50212
-0.124289,501.155,11.3834,57.6508,3.88458
-4.20371,585.363,11.305,59.0572,3.38576
-0.814393,599.403,13.2509,67.454,3.79302
-4.23966,512.864,9.89045,51.6823,3.38179
0.0584831,541.057,12.3781,62.6033,3.90936
-1.20501,558.501,12.1579,62.0717,3.74259
-1.55673,521.37,11.1928,57.2962,3.69801
-4.41499,540.915,10.3578,54.1985,3.36248
-2.27831,519.324,10.8341,55.764,3.60892
-0.71048,528.199,11.7247,59.6385,3.80661
0.936095,552.459,13.0793,65.724,4.03169
-4.8662,558.456,10.5001,55.1379,3.31352
-2.37549,566.857,11.7801,60.6778,3.59716
0.416287,533.171,12.3695,62.3949,3.95857
-0.364996,567.694,12.7736,64.807,3.85228
-3.47314,558.934,11.1167,57.7452,3.46805
-1.61673,574.395,12.3019,63.0021,3.69048
-3.78076,541.344,10.6345,55.3725,3.43306
-4.61645,532.31,10.1103,52.987,3.3405
-0.67443,534.069,11.8718,60.3705,3.81133
-0.386143,517.563,11.636,59.0444,3.84946
1.48992,505.892,12.2372,61.2445,4.11181
-1.7648,533.825,11.3661,58.2748,3.67199
0.575705,581.016,13.5636,68.3381,3.98079
0.698216,540.24,12.6721,63.7889,3.99798
-4.27278,543.688,10.4709,54.7294,3.37813
-2.81029,536.512,10.9578,56.6301,3.5452
0.414486,503.492,11.6801,58.9183,3.95832
0.737912,544.708,12.7967,64.3972,4.00358
-0.611041,537.695,11.9822,60.9033,3.81967
-0.892194,563.559,12.4203,63.263,3.7829
-0.813242,530.72,11.733,59.727,3.79317
0.702921,547.193,12.8375,64.6195,3.99865
-2.03916,510.563,10.7531,55.2466,3.6381
-2.81535,536.167,10.9485,56.5845,3.54461
-4.06172,547.28,10.6302,55.4708,3.40154
-4.4291,586.181,11.2182,58.7071,3.36094
-3.51107,502.818,9.98538,51.8839,3.46371
1.63885,506.898,12.3325,61.6546,4.13376
1.48057,596.958,14.4348,72.2478,4.11044
-4.55954,544.313,10.3621,54.2825,3.34669
-4.92642,569.183,10.6757,56.0865,3.30706
-4.15507,585.18,11.3236,59.1323,3.39115
-1.8947,561.805,11.9004,61.0741,3.65589
-0.0413936,581.046,13.241,67.0173,3.89579
-1.01234,522.085,11.4519,58.3829,3.76734
-3.36643,572.362,11.4326,59.3373,3.48031
-1.23785,560.823,12.1926,62.2643,3.73839
-2.88881,505.979,10.3018,53.272,3.53594
1.56145,580.47,14.0802,70.4315,4.12233
-4.40804,562.808,10.78,56.405,3.36325
-4.35544,560.945,10.7672,56.3147,3.36902
-4.18777,584.681,11.2991,59.0191,3.38753
0.802818,517.348,12.1847,61.2882,4.01275
0.719318,585.92,13.7549,69.2288,4.00096
1.4616,517.393,12.5017,62.581,4.10766
-1.28732,588.998,12.7802,65.2891,3.73209
-1.63986,515.837,11.0377,56.5373,3.68758
1.45169,568.235,13.7249,68.7091,4.10621
-2.58604,534.016,11.0049,56.776,3.57186
-2.93216,583.534,11.8603,61.3515,3.53084
-3.10893,526.056,10.6167,54.9932,3.51014
1.64667,511.735,12.454,62.2582,4.13492
-3.35369,534.746,10.6867,55.4605,3.48178
0.986267,538.487,12.7734,64.1633,4.03885
-3.99226,539.536,10.5092,54.8096,3.40929
-3.93298,516.72,10.0888,52.5931,3.41593
-3.79505,549.026,10.7793,56.1322,3.43145
-1.9373,508.034,10.7432,55.1531,3.65063
0.91628,534.926,12.6545,63.5983,4.02887
-4.19767,537.164,10.3767,54.2051,3.38643
-3.96474,530.402,10.3427,53.9298,3.41237
-2.90533,568.089,11.5587,59.7794,3.53399
-1.00151,563.333,12.362,63.0173,3.76874
-3.78657,525.458,10.3201,53.7374,3.4324
-0.595099,588.642,13.1258,66.7079,3.82177
-3.28362,531.668,10.6551,55.2665,3.48986
-0.498776,551.173,12.3369,62.6536,3.8345
-4.11451,500.664,9.70405,50.6588,3.39566
-2.32553,553.284,11.5209,59.3204,3.6032
-3.65144,560.255,11.0634,57.5479,3.44771
1.09652,589.692,14.0481,70.5096,4.05466
-1.91602,529.619,11.2091,57.5357,3.65325
-3.53224,582.355,11.5551,60.0497,3.46129
-4.46769,592.777,11.3267,59.293,3.35671
1.97599,586.309,14.4517,72.0732,4.18409
-0.949287,596.86,13.1247,66.8793,3.77549
-2.44959,563.354,11.6728,60.1591,3.58823
-3.60359,568.156,11.2411,58.4502,3.45315
-3.6849,520.892,10.2723,53.4466,3.44391
-4.65798,515.245,9.76973,51.2188,3.33599
-1.59877,581.296,12.4586,63.7958,3.69273
-3.53503,588.419,11.6741,60.6695,3.46097
-2.36039,580.208,12.0648,62.1372,3.59898
-1.01066,530.843,11.6448,59.3654,3.76756
-4.17212,563.43,10.8953,56.9029,3.38926
-2.34807,551.13,11.4658,59.0465,3.60047
-3.46274,556.633,11.0755,57.5268,3.46924
-2.05832,515.395,10.8466,55.735,3.63575
0.192959,521.88,12.0023,60.6426,3.92775
-1.20188,556.917,12.1249,61.9018,3.74299
-3.51073,504.704,10.023,52.0791,3.46375
-1.30847,563.413,12.2148,62.4108,3.72939
-3.42944,528.76,10.535,54.7052,3.47306
-0.384503,514.416,11.566,58.6886,3.84968
-0.0894845,556.532,12.6585,64.092,3.88928
-3.37876,527.757,10.5364,54.6912,3.47889
-1.25938,596.325,12.9534,66.1603,3.73565
-0.677085,594.553,13.2149,67.2019,3.81099
0.53819,569.222,13.2688,66.8714,3.97554
-0.723621,500.777,11.1102,56.5185,3.80488
0.764283,575.847,13.5421,68.1354,4.0073
-4.68451,505.298,9.57082,50.1865,3.33311
1.34978,507.216,12.2027,61.1343,4.09132
-3.23618,564.204,11.3287,58.7388,3.49535
-1.36223,541.921,11.7239,59.9268,3.72256
-4.22087,566.924,10.9413,57.1649,3.38386
-2.23043,590.434,12.3411,63.4974,3.61473
0.299728,538.875,12.445,62.8299,3.94244
-4.29528,570.52,10.9777,57.3884,3.37565
-4.80979,590.203,11.1224,58.3799,3.31958
0.563666,559.619,13.058,65.7964,3.9791
-2.20008,576.749,12.0696,62.0863,3.61843
-2.94187,536.201,10.894,56.3573,3.52969
1.81631,518.416,12.6996,63.4083,4.16014
-1.92066,524.872,11.1066,57.0115,3.65268
-2.49082,599.804,12.4076,63.9665,3.58327
1.3477,540.78,13.0092,65.1754,4.09101
0.805056,513.724,12.1004,60.8632,4.01307
0.715464,502.735,11.8003,59.3929,4.00041
-1.12671,547.915,11.9644,61.0479,3.75262
1.73278,519.542,12.6862,63.3794,4.14769
-2.37091,519.39,10.7956,55.6051,3.59771
-4.47221,503.857,9.62588,50.3912,3.35622
0.0473674,508.071,11.6184,58.7659,3.90785
-4.08259,511.079,9.91868,51.7663,3.39921
-1.61636,507.879,10.8775,55.707,3.69053
0.899118,596.69,14.1061,70.9031,4.02642
1.16323,595.59,14.2255,71.365,4.06427
1.7026,592.626,14.4538,72.2265,4.14321
1.87032,501.754,12.3172,61.4747,4.16822
1.9917,579.434,14.2909,71.2631,4.18646
1.94944,515.02,12.6816,63.2571,4.1801
-2.51513,527.699,10.9055,56.2327,3.58035
-0.664211,558.131,12.4116,63.1111,3.81268
-2.14618,565.287,11.8551,60.958,3.625
-2.69608,522.246,10.7152,55.3279,3.55875
1.76729,579.409,14.1669,70.7594,4.15283
1.06592,518.814,12.3449,61.9749,4.05026
-4.90555,582.128,10.9277,57.4012,3.3093
-4.07751,512.075,9.94005,51.8758,3.39978
-3.89848,575.346,11.2491,58.6258,3.4198
-1.1301,529.761,11.5664,59.0188,3.75219
-2.86241,503.165,10.2553,53.0209,3.53905
1.66652,599.141,14.5923,72.9377,4.13786
-3.04452,550.33,11.1352,57.6507,3.51766
1.15156,587.346,14.0222,70.3512,4.06259
-2.75123,542.517,11.1066,57.3732,3.5522
1.74829,535.148,13.0751,65.3151,4.15
-2.84088,555.21,11.3258,58.5459,3.54159
-2.49747,563.815,11.6601,60.1156,3.58247
-4.03257,578.979,11.2591,58.7393,3.40479
0.0467826,556.573,12.7272,64.3746,3.90777
0.544176,563.233,13.1323,66.1804,3.97638
-1.23853,542.736,11.7991,60.255,3.73831
-0.143346,561.625,12.7474,64.5678,3.882
0.450406,548.392,12.7396,64.2455,3.96331
-2.11483,556.256,11.6803,60.0446,3.62883
1.62194,574.34,13.9642,69.8204,4.13126
-0.689363,528.617,11.7437,59.7259,3.80937
-0.504439,548.761,12.2802,62.3682,3.83375
-4.73706,598.366,11.3095,59.3282,3.32743
-0.270515,592.107,13.3724,67.7975,3.86491
-0.350058,595.707,13.4118,68.0373,3.85427
-3.2936,504.585,10.1083,52.4343,3.48871
-4.88077,510.843,9.59919,50.4129,3.31195
1.81432,532.185,13.0359,65.0884,4.15985
1.04734,500.723,11.9059,59.7788,4.0476
-0.0812713,539.142,12.2669,62.1054,3.89039
0.688648,551.293,12.9265,65.0743,3.99664
-2.10205,590.219,12.3997,63.7369,3.63039
-2.14826,540.994,11.3447,58.3344,3.62474
0.0593887,511.267,11.697,59.1581,3.90949
1.49944,593.527,14.3623,71.8753,4.11321
-4.10752,577.35,11.1936,58.4315,3.39644
1.06075,582.202,13.8504,69.5355,4.04952
-3.7429,553.447,10.8889,56.6801,3.43734
-2.4476,507.265,10.5114,54.173,3.58846
-3.22413,505.248,10.1498,52.6214,3.49675
0.401623,586.837,13.6067,68.6433,3.95653
-2.81095,576.29,11.7699,60.8275,3.54513
-0.496681,514.015,11.5061,58.4337,3.83478
-4.27197,518.71,9.99015,52.2164,3.37822
-0.685129,522.544,11.6107,59.0476,3.80993
-0.170007,535.793,12.1484,61.5459,3.87841
-0.102752,546.285,12.419,62.8853,3.88748
-2.08774,588.954,12.3802,63.6295,3.63214
-4.43198,569.115,10.8903,56.9925,3.36062
-4.39027,539.072,10.3328,54.0574,3.3652
-4.32181,564.829,10.8565,56.7668,3.37272
-2.73342,562.653,11.527,59.5369,3.55431
-3.76531,515.335,10.1299,52.7386,3.4348
-4.26648,537.153,10.3476,54.0827,3.37882
-0.516739,575.128,12.864,65.3394,3.83212
-0.0117236,510.146,11.6389,58.8953,3.89982
-0.138862,521.151,11.8309,59.9232,3.88261
0.818273,566.9,13.3598,67.1913,4.01494
1.85486,535.161,13.1294,65.5359,4.16591
1.99333,509.068,12.5563,62.6123,4.18671
1.71689,538.917,13.1512,65.7102,4.14533
0.550113,525.022,12.2442,61.7022,3.97721
-2.68356,551.117,11.3132,58.4101,3.56023
0.857576,586.463,13.842,69.5964,4.02052
-2.09273,569.921,11.9778,61.5634,3.63153
-3.08716,529.012,10.6856,55.3411,3.51268
-0.839405,520.088,11.4861,58.4816,3.78976
1.67736,548.83,13.3726,66.8358,4.13947
-4.19635,568.656,10.9856,57.3854,3.38658
-1.00752,583.269,12.7964,65.2349,3.76797
-0.67488,597.297,13.277,67.5168,3.81128
-2.43817,520.811,10.7962,55.6365,3.5896
1.93759,544.839,13.4097,66.8947,4.17832
-4.5185,582.789,11.113,58.1975,3.35116
-2.60089,556.139,11.454,59.0998,3.57009
-1.17733,552.448,12.0393,61.4533,3.74613
0.28829,588.612,13.5876,68.604,3.94086
-0.0247823,576.105,13.137,66.4825,3.89804
-1.57144,567.627,12.1788,62.3502,3.69616
0.718339,553.301,12.9886,65.3726,4.00082
1.66837,520.774,12.6846,63.4012,4.13813
-4.41894,559.047,10.7033,56.0081,3.36205
-2.67173,513.313,10.5421,54.4242,3.56164
-1.95217,588.74,12.4425,63.8842,3.6488
0.453092,568.555,13.2094,66.6133,3.96368
-2.33176,597.994,12.4488,64.101,3.60244
-3.72623,508.747,10.0161,52.1304,3.43923
-2.86447,555.574,11.3226,58.5396,3.53881
-1.58772,580.774,12.4529,63.7611,3.69412
-0.389714,594.13,13.3555,67.7717,3.84899
1.60759,528.041,12.8314,64.1631,4.12914
-1.47417,522.472,11.2532,57.5694,3.7084
-3.82888,573.53,11.245,58.573,3.42763
-3.00608,567.795,11.5063,59.5543,3.52216
-3.04531,554.468,11.2186,58.0827,3.51757
-1.73116,529.2,11.2827,57.8323,3.67618
-0.613866,526.966,11.7418,59.6827,3.8193
-3.39158,527.723,10.5303,54.665,3.47741
0.547261,514.018,11.9863,60.4035,3.97681
-4.71385,545.495,10.3199,54.127,3.32994
-0.249721,518.877,11.7281,59.4519,3.8677
1.36492,552.221,13.2933,66.5904,4.09352
-0.0067603,517.603,11.8113,59.7656,3.90049
0.300254,570.649,13.1791,66.5356,3.94251
1.19746,503.132,12.0331,60.3515,4.06921
-1.85469,508.768,10.7941,55.3795,3.66084
-2.11597,500.798,10.5153,54.0563,3.62869
-4.29781,579.211,11.1437,58.2577,3.37537
0.335082,523.223,12.1003,61.0733,3.94732
-3.16277,538.283,10.84,56.1735,3.50387
0.34032,572.815,13.2499,66.873,3.94805
-1.6731,594.662,12.7076,65.1073,3.68343
-3.15371,534.389,10.7655,55.7834,3.50493
-3.45373,595.021,11.8436,61.5121,3.47028
-1.58517,546.523,11.7196,60.0057,3.69444
1.12741,579.465,13.8211,69.3544,4.05911
-1.96712,577.237,12.1922,62.6058,3.64695
0.357136,535.766,12.401,62.5811,3.95037
-0.238408,563.864,12.7506,64.6296,3.86921
-0.163585,522.137,11.8418,59.9894,3.87928
-3.48312,527.381,10.4849,54.4677,3.46691
0.454283,589.503,13.6967,69.0702,3.96385
-0.0536298,538.795,12.2723,62.12,3.89413
0.10364,523.623,12.0004,60.673,3.91553
1.65122,512.71,12.4799,62.3858,4.13559
-0.366504,587.533,13.2192,67.0687,3.85208
-2.86533,559.332,11.3988,58.934,3.5387
-1.36636,519.539,11.2379,57.4442,3.72204
0.678874,536.138,12.5664,63.2658,3.99526
0.945097,541.583,12.8263,64.4484,4.03297
-0.185029,505.541,11.4557,58.0431,3.87639
-3.7955,594.644,11.6747,60.7953,3.4314
-2.65897,540.365,11.1034,57.316,3.56316
-3.35768,544.284,10.8756,56.4424,3.48132
-1.49571,518.145,11.1505,57.0532,3.70569
1.35342,565.724,13.6123,68.194,4.09185
0.780636,591.256,13.9134,69.9948,4.00962
1.79438,541.978,13.2656,66.2446,4.15687
-4.0637,547.584,10.6352,55.498,3.40132
-4.96923,572.261,10.7148,56.3109,3.30248
0.23885,535.619,12.3404,62.3297,3.93406
1.02623,559.291,13.2876,66.7264,4.04457
0.6059,556.032,12.9957,65.462,3.98501
-0.912945,516.802,11.3805,57.9758,3.78021
-2.18475,586.431,12.2797,63.1596,3.62029
-3.81733,515.286,10.1078,52.6446,3.42893
1.541,588.24,14.2574,71.3283,4.11932
-3.80386,527.474,10.3525,53.9133,3.43045
-1.80701,508.243,10.8034,55.4071,3.66675
-1.46541,517.631,11.1528,57.052,3.70951
-1.5966,564.893,12.1081,61.9999,3.693
1.11769,533.224,12.7134,63.8004,4.05771
1.829,516.775,12.6657,63.2329,4.16204
-2.18078,534.403,11.192,57.5635,3.62078
-4.18241,510.642,9.87037,51.5543,3.38812
-1.2429,528.475,11.4871,58.6635,3.73775
0.798558,594.832,14.0073,70.458,4.01215
-2.67037,562.704,11.5571,59.6636,3.5618
1.05158,529.681,12.5965,63.2444,4.04821
-1.31649,589.492,12.7761,65.2828,3.72838
-4.71199,577.111,10.9189,57.2676,3.33014
-2.15052,565.186,11.851,60.9386,3.62447
-1.02711,577.567,12.6615,64.5568,3.76544
-3.92723,559.279,10.9223,56.9355,3.41657
-1.65645,556.793,11.9062,60.9938,3.68551
0.0164742,591.547,13.5109,68.354,3.90365
0.649252,531.452,12.4422,62.654,3.9911
-2.34418,575.571,11.9761,61.6728,3.60094
1.92845,511.17,12.5765,62.7428,4.17694
-4.53337,548.856,10.4597,54.7823,3.34954
-3.69982,550.402,10.8477,56.4471,3.44222
-2.26407,538.079,11.2317,57.8043,3.61064
-2.56681,553.141,11.4077,58.8458,3.57416
-1.69846,519.388,11.0879,56.8196,3.68026
-3.03743,572.203,11.5811,59.9558,3.51849
-4.26863,549.846,10.5912,55.3567,3.37859
-0.740115,514.736,11.4125,58.0634,3.80272
-2.59331,596.019,12.279,63.3532,3.57099
-1.22703,588.703,12.8042,65.3823,3.73978
-2.34032,590.529,12.2892,63.2834,3.60141
0.747277,530.671,12.4715,62.7563,4.0049
-3.71081,556.798,10.969,57.0827,3.44097
-2.03965,569.722,11.9988,61.647,3.63804
1.86283,593.933,14.5758,72.7513,4.1671
-1.37451,528.06,11.4185,58.371,3.72101
-3.89938,507.559,9.92336,51.717,3.4197
-1.10241,511.714,11.1846,57.0586,3.75574
-1.75567,531.264,11.3157,58.0122,3.67313
1.11726,536.943,12.8018,64.2444,4.05764
-3.9539,561.455,10.953,57.1074,3.41358
-4.56809,584.898,11.1309,58.3136,3.34576
-1.16533,563.709,12.2905,62.7301,3.74767
-0.461712,520.135,11.6591,59.1952,3.83941
1.65546,555.756,13.5299,67.6326,4.13622
-4.24571,577.227,11.129,58.1568,3.38112
1.6625,541.196,13.179,65.8753,4.13726
-3.55857,508.553,10.08,52.3948,3.45828
-4.67992,529.048,10.0225,52.5532,3.33361
-0.626869,508.752,11.3302,57.596,3.81759
-3.24407,511.347,10.2641,53.2223,3.49444
-3.46367,523.533,10.4165,54.1044,3.46914
-2.02721,561.882,11.8396,60.823,3.63956
1.38663,508.789,12.2581,61.3952,4.09669
-3.22108,576.465,11.5818,60.0445,3.4971
-1.73953,506.877,10.8032,55.378,3.67514
-1.04199,549.998,12.0501,61.4461,3.76352
1.58585,523.728,12.7158,63.5955,4.12593
0.648276,539.27,12.6247,63.5738,3.99096
0.266956,543.477,12.5352,63.3006,3.93792
0.221586,547.97,12.6165,63.7322,3.93168
-3.96245,514.273,10.0291,52.2938,3.41263
1.91645,574.838,14.1364,70.5311,4.17514
-4.72628,526.109,9.94817,52.1823,3.32859
1.92376,564.86,13.895,69.3227,4.17624
-0.861072,525.751,11.6013,59.0774,3.78694
-3.76943,573.132,11.2641,58.6456,3.43434
-2.30722,502.583,10.4728,53.9162,3.60541
-0.609408,575.562,12.8269,65.1958,3.81989
-2.12077,562.354,11.8055,60.6912,3.6281
-3.79123,567.919,11.1519,58.071,3.43188
-0.577271,556.504,12.4179,63.1017,3.82412
0.0790517,520.1,11.9082,60.2178,3.91217
-2.91435,588.597,11.9717,61.9194,3.53293
-4.37464,566.867,10.8725,56.8736,3.36691
-1.82742,577.335,12.2621,62.898,3.66422
-1.91475,560.918,11.8722,60.9384,3.65341
-4.74184,557.217,10.5298,55.2397,3.32691
-4.17396,519.856,10.0519,52.4991,3.38906
0.0280281,506.341,11.5701,58.5299,3.90522
-0.756906,571.611,12.6651,64.4446,3.80053
0.624801,548.057,12.8187,64.5618,3.98766
0.776457,539.104,12.6841,63.8124,4.00902
1.57841,557.012,13.5201,67.6213,4.12483
-2.23767,523.599,10.941,56.2966,3.61385
-1.78115,556.657,11.8446,60.7354,3.66996
0.136877,518.158,11.8906,60.1031,3.92007
0.948805,542.19,12.8425,64.5282,4.0335
-3.17248,540.87,10.8879,56.4257,3.50275
1.03386,505.839,12.0212,60.3638,4.04567
0.914561,557.932,13.1978,66.33,4.02862
-2.32406,513.366,10.6903,55.0431,3.60337
1.67288,513.643,12.5131,62.5419,4.1388
-0.588385,534.232,11.9157,60.5548,3.82266
0.696511,572.678,13.4321,67.6153,3.99774
1.17215,547.902,13.091,65.6694,4.06556
-0.911491,531.731,11.71,59.6533,3.78039
1.11511,512.02,12.2066,61.2584,4.05734
-0.0585373,586.926,13.3661,67.6587,3.89347
-4.17456,512.296,9.90549,51.7346,3.38899
0.670118,532.75,12.4827,62.8486,3.99403
0.0122134,580.21,13.2498,67.035,3.90307
-1.41161,509.471,11.0004,56.2494,3.71631
-1.40195,538.073,11.6224,59.4257,3.71753
-3.6045,596.873,11.8088,61.4027,3.45305
-1.17836,569.252,12.405,63.3205,3.746
-2.51564,573.068,11.8428,61.0663,3.58029
-1.39891,568.167,12.2739,62.7554,3.71792
-2.50056,514.602,10.641,54.8628,3.5821
0.311825,594.278,13.731,69.3161,3.94411
-0.255942,515.259,11.6435,59.0256,3.86686
0.175154,526.149,12.0921,61.1042,3.92531
-0.62202,535.501,11.9282,60.6336,3.81822
0.340815,556.166,12.865,64.9304,3.94812
-1.05768,533.883,11.6898,59.6158,3.7615
-4.7486,542.061,10.2405,53.7252,3.32618
-3.29888,592.599,11.8689,61.5698,3.4881
-1.3086,578.886,12.5502,64.1244,3.72938
-3.85464,550.614,10.7845,56.1857,3.42473
-2.70207,563.264,11.554,59.6619,3.55803
0.104363,550.775,12.6231,63.8206,3.91562
1.63826,571.054,13.8931,69.4566,4.13367
-2.38896,571.57,11.8717,61.1558,3.59553
-2.21046,519.931,10.8761,55.9512,3.61716
-4.05534,520.844,10.1193,52.8023,3.40225
-3.81066,591.043,11.5969,60.3974,3.42968
0.169489,553.48,12.7174,64.2667,3.92453
-4.87407,557.141,10.472,54.9939,3.31267
-1.07576,571.184,12.4976,63.7442,3.75917
-1.62245,595.561,12.7524,65.3117,3.68976
-0.304068,592.386,13.3611,67.7572,3.86042
-2.44291,530.424,10.9934,56.6548,3.58903
-0.678736,575.6,12.7928,65.0563,3.81077
-4.35779,588.163,11.2886,59.0427,3.36876
-1.25835,536.516,11.6547,59.5267,3.73578
-0.23052,541.328,12.2448,62.0621,3.87027
-0.248694,503.552,11.3822,57.6978,3.86783
-2.02542,559.162,11.7831,60.532,3.63978
-3.66031,570.571,11.2631,58.5907,3.4467
-0.11305,573.949,13.0426,66.0482,3.88609
-0.801731,543.905,12.03,61.2333,3.79467
-3.47031,577.621,11.4897,59.6813,3.46838
1.08616,525.51,12.5141,62.8148,4.05317
0.794738,588.519,13.8565,69.7018,4.01161
-1.39843,576.939,12.4636,63.7253,3.71798
-3.27093,528.664,10.6003,54.9769,3.49133
-1.11901,515.331,11.2563,57.4315,3.75361
-3.06487,529.405,10.7031,55.4222,3.51528
0.759874,553.037,13.0035,65.4274,4.00668
-0.644507,534.844,11.903,60.5159,3.81527
-3.06681,540.867,10.934,56.6186,3.51506
-4.90501,599.437,11.2529,59.109,3.30936
-2.4511,536.564,11.117,57.2955,3.58804
-3.76281,530.405,10.4272,54.2852,3.43509
-4.92419,533.059,9.99902,52.5307,3.3073
1.10013,536.126,12.7739,64.1121,4.05518
-2.33458,518.219,10.7869,55.5446,3.6021
-3.79106,508.865,9.99237,52.0329,3.4319
-1.46636,554.912,11.9556,61.1591,3.70939
-3.62953,542.449,10.7213,55.7586,3.4502
-0.761982,539.737,11.9565,60.8411,3.79986
-4.10898,534.813,10.3683,54.1238,3.39628
-1.63285,586.726,12.558,64.3214,3.68846
-2.36208,524.551,10.9067,56.1735,3.59878
-1.66641,538.082,11.5016,58.9252,3.68426
-4.83093,566.909,10.6743,56.0371,3.31731
0.54159,569.901,13.2864,66.9584,3.97602
1.93385,589.573,14.5086,72.3786,4.17775
-3.02744,516.625,10.4604,54.1498,3.51966
-2.62308,574.209,11.8157,60.9764,3.56744
0.995743,598.3,14.1975,71.3117,4.04021
-2.75455,568.899,11.6451,60.1568,3.5518
-1.93636,520.794,11.0135,56.54,3.65074
1.89551,504.484,12.3963,61.8581,4.172
-0.449811,505.524,11.3369,57.5543,3.84099
-3.25447,548.988,11.0151,57.1208,3.49324
-2.72196,557.645,11.4296,59.0288,3.55567
-1.22694,537.322,11.6867,59.676,3.73979
-3.93423,548.299,10.7048,55.8049,3.41579
-2.147,564.32,11.8345,60.8521,3.6249
1.26725,545.313,13.0774,65.5554,4.07932
-0.963384,533.439,11.7236,59.7459,3.77367
-1.8896,525.961,11.1434,57.1868,3.65652
0.573376,507.92,11.8561,59.7362,3.98046
1.11192,518.238,12.3533,61.996,4.05688
-2.61316,505.301,10.4019,53.6761,3.56862
1.7191,539.586,13.1686,65.7964,4.14566
-3.90347,590.378,11.5407,60.1478,3.41924
-0.0131882,527.363,12.031,60.8801,3.89962
1.91277,563.98,13.8674,69.1908,4.17459
-2.31284,513.583,10.6996,55.0862,3.60473
-2.56023,572.472,11.8095,60.9152,3.57495
0.273727,572.982,13.2193,66.7515,3.93886
0.751285,518.112,12.1782,61.2788,4.00547
-1.04923,553.275,12.1184,61.7978,3.76258
-3.31539,522.55,10.459,54.2629,3.48619
0.757453,586.268,13.7835,69.3534,4.00634
1.51502,591.711,14.3271,71.6905,4.1155
-0.0922681,551.032,12.5321,63.4528,3.8889
-1.99355,561.916,11.8561,60.8925,3.6437
-2.47155,504.668,10.4477,53.8541,3.58558
0.935127,582.704,13.7948,69.32,4.03155
-4.18391,557.896,10.7831,56.3224,3.38796
-2.46253,592.846,12.2775,63.2821,3.58667
-1.64598,569.329,12.1793,62.3879,3.68682
-2.20895,500.785,10.4762,53.8934,3.61734
-3.50574,525.098,10.4301,54.1922,3.46432
0.629138,595.395,13.9283,70.1478,3.98827
-3.4339,523.665,10.4316,54.1703,3.47255
1.7946,541.099,13.2442,66.1376,4.1569
-4.7316,577.006,10.9082,57.2205,3.32802
-1.55398,588.052,12.6258,64.6299,3.69835
-0.528139,593.941,13.2788,67.4522,3.83061
-0.898227,544.952,12.0074,61.1625,3.78212
1.96236,522.879,12.8815,64.2484,4.18204
-1.96026,582.101,12.2983,63.1473,3.6478
-1.75091,584.561,12.4533,63.8418,3.67372
-2.3777,558.063,11.5963,59.7322,3.59689
1.90425,589.392,14.4875,72.289,4.17331
-1.20601,563.093,12.2574,62.5801,3.74246
-3.18008,550.248,11.0733,57.3899,3.50186
0.00333777,565.183,12.9021,65.2804,3.90186
-3.94046,501.16,9.78206,50.9969,3.41509
0.760677,547.201,12.8666,64.7385,4.00679
-2.9262,536.113,10.899,56.3766,3.53154
1.02709,545.692,12.9649,65.1057,4.0447
-4.56039,553.567,10.5379,55.2038,3.34659
-2.3489,592.256,12.3209,63.4509,3.60037
-0.777512,590.624,13.0758,66.5444,3.79784
-3.61946,556.507,11.0036,57.2223,3.45134
-4.42797,549.795,10.5223,55.065,3.36106
-0.877211,554.841,12.2354,62.3141,3.78485
-2.45038,594.925,12.3265,63.5289,3.58813
1.76012,587.097,14.3509,71.6822,4.15176
-0.391842,512.107,11.5107,58.4114,3.8487
0.220795,596.478,13.7329,69.3721,3.93157
-4.7522,573.244,10.8281,56.8092,3.32579
1.48753,559.522,13.5332,67.7319,4.11146
0.889905,570.868,13.4909,67.815,4.02511
1.29859,574.322,13.7898,69.111,4.08387
-4.71795,548.635,10.3776,54.4313,3.32949
1.01183,529.504,12.5728,63.144,4.04251
-0.231754,521.961,11.8062,59.8394,3.87011
-2.47197,559.898,11.5908,59.7469,3.58553
-1.34582,547.24,11.8467,60.5468,3.72465
-3.90826,562.805,10.9995,57.3297,3.4187
0.0956738,504.452,11.5574,58.4368,3.91444
-3.03485,531.085,10.75,55.6521,3.51879
1.66736,547.394,13.3324,66.6399,4.13798
1.12697,545.842,13.0189,65.3292,4.05904
-3.85715,585.417,11.465,59.7321,3.42445
-1.76912,537.97,11.4524,58.7192,3.67146
-0.610369,516.05,11.5002,58.453,3.81976
1.28771,581.74,13.962,69.9796,4.08229
1.29431,520.119,12.4863,62.5799,4.08325
-4.55215,527.544,10.0459,52.6229,3.34749
0.0099603,558.634,12.7559,64.5376,3.90276
1.98165,599.33,14.7759,73.6869,4.18495
-1.71827,584.042,12.4583,63.852,3.67779
-3.51495,599.07,11.895,61.8079,3.46327
-0.258312,542.414,12.256,62.1317,3.86654
-1.94806,517.549,10.9398,56.1666,3.6493
-4.59492,510.044,9.69582,50.8062,3.34284
-2.87713,562.311,11.4541,59.2253,3.53731
-2.10319,573.792,12.0541,61.9607,3.63025
-0.678246,560.066,12.4478,63.3015,3.81083
-2.4063,596.681,12.3847,63.8069,3.59344
-0.590534,516.732,11.5243,58.5671,3.82237
-2.53998,524.298,10.8245,55.8256,3.57737
0.763997,518.027,12.1822,61.2934,4.00726
-2.50258,590.636,12.2123,62.9649,3.58186
1.03153,561.285,13.3377,66.9755,4.04533
-2.25247,566.589,11.8323,60.8898,3.61205
-3.37149,554.137,11.0663,57.4385,3.47973
-2.67427,521.284,10.7047,55.2648,3.56134
-4.29108,538.112,10.3558,54.1358,3.37611
-1.02162,507.355,11.1248,56.7189,3.76615
-1.53856,529.454,11.3746,58.2185,3.70029
-0.771707,573.61,12.702,64.6394,3.79859
-2.37601,539.29,11.207,57.726,3.59709
-3.9786,554.515,10.8069,56.3562,3.41082
-0.0597764,506.86,11.5421,58.4266,3.8933
-0.35194,533.068,12.0007,60.8795,3.85402
1.73381,560.595,13.6891,68.3898,4.14785
0.408935,572.51,13.2783,66.9829,3.95755
-1.21168,572.422,12.4577,63.6053,3.74174
-0.624188,575.85,12.8258,65.1978,3.81794
-1.74797,594.209,12.6603,64.9016,3.67409
-3.64808,516.787,10.2064,53.0888,3.44809
-4.12727,544.45,10.5473,55.0663,3.39424
-4.57818,504.866,9.6039,50.3179,3.34466
-0.581417,512.207,11.4275,58.0712,3.82357
-2.19037,558.217,11.6863,60.1101,3.61961
0.322064,581.798,13.448,67.8824,3.94552
0.804243,532.62,12.5451,63.1003,4.01296
-1.02647,543.388,11.9126,60.7377,3.76552
0.312826,555.041,12.8249,64.7416,3.94425
1.90849,561.549,13.8054,68.8832,4.17394
-4.63864,572.154,10.8573,56.9118,3.33809
-2.21664,573.092,11.9852,61.6597,3.61641
0.326464,525.237,12.1427,61.2916,3.94613
-0.368114,589.712,13.2674,67.3139,3.85186
-0.149689,509.953,11.5717,58.6154,3.88115
-4.98733,512.722,9.59294,50.4224,3.30055
-3.8232,524.198,10.2802,53.5449,3.42827
0.325962,554.114,12.8101,64.6604,3.94606
-4.58811,522.395,9.93336,52.0481,3.34358
0.606811,575.522,13.4517,67.7585,3.98514
-1.66718,525.434,11.2309,57.5387,3.68417
-0.873028,575.424,12.6914,64.6345,3.78539
-4.24671,502.354,9.685,50.6115,3.38101
-0.288098,518.108,11.6931,59.2913,3.86255
-4.55108,593.871,11.3094,59.2411,3.34761
1.90375,525.427,12.915,64.4428,4.17323
-3.57249,566.409,11.2205,58.3292,3.45669
-0.565019,550.223,12.2836,62.4138,3.82574
1.06733,537.262,12.7846,64.1814,4.05047
1.97711,508.495,12.5343,62.5099,4.18426
-2.23045,528.152,11.0393,56.7993,3.61473
-3.97709,504.444,9.83164,51.27,3.41099
-1.89658,526.542,11.1526,57.2371,3.65566
-0.0426517,528.116,12.0343,60.91,3.89562
-3.99596,584.658,11.3864,59.3862,3.40888
-0.829631,502.559,11.1033,56.5281,3.79104
0.0665975,568.113,13.0012,65.7507,3.91047
1.11257,548.963,13.086,65.6729,4.05697
-4.88256,542.552,10.1943,53.539,3.31176
1.32315,548.888,13.1917,66.1015,4.08744
0.924173,553.98,13.1092,65.88,4.02999
-4.75832,527.688,9.96508,52.2841,3.32513
-3.45596,522.38,10.3968,53.9987,3.47002
-3.9455,536.939,10.4783,54.6287,3.41453
-3.7961,567.718,11.1458,58.0413,3.43133
-0.08406,526.349,11.9746,60.6264,3.89001
-2.15472,556.153,11.6596,59.9566,3.62396
-1.71982,515.909,11.0043,56.4003,3.6776
-0.381246,578.472,13.0078,66.0033,3.85011
-4.54878,587.769,11.1942,58.6368,3.34786
-2.28595,520.883,10.8633,55.9176,3.60799
-2.36795,516.026,10.727,55.2502,3.59807
-1.47905,533.755,11.494,58.8034,3.70779
-4.81497,530.61,9.99728,52.4764,3.31903
0.32375,518.383,11.983,60.4866,3.94576
-2.03289,505.47,10.6485,54.7064,3.63887
-2.63215,526.619,10.8325,55.9064,3.56636
-1.10351,568.989,12.4359,63.4428,3.7556
-3.61924,548.235,10.8401,56.3721,3.45137
0.622579,544.737,12.74,64.1662,3.98735
1.76473,557.838,13.6381,68.1196,4.15245
-2.00994,597.161,12.5916,64.6778,3.64169
-1.74104,596.434,12.7112,65.1591,3.67495
-0.00226707,524.505,11.9709,60.5712,3.9011
-3.69905,568.797,11.2106,58.3351,3.4423
-1.93441,510.99,10.807,55.4792,3.65099
-3.90574,521.625,10.1958,53.1393,3.41899
-0.628879,550.572,12.2606,62.3265,3.81732
0.940258,568.725,13.4666,67.668,4.03228
-4.87783,584.347,10.9817,57.6723,3.31227
-1.90949,562.119,11.9001,61.0792,3.65406
-2.09573,557.175,11.7085,60.1807,3.63116
-4.87917,545.15,10.2445,53.8014,3.31213
-1.29764,558.815,12.1203,61.9229,3.73077
-3.19069,506.646,10.1915,52.8242,3.50063
-2.24632,569.046,11.8865,61.166,3.6128
-3.56946,518.743,10.2775,53.4258,3.45704
0.462085,500.614,11.635,58.6698,3.96493
-0.26096,538.032,12.1557,61.6246,3.86619
-0.364742,564.345,12.6984,64.4253,3.85231
-0.0724783,544.548,12.3942,62.7457,3.89158
1.30813,538.693,12.9391,64.843,4.08526
0.271894,580.806,13.3988,67.6591,3.9386
-0.199551,567.073,12.8428,65.0778,3.87444
0.465595,528.136,12.2763,61.9022,3.96542
-2.89143,581.081,11.8296,61.1739,3.53563
-4.99392,570.049,10.6627,56.0479,3.29984
-3.48778,513.878,10.2146,53.0651,3.46637
-2.47851,551.297,11.4098,58.8168,3.58475
-2.11202,544.476,11.4342,58.7784,3.62917
1.2481,580.201,13.9037,69.7073,4.07654
-2.28381,589.982,12.3055,63.3399,3.60825
1.05877,508.284,12.091,60.7033,4.04924
-2.43161,555.433,11.5169,59.3477,3.59039
0.771543,535.112,12.5877,63.33,4.00833
-1.83798,555.958,11.8031,60.5486,3.66291
-1.65992,519.9,11.1158,56.946,3.68507
1.69646,583.682,14.2323,71.1227,4.1423
-2.42257,536.889,11.1364,57.383,3.59148
-1.4714,581.11,12.5176,64.0362,3.70875
-0.97412,554.04,12.1712,62.032,3.77228
-0.905833,512.122,11.2807,57.4639,3.78113
-0.336409,545.728,12.2932,62.3562,3.85609
1.94228,592.552,14.5866,72.7635,4.17902
-3.49463,523.768,10.4083,54.0744,3.46559
1.3952,502.046,12.0997,60.5979,4.09794
-2.9732,509.733,10.3433,53.5211,3.52602
-3.34424,588.029,11.756,61.0053,3.48287
1.46172,528.005,12.7582,63.8648,4.10768
-2.8685,582.739,11.8743,61.394,3.53833
-2.14865,517.136,10.8443,55.7611,3.6247
1.00754,557.047,13.2246,66.4195,4.0419
-1.31856,599.955,13.0019,66.4372,3.72811
-4.38795,558.869,10.7133,56.0469,3.36545
-1.43651,535.445,11.5498,59.07,3.71316
-2.91985,581.596,11.8267,61.172,3.53228
-3.95871,527.239,10.2835,53.6188,3.41305
1.94026,511.211,12.5833,62.7711,4.17872
-3.46774,528.747,10.5186,54.636,3.46867
1.76785,594.631,14.5394,72.6197,4.15291
1.55017,556.518,13.4933,67.5013,4.12067
1.09781,529.112,12.6056,63.2687,4.05485
-3.26404,576.674,11.5661,59.9829,3.49213
-0.11256,559.46,12.7136,64.3819,3.88616
-0.769793,596.155,13.2022,67.184,3.79884
-0.37606,542.667,12.2052,61.9282,3.8508
-2.45739,553.044,11.4556,59.0433,3.58729
-4.99866,505,9.44411,49.6445,3.29934
-4.73457,552.978,10.4527,54.8324,3.3277
1.75587,536.467,13.1112,65.4917,4.15113
-0.782013,515.622,11.4133,58.0857,3.79725
-4.10558,594.979,11.5363,60.2194,3.39665
-0.469959,569.762,12.7674,64.8262,3.83832
-1.57295,552.718,11.8582,60.7096,3.69597
-1.5299,515.854,11.0862,56.7388,3.70138
-0.522863,543.547,12.1547,61.7394,3.83131
1.37717,551.462,13.2813,66.5246,4.09531
-1.81505,563.121,11.966,61.3739,3.66575
-0.99893,537.822,11.8034,60.1684,3.76907
1.96379,562.673,13.8626,69.1411,4.18226
1.38093,572.544,13.7911,69.076,4.09586
0.449474,569.134,13.221,66.6736,3.96318
-4.78265,586.045,11.0562,58.0201,3.32251
-4.96245,552.278,10.3435,54.3566,3.30321
-3.03793,519.106,10.5062,54.3914,3.51843
-0.242866,570.954,12.9087,65.4329,3.86862
-3.53029,518.839,10.2956,53.5036,3.46151
-3.07845,524.361,10.5954,54.8701,3.5137
1.47646,587.677,14.2081,71.1154,4.10984
-4.73062,524.137,9.90913,51.9792,3.32812
-0.0407902,506.616,11.5452,58.4338,3.89587
-4.37905,547.135,10.4921,54.886,3.36643
-4.13994,532.11,10.303,53.7961,3.39283
-2.43985,581.095,12.0451,62.0731,3.5894
0.843631,565.985,13.3514,67.1366,4.01854
0.115043,526.622,12.0745,61.0426,3.91708
0.266165,527.464,12.1655,61.434,3.93781
0.868265,505.802,11.9432,60.0446,4.02204
-4.55844,581.93,11.0787,58.036,3.34681
-4.94384,550.188,10.3121,54.1839,3.3052
-3.1796,540.489,10.8771,56.373,3.50192
-3.0429,500.884,10.1354,52.4736,3.51785
0.853423,591.396,13.9561,70.1726,4.01993
-1.42671,534.863,11.5418,59.0244,3.7144
-1.89986,535.762,11.3464,58.2333,3.65525
-4.42164,596.159,11.4126,59.7209,3.36175
-0.739496,503.035,11.1533,56.7447,3.80281
0.945576,535.554,12.6838,63.7319,4.03304
-1.35545,597.393,12.9275,66.0754,3.72343
-2.72246,505.359,10.3578,53.4933,3.55561
-1.27003,596.765,12.9575,66.1865,3.73429
0.851665,594.956,14.0392,70.5911,4.01968
0.18132,585.834,13.467,68.049,3.92616
-2.87229,504.725,10.283,53.1683,3.53788
1.18306,536.977,12.8354,64.382,4.06713
1.52922,549.632,13.3155,66.6222,4.11759
-3.84835,537.735,10.535,54.8827,3.42544
-0.492132,587.235,13.1475,66.7671,3.83538
-4.79664,515.384,9.71762,51.0011,3.321
0.0635586,530.222,12.1326,61.3595,3.91006
-1.22237,533.043,11.5958,59.2095,3.74037
-0.188965,582.157,13.1899,66.8314,3.87586
-3.53864,555.641,11.0222,57.2832,3.46056
-4.25487,518.311,9.98937,52.2053,3.38011
-4.68329,517.512,9.80267,51.4017,3.33325
-4.89659,530.754,9.96695,52.3508,3.31026
-3.55449,531.837,10.5433,54.801,3.45875
0.415822,518.51,12.0291,60.6782,3.9585
-0.643471,522.431,11.6272,59.1133,3.8154
-4.59648,549.294,10.4413,54.7132,3.34267
-1.60592,571.123,12.2371,62.6649,3.69183
-2.48432,549.348,11.3668,58.5978,3.58405
-1.08228,542.039,11.8569,60.479,3.75833
-4.11989,560.67,10.8648,56.7205,3.39506
-2.4772,589.795,12.2072,62.9267,3.58491
-4.70427,508.185,9.61781,50.4407,3.33097
1.88279,513.46,12.6106,62.9336,4.17009
-0.973546,585.549,12.8637,65.561,3.77236
-3.33492,588.582,11.7714,61.0811,3.48394
0.17273,557.584,12.8133,64.7499,3.92498
-0.866987,559.924,12.3525,62.9055,3.78617
-1.92688,580.758,12.2862,63.0693,3.65191
-0.0396281,576.832,13.1459,66.535,3.89603
1.31195,525.575,12.6259,63.2716,4.08581
-0.987843,500.544,10.99,56.0179,3.77051
1.89084,549.984,13.5118,67.4273,4.1713
-1.18502,561.708,12.2374,62.468,3.74515
0.0264604,560.709,12.8116,64.8112,3.90501
1.4441,555.725,13.4188,67.1803,4.1051
-0.397366,547.751,12.3092,62.4661,3.84797
1.59452,550.963,13.3816,66.9208,4.12721
-4.7735,531.388,10.0288,52.6246,3.3235
-0.780205,545.737,12.0807,61.4817,3.79748
1.4072,571.596,13.7823,69.0187,4.0997
-0.121714,586.451,13.3222,67.4683,3.88492
-0.643708,550.395,12.2495,62.277,3.81537
-4.66699,583.788,11.0653,58.0153,3.33501
-1.51757,562.063,12.0852,61.8457,3.70293
-2.17742,511.596,10.7158,55.1127,3.62119
0.16254,500.073,11.4871,58.0526,3.92358
-0.526254,541.271,12.1022,61.4742,3.83086
-0.906732,533.338,11.7476,59.8428,3.78101
-0.390224,528.83,11.8874,60.322,3.84892
0.258195,582.588,13.4327,67.8371,3.93672
-1.25129,524.345,11.3935,58.1894,3.73668
-2.44542,587.044,12.1657,62.6973,3.58873
1.45451,572.087,13.8195,69.1811,4.10662
1.14476,514.77,12.2863,61.6449,4.06161
1.4946,528.083,12.7763,63.9403,4.1125
-2.34637,502.326,10.4511,53.8207,3.60067
0.0156992,515.273,11.7685,59.539,3.90354
-0.56674,509.697,11.3781,57.8136,3.82551
1.23732,566.341,13.5659,68.019,4.07498
1.3556,535.633,12.8893,64.5712,4.09217
-2.54207,544.887,11.2486,58.0139,3.57712
-4.05279,559.621,10.8738,56.7381,3.40253
-0.337135,553.749,12.4735,63.2712,3.856
-0.247244,582.698,13.172,66.7695,3.86803
-0.234256,507.738,11.4833,58.2042,3.86977
-1.406,541.841,11.7019,59.8341,3.71702
-4.35968,547.766,10.5124,54.984,3.36855
-1.19646,513.513,11.1823,57.0873,3.74368
1.37658,523.3,12.6028,63.1261,4.09523
-3.85907,517.014,10.1246,52.7494,3.42423
1.13161,571.062,13.6229,68.3577,4.05971
1.17039,584.69,13.969,70.0747,4.0653
-3.8686,516.356,10.1079,52.666,3.42316
-3.32117,572.71,11.4603,59.4605,3.48553
-0.294548,581.696,13.1249,66.5545,3.86169
1.18182,578.791,13.8342,69.3927,4.06695
-1.84734,519.087,11.0162,56.516,3.66175
-2.41568,586.019,12.1588,62.6479,3.59231
1.90727,536.282,13.1836,65.7814,4.17376
-3.70398,584.329,11.5145,59.9185,3.44175
-3.31176,518.146,10.3724,53.8118,3.48661
-1.97561,581.974,12.2881,63.1025,3.64591
-4.38577,583.529,11.187,58.5241,3.36569
0.103815,517.672,11.8641,59.9838,3.91555
1.98399,540.502,13.3268,66.4589,4.1853
-0.369884,555.184,12.4897,63.3691,3.85163
-3.48287,556.971,11.0733,57.5243,3.46694
-3.03951,547.745,11.0851,57.3892,3.51825
-3.0565,576.095,11.651,60.3264,3.51626
-3.79048,568.993,11.1733,58.1823,3.43196
-4.12046,545.989,10.58,55.2342,3.395
0.20408,530.334,12.2021,61.6467,3.92928
-2.0861,524.006,11.0157,56.6157,3.63234
-2.02211,565.311,11.9142,61.2042,3.64019
-2.39171,534.955,11.1099,57.2331,3.5952
-3.41311,570.36,11.3713,59.0404,3.47494
-3.88574,547.643,10.7129,55.826,3.42123
0.200098,552.35,12.7066,64.1978,3.92873
-2.36386,536.663,11.1578,57.4673,3.59856
-3.15157,589.406,11.8749,61.5307,3.50518
-4.04525,526.339,10.2302,53.3768,3.40337
1.10729,522.708,12.4576,62.5216,4.05621
-4.34315,536.988,10.3125,53.9312,3.37037
-3.52465,583.504,11.5814,60.183,3.46216
-1.54342,513.925,11.0388,56.5021,3.69968
-1.08823,571.469,12.4977,63.7505,3.75756
-1.8789,527.326,11.1771,57.3549,3.65784
-3.67745,590.029,11.6392,60.5551,3.44475
-0.225651,512.645,11.5982,58.7828,3.87093
-4.71878,543.771,10.2853,53.9473,3.3294
-3.92055,555.74,10.8561,56.5874,3.41732
0.0281491,557.709,12.7439,64.4678,3.90523
1.23155,560.015,13.4113,67.247,4.07414
-4.35587,595.846,11.4369,59.8177,3.36897
0.188433,529.432,12.1739,61.5113,3.92713
0.118858,502.397,11.5208,58.2416,3.9176
-0.207919,586.534,13.2791,67.2932,3.87331
0.680628,591.845,13.8731,69.8433,3.99551
-2.16847,577.469,12.0999,62.227,3.62228
0.521655,544.87,12.693,63.9771,3.97323
-0.675606,562.485,12.5029,63.5803,3.81118
-3.55344,534.772,10.6019,55.1053,3.45887
-4.31072,535.538,10.2981,53.8424,3.37394
1.60845,545.869,13.265,66.3312,4.12927
0.836938,568.366,13.4041,67.4048,4.01759
-2.98192,548.597,11.128,57.5855,3.52499
-0.416553,521.345,11.707,59.4183,3.84541
0.660844,584.249,13.6845,68.9038,3.99273
-0.862025,568.517,12.5445,63.8811,3.78682
-2.5271,580.178,11.9843,61.8012,3.57892
-4.21315,522.221,10.0817,52.6707,3.38472
-3.54249,558.317,11.0735,57.5519,3.46012
-0.260544,529.689,11.9674,60.6698,3.86625
-4.27139,594.214,11.4446,59.8182,3.37828
-3.12811,577.418,11.6443,60.325,3.50791
-4.34514,519.91,9.98371,52.2126,3.37015
1.09547,533.199,12.7018,63.7527,4.05451
-1.95634,597.413,12.6237,64.8165,3.64828
-3.06297,540.797,10.9343,56.6183,3.51551
0.401522,538.381,12.4832,62.9751,3.95652
-1.49889,504.222,10.8495,55.5145,3.70529
1.0444,516.096,12.27,61.6084,4.04718
-3.8533,524.73,10.2781,53.5468,3.42488
0.195709,532.195,12.2409,61.8467,3.92813
-3.57931,592.769,11.7395,61.0303,3.45592
-4.04895,532.404,10.3466,53.9854,3.40296
0.234168,536.587,12.3605,62.4331,3.93341
-1.43457,509.775,10.997,56.2416,3.7134
1.32287,580.385,13.9485,69.894,4.0874
-4.99161,501.745,9.38592,49.3359,3.30009
0.805424,578.945,13.6368,68.5911,4.01312
-3.98357,528.993,10.3074,53.7537,3.41026
-4.57919,503.323,9.57416,50.1625,3.34455
1.35425,501.728,12.0728,60.4813,4.09197
-2.06453,521.247,10.9671,56.3566,3.63499
1.46732,554.613,13.404,67.0949,4.1085
1.21919,564.308,13.5077,67.7362,4.07236
0.999469,555.067,13.1735,66.1665,4.04074
-1.72977,545.317,11.627,59.5963,3.67636
-4.40996,578.09,11.0719,57.9329,3.36303
-3.64076,505.439,9.98527,51.9354,3.44892
-4.40385,553.081,10.5955,55.4377,3.36371
1.80398,506.668,12.4059,61.9475,4.1583
1.22455,591.301,14.1567,70.9882,4.07313
-0.952009,538.804,11.8468,60.3687,3.77514
0.0915422,560.189,12.8324,64.885,3.91387
-2.25211,510.951,10.6706,54.9112,3.6121
-3.88206,598.188,11.7034,60.9859,3.42165
-3.52341,556.977,11.0554,57.4493,3.4623
-3.14297,516.119,10.4019,53.895,3.50618
-2.07694,502.898,10.5758,54.3511,3.63346
-0.339513,507.199,11.4239,57.948,3.85568
1.23551,505.867,12.1164,60.7524,4.07472
-0.425257,509.912,11.4464,58.0992,3.84426
-0.51466,538.551,12.0469,61.188,3.8324
-2.01167,535.105,11.2823,57.9534,3.64147
1.81515,523.088,12.8135,63.9776,4.15997
0.299424,575.736,13.2962,67.127,3.9424
-4.09352,587.62,11.3991,59.498,3.39799
1.47085,520.486,12.5809,62.9734,4.10902
-4.25352,511.877,9.86591,51.5596,3.38025
0.503946,536.688,12.4938,62.9811,3.97076
-0.17463,512.884,11.6269,58.9057,3.87779
-2.5965,570.962,11.7613,60.6836,3.57061
-2.92121,597.924,12.158,62.8866,3.53212
-0.937177,527.635,11.608,59.1454,3.77706
-3.06124,567.968,11.4844,59.4663,3.51571
-2.31068,545.222,11.3598,58.4839,3.60499
1.33156,507.52,12.2014,61.1358,4.08866
-3.37392,501.733,10.0188,52.0025,3.47945
-3.28304,547.853,10.9797,56.95,3.48993
-3.13543,576.337,11.6191,60.1979,3.50706
-1.87236,578.234,12.2593,62.9051,3.65865
-3.67294,522.452,10.308,53.6275,3.44527
1.94476,511.741,12.5985,62.8451,4.17939
-4.9492,568.127,10.646,55.9408,3.30462
0.757065,528.671,12.4292,62.5392,4.00628
-3.36303,517.044,10.3291,53.6083,3.4807
-2.60922,522.305,10.7536,55.4894,3.56909
1.13317,518.557,12.3711,62.0758,4.05993
-0.888597,538.854,11.8776,60.4967,3.78337
1.03902,545.258,12.9606,65.0784,4.04641
-3.31028,581.867,11.6487,60.4325,3.48678
-2.02747,563.36,11.8706,60.9824,3.63953
0.497709,598.484,13.9289,70.219,3.96989
-1.95119,514.269,10.8691,55.8051,3.64892
-2.52871,579.761,11.9749,61.7536,3.57872
0.194768,506.604,11.6518,58.8709,3.928
-0.21888,578.174,13.0842,66.311,3.87184
-1.93396,585.019,12.3728,63.5175,3.65104
0.914955,585.623,13.853,69.6228,4.02868
-2.1794,522.644,10.9464,56.2994,3.62094
-1.80952,549.237,11.6736,59.8712,3.66644
-3.50694,555.514,11.0337,57.329,3.46418
-4.861,518.649,9.75369,51.2163,3.31408
-0.781509,562.637,12.4542,63.383,3.79731
-1.90671,553.726,11.7237,60.1726,3.6544
-3.87693,561.349,10.9849,57.2397,3.42222
-0.662383,596.271,13.2607,67.4276,3.81292
0.135643,522.469,11.989,60.6008,3.9199
-4.16613,571.35,11.0511,57.714,3.38993
-2.33562,539.485,11.2291,57.8221,3.60197
-1.28184,561.511,12.1864,62.253,3.73278
-2.72367,502.795,10.3047,53.2198,3.55547
-4.6783,512.581,9.71122,50.9202,3.33379
1.86387,520.261,12.7683,63.7293,4.16726
0.521398,589.202,13.7256,69.1818,3.9732
1.59931,564.921,13.7231,68.6266,4.12792
1.79819,584.842,14.3168,71.4924,4.15744
-2.42116,572.94,11.8849,61.2389,3.59165
-1.04875,562.797,12.3272,62.8624,3.76265
0.307107,513.179,11.855,59.8478,3.94346
-1.36263,588.204,12.725,65.0441,3.72251
-0.945481,522.501,11.4913,58.5543,3.77599
1.51818,594.067,14.3859,71.9832,4.11597
-2.62432,598.097,12.3066,63.5105,3.56729
-4.81481,541.266,10.1981,53.5306,3.31904
-1.31276,553.677,12.0017,61.3239,3.72885
-4.18021,583.972,11.2888,58.962,3.38837
-2.37346,550.42,11.4394,58.9223,3.5974
-0.638606,502.675,11.1897,56.8867,3.81604
0.797921,595.492,14.0225,70.5348,4.01206
-1.65465,526.214,11.2531,57.6472,3.68573
-2.7163,570.462,11.695,60.3966,3.55634
-1.03676,552.319,12.1034,61.7156,3.76419
0.83767,518.483,12.228,61.4905,4.01769
-3.49887,568.025,11.2858,58.6354,3.46511
-0.85257,505.429,11.1566,56.8094,3.78805
-1.43924,583.265,12.58,64.3398,3.71281
-4.27395,547.758,10.5488,55.137,3.378
-0.484509,542.895,12.1584,61.7407,3.83639
0.0298528,528.308,12.0729,61.0726,3.90547
-4.87343,595.077,11.1854,58.7397,3.31274
1.17562,533.381,12.7458,63.9359,4.06606
-2.05951,581.189,12.2307,62.8477,3.6356
-4.72155,566.066,10.7058,56.154,3.32911
-3.70799,560.071,11.0347,57.4236,3.44129
-2.9412,540.018,10.9718,56.7596,3.52977
-4.33825,517.112,9.93275,51.9433,3.37091
1.20546,576.867,13.8009,69.2136,4.07037
1.72661,564.58,13.7826,68.8604,4.14678
-3.77036,509.924,10.0215,52.1763,3.43423
-1.00082,563.806,12.3727,63.0716,3.76883
-3.2233,587.763,11.8078,61.217,3.49685
-2.46758,584.642,12.1052,62.3962,3.58606
-1.89633,545.567,11.5557,59.3057,3.65569
-2.48954,514.776,10.6493,54.9009,3.58342
-1.93889,501.873,10.6123,54.4815,3.65043
-3.34917,535.609,10.7059,55.5581,3.4823
-0.110103,519.364,11.8036,59.7724,3.88649
-3.16768,553.806,11.1504,57.7842,3.5033
0.127039,593.751,13.6201,68.8499,3.91872
0.482241,519.008,12.072,60.8645,3.96774
1.21184,564.093,13.4986,67.6946,4.07129
-3.23917,544.527,10.9323,56.6847,3.49501
-2.13513,526.842,11.0537,56.8324,3.62635
-0.336026,546.837,12.3183,62.4836,3.85615
-3.12445,532.218,10.7343,55.6094,3.50833
-1.07273,539.092,11.7968,60.1685,3.75956
-3.17678,535.355,10.775,55.8425,3.50225
-0.753809,531.436,11.7764,59.921,3.80093
-2.69991,584.578,11.9922,61.9238,3.55829
0.121352,540.493,12.3956,62.6629,3.91795
1.79976,539.326,13.2034,65.9317,4.15767
-4.82506,555.746,10.4666,54.9442,3.31794
-1.28502,533.019,11.5666,59.0882,3.73238
-4.09027,509.197,9.8791,51.5629,3.39836
-0.315594,503.636,11.3543,57.5848,3.85888
1.70586,517.062,12.6125,63.0236,4.14369
-4.11753,522.276,10.1217,52.8404,3.39532
-1.03816,570.986,12.5118,63.7986,3.76401
-3.28825,580.275,11.6271,60.3102,3.48933
1.15814,587.57,14.0311,70.3926,4.06354
1.73253,521.905,12.7438,63.6673,4.14766
0.991373,550.428,13.0593,65.5967,4.03958
0.117033,544.609,12.4879,63.1315,3.91735
-3.28473,532.614,10.6736,55.3629,3.48973
-2.15255,576.172,12.0804,62.1191,3.62422
-1.44265,502.784,10.8427,55.456,3.71238
1.76571,542.914,13.2738,66.2992,4.1526
0.996349,524.267,12.441,62.4889,4.0403
-4.76486,573.475,10.8269,56.8086,3.32443
-3.07803,572.961,11.5776,59.9565,3.51375
-1.22787,591.322,12.8608,65.6714,3.73967
-0.686587,585.681,13.0128,66.1791,3.80974
-1.21522,528.436,11.4988,58.7111,3.74128
-0.461392,597.512,13.3938,68.0021,3.83946
-3.13999,596.928,12.032,62.3394,3.50652
1.96154,555.719,13.6901,68.2819,4.18192
-0.401848,553.265,12.431,63.0858,3.84737
1.94585,539.754,13.2887,66.2875,4.17956
-0.179249,543.521,12.3192,62.4152,3.87717
-4.95737,557.915,10.4512,54.9205,3.30375
-4.73035,595.093,11.2507,59.0166,3.32815
0.428481,575.214,13.3512,67.3409,3.96026
0.0780663,541.304,12.3932,62.6708,3.91203
-1.09358,550.073,12.0272,61.3533,3.75688
1.52628,542.054,13.1304,65.6975,4.11716
0.243367,550.656,12.6891,64.0888,3.93468
-3.25365,521.496,10.4638,54.2618,3.49333
-3.33971,565.7,11.3116,58.6974,3.48339
-3.10175,569.967,11.5062,59.5974,3.51098
-2.17492,557.783,11.6844,60.0932,3.62149
0.28055,511.576,11.8057,59.6106,3.9398
0.392137,505.497,11.7164,59.111,3.95522
-0.21992,549.162,12.4272,62.9815,3.8717
-3.87208,537.056,10.5116,54.7712,3.42277
-0.0268889,593.851,13.5405,68.5258,3.89776
-0.355249,545.854,12.2869,62.3332,3.85358
-0.138596,533.156,12.1035,61.3041,3.88265
-0.645394,594.392,13.2278,67.2516,3.81515
-4.76037,541.792,10.2306,53.6779,3.32491
0.395743,500.29,11.5973,58.5088,3.95572
-1.27926,559.943,12.1536,62.0844,3.73311
0.69618,508.078,11.9167,59.9874,3.9977
-1.39984,598.604,12.9309,66.1153,3.7178
-4.84669,511.245,9.62004,50.5088,3.31562
-0.460082,593.552,13.3057,67.5542,3.83963
-4.28842,591.327,11.3812,59.4946,3.3764
-2.44069,573.01,11.8771,61.2078,3.5893
-0.618838,515.681,11.4881,58.3954,3.81864
-4.21639,589.366,11.3765,59.4366,3.38436
-0.709808,536.748,11.9147,60.605,3.80669
-4.93968,595.735,11.1677,58.6774,3.30564
-4.84972,586.525,11.0352,57.9405,3.31529
-1.54833,570.784,12.2577,62.7434,3.69906
0.951045,528.267,12.5139,62.8757,4.03382
-1.85621,579.44,12.2927,63.0691,3.66065
-0.499829,520.519,11.6503,59.1672,3.83436
-4.68046,500.578,9.48299,49.7243,3.33355
-3.85638,507.32,9.93588,51.765,3.42453
-2.02228,522.151,11.0046,56.5311,3.64017
-0.550618,585.976,13.0892,66.4999,3.82764
1.1968,523.141,12.5114,62.7503,4.06912
-3.56654,569.083,11.2762,58.616,3.45737
-4.41942,528.764,10.1233,52.9733,3.362
1.72993,566.14,13.8225,69.0579,4.14727
-1.00216,567.283,12.4483,63.4578,3.76866
1.44587,542.247,13.0942,65.5547,4.10535
-3.49822,567.495,11.2756,58.5819,3.46518
0.151617,571.746,13.1279,66.35,3.92209
-0.479184,522.105,11.6953,59.3865,3.8371
0.132926,558.262,12.8089,64.7467,3.91953
1.10336,550.416,13.116,65.8276,4.05564
-2.74711,588.409,12.0481,62.2348,3.55269
-0.962103,571.643,12.5638,64.0274,3.77384
-0.532654,573.762,12.8254,65.1511,3.83002
-2.82803,535.07,10.9206,56.4456,3.54311
-0.694236,522.651,11.6089,59.0426,3.80874
-0.146441,539.675,12.2477,62.0382,3.88159
-4.07078,528.863,10.2687,53.5883,3.40053
-1.23992,546.365,11.8773,60.6551,3.73813
-4.3782,520.201,9.97597,52.1856,3.36652
1.58864,575.38,13.9714,69.8737,4.12634
1.20972,573.28,13.7174,68.7925,4.07099
0.413934,590.564,13.6997,69.1062,3.95824
-3.457,572.566,11.3952,59.1844,3.4699
1.41302,552.005,13.3129,66.6654,4.10055
1.19045,537.762,12.8579,64.4912,4.0682
-2.67752,520.914,10.6957,55.2198,3.56095
-4.2578,504.124,9.71479,50.7715,3.37978
-1.58541,529.625,11.3572,58.1499,3.69441
-4.26103,578.365,11.144,58.2424,3.37942
1.79059,595.047,14.5624,72.7224,4.1563
-2.94871,573.773,11.6541,60.293,3.52889
-1.53396,540.044,11.6042,59.3917,3.70087
0.546021,587.949,13.7096,69.0886,3.97664
-2.84662,565.024,11.5234,59.5697,3.54091
-3.84756,523.036,10.2473,53.3839,3.42553
0.757621,564.888,13.281,66.8246,4.00636
-1.60253,588.756,12.6166,64.6067,3.69226
-3.86166,528.333,10.3452,53.8998,3.42394
-0.824871,598.053,13.2156,67.2796,3.79166
0.478709,538.48,12.5231,63.1409,3.96725
-3.54993,526.884,10.447,54.2987,3.45927
0.269607,561.896,12.9614,65.4514,3.93829
1.79116,574.08,14.0496,70.1613,4.15639
0.801486,556.408,13.104,65.9128,4.01257
-1.52935,583.794,12.5466,64.2127,3.70145
-2.8887,514.971,10.4849,54.2189,3.53595
-0.15456,521.684,11.8357,59.9546,3.88049
1.19826,565.935,13.5356,67.8865,4.06933
1.6371,541.703,13.1784,65.8843,4.1335
-1.27342,534.961,11.614,59.3255,3.73386
-2.35313,584.547,12.1585,62.6166,3.59986
-2.34051,509.002,10.5925,54.5463,3.60138
0.0939989,509.171,11.6648,58.9803,3.91421
-0.44546,520.493,11.6746,59.2667,3.84157
1.6621,558.385,13.5974,67.9667,4.1372
-2.14811,573.807,12.0329,61.8729,3.62476
-3.58635,565.147,11.1893,58.1731,3.45511
-2.13817,573.261,12.0262,61.8338,3.62598
0.365087,532.34,12.3255,62.1966,3.95147
1.06792,559.488,13.3138,66.8378,4.05055
-2.72421,506.472,10.3799,53.6081,3.5554
-3.05051,570.982,11.5503,59.8026,3.51696
-3.15007,520.546,10.4882,54.3448,3.50535
-1.74894,519.381,11.0656,56.7269,3.67397
1.34458,555.112,13.3524,66.8962,4.09056
-2.60579,581.695,11.978,61.8058,3.5695
1.83333,522.741,12.814,63.9716,4.16269
-2.19462,510.957,10.6951,55.0135,3.61909
0.657916,571.78,13.3909,67.4269,3.99231
0.535828,547.217,12.7547,64.2815,3.97521
0.297556,580.95,13.4156,67.7309,3.94214
-3.65918,592.087,11.6884,60.8023,3.44683
-0.155755,574.451,13.0322,66.0163,3.88033
-1.36134,577.413,12.4922,63.8534,3.72268
1.61729,515.1,12.5216,62.6098,4.13057
-0.615763,570.15,12.7031,64.5697,3.81905
1.98328,596.483,14.7067,73.3406,4.18519
0.510653,573.976,13.3653,67.3711,3.9717
-4.31749,598.89,11.5132,60.1984,3.3732
-3.52909,537.989,10.6761,55.4805,3.46165
-2.27976,546.336,11.397,58.6617,3.60874
-3.52262,538.975,10.6984,55.5939,3.46239
0.0728825,568.277,13.0081,65.7829,3.91133
-2.22491,505.689,10.5721,54.3933,3.6154
-0.183741,565.586,12.817,64.9398,3.87656
1.82231,576.021,14.1141,70.4675,4.16104
-0.051372,548.231,12.4884,63.2125,3.89444
-3.90607,559.023,10.9266,56.9485,3.41895
-4.62431,564.181,10.7122,56.145,3.33964
-0.0212864,587.996,13.41,67.8623,3.89852
-2.33005,595.152,12.3905,63.7999,3.60265
-1.67916,588.786,12.579,64.4515,3.68267
1.4342,549.393,13.2608,66.3942,4.10365
-4.53258,501.516,9.55779,50.0585,3.34962
0.446352,543.016,12.6127,63.6075,3.96275
-3.47778,538.357,10.7054,55.6109,3.46752
-2.11382,562.964,11.8216,60.7707,3.62895
1.5627,543.102,13.1744,65.9001,4.12252
-4.31384,534.217,10.2714,53.7041,3.3736
-4.00319,506.451,9.86037,51.4303,3.40807
-4.39969,599.631,11.4892,60.1117,3.36416
-0.149978,530.502,12.0379,60.9768,3.88111
-4.32459,590.161,11.3421,59.3073,3.37242
-3.45555,540.781,10.7632,55.9016,3.47007
-4.39244,537.052,10.2932,53.8511,3.36496
-2.30616,515.086,10.7338,55.2594,3.60554
-4.511,552.755,10.5435,55.2117,3.35198
-3.61824,520.645,10.295,53.537,3.45148
-2.93368,535.681,10.887,56.3175,3.53066
0.242716,554.256,12.7718,64.5065,3.93459
-1.06566,540.211,11.8246,60.3071,3.76047
-1.31239,584.353,12.6668,64.7222,3.7289
1.5178,504.119,12.2075,61.0834,4.11591
-3.1849,501.084,10.082,52.254,3.5013
-4.78346,510.454,9.62981,50.535,3.32242
-0.401334,574.557,12.9096,65.5148,3.84744
-3.72329,508.944,10.0212,52.1557,3.43956
-0.594156,581.09,12.9578,65.854,3.8219
-4.83713,547.107,10.2988,54.0687,3.31664
-3.74867,570.177,11.2154,58.3825,3.43669
-0.575943,527.985,11.7821,59.8704,3.8243
-1.93485,590.15,12.4809,64.0727,3.65093
-0.188342,541.902,12.2781,62.2113,3.87594
-0.904508,536.76,11.824,60.231,3.7813
-4.51277,590.758,11.2676,59.0043,3.35179
-4.55994,534.336,10.172,53.2868,3.34664
-1.24274,581.765,12.6455,64.5793,3.73777
1.85593,599.283,14.7032,73.3907,4.16607
0.291178,523.112,12.077,60.9754,3.94126
-3.8556,586.825,11.4933,59.8788,3.42462
-4.57257,562.67,10.7059,56.0893,3.34527
-3.77616,566.367,11.1282,57.9407,3.43358
0.438782,591.147,13.7266,69.2288,3.96169
-4.60065,541.133,10.2844,53.893,3.34221
-0.810198,556.869,12.3126,62.6759,3.79357
-4.54588,551.988,10.514,55.0724,3.34817
1.39733,589.892,14.218,71.2058,4.09826
-4.69041,511.751,9.69074,50.8176,3.33247
-3.00843,524.426,10.6264,55.0013,3.52189
0.959965,553.474,13.1155,65.8943,4.0351
-2.8827,577.244,11.7556,60.7872,3.53666
-1.68849,572.316,12.2226,62.6298,3.6815
-0.64163,564.215,12.5581,63.8449,3.81564
1.50159,554.141,13.4104,67.1102,4.11353
-3.76633,514.877,10.1205,52.69,3.43469
-0.286472,507.479,11.454,58.0779,3.86277
-3.07141,553.175,11.1807,57.8983,3.51452
1.88249,573.075,14.0746,70.2397,4.17004
0.981403,508.009,12.0482,60.5224,4.03816
-2.33716,538.087,11.1993,57.6694,3.60179
-1.1048,546.327,11.94,60.9136,3.75543
1.82682,540.962,13.2573,66.1879,4.16171
1.02754,573.402,13.6235,68.4127,4.04476
-1.211,507.965,11.0552,56.4444,3.74182
-0.626368,511.09,11.3825,57.8616,3.81765
0.166379,520.694,11.9626,60.4538,3.92411
-4.45669,595.466,11.3832,59.5833,3.35792
0.570516,510.034,11.9042,59.9795,3.98006
-4.64151,590.178,11.198,58.6992,3.33777
-1.46272,546.611,11.7785,60.2513,3.70985
-4.83209,563.37,10.6071,55.6851,3.31719
-1.65574,567.942,12.1449,62.2164,3.6856
1.88427,580.763,14.2644,71.1861,4.17031
0.611552,583.134,13.6321,68.665,3.98581
-1.49236,565.063,12.1618,62.2261,3.70611
-4.49276,502.389,9.58986,50.2108,3.35397
-2.72266,500.272,10.2534,52.9545,3.55559
-2.29613,577.684,12.0431,61.995,3.60676
-3.68633,500.238,9.86443,51.325,3.44375
-4.87377,576.24,10.8311,56.8797,3.31271
-3.50199,562.852,11.1816,58.0956,3.46475
-3.46213,553.058,11.0047,57.1585,3.46931
-3.38758,520.077,10.3794,53.88,3.47787
-2.38435,584.99,12.1526,62.601,3.59609
-2.52337,577.078,11.922,61.4784,3.57936
0.465168,564.274,13.1161,66.1371,3.96536
-2.7905,567.091,11.5915,59.896,3.54755
-2.82527,565.726,11.5475,59.6848,3.54343
-2.50633,571.588,11.8166,60.927,3.58141
-0.437544,599.133,13.4427,68.2383,3.84262
-2.93398,581.875,11.8257,61.1734,3.53062
-0.0355986,525.182,11.9707,60.5851,3.89658
-3.38547,510.481,10.1888,52.8894,3.47812
-2.29778,511.651,10.6658,54.9057,3.60656
-0.451732,592.74,13.2918,67.4797,3.84074
-1.75864,575.649,12.2597,62.853,3.67276
-0.487204,559.877,12.5374,63.6665,3.83603
1.4667,582.039,14.0665,70.4115,4.10841
-1.5914,558.399,11.9713,61.2973,3.69365
1.41784,527.283,12.7191,63.6894,4.10125
0.45539,550.315,12.7867,64.481,3.964
1.80897,584.935,14.3251,71.528,4.15905
-4.67769,521.24,9.87551,51.7814,3.33385
1.80556,515.922,12.6333,63.082,4.15854
-0.156922,596.985,13.5428,68.6034,3.88017
-0.782445,574.758,12.722,64.7465,3.79719
0.788171,518.832,12.2127,61.4357,4.01068
-1.59906,577.454,12.3761,63.3735,3.69269
-2.20105,528.347,11.0563,56.8741,3.61831
-3.67213,579.889,11.4416,59.5246,3.44536
-0.805665,590.855,13.0664,66.5106,3.79416
-1.49223,539.732,11.6167,59.4368,3.70612
-4.21388,511.703,9.87834,51.6086,3.38464
-2.5615,508.478,10.4888,54.1035,3.5748
-4.47565,593.7,11.3407,59.37,3.35584
-0.335012,503.084,11.3332,57.4861,3.85628
0.737483,590.429,13.8705,69.8015,4.00352
0.410222,549.988,12.7566,64.3505,3.95773
1.02332,579.29,13.7611,69.106,4.04416
-2.19332,515.13,10.783,55.4651,3.61925
1.61285,553.53,13.4535,67.2714,4.12992
-1.14545,568.718,12.4095,63.3277,3.75022
1.67688,534.869,13.0322,65.1347,4.13939
1.92112,503.995,12.3965,61.8479,4.17584
0.614858,559.928,13.0913,65.9394,3.98627
-3.17208,537.139,10.813,56.0372,3.50279
-2.77663,524.563,10.7281,55.4291,3.54919
-3.24676,523.099,10.4989,54.4407,3.49413
-4.3067,523.697,10.0721,52.6588,3.37439
-0.79746,506.433,11.2031,57.0223,3.79523
-0.250077,597.026,13.4943,68.4052,3.86765
1.04383,568.753,13.5216,67.893,4.0471
0.0897335,573.596,13.1386,66.4341,3.91363
-0.353969,586.577,13.2042,66.9863,3.85375
-2.73236,593.812,12.1659,62.8362,3.55444
-3.59362,559.665,11.0775,57.5953,3.45429
-1.0826,542,11.8558,60.474,3.75829
-1.82381,593.075,12.5982,64.6204,3.66467
1.11149,597.672,14.2465,71.4976,4.05681
-2.0476,524.68,11.0467,56.7587,3.63706
-1.22422,594.543,12.9327,66.0368,3.74013
-2.43061,509.149,10.5576,54.404,3.59051
-0.0497994,512.017,11.6642,59.0399,3.89465
-1.13383,509.775,11.1284,56.7854,3.75171
0.330409,502.437,11.6174,58.6383,3.94668
0.0604583,599.777,13.7225,69.4018,3.90963
1.29503,592.699,14.2291,71.3143,4.08335
1.05936,572.18,13.6113,68.3355,4.04932
-2.153,510.064,10.6941,54.9909,3.62416
-3.33538,531.816,10.636,55.1893,3.48389
1.75478,533.421,13.0361,65.1176,4.15097
-2.0082,582.951,12.2928,63.1422,3.6419
0.145131,599.688,13.766,69.5783,3.9212
-4.61493,517.806,9.83542,51.5458,3.34066
-1.38712,558.982,12.0811,61.7643,3.71941
1.16377,540.651,12.9136,64.7831,4.06435
-2.39911,575.245,11.9432,61.5289,3.59431
0.143211,524.465,12.0383,60.8469,3.92094
-0.870062,521.036,11.4932,58.5309,3.78577
-1.48617,517.477,11.1404,56.9971,3.70689
-2.61514,574.179,11.8188,60.9888,3.56839
-4.20955,554.813,10.7124,55.9644,3.38512
-1.98048,579.715,12.238,62.8477,3.64531
-1.30603,529.873,11.4888,58.7,3.7297
1.03733,521.889,12.4043,62.286,4.04616
-1.29619,582.073,12.6255,64.5031,3.73096
-3.90445,529.787,10.3558,53.973,3.41913
-1.86336,532.913,11.3024,57.9915,3.65977
0.968663,592.181,14.0375,70.522,4.03634
-2.28657,513.577,10.7107,55.1322,3.60791
-4.72461,584.4,11.0511,57.967,3.32877
-1.9237,514.641,10.8888,55.8948,3.65231
-3.22879,580.15,11.6523,60.4134,3.49621
-0.385502,598.789,13.4625,68.3123,3.84955
-2.23904,595.979,12.4527,64.0759,3.61369
-1.48664,579.961,12.4853,63.8784,3.70683
-2.03322,565.418,11.9113,61.194,3.63883
-3.6766,587.611,11.5919,60.3086,3.44485
-4.02123,588.681,11.453,59.7458,3.40605
-0.66115,554.178,12.3252,62.6702,3.81308
-2.68053,547.301,11.2362,58.0114,3.56059
0.594725,571.043,13.3407,67.2055,3.98345
1.71986,525.574,12.827,64.0893,4.14577
-0.345698,589.549,13.2754,67.3434,3.85485
1.74124,564.056,13.7776,68.8281,4.14895
0.763054,556.118,13.0775,65.7984,4.00713
1.17238,556.773,13.3031,66.7331,4.06559
0.0619069,581.947,13.3153,67.3418,3.90983
1.40642,584.761,14.0993,70.6066,4.09958
-0.0692392,596.697,13.5829,68.7617,3.89202
-4.17073,568.858,11.0009,57.4537,3.38942
1.86201,501.232,12.3004,61.3947,4.16698
-0.355645,560.805,12.6233,64.0398,3.85353
1.57994,503.785,12.2288,61.1625,4.12506
-0.998415,558.916,12.2665,62.5293,3.76914
-1.7714,525.051,11.1764,57.3049,3.67117
-0.116396,515.069,11.7031,59.2662,3.88564
-1.60488,511.051,10.9504,56.0756,3.69196
-4.24063,555.83,10.7186,56.0103,3.38168
1.13236,554.673,13.2323,66.3974,4.05982
0.627973,550.205,12.8706,64.8213,3.98811
-4.14443,545.524,10.5608,55.1442,3.39234
-3.54881,595.247,11.803,61.3461,3.4594
-2.2676,560.684,11.7019,60.2259,3.61022
-3.8411,542.355,10.6286,55.3673,3.42625
-0.988442,557.769,12.2462,62.421,3.77043
1.91588,571.537,14.055,70.1248,4.17505
-0.863455,540.562,11.927,60.7371,3.78663
0.0112972,588.726,13.4438,68.0169,3.90294
1.1653,564.746,13.4899,67.6736,4.06457
0.0192438,521.937,11.9223,60.3158,3.90402
1.99672,513.043,12.656,63.1079,4.18722
-1.9444,539.861,11.413,58.5949,3.64975
-3.43894,528.464,10.5251,54.6578,3.47197
1.54687,588.304,14.2622,71.3492,4.12019
-4.80177,541.673,10.2112,53.5936,3.32045
-2.07078,526.505,11.075,56.9137,3.63422
-1.37165,582.771,12.603,64.4246,3.72137
-4.23341,512.877,9.8932,51.6941,3.38248
1.06812,564.313,13.4287,67.4147,4.05058
-3.55562,538.435,10.6736,55.4788,3.45862
-1.03195,514.319,11.2728,57.4784,3.76481
1.20008,562.906,13.4641,67.527,4.06959
-1.95873,548.019,11.5789,59.453,3.64799
-1.19261,507.684,11.0571,56.4463,3.74418
-3.49072,510.97,10.1555,52.7598,3.46604
0.132,510.44,11.7113,59.1987,3.9194
1.0108,508.359,12.0703,60.6204,4.04236
-4.79988,584.408,11.0176,57.8255,3.32065
1.41941,595.884,14.3747,71.9791,4.10148
-1.04886,536.521,11.7516,59.9272,3.76263
0.603745,549.69,12.8463,64.7109,3.98471
-0.48361,573.931,12.8539,65.2721,3.83651
-2.08433,561.942,11.814,60.7179,3.63256
0.605384,528.222,12.3454,62.187,3.98494
-3.69652,553.6,10.9122,56.7812,3.44259
-4.32297,507.386,9.75194,50.9917,3.37259
-3.3823,596.073,11.8986,61.7636,3.47848
-1.92651,556.584,11.7749,60.4447,3.65196
-3.70646,568.934,11.21,58.3352,3.44146
-2.6264,593.971,12.2207,63.0682,3.56704
-2.16046,599.987,12.5757,64.6702,3.62325
-0.271874,550.092,12.4229,62.984,3.86473
-2.54099,505.744,10.441,53.8483,3.57725
-2.00836,578.634,12.2017,62.6743,3.64188
0.356618,595.817,13.7907,69.5943,3.9503
0.747372,575.037,13.5142,68.0031,4.00491
-1.66783,598.412,12.7904,65.529,3.68408
-3.39787,511.662,10.2073,52.9905,3.47669
-0.77885,546.038,12.088,61.5182,3.79766
1.31162,554.278,13.3153,66.7263,4.08576
-4.11699,502.422,9.73716,50.8326,3.39538
-4.11303,504.851,9.7858,51.085,3.39582
-0.787138,528.257,11.6906,59.4993,3.79658
-2.5451,515.629,10.6433,54.8935,3.57676
0.916567,597.633,14.138,71.0543,4.02891
-1.13278,562.558,12.2812,62.6672,3.75184
-3.27056,565.979,11.3487,58.858,3.49137
-4.45752,582.079,11.1269,58.2423,3.35782
1.91731,575.311,14.1485,70.591,4.17527
-4.0288,528.695,10.2828,53.6444,3.40521
-1.3414,573.348,12.414,63.4444,3.72521
-2.81831,599.625,12.2429,63.2754,3.54426
1.42603,571.637,13.7934,69.0647,4.10245
-0.0219813,505.502,11.5283,58.3401,3.89842
-4.00648,519.853,10.12,52.7856,3.4077
-0.776343,586.957,12.9952,66.1337,3.79799
-2.10747,512.774,10.7704,55.3641,3.62973
0.912286,566.48,13.3988,67.3413,4.0283
-3.16939,500.194,10.0703,52.1874,3.5031
-2.58621,560.387,11.5482,59.5794,3.57184
0.157723,507.461,11.6547,58.9013,3.92292
1.44297,500.631,12.0879,60.518,4.10493
-1.12338,523.2,11.4262,58.3003,3.75305
-2.85216,552.88,11.2732,58.2789,3.54026
-3.25655,552.174,11.0781,57.4484,3.49299
-0.612669,517.96,11.5417,58.665,3.81946
0.826178,548.755,12.9361,65.0569,4.01606
-0.0348578,505.852,11.5304,58.3566,3.89668
-4.33856,512.907,9.85187,51.5204,3.37088
-0.142527,561.971,12.7557,64.6092,3.88212
0.383864,504.532,11.6903,58.9827,3.95407
1.31494,568.346,13.655,68.4271,4.08625
-0.725118,571.085,12.6693,64.4505,3.80469
-3.88231,563.896,11.0324,57.4893,3.42162
1.96298,574.874,14.1628,70.6386,4.18213
-0.262151,550.534,12.4376,63.0541,3.86603
-1.70063,586.445,12.5183,64.151,3.67999
0.503111,567.332,13.2067,66.5754,3.97065
1.28789,528.608,12.6869,63.5884,4.08232
-0.843094,564.953,12.4752,63.519,3.78928
-1.96665,524.276,11.0738,56.8627,3.64701
0.638955,502.149,11.7514,59.1802,3.98965
-1.72705,572.162,12.2007,62.5356,3.67669
-3.40683,581.31,11.5925,60.1861,3.47566
-4.0372,552.331,10.7389,56.0274,3.40427
0.11951,554.847,12.7239,64.3233,3.91769
1.51769,571.308,13.8345,69.2245,4.11589
1.23511,592.419,14.1893,71.146,4.07466
-1.51175,582.52,12.5279,64.1086,3.70366
-0.557807,597.112,13.3342,67.7482,3.82669
-1.79899,560.022,11.9078,61.0675,3.66775
0.531478,579.812,13.5122,68.101,3.9746
-2.87515,589.802,12.015,62.1247,3.53755
-0.54757,578.897,12.9326,65.7029,3.82804
1.05192,559.978,13.3172,66.8626,4.04826
-0.413052,587.588,13.1963,66.9757,3.84588
-1.7837,515.238,10.9622,56.2117,3.66964
-1.1507,527.057,11.498,58.6789,3.74954
-0.885867,594.572,13.1071,66.758,3.78372
-0.165023,545.586,12.3729,62.6807,3.87908
-4.76082,531.33,10.0328,52.6406,3.32486
-4.18865,517.7,10.0043,52.2564,3.38743
-2.69696,580.337,11.9066,61.4804,3.55864
0.848841,530.015,12.5054,62.8803,4.01928
-3.02007,535.589,10.8476,56.1509,3.52052
-4.82347,564.638,10.6347,55.8262,3.31811
-4.80216,522.822,9.85565,51.7278,3.32041
-2.3869,503.762,10.4641,53.9042,3.59578
-4.90335,555.201,10.4232,54.75,3.30953
-4.86006,574.833,10.8107,56.7663,3.31418
-1.75764,551.671,11.7495,60.2368,3.67288
-1.48727,507.183,10.9182,55.8612,3.70675
-4.2588,570.486,10.9932,57.4531,3.37967
-3.82428,564.148,11.0631,57.6235,3.42815
-3.65254,522.528,10.318,53.6707,3.44758
-1.74636,550.017,11.7195,60.0779,3.67429
0.827936,521.439,12.293,61.8219,4.01631
-3.11152,512.674,10.3455,53.5898,3.50984
0.75668,593.454,13.9521,70.2018,4.00623
-3.79759,570.823,11.2061,58.3559,3.43116
1.66686,590.313,14.3775,71.8638,4.13791
-0.941474,585.085,12.8697,65.5761,3.77651
1.36221,502.937,12.1056,60.6422,4.09313
-2.07422,577.357,12.143,62.4038,3.6338
-4.18585,540.004,10.4365,54.5126,3.38774
1.76324,510.649,12.4837,62.3543,4.15223
-2.90813,537.433,10.9338,56.5484,3.53366
1.30185,530.806,12.7466,63.881,4.08434
-4.86991,565.458,10.6301,55.8225,3.31312
-0.784911,566.526,12.5386,63.8142,3.79687
-3.80884,583.453,11.4488,59.6253,3.42989
-4.52832,588.031,11.2085,58.7021,3.35009
-1.11223,549.657,12.0093,61.2703,3.75448
-3.97977,538.257,10.4895,54.7018,3.41069
-1.52085,524.385,11.2736,57.6938,3.70252
0.215553,582.014,13.3971,67.6787,3.93085
-0.965129,551.345,12.1163,61.748,3.77344
-0.86486,554.08,12.2246,62.2532,3.78645
-3.57616,598.346,11.8514,61.6108,3.45628
0.893021,571.203,13.5004,67.8615,4.02556
0.689922,521.92,12.2384,61.6096,3.99682
-1.53377,511.593,10.9929,56.2631,3.70089
-1.52197,561.032,12.0609,61.7235,3.70238
-1.93121,529.085,11.1911,57.4497,3.65138
-0.205195,553.464,12.5318,63.5046,3.87368
0.351144,577.462,13.363,67.4387,3.94954
1.24659,538.595,12.9059,64.7055,4.07632
-3.37934,531.418,10.6093,55.0695,3.47882
0.862697,568.235,13.4144,67.4442,4.02125
0.572946,519.331,12.1223,61.0774,3.9804
0.767879,507.509,11.9367,60.0563,4.00781
1.021,531.745,12.6306,63.4296,4.04382
-0.567958,587.314,13.1101,66.6149,3.82535
1.46963,501.927,12.1318,60.7256,4.10884
-4.38378,547.735,10.5016,54.9377,3.36591
-0.849531,569.926,12.5818,64.0649,3.78845
-1.51501,562.49,12.0956,61.8978,3.70325
1.03283,552.654,13.1332,65.9483,4.04552
-0.308274,593.021,13.3732,67.8206,3.85985
-3.86766,512.762,10.0379,52.3011,3.42326
-1.15997,555.348,12.1108,61.8102,3.74835
-4.29632,524.353,10.0889,52.7426,3.37553
-0.783016,581.844,12.8786,65.5436,3.79712
-4.20589,528.474,10.2054,53.3139,3.38552
-2.00259,554.215,11.6895,60.0405,3.64259
-1.73056,552.806,11.7863,60.4132,3.67626
-4.84429,500.369,9.41631,49.4383,3.31587
1.16697,574.815,13.7313,68.8837,4.06481
-1.07186,501.98,10.9851,56.0279,3.75967
-2.69103,584.052,11.9857,61.8858,3.55935
0.72034,520.461,12.2187,61.4965,4.0011
-0.181838,519.797,11.7803,59.686,3.87682
-1.41673,519.458,11.2138,57.3426,3.71566
-3.66284,572.496,11.3,58.7836,3.44641
-2.66665,585.036,12.0176,62.0388,3.56225
-3.66904,533.83,10.5342,54.8023,3.44571
-3.14469,539.741,10.8773,56.3585,3.50598
-1.39925,596.316,12.8818,65.8638,3.71787
-0.227702,544.808,12.3249,62.4667,3.87065
-0.213085,508.3,11.5056,58.3078,3.87262
-4.49354,588.991,11.2426,58.8647,3.35389
-2.54419,526.234,10.8626,56.0242,3.57687
-0.195346,528.801,11.978,60.6938,3.875
-0.920803,518.715,11.4191,58.1758,3.77919
-2.16882,523.882,10.9769,56.4519,3.62223
-3.78574,508.08,9.97909,51.9616,3.4325
1.05027,592.673,14.0938,70.7628,4.04802
0.588132,563.52,13.1616,66.3063,3.98253
-3.39491,566.693,11.3065,58.6954,3.47703
1.10072,507.649,12.0956,60.7078,4.05527
-3.21263,563.89,11.333,58.7508,3.49808
0.118506,591.834,13.5716,68.6091,3.91756
0.222739,520.222,11.9781,60.5071,3.93184
-4.46497,541.866,10.3551,54.2054,3.35701
-4.31213,572.206,11.0026,57.5264,3.37379
-4.08576,504.821,9.79598,51.1273,3.39886
-3.18832,553.431,11.1337,57.7065,3.50091
1.35097,582.247,14.0085,70.1803,4.09149
0.085652,576.82,13.2103,66.7989,3.91307
-4.43633,599.019,11.4605,59.9787,3.36014
1.92704,559.973,13.7765,68.73,4.17673
0.653736,511.827,11.9848,60.349,3.99173
-0.510532,574.089,12.8439,65.2341,3.83294
-2.68579,548.471,11.2579,58.1255,3.55997
0.921586,538.494,12.7415,64.0332,4.02962
-1.31622,532.546,11.5421,58.9769,3.72841
-3.7082,539.652,10.6323,55.3296,3.44127
-1.9194,564.217,11.9398,61.2876,3.65284
-1.32891,573.668,12.4271,63.5052,3.7268
-4.04009,562.892,10.943,57.0934,3.40395
-3.69843,538.471,10.6132,55.2261,3.44237
-1.42118,536.882,11.5878,59.2576,3.7151
-1.23642,589.426,12.8152,65.4429,3.73858
0.917785,537.18,12.7085,63.8693,4.02908
-4.59283,516.756,9.82426,51.4784,3.34306
-2.93604,510.05,10.3651,53.6188,3.53038
-3.82233,522.546,10.2481,53.3776,3.42837
0.395288,538.058,12.4726,62.9248,3.95566
1.63933,503.586,12.2521,61.2526,4.13383
1.01634,505.391,12.0024,60.277,4.04316
-0.924932,516.979,11.3791,57.9735,3.77865
-1.652,540.18,11.553,59.1823,3.68606
1.76255,595.5,14.5577,72.7137,4.15212
-4.45838,530.552,10.1415,53.085,3.35773
-2.49304,561.106,11.6061,59.8353,3.583
-2.62673,524.379,10.7888,55.6783,3.567
-0.400737,520.497,11.6952,59.3516,3.84752
-2.1275,553.827,11.6234,59.7581,3.62728
0.599003,529.63,12.3753,62.3401,3.98405
-0.82988,516.493,11.411,58.095,3.791
-3.31993,550.032,11.0071,57.1083,3.48567
-1.50517,512.393,11.0226,56.4028,3.70449
-2.11913,526.026,11.0436,56.7736,3.6283
1.02003,530.354,12.597,63.2616,4.04368
-0.343602,568.252,12.7969,64.915,3.85513
-3.28972,550.276,11.0253,57.1895,3.48916
-4.26678,595.557,11.4726,59.9624,3.37879
-3.20177,533.957,10.7361,55.6518,3.49934
1.69439,553.24,13.489,67.409,4.14199
-0.576414,574.412,12.8179,65.134,3.82424
-3.56605,567.824,11.2514,58.4872,3.45743
0.124175,544.625,12.4918,63.1476,3.91833
1.94311,546.374,13.4503,67.0948,4.17915
-2.71755,592.366,12.1434,62.713,3.55619
-4.74792,559.63,10.5727,55.4678,3.32626
-4.36212,509.629,9.77959,51.1518,3.36829
-1.91069,539.716,11.4252,58.6426,3.65391
-1.84441,599.124,12.7163,65.2362,3.66211
-1.79779,536.868,11.416,58.545,3.66789
-2.01458,503.04,10.605,54.4755,3.64112
0.0507955,588.451,13.4583,68.0704,3.90832
-4.77571,530.3,10.0073,52.5131,3.32326
1.69032,521.824,12.721,63.5729,4.14139
-2.27734,534.014,11.141,57.3432,3.60903
-0.762501,576.612,12.7731,64.9967,3.7998
-3.06456,535.902,10.8346,56.1029,3.51532
-1.49475,559.347,12.0376,61.5919,3.70581
-0.789704,518.498,11.4735,58.3953,3.79624
-4.28104,546.78,10.5269,55.0259,3.37722
-1.06234,547.362,11.9827,61.1118,3.7609
1.68635,547.51,13.3451,66.6939,4.1408
-4.33985,533.665,10.25,53.6032,3.37074
1.79078,525.913,12.8706,64.2738,4.15633
0.205472,595.472,13.7015,69.2216,3.92947
1.87117,582.287,14.2946,71.3435,4.16835
0.815821,555.701,13.0946,65.8589,4.0146
1.81988,561.824,13.7649,68.7254,4.16068
-0.760707,504.568,11.178,56.8791,3.80003
0.318513,519.868,12.0149,60.6498,3.94503
0.386445,566.083,13.1178,66.1838,3.95443
1.33211,552.07,13.2728,66.5034,4.08874
1.37514,537.463,12.9432,64.8317,4.09502
1.42676,595.714,14.3747,71.9752,4.10256
-0.239065,593.73,13.4256,68.0514,3.86913
1.45152,584.168,14.1097,70.6353,4.10618
1.69323,539.206,13.1462,65.6966,4.14182
-3.66117,594.165,11.7285,61.0118,3.4466
-3.51807,515.109,10.2266,53.1401,3.46291
-0.755939,537.813,11.9167,60.6359,3.80065
0.332394,596.832,13.8011,69.6594,3.94695
-1.55197,505.035,10.8442,55.5095,3.69861
0.836072,536.89,12.6613,63.6703,4.01747
-3.4089,522.198,10.4128,54.0623,3.47542
-3.37115,522.863,10.4419,54.1974,3.47977
-2.66458,585.656,12.0313,62.1087,3.56249
-1.95534,576.459,12.1815,62.5452,3.64841
-2.10026,574.041,12.0607,61.9934,3.63061
-2.75355,508.896,10.4173,53.8137,3.55192
1.58093,508.329,12.3396,61.7161,4.12521
-4.77889,594.895,11.2249,58.9034,3.32291
-3.08529,587.73,11.8726,61.4874,3.5129
0.936538,517.251,12.246,61.5362,4.03175
-1.27077,513.871,11.1573,56.9915,3.7342
-1.43949,582.212,12.5571,64.2232,3.71278
-3.27948,579.036,11.6063,60.1984,3.49034
-1.1605,553.928,12.0796,61.6511,3.74829
1.84531,565.654,13.8724,69.2493,4.16448
-4.75387,544.511,10.2846,53.9588,3.32561
-4.79046,526.705,9.93356,52.1319,3.32167
0.466708,539.4,12.5387,63.2248,3.96558
0.615705,524.061,12.2531,61.7172,3.98639
-1.81599,502.122,10.6694,54.724,3.66564
1.80618,537.295,13.157,65.6966,4.15863
-0.720024,541.225,12.0093,61.0906,3.80536
0.490529,556.449,12.947,65.2722,3.96889
-1.79352,551.154,11.7218,60.1111,3.66842
1.17812,541.934,12.9514,64.9663,4.06642
0.559334,503.543,11.7475,59.1951,3.9785
1.91624,593.341,14.5913,72.8009,4.17511
-0.270413,541.353,12.2262,61.9862,3.86492
-2.53957,566.65,11.699,60.3359,3.57742
-3.01342,565.707,11.4606,59.3212,3.5213
-2.15703,581.075,12.181,62.6387,3.62367
-1.13226,527.59,11.518,58.7728,3.75191
-2.20279,593.095,12.4104,63.8403,3.6181
-0.548277,589.326,13.1652,66.8851,3.82795
-3.33153,564.644,11.2942,58.6034,3.48433
-4.63803,585.599,11.1127,58.2504,3.33815
-2.88613,556.348,11.3285,58.5802,3.53625
-3.27905,595.028,11.9271,61.862,3.49039
-0.571294,512.632,11.4416,58.1381,3.82491
-2.99614,544.559,11.0398,57.1355,3.52333
-3.56415,560.967,11.1164,57.7844,3.45765
1.16388,504.405,12.0479,60.4402,4.06436
-3.41213,510.729,10.1828,52.8694,3.47505
1.72326,571.913,13.9598,69.7473,4.14628
0.86854,534.391,12.6183,63.4389,4.02208
-2.22905,586.591,12.2614,63.0869,3.6149
-3.53394,552.35,10.959,56.9526,3.46109
-4.5539,551.286,10.4972,54.988,3.3473
-4.06067,558.352,10.8457,56.595,3.40165
-2.19757,500.536,10.4758,53.8864,3.61873
-0.60748,546.571,12.1817,61.9157,3.82014
-4.44549,505.314,9.66416,50.5811,3.35914
-3.15794,523.003,10.5344,54.5874,3.50444
-1.28882,534.409,11.595,59.2351,3.7319
-4.72379,501.428,9.48243,49.7383,3.32886
1.04611,541.39,12.8722,64.6313,4.04742
-4.2358,557.409,10.7512,56.1782,3.38221
-4.60517,520.096,9.88282,51.7902,3.34172
0.958067,565.118,13.3904,67.2766,4.03483
-1.51913,560.663,12.0543,61.6886,3.70274
-2.19122,568.938,11.9104,61.2629,3.6195
-0.595715,562.283,12.5377,63.7195,3.82169
0.114726,558.221,12.7989,64.7046,3.91704
-0.294673,544.142,12.2775,62.2575,3.86167
-4.13701,552.22,10.6936,55.8345,3.39316
0.475766,575.826,13.3901,67.5137,3.96684
-4.93698,567.363,10.637,55.8878,3.30593
-4.42066,520.342,9.96156,52.1275,3.36186
-2.30452,516.225,10.7582,55.3845,3.60574
0.136225,591.079,13.5637,68.5601,3.91998
0.504188,566.451,13.1868,66.4743,3.9708
0.861223,539.394,12.7328,64.018,4.02104
-4.61597,518.784,9.85358,51.6414,3.34055
-1.26266,517.203,11.2333,57.376,3.73523
0.441196,557.779,12.953,65.3262,3.96203
-3.56056,510.618,10.1201,52.6041,3.45806
-3.98972,596.675,11.6233,60.619,3.40958
-1.05394,581.39,12.7319,64.9283,3.76198
-4.63562,522.963,9.92505,52.024,3.33841
-3.60855,571.972,11.3143,58.8333,3.45259
-2.61922,581.82,11.9741,61.7922,3.5679
-2.937,576.58,11.7167,60.6109,3.53027
-1.6475,598.665,12.8061,65.5994,3.68663
1.06401,557.465,13.2636,66.5879,4.04999
-4.35429,548.215,10.5234,55.0387,3.36915
1.76027,543.191,13.2777,66.3217,4.15179
-0.788961,586.33,12.9749,66.0364,3.79634
1.57525,521.726,12.662,63.3313,4.12437
-2.2225,551.889,11.5391,59.3673,3.6157
1.51423,543.031,13.148,65.791,4.11538
-0.520157,555.26,12.4179,63.0753,3.83167
-1.34516,532.365,11.525,58.9023,3.72473
-3.20419,536.328,10.7827,55.8945,3.49906
-0.117738,521.203,11.8418,59.9694,3.88546
-3.92527,523.162,10.2177,53.262,3.41679
-3.62401,534.894,10.5743,54.9918,3.45083
-3.01286,545.976,11.0611,57.2532,3.52137
-3.80532,510.198,10.0128,52.145,3.43029
-2.46504,518.274,10.7321,55.3177,3.58637
-1.27244,533.716,11.5875,59.1893,3.73398
-0.717965,521.367,11.5696,58.853,3.80562
-1.08495,507.033,11.0899,56.5683,3.75799
-4.87452,500.553,9.40822,49.4075,3.31263
-2.46223,580.324,12.0184,61.9461,3.5867
-0.775476,596.462,13.2061,67.2065,3.7981
-2.5496,546.312,11.2746,58.1515,3.57622
1.93566,577.059,14.2016,70.8463,4.17803
-2.86994,534.047,10.8815,56.2614,3.53816
-3.82699,547.79,10.7412,55.9477,3.42784
0.618336,530.269,12.3995,62.4535,3.98676
-3.95179,537.98,10.4959,54.7235,3.41382
-3.38669,535.593,10.6895,55.489,3.47798
-4.37703,557.085,10.6838,55.8879,3.36665
-2.24303,504.009,10.5294,54.1809,3.6132
-1.33985,549.437,11.897,60.8014,3.72541
0.904811,583.822,13.805,69.3865,4.02723
1.62577,533.949,12.9841,64.9181,4.13183
1.62949,566.643,13.7811,68.9012,4.13238
-1.44524,589.674,12.7152,65.0343,3.71205
-2.69892,504.925,10.3586,53.488,3.55841
-3.99077,566.492,11.0349,57.5508,3.40946
-3.33662,578.066,11.5603,59.9865,3.48374
-1.74209,553.35,11.7925,60.4503,3.67482
0.610459,541.127,12.6496,63.7165,3.98565
-4.52882,589.009,11.2269,58.7988,3.35003
-3.73493,538.187,10.592,55.1315,3.43824
1.35796,501.882,12.0782,60.5069,4.09251
-0.38467,596.042,13.4011,68.0007,3.84966
-2.21322,553.885,11.5851,59.5998,3.61683
-1.90902,527.788,11.1735,57.3497,3.65412
-3.2037,510.706,10.2678,53.2251,3.49912
-4.47025,539.628,10.3101,53.9723,3.35643
-4.09565,526.372,10.2101,53.2927,3.39776
0.205044,529.444,12.1821,61.5452,3.92941
1.4608,537.8,12.9944,65.0477,4.10754
0.261182,531.772,12.2625,61.926,3.93713
0.180022,585.48,13.4582,68.0051,3.92598
-0.81272,575.169,12.716,64.7303,3.79324
0.674753,583.893,13.6835,68.8921,3.99468
-4.40062,502.747,9.63252,50.3978,3.36406
-4.43782,540.057,10.3318,54.0723,3.35998
-3.23281,598.791,12.0248,62.3464,3.49574
-1.53833,547.524,11.7629,60.2059,3.70032
-1.07433,584.856,12.7975,65.273,3.75935
-3.91617,584.479,11.4195,59.5222,3.41782
-4.92008,591.415,11.0955,58.2892,3.30774
1.89612,508.134,12.4862,62.3068,4.17209
-4.42761,524.578,10.0398,52.54,3.3611
-1.01157,553.811,12.1482,61.9322,3.76744
-0.28665,529.485,11.9506,60.5961,3.86275
-0.154627,508.47,11.5358,58.4358,3.88048
-2.04196,520.395,10.959,56.3053,3.63775
0.485406,568.587,13.2268,66.6852,3.96818
-3.09421,561.029,11.3291,58.6771,3.51186
-1.36941,562.135,12.1578,62.1478,3.72165
-0.881069,539.766,11.9012,60.6137,3.78434
-3.25752,530.08,10.6344,55.148,3.49288
-1.56719,557.625,11.9662,61.2599,3.69669
-1.25616,566.464,12.3064,62.8538,3.73606
-3.97522,508.218,9.90593,51.6566,3.4112
-0.903924,563.365,12.4103,63.2175,3.78138
-0.696964,584.611,12.9837,66.0363,3.80838
-0.0619829,597.132,13.5966,68.8276,3.893
0.0646947,560.77,12.8322,64.8969,3.91021
-2.94428,511.205,10.3851,53.7258,3.52941
-3.94359,512.768,10.0074,52.1728,3.41474
-1.26333,599.487,13.0201,66.5027,3.73514
-1.64593,543.726,11.6316,59.5824,3.68682
-3.9583,587.933,11.4675,59.7921,3.41309
-4.2123,540.576,10.4364,54.5234,3.38481
-4.90995,569.682,10.6922,56.1658,3.30882
-2.45795,513.085,10.6277,54.7763,3.58722
-0.935824,552.03,12.1453,61.8825,3.77724
-4.87882,551.702,10.3678,54.4486,3.31216
1.01247,562.92,13.3666,67.1301,4.0426
-4.52077,582.255,11.1018,58.1398,3.35091
-0.566278,557.671,12.4493,63.2561,3.82557
0.523808,555.165,12.9339,65.1903,3.97353
-1.57108,576.218,12.3633,63.2946,3.6962
0.641789,500.879,11.723,59.0358,3.99005
-4.2624,522.233,10.0619,52.5875,3.37927
-3.49101,508.056,10.0975,52.4585,3.46601
-0.0740451,595.809,13.5601,68.6488,3.89137
-3.63888,552.649,10.9188,56.7898,3.44914
0.584892,535.138,12.4971,62.9603,3.98207
-0.44791,597.386,13.398,68.0169,3.84125
-2.5118,542.781,11.2187,57.8462,3.58075
-0.419325,526.546,11.8225,60.0059,3.84504
-1.94505,509.477,10.7704,55.2959,3.64967
0.640569,543.181,12.7125,64.0192,3.98988
-4.48247,565.394,10.797,56.5267,3.3551
0.506063,565.034,13.1547,66.3119,3.97106
0.195752,578.557,13.3073,67.2345,3.92814
-0.335514,535.94,12.0731,61.2396,3.85621
0.779697,527.891,12.4218,62.4916,4.00948
-3.90097,577.814,11.2962,58.8726,3.41952
0.166956,546.558,12.5571,63.4579,3.92419
-2.26287,594.266,12.4052,63.8428,3.61079
0.556829,533.451,12.4441,62.7061,3.97815
-0.051229,578.713,13.1828,66.7274,3.89446
-0.656388,560.716,12.473,63.4191,3.8137
0.777682,527.898,12.421,62.4884,4.0092
-3.58274,598.863,11.8585,61.6509,3.45553
-1.79546,503.381,10.7049,54.8973,3.66818
-2.74362,513.594,10.5177,54.3278,3.5531
-0.0236537,537.387,12.2546,62.0167,3.8982
0.213099,525.038,12.0845,61.0486,3.93052
-1.03281,565.525,12.3948,63.1992,3.7647
-0.999468,552.115,12.1168,61.7664,3.769
-4.90167,562.681,10.5643,55.4907,3.30971
-0.164363,542.086,12.2938,62.2799,3.87917
1.98452,551.544,13.5993,67.8177,4.18538
-4.69199,564.841,10.6954,56.0867,3.3323
0.94691,509.963,12.0783,60.6891,4.03323
1.68438,557.9,13.5973,67.9553,4.14051
1.32823,522.353,12.5564,62.916,4.08818
-2.46357,545.146,11.2892,58.1886,3.58654
-1.56098,587.384,12.6079,64.542,3.69747
-3.49382,521.461,10.3628,53.8377,3.46568
1.83081,556.32,13.6358,68.0756,4.16231
-1.13781,529.827,11.5644,59.0116,3.7512
-3.43607,597.172,11.8949,61.7698,3.4723
-4.42203,504.022,9.64859,50.4903,3.36171
-4.11163,552.181,10.7038,55.8767,3.39598
0.243708,591.43,13.6289,68.8351,3.93472
-0.631832,546.586,12.1704,61.8694,3.81693
1.84026,529.367,12.9799,64.7966,4.16372
-1.8759,519.503,11.0126,56.5095,3.65821
-1.04182,566.147,12.404,63.2505,3.76354
-3.22271,593.442,11.9222,61.8097,3.49692
0.538622,570.761,13.305,67.0531,3.9756
1.67096,524.582,12.7786,63.87,4.13852
0.165051,590.532,13.5664,68.5593,3.92393
0.00595395,554.006,12.6483,63.9947,3.90222
-0.163978,537.488,12.1897,61.7524,3.87922
-4.28399,546.247,10.5154,54.9669,3.37689
-2.57638,585.933,12.0794,62.3152,3.57302
0.626442,534.088,12.4928,62.9194,3.98789
-2.44634,515.375,10.68,55.0414,3.58862
0.63265,569.465,13.3235,67.1002,3.98877
-3.77162,574.159,11.2833,58.7465,3.43409
1.00262,594.337,14.1072,70.8547,4.04119
-0.800694,545.748,12.0712,61.4428,3.79481
-3.04039,531.797,10.762,55.7167,3.51815
-4.93853,503.744,9.44365,49.6186,3.30576
1.83642,581.514,14.2564,71.171,4.16315
-1.74332,568.828,12.1217,62.1387,3.67467
1.18317,514.211,12.2913,61.6526,4.06715
1.21381,588.663,14.0877,70.6475,4.07158
0.884955,531.285,12.553,63.1029,4.02441
-0.375747,546.828,12.2989,62.4036,3.85085
0.227645,511.331,11.7757,59.4823,3.93252
-3.22799,575.325,11.5557,59.9124,3.4963
-1.68583,502.625,10.7354,55.0081,3.68184
1.18364,534.707,12.7814,64.111,4.06722
-2.60751,543.741,11.1957,57.77,3.5693
-2.49661,565.373,11.6927,60.2834,3.58258
1.1658,564.513,13.4846,67.6467,4.06464
1.87052,582.941,14.3103,71.4221,4.16825
-1.22637,506.119,11.0083,56.2115,3.73986
-3.9046,517.655,10.1186,52.7368,3.41911
0.602264,514.673,12.0273,60.5858,3.9845
1.79591,553.175,13.5404,67.6165,4.1571
-1.40262,520.934,11.2519,57.5316,3.71745
1.6956,545.508,13.3011,66.4694,4.14217
-3.58867,572.758,11.3389,58.9521,3.45485
1.5733,557.358,13.5258,67.6524,4.12408
-1.14859,508.196,11.0875,56.5828,3.74981
-1.89782,587.416,12.4414,63.8518,3.6555
-4.13089,594.051,11.5065,60.076,3.39384
1.30941,593.249,14.2502,71.4129,4.08544
-2.80613,526.565,10.7564,55.5877,3.5457
-2.0413,525.92,11.0756,56.9044,3.63783
-1.92198,543.735,11.5052,59.0578,3.65252
-0.617974,571.456,12.7311,64.713,3.81876
1.99386,516.616,12.7427,63.5417,4.18679
-3.58227,551.207,10.9151,56.7457,3.45558
1.98866,546.367,13.4738,67.19,4.186
-4.53122,517.17,9.85666,51.6232,3.34977
-2.17868,582.735,12.2053,62.7738,3.62103
-3.59391,575.818,11.3971,59.257,3.45425
-2.89668,508.387,10.3476,53.512,3.53501
-2.07471,511.781,10.7636,55.3151,3.63374
-3.12145,527.312,10.6367,55.1021,3.50868
-4.10576,599.012,11.6144,60.6272,3.39663
-4.97043,509.051,9.53079,50.089,3.30235
-2.08558,519.911,10.9298,56.1742,3.63241
1.76516,550.251,13.4529,67.194,4.15251
1.96189,575.96,14.1889,70.7696,4.18197
-3.35169,598.934,11.9704,62.1217,3.48201
-3.74159,518.196,10.1959,53.0722,3.43749
-2.65421,542.76,11.1547,57.5789,3.56373
-0.600835,587.704,13.1019,66.5894,3.82101
-4.17362,568.471,10.9921,57.4092,3.3891
1.7019,564.024,13.7559,68.7391,4.14311
-4.84817,510.018,9.59637,50.3852,3.31546
-4.92756,577.259,10.8266,56.8801,3.30694
1.65417,523.742,12.7499,63.7341,4.13603
0.396084,503.734,11.6774,58.9123,3.95577
-3.33886,551.205,11.0222,57.1949,3.48349
-4.51959,585.797,11.1699,58.4958,3.35104
-4.98795,587.003,10.9824,57.7262,3.30048
-1.91045,567.243,12.0081,61.6341,3.65394
-0.0776884,546.358,12.4329,62.9438,3.89087
1.15086,562.015,13.4171,67.3156,4.06249
1.76181,526.429,12.8688,64.2783,4.15201
0.0470714,508.681,11.6322,58.8359,3.90781
1.99565,519.255,12.8087,63.8698,4.18706
1.01772,516.909,12.2766,61.6534,4.04335
-2.90903,563.095,11.4554,59.2468,3.53356
-2.39364,525.095,10.9043,56.1747,3.59497
-1.20971,585.166,12.736,65.0255,3.74199
-1.91974,513.39,10.8641,55.766,3.6528
-0.291509,575.496,12.9866,65.8515,3.8621
-4.92821,511.224,9.58789,50.3723,3.30687
-4.47343,569.14,10.8725,56.918,3.35608
-2.02452,521.127,10.982,56.4162,3.63989
-3.50367,581.812,11.5575,60.0494,3.46456
-3.33552,588.854,11.7766,61.1082,3.48387
-0.119968,558.237,12.6822,64.2261,3.88516
0.555578,593.956,13.8548,69.8156,3.97797
-1.92609,510.185,10.7935,55.4066,3.65201
-2.26936,526.78,10.9936,56.5809,3.61
-1.15148,583.989,12.7396,65.0157,3.74944
-4.0504,509.248,9.89598,51.6349,3.4028
0.184238,569.771,13.0993,66.1893,3.92656
-1.39505,516.404,11.1574,57.0451,3.7184
1.58299,536.917,13.0346,65.1912,4.12551
1.45525,565.044,13.6497,68.3309,4.10673
1.94847,540.597,13.3109,66.3966,4.17995
-2.15206,542.313,11.3707,58.4695,3.62428
0.0777884,510.456,11.6868,59.0987,3.912
-0.904867,500.419,11.0233,56.1525,3.78125
0.363481,538.518,12.4678,62.9152,3.95125
-3.15673,543.159,10.9409,56.6933,3.50458
-1.49699,514.546,11.0725,56.6546,3.70553
0.130598,591.297,13.5657,68.5731,3.91921
-1.58968,554.388,11.8862,60.8604,3.69387
-3.07379,578.409,11.6897,60.5349,3.51424
0.651773,542.768,12.7084,63.9932,3.99145
0.386007,556.46,12.8945,65.0579,3.95437
-1.30564,576.341,12.4965,63.8485,3.72975
1.05503,511.095,12.1561,61.0318,4.0487
-0.466058,523.515,11.7329,59.5717,3.83884
-1.71261,542.102,11.5663,59.2775,3.67849
1.60263,516.995,12.5605,62.811,4.12841
-1.84414,560.255,11.8914,61.0045,3.66214
0.27608,560.007,12.9211,65.2447,3.93918
-1.72645,507.669,10.8257,55.4877,3.67677
-3.69733,522.77,10.3042,53.6177,3.4425
-0.133531,562.98,12.7831,64.7438,3.88333
1.69802,520.561,12.694,63.4344,4.14253
-3.24818,571.481,11.4692,59.4732,3.49396
1.05064,577.234,13.7269,68.9201,4.04807
-1.84995,538.981,11.4372,58.6771,3.66142
-3.51925,517.687,10.2773,53.404,3.46277
-2.16624,553.768,11.6043,59.6772,3.62255
-4.28936,585,11.259,58.8562,3.3763
-2.62926,570.394,11.7343,60.5591,3.5667
-4.8285,578.357,10.8909,57.1732,3.31757
-3.23438,555.453,11.1537,57.8311,3.49556
-1.47169,580.987,12.5148,64.0221,3.70872
-2.05064,591.995,12.4625,64.0344,3.63669
0.720477,558.347,13.1082,65.9733,4.00112
1.49617,591.732,14.3171,71.6505,4.11273
-1.99396,522.069,11.0152,56.5737,3.64365
1.94878,548.416,13.5035,67.3575,4.18
-3.94601,558.116,10.8913,56.7823,3.41447
-3.27167,597.154,11.9732,62.0978,3.49125
-3.65107,565.462,11.1664,58.0834,3.44775
-4.0853,554.582,10.7618,56.1678,3.39891
-2.49031,522.46,10.8079,55.719,3.58333
-2.23537,558.323,11.6676,60.0346,3.61413
-1.57392,520.07,11.1573,57.1218,3.69585
-2.39041,591.175,12.2782,63.2505,3.59536
-4.57377,575.55,10.9505,57.371,3.34514
-0.623791,517.174,11.5191,58.5552,3.81799
-3.6949,537.544,10.5964,55.1373,3.44277
-1.79588,531.764,11.3083,57.992,3.66813
0.39006,510.588,11.8334,59.7024,3.95493
-4.10208,563.997,10.9371,57.0902,3.39704
-3.98803,536.77,10.4571,54.5361,3.40976
1.17664,547.113,13.0744,65.5841,4.06621
-1.28614,535.365,11.617,59.3462,3.73224
1.27348,596.906,14.3181,71.7717,4.08022
1.41886,571.207,13.7791,68.9971,4.1014
-1.01712,591.947,12.9819,66.1852,3.76673
1.15446,523.853,12.5078,62.7519,4.063
-3.92149,514.851,10.057,52.4224,3.41722
-0.844873,515.712,11.387,57.9794,3.78905
0.0908285,537.125,12.3037,62.2121,3.91378
0.728361,587.365,13.7937,69.4193,4.00223
-4.0592,552.823,10.7389,56.0372,3.40182
-3.52885,558.598,11.0852,57.6063,3.46168
-4.75802,502.854,9.49622,49.824,3.32517
-1.29519,552.723,11.9893,61.2526,3.73108
-2.3742,509.119,10.5808,54.4997,3.59731
0.497164,588.542,13.6973,69.0514,3.96982
0.48976,592.358,13.7821,69.4828,3.96879
-4.11446,501.228,9.71501,50.716,3.39567
-0.121388,567.512,12.8921,65.2901,3.88497
-4.54471,531.361,10.1216,53.0165,3.3483
-3.09962,541.761,10.9377,56.652,3.51123
-3.89417,547.177,10.7002,55.7633,3.42029
-1.94301,550.592,11.6405,59.7623,3.64993
-2.45293,507.232,10.5085,54.1601,3.58782
0.564795,548.371,12.7961,64.4761,3.97926
1.25964,544.599,13.0564,65.4538,4.07822
-1.47996,577.167,12.4284,63.5843,3.70767
-2.75822,595.57,12.1893,62.9696,3.55137
-1.90875,594.742,12.5911,64.6255,3.65415
1.50169,523.833,12.677,63.44,4.11354
-4.57441,596.026,11.3397,59.4108,3.34507
-1.76872,515.08,10.9653,56.2214,3.67151
-0.490552,520.521,11.6546,59.1848,3.83559
-3.36106,536.16,10.7118,55.5939,3.48093
0.426443,558.91,12.9718,65.428,3.95998
1.59252,526.022,12.7748,63.8875,4.12692
0.137364,599.156,13.7496,69.4994,3.92014
-3.31149,525.606,10.5218,54.5871,3.48664
-4.17144,551.772,10.6701,55.7267,3.38934
1.42174,594.938,14.3532,71.8701,4.10182
1.87384,593.895,14.5811,72.7718,4.16875
-4.00754,538.164,10.476,54.643,3.40758
-2.01243,548.747,11.5696,59.4294,3.64138
-0.480533,569.089,12.747,64.7278,3.83692
-1.46528,509.361,10.9747,56.1407,3.70952
-4.98973,533.774,9.98584,52.4885,3.30029
1.10448,502.256,11.9689,60.07,4.05581
-0.836482,559.054,12.3481,62.869,3.79014
-4.29595,517.333,9.95398,52.0371,3.37557
1.77315,569.819,13.9356,69.6011,4.1537
0.328925,554.792,12.8273,64.7456,3.94647
-2.36259,508.295,10.5685,54.4318,3.59871
-3.98641,599.146,11.673,60.8767,3.40995
-1.89107,553.871,11.734,60.2186,3.65634
-1.93251,502.942,10.6376,54.6087,3.65122
-3.99537,519.267,10.1131,52.7451,3.40894
-2.99371,511.029,10.3611,53.6217,3.52361
1.79267,592.946,14.5121,72.4704,4.15661
-1.26954,530.054,11.5093,58.7887,3.73435
-2.39844,537.94,11.1689,57.54,3.59439
-4.22423,509.877,9.83898,51.4071,3.38349
-0.601652,503.242,11.2186,57.018,3.82091
-2.43939,515.859,10.693,55.1053,3.58945
-3.36316,566.441,11.3158,58.7296,3.48069
0.241115,512.24,11.8028,59.6135,3.93437
-2.22217,513.125,10.7287,55.198,3.61574
1.86877,513.734,12.6105,62.9394,4.16799
-3.59009,558.88,11.0635,57.521,3.45469
-3.24711,502.794,10.0912,52.3269,3.49409
-2.49638,564.255,11.6697,60.1646,3.5826
1.38223,517.413,12.4638,62.4272,4.09605
-2.412,566.845,11.7627,60.6053,3.59275
-0.757077,547.81,12.1377,61.7608,3.80051
-3.09561,589.746,11.9084,61.6778,3.5117
-2.65933,505.672,10.3903,53.6356,3.56312
-3.66815,597.332,11.7877,61.3231,3.44581
-0.129151,567.612,12.8905,65.2856,3.88392
-1.33894,552.203,11.9573,61.1093,3.72552
-1.1257,593.988,12.971,66.1834,3.75275
-2.21721,523.545,10.9488,56.3278,3.61634
-0.700742,569.417,12.6444,64.3122,3.80788
1.15308,535.92,12.7952,64.1945,4.06281
-0.978611,530.891,11.6606,59.4316,3.7717
0.214961,514.26,11.8373,59.7989,3.93077
-2.80572,530.52,10.8374,56.0059,3.54574
-0.786256,542.415,12.0043,61.0957,3.79669
1.42332,516.579,12.4635,62.4072,4.10205
-4.83858,547.654,10.3085,54.1202,3.31649
-4.5865,599.613,11.4024,59.7448,3.34375
-0.55528,570.621,12.7439,64.7478,3.82703
-2.9094,578.539,11.7694,60.871,3.53351
-4.9846,540.891,10.1211,53.1973,3.30084
1.93721,576.619,14.1916,70.7958,4.17826
0.638028,558.159,13.0617,65.7793,3.98952
-1.93212,558.484,11.8125,60.6402,3.65127
-4.4482,574.912,10.994,57.5426,3.35884
-1.96426,503.486,10.6356,54.612,3.64731
1.44762,563.767,13.6148,68.1601,4.10561
1.39278,526.918,12.6979,63.5951,4.09759
-4.90777,528.54,9.92087,52.1134,3.30906
-0.528575,540.526,12.0844,61.3851,3.83055
-4.65348,573.879,10.8835,57.0558,3.33648
-1.89893,526.007,11.1402,57.1747,3.65537
-0.751695,580.892,12.8734,65.5018,3.80121
0.704373,501.423,11.7644,59.2171,3.99885
-0.838012,544.986,12.0367,61.284,3.78995
-1.33549,507.854,10.9985,56.2077,3.72596
0.586322,530.29,12.3846,62.3927,3.98227
-0.212561,583.935,13.2179,66.9852,3.87269
-2.42418,574.405,11.9138,61.3895,3.59128
1.75641,586.178,14.3264,71.5617,4.15121
0.656076,594.403,13.9197,70.0906,3.99206
-0.0469393,507.866,11.5709,58.5665,3.89504
0.149106,510.503,11.7206,59.2381,3.92174
-3.66659,539.659,10.6502,55.4051,3.44599
-1.19178,537.435,11.7054,59.7557,3.74428
-4.6393,576.312,10.9359,57.3242,3.33801
0.72205,531.961,12.4895,62.8586,4.00134
-1.35882,554.08,11.9886,61.2781,3.723
0.638386,526.307,12.3165,62.0262,3.98957
1.06333,521.354,12.4041,62.2732,4.04989
0.468195,546.341,12.7007,64.0413,3.96578
-3.57942,536.346,10.622,55.221,3.4559
1.35401,557.483,13.4143,67.2018,4.09194
-3.30277,583.152,11.6779,60.5807,3.48765
-4.33358,556.091,10.6835,55.8672,3.37143
-2.43971,504.698,10.4615,53.9126,3.58941
-2.00673,531.93,11.2176,57.6186,3.64208
-3.75966,543.432,10.6846,55.6242,3.43544
1.4117,545.953,13.1663,65.9317,4.10035
-3.37898,512.641,10.2346,53.1244,3.47886
-2.49814,509.724,10.5411,54.347,3.58239
-3.68204,587.983,11.5967,60.3361,3.44423
-2.5098,576.505,11.9166,61.4441,3.58099
-2.78721,546.916,11.1806,57.7713,3.54793
0.915367,553.73,13.0988,65.8321,4.02874
-0.996348,536.93,11.785,60.0736,3.76941
-3.18154,549.545,11.0585,57.3139,3.50169
-4.02374,537.665,10.4594,54.5636,3.40577
1.63249,503.217,12.2399,61.1947,4.13282
-4.98059,500.394,9.36485,49.2208,3.30127
-2.98324,599.208,12.154,62.8955,3.52484
-2.757,520.02,10.6436,54.9839,3.55151
0.540763,559.653,13.0471,65.7526,3.9759
-2.55727,541.168,11.165,57.5897,3.5753
-2.35001,510.698,10.6238,54.7113,3.60023
0.267401,565.054,13.0331,65.8147,3.93798
-3.3238,583.259,11.6702,60.5505,3.48522
-0.485699,501.355,11.2276,57.0144,3.83623
-4.59151,590.315,11.2233,58.8087,3.34321
-2.01172,521.112,10.9873,56.4377,3.64147
-0.244124,528.447,11.9471,60.5591,3.86845
-4.66361,532.574,10.096,52.9317,3.33538
1.81067,588.312,14.4087,71.9448,4.1593
-1.58482,538.907,11.5565,59.1702,3.69448
1.26908,539.308,12.9343,64.8371,4.07958
1.30485,597.746,14.3557,71.9438,4.08478
1.74786,530.373,12.9582,64.7314,4.14994
-1.37152,566.185,12.2444,62.5914,3.72139
-2.14288,592.13,12.4197,63.8594,3.6254
0.0666328,571.794,13.0854,66.1768,3.91048
-3.1343,560.025,11.2907,58.4963,3.50719
-4.12083,523.009,10.1346,52.9089,3.39496
-0.618552,593.598,13.2241,67.2192,3.81868
0.353114,575.286,13.3137,67.1888,3.94982
-2.38686,531.81,11.0468,56.9055,3.59578
-1.50004,514.302,11.0659,56.6222,3.70514
-3.9993,594.579,11.578,60.3873,3.4085
-0.457168,505.56,11.3345,57.5449,3.84002
-2.84545,520.679,10.6195,54.8966,3.54105
-3.9884,502.317,9.78572,51.035,3.40972
-4.62306,517.032,9.81748,51.4551,3.33978
-2.45867,591.654,12.2547,63.1627,3.58713
-1.15767,583.283,12.7211,64.9242,3.74865
-3.99507,561.013,10.9263,56.9862,3.40898
-1.39294,564.576,12.1992,62.3706,3.71867
-1.09021,529.723,11.5838,59.0898,3.75731
-2.89255,545.697,11.1088,57.4468,3.5355
0.513225,548.615,12.776,64.3996,3.97206
-0.488901,572.394,12.8169,65.0864,3.83581
1.81218,544.639,13.3399,66.6072,4.15953
-3.88299,511.568,10.0083,52.1533,3.42154
-0.561261,528.56,11.8017,59.9637,3.82624
1.61491,595.675,14.479,72.398,4.13022
-0.840947,550.679,12.161,61.9184,3.78956
-2.13391,518.449,10.8782,55.9292,3.6265
1.21973,523.364,12.5279,62.8225,4.07243
-1.40911,552.79,11.9369,61.037,3.71662
-1.40088,567.394,12.2562,62.666,3.71767
-0.582586,596.497,13.3075,67.625,3.82342
-2.60337,525.085,10.8133,55.7953,3.56979
-2.80704,578.649,11.8199,61.0842,3.54559
0.608898,583.799,13.6462,68.7376,3.98543
-2.36565,519.975,10.8101,55.6772,3.59834
-4.69091,548.673,10.3897,54.4831,3.33242
-0.868767,572.702,12.6335,64.3375,3.78594
-1.42513,599.589,12.9393,66.1704,3.7146
0.967647,568.923,13.4856,67.7501,4.03619
-4.77362,544.507,10.2763,53.9236,3.32348
-4.21935,540.383,10.4297,54.4915,3.38403
-3.19013,573.451,11.5356,59.7905,3.5007
-3.60406,503.459,9.96083,51.7935,3.4531
-1.57093,552.617,11.857,60.7024,3.69622
0.750647,567.887,13.3478,67.1645,4.00538
-1.15286,543.568,11.8572,60.5129,3.74927
-1.36031,567.164,12.271,62.7221,3.72281
1.89759,528.296,12.9824,64.782,4.17231
-1.29455,558.86,12.1228,61.934,3.73117
-1.70191,501.986,10.7149,54.9098,3.67983
-1.69905,595.956,12.7221,65.1947,3.68019
-3.85661,531.217,10.4038,54.2029,3.42451
-2.90677,597.231,12.151,62.843,3.53382
-0.820137,516.836,11.423,58.1517,3.79227
0.734342,516.394,12.1298,61.0429,4.00308
-1.11809,502.928,10.9858,56.0509,3.75373
-0.577935,568.536,12.686,64.4646,3.82403
0.226841,534.248,12.3031,62.1466,3.9324
0.029736,580.04,13.255,67.0526,3.90545
1.0133,592.873,14.0783,70.704,4.04272
-0.709336,551.846,12.2501,62.3106,3.80676
-1.91498,543.557,11.5046,59.0519,3.65338
-1.12859,517.22,11.2933,57.6244,3.75238
-3.57862,588.627,11.6578,60.6052,3.456
-0.850305,504.766,11.143,56.739,3.78834
-0.0771833,561.856,12.7858,64.7304,3.89094
-0.523213,595.201,13.3096,67.6058,3.83126
-4.58294,547.199,10.4072,54.5286,3.34414
-2.61829,589.454,12.1317,62.6049,3.56801
-1.87853,563.829,11.9509,61.3259,3.65789
-2.17643,558.29,11.6943,60.1449,3.62131
-1.65752,546.569,11.6871,59.8717,3.68537
-2.95294,504.656,10.2485,53.0228,3.52839
-3.49684,549.904,10.9267,56.7686,3.46534
-1.5095,540.944,11.6348,59.5373,3.70395
-2.8831,549.976,11.2001,57.915,3.53661
-2.68206,567.083,11.6416,60.1052,3.56041
-3.41997,563.51,11.2316,58.3184,3.47415
-0.35821,580.646,13.0685,66.3,3.85318
1.37771,523.503,12.6082,63.1529,4.09539
-3.65672,589.286,11.6343,60.5196,3.44711
-4.68749,576.713,10.9222,57.2739,3.33279
1.81914,501.592,12.2889,61.3561,4.16057
-3.06043,519.222,10.4991,54.364,3.5158
0.109564,514.965,11.8047,59.6809,3.91633
1.24631,560.285,13.4255,67.3107,4.07628
-3.09879,546.433,11.0324,57.1421,3.51132
1.08164,576.395,13.7234,68.8874,4.05252
-2.34366,531.393,11.0571,56.94,3.601
-2.98186,582.585,11.8174,61.1533,3.525
-2.00942,573.824,12.0998,62.1512,3.64175
-2.51316,506.446,10.4671,53.9714,3.58059
-2.15857,521.323,10.9277,56.1947,3.62349
-2.80149,506.397,10.3463,53.4666,3.54624
-4.34012,597.935,11.4843,60.0582,3.37071
-3.58189,512.994,10.1585,52.8124,3.45562
-0.751767,593.017,13.142,66.8688,3.8012
-1.42052,567.568,12.2505,62.6459,3.71518
1.63795,589.455,14.3406,71.6941,4.13363
-1.7874,548.206,11.6619,59.8013,3.66918
-2.49469,579.576,11.9873,61.8016,3.58281
-4.94027,598.162,11.2129,58.9153,3.30558
