Evaporator Temperature,Compressor Flow,Cold Water,Tower Water,COP
-0.196871,524.933,12.7527,63.9113,4.09366
-1.78485,589.577,13.4496,68.147,3.88522
-2.52903,545.245,12.0737,61.4948,3.79298
-1.86427,564.241,12.8309,65.0484,3.87521
-1.58684,570.538,13.1183,66.3771,3.91032
-4.83423,551.35,11.1222,57.5844,3.52709
-0.168475,527.221,12.8226,64.2492,4.09754
0.649545,562.629,14.1305,70.4088,4.21177
1.36456,500.625,12.9293,64.1127,4.31563
1.32561,539.312,13.9073,68.9805,4.30988
-4.95792,551.918,11.0776,57.4045,3.51361
1.59261,575.836,15.0043,74.2879,4.34959
0.786978,533.584,13.4733,67.0716,4.23143
0.447237,566.63,14.1186,70.4464,4.18307
-2.7212,588.392,12.9291,65.9404,3.7697
1.01519,535.835,13.6514,67.8531,4.2644
-3.22596,598.333,12.8833,65.9413,3.70954
0.0937357,596.109,14.6484,73.2662,4.13364
-2.33515,510.688,11.3966,57.9675,3.8167
1.83577,518.567,13.6404,67.4246,4.38625
-0.249253,582.496,14.1219,70.7989,4.08652
-1.73545,557.188,12.7358,64.5081,3.89146
-0.590291,533.396,12.7587,64.1143,4.04047
-3.73664,593.679,12.5222,64.3256,3.65012
1.66516,531.929,13.8994,68.7839,4.36048
-3.40582,532.855,11.3905,58.3749,3.68845
-2.14463,589.717,13.2609,67.3602,3.84021
-2.23175,570.091,12.775,64.9316,3.82943
-1.08296,548.627,12.8696,64.8916,3.97533
-1.9855,527.569,11.9391,60.5784,3.86002
1.19302,514.863,13.2084,65.5725,4.29036
-4.2778,511.716,10.5592,54.4515,3.58868
-3.83927,536.247,11.2639,57.9043,3.63835
1.98825,591.218,15.6437,77.248,4.40948
-4.25066,598.068,12.3547,63.698,3.59173
-2.24488,586.083,13.1265,66.7241,3.82781
-4.41615,599.619,12.3037,63.5103,3.57322
-1.80627,547.034,12.4684,63.1851,3.88251
-0.570503,508.262,12.167,61.1327,4.04312
0.577405,593.831,14.8721,74.1402,4.2015
-0.690333,516.348,12.3022,61.8628,4.02711
-0.0194349,503.889,12.3273,61.7043,4.118
-1.61796,587.52,13.492,68.2829,3.90636
-4.18545,576.558,11.9419,61.5412,3.59906
-1.77341,560.202,12.7853,64.7762,3.88666
-1.8182,556.477,12.6776,64.2506,3.88101
-2.27156,504.598,11.2894,57.3967,3.82452
-3.55251,546.317,11.6093,59.5582,3.67138
0.778023,508.905,12.8456,63.9509,4.23015
-1.44684,584.43,13.5128,68.3067,3.92822
-4.03922,576.297,12.0075,61.8147,3.61558
-3.15104,582.835,12.5875,64.3933,3.71838
1.97418,592.091,15.6582,77.3271,4.40733
-3.80421,554.669,11.6674,59.9635,3.64237
-4.52578,506.455,10.3458,53.4459,3.56104
1.84969,573.429,15.0916,74.5912,4.38836
-3.12096,510.852,11.0463,56.4968,3.72194
1.85224,519.031,13.6613,67.5206,4.38875
-2.20342,587.276,13.1751,66.9515,3.83293
1.53295,565.432,14.6991,72.8059,4.34067
-3.8319,577.037,12.1243,62.3241,3.63919
-0.0702796,522.243,12.7507,63.8462,4.111
0.00988544,589.208,14.4312,72.2209,4.12204
-0.915265,500.089,11.8092,59.476,3.99732
-3.23219,503.707,10.8431,55.5012,3.70881
-3.32671,555.17,11.9055,60.9799,3.69771
-4.39295,542.643,11.1451,57.5203,3.57581
-1.72106,586.69,13.4178,67.9558,3.89328
-4.42529,528.073,10.8316,55.9152,3.5722
-0.632974,567,13.5396,68.0586,4.03476
-3.29812,546.518,11.7334,60.0865,3.70106
-3.31823,545.237,11.6964,59.9057,3.6987
-1.76792,559.784,12.7785,64.7394,3.88735
-0.156116,587.442,14.2942,71.6169,4.09923
1.83675,515.775,13.5674,67.0637,4.3864
-2.89609,565.351,12.3358,62.9922,3.74869
0.405351,525.612,13.0751,65.2582,4.17716
-2.51049,536.027,11.8784,60.4922,3.79524
0.938002,554.072,14.0735,69.9877,4.2532
0.202496,597.981,14.7574,73.7563,4.14875
-0.914488,596.605,14.0888,70.9566,3.99742
-1.38633,577.965,13.3955,67.6853,3.936
-1.27794,508.363,11.8332,59.7463,3.94998
0.93956,525.016,13.3363,66.3208,4.25343
0.981739,522.58,13.2963,66.1032,4.25954
-4.19965,522.257,10.811,55.7187,3.59746
-1.57009,516.65,11.8872,60.1409,3.91246
-0.989058,593.825,13.9818,70.4538,3.98762
-1.03745,568.695,13.3644,67.3655,3.98128
0.673538,551.266,13.8581,69.0404,4.21519
0.495038,578.151,14.4327,71.9901,4.18982
1.07092,560.728,14.3167,71.1332,4.27251
-1.10547,556.382,13.0398,65.7603,3.97239
-1.91383,549.84,12.4787,63.2847,3.86899
0.0393886,539.429,13.2273,66.1828,4.12612
-3.44248,506.534,10.8118,55.4238,3.68418
1.59501,530.091,13.8137,68.3917,4.34995
-0.847654,555.419,13.1509,66.2027,4.00624
0.0558902,516.291,12.6681,63.3779,4.1284
-3.90702,570.283,11.9461,61.4404,3.63061
-4.54562,522.905,10.6732,55.1451,3.55884
-0.898525,532.044,12.5721,63.3111,3.99953
-1.54515,590.389,13.5973,68.7807,3.91564
-3.7516,511.627,10.785,55.4075,3.6484
-1.78669,528.707,12.0601,61.1077,3.88498
-1.45789,546.427,12.6285,63.8418,3.9268
-4.96507,597.811,11.9952,62.1628,3.51283
0.38835,515.346,12.8112,63.9484,4.17477
-2.69705,515.674,11.3422,57.8373,3.77261
-0.945225,580.783,13.6985,69.0054,3.99338
-3.52066,564.493,12.011,61.605,3.67508
1.40827,530.215,13.7169,67.9979,4.32211
0.69125,516.895,13.0031,64.773,4.21772
1.92194,594.327,15.6855,77.4891,4.39935
1.59518,575.669,15.0015,74.2726,4.34997
-1.70095,536.238,12.2737,62.1531,3.89582
0.612262,569.032,14.2705,71.1242,4.20645
-4.06898,543.611,11.3128,58.2509,3.61221
-4.18431,515.191,10.6713,54.993,3.59919
0.979394,581.129,14.7846,73.5037,4.2592
-2.29829,525.031,11.734,59.6682,3.82123
-0.928531,531.567,12.5459,63.1923,3.99557
0.0201879,577.031,14.1386,70.752,4.12346
-4.86336,599.373,12.0766,62.5387,3.52391
-2.36918,521.053,11.6121,59.0776,3.81252
-3.43118,526.516,11.2435,57.6318,3.68549
-3.99181,570.959,11.9192,61.3393,3.62096
-0.549833,597.071,14.3046,71.8629,4.04589
1.46456,501.629,13.0058,64.4486,4.33047
0.471177,508.647,12.6858,63.2867,4.18645
-3.35925,522.061,11.1808,57.2811,3.6939
-0.900909,588.134,13.8962,69.9802,3.99921
-1.83877,541.479,12.3258,62.4767,3.87842
-0.00489965,572.469,14.013,70.1355,4.12
-1.79859,591.02,13.4751,68.283,3.88348
0.642331,545.534,13.6973,68.2536,4.21074
0.285681,569.942,14.1114,70.488,4.16037
-0.688938,516.588,12.3086,61.8944,4.0273
-3.41531,566.957,12.1149,62.0913,3.68734
-1.69456,513.821,11.7636,59.5673,3.89663
-1.06602,515.869,12.1093,61.0509,3.97754
-1.07483,585.259,13.7333,69.2428,3.97639
-0.0987999,524.853,12.8001,64.1058,4.10709
-0.276417,564.388,13.6683,68.5373,4.08282
-2.11268,528.524,11.9001,60.4342,3.84418
-1.69279,507.13,11.6113,58.795,3.89686
-2.03827,503.445,11.3691,57.7078,3.85343
0.913655,546.445,13.8666,68.9701,4.24968
-4.45224,500.046,10.2455,52.8998,3.5692
-0.0614228,573.287,14.0019,70.1067,4.11222
-4.30482,533.204,10.9905,56.6868,3.58565
-3.42834,528.907,11.2959,57.8991,3.68582
-0.60675,509.648,12.1827,61.2269,4.03827
-0.816585,537.107,12.733,64.085,4.01035
-0.521143,593.419,14.2333,71.4903,4.04974
-2.45077,573.188,12.7323,64.8138,3.80253
-1.71533,559.958,12.8093,64.8717,3.894
-2.77483,564.293,12.3729,63.1276,3.76324
1.46717,551.502,14.3003,70.862,4.33086
-4.1846,550.93,11.4115,58.8074,3.59915
-2.45967,508.813,11.2983,57.5176,3.80144
-4.36941,534.607,10.9906,56.7132,3.57843
-1.249,578.312,13.4768,68.0316,3.95373
-1.15483,559.187,13.08,65.9852,3.96596
-3.53967,501.679,10.6663,54.7152,3.67287
0.781393,518.729,13.0953,65.1925,4.23063
-4.24914,571.431,11.8051,60.8641,3.5919
-1.88645,576.642,13.1013,66.4295,3.87243
-3.17478,554.196,11.9576,61.181,3.71558
1.64577,557.505,14.5568,72.0462,4.35756
-2.2018,506.44,11.3623,57.739,3.83313
-3.51278,510.732,10.8706,55.7525,3.676
-1.76312,566.376,12.9315,65.5122,3.88796
0.417669,503.179,12.5231,62.4979,4.1789
-3.65236,559.245,11.8362,60.7651,3.65983
-0.120516,536.184,13.0653,65.4436,4.10411
1.56685,527.927,13.7422,68.0509,4.34573
0.864087,521.087,13.1975,65.6642,4.24253
-2.08967,589.161,13.2776,67.4188,3.84704
-1.49422,588.277,13.5761,68.6494,3.92215
-0.472726,582.689,14.0026,70.3086,4.05626
-2.08734,523.18,11.7917,59.873,3.84732
-3.07068,513.053,11.1163,56.835,3.7279
-0.069821,504.017,12.306,61.6189,4.11107
-0.641917,560.001,13.3678,67.1989,4.03357
-3.87432,508.464,10.6652,54.84,3.63435
-4.92908,546.543,10.9827,56.9007,3.51674
-2.45661,545.644,12.1177,61.6874,3.80182
-3.97063,593.638,12.4033,63.8209,3.62337
-3.06638,553.121,11.9866,61.2825,3.72841
-1.26289,528.11,12.3002,62.0977,3.95193
0.0691269,584.178,14.3413,71.7424,4.13023
-3.53993,572.245,12.1665,62.411,3.67284
-4.8067,542.56,10.9572,56.7188,3.5301
-2.91789,570.501,12.4373,63.5201,3.74609
-4.72057,542.434,10.9932,56.8699,3.53954
-4.80421,564.727,11.406,59.041,3.53037
-4.42635,581.928,11.9357,61.6154,3.57208
-1.08554,599.464,14.0607,70.8986,3.97499
-0.28706,527.163,12.7614,63.9946,4.08138
1.05909,581.62,14.8433,73.7553,4.27079
0.587477,522.999,13.1033,65.3181,4.20293
0.303551,552.206,13.6819,68.334,4.16287
0.775251,500.406,12.6297,62.8772,4.22975
1.05251,541.525,13.8164,68.6563,4.26983
-2.16523,516.632,11.6079,58.972,3.83766
-1.81748,543.301,12.3778,62.7307,3.8811
1.57509,569.344,14.8251,73.409,4.34697
1.2079,520.356,13.3571,66.304,4.29254
-3.32707,520.125,11.1538,57.1298,3.69767
-2.45468,589.655,13.0961,66.6672,3.80205
1.66785,550.24,14.3794,71.1578,4.36088
-3.51866,529.661,11.2708,57.8075,3.67531
-4.16008,525.306,10.8916,56.1182,3.60192
1.18693,578.476,14.8368,73.6598,4.28947
-2.83767,539.121,11.7911,60.1861,3.75569
-2.79734,592.096,12.9707,66.1884,3.76053
-3.64411,500.674,10.6001,54.416,3.66078
-0.859544,582.377,13.7828,69.389,4.00467
-1.37391,540.822,12.5408,63.3613,3.9376
-4.5278,561.569,11.4707,59.258,3.56081
-1.90626,548.179,12.4448,63.1093,3.86994
-3.63824,564.986,11.9645,61.4179,3.66146
-1.59834,535.892,12.3161,62.3228,3.90886
-2.27772,562.007,12.5707,63.9138,3.82376
1.55724,503.016,13.0889,64.8197,4.34429
-0.550348,539.859,12.9337,64.9758,4.04582
-2.74078,579.234,12.7178,64.8721,3.76734
-1.21474,519.753,12.1287,61.2115,3.95817
-3.52047,517.382,11.0087,56.464,3.6751
1.08385,514.254,13.1367,65.2648,4.27439
-2.33333,597.893,13.3437,67.8702,3.81692
-4.5683,595.237,12.1384,62.7254,3.55633
0.820273,596.845,15.0903,75.1044,4.23622
-0.133652,514.102,12.5207,62.7216,4.10231
-1.88129,516.583,11.7392,59.5207,3.87307
-0.827692,555.579,13.1651,66.265,4.00888
-2.26555,574.468,12.8557,65.3572,3.82526
-4.0086,539.107,11.2466,57.8849,3.61905
-4.92042,530.858,10.6712,55.2837,3.51769
1.97046,544.494,14.3974,71.1024,4.40676
0.868944,539.278,13.6608,67.9672,4.24323
-2.09606,525.518,11.8403,60.1233,3.84624
1.50073,586.239,15.2209,75.4068,4.33586
-0.89645,548.527,12.9627,65.277,3.9998
0.258854,589.592,14.5826,72.8547,4.15662
1.28857,579.458,14.921,74.0271,4.30441
-4.59603,524.677,10.6874,55.2386,3.55326
-3.7251,558.677,11.7894,60.5564,3.65145
1.12837,590.847,15.1196,75.0931,4.28089
1.07889,563.461,14.3909,71.4982,4.27367
1.11418,534.142,13.6609,67.8552,4.27882
-0.136932,548.201,13.3494,66.8746,4.10186
-2.82171,592.236,12.9611,66.1507,3.75761
0.835377,521.479,13.1926,65.6527,4.23839
-2.35158,587.656,13.1057,66.6679,3.81468
-4.51212,505.734,10.3368,53.3942,3.56255
0.334933,578.824,14.3591,71.7009,4.16727
0.87394,524.491,13.2888,66.1142,4.24395
-1.08911,523.591,12.2793,61.9179,3.97452
-2.6413,538.203,11.8642,60.4756,3.77935
-0.381804,525.497,12.6736,63.5958,4.06853
-1.33694,567.378,13.1759,66.5532,3.94236
-4.53834,545.595,11.1396,57.5521,3.55965
1.43588,531.073,13.7538,68.1685,4.32621
-2.83374,560.501,12.2607,62.5811,3.75616
-1.69789,515.007,11.7892,59.6983,3.89621
-0.926354,501.724,11.8426,59.6488,3.99586
-0.239484,541.944,13.1439,65.891,4.08785
-1.41256,572.876,13.2637,67.0316,3.93262
-1.8507,550.727,12.5304,63.5188,3.87692
1.33856,572.905,14.7811,73.3078,4.31179
-2.25045,560.633,12.5537,63.8149,3.82712
-4.81779,530.71,10.713,55.4592,3.52889
-4.06646,527.953,10.9881,56.5778,3.61249
-1.65276,535.059,12.2703,62.1148,3.90194
1.14559,597.525,15.3007,75.984,4.28341
-3.20487,559.704,12.0618,61.7273,3.71203
0.888648,576.648,14.6187,72.7233,4.24607
-3.74966,530.328,11.1801,57.4365,3.64863
-2.08663,510.989,11.5172,58.4792,3.84741
0.421205,546.097,13.5931,67.8364,4.1794
0.0464228,572.027,14.0305,70.1983,4.12709
-1.85762,522.835,11.8925,60.288,3.87605
-1.76508,592.832,13.5345,68.5679,3.88771
0.0748815,591.796,14.5316,72.6915,4.13103
-2.20752,537.551,12.0575,61.2743,3.83242
-3.61675,538.777,11.4194,58.6107,3.66395
-2.45407,538.497,11.9601,60.8845,3.80213
-0.653998,571.618,13.6386,68.5659,4.03196
1.17173,575.807,14.7596,73.284,4.28724
-1.48184,596.583,13.7746,69.647,3.92374
0.383029,588.497,14.6266,73.0129,4.17402
-0.551212,539.503,12.9247,64.9312,4.04571
-3.08312,595.285,12.8916,65.9173,3.72642
-3.11522,573.728,12.4087,63.4626,3.72262
-1.17636,574.497,13.4266,67.744,3.96316
0.657747,523.354,13.1483,65.5112,4.21293
-2.4078,539.357,12.0015,61.075,3.80778
1.51246,518.882,13.4782,66.768,4.33761
-4.10452,597.276,12.4117,63.9254,3.60819
-3.27377,572.366,12.3005,62.9794,3.70392
1.89781,593.421,15.647,77.3111,4.39568
1.21885,539.224,13.8473,68.7324,4.29415
0.234344,592.328,14.6361,73.1346,4.15319
-1.16734,558.087,13.0477,65.8283,3.96433
-4.77319,583.21,11.7943,61.0369,3.53377
1.9145,532.771,14.0569,69.4468,4.39822
1.14399,532.343,13.6308,67.6917,4.28318
-0.352393,509.95,12.313,61.7735,4.07251
0.900028,533.448,13.5295,67.2999,4.24771
-2.24129,508.998,11.4017,57.955,3.82825
-4.56494,544.723,11.1098,57.4088,3.5567
-4.02973,553.155,11.5298,59.3513,3.61666
0.952956,524.186,13.3222,66.2447,4.25537
1.40258,541.876,14.0154,69.4805,4.32127
-2.89301,506.353,11.0499,56.4244,3.74906
0.368983,559.179,13.8903,69.344,4.17205
-3.19494,509.161,10.977,56.1717,3.7132
-1.41872,597.706,13.8352,69.9228,3.93183
-1.37006,526.496,12.2105,61.6907,3.93809
-3.50727,578.689,12.3197,63.1824,3.67664
0.798232,521.556,13.1754,65.5835,4.23305
-3.0456,542.167,11.759,60.1103,3.73087
-2.28214,540.055,12.0776,61.4083,3.82322
-4.76914,578.206,11.695,60.5214,3.53421
0.637215,509.224,12.783,63.7001,4.21001
1.894,585.033,15.4235,76.209,4.3951
1.92655,550.979,14.5441,71.8479,4.40006
-4.80351,566.993,11.4521,59.2793,3.53045
-2.373,505.336,11.2601,57.2883,3.81205
0.254484,549.475,13.588,67.8879,4.156
-2.97432,555.581,12.0846,61.7433,3.73935
-0.160133,504.575,12.2759,61.5062,4.09868
0.538996,588.593,14.7187,73.3948,4.19605
0.197102,562.612,13.8816,69.3817,4.148
1.7144,531.376,13.9116,68.8213,4.36789
-0.394908,593.183,14.2987,71.7565,4.06676
-4.54707,533.568,10.8902,56.2669,3.55868
-0.234797,541.218,13.1287,65.8128,4.08849
-4.27447,551.589,11.3835,58.7009,3.58906
-3.67841,546.028,11.5443,59.2775,3.65683
-3.87357,555.233,11.6466,59.8858,3.63443
-0.838647,548.25,12.9858,65.3674,4.00743
1.23429,597.997,15.3659,76.2619,4.29642
1.3895,540.761,13.9794,69.3083,4.31933
1.65237,542.753,14.1752,70.1547,4.35855
-4.82952,553.227,11.1622,57.7896,3.5276
-2.64511,504.467,11.1188,56.6777,3.77889
-3.54913,551.049,11.7115,60.0808,3.67178
-1.71008,556.943,12.743,64.5336,3.89467
1.9534,575.026,15.1947,75.0483,4.40415
-1.0836,534.537,12.5387,63.2237,3.97524
-4.28383,563.546,11.6259,59.9546,3.58801
-0.908653,587.593,13.8792,69.898,3.99819
-2.98015,574.922,12.5023,63.8803,3.73866
-1.07154,520.33,12.2113,61.5677,3.97682
-0.543026,530.789,12.7201,63.8995,4.04681
-1.5156,574.919,13.2566,67.0436,3.91942
-4.65093,552.765,11.2344,58.0886,3.54721
-1.31993,568.193,13.2038,66.686,3.94455
1.68429,527.675,13.7985,68.2758,4.36335
-1.53014,596.35,13.7428,69.5095,3.91756
-3.11849,538.05,11.6355,59.5096,3.72223
-3.34396,592.862,12.7049,65.0826,3.69569
-0.759859,521.87,12.3996,62.3825,4.01787
0.0340109,505.663,12.3967,62.0292,4.12537
-4.22477,592.432,12.2511,63.1524,3.59464
-4.23532,533.113,11.0197,56.8091,3.59345
-1.15434,548.108,12.8211,64.6788,3.96602
-2.3694,551.454,12.2895,62.5241,3.81249
0.309198,549.5,13.6178,68.0116,4.16366
-1.21388,579.073,13.5134,68.1996,3.95828
-0.255167,552.098,13.3818,67.0912,4.08571
-2.06272,503.861,11.3674,57.709,3.85039
1.15851,554.628,14.2094,70.5585,4.2853
-3.35718,510.668,10.9377,56.0349,3.69414
-1.00429,542.864,12.7742,64.3755,3.98562
-4.81322,542.795,10.959,56.7309,3.52939
-0.235817,546.848,13.2647,66.4951,4.08835
-1.23285,541.884,12.636,63.7801,3.95582
-0.738067,508.119,12.0833,60.7821,4.02076
-1.83842,550.2,12.5245,63.4836,3.87846
-2.32712,569.46,12.7123,64.6558,3.81768
0.750111,508.487,12.8211,63.8407,4.22614
-0.549485,513.112,12.2933,61.7584,4.04594
0.502843,545.156,13.6132,67.8989,4.19093
1.98705,511.846,13.5428,66.8747,4.4093
-0.252117,529.679,12.84,64.3733,4.08613
1.87723,544.991,14.3585,70.9547,4.39255
-2.77584,567.43,12.4411,63.4764,3.76312
-4.38556,535.672,11.0052,56.7954,3.57663
0.713055,586.798,14.7742,73.5845,4.22084
-2.95663,520.198,11.323,57.845,3.74146
-3.05113,557.022,12.0785,61.7459,3.73022
-4.10723,537.268,11.1635,57.4976,3.60788
-2.16441,568.975,12.7844,64.9485,3.83776
0.17019,530.518,13.0759,65.3667,4.14425
-3.96296,532.799,11.1356,57.2949,3.62424
-2.66505,503.031,11.0783,56.4791,3.77648
-0.275959,529.613,12.8264,64.3154,4.08288
-3.58911,519.782,11.0291,56.5964,3.66714
-3.26474,556.814,11.9706,61.2865,3.70498
0.0649574,540.554,13.2682,66.376,4.12965
-1.03993,501.04,11.7734,59.3466,3.98095
-0.0716514,516.665,12.6139,63.1615,4.11081
-3.5958,561.427,11.9096,61.1173,3.66637
1.07876,521.591,13.3215,66.1849,4.27365
-0.129008,510.622,12.4382,62.3064,4.10294
-4.02617,542.689,11.3133,58.2353,3.61706
-4.90517,590.552,11.8786,61.5318,3.51935
1.84835,514.372,13.5366,66.9062,4.38816
1.98746,505.455,13.374,66.0405,4.40936
0.536792,590.764,14.7717,73.6603,4.19573
-4.89741,510.269,10.267,53.1807,3.52019
-0.467014,559.282,13.4432,67.4968,4.05703
-0.0927887,591.667,14.4329,72.2806,4.10791
-1.761,502.987,11.4852,58.1841,3.88823
-0.569615,558.16,13.362,67.1363,4.04324
-1.3402,561.532,13.0385,65.8605,3.94194
0.0249456,530.946,13.0119,65.1115,4.12412
-4.05133,563.158,11.728,60.381,3.61421
-2.71768,590.456,12.9762,66.1794,3.77012
-2.56869,524.402,11.5937,59.0665,3.78816
-0.309002,588.295,14.229,71.3647,4.07839
-2.99526,530.414,11.5274,58.9055,3.73686
0.232899,588.17,14.5326,72.6179,4.15299
-3.57662,536.613,11.392,58.4533,3.66859
-2.47641,553.556,12.2836,62.5408,3.7994
-4.40513,537.842,11.041,56.9881,3.57445
0.60989,545.331,13.6748,68.1566,4.20612
-2.66647,547.352,12.0537,61.4524,3.77631
1.86591,585.155,15.4099,76.1562,4.39083
0.534947,580.266,14.5082,72.347,4.19547
0.240865,578.229,14.2914,71.4089,4.1541
-0.22381,540.22,13.1101,65.7149,4.08999
0.0494573,509.278,12.4929,62.5041,4.12751
0.995948,528.366,13.451,66.8656,4.2616
-2.08184,524.643,11.8273,60.0514,3.84801
1.30959,552.582,14.2406,70.6414,4.30751
-1.94254,526.747,11.9409,60.5696,3.86539
0.000122617,528.283,12.934,64.7326,4.1207
1.30623,566.228,14.5904,72.378,4.30701
0.420662,519.569,12.9325,64.54,4.17932
-3.03201,581.107,12.6105,64.4565,3.73249
-4.18287,573.895,11.888,61.2623,3.59935
-0.722035,517.64,12.3175,61.9534,4.02289
-2.33081,517.306,11.5463,58.7271,3.81723
-1.10005,555.334,13.0181,65.6482,3.9731
-2.46642,581.212,12.9025,65.6872,3.80062
-0.144264,503.369,12.2542,61.3909,4.10085
1.03223,524.013,13.3591,66.3925,4.26688
-3.69099,543.982,11.4952,59.0307,3.65538
-3.77832,577.509,12.1606,62.4867,3.64534
-0.929938,504.189,11.8991,59.9348,3.99539
-4.48017,518.166,10.6047,54.7654,3.5661
-3.88697,541.395,11.3501,58.3672,3.6329
-1.16294,502.585,11.7522,59.2903,3.9649
-1.18678,517.659,12.0932,61.0209,3.9618
0.569443,593.332,14.8549,74.0588,4.20037
-1.18818,538.681,12.5836,63.4959,3.96162
1.23468,521.952,13.4121,66.5648,4.29648
-2.03346,573.619,12.9564,65.762,3.85403
1.47319,553.916,14.3663,71.186,4.33176
-1.4729,566.961,13.0953,66.2083,3.92488
-1.02235,554.908,13.0482,65.7649,3.98325
-1.77209,512.961,11.7077,59.3162,3.88683
-2.76307,540.974,11.8672,60.5424,3.76465
1.78757,539.354,14.1606,70.0189,4.37894
1.00289,504.844,12.8556,63.9033,4.26261
-1.91799,528.631,11.9954,60.8353,3.86847
0.179587,584.283,14.4063,72.0132,4.14556
1.12379,569.229,14.5637,72.3348,4.28022
-0.606349,564.616,13.4969,67.8314,4.03832
0.113544,571.513,14.0549,70.2884,4.13638
-3.68874,590.279,12.4746,64.0594,3.65564
-4.30079,530.839,10.9436,56.443,3.58611
-2.88458,517.661,11.3004,57.7005,3.75007
-3.51662,526.482,11.2041,57.4645,3.67555
-4.44752,553.542,11.3437,58.5684,3.56973
1.56441,540.613,14.0711,69.6806,4.34537
-1.20815,596.309,13.9188,70.2428,3.95903
-2.44603,501.488,11.1417,56.7151,3.80311
-1.76843,520.399,11.8792,60.1835,3.88729
-1.47219,531.479,12.2761,62.0662,3.92497
1.85081,598.105,15.7417,77.8038,4.38853
-0.802142,514.68,12.2083,61.4382,4.01226
-2.85251,527.937,11.5396,58.9085,3.75391
-4.47621,549.958,11.2571,58.1332,3.56654
1.04956,503.509,12.845,63.8304,4.2694
0.213954,584.901,14.441,72.1698,4.15035
-3.76931,575.378,12.1202,62.2748,3.64637
-3.4506,510.4,10.8908,55.8318,3.68323
0.249181,586.865,14.5096,72.495,4.15526
0.41053,514.026,12.7895,63.8304,4.17789
0.606432,556.491,13.9528,69.5436,4.20562
-0.118828,572.894,13.9607,69.928,4.10434
-4.49457,591.553,12.0995,62.4915,3.5645
-4.74752,591.92,11.9829,62.0019,3.53658
-0.566198,596.259,14.2759,71.7268,4.0437
-2.84052,571.243,12.4922,63.766,3.75535
-4.65985,509.889,10.3592,53.5668,3.54622
-1.92092,562.248,12.7567,64.6978,3.8681
1.37878,591.223,15.2776,75.7499,4.31774
-3.07035,580.363,12.5749,64.2922,3.72793
0.313119,528.427,13.0976,65.4118,4.16421
1.39048,548.725,14.1859,70.3314,4.31947
-4.49892,584.134,11.9457,61.6988,3.56402
-0.212237,554.686,13.4673,67.5,4.09156
-0.870714,504.898,11.9438,60.1355,4.0032
-2.16741,583.981,13.12,66.6549,3.83739
-2.6564,564.722,12.4413,63.4237,3.77753
-3.26108,504.053,10.8379,55.4861,3.70541
-3.55308,544.018,11.5602,59.3065,3.67132
-0.607758,580.373,13.8728,69.7212,4.03814
0.0478534,500.101,12.267,61.3746,4.12729
-2.17463,540.235,12.1337,61.6472,3.83649
-0.269897,571.817,13.8518,69.4542,4.08371
0.62508,563.673,14.1432,70.4836,4.20828
-4.29315,582.484,12.012,61.9501,3.58696
-3.70853,582.567,12.3018,63.1808,3.65336
-2.46063,566.247,12.5732,64.008,3.80132
-4.34096,590.398,12.1516,62.6914,3.58161
1.94638,520.136,13.7405,67.8692,4.40308
0.333699,505.119,12.53,62.5683,4.16709
1.65047,536.534,14.0117,69.3466,4.35827
-1.2579,561.999,13.0921,66.0934,3.95258
-2.66,531.077,11.6983,59.6379,3.77709
-3.29057,526.769,11.3129,57.9298,3.70195
0.88471,534.871,13.5575,67.4462,4.2455
-2.55593,563.297,12.46,63.4743,3.78971
-3.92174,505.032,10.5729,54.3837,3.62893
0.169738,526.595,12.9789,64.8824,4.14419
-4.44784,534.282,10.9489,56.5299,3.56969
-2.64521,505.818,11.1486,56.8293,3.77888
-2.55381,530.262,11.7303,59.756,3.78997
-1.40636,548.095,12.6931,64.1451,3.93342
-4.2317,544.718,11.2613,58.0528,3.59386
-1.40849,521.398,12.0738,61.0163,3.93315
-0.253521,554.473,13.4403,67.3835,4.08594
0.917365,521.535,13.2364,65.834,4.25022
-2.44287,525.666,11.6804,59.4557,3.80349
-0.766042,576.631,13.6974,68.9146,4.01705
0.0978324,591.056,14.5266,72.6548,4.1342
-1.12462,530.368,12.4207,62.6464,3.96989
-1.92533,562.647,12.7635,64.7343,3.86755
-2.25995,540.664,12.102,61.5226,3.82595
1.88534,546.953,14.4147,71.2287,4.39378
-1.10493,584.116,13.6901,69.0395,3.97246
1.2605,561.194,14.4349,71.6289,4.30027
-0.832203,521.818,12.3629,62.2291,4.00828
-2.16038,548.021,12.3156,62.565,3.83826
-1.21725,573.711,13.3865,67.5607,3.95784
-3.34524,533.693,11.4363,58.5847,3.69554
-3.257,551.744,11.8653,60.7441,3.70589
-1.32645,529.938,12.3116,62.1829,3.94371
-3.67967,592.14,12.5186,64.2809,3.65668
-2.73024,588.25,12.9213,65.9048,3.76861
-0.739148,538.506,12.8053,64.4147,4.02062
1.20856,511.256,13.1238,65.1457,4.29264
-0.128232,526.529,12.8261,64.249,4.10305
-2.38264,556.609,12.3978,63.081,3.81087
1.3338,557.952,14.3926,71.3836,4.31109
-2.67828,577.177,12.7045,64.7756,3.77488
-0.733728,567.275,13.4923,67.868,4.02134
0.49115,511.917,12.7773,63.7349,4.18927
1.77597,573.756,15.0571,74.4572,4.37719
-1.02224,530.278,12.4691,62.8461,3.98327
-1.89181,503.378,11.4343,57.9792,3.87175
1.86838,578.277,15.2302,75.2669,4.3912
-0.114824,550.796,13.4243,67.2395,4.10489
-3.44559,560.076,11.9532,61.2759,3.68381
-1.9723,524.158,11.8681,60.2129,3.86167
1.33019,563.836,14.5423,72.1279,4.31055
1.57703,565.576,14.728,72.9277,4.34726
1.95305,542.786,14.3425,70.8398,4.4041
0.449116,542.749,13.5246,67.4815,4.18333
-0.0683368,573.69,14.0079,70.1402,4.11127
-1.71947,535.415,12.2459,62.0199,3.89348
-1.61285,595.106,13.669,69.1763,3.90701
-4.77671,551.382,11.149,57.699,3.53338
1.68471,544.109,14.2285,70.4031,4.36342
-3.1188,549.406,11.881,60.765,3.72219
-3.81344,575.367,12.0983,62.1821,3.64131
-3.07984,540.52,11.7071,59.8595,3.72681
-3.87069,574.546,12.0531,61.9748,3.63476
-3.08629,519.046,11.2391,57.4692,3.72604
0.888924,596.376,15.119,75.212,4.24611
-0.702513,539.493,12.8474,64.6101,4.02549
-0.807077,502.379,11.9142,59.9601,4.01161
0.140887,590.949,14.5486,72.7434,4.14018
-4.21708,517.949,10.7142,55.2269,3.5955
-4.92831,550.256,11.0576,57.2886,3.51683
-1.72379,585.345,13.3856,67.7939,3.89293
-0.551548,595.507,14.2662,71.6706,4.04566
-4.43666,548.303,11.2413,58.0352,3.57094
1.78199,513.985,13.4916,66.7136,4.3781
1.14674,597.429,15.2989,75.9746,4.28358
-4.49783,546.332,11.1731,57.7081,3.56414
-2.89205,510.566,11.1422,56.8957,3.74918
-4.9785,578.677,11.6049,60.1461,3.51137
-4.73989,568.951,11.5215,59.6113,3.53742
-3.99761,501.015,10.4566,53.8146,3.6203
-2.35456,544.563,12.1432,61.773,3.81431
0.391659,552.023,13.7247,68.5069,4.17524
-3.65557,502.341,10.6305,54.5764,3.65946
-0.794596,541.873,12.8572,64.7002,4.01326
-4.88389,584.232,11.7617,60.9169,3.52167
-3.69531,510.212,10.7797,55.3581,3.65488
-3.63384,508.475,10.7697,55.2828,3.66197
-4.209,565.074,11.6929,60.2679,3.59641
-1.14576,529.107,12.3808,62.4542,3.96714
-0.00381019,565.076,13.8326,69.2321,4.12015
1.08739,531.058,13.5678,67.405,4.27491
0.393523,575.89,14.3191,71.4731,4.1755
-0.587275,541.357,12.9507,65.0777,4.04088
-1.34712,555.287,12.8899,65.1132,3.94105
-4.21257,526.505,10.8932,56.1476,3.59601
-1.57602,578.698,13.3117,67.3504,3.9117
-3.78381,518.664,10.9191,56.1094,3.64471
-1.37955,514.648,11.9312,60.2837,3.93687
-4.45413,523.62,10.7277,55.3901,3.56899
-2.33418,593.999,13.2563,67.4262,3.81681
-4.68171,593.109,12.0393,62.2639,3.54381
-4.39621,535.905,11.0053,56.7998,3.57544
-2.04008,519.959,11.7413,59.5972,3.85321
1.63981,532.167,13.8919,68.7586,4.35667
1.65591,586.446,15.3184,75.8109,4.35909
-3.31081,556.786,11.9478,61.1896,3.69957
1.78667,518.595,13.6151,67.322,4.37881
-1.57212,564.008,12.9758,65.6492,3.9122
-0.633513,547.545,13.0748,65.7223,4.03469
1.6806,572.796,14.9763,74.1051,4.3628
-2.76846,537.57,11.7899,60.1507,3.76401
0.125575,503.758,12.3945,61.9796,4.13805
-1.75199,572.398,13.0748,66.233,3.88937
0.803561,592.812,14.9786,74.5565,4.23381
-1.65089,597.183,13.696,69.331,3.90217
-2.21512,598.709,13.4253,68.2285,3.83149
-0.829003,512.857,12.1521,61.1668,4.00871
-1.59848,591.063,13.5839,68.7387,3.90884
0.770299,551.557,13.918,69.2934,4.22904
-1.51257,537.21,12.3886,62.6524,3.9198
0.742313,514.723,12.9744,64.6074,4.22502
-2.27541,569.907,12.7486,64.8172,3.82405
-3.71496,598.077,12.626,64.849,3.65262
-1.43439,594.098,13.7431,69.465,3.92982
-3.99702,534.153,11.1485,57.3752,3.62037
0.0154669,554.599,13.5865,67.9912,4.12281
-1.4194,538.408,12.4623,62.9844,3.93174
0.815175,507.177,12.8206,63.8104,4.23548
-0.124764,548.119,13.3538,66.891,4.10353
0.254961,593.2,14.6696,73.2913,4.15607
-2.93031,526.577,11.474,58.6054,3.7446
-3.86182,507.925,10.6593,54.8048,3.63577
-0.761287,532.815,12.6589,63.688,4.01768
0.483947,560.25,13.9798,69.7361,4.18825
1.64019,508.852,13.2835,65.7469,4.35672
0.773753,540.93,13.6517,67.9659,4.22953
1.76629,516.256,13.543,66.9745,4.37572
-2.66427,580.198,12.7782,65.1448,3.77657
1.6164,562.956,14.6823,72.6819,4.35315
1.74893,521.916,13.6822,67.671,4.3731
-1.70663,503.297,11.5172,58.3241,3.8951
-2.32504,529.749,11.8268,60.1512,3.81794
0.809379,509.258,12.8703,64.0601,4.23465
-3.30409,593.185,12.7323,65.2044,3.70036
-4.35949,565.396,11.6282,59.9992,3.57954
-0.189666,555.507,13.4993,67.6496,4.09465
-3.76096,582.578,12.276,63.0717,3.64733
-1.60889,585.811,13.4577,68.1047,3.90752
1.72123,580.087,15.1909,75.1465,4.36892
-0.651594,583.672,13.9275,70.0173,4.03228
-1.2842,526.423,12.2505,61.8561,3.94917
1.41745,536.694,13.8894,68.8491,4.32347
1.89437,533.316,14.0603,69.4729,4.39515
-4.8923,537.598,10.8192,56.0386,3.52075
-3.02106,557.115,12.0952,61.8178,3.73379
-0.958032,549.553,12.9553,65.2674,3.99169
-2.98704,513.384,11.161,57.0298,3.73784
0.174866,548.338,13.5176,67.5726,4.1449
0.693583,525.88,13.2303,65.9038,4.21805
-4.83601,539.342,10.8792,56.3269,3.52689
-1.84518,548.324,12.4784,63.2531,3.87761
-4.41067,517.853,10.6283,54.86,3.57383
-4.04278,565.955,11.7903,60.6983,3.61518
-3.43319,587.721,12.5495,64.327,3.68526
-1.30504,585.155,13.606,68.7103,3.94648
0.829372,583.561,14.7597,73.4543,4.23753
0.156678,558.573,13.76,68.7932,4.14237
-2.30865,550.53,12.2988,62.5446,3.81995
-1.16489,551.975,12.9061,65.1127,3.96465
1.78406,555.15,14.5733,72.0614,4.37841
-1.5426,551.318,12.6987,64.2344,3.91597
0.679834,535.155,13.4564,67.0363,4.21609
-2.51463,585.741,12.9779,66.0936,3.79474
-2.41109,561.73,12.4976,63.6015,3.80738
-1.61474,542.654,12.4633,63.0752,3.90677
-2.88059,506.32,11.0547,56.444,3.75055
0.411151,566.258,14.0894,70.3179,4.17798
-4.30261,584.65,12.052,62.1607,3.5859
1.77321,530.798,13.9282,68.8764,4.37677
1.93938,594.639,15.7044,77.5731,4.40201
0.509712,510.79,12.7585,63.6327,4.1919
1.187,508.846,13.051,64.7937,4.28948
1.40401,566.725,14.6589,72.6701,4.32148
1.07046,576.22,14.712,73.0973,4.27244
-4.68609,557.426,11.3129,58.5093,3.54333
1.84196,594.522,15.642,77.3158,4.38719
-2.32911,545.365,12.1734,61.916,3.81744
-4.56625,526.048,10.7283,55.4382,3.55656
0.19874,553.883,13.6671,68.3088,4.14823
-0.697577,509.833,12.1435,61.0678,4.02615
-3.32983,535.4,11.48,58.8021,3.69734
1.54508,572.373,14.8865,73.7283,4.34248
1.99232,545.927,14.4475,71.3396,4.4101
0.487638,575.354,14.3587,71.6248,4.18878
-3.17447,554.45,11.9632,61.2096,3.71561
-2.05588,502.597,11.342,57.5772,3.85124
-0.281278,598.57,14.4933,72.6768,4.08216
-3.56193,546.025,11.5987,59.5077,3.67029
-3.56505,537.61,11.4185,58.5845,3.66993
0.375232,532.487,13.2305,66.0473,4.17293
-0.220369,551.717,13.391,67.121,4.09046
0.429681,512.009,12.7489,63.6194,4.18059
-4.18828,509.092,10.5433,54.3348,3.59874
-3.72665,584.72,12.3382,63.376,3.65127
-1.31567,539.645,12.5425,63.3443,3.9451
-3.80273,568.338,11.9557,61.4443,3.64254
-2.46003,532.308,11.8199,60.1728,3.8014
1.00888,519.207,13.2245,65.7341,4.26348
1.83474,590.273,15.5259,76.7454,4.38609
-0.801279,533.817,12.6627,63.7243,4.01238
-4.8654,570.904,11.502,59.5642,3.52368
-2.11695,507.494,11.4246,58.0213,3.84365
-1.34493,543.939,12.6276,63.7871,3.94133
-0.535088,578.933,13.8781,69.7133,4.04787
-4.11398,557.982,11.5907,59.701,3.60712
-0.397653,583.765,14.0701,70.6109,4.06639
0.83958,594.823,15.0505,74.8966,4.23899
-2.85745,520.17,11.3676,58.0324,3.75332
-3.01326,522.884,11.3556,58.0345,3.73472
0.864377,599.485,15.1832,75.5441,4.24257
-4.84074,509.678,10.2788,53.2203,3.52638
-0.986164,597.563,14.0714,70.904,3.988
-4.48132,524.541,10.7347,55.437,3.56597
-0.441127,526.906,12.6779,63.6432,4.06052
-2.9761,558.197,12.1406,62.0303,3.73914
-3.5541,558.647,11.8706,60.8992,3.6712
-0.627222,514.657,12.2925,61.7874,4.03553
-1.54574,527.44,12.1472,61.446,3.91557
0.72587,582.423,14.6714,73.0661,4.22267
-2.14323,551.562,12.4037,63.0049,3.84038
0.236792,576.508,14.2466,71.1869,4.15353
1.38987,533.891,13.8021,68.4287,4.31938
-3.94445,549.569,11.4947,59.1348,3.62635
-3.66882,535.156,11.3188,58.1159,3.65793
-3.84391,597.194,12.5418,64.4753,3.63782
-3.19229,583.41,12.579,64.3686,3.71351
-1.6516,532.124,12.2036,61.7764,3.90208
-0.052502,592.362,14.4728,72.4605,4.11345
-4.70491,588.321,11.9308,61.7132,3.54126
-1.59755,522.269,12.0033,60.7401,3.90896
-0.732575,524.448,12.4743,62.7466,4.02149
0.374198,587.409,14.5945,72.857,4.17278
1.21799,530.024,13.6106,67.5579,4.29402
-2.08294,597.636,13.4722,68.4038,3.84787
-4.66892,552.308,11.2169,58.0055,3.54522
0.738676,578.681,14.5844,72.6268,4.2245
-4.50924,588.863,12.0373,62.1768,3.56287
-0.427887,580.839,13.9829,70.1878,4.0623
1.99287,585.999,15.5083,76.5774,4.41019
1.31069,592.993,15.2827,75.8102,4.30767
-1.90083,588.761,13.369,67.7935,3.87062
-4.81426,537.014,10.8419,56.1247,3.52927
-4.87615,587.388,11.829,61.2619,3.52251
-1.59111,559.223,12.856,65.0516,3.90978
-1.43113,537.181,12.4281,62.8167,3.93024
-0.767426,582.523,13.8365,69.6155,4.01687
-1.24998,598.071,13.9368,70.3538,3.9536
-3.09215,502.442,10.877,55.6199,3.72535
-3.44421,522.845,11.1592,57.2053,3.68397
-3.48198,573.783,12.2277,62.6995,3.67958
-2.23643,596.08,13.3549,67.8811,3.82885
-2.77907,554.733,12.1612,62.0493,3.76273
-2.82944,518.532,11.3446,57.9034,3.75668
1.24346,581.066,14.9361,74.1245,4.29777
-0.818238,563.869,13.3666,67.2745,4.01013
-1.02778,531.346,12.4915,62.9612,3.98254
0.919202,501.256,12.7226,63.2778,4.25048
-1.77646,534.583,12.1991,61.8076,3.88627
-4.82479,561.929,11.34,58.7078,3.52812
-2.17081,590.14,13.2566,67.3504,3.83697
-2.64777,590.827,13.0209,66.3745,3.77857
-0.184104,575.219,13.9814,70.0629,4.09541
-2.35512,543.64,12.1223,61.6672,3.81424
-1.06108,583.658,13.7032,69.0845,3.97819
-2.98954,582.987,12.6729,64.7562,3.73754
-4.91642,566.354,11.3866,58.9882,3.51812
-0.393934,577.024,13.9097,69.804,4.06689
-3.68782,535.734,11.3223,58.1418,3.65574
-4.65129,519.731,10.5629,54.6165,3.54717
-4.23113,545.034,11.268,58.0875,3.59392
1.02561,519.254,13.2343,65.7755,4.26591
-0.21285,566.308,13.7492,68.9129,4.09148
-0.711189,536.636,12.775,64.2497,4.02434
-4.97542,512.253,10.2742,53.2476,3.51171
-4.00944,571.999,11.9324,61.4148,3.61896
-2.59025,503.522,11.1225,56.6743,3.78554
-1.4986,536.95,12.3894,62.6508,3.92159
-0.730423,599.187,14.2532,71.6937,4.02178
-1.63258,587.425,13.482,68.2391,3.9045
-3.01809,501.946,10.8987,55.7018,3.73414
0.57712,554.644,13.8905,69.247,4.20146
-2.97217,570.208,12.4038,63.3733,3.73961
1.50808,520.956,13.5298,67.0254,4.33696
-4.09967,515.727,10.7192,55.2062,3.60874
-1.51084,545.163,12.5728,63.5835,3.92002
1.91201,585.65,15.4506,76.3335,4.39784
-1.85814,569.041,12.9432,65.615,3.87598
1.92029,548.57,14.477,71.5194,4.3991
-1.83581,557.949,12.7022,64.3832,3.87879
-4.07851,586.093,12.1922,62.783,3.61113
-4.9539,507.361,10.185,52.7773,3.51404
0.138032,510.181,12.5587,62.7953,4.13978
-0.967043,537.079,12.6567,63.7671,3.99051
-2.54974,565.109,12.5032,63.6916,3.79046
-3.37283,526.693,11.2738,57.7632,3.69231
0.0269714,592.056,14.5107,72.6103,4.1244
-1.97404,554.44,12.5529,63.6878,3.86145
-1.31491,574.927,13.3629,67.4874,3.9452
-2.95452,554.619,12.0732,61.6768,3.74171
1.51528,565.731,14.6967,72.8029,4.33803
-1.7208,533.944,12.2116,61.8468,3.89331
-0.402068,514.651,12.4021,62.2421,4.06579
-4.74216,527.877,10.6888,55.3035,3.53717
-1.11772,525.014,12.2987,62.0281,3.97079
-1.10792,550.595,12.903,65.0712,3.97207
-3.0742,581.408,12.5956,64.3997,3.72748
-4.69301,510.552,10.3587,53.5768,3.54257
-2.91951,501.371,10.9295,55.8201,3.74589
0.619338,505.484,12.6803,63.1957,4.20746
1.56911,523.874,13.6379,67.5333,4.34607
-0.039976,540.732,13.2179,66.1718,4.11517
-3.9551,505.078,10.5596,54.3281,3.62513
1.44462,596.485,15.4531,76.5863,4.32751
1.87846,517.151,13.6257,67.3328,4.39273
-1.17264,573.017,13.394,67.5777,3.96364
0.138984,549.341,13.5232,67.6174,4.13991
-4.25204,534.421,11.0393,56.9166,3.59157
-0.680271,549.32,13.0929,65.8348,4.02845
0.206827,563.292,13.9036,69.4874,4.14935
1.43353,502.7,13.0178,64.5216,4.32586
-0.211333,532.423,12.9273,64.7927,4.09169
-1.05616,575.239,13.5082,68.099,3.97883
-2.67733,504.283,11.1004,56.5966,3.775
1.00321,563.776,14.3565,71.3636,4.26266
-1.07066,568.311,13.3378,67.2469,3.97693
1.18858,557.082,14.289,70.9394,4.28971
-1.14358,511.191,11.9626,60.3437,3.96742
-2.09221,500.594,11.2804,57.2791,3.84672
-1.30285,533.682,12.4102,62.6707,3.94676
-1.68322,544.655,12.4752,63.1654,3.89807
-3.84407,584.731,12.28,63.1294,3.6378
-4.35286,546.668,11.2461,58.0248,3.58028
-0.0016308,510.08,12.4875,62.4986,4.12045
-1.22061,507.909,11.8495,59.8052,3.95741
-4.3675,575.011,11.8221,61.0033,3.57865
-0.65051,537.849,12.8346,64.5226,4.03242
-1.16979,526.891,12.3172,62.1437,3.96401
-3.44609,517.784,11.0504,56.6479,3.68376
-3.12506,534.46,11.5549,59.0997,3.72145
1.3568,524.077,13.5309,67.0993,4.31449
1.26019,535.012,13.7613,68.2865,4.30023
-0.958717,532.288,12.5479,63.2155,3.9916
-3.84872,553.299,11.6177,59.7267,3.63727
0.642739,545.561,13.6982,68.2578,4.21079
-1.86027,571.272,12.9929,65.8676,3.87572
-3.186,573.49,12.3683,63.2873,3.71425
0.987484,504.735,12.8451,63.8577,4.26037
-2.63902,558.194,12.306,62.7266,3.77963
1.25653,524.165,13.4804,66.894,4.29969
-1.99249,510.5,11.5496,58.6048,3.85915
-2.64345,599.06,13.2046,67.309,3.77909
-0.502196,537.286,12.8965,64.7678,4.05229
-0.374253,554.101,13.3675,67.074,4.06955
-4.21132,515.986,10.6761,55.0281,3.59615
0.591377,579.367,14.5178,72.3671,4.20348
-0.997299,543.718,12.7978,64.4915,3.98654
-0.893921,572.298,13.5258,68.1114,4.00013
0.323441,508.001,12.5964,62.9044,4.16566
1.34121,501.579,12.9422,64.1866,4.31218
-2.19799,588.866,13.2136,67.1447,3.8336
-2.68872,512.052,11.2663,57.4468,3.77362
-0.9613,560.495,13.2115,66.5598,3.99127
-4.48332,520.448,10.65,55.0008,3.56575
-3.71698,539.262,11.3835,58.4678,3.65238
-3.09632,511.804,11.0778,56.6484,3.72486
-2.4123,547.134,12.1723,61.9464,3.80723
0.295306,559.387,13.8553,69.2041,4.16171
-3.60686,568.137,12.0465,61.8249,3.66509
-2.24345,598.687,13.4096,68.1622,3.82799
-4.61349,523.972,10.6655,55.132,3.55134
0.145674,558.733,13.758,68.7883,4.14084
-4.79119,543.79,10.989,56.8769,3.5318
-4.98293,525.728,10.5412,54.6345,3.51089
1.91539,529.734,13.9772,69.0528,4.39835
-2.59859,573.722,12.6689,64.5579,3.78453
-0.878316,562.663,13.3063,66.9989,4.00219
-3.79792,511.392,10.7598,55.2966,3.64309
-0.882925,596.023,14.0926,70.9605,4.00158
-4.58159,586.362,11.9509,61.7627,3.55486
-2.49916,520.635,11.5425,58.7772,3.79662
-4.05553,547.798,11.4062,58.7259,3.61373
0.951077,576.453,14.6494,72.8455,4.2551
0.216936,515.145,12.7203,63.5689,4.15076
-4.31311,514.064,10.5924,54.6368,3.58473
-3.41878,511.38,10.9257,55.9981,3.68694
-0.12835,500.443,12.1906,61.0656,4.10303
-0.908069,548.541,12.9571,65.2539,3.99827
-0.140611,506.567,12.3338,61.7883,4.10136
-0.326854,585.14,14.1427,70.9408,4.07597
-2.86191,557.497,12.1812,62.1875,3.75278
0.417186,571.647,14.2268,71.0009,4.17883
-1.84909,552.726,12.5767,63.7527,3.87712
-0.735331,515.17,12.2523,61.6311,4.02113
-0.983575,517.066,12.1771,61.3579,3.98834
-1.77295,502.38,11.4658,58.091,3.88672
-3.18043,542.489,11.7023,59.8773,3.71491
-3.41669,510.024,10.8977,55.8535,3.68718
-3.71395,509.01,10.7462,55.1934,3.65273
0.465953,555.177,13.8434,69.0644,4.18571
0.882226,539.116,13.6638,67.9759,4.24514
-2.70748,500.424,11.0022,56.1075,3.77135
-4.56513,533.246,10.8756,56.1989,3.55668
-2.49551,577.188,12.7982,65.1696,3.79707
-3.95104,548.05,11.4599,58.9584,3.6256
-0.612367,507.976,12.1401,61.0149,4.03752
-4.86464,557.318,11.2287,58.1482,3.52377
-1.33569,569.642,13.2292,66.8215,3.94252
0.283073,502.182,12.4324,62.1024,4.16
1.38421,594.441,15.364,76.1755,4.31854
-1.56487,592.153,13.6272,68.9416,3.91312
-4.99514,587.904,11.782,61.0709,3.50957
1.8492,535.788,14.1007,69.6937,4.38829
1.83297,519.981,13.6761,67.6024,4.38582
0.161956,575.68,14.1844,70.9122,4.14311
-0.639111,562.329,13.4248,67.4845,4.03395
0.47377,566.124,14.1207,70.444,4.18682
-1.58122,563.38,12.9566,65.5564,3.91104
-0.615054,533.3,12.7439,64.051,4.03716
-2.7876,512.709,11.2361,57.3326,3.7617
-3.07556,590.293,12.7874,65.3809,3.72732
-1.20545,547.39,12.7783,64.486,3.95937
-2.27343,589.821,13.1951,67.0863,3.82429
-3.57165,530.009,11.2541,57.7435,3.66916
-1.66482,582.747,13.3575,67.6241,3.90041
-2.78595,550.909,12.074,61.6075,3.7619
-3.65868,587.596,12.433,63.8322,3.6591
1.00824,547.955,13.9564,69.3723,4.26339
0.184727,587.733,14.4943,72.4506,4.14628
0.444783,526.853,13.1262,65.4959,4.18272
-1.06153,518.62,12.176,61.3854,3.97813
1.23793,585.966,15.0589,74.7364,4.29695
-2.80096,594.383,13.019,66.4361,3.7601
-0.703975,518.277,12.3415,62.0662,4.0253
-2.85512,586.971,12.8287,65.49,3.7536
-0.0172991,548.719,13.4251,67.1988,4.11829
-0.755716,516.807,12.2813,61.7857,4.01842
0.781214,547.435,13.8199,68.7998,4.2306
1.26632,557.873,14.3528,71.2184,4.30113
-2.20994,545.024,12.224,62.1212,3.83212
0.0932615,566.055,13.9096,69.5713,4.13357
1.10183,508.21,12.9914,64.5352,4.27702
-2.58221,581.71,12.8537,65.4922,3.78652
-3.09843,523.89,11.3385,57.9821,3.72461
-3.05182,580.16,12.5799,64.3093,3.73013
0.958783,524.62,13.3362,66.312,4.25621
-3.52669,590.13,12.5534,64.3899,3.67438
-2.9969,559.607,12.1611,62.1441,3.73666
-3.44272,558.368,11.9181,61.0949,3.68415
-4.3471,597.094,12.2863,63.3893,3.58093
-1.81386,553.15,12.604,63.8756,3.88156
-4.74091,528.711,10.7062,55.3932,3.53731
-4.58892,506.612,10.3224,53.3494,3.55405
-3.85246,584.745,12.2761,63.1133,3.63684
-1.28676,592.903,13.7962,69.6619,3.94884
-1.82136,586.524,13.3605,67.7128,3.88061
-1.24151,507.02,11.819,59.6597,3.9547
0.819893,598.009,15.1195,75.2499,4.23616
-1.07855,537.568,12.6124,63.5927,3.9759
-1.0285,517.019,12.1543,61.2621,3.98245
-3.55507,598.84,12.7241,65.2786,3.67109
-1.23164,558.742,13.0298,65.7668,3.95598
-2.0999,591.524,13.3254,67.6664,3.84576
0.109269,584.422,14.37,71.866,4.13579
-3.21197,514.29,11.0799,56.7053,3.71119
-2.98662,588.006,12.7835,65.3201,3.73789
1.3349,502.698,12.9679,64.3167,4.31125
1.873,521.992,13.7503,67.9512,4.3919
1.56991,556.388,14.4848,71.7266,4.34619
-0.845484,528.212,12.5078,62.9642,4.00653
1.20616,527.781,13.5467,67.2462,4.29229
-1.53202,546.779,12.5995,63.7277,3.91732
-2.4993,544.132,12.0634,61.4296,3.7966
1.97338,566.234,14.9739,73.9482,4.40721
-1.5396,527.273,12.1463,61.4389,3.91635
1.3051,588.572,15.1655,75.2315,4.30685
1.8235,583.715,15.3467,75.8653,4.38439
-4.64287,561.803,11.4219,59.0543,3.54809
-4.86163,571.374,11.5133,59.6208,3.5241
1.48655,571.174,14.8216,73.4354,4.33375
-1.51101,587.928,13.559,68.5709,3.92
-4.61213,504.043,10.2604,53.0375,3.55148
-0.741736,585.862,13.93,70.0734,4.02028
-2.82476,535.307,11.7138,59.7859,3.75724
-2.33802,581.938,12.9852,66.0488,3.81634
-4.65459,522.606,10.6199,54.9125,3.5468
-4.59818,515.06,10.4906,54.2221,3.55303
-4.37231,568.396,11.6838,60.2918,3.57811
0.4291,599.941,14.938,74.544,4.18051
-4.08917,520.97,10.8328,55.7871,3.60992
-0.242093,569.015,13.799,69.1764,4.08749
-2.98626,594.377,12.9222,66.0287,3.73793
-1.1294,578.568,13.547,68.3291,3.96927
1.30315,597.58,15.3964,76.378,4.30656
-4.97916,547.001,10.9694,56.8524,3.5113
-4.19826,540.568,11.1906,57.6749,3.59762
-3.44144,552.268,11.7885,60.43,3.6843
1.09765,550.485,14.0698,69.894,4.27641
-2.11458,576.089,12.9701,65.8688,3.84394
-0.940876,561.775,13.2524,66.7564,3.99395
-0.473948,506.815,12.1787,61.151,4.05609
-2.30168,568.32,12.6998,64.5806,3.82081
-3.22454,506.417,10.9048,55.8141,3.70971
-1.18775,561.448,13.1157,66.1805,3.96167
-0.455348,553.741,13.3161,66.8534,4.0586
-0.141086,521.862,12.706,63.6529,4.10129
-1.59624,517.084,11.8848,60.1396,3.90913
1.63099,530.275,13.8378,68.4947,4.35534
-4.77719,572.884,11.5835,59.9482,3.53333
0.390462,501.104,12.4581,62.1853,4.17507
-3.14734,577.934,12.4835,63.8597,3.71882
0.999926,574.903,14.638,72.7644,4.26218
0.529749,523.443,13.0848,65.2514,4.19474
-4.65713,570.551,11.593,59.9452,3.54652
-1.6745,503.729,11.5418,58.4359,3.89918
-2.18597,503.333,11.2998,57.4147,3.83509
-1.49161,532.668,12.294,62.1654,3.92248
-1.92284,503.954,11.4332,57.9862,3.86786
-4.36081,519.774,10.6894,55.1555,3.57939
-0.0362324,526.795,12.8791,64.4741,4.11569
0.526988,590.351,14.7557,73.5855,4.19435
-1.51705,508.525,11.725,59.2982,3.91923
-0.0430695,514.474,12.5745,62.9521,4.11475
-3.17353,570.557,12.3112,62.9898,3.71572
-4.60596,597.237,12.1605,62.8568,3.55217
-4.4071,595.455,12.2227,63.0884,3.57423
-3.71454,580.87,12.263,62.9841,3.65266
-3.88879,513.814,10.7711,55.3903,3.63269
-4.00015,548.01,11.4362,58.8574,3.62001
-2.0902,529.214,11.9263,60.5579,3.84697
-1.00348,547.468,12.8829,64.9232,3.98573
-1.10147,575.033,13.4791,67.9737,3.97291
-2.89443,555.63,12.1245,61.9125,3.74889
0.968479,585.401,14.887,74.0179,4.25762
-1.26585,542.08,12.6241,63.7342,3.95155
-2.20403,535.667,12.017,61.0666,3.83286
-2.43426,531.606,11.8165,60.1447,3.80455
1.98538,587.936,15.5551,76.812,4.40904
-3.19606,557.418,12.0168,61.4931,3.71307
-3.41162,550.361,11.762,60.2811,3.68778
-2.25401,530.935,11.887,60.4275,3.82668
1.03887,545.805,13.9182,69.1684,4.26784
-4.08887,548.075,11.3965,58.6901,3.60996
1.27177,553.675,14.2478,70.6949,4.30193
-2.30037,576.281,12.8783,65.4881,3.82097
-3.18266,518.041,11.1739,57.1746,3.71465
-2.58818,562.499,12.4262,63.3168,3.78579
-2.48399,511.87,11.3551,57.8167,3.79847
-1.71926,532.864,12.1876,61.7248,3.89351
-3.00444,515.573,11.2008,57.2399,3.73577
-1.08871,548.014,12.8523,64.8069,3.97458
0.790437,579.033,14.6229,72.7927,4.23193
-1.21626,512.522,11.9592,60.357,3.95797
0.684904,504.694,12.693,63.231,4.21681
-1.07318,562.619,13.2029,66.5679,3.9766
-0.0245232,571.802,13.9859,70.0091,4.1173
-0.498445,593.616,14.2507,71.5669,4.0528
-4.83139,570.79,11.5157,59.6204,3.5274
-4.90227,597.21,12.0139,62.2316,3.51966
-1.79009,519.564,11.8499,60.0442,3.88455
0.753816,507.824,12.8062,63.7652,4.22667
-1.99904,567.477,12.8353,65.1317,3.85833
-0.245692,595.08,14.4291,72.3368,4.087
1.05391,539.212,13.7582,68.3661,4.27003
-4.72305,555.595,11.2588,58.2448,3.53927
-2.13161,523.341,11.7745,59.8041,3.84183
-2.03132,531.917,12.0155,60.9855,3.8543
-0.49594,579.387,13.9105,69.8571,4.05313
-3.95564,587.035,12.2728,63.1426,3.62507
1.20414,579.379,14.87,73.8157,4.29199
-3.59696,532.377,11.2928,57.9527,3.66623
-4.176,546.078,11.3149,58.3062,3.60012
-0.744755,507.594,12.0676,60.7061,4.01987
-3.6273,534.348,11.3207,58.1084,3.66273
-4.89811,580.233,11.6744,60.471,3.52012
-4.28807,515.085,10.6243,54.7911,3.58753
-2.98789,555.155,12.0687,61.6682,3.73774
-0.351632,537.133,12.9697,65.068,4.07261
-0.0563743,557.763,13.6254,68.2195,4.11291
-4.10835,537.089,11.1593,57.4763,3.60776
1.74979,510.524,13.384,66.1957,4.37323
-0.244447,523.81,12.7016,63.6759,4.08717
-1.60746,590.707,13.5709,68.677,3.9077
1.91938,511.977,13.5108,66.7467,4.39896
-4.26258,583.485,12.0476,62.1201,3.59039
1.29694,587.066,15.1219,75.0191,4.30564
1.34755,507.123,13.0885,64.9094,4.31312
-0.0507789,570.857,13.9484,69.8338,4.11368
1.78815,572.335,15.0269,74.3018,4.37903
0.171821,565.774,13.9457,69.7143,4.14448
-4.91404,590.969,11.8827,61.5569,3.51838
-3.40164,591.677,12.65,64.828,3.68894
-3.73384,531.618,11.2145,57.6067,3.65045
0.476613,568.141,14.1726,70.7016,4.18722
1.30792,549.007,14.1476,70.1806,4.30726
-2.02149,589.587,13.3234,67.6194,3.85553
1.56113,565.741,14.7233,72.9118,4.34488
-0.459121,547.608,13.1667,66.1049,4.05809
-2.36684,571.845,12.7453,64.8415,3.8128
-3.18121,579.85,12.5078,63.9993,3.71482
-1.69935,530.909,12.1526,61.5387,3.89603
0.363837,549.272,13.6414,68.1041,4.17133
-4.32125,527.491,10.8655,56.0485,3.58382
-3.50957,511.767,10.894,55.8715,3.67637
-4.63661,552.891,11.2435,58.1297,3.54878
-2.63255,545.91,12.0383,61.3593,3.78041
1.86051,517.029,13.613,67.2781,4.39
-4.9527,584.802,11.7401,60.8354,3.51417
-1.1743,525.289,12.2776,61.9456,3.96342
0.307631,500.841,12.4112,61.986,4.16344
1.39863,577.09,14.9239,73.9863,4.32068
-3.97936,593.431,12.3946,63.7801,3.62237
-4.85867,579.819,11.6849,60.508,3.52442
-1.39639,582.921,13.505,68.2432,3.9347
-0.350814,549.263,13.263,66.5392,4.07272
-1.63835,595.215,13.6577,69.1309,3.90377
-2.73995,575.915,12.6454,64.5021,3.76744
-4.4407,504.556,10.3427,53.3976,3.57049
1.33747,506.326,13.0628,64.7863,4.31163
-2.83157,598.518,13.0934,66.8305,3.75642
-3.2617,585.913,12.5977,64.4959,3.70534
0.934417,521.403,13.2418,65.8535,4.25268
-2.51906,599.376,13.2776,67.6222,3.7942
0.554502,597.835,14.9589,74.5847,4.19825
-4.07928,526.899,10.9605,56.4406,3.61104
-1.12877,501.939,11.753,59.2803,3.96935
1.20474,522.941,13.4218,66.6266,4.29208
-0.812074,524.305,12.4317,62.5668,4.01095
-3.59966,580.48,12.3118,63.1832,3.66592
-3.60154,559.325,11.8622,60.8768,3.6657
1.24986,571.875,14.7036,72.9672,4.29871
-4.09987,520.094,10.8099,55.6734,3.60871
-2.5425,524.598,11.6102,59.1398,3.79134
0.936847,597.353,15.1721,75.452,4.25304
0.541961,525.739,13.1485,65.5636,4.19647
-0.89605,577.427,13.6459,68.717,3.99985
-1.69175,507.698,11.6248,58.8629,3.89699
-4.2645,536.58,11.0782,57.1227,3.59017
-2.24801,594.235,13.3074,67.6451,3.82742
-1.64865,504.364,11.5683,58.5592,3.90246
1.8734,532.475,14.0267,69.3166,4.39196
-2.57025,535.796,11.8449,60.3468,3.78797
1.55477,506.685,13.1831,65.2873,4.34393
1.06583,529.516,13.5171,67.1625,4.27177
-4.60563,554.662,11.2938,58.3766,3.5522
1.9092,596.211,15.7275,77.703,4.39741
-3.04962,563.242,12.2142,62.4385,3.7304
-4.9216,539.954,10.8536,56.2288,3.51756
-1.09604,535.135,12.5466,63.2686,3.97362
-1.50717,539.821,12.4514,62.968,3.92049
-3.72798,594.307,12.5398,64.4122,3.65112
0.147708,588.793,14.4994,72.494,4.14113
-2.08323,597.952,13.4792,68.4393,3.84784
-4.06846,589.053,12.2588,63.1214,3.61227
-0.217707,573.579,13.923,69.7867,4.09082
0.0549222,515.644,12.6518,63.2966,4.12826
0.411395,522.357,12.9972,64.8668,4.17802
-4.51915,595.052,12.1589,62.8094,3.56177
-0.696347,567.829,13.5255,68.0173,4.02631
0.250647,504.555,12.4753,62.3303,4.15547
-0.000266538,574.596,14.0677,70.4067,4.12064
1.80995,539.045,14.1648,70.0291,4.38233
0.687588,581.105,14.6163,72.8105,4.21719
-0.703607,524.051,12.4791,62.7585,4.02535
1.13187,559.535,14.3202,71.1215,4.28141
-1.71126,534.575,12.2307,61.9393,3.89452
-2.37964,580.709,12.9362,65.8188,3.81123
-3.53704,501.762,10.6692,54.7291,3.67318
-1.99966,580.271,13.1243,66.5988,3.85825
1.34314,576.971,14.8886,73.8389,4.31246
-0.205982,563.339,13.6808,68.567,4.09242
-3.94494,598.004,12.5075,64.3454,3.62629
1.22953,585.115,15.0321,74.6076,4.29572
-4.87669,549.595,11.0676,57.3192,3.52245
0.00100408,583.247,14.2802,71.4697,4.12082
-1.18237,510.984,11.9394,60.2428,3.96237
-3.99103,559.037,11.6707,60.0601,3.62105
-1.28127,532.68,12.3976,62.5974,3.94955
0.561107,567.809,14.2113,70.8539,4.19918
-3.68322,501.65,10.604,54.451,3.65627
-2.44252,571.531,12.6997,64.6441,3.80354
1.90093,553.187,14.5878,72.0765,4.39615
-0.213621,557.996,13.547,67.8998,4.09138
-1.58394,547.381,12.5873,63.6891,3.91069
-3.37971,570.598,12.2102,62.5641,3.6915
-4.61629,536.58,10.9209,56.4533,3.55103
-4.50951,528.362,10.8004,55.7881,3.56284
1.76115,594.966,15.6047,77.1729,4.37495
-3.14885,543.449,11.7379,60.0462,3.71864
1.23308,567.557,14.583,72.3771,4.29624
-1.52362,522.287,12.0391,60.8899,3.91839
1.92508,504.038,13.3042,65.7237,4.39983
-1.45365,582.217,13.458,68.0328,3.92735
-3.49488,542.726,11.5599,59.2804,3.67808
0.713525,509.586,12.8304,63.903,4.2209
-3.86307,595.292,12.4921,64.229,3.63563
-4.77166,508.099,10.2759,53.1788,3.53394
-0.0997456,575.907,14.0447,70.3395,4.10696
-4.11376,525.127,10.9083,56.186,3.60714
-4.04663,516.867,10.766,55.4265,3.61474
-0.523928,565.111,13.5528,68.0738,4.04937
-4.59464,582.407,11.864,61.3193,3.55342
-2.91596,591.093,12.8872,65.8171,3.74632
-3.71356,502.776,10.6147,54.5181,3.65278
0.818497,507.642,12.8341,63.8758,4.23596
-3.67328,544.815,11.521,59.156,3.65742
-1.338,539.129,12.5194,63.2374,3.94222
-2.12348,511.38,11.5091,58.453,3.84283
-4.50038,566.109,11.5764,59.792,3.56386
-2.56264,573.298,12.6778,64.587,3.7889
0.512214,580.298,14.4961,72.2978,4.19225
-1.74142,580.481,13.265,67.1916,3.8907
-2.01279,524.412,11.8547,60.1617,3.85661
-0.626036,589.563,14.0823,70.783,4.03569
-3.18702,545.305,11.7599,60.175,3.71413
0.988191,502.622,12.7917,63.5919,4.26048
-0.423593,539.874,12.9989,65.2468,4.06288
-0.135637,579.913,14.1224,70.746,4.10204
-2.35016,575.457,12.8343,65.287,3.81485
-2.91398,521.196,11.3642,58.038,3.74655
0.196703,579.81,14.3057,71.5016,4.14794
-4.88868,535.78,10.7842,55.8559,3.52114
-2.93134,558.622,12.1717,62.1698,3.74448
-2.41331,557.693,12.4067,63.1398,3.80711
-3.75229,546.385,11.5174,59.1703,3.64832
-1.95438,590.131,13.3715,67.8315,3.86391
-1.03525,561.239,13.1904,66.4871,3.98157
-1.59504,580.779,13.3494,67.5504,3.90928
0.549193,577.392,14.4444,72.0219,4.19749
-2.89628,526.312,11.4839,58.6421,3.74867
1.44843,513.854,13.3144,65.9849,4.32807
-4.62162,555.41,11.3017,58.424,3.55044
-1.75019,564.877,12.9039,65.3665,3.88959
1.00193,519.492,13.2281,65.7553,4.26247
-4.07484,558.975,11.6298,59.8855,3.61155
-2.14154,551.757,12.4089,63.0307,3.84059
-0.793974,505.243,11.9883,60.3277,4.01335
-0.318054,552.287,13.3533,66.977,4.07717
-2.23098,531.673,11.9145,60.5574,3.82953
1.31283,592.149,15.2622,75.7074,4.30799
0.368465,518.358,12.876,64.2806,4.17198
0.525461,530.249,13.2527,66.0906,4.19413
-3.29771,584.639,12.5521,64.2786,3.70111
-3.80214,509.693,10.7223,55.1051,3.6426
-3.37623,502.4,10.7523,55.0928,3.69191
-2.11645,506.702,11.407,57.9316,3.84371
-3.13836,578.704,12.5047,63.9638,3.71988
-1.11656,582.61,13.6485,68.8353,3.97094
-2.33357,510.297,11.3886,57.9261,3.81689
-2.87401,596.717,13.0318,66.5358,3.75133
0.848989,550.788,13.9415,69.3731,4.24035
0.956636,599.45,15.2372,75.7652,4.2559
-0.265079,568.495,13.7739,69.0615,4.08436
-0.274656,535.487,12.9693,65.0314,4.08306
1.91084,525.976,13.8756,68.553,4.39766
-2.30344,546.622,12.214,62.1114,3.82059
-2.13374,556.121,12.5109,63.5455,3.84156
-1.34744,599.56,13.9175,70.304,3.94101
-2.95776,518.666,11.2891,57.6725,3.74133
-2.89268,526.319,11.4857,58.6499,3.7491
-4.39485,541.188,11.1143,57.3623,3.57559
-2.55747,544.774,12.0495,61.384,3.78952
-0.283208,577.533,13.9829,70.1181,4.0819
-2.83587,500.806,10.9539,55.912,3.75591
1.55807,544.319,14.1641,70.1441,4.34442
-1.77555,546.615,12.4741,63.2006,3.88639
-3.53178,546.663,11.6264,59.6371,3.67379
-0.53363,589.37,14.1292,70.9736,4.04807
-3.81364,538.092,11.3144,58.1531,3.64129
-3.33206,581.481,12.467,63.8585,3.69708
-3.43901,571.759,12.2058,62.5678,3.68458
-4.28026,503.279,10.3841,53.5493,3.58841
1.78172,517.908,13.5945,67.2222,4.37806
1.25769,547.371,14.0778,69.8582,4.29986
0.0128775,516.686,12.6564,63.3379,4.12246
-3.51574,556.418,11.8415,60.7337,3.67565
-1.82977,507.791,11.5631,58.607,3.87955
-2.83064,581.775,12.7276,64.9631,3.75653
-4.80116,588.42,11.8861,61.5244,3.53071
-2.58263,592.455,13.0909,66.701,3.78647
1.71,575.698,15.0693,74.551,4.36723
0.754154,575.948,14.5244,72.32,4.22672
0.248849,500.709,12.3793,61.8515,4.15522
-2.57348,567.058,12.5343,63.861,3.78758
1.56324,550.577,14.3298,70.9622,4.34519
-2.65553,503.688,11.097,56.5706,3.77763
-0.693763,566.174,13.4875,67.8248,4.02666
-1.90139,531.279,12.0635,61.1735,3.87055
-1.24615,586.681,13.6734,69.0226,3.9541
-1.2755,582.626,13.5631,68.4796,3.9503
-1.61,599.961,13.7821,69.7471,3.90737
-2.72631,502.841,11.0469,56.3433,3.76908
-0.471933,581.196,13.9672,70.1301,4.05636
-1.8101,536.418,12.2246,61.9511,3.88203
-2.67383,591.276,13.0172,66.3677,3.77542
-2.74931,565.375,12.4093,63.3021,3.76631
-3.56724,571.012,12.1269,62.2199,3.66968
-4.27939,558.494,11.5237,59.426,3.5885
-2.40959,580.123,12.9076,65.6873,3.80756
-1.99119,501.589,11.3486,57.5843,3.85931
-3.49552,500.666,10.6637,54.6851,3.678
-4.48231,512.545,10.4887,54.1674,3.56586
-3.03775,549.723,11.9267,60.9638,3.73181
-1.94576,508.068,11.516,58.4155,3.86499
-3.89309,593.033,12.4296,63.9211,3.6322
-2.1799,542.392,12.1796,61.8826,3.83584
-2.16167,588.216,13.2182,67.151,3.8381
1.32389,557.248,14.3689,71.2707,4.30962
-4.40248,593.846,12.192,62.9277,3.57474
-3.3155,550.547,11.8117,60.4946,3.69902
-1.428,585.181,13.5403,68.4368,3.93064
-1.39263,545.467,12.6391,63.8662,3.93519
1.36886,579.897,14.9791,74.2751,4.31627
0.029168,591.558,14.4997,72.5545,4.1247
1.10509,595.34,15.2207,75.6073,4.27749
-4.32271,563.634,11.6093,59.886,3.58365
1.62521,561.61,14.6522,72.5287,4.35448
-2.23374,548.791,12.2967,62.5014,3.82919
-2.78264,511.667,11.2155,57.2255,3.7623
-2.72024,557.906,12.2597,62.5259,3.76982
0.474102,509.228,12.7017,63.365,4.18686
0.603188,521.269,13.068,65.1351,4.20516
0.88134,590.742,14.9717,74.4832,4.24501
-0.54099,542.889,13.0111,65.3604,4.04708
-0.530237,557.099,13.3573,67.0948,4.04852
-2.9164,519.064,11.3166,57.7959,3.74626
0.404874,583.995,14.5271,72.5057,4.1771
-0.453154,502.267,12.0793,60.6433,4.05889
-2.61038,515.676,11.3817,58.0036,3.7831
-0.542524,593.898,14.2327,71.498,4.04687
-2.15771,598.836,13.459,68.3724,3.83859
-4.52217,512.029,10.4612,54.0407,3.56144
0.146612,522.886,12.8758,64.377,4.14097
0.238099,550.369,13.6013,67.9622,4.15372
-4.12204,574.578,11.9316,61.4601,3.60621
-4.2252,558.258,11.5442,59.5087,3.59459
-3.87236,562.012,11.7893,60.6194,3.63457
0.304353,524.862,13.0048,64.952,4.16298
-4.29723,579.106,11.9403,61.5824,3.58651
0.806789,570.016,14.4044,71.697,4.23428
-3.93543,528.891,11.0662,56.927,3.62737
-4.37952,550.264,11.3078,58.3543,3.5773
-4.11782,571.385,11.8673,61.1271,3.60669
-2.36633,563.956,12.5697,63.9481,3.81287
-3.72909,537.71,11.3451,58.276,3.65099
0.971041,577.926,14.6983,73.0788,4.25799
-0.130404,569.837,13.8799,69.5286,4.10275
1.82371,579.027,15.2236,75.2566,4.38442
-1.04243,516.85,12.1437,61.2142,3.98063
-1.32364,572.323,13.2978,67.1626,3.94408
-2.47583,536.41,11.9034,60.6049,3.79947
-4.24626,586.662,12.1212,62.4924,3.59222
0.428556,536.95,13.3693,66.716,4.18043
-4.79706,547.881,11.069,57.2935,3.53115
-4.01436,521.33,10.8732,55.9654,3.6184
-2.06341,587.853,13.262,67.3274,3.8503
1.93887,540.677,14.279,70.5325,4.40194
-3.37714,515.614,11.0347,56.5401,3.6918
-0.0296909,529.509,12.9488,64.8201,4.11659
-2.06162,515.513,11.6308,59.0457,3.85052
-0.370276,526.142,12.695,63.6977,4.07009
-4.49764,547.872,11.2047,57.8712,3.56416
-4.56563,500.028,10.1979,52.6972,3.55663
1.08026,596.78,15.2427,75.7294,4.27387
-2.02001,563.695,12.7391,64.6529,3.85571
-3.062,588.767,12.7613,65.2413,3.72893
1.96023,542.523,14.3396,70.8218,4.4052
-4.95124,521.836,10.4767,54.2879,3.51433
1.6633,575.088,15.0261,74.3603,4.3602
-3.54402,527.622,11.2159,57.5364,3.67237
-0.497642,527.259,12.6581,63.5685,4.0529
-0.856465,508.881,12.0448,60.6382,4.00508
-3.89126,508.794,10.6648,54.8446,3.63241
-2.39987,564.691,12.5692,63.9604,3.80876
-1.19119,538.2,12.5709,63.433,3.96123
-1.11571,548.357,12.8466,64.7902,3.97105
-2.429,570.927,12.6932,64.6046,3.80519
-4.9158,571.765,11.4957,59.5531,3.51819
-1.4105,532.062,12.3197,62.2602,3.93289
-3.85342,565.925,11.8805,61.0801,3.63673
0.425007,574.941,14.3132,71.4282,4.17993
-2.43291,552.944,12.2914,62.5616,3.80471
-1.66198,550.231,12.6136,63.8567,3.90077
1.25512,532.238,13.6873,67.9213,4.29948
-2.98241,530.586,11.5371,58.9497,3.73839
-0.245139,551.697,13.3774,67.0644,4.08708
-4.65513,517.894,10.5239,54.4164,3.54674
0.86587,572.875,14.5101,72.1943,4.24278
-3.00913,531.298,11.5402,58.9765,3.73521
-4.7268,564.964,11.4469,59.2195,3.53886
0.855427,514.942,13.0374,64.8717,4.24128
-1.79198,574.01,13.0907,66.3321,3.88432
-2.17857,581.733,13.0637,66.3739,3.83601
0.671617,596.533,14.995,74.705,4.21491
0.653965,593.313,14.9037,74.2594,4.2124
0.384485,531.57,13.2125,65.9533,4.17423
-1.96468,553.523,12.5368,63.6021,3.86262
0.926288,576.708,14.6417,72.8194,4.25151
-0.283545,565.557,13.6928,68.6634,4.08185
-4.27596,581.954,12.0095,61.9294,3.58889
0.253705,570.719,14.1129,70.5109,4.1559
1.20921,539.452,13.848,68.7401,4.29273
-2.01378,501.62,11.339,57.545,3.85649
0.00128249,562.453,13.7712,68.9222,4.12086
-4.29966,550.694,11.3534,58.5563,3.58623
-0.971541,588.564,13.8675,69.8697,3.98992
-1.01535,559.983,13.1712,66.3815,3.98417
-1.54219,547.93,12.6209,63.8405,3.91602
-1.71881,589.67,13.4871,68.306,3.89356
-2.27614,501.018,11.2073,56.9809,3.82395
1.89866,529.969,13.9743,69.0464,4.39581
1.64264,520.44,13.5873,67.2495,4.35709
-0.195938,569.824,13.8438,69.379,4.09379
0.886949,594.285,15.0648,74.9435,4.24582
-2.51592,529.592,11.7332,59.7553,3.79458
-3.4614,593.66,12.6619,64.916,3.68197
1.38156,521.809,13.4853,66.8622,4.31815
-3.64327,566.913,12.0029,61.617,3.66088
-2.78638,586.27,12.8488,65.561,3.76185
-1.8959,528.695,12.0074,60.887,3.87124
-4.45553,552.987,11.3287,58.4939,3.56884
-2.31269,573.215,12.8035,65.1131,3.81946
-2.86602,590.812,12.907,65.8948,3.75229
1.00155,557.944,14.2071,70.6217,4.26242
-4.65159,578.532,11.7578,60.795,3.54713
-3.25331,521.669,11.2202,57.4401,3.70632
-4.12684,564.301,11.7159,60.351,3.60567
1.07949,521.581,13.3216,66.1853,4.27376
-4.13025,518.27,10.7587,55.4218,3.60528
-0.295356,577.487,13.9751,70.0847,4.08025
0.905529,523.912,13.2905,66.1087,4.24851
0.719811,584.907,14.7305,73.3634,4.2218
-1.79168,537.582,12.2601,62.1231,3.88435
-3.96631,528.929,11.0532,56.8724,3.62386
1.6568,514.341,13.4355,66.4916,4.35922
-3.03533,574.373,12.4627,63.7026,3.73209
-1.14276,580.385,13.5823,68.5136,3.96753
1.83996,591.865,15.5709,76.9653,4.38688
-3.29865,539.169,11.5754,59.2775,3.701
-1.25774,551.109,12.8385,64.813,3.9526
-3.43245,505.508,10.7943,55.33,3.68535
-3.96761,599.176,12.5205,64.4228,3.62371
0.852365,570.966,14.4541,71.9223,4.24084
-4.36585,519.946,10.6907,55.1644,3.57883
-3.9497,552.51,11.5538,59.4409,3.62575
-4.66243,533.863,10.8452,56.0806,3.54594
-3.3127,536.48,11.5112,58.9543,3.69935
-0.642937,502.29,11.9897,60.2718,4.03343
0.573821,541.015,13.5474,67.5382,4.20099
0.779515,537.452,13.567,67.5415,4.23036
0.30626,583.462,14.4578,72.2083,4.16325
0.0195878,513.134,12.5727,62.9161,4.12338
-4.65055,530.494,10.7819,55.7489,3.54725
0.740536,546.377,13.7713,68.5766,4.22477
-2.15559,581.825,13.0778,66.4348,3.83885
1.20252,525.311,13.4814,66.9237,4.29175
1.42962,546.506,14.1501,70.1353,4.32528
0.0614494,540.936,13.2757,66.4153,4.12917
-4.59001,529.254,10.7833,55.7316,3.55393
0.186615,598.737,14.7668,73.8115,4.14654
1.71823,532.954,13.9549,69.034,4.36847
-1.79997,566.607,12.9178,65.4595,3.88331
-3.90911,508.757,10.6563,54.808,3.63037
-1.93183,525.811,11.9248,60.4833,3.86674
1.08464,571.327,14.5951,72.5098,4.27451
-3.63415,576.688,12.2143,62.6984,3.66193
-0.152029,563.629,13.717,68.7228,4.09979
-4.49669,573.32,11.7256,60.5611,3.56426
-3.05149,569.832,12.3561,63.1651,3.73017
0.0581143,585.956,14.3788,71.935,4.12871
-0.80738,551.571,13.0807,65.8306,4.01157
-2.67061,581.879,12.812,65.3199,3.77581
-1.84268,543.841,12.3777,62.7411,3.87793
-2.31735,579.586,12.9434,65.8267,3.81888
-4.58867,576.562,11.7478,60.716,3.55408
-0.394448,505.946,12.1961,61.2046,4.06682
0.264368,507.9,12.5648,62.7714,4.15739
1.85464,586.519,15.4391,76.306,4.38911
-3.98584,565.736,11.813,60.7903,3.62164
0.525984,550.522,13.7597,68.6187,4.1942
1.17319,538.889,13.8141,68.5886,4.28745
-1.73809,518.766,11.8563,60.0545,3.89112
1.08104,542.153,13.8479,68.7992,4.27398
-2.24718,523.785,11.7301,59.6271,3.82753
-4.59234,505.754,10.3035,53.2529,3.55367
-4.43124,544.296,11.1617,57.6215,3.57154
-0.725666,555.545,13.2176,66.4822,4.02241
-0.214515,548.742,13.3218,66.7717,4.09125
0.526367,559.455,13.9832,69.733,4.19426
-4.94287,537.143,10.7877,55.896,3.51524
-3.65346,529.77,11.2119,57.5604,3.6597
-4.29141,574.797,11.8543,61.1361,3.58716
-1.59587,578.519,13.297,67.2856,3.90917
-0.79226,526.475,12.493,62.8664,4.01357
-0.127177,587.961,14.3231,71.7476,4.1032
-4.95577,535.038,10.7398,55.6528,3.51384
-4.97012,500.894,10.0485,52.0762,3.51228
-0.938325,500.619,11.8109,59.4941,3.99429
-1.11311,552.673,12.949,65.3056,3.97139
-0.108836,575.931,14.0402,70.3215,4.10571
1.36147,553.278,14.2874,70.8487,4.31518
-2.80249,599.169,13.123,66.9677,3.75991
-0.508006,590.993,14.1824,71.2285,4.05151
-4.24926,571.09,11.798,60.8276,3.59189
1.51006,533.751,13.8632,68.676,4.33725
0.649746,548.875,13.7852,68.6881,4.21179
1.50498,520.822,13.5247,67.0015,4.33649
0.474487,562.519,14.0312,69.9971,4.18692
-0.303778,539.069,13.041,65.4044,4.0791
-2.95588,573.901,12.4923,63.8183,3.74155
-0.909816,594.963,14.0526,70.7721,3.99804
0.339178,585.908,14.5372,72.5884,4.16786
-2.65169,594.145,13.092,66.7386,3.7781
-4.82426,584.91,11.804,61.11,3.52818
-0.575598,534.505,12.7927,64.2785,4.04244
-4.75166,569.155,11.5201,59.609,3.53613
-3.04773,528.978,11.472,58.6438,3.73062
0.59186,568.244,14.2393,70.9788,4.20355
-3.50338,572.064,12.1806,62.4672,3.67709
-2.75579,559.436,12.2758,62.6237,3.76553
1.26163,514.402,13.2319,65.6589,4.30044
0.812684,598.892,15.1376,75.3434,4.23512
-3.01907,514.11,11.1624,57.0498,3.73403
-3.75096,583.844,12.3076,63.2298,3.64848
-2.47815,545.942,12.1138,61.6771,3.79919
-3.45771,591.052,12.6081,64.6388,3.6824
0.00284418,575.622,14.0945,70.5395,4.12107
-3.77089,513.309,10.812,55.5539,3.64619
-2.10906,550.373,12.3938,62.94,3.84463
1.32088,578.148,14.9061,73.9366,4.30918
-3.97317,598.169,12.4967,64.3026,3.62308
-2.42769,557.064,12.3856,63.0387,3.80535
-1.33294,595.205,13.8244,69.8265,3.94288
-3.80315,550.71,11.5847,59.5377,3.64249
-3.44848,549.29,11.7216,60.09,3.68348
-1.41135,509.006,11.7855,59.5606,3.93278
-3.8285,552.605,11.6126,59.692,3.63959
-1.94127,564.443,12.7961,64.9069,3.86555
-1.58901,532.159,12.2348,61.9077,3.91005
0.0428014,503.705,12.353,61.8067,4.12659
1.54576,547.712,14.2455,70.5533,4.34258
-0.684757,590.996,14.0838,70.8192,4.02786
-4.2247,582.599,12.0478,62.1044,3.59464
-4.0585,583.097,12.1397,62.5039,3.6134
0.387426,597.249,14.8467,74.1094,4.17464
-4.40122,586.148,12.0346,62.1146,3.57489
-3.95947,520.375,10.8774,55.9653,3.62464
-4.42737,591.013,12.1216,62.5753,3.57197
-1.42474,588.565,13.6203,68.8399,3.93106
-1.9876,529.291,11.9771,60.7719,3.85976
-3.00206,504.712,10.9658,56.0384,3.73605
-0.534734,594.764,14.2579,71.6205,4.04792
-3.19438,510.357,11.003,56.3046,3.71327
-0.251545,500.282,12.1276,60.8017,4.08621
-1.8905,517.1,11.7466,59.5623,3.87192
1.02291,543.1,13.8406,68.7901,4.26552
-2.35675,529.008,11.7953,60.0042,3.81404
-2.96405,587.482,12.7837,65.3108,3.74058
-0.992828,595.954,14.0298,70.6977,3.98713
-0.503372,568.124,13.6361,68.4826,4.05213
-3.45652,529.355,11.2926,57.8937,3.68254
-0.477904,517.336,12.4296,62.4123,4.05556
-4.31265,502.859,10.3617,53.4466,3.58478
-4.92167,568.92,11.4358,59.245,3.51755
-3.13154,543.467,11.7465,60.0827,3.72069
-4.02793,568.248,11.8452,60.9744,3.61686
-0.814894,559.29,13.2598,66.7354,4.01057
-4.93635,588.055,11.8133,61.2075,3.51595
-2.89712,558.005,12.175,62.1717,3.74857
-2.79602,513.587,11.2515,57.4147,3.76069
-1.80762,570.068,12.9927,65.8427,3.88234
-0.236151,531.925,12.9026,64.6798,4.0883
-1.00374,597.495,14.06,70.8552,3.98569
-2.94527,589.791,12.8437,65.6084,3.74282
-2.15618,565.942,12.7204,64.6199,3.83878
-0.677201,529.396,12.6196,63.4533,4.02886
-3.05342,551.165,11.9504,61.092,3.72994
-3.6029,542.578,11.5064,59.0515,3.66555
0.731504,515.151,12.9797,64.6385,4.22348
-3.02977,523.512,11.3616,58.0724,3.73275
-1.93335,551.136,12.4984,63.3932,3.86654
-3.25059,524.944,11.2919,57.8059,3.70664
-1.21428,599.513,13.9902,70.606,3.95823
1.04855,599.084,15.2827,75.9441,4.26925
-4.45103,510.31,10.4563,53.9877,3.56934
-4.37636,591.309,12.1528,62.7137,3.57766
1.82397,590.414,15.5231,76.7371,4.38446
-4.86922,587.608,11.8367,61.2991,3.52327
-2.13451,531.712,11.9614,60.7549,3.84147
1.45613,519.649,13.4686,66.7455,4.32922
-0.59879,594.437,14.214,71.4317,4.03933
-2.97887,542.386,11.7954,60.2678,3.73881
-3.16666,500.378,10.7999,55.2545,3.71654
-3.07884,537.362,11.6392,59.5118,3.72693
-4.60214,567.658,11.56,59.7513,3.55259
-1.56931,525.906,12.1005,61.2198,3.91256
-3.04914,530.258,11.4991,58.783,3.73045
0.0587021,556.525,13.6569,68.3232,4.12879
0.199922,542.527,13.3875,66.9108,4.14839
-0.332775,592.283,14.312,71.7928,4.07517
-1.18302,501.134,11.7089,59.0802,3.96229
-3.22347,525.526,11.3168,57.9222,3.70984
-4.87818,587.019,11.8206,61.2192,3.52229
-4.50649,566.337,11.5781,59.8039,3.56318
1.98228,571.166,15.1096,74.6137,4.40857
-2.482,595.871,13.2196,67.3092,3.79872
-2.26492,589.897,13.2013,67.1139,3.82534
-3.04711,504.509,10.9416,55.9323,3.73069
-0.459683,567.9,13.6543,68.5532,4.05801
0.897054,580.95,14.7326,73.2857,4.24728
-0.141367,553.687,13.4807,67.534,4.10125
0.04888,539.303,13.2291,66.1878,4.12743
1.53237,569.608,14.8073,73.3422,4.34058
-2.10177,553.651,12.4713,63.3301,3.84553
0.244197,550.243,13.6015,67.9601,4.15457
-0.90412,542.375,12.8134,64.5287,3.99879
-0.742165,578.718,13.7599,69.2179,4.02022
-0.115568,524.37,12.7799,64.0119,4.10479
-4.95168,574.693,11.5377,59.7859,3.51429
1.86446,518.175,13.6452,67.4358,4.3906
-3.5691,528.165,11.2161,57.5475,3.66946
-0.798622,567.43,13.4614,67.7428,4.01273
-3.40911,514.68,11.0005,56.3776,3.68807
1.04032,555.725,14.172,70.4289,4.26805
-1.75114,586.612,13.3999,67.8796,3.88947
0.806398,564.975,14.2768,71.062,4.23422
-2.09071,528.734,11.9153,60.502,3.84691
0.27517,537.798,13.3101,66.4899,4.1589
-3.8814,584.453,12.2556,63.0209,3.63354
-2.2237,510.661,11.447,58.1781,3.83043
0.977438,585.366,14.8913,74.0348,4.25892
-4.63509,593.661,12.0734,62.4194,3.54895
-1.11518,503.364,11.7927,59.4751,3.97112
1.86212,519.204,13.6711,67.5645,4.39025
0.105791,583.609,14.348,71.7579,4.13531
1.36952,574.823,14.8485,73.6267,4.31637
1.13777,521.481,13.3494,66.2971,4.28227
-3.0772,538.952,11.6744,59.6912,3.72712
-2.72967,521.391,11.4529,58.4153,3.76868
-3.74531,528.874,11.1514,57.2874,3.64913
-4.32748,530.727,10.9294,56.3806,3.58312
1.48487,525.887,13.6455,67.6093,4.3335
1.50518,559.103,14.5189,71.9266,4.33652
0.502688,542.504,13.5469,67.5683,4.1909
-0.427964,596.963,14.371,72.1361,4.06229
-1.09452,563.433,13.2108,66.6176,3.97382
0.315254,504.063,12.4948,62.4001,4.16451
-1.24404,516.007,12.0273,60.712,3.95437
-2.00411,531.908,12.0283,61.0391,3.85769
0.0408452,502.012,12.3105,61.595,4.12632
-2.71286,514.183,11.3022,57.6399,3.7707
-3.05004,512.927,11.1228,56.86,3.73035
-0.823497,527.518,12.5023,62.9267,4.00944
1.16914,518.26,13.2832,65.9543,4.28686
-2.98745,525.689,11.4283,58.3959,3.73779
-0.433028,535.883,12.898,64.7445,4.06161
0.445996,516.435,12.8673,64.2034,4.18289
-4.16156,553.585,11.4772,59.1363,3.60175
-1.904,513.896,11.6675,59.1669,3.87022
1.24123,563.882,14.4932,71.9273,4.29744
-4.47857,508.742,10.4125,53.7722,3.56628
-2.42139,520.65,11.5789,58.9302,3.80612
-3.43425,529.309,11.3017,57.9316,3.68513
1.8841,578.302,15.2402,75.3081,4.39359
0.947209,592.52,15.0555,74.8665,4.25454
-4.28556,526.38,10.8584,55.9974,3.58781
-2.47303,520.924,11.5611,58.8607,3.79981
-4.92324,555.827,11.1719,57.8785,3.51738
0.907626,518.086,13.1438,65.3779,4.24881
-4.67048,592.015,12.0226,62.1725,3.54505
-1.82091,566.886,12.9134,65.4466,3.88067
-3.50638,517.569,11.0189,56.5109,3.67674
-0.636377,510.659,12.1926,61.2891,4.03431
1.06842,517.519,13.2122,65.6464,4.27214
-0.0368289,593.36,14.5062,72.6195,4.1156
-1.43395,592.879,13.7151,69.3234,3.92988
-1.09807,545.416,12.7866,64.4799,3.97335
0.52473,577.096,14.4231,71.9279,4.19403
-4.4592,598.353,12.2562,63.2849,3.56843
0.284419,584.493,14.471,72.2846,4.16019
-1.3968,534.157,12.375,62.5335,3.93465
-2.90633,508.601,11.093,56.6498,3.74747
-0.773374,525.186,12.4717,62.7512,4.01608
-3.21975,563.327,12.1326,62.0962,3.71027
1.28076,573.694,14.7681,73.2722,4.30326
-3.60528,558.092,11.8343,60.7351,3.66527
-3.20742,598.678,12.9004,66.02,3.71173
-1.8836,577.952,13.1326,66.5866,3.87278
1.36186,504.429,13.0262,64.5943,4.31523
1.11064,534.993,13.6808,67.9555,4.2783
-3.49601,536.903,11.4353,58.6422,3.67794
-1.82434,568.151,12.9404,65.5853,3.88024
-3.29561,539.886,11.5922,59.3623,3.70135
0.588908,560.567,14.0453,70.0132,4.20313
1.91985,511.24,13.4916,66.6516,4.39903
-2.11425,506.401,11.4013,57.9015,3.84398
-0.309628,519.655,12.5685,63.0369,4.07831
-2.63296,556.336,12.2681,62.5304,3.78036
1.09089,532.006,13.5939,67.533,4.27542
-1.689,586.574,13.4323,68.014,3.89734
1.09044,557.241,14.2385,70.7353,4.27535
-3.01152,580.653,12.611,64.4501,3.73492
-1.03706,598.83,14.0728,70.9361,3.98133
0.384946,599.008,14.8889,74.3216,4.17429
-1.53344,500.973,11.5433,58.3862,3.91714
-1.91004,529.078,12.0093,60.9027,3.86947
-1.05509,584.18,13.7187,69.1599,3.97897
-2.82368,597.557,13.0765,66.7407,3.75737
-2.26665,535.176,11.9759,60.8847,3.82512
0.958457,530.972,13.4975,67.1142,4.25617
-2.48549,538.966,11.9555,60.8742,3.79829
-0.966837,594.796,14.017,70.6204,3.99054
-1.10947,579.918,13.5893,68.5331,3.97187
-4.78776,598.33,12.0928,62.5887,3.53217
0.43205,562.232,14.0007,69.8652,4.18093
-0.0279452,578.996,14.16,70.882,4.11683
0.883599,556.841,14.1138,70.214,4.24534
-4.87169,522.811,10.5304,54.5349,3.523
1.47906,528.457,13.7091,67.927,4.33263
-3.5181,508.987,10.8311,55.5522,3.67538
-3.4718,505.772,10.7828,55.2865,3.68076
1.35128,571.851,14.7612,73.203,4.31367
-3.78749,504.539,10.6201,54.5746,3.64428
-4.49424,534.781,10.9385,56.4949,3.56454
0.864604,583.935,14.7895,73.5852,4.2426
-0.246972,509.071,12.3429,61.8791,4.08683
0.0926367,512.404,12.591,62.976,4.13348
0.88156,557.516,14.1298,70.2945,4.24505
1.34952,575.466,14.8535,73.6615,4.31341
-4.76134,554.423,11.2175,58.0473,3.53507
-1.94223,550.998,12.4908,63.3588,3.86543
-3.18844,558.874,12.0519,61.6694,3.71397
-3.63179,595.773,12.6198,64.7784,3.66221
-2.08907,532.595,12.0031,60.947,3.84711
0.247034,525.999,13.0037,64.9718,4.15496
-2.46135,537.516,11.9349,60.7589,3.80124
0.57682,500.607,12.537,62.4999,4.20141
1.92785,542.283,14.3153,70.717,4.40025
0.0445889,584.877,14.3447,71.771,4.12683
-1.05371,583.904,13.713,69.1303,3.97915
1.68558,564.568,14.764,73.0523,4.36355
-1.36787,588.1,13.6404,68.914,3.93837
-4.45439,520.151,10.6565,55.0227,3.56896
-1.43205,531.822,12.3036,62.1882,3.93012
0.81303,504.982,12.7641,63.5299,4.23517
1.8214,510.311,13.4157,66.3206,4.38407
1.60153,546.465,14.244,70.5191,4.35092
1.06283,540.262,13.7898,68.519,4.27133
-4.81545,579.722,11.7035,60.5859,3.52914
0.205583,569.849,14.0648,70.2935,4.14918
-0.940691,592.796,13.9843,70.4431,3.99397
-2.61785,598.233,13.1999,67.273,3.78219
-4.17849,544.343,11.2778,58.1162,3.59984
-0.323217,507.769,12.2744,61.5678,4.07647
-2.83711,500.923,10.9559,55.9228,3.75576
0.565587,503.048,12.5926,62.7818,4.19982
-4.22574,554.249,11.4611,59.0802,3.59453
-1.08691,589.305,13.8216,69.6939,3.97481
-0.591318,567.486,13.5736,68.2097,4.04033
1.60051,544.256,14.1858,70.2318,4.35077
1.70428,550.116,14.3965,71.2251,4.36637
1.06536,544.678,13.9039,69.0846,4.2717
0.744977,561.584,14.157,70.4953,4.22541
-3.75953,512.778,10.8058,55.5176,3.64749
1.00117,585.15,14.8996,74.0642,4.26236
-1.27742,596.245,13.8791,70.076,3.95005
-0.226304,582.821,14.1426,70.8913,4.08965
1.77497,563.598,14.7899,73.1366,4.37704
-4.09255,542.804,11.2852,58.1186,3.60954
-2.03218,593.714,13.4109,68.0686,3.85419
-2.91083,595.19,12.9792,66.2846,3.74693
-2.14965,505.214,11.3584,57.6983,3.83959
-0.65412,549.929,13.121,65.964,4.03194
0.65472,514.793,12.9317,64.4333,4.2125
-3.51307,559.316,11.9045,61.0554,3.67596
-0.665811,594.162,14.1698,71.2425,4.03038
-4.11568,578.674,12.0197,61.9114,3.60693
0.752138,597.955,15.0781,75.0784,4.22643
-2.66922,583.354,12.8451,65.4884,3.77598
0.0146422,525.946,12.8841,64.4767,4.1227
-2.05673,519.137,11.7149,59.4704,3.85113
-4.70876,530.847,10.7635,55.6771,3.54084
0.677825,513.504,12.911,64.32,4.2158
-0.265937,518.965,12.5734,63.0428,4.08425
-1.83166,513.148,11.6842,59.2216,3.87932
-3.04406,513.785,11.1441,56.9664,3.73106
1.54401,506.384,13.1697,65.226,4.34232
-2.82328,541.022,11.8396,60.4271,3.75742
-1.03215,517.575,12.1656,61.3207,3.98197
-2.56674,546.424,12.0815,61.551,3.7884
0.655632,567.551,14.2575,71.0388,4.21263
-4.86852,543.268,10.9439,56.6749,3.52334
0.530964,583.781,14.5938,72.7758,4.19491
-1.4336,538.044,12.4468,62.9125,3.92992
-3.61796,503.349,10.668,54.7545,3.66381
-0.426661,570.66,13.7385,68.9605,4.06247
-0.531955,519.588,12.4571,62.5736,4.04829
-1.17516,595.545,13.9192,70.2286,3.96331
-0.205424,565.79,13.7406,68.8666,4.09249
-4.20196,500.182,10.353,53.3594,3.5972
-2.82063,538.178,11.7786,60.1147,3.75773
-2.08982,574.529,12.9477,65.7441,3.84702
-0.477083,526.712,12.6553,63.5452,4.05567
-3.20988,502.457,10.8259,55.4045,3.71144
-2.96905,571.738,12.4386,63.55,3.73998
1.00082,581.121,14.7968,73.5535,4.26231
-0.763013,573.917,13.6345,68.597,4.01745
-4.2021,575.635,11.9147,61.4084,3.59719
-2.75781,582.994,12.7916,65.2564,3.76529
0.217651,543.148,13.4121,67.026,4.15086
-2.25641,575.435,12.8821,65.4868,3.82639
-2.20677,533.95,11.9771,60.8654,3.83252
-4.19487,590.953,12.2354,63.0579,3.598
-3.90206,535.897,11.228,57.7453,3.63118
-2.49963,511.217,11.3335,57.7131,3.79656
-2.39731,558.768,12.4386,63.2949,3.80907
-3.21755,516.56,11.1263,56.9451,3.71053
-0.654759,579.873,13.8351,69.5544,4.03186
-0.349159,514.354,12.4209,62.3135,4.07295
-1.99545,513.267,11.6108,58.9167,3.85878
-2.95672,584.374,12.7198,64.9811,3.74145
-1.03007,541.432,12.7275,64.1515,3.98224
-0.815554,598.171,14.1812,71.3733,4.01049
-4.8015,534.261,10.7919,55.8609,3.53067
-3.2479,526.101,11.318,57.9385,3.70696
-0.369448,599.211,14.4585,72.5459,4.0702
-1.21501,596.061,13.9092,70.1978,3.95814
0.928323,511.913,12.9977,64.6421,4.2518
-1.99652,577.402,13.0611,66.2764,3.85864
-4.9009,545.288,10.97,56.8237,3.51981
-2.37459,558.436,12.4425,63.3048,3.81185
-0.592437,567.459,13.5723,68.2039,4.04019
-4.78815,542.711,10.9686,56.7699,3.53213
-1.41738,535.33,12.392,62.6286,3.932
-2.8953,542.462,11.8368,60.4435,3.74879
-4.63256,558.25,11.3544,58.7012,3.54923
-3.66694,549.681,11.6269,59.697,3.65815
-3.29263,515.883,11.0782,56.7287,3.7017
-2.26097,547.809,12.2614,62.3336,3.82582
-3.96115,572.222,11.9604,61.538,3.62445
-0.545232,514.556,12.33,61.9408,4.04651
-4.15764,519.036,10.7626,55.4529,3.60219
1.75279,577.224,15.1344,74.8515,4.37368
-3.02883,568.522,12.339,63.0674,3.73287
-0.838308,546.996,12.9563,65.2186,4.00748
-4.72436,547.948,11.1032,57.4406,3.53913
1.39966,561.339,14.5172,71.9693,4.32083
0.467025,508.809,12.6877,63.2984,4.18586
0.972054,562.028,14.2946,71.0709,4.25814
-2.54863,519.924,11.5039,58.601,3.7906
-4.66577,517.611,10.5136,54.3673,3.54557
-3.91273,530.363,11.1073,57.1287,3.62996
-3.93868,562.052,11.7585,60.4896,3.627
-1.76003,534.03,12.1945,61.777,3.88835
-4.06049,554.556,11.5446,59.4405,3.61317
-3.56703,595.863,12.6547,64.9282,3.6697
0.628103,517.58,12.9882,64.7263,4.20871
-0.211915,507.395,12.3193,61.7458,4.09161
0.38087,521.116,12.9508,64.6486,4.17372
1.16982,563.149,14.4341,71.6686,4.28696
-1.81413,572.665,13.0485,66.1286,3.88152
-1.80939,512.459,11.6789,59.1855,3.88212
-0.246422,577.692,14.007,70.2214,4.0869
-1.03353,583.148,13.7062,69.0865,3.98179
1.45994,576.959,14.9562,74.1158,4.32979
1.06215,532.177,13.583,67.492,4.27123
-0.287827,551.226,13.3435,66.9141,4.08127
1.2029,548.294,14.0715,69.8525,4.29181
-1.88571,532.084,12.0893,61.2979,3.87252
-1.57536,596.164,13.7138,69.3847,3.91179
-1.09541,548.259,12.8546,64.8217,3.9737
-2.75288,588.907,12.9239,65.929,3.76588
1.75502,521.216,13.6671,67.5935,4.37402
-2.413,551.074,12.2596,62.3911,3.80715
-4.65825,551.515,11.2057,57.943,3.5464
1.352,581.613,15.0136,74.4543,4.31378
0.46335,587.399,14.6454,73.0666,4.18534
-1.15549,578.036,13.5205,68.2079,3.96587
-4.02727,556.057,11.5914,59.6676,3.61693
0.0545116,504.135,12.3692,61.883,4.12821
0.310647,598.467,14.8322,74.0758,4.16386
-2.93754,512.288,11.1594,57.0015,3.74374
-0.923877,516.422,12.1907,61.4012,3.99619
-4.10382,552.382,11.4791,59.1218,3.60827
1.74611,504.873,13.234,65.4553,4.37267
-3.1598,588.503,12.7054,65.0006,3.71735
-2.26219,568.71,12.7286,64.7092,3.82567
1.64832,555.604,14.5085,71.8063,4.35795
-0.0120389,520.712,12.7425,63.7797,4.11902
-4.93828,513.432,10.3134,53.4369,3.51574
0.394564,595.352,14.8037,73.8911,4.17565
0.896194,534.616,13.5571,67.439,4.24716
1.92537,563.194,14.8658,73.438,4.39988
-4.30505,543.564,11.204,57.7877,3.58563
-1.60793,535.748,12.308,62.2864,3.90764
-3.83086,580.899,12.206,62.7434,3.63931
-4.22328,510.818,10.564,54.4552,3.5948
-4.72795,597.97,12.1151,62.6768,3.53873
-0.399064,566.13,13.6443,68.4747,4.06619
-4.35099,563.213,11.5873,59.7847,3.58049
1.28357,576.943,14.8534,73.6939,4.30367
-0.325947,557.924,13.4854,67.6431,4.07609
-4.84412,584.933,11.7949,61.0715,3.52601
-0.31923,516.094,12.4776,62.5853,4.07701
-1.27184,533.279,12.4161,62.6871,3.95077
-2.81775,575.118,12.5885,64.2471,3.75808
0.212549,584.02,14.4185,72.0579,4.15015
-0.611357,576.533,13.779,69.2518,4.03765
0.722599,551.08,13.8801,69.1268,4.2222
-1.2073,559.583,13.062,65.9184,3.95914
1.74521,548.66,14.3813,71.1301,4.37254
-1.53185,518.466,11.9471,60.428,3.91734
-4.33078,552.389,11.374,58.6753,3.58275
0.6388,530.427,13.3161,66.3559,4.21023
-4.95328,585.062,11.7451,60.8613,3.51411
-2.05157,506.752,11.4378,58.0614,3.85178
0.808491,543.643,13.7389,68.3836,4.23452
-1.5683,525.394,12.0892,61.1623,3.91269
1.5558,523.711,13.6266,67.4834,4.34408
-3.67165,518.792,10.9715,56.3335,3.65761
0.630669,526.922,13.2239,65.9,4.20907
-2.78058,526.486,11.5412,58.8868,3.76255
1.17486,592.441,15.1879,75.4086,4.2877
-2.60828,548.938,12.1169,61.7492,3.78336
1.62975,596.218,15.5579,77.0094,4.35516
-2.28169,586.483,13.1161,66.6886,3.82327
-2.22153,577.377,12.9436,65.7836,3.83069
-1.71723,525.148,12.0121,60.8351,3.89376
0.981074,563.006,14.3245,71.2152,4.25944
-4.19862,522.635,10.8192,55.761,3.59758
-3.60567,540.062,11.4518,58.7722,3.66523
1.60536,566.716,14.774,73.1414,4.3515
-0.157449,518.135,12.6071,63.1647,4.09905
0.870364,584.527,14.8079,73.6735,4.24343
-1.46343,500.31,11.5602,58.4431,3.92609
-1.58837,562.724,12.9378,65.4647,3.91013
-0.0567199,596.632,14.5747,72.9727,4.11287
1.86963,541.405,14.2598,70.4706,4.39139
-4.63988,518.409,10.5409,54.4984,3.54842
0.224033,546.752,13.5045,67.4848,4.15175
-4.44041,589.196,12.0779,62.3556,3.57052
-0.890023,528.775,12.4991,62.9395,4.00065
-2.37811,519.354,11.5701,58.8676,3.81142
-3.0916,509.15,11.0225,56.3635,3.72542
-0.390831,555.086,13.3825,67.157,4.06731
-2.99382,586.377,12.7444,65.1236,3.73703
0.0984538,504.31,12.3949,61.993,4.13429
-2.83389,577.578,12.6341,64.4874,3.75614
0.27684,553.954,13.7108,68.491,4.15913
-3.92224,528.404,11.062,56.8995,3.62888
-1.67827,589.065,13.4951,68.3269,3.8987
1.61868,508.339,13.259,65.6353,4.3535
-4.25465,575.204,11.8804,61.2547,3.59128
-3.11803,515.984,11.1586,57.07,3.72228
-3.39823,565.604,12.0943,61.9783,3.68934
-0.110877,544.554,13.2742,66.486,4.10543
1.84388,510.904,13.443,66.4456,4.38748
-0.0886227,593.047,14.469,72.459,4.10848
-3.69278,525.723,11.1085,57.0459,3.65517
-0.125053,559.634,13.6342,68.2956,4.10349
-0.76443,519.535,12.3419,62.0941,4.01726
1.78537,527.923,13.8593,68.53,4.37861
1.7788,554.74,14.5596,71.996,4.37762
-3.17649,509.593,10.9944,56.2537,3.71538
0.976222,575.073,14.6288,72.7302,4.25874
-1.03633,513.755,12.0739,60.8598,3.98142
-0.691533,542.273,12.9192,64.9663,4.02695
-1.23342,569.889,13.2888,67.0751,3.95575
-4.5218,505.923,10.3366,53.3969,3.56148
1.41345,546.899,14.1513,70.1492,4.32288
-3.42519,583.924,12.4724,63.9284,3.68619
-1.80327,546.464,12.4569,63.1255,3.88289
0.00634345,528.877,12.9517,64.8185,4.12155
-0.706992,584.254,13.9109,69.9605,4.0249
-0.263075,500.365,12.1242,60.789,4.08464
-1.8747,563.102,12.7997,64.8948,3.8739
-2.04049,584.278,13.1934,66.9685,3.85316
-3.30288,513.831,11.0296,56.4839,3.7005
-0.169028,533.744,12.981,65.043,4.09747
-2.59561,578.18,12.7689,65.066,3.78489
-4.83263,569.87,11.4966,59.5219,3.52726
-1.22758,510.342,11.903,60.0779,3.9565
-4.86577,540.045,10.8802,56.3439,3.52364
-0.907279,500.173,11.8149,59.5016,3.99837
-1.27412,579.437,13.4896,68.1079,3.95047
-0.632393,509.563,12.1684,61.1655,4.03484
1.74474,580.621,15.2187,75.2725,4.37247
-3.77513,531.691,11.1973,57.5353,3.6457
-3.49515,536.146,11.4196,58.5611,3.67804
1.6797,555.12,14.5136,71.8163,4.36266
-0.652118,500.454,11.9415,60.0334,4.03221
-3.57733,511.679,10.8623,55.7359,3.66851
-0.921578,574.591,13.5651,68.3225,3.99649
-4.59853,537.792,10.9534,56.6145,3.55299
-2.26144,520.873,11.6583,59.2677,3.82577
-3.90899,557.271,11.6725,60.0346,3.63039
-0.382203,585.525,14.1212,70.8595,4.06847
-4.73939,549.871,11.1354,57.6131,3.53748
0.622762,548.451,13.76,68.5751,4.20795
-0.960707,593.437,13.9883,70.4732,3.99134
0.659108,532.076,13.3682,66.606,4.21313
-3.97565,551.527,11.5211,59.2836,3.6228
-2.58462,598.564,13.2249,67.3844,3.78623
-0.195688,544.747,13.2347,66.3262,4.09382
-0.448397,554.924,13.3482,67.0115,4.05953
-1.63161,581.808,13.3536,67.5888,3.90462
1.71627,501.097,13.1198,64.9035,4.36817
-0.0808047,559.418,13.6527,68.3676,4.10956
-1.86308,529.944,12.0515,61.0968,3.87536
-0.240955,563.693,13.6706,68.5321,4.08765
-2.31464,531.66,11.8744,60.389,3.81922
-0.980089,525.377,12.3745,62.3512,3.9888
1.68287,509.574,13.3244,65.9307,4.36314
-0.0415853,589.246,14.4029,72.1049,4.11495
-3.74239,504.114,10.6306,54.6107,3.64946
0.177123,549.138,13.5385,67.6762,4.14522
-0.354657,551.547,13.3162,66.8074,4.0722
-4.14974,517.43,10.7328,55.296,3.60308
-2.3534,592.772,13.2188,67.2442,3.81445
0.739104,514.813,12.975,64.612,4.22456
-0.957468,515.035,12.1418,61.169,3.99177
0.174501,527.816,13.0115,65.0429,4.14485
0.75788,527.037,13.2929,66.1864,4.22726
-0.134063,535.116,13.0323,65.2844,4.10225
-3.12742,597.592,12.9185,66.0756,3.72117
-1.99027,548.094,12.4012,62.9252,3.85942
-3.32616,500.136,10.7255,54.9359,3.69777
0.487889,500.698,12.4957,62.3314,4.18881
-1.68373,502.096,11.5002,58.2288,3.89801
-3.44176,595.453,12.7102,65.1547,3.68426
-1.36455,591.609,13.7236,69.3327,3.9388
-3.66528,554.038,11.7198,60.1734,3.65834
-4.70208,587.8,11.9216,61.6644,3.54157
-2.13586,572.807,12.8852,65.4476,3.8413
0.9789,516.627,13.1434,65.3442,4.25913
-1.07633,562.745,13.2042,66.5759,3.97619
-3.54593,536.391,11.4014,58.4889,3.67215
-2.27445,525.296,11.7512,59.7453,3.82416
1.48676,541.812,14.0598,69.661,4.33378
-1.42581,500.413,11.5799,58.5274,3.93092
-3.43497,548.589,11.7131,60.0403,3.68505
1.30874,531.292,13.6915,67.9178,4.30738
1.562,569.523,14.8222,73.4012,4.34501
-0.411237,581.507,14.0082,70.3067,4.06455
0.944247,571.418,14.5176,72.1933,4.25411
1.62495,553.565,14.4422,71.4891,4.35444
-4.77947,592.51,11.9793,61.9971,3.53308
1.33624,515.809,13.3068,65.997,4.31145
-2.68493,525.324,11.5601,58.9432,3.77408
0.462149,516.953,12.8884,64.3014,4.18517
1.95043,501.154,13.2411,65.4008,4.4037
1.45014,507.613,13.1536,65.187,4.32833
0.708662,559.408,14.0821,70.1397,4.22021
-0.921437,578.721,13.6627,68.814,3.99651
-1.7982,585.439,13.3481,67.639,3.88353
1.72707,509.687,13.3503,66.0391,4.3698
-2.50856,515.775,11.4305,58.2105,3.79548
-3.85223,581.171,12.2012,62.728,3.63687
0.698796,518.194,13.0396,64.9516,4.2188
-1.19924,547.613,12.7867,64.5254,3.96018
-0.707572,501.246,11.9342,60.0197,4.02482
-1.03839,523.469,12.3012,62.0064,3.98115
-2.90177,515.973,11.2558,57.4796,3.74801
-0.425878,574.301,13.8266,69.4024,4.06257
0.286207,505.351,12.5124,62.5007,4.16044
-4.8503,521.012,10.5033,54.3864,3.52533
-1.48849,536.726,12.3892,62.6454,3.92288
-3.44641,577.204,12.3183,63.1481,3.68372
-4.35817,576.431,11.8558,61.173,3.57969
-3.29169,552.192,11.8583,60.7234,3.70182
0.920339,517.626,13.1387,65.3468,4.25065
-4.53562,590.36,12.055,62.2797,3.55995
0.966993,565.219,14.3729,71.4626,4.2574
-4.24319,595.683,12.3091,63.4599,3.59257
-1.11376,586.074,13.7312,69.251,3.97131
1.9655,586.544,15.5063,76.5813,4.406
-1.56394,533.13,12.2694,62.0717,3.91324
0.431658,536.967,13.3713,66.7248,4.18087
1.51904,562.925,14.626,72.4506,4.33859
-1.05912,535.564,12.575,63.396,3.97844
-4.91538,583.926,11.7404,60.8205,3.51824
-3.01606,532.004,11.5523,59.0413,3.73438
-0.196445,538.749,13.0885,65.5943,4.09372
-1.45589,539.25,12.4637,63.0074,3.92706
0.0733437,530.536,13.0266,65.1636,4.13081
-2.09327,562.074,12.6653,64.3115,3.84659
-3.79158,555.766,11.6965,60.1074,3.64381
-2.04934,598.207,13.5032,68.545,3.85205
-0.770874,592.371,14.0686,70.7845,4.01641
-4.06217,517.232,10.7669,55.4369,3.61298
-2.63075,504.089,11.1169,56.6621,3.78063
-3.1159,539.1,11.6595,59.6309,3.72254
-2.50352,573.881,12.7208,64.7791,3.79609
-1.04477,520.919,12.2381,61.6914,3.98032
-4.95527,517.832,10.3946,53.8641,3.5139
1.4726,509.205,13.2063,65.4387,4.33167
-3.00466,503.418,10.9366,55.8899,3.73574
-2.07748,556.689,12.5519,63.7285,3.84855
-3.56359,565.891,12.0199,61.6693,3.6701
-3.48495,503.791,10.7349,55.0458,3.67923
0.62426,505.097,12.673,63.1575,4.20816
1.7636,524.526,13.7585,68.0415,4.37532
-2.40713,538.301,11.9783,60.9568,3.80787
0.634651,577.308,14.4907,72.2109,4.20964
-0.494382,531.151,12.7532,64.0445,4.05334
0.178876,580.115,14.3032,71.4978,4.14546
-4.47899,502.126,10.2769,53.0722,3.56623
0.768249,556.481,14.0412,69.9075,4.22874
-2.76525,561.113,12.3079,62.7917,3.76439
1.65853,508.689,13.2887,65.7647,4.35948
-4.76231,572.234,11.5774,59.9101,3.53496
1.15163,584.079,14.9599,74.2886,4.2843
-3.42045,524.287,11.2007,57.4084,3.68675
0.40432,532.88,13.2553,66.1583,4.17702
-2.02153,563.927,12.7435,64.6763,3.85552
-0.775783,532.758,12.6503,63.6509,4.01576
-4.89271,588.912,11.8516,61.3867,3.52071
-3.11999,562.382,12.161,62.1977,3.72205
-4.50527,593.401,12.132,62.6644,3.56331
0.799501,557.788,14.0914,70.1425,4.23323
-3.47505,539.154,11.493,58.9291,3.68038
-3.03984,559.793,12.1441,62.0763,3.73156
-2.44953,598.212,13.2888,67.6462,3.80268
0.906068,534.481,13.5589,67.4435,4.24859
-2.44859,564.031,12.53,63.7829,3.80279
-4.8677,573.872,11.5608,59.8692,3.52343
-0.701627,510.436,12.1559,61.132,4.02561
-4.9737,568.653,11.4062,59.1137,3.51189
-4.88759,520.927,10.4857,54.3094,3.52126
0.918634,534.675,13.5705,67.4953,4.2504
0.556529,515.592,12.9021,64.3285,4.19853
-2.20352,557.131,12.4987,63.5146,3.83292
-4.21069,598.275,12.379,63.8054,3.59622
-1.27709,521.015,12.1281,61.235,3.95009
-4.71897,587.918,11.9158,61.6417,3.53972
-2.36129,555.92,12.3931,63.0473,3.81348
-4.62201,501.565,10.2058,52.7593,3.5504
-2.08643,568.351,12.8102,65.0444,3.84744
-4.91359,598.559,12.0355,62.3485,3.51843
-1.5905,566.459,13.0226,65.8946,3.90986
1.54229,530.14,13.7866,68.2822,4.34206
1.39983,524.321,13.5599,67.2236,4.32086
-2.48263,507.931,11.2684,57.3743,3.79864
-0.583064,565.195,13.5232,67.9526,4.04144
0.0964704,587.195,14.4309,72.177,4.13402
-1.37221,538.107,12.4787,63.0467,3.93781
-2.43553,523.993,11.6467,59.2809,3.80439
0.0419298,500.126,12.2648,61.3658,4.12647
0.982465,586.352,14.9193,74.1717,4.25965
1.70962,524.84,13.7379,67.9643,4.36717
-0.693161,552.764,13.1683,66.2197,4.02674
-4.69462,529.477,10.742,55.5598,3.5424
1.39375,528.503,13.6648,67.7466,4.31996
0.928201,569.589,14.4621,71.925,4.25179
1.48952,531.039,13.7817,68.2819,4.33419
0.787743,539.634,13.6265,67.8338,4.23154
0.698447,568.889,14.3151,71.305,4.21875
-3.18941,537.725,11.5953,59.3337,3.71385
-3.43008,512.818,10.9515,56.1346,3.68562
-3.82023,530.558,11.153,57.3263,3.64053
0.822305,566.785,14.3314,71.3264,4.23651
-0.0864561,576.384,14.0637,70.4282,4.10878
-1.16915,554.272,12.9576,65.3745,3.96409
-2.79472,535.696,11.7365,59.8889,3.76085
-4.56863,515.507,10.5123,54.323,3.55629
-0.254126,521.833,12.6488,63.4156,4.08586
-0.636613,511.341,12.2088,61.3705,4.03428
-2.913,544.156,11.8653,60.5967,3.74667
-3.29123,591.151,12.6952,65.0086,3.70187
1.10504,534.604,13.6679,67.8937,4.27749
-2.76401,569.662,12.496,63.751,3.76454
-1.87517,505.203,11.4834,58.2213,3.87384
-0.0744063,576.254,14.0672,70.4399,4.11044
-3.08843,515.92,11.1705,57.1189,3.72579
-1.15656,565.749,13.2325,66.7557,3.96573
-0.70944,572.786,13.6365,68.5818,4.02457
-1.71789,540.645,12.3663,62.629,3.89368
-4.61745,501.902,10.2146,52.8028,3.5509
-3.02121,524.809,11.3937,58.2329,3.73377
1.07544,516.019,13.1775,65.4709,4.27317
-1.95836,506.213,11.4682,58.1781,3.86341
-4.34907,551.324,11.3436,58.5264,3.58071
-4.76243,556.72,11.2635,58.2856,3.53495
-2.56936,539.745,11.9326,60.7934,3.78808
0.067709,550.043,13.5026,67.5472,4.13003
-3.73215,538.942,11.3697,58.4036,3.65064
-0.24764,518.774,12.5779,63.0571,4.08674
-0.327954,527.933,12.7595,64.0029,4.07582
0.608036,518.678,13.0055,64.8216,4.20585
-1.81181,585.6,13.3445,67.6274,3.88182
-1.28899,567.473,13.2033,66.6691,3.94855
-0.793133,565.903,13.4281,67.5725,4.01346
-2.41019,586.165,13.0418,66.3701,3.80749
1.31441,553.72,14.2726,70.7979,4.30822
0.578771,508.172,12.7275,63.4484,4.20169
-3.45808,542.813,11.5789,59.3626,3.68236
-1.7643,532.807,12.1645,61.6269,3.88781
-2.47267,562.506,12.4841,63.5599,3.79985
-1.97055,515.178,11.6656,59.1846,3.86189
-1.23131,545.66,12.7249,64.2278,3.95602
0.583139,594.874,14.9015,74.2842,4.20231
-1.96906,569.787,12.9029,65.4614,3.86207
0.873003,562.414,14.2491,70.8924,4.24381
-3.45017,547.359,11.6796,59.8754,3.68328
-1.79248,592.895,13.5211,68.5134,3.88425
-3.54382,532.742,11.3248,58.0951,3.67239
1.60221,535.859,13.9679,69.1519,4.35103
1.69766,501.62,13.124,64.9324,4.36537
-4.15911,533.207,11.0558,56.9641,3.60203
-3.67028,509.264,10.7705,55.3014,3.65776
-1.6144,588.849,13.5245,68.4454,3.90681
-4.49172,584.459,11.9558,61.7481,3.56482
-3.15385,501.567,10.8312,55.4095,3.71805
1.38767,528.061,13.6502,67.6766,4.31906
-1.25885,578.589,13.478,68.0423,3.95245
-0.334245,505.263,12.2085,61.2419,4.07497
0.285882,518.213,12.8307,64.0907,4.16039
-1.36205,590.516,13.6996,69.2103,3.93912
-3.68506,567.838,12.0022,61.6316,3.65606
1.09153,552.873,14.1275,70.1833,4.27551
-2.37925,514.293,11.4569,58.2918,3.81128
-2.86829,502.109,10.9681,55.9973,3.75202
-2.84531,586.103,12.8147,65.4145,3.75477
-4.47836,512.127,10.4819,54.1305,3.5663
-4.67866,557.054,11.3088,58.4849,3.54415
-0.13434,510.288,12.4275,62.2549,4.10221
-3.3422,511.544,10.963,56.1589,3.69589
-4.38112,592.754,12.1802,62.8569,3.57713
-3.03058,537.743,11.6701,59.6495,3.73266
0.778579,541.251,13.6624,68.0168,4.23022
-1.03056,524.882,12.3382,62.1897,3.98218
0.351247,538.582,13.3693,66.7512,4.16956
0.961468,533.307,13.5585,67.4159,4.2566
-0.24167,598.373,14.5112,72.7466,4.08755
1.19897,597.003,15.3192,76.0484,4.29123
-1.20793,536.445,12.5216,63.1915,3.95905
-4.66423,533.736,10.8418,56.0638,3.54574
0.2839,513.153,12.7045,63.4609,4.16012
0.693433,543.595,13.6759,68.1235,4.21803
-4.6829,589.583,11.9671,61.8912,3.54368
-3.25992,517.999,11.1383,57.0234,3.70555
-1.49054,526.249,12.1464,61.4184,3.92262
-4.61105,520.739,10.6007,54.7963,3.5516
-1.87697,523.827,11.9058,60.3639,3.87362
-4.4876,569.287,11.6474,60.1534,3.56527
0.782962,584.006,14.7442,73.4001,4.23085
-1.91747,540.591,12.267,62.2128,3.86853
-1.30366,566.251,13.1672,66.4936,3.94666
-4.11275,547.564,11.3749,58.5887,3.60726
-2.60225,591.361,13.0565,66.5346,3.78409
0.0861439,529.912,13.0178,65.114,4.13259
0.957436,597.33,15.1838,75.4992,4.25602
-2.69789,506.512,11.1403,56.8081,3.77251
-2.58791,594.461,13.1325,66.9151,3.78583
0.255893,554.638,13.7164,68.529,4.1562
-3.0522,546.564,11.8512,60.5845,3.73009
-2.89119,558.585,12.1906,62.2484,3.74928
-0.839021,503.435,11.9242,60.0234,4.00738
-4.65374,597.366,12.1395,62.7697,3.5469
-0.398147,575.355,13.8672,69.5926,4.06632
0.370515,526.161,13.0709,65.2526,4.17226
-4.74363,533.14,10.7947,55.8522,3.53701
-4.51023,576.351,11.7811,60.8536,3.56276
-3.07648,536.493,11.6215,59.4202,3.72721
0.663095,529.779,13.3125,66.327,4.2137
-4.08657,544.01,11.3131,58.2594,3.61022
0.0352979,553.999,13.5824,67.9614,4.12555
0.379734,538.288,13.377,66.7765,4.17356
1.08838,581.025,14.845,73.7496,4.27505
0.0165547,527.712,12.9284,64.6972,4.12296
1.44501,557.918,14.4542,71.6354,4.32756
-4.82635,596.579,12.0385,62.3247,3.52795
-1.61379,566.075,13.0017,65.7996,3.90689
1.7764,516.783,13.5621,67.0647,4.37725
-1.36059,562.968,13.0612,65.9847,3.93931
-0.837563,572.944,13.5713,68.314,4.00758
0.0567524,552.932,13.5677,67.8778,4.12852
-3.51511,566.602,12.0586,61.8467,3.67572
-3.12478,590.63,12.7694,65.3115,3.72149
0.852826,540.231,13.6763,68.0518,4.2409
-1.97254,501.867,11.3633,57.6517,3.86164
-3.39205,594.318,12.7114,65.1382,3.69006
-4.11632,543.124,11.281,58.1066,3.60686
-2.19485,547.568,12.2884,62.4422,3.83399
1.38389,544.584,14.0752,69.7857,4.3185
-4.90398,572.645,11.519,59.6684,3.51948
-2.64952,559.722,12.3345,62.8764,3.77836
-1.45806,590.769,13.6532,69.0221,3.92678
-2.92947,575.02,12.53,63.9987,3.7447
-4.93787,578.26,11.6158,60.1849,3.51579
-0.316746,525.12,12.6971,63.685,4.07734
1.70603,564.519,14.7744,73.094,4.36663
0.0206415,556.988,13.6478,68.2955,4.12353
-1.4401,569.216,13.1645,66.5432,3.92909
-3.53459,561.849,11.948,61.2881,3.67346
-2.69505,523.506,11.5154,58.7196,3.77286
-4.32656,528.644,10.8869,56.1611,3.58322
-3.8963,506.709,10.6189,54.6107,3.63184
0.21266,588.89,14.5388,72.659,4.15017
0.734591,527.97,13.3042,66.2535,4.22392
-3.94845,590.338,12.3454,63.5131,3.62589
-1.34103,573.868,13.3245,67.3055,3.94183
0.0365438,531.019,13.0196,65.1449,4.12572
-3.42156,587.838,12.5579,64.3647,3.68662
-2.81391,571.199,12.5046,63.8174,3.75854
-4.89943,598.034,12.0319,62.3235,3.51997
-3.44079,575.994,12.2953,63.0275,3.68437
0.801223,583.541,14.7429,73.3849,4.23348
-1.84333,519.865,11.8317,59.9738,3.87785
-4.77872,561.791,11.3585,58.7844,3.53316
-1.27495,544.373,12.6729,63.9847,3.95037
0.96285,584.483,14.8603,73.8883,4.2568
-0.23225,533.166,12.9347,64.839,4.08884
-4.63337,524.604,10.6697,55.1617,3.54914
1.9784,579.596,15.3303,75.7054,4.40797
-2.04159,517.752,11.6907,59.3412,3.85302
0.13366,556.728,13.7022,68.5147,4.13918
0.322266,561.091,13.9122,69.4757,4.16549
-4.80049,569.598,11.5062,59.5577,3.53078
0.0517802,542.923,13.3195,66.6384,4.12783
-2.06845,542.724,12.2414,62.1483,3.84968
-4.45123,533.543,10.9322,56.4453,3.56932
-0.0160586,596.838,14.6031,73.0946,4.11846
-1.64028,575.944,13.2145,66.8885,3.90352
1.78314,530.685,13.9306,68.8837,4.37827
-2.35105,569.009,12.6901,64.5536,3.81474
-2.91202,551.277,12.021,61.3917,3.74679
-1.50613,566.019,13.0563,66.0262,3.92063
-3.26661,500.992,10.7697,55.139,3.70476
-0.549144,564.982,13.5362,68.0022,4.04599
-0.0601246,553.028,13.5078,67.6322,4.1124
1.70327,517.719,13.5481,67.0284,4.36621
-3.78186,573.748,12.0797,62.0724,3.64493
1.22219,504.43,12.9555,64.3043,4.29464
-3.06777,565.969,12.2643,62.703,3.72824
-1.44502,548.736,12.6884,64.1387,3.92846
-0.442539,560.125,13.4764,67.6524,4.06032
-1.3835,599.362,13.893,70.1976,3.93636
-1.18192,563.129,13.158,66.3913,3.96243
-1.43062,581.524,13.4542,68.0031,3.9303
0.419375,565.09,14.0649,70.1915,4.17914
-2.72446,554.087,12.1737,62.0892,3.76931
-3.42635,574.439,12.2693,62.8876,3.68606
0.800131,560.047,14.1488,70.428,4.23332
-1.56628,509.653,11.728,59.3337,3.91294
0.429227,591.007,14.7156,73.4342,4.18053
-1.4599,527.11,12.1811,61.5809,3.92655
1.29753,548.405,14.1264,70.0802,4.30573
-3.98133,597.532,12.4792,64.2166,3.62215
-1.38447,576.752,13.3684,67.5474,3.93624
-4.16855,509.394,10.558,54.4029,3.60096
-1.01793,536.527,12.6182,63.5957,3.98383
1.90262,537.656,14.1792,70.0569,4.39641
-2.56633,515.483,11.3976,58.0665,3.78845
-3.7988,566.948,11.9283,61.3021,3.64299
-0.470302,567.18,13.6312,68.4425,4.05658
-4.03835,578.655,12.0571,62.0695,3.61568
-2.0174,595.767,13.4653,68.3373,3.85604
-0.127758,578.045,14.0813,70.5363,4.10312
-4.69792,518.402,10.5159,54.3916,3.54203
0.0652116,515.401,12.6509,63.2879,4.12969
-3.27496,553.421,11.8927,60.8924,3.70378
-4.3907,590.022,12.1193,62.5471,3.57606
-3.61417,598.83,12.6936,65.1491,3.66424
-4.2273,588.345,12.1654,62.7115,3.59435
-0.0105105,501.334,12.2691,61.4093,4.11923
1.85328,556.293,14.6427,72.3704,4.38891
1.11596,566.556,14.4909,71.977,4.27908
-1.34545,533.329,12.381,62.5418,3.94126
0.919184,572.528,14.5316,72.275,4.25048
-1.13699,540.091,12.6422,63.7691,3.96828
1.86546,557.202,14.6735,72.5171,4.39076
-3.90395,522.562,10.9478,56.3049,3.63096
-3.98903,562.307,11.7399,60.4154,3.62128
-4.45278,567.535,11.628,60.0384,3.56914
-4.668,587.62,11.9345,61.716,3.54532
-1.02933,563.907,13.2562,66.8162,3.98234
1.18116,586.807,15.0471,74.7067,4.28862
0.88185,500.584,12.687,63.1167,4.24509
-3.56033,583.516,12.3959,63.5971,3.67048
-3.64144,512.743,10.8568,55.7327,3.66109
-1.78041,569.883,13.0026,65.8803,3.88578
1.17687,549.125,14.0785,69.8998,4.28799
-0.385808,519.789,12.534,62.8968,4.06799
-4.82174,502.061,10.1331,52.4585,3.52845
-4.46882,528.261,10.8163,55.8536,3.56736
-4.03753,510.03,10.6275,54.7099,3.61577
-1.50249,571.839,13.1924,66.7131,3.92109
-4.09136,561.508,11.6747,60.1236,3.60968
-3.1563,528.598,11.4137,58.3908,3.71776
1.29286,537.328,13.8385,68.6544,4.30504
-0.901198,568.027,13.421,67.587,3.99917
-2.40515,560.291,12.4686,63.4511,3.80811
0.616029,549.616,13.7856,68.7058,4.20699
-2.68118,561.469,12.3573,63.0067,3.77453
-3.37813,562.945,12.0472,61.7282,3.69169
-1.46411,576.847,13.3283,67.3821,3.92601
1.82534,595.824,15.6662,77.4437,4.38467
-2.59183,530.866,11.7257,59.7488,3.78535
-4.2483,598.266,12.36,63.7242,3.59199
-1.21708,510.979,11.9228,60.1737,3.95787
-4.03095,502.139,10.4659,53.8753,3.61652
-1.9506,567.062,12.8507,65.188,3.86438
-1.12355,529.319,12.3967,62.5247,3.97003
0.413556,531.402,13.2234,65.9946,4.17832
0.788468,557.847,14.0868,70.1249,4.23164
-4.28608,560.132,11.5544,59.5869,3.58775
-4.57664,511.623,10.4298,53.8993,3.55541
-2.84685,511.902,11.1917,57.13,3.75459
0.177689,527.243,12.999,64.979,4.1453
0.349099,544.766,13.5217,67.513,4.16926
-1.50809,535.822,12.3587,62.4996,3.92038
-4.10694,586.755,12.1919,62.7943,3.60792
-4.58463,586.584,11.954,61.7797,3.55452
-1.87115,579.864,13.1825,66.8342,3.87435
-4.93234,554.013,11.1313,57.6719,3.51639
1.57292,529.637,13.79,68.2847,4.34664
-1.79046,571.891,13.0432,66.0906,3.88451
-4.40167,571.889,11.7416,60.6026,3.57483
-4.41731,526.431,10.8014,55.7562,3.57309
-1.9304,526.557,11.9424,60.5719,3.86691
-0.497558,595.174,14.2887,71.7569,4.05292
-0.299739,509.709,12.3327,61.8503,4.07965
-2.90844,567.873,12.3847,63.2473,3.74722
-3.32784,585.085,12.5464,64.2633,3.69758
1.70659,564.281,14.7685,73.0645,4.36671
1.28329,514.247,13.2391,65.6849,4.30363
-1.65502,593.508,13.6095,68.8949,3.90165
-3.32049,576.159,12.3587,63.2984,3.69844
-1.98205,558.996,12.652,64.1942,3.86045
1.64948,536.833,14.019,69.3831,4.35812
1.40457,542.678,14.0372,69.5878,4.32156
0.00229917,558.014,13.6631,68.3805,4.121
-3.07702,573.922,12.432,63.5646,3.72714
-3.61253,568.004,12.0409,61.7988,3.66443
-3.85747,582.489,12.2262,62.8593,3.63627
-4.52133,572.736,11.7019,60.4495,3.56153
0.456279,522.214,13.0165,64.9434,4.18435
-3.22405,577.565,12.4371,63.6565,3.70977
-2.60551,508.92,11.2348,57.2529,3.78369
-1.00179,525.221,12.3602,62.2884,3.98595
0.516142,562.196,14.046,70.0514,4.19281
-3.40073,597.572,12.7765,65.4758,3.68905
1.89037,571.436,15.0629,74.4291,4.39454
1.60582,581.36,15.1561,75.0325,4.35157
0.20792,594.004,14.6623,73.2787,4.14951
-2.96785,507.924,11.0508,56.4591,3.74012
-2.55888,576.766,12.7564,64.9858,3.78935
0.839344,524.979,13.2832,66.1018,4.23896
-0.57512,528.844,12.6574,63.5986,4.0425
0.0514675,585.245,14.3576,71.8322,4.12779
-3.33693,510.593,10.945,56.0645,3.69651
1.96079,585.717,15.4816,76.4618,4.40528
-4.99147,536.455,10.7525,55.7332,3.50996
1.45039,561.276,14.5442,72.0789,4.32837
-2.37065,562.728,12.5401,63.7997,3.81234
1.29564,583.044,15.0175,74.5021,4.30545
1.46842,590.655,15.3163,75.8959,4.33105
-3.58702,579.404,12.2953,63.0927,3.66739
-3.66136,579.984,12.2707,62.9997,3.65879
1.99709,520.458,13.7761,68.0218,4.41083
-0.824022,580.824,13.7653,69.2843,4.00937
-2.45862,577.349,12.8207,65.2674,3.80157
0.441798,537.746,13.3961,66.8436,4.1823
0.294204,547.603,13.5629,67.7439,4.16156
-0.538408,566.164,13.5703,68.1684,4.04743
0.620241,508.318,12.7518,63.5518,4.20759
0.486126,558.752,13.9436,69.5546,4.18856
-4.16043,535.742,11.1078,57.2324,3.60188
0.562982,547.159,13.6955,68.2813,4.19945
-0.620465,530.563,12.6758,63.711,4.03644
-0.265821,503.402,12.1964,61.1524,4.08426
-3.99295,564.378,11.7813,60.63,3.62083
-0.503982,524.192,12.5814,63.1857,4.05205
0.947828,530.731,13.4858,67.0607,4.25463
1.27718,537.209,13.827,68.6044,4.30273
1.97077,599.933,15.8635,78.3426,4.40681
-0.19296,587.633,14.2781,71.5542,4.0942
-1.04847,582.326,13.6788,68.9553,3.97983
-2.10511,551.912,12.4304,63.1242,3.84512
0.385228,502.997,12.5026,62.4096,4.17433
1.37755,544.423,14.0676,69.7509,4.31756
-4.53891,597.465,12.1984,63.0223,3.55958
-4.671,573.606,11.6484,60.2381,3.54499
-1.17522,582.237,13.6081,68.6593,3.9633
0.633035,546.814,13.7244,68.3931,4.20941
1.14324,523.559,13.4054,66.5731,4.28307
1.93249,578.766,15.2811,75.4858,4.40096
-3.51608,597.704,12.72,65.2394,3.67561
-3.09891,512.183,11.0849,56.6855,3.72455
-1.27994,564.35,13.1353,66.3219,3.94972
-1.86443,556.131,12.6464,64.113,3.87519
-0.658656,559.19,13.3396,67.065,4.03134
-4.35678,518.953,10.6742,55.0758,3.57984
-1.4148,500.769,11.5932,58.5902,3.93234
-1.11459,582.404,13.6448,68.8154,3.9712
-1.28039,587.252,13.6681,69.0123,3.94966
-4.89871,526.615,10.5953,54.8819,3.52005
-1.94316,566.329,12.8379,65.1197,3.86532
1.90574,552.214,14.5649,71.961,4.39689
-2.99727,518.527,11.2682,57.5816,3.73662
0.941032,511.528,12.9944,64.6201,4.25364
-2.71915,523.567,11.5056,58.6796,3.76995
1.9019,503.088,13.2672,65.5511,4.3963
-0.689908,541.507,12.9018,64.878,4.02717
-2.46424,533.414,11.8424,60.2894,3.80088
0.907129,501.559,12.7243,63.2914,4.24874
0.646428,545.176,13.6905,68.2179,4.21132
0.273389,509.997,12.6211,63.0491,4.15865
-0.511046,532.9,12.7868,64.2205,4.0511
-3.09773,536.133,11.6038,59.3385,3.72469
-2.53767,558.408,12.3609,62.9614,3.79193
0.728822,596.989,15.04,74.9005,4.22309
-1.04409,520.766,12.2349,61.6746,3.98041
1.54628,525.263,13.6619,67.6627,4.34266
-3.0246,578.572,12.5592,64.1912,3.73337
0.492309,591.197,14.7568,73.6081,4.18944
-4.17534,572.486,11.8624,61.1272,3.6002
-2.3031,531.174,11.869,60.3567,3.82064
-4.61256,580.187,11.8102,61.0488,3.55144
-4.14069,508.123,10.5436,54.3177,3.6041
-4.45791,563.679,11.5466,59.6201,3.56857
-3.87283,546.791,11.4698,58.9767,3.63452
-3.12231,586.912,12.6902,64.9056,3.72178
1.02779,500.82,12.7656,63.4449,4.26623
-2.10939,523.52,11.789,59.8685,3.84458
-2.66781,576.701,12.6994,64.7446,3.77615
-3.13452,518.232,11.1997,57.2873,3.72033
-0.992368,501.493,11.8063,59.4928,3.98719
1.3156,526.887,13.5816,67.3696,4.3084
-4.52384,537.065,10.9719,56.6798,3.56125
-1.6321,595.364,13.6645,69.1625,3.90456
-0.931221,534.805,12.621,63.5717,3.99522
-3.2368,524.114,11.2803,57.7409,3.70827
-1.03948,590.608,13.8783,69.9566,3.98101
-3.08511,595.317,12.8913,65.9166,3.72619
-4.39732,523.9,10.7582,55.5253,3.57532
1.77627,578.201,15.1739,75.0347,4.37723
0.403082,571.377,14.2123,70.935,4.17685
-2.51196,540.025,11.9663,60.9405,3.79506
-2.68942,575.121,12.6536,64.521,3.77354
1.28114,502.238,12.9289,64.1466,4.30331
-3.85021,515.849,10.8307,55.6813,3.6371
-2.76688,546.695,11.9908,61.1749,3.7642
-2.06017,594.589,13.4157,68.1061,3.85071
-4.67662,586.21,11.9017,61.5501,3.54438
-1.81231,577.792,13.1663,66.7246,3.88175
-0.450859,530.928,12.7698,64.1087,4.0592
-4.27515,566.86,11.6984,60.3248,3.58898
1.29016,532.493,13.7125,68.0306,4.30464
-2.26988,517.536,11.5797,58.8716,3.82473
-1.78853,546.816,12.4723,63.1969,3.88475
-2.51994,534.623,11.8428,60.315,3.79409
0.389399,559.662,13.9134,69.4498,4.17492
-1.02289,511.445,12.026,60.6128,3.98318
-2.19586,546.115,12.2553,62.2744,3.83387
-2.92457,517.22,11.2727,57.575,3.74529
-2.11548,539.797,12.1526,61.7175,3.84383
1.87132,532.373,14.0229,69.2988,4.39165
-1.75515,569.467,13.0062,65.8869,3.88897
-0.486069,555.621,13.3451,67.0132,4.05446
0.581792,576.442,14.4391,71.9794,4.20212
-0.182563,536.857,13.0497,65.3936,4.09562
-4.75311,518.912,10.5025,54.3443,3.53597
-4.62764,592.827,12.0601,62.3472,3.54977
0.800592,553.715,13.9891,69.6327,4.23339
-4.48531,533.353,10.9132,56.3608,3.56553
0.408636,555.907,13.8305,69.0269,4.17763
-4.84854,583.144,11.7567,60.8757,3.52552
-2.46536,560.183,12.4362,63.3127,3.80075
-4.92691,593.565,11.9286,61.8006,3.51698
0.287782,587.2,14.5399,72.6273,4.16066
-4.37738,582.375,11.9687,61.764,3.57754
-1.36366,560.734,13.0078,65.7162,3.93892
-2.39354,557.005,12.4013,63.1032,3.80953
-4.79469,571.813,11.5536,59.8009,3.53141
-3.92948,506.22,10.5944,54.4976,3.62805
-2.27675,542.479,12.1344,61.695,3.82388
1.79381,583.087,15.3125,75.7115,4.37989
1.91877,562.089,14.8329,73.2785,4.39887
-1.65942,588.038,13.4817,68.2501,3.90109
0.640902,532.09,13.359,66.5685,4.21053
-3.96652,594.899,12.4317,63.9652,3.62384
0.17412,535.875,13.2099,66.0352,4.1448
-3.29529,597.438,12.8281,65.6911,3.70139
-3.23345,571.077,12.2927,62.9218,3.70866
0.185536,566.769,13.9778,69.8681,4.14639
-0.341303,559.482,13.5149,67.7981,4.07401
0.801901,542.139,13.6973,68.1798,4.23357
0.966693,554.759,14.1067,70.1394,4.25736
1.20639,574.882,14.7558,73.2481,4.29232
0.446872,596.744,14.8687,74.1895,4.18302
-1.93964,509.636,11.5544,58.6076,3.86576
0.0723822,525.795,12.9097,64.5792,4.13068
-4.64764,555.296,11.2874,58.361,3.54757
1.40579,549.046,14.2026,70.4071,4.32174
-4.65441,573.913,11.6626,60.3039,3.54682
-1.20405,534.179,12.4706,62.9326,3.95956
1.06457,536.672,13.6991,68.0675,4.27158
-0.608954,581.751,13.9051,69.884,4.03798
-2.45003,571.525,12.6958,64.6273,3.80262
-0.572965,566.706,13.5647,68.1567,4.04279
-4.09102,571.798,11.8888,61.2261,3.60971
-4.56318,591.761,12.07,62.3698,3.5569
-3.20584,535.691,11.5438,59.0771,3.71191
1.87877,531.656,14.008,69.222,4.39278
-4.5823,571.286,11.6433,60.1733,3.55478
-2.13321,564.066,12.6899,64.4545,3.84163
-1.98019,562.093,12.7231,64.5539,3.86068
-3.57305,527.303,11.196,57.4461,3.669
-4.60282,537.399,10.9435,56.5651,3.55251
-4.06332,558.782,11.6312,59.8879,3.61285
-3.62636,530.942,11.249,57.7399,3.66283
-3.52522,522.328,11.1118,56.9947,3.67455
-0.621452,561.272,13.409,67.3964,4.0363
0.938883,523.327,13.293,66.1061,4.25333
-4.5443,578.829,11.8153,61.0455,3.55899
-1.47524,590.78,13.6442,68.9844,3.92458
-3.80564,551.722,11.6048,59.6421,3.6422
-1.38125,573.988,13.306,67.2308,3.93665
1.5541,577.502,15.0252,74.4106,4.34383
1.02455,510.054,12.9993,64.6079,4.26576
-1.67261,568.439,13.0255,65.9467,3.89942
-3.0524,516.284,11.1946,57.2276,3.73007
-1.15957,539.517,12.6175,63.6541,3.96534
-4.18952,530.878,10.9939,56.6576,3.5986
0.179986,501.465,12.3645,61.8067,4.14562
-0.314692,541.563,13.0957,65.6836,4.07762
-1.96553,522.492,11.8336,60.0348,3.86252
-3.47605,522.595,11.1396,57.1173,3.68027
0.424949,568.434,14.1512,70.6197,4.17993
1.78734,540.845,14.1996,70.212,4.37891
-2.96245,507.588,11.0459,56.4319,3.74077
-0.811818,544.751,12.9167,65.0072,4.01098
-3.62669,527.054,11.1665,57.3164,3.6628
-4.98753,595.856,11.9451,61.9128,3.51039
-1.97134,532.692,12.0618,61.195,3.86179
1.69976,554.099,14.4982,71.7304,4.36568
-4.08767,512.535,10.658,54.8866,3.61009
-3.16035,502.692,10.8526,55.5217,3.71728
-2.3142,519.82,11.6102,59.0449,3.81927
0.708247,561.241,14.1281,70.3687,4.22015
-4.12348,545.934,11.3361,58.3933,3.60605
-0.39887,513.531,12.3767,62.1132,4.06622
1.43977,594.562,15.4004,76.3274,4.32679
0.234983,569.985,14.0844,70.3774,4.15328
1.03554,509.218,12.9836,64.5249,4.26736
-3.61973,572.816,12.1394,62.3074,3.6636
0.879074,537.95,13.6325,67.822,4.24469
-0.88335,530.48,12.5427,63.1564,4.00153
-1.88356,509.58,11.579,58.7095,3.87279
0.2712,595.011,14.7237,73.5538,4.15834
-3.15614,514.523,11.1099,56.8364,3.71778
1.12985,523.395,13.3942,66.5235,4.28111
-0.918661,503.122,11.8792,59.8301,3.99687
-2.93103,552.642,12.0416,61.5049,3.74452
-2.11014,538.766,12.1319,61.6104,3.84449
0.100824,540.081,13.2753,66.3952,4.13462
-0.312877,528.352,12.7772,64.085,4.07787
-2.55622,554.384,12.2627,62.4694,3.78968
-1.93093,566.371,12.8451,65.1508,3.86685
-2.68408,510.279,11.2294,57.2568,3.77418
1.85949,575.685,15.1568,74.9082,4.38985
-1.1376,578.243,13.5349,68.2723,3.9682
-0.837092,588.288,13.935,70.1446,4.00764
-1.6279,589.103,13.523,68.4446,3.9051
-4.99066,570.753,11.4404,59.2982,3.51005
-1.85654,540.485,12.2945,62.3255,3.87618
1.12896,504.839,12.9189,64.1632,4.28098
0.0528155,574.094,14.0848,70.4667,4.12797
-3.30934,544.586,11.6867,59.8518,3.69974
-2.41257,565.454,12.5798,64.02,3.8072
-3.15033,572.386,12.3622,63.2404,3.71847
-3.62599,584.516,12.3842,63.5668,3.66288
-1.72587,588.414,13.4546,68.1447,3.89267
-4.5029,518.393,10.5995,54.7476,3.56357
-1.08771,543.09,12.7373,64.2267,3.97471
-0.802502,552.428,13.1035,65.9434,4.01222
-1.06718,564.208,13.2433,66.7689,3.97739
0.684075,527.71,13.2714,66.1128,4.21669
0.137674,514.307,12.6601,63.3024,4.13973
-1.27983,573.271,13.343,67.3705,3.94974
-4.60692,566.202,11.5281,59.5885,3.55206
-3.00513,585.293,12.7151,64.9788,3.73568
-2.70598,541.513,11.9062,60.7174,3.77154
-4.73846,535,10.8346,56.0567,3.53758
-0.69144,582.259,13.8719,69.757,4.02697
0.0442196,530.769,13.0174,65.1306,4.12678
1.3003,559.426,14.4118,71.4949,4.30614
1.22726,568.981,14.6163,72.5451,4.29539
-0.427586,544.349,13.1046,65.779,4.06234
-2.86074,599.998,13.1104,66.9311,3.75292
-0.788638,537.838,12.7644,64.2309,4.01405
-1.192,577.697,13.493,68.0864,3.96112
-0.780662,519.099,12.3236,62.0092,4.01511
-4.69373,558.967,11.3407,58.6561,3.54249
-4.67351,555.762,11.2849,58.3593,3.54472
-0.868317,534.115,12.6362,63.6203,4.00351
-3.10674,531.104,11.4908,58.7643,3.72362
-2.23819,555.711,12.4496,63.2803,3.82864
1.70423,520.181,13.6131,67.3492,4.36636
-0.469879,584.959,14.0588,70.589,4.05664
-2.13683,568.055,12.7778,64.9025,3.84118
-2.29962,564.415,12.6135,64.1412,3.82106
-2.05228,550.719,12.4298,63.0975,3.85169
0.182911,558.789,13.7795,68.8785,4.14602
0.129527,592.568,14.5819,72.9157,4.1386
1.9221,512.29,13.5205,66.7934,4.39938
0.786891,557.02,14.065,70.0173,4.23142
-3.02472,504.218,10.9451,55.9416,3.73335
-2.71131,531.195,11.6769,59.55,3.77089
0.280142,572.114,14.1621,70.7439,4.15959
-2.46474,535.391,11.8861,60.5119,3.80082
1.42554,502.957,13.0204,64.5379,4.32467
0.112017,561.308,13.8032,69.0299,4.13617
1.14815,567.594,14.5357,72.1838,4.28379
1.78931,567.373,14.8973,73.6605,4.37921
-3.97661,508.274,10.6171,54.6326,3.62269
-4.40681,533.707,10.9554,56.5468,3.57426
-3.44779,501.122,10.694,54.8219,3.68356
-3.81451,512.263,10.7709,55.3602,3.64119
-3.59236,563.253,11.95,61.3231,3.66677
0.258475,552.272,13.6593,68.2423,4.15656
1.26391,548.547,14.1115,70.0224,4.30078
0.948086,545.803,13.8689,68.9657,4.25466
-4.87544,591.11,11.9043,61.6516,3.52259
0.975138,514.109,13.0774,65.0177,4.25858
-3.277,573.077,12.3141,63.0508,3.70354
-0.734705,508.979,12.1053,60.8916,4.02121
-1.74865,530.922,12.129,61.4404,3.88979
-1.06435,512.92,12.0409,60.7052,3.97776
1.59599,570.109,14.8571,73.5571,4.3501
0.682966,555.241,13.9632,69.5594,4.21653
-3.73732,514.841,10.859,55.7822,3.65004
-1.46763,536.278,12.3892,62.636,3.92556
1.07956,579.361,14.7974,73.5174,4.27377
1.45425,501.662,13.0014,64.4313,4.32894
-4.56683,506.795,10.3355,53.4082,3.55649
1.07216,526.187,13.4354,66.754,4.27269
1.30294,593.902,15.3015,75.9074,4.30653
-4.98864,518.339,10.3906,53.8562,3.51027
-0.22214,504.047,12.2331,61.318,4.09021
-3.69123,509.033,10.7565,55.2377,3.65535
-4.1482,567.79,11.7781,60.6808,3.60326
-2.42622,590.284,13.125,66.8011,3.80553
-3.03673,548.041,11.8907,60.7793,3.73193
-3.12656,599.338,12.9567,66.2705,3.72128
-3.12073,549.789,11.8883,60.8035,3.72197
-0.313825,534.093,12.9155,64.7794,4.07774
-0.749985,551.369,13.1056,65.93,4.01918
-2.59023,511.359,11.2956,57.5564,3.78555
-3.53163,567.984,12.0799,61.9634,3.67381
-4.96087,540.751,10.8522,56.2374,3.51329
-1.2309,502.175,11.711,59.1101,3.95607
0.572175,577.626,14.4632,72.1047,4.20076
1.25334,567.759,14.5997,72.4502,4.29922
-3.25804,505.642,10.8734,55.6665,3.70577
-3.6276,598.916,12.6885,65.1294,3.66269
1.99766,571.808,15.1356,74.7344,4.41092
-2.68906,502.646,11.0592,56.391,3.77358
-4.4777,575.855,11.7865,60.8677,3.56637
-0.301099,516.244,12.4902,62.6404,4.07947
-2.31777,526.452,11.7566,59.7912,3.81883
-0.135149,584.146,14.2257,71.2636,4.1021
-2.16975,505.52,11.3562,57.695,3.8371
-1.4022,541.192,12.5353,63.3458,3.93396
-2.25177,596.898,13.365,67.9399,3.82696
1.08245,525.893,13.4333,66.7388,4.27419
-2.01329,558.215,12.6186,64.0385,3.85655
-0.032064,551.955,13.4965,67.5626,4.11626
-3.58164,545.272,11.5735,59.3867,3.66801
-3.97732,561.002,11.7182,60.2988,3.62261
-3.5963,559.171,11.8615,60.8707,3.66631
-3.32527,534.741,11.468,58.7388,3.69788
-3.7527,546.902,11.5281,59.2255,3.64828
-4.82032,533.879,10.7759,55.7857,3.52861
-2.6261,596.551,13.1585,67.0656,3.78119
-1.44666,589.975,13.6411,68.9551,3.92825
-0.983905,596.298,14.0429,70.7592,3.9883
-3.68912,585.542,12.3743,63.5445,3.65559
-1.8899,515.527,11.7112,59.3822,3.87199
-3.45991,554.691,11.8314,60.6579,3.68215
-4.99302,519.833,10.4187,54.0036,3.5098
-4.0611,599.244,12.4746,64.2292,3.6131
-1.85855,593.515,13.4997,68.436,3.87593
-3.28994,554.882,11.9169,61.0227,3.70202
-3.18779,586.296,12.6435,64.6967,3.71404
0.721083,559.262,14.0853,70.1497,4.22198
-3.94874,594.606,12.4345,63.9717,3.62586
1.40613,591.468,15.3002,75.848,4.32179
-0.670018,500.954,11.945,60.0583,4.02982
-0.418003,592.525,14.2698,71.623,4.06364
-1.77035,500.059,11.4141,57.8276,3.88705
-1.12546,546.033,12.7872,64.4949,3.96978
0.970793,541.743,13.778,68.5029,4.25795
-3.4706,574.419,12.2469,62.7928,3.6809
-2.16672,512.951,11.5245,58.549,3.83747
-0.0471966,545.411,13.3285,66.7287,4.11418
0.900504,594.18,15.0701,74.9631,4.24778
0.929165,539.054,13.6873,68.0713,4.25192
-3.93817,533.627,11.1641,57.4314,3.62706
-1.83644,586.001,13.3405,67.6188,3.87871
-0.28853,584.256,14.1427,70.922,4.08118
-1.86737,549.751,12.4998,63.3714,3.87482
0.228173,567.232,14.0126,70.022,4.15233
-4.44333,578.955,11.8666,61.2659,3.57019
-3.11076,577.937,12.502,63.9376,3.72315
-2.20726,531.958,11.9322,60.6373,3.83246
-1.47965,563.993,13.0232,65.8471,3.92402
0.402539,599.737,14.9174,74.4545,4.17677
-0.896747,555.25,13.1214,66.0764,3.99976
-3.62242,545.604,11.5615,59.3421,3.66329
-2.47957,598.026,13.2687,67.558,3.79901
-1.72139,527.564,12.0654,61.1067,3.89324
-1.02979,550.106,12.9315,65.1799,3.98228
1.47929,596.669,15.4788,76.6954,4.33266
-3.10549,562.815,12.1775,62.2756,3.72377
-2.7988,593.16,12.9933,66.3042,3.76036
1.67351,579.54,15.1484,74.9605,4.36173
-0.521772,514.716,12.3452,62.0075,4.04966
-2.50224,539.378,11.9566,60.887,3.79625
-4.98177,500.761,10.041,52.0419,3.51102
1.20513,555.187,14.2496,70.7358,4.29214
-2.46697,598.507,13.2861,67.6406,3.80055
0.461406,586.677,14.6262,72.9722,4.18507
-1.10104,555.684,13.0258,65.6874,3.97297
-1.01589,517.735,12.1773,61.3723,3.9841
-3.71518,526.514,11.1152,57.0891,3.65259
0.547933,588.09,14.7113,73.3533,4.19731
-1.81922,545.181,12.4198,62.9442,3.88088
-3.13373,597.866,12.9211,66.0919,3.72043
-0.0851777,530.058,12.934,64.7703,4.10896
-3.05607,555.134,12.0352,61.5265,3.72963
-0.919096,514.501,12.1477,61.1823,3.99682
0.942762,502.891,12.7758,63.5325,4.25389
-0.745805,596.455,14.1796,71.331,4.01974
-3.12281,592.657,12.8142,65.5398,3.72172
1.47153,501.658,13.0101,64.4667,4.33151
-1.07815,503.877,11.8221,59.6079,3.97595
-1.32213,564.806,13.1239,66.2837,3.94427
-1.97729,503.25,11.3925,57.8015,3.86105
0.0672359,514.82,12.6377,63.2207,4.12997
-2.18284,589.145,13.2279,67.2101,3.83548
0.612937,582.533,14.6094,72.8133,4.20655
0.267584,533.841,13.2082,65.9844,4.15784
-3.87828,545.427,11.4387,58.8189,3.63389
-4.02285,526.753,10.9825,56.5315,3.61744
-3.05513,525.215,11.387,58.2123,3.72974
-1.43248,599.27,13.8638,70.0742,3.93007
-2.55866,566.03,12.5191,63.7765,3.78938
0.0363355,568.998,13.9507,69.8037,4.12569
-0.871175,514.007,12.1591,61.2195,4.00313
-1.00592,579.551,13.6366,68.7224,3.98541
-0.72328,511.536,12.1716,61.2203,4.02273
-2.54168,520.382,11.5173,58.6662,3.79144
-3.91543,593.52,12.4286,63.9259,3.62965
-3.21525,515.312,11.1005,56.8119,3.7108
-2.37735,567.705,12.6477,64.3497,3.81151
-4.93315,596.6,11.9866,62.1035,3.5163
-3.08916,529.191,11.4575,58.5868,3.7257
-1.38739,507.226,11.7555,59.3991,3.93586
-0.666958,586.931,13.9968,70.3729,4.03023
1.53317,521.853,13.5663,67.195,4.3407
-2.31369,500.512,11.1791,56.8527,3.81933
-4.7162,571.349,11.5813,59.9102,3.54002
-3.52747,546.482,11.6246,59.6259,3.67429
0.500068,544.33,13.5911,67.79,4.19053
-4.05628,515.098,10.725,55.219,3.61365
-0.0787949,581.162,14.1845,71.0296,4.10983
-4.48647,569.292,11.648,60.1563,3.5654
0.874222,545.401,13.8188,68.7507,4.24399
-3.0371,538.686,11.6875,59.7411,3.73188
0.241928,592.941,14.6557,73.2284,4.15425
-2.93343,560.7,12.216,62.3967,3.74423
-1.58004,542.981,12.4881,63.1853,3.91119
1.65297,589.541,15.3975,76.2038,4.35864
-2.55431,597.274,13.2124,67.3066,3.78991
-3.38382,556.623,11.9091,61.0234,3.69102
-1.62169,509.836,11.7063,59.2471,3.90589
1.2301,567.344,14.5758,72.3429,4.2958
-0.284578,537.029,13.0015,65.1976,4.08171
-1.17229,503.774,11.7756,59.4123,3.96368
-2.95408,587.401,12.7871,65.3234,3.74177
0.703365,552.679,13.9099,69.2841,4.21945
0.875333,529.767,13.4232,66.7822,4.24415
-3.04684,501.405,10.8744,55.5886,3.73073
-1.90386,543.922,12.3493,62.6243,3.87024
-0.0147657,577.634,14.134,70.7456,4.11864
-3.96063,534.023,11.1622,57.431,3.6245
1.75386,509.847,13.3684,66.1167,4.37385
-3.64461,526.351,11.1435,57.2057,3.66073
-3.80718,578.524,12.1678,62.5363,3.64203
1.25621,582.866,14.9899,74.3848,4.29964
-1.01945,513.706,12.0808,60.8876,3.98364
-0.949458,560.099,13.2084,66.5386,3.99282
-4.56217,569.391,11.6142,60.0142,3.55701
-0.508303,555.782,13.3373,66.9841,4.05147
1.09296,560.214,14.3159,71.1184,4.27572
-1.18276,592.54,13.8448,69.8569,3.96232
1.12477,550.916,14.0958,70.01,4.28037
-1.34974,558.893,12.9723,65.5305,3.94071
-2.80684,587.706,12.8697,65.6771,3.75939
-1.62884,503.659,11.5612,58.5155,3.90498
-3.77242,504.944,10.6351,54.6458,3.64601
-4.76694,593.569,12.0068,62.1341,3.53445
-4.07011,505.933,10.5282,54.2114,3.61208
-0.787963,530.149,12.5823,63.314,4.01414
-1.656,555.154,12.7295,64.4407,3.90153
-1.91101,566.844,12.8661,65.2479,3.86934
-3.32237,596.675,12.7978,65.5482,3.69822
1.69918,540.56,14.1436,69.9764,4.3656
-4.64939,571.489,11.6157,60.0594,3.54737
-4.18514,534.475,11.0704,57.0498,3.59909
-3.28184,500.857,10.7602,55.0962,3.70297
1.70022,550.451,14.403,71.2592,4.36575
-0.71741,556.231,13.2382,66.5822,4.02351
0.121159,518.761,12.7615,63.8163,4.13744
-3.92254,500.91,10.4863,53.9384,3.62884
-3.96569,579.505,12.1104,62.3117,3.62393
-3.7061,554.106,11.702,60.099,3.65364
-4.56161,578.116,11.7925,60.9349,3.55707
0.0810776,574.427,14.1086,70.5723,4.13188
-3.5112,531.209,11.3071,57.9909,3.67618
0.0522636,527.889,12.9509,64.7941,4.1279
0.709015,530.314,13.3499,66.4926,4.22026
-2.50179,584.297,12.9526,65.9586,3.7963
1.35957,583.751,15.0732,74.7463,4.3149
-1.13175,558.564,13.0773,65.9614,3.96896
0.814037,585.415,14.7977,73.6512,4.23532
-4.62121,574.273,11.6857,60.4091,3.55048
-2.82285,529.844,11.5951,59.1795,3.75747
-4.89914,507.626,10.2131,52.9022,3.52
-1.67776,529.085,12.1212,61.3708,3.89876
-0.694997,574.544,13.6862,68.8247,4.02649
-4.98681,543.759,10.901,56.5009,3.51047
-2.67119,547.627,12.0575,61.4737,3.77574
-2.92388,560.763,12.222,62.4235,3.74537
-2.09733,598.391,13.4815,68.4577,3.84608
-3.14349,544.917,11.7722,60.2191,3.71927
-1.36145,567.521,13.1664,66.5165,3.9392
-2.82756,568.869,12.4468,63.5283,3.7569
1.21528,560.367,14.3883,71.4191,4.29363
1.44722,503.222,13.0383,64.617,4.32789
-3.88257,516.773,10.8359,55.7208,3.6334
-3.03316,574.26,12.4613,63.6947,3.73235
0.661099,564.192,14.1762,70.6308,4.21341
0.811559,539.5,13.6358,67.8691,4.23496
-1.01758,513.528,12.0775,60.8703,3.98388
-4.71721,514.884,10.4363,53.9876,3.53991
0.619076,540.128,13.5492,67.5264,4.20742
-0.453743,592.304,14.2444,71.5129,4.05881
0.14683,572.779,14.1045,70.5202,4.141
-3.90052,542.571,11.3685,58.4675,3.63135
1.96872,555.005,14.6743,72.4709,4.40649
-4.20044,501.19,10.3745,53.4697,3.59737
-1.93854,587.669,13.3241,67.5838,3.86589
-2.68326,583.873,12.8493,65.5163,3.77428
-1.32226,566.582,13.1651,66.4918,3.94425
0.471375,513.172,12.7987,63.8502,4.18648
-0.39254,591.758,14.2657,71.5897,4.06708
-4.83818,520.628,10.5008,54.3685,3.52666
-0.770265,547.058,12.9927,65.3712,4.01649
-3.69448,553.118,11.6866,60.015,3.65497
-4.02564,524.717,10.9388,56.3077,3.61712
-4.57369,530.315,10.8121,55.874,3.55573
1.9256,516.958,13.6455,67.4096,4.39991
-1.4631,524.066,12.1092,61.2188,3.92614
-3.2531,517.291,11.1261,56.9584,3.70635
-4.57036,595.504,12.1428,62.7493,3.5561
0.700251,516.659,13.0017,64.7622,4.219
-1.32852,598.538,13.9042,70.2276,3.94345
-2.06513,546.416,12.3263,62.578,3.85009
-2.96817,529.496,11.52,58.8563,3.74009
-4.78467,542.566,10.9672,56.7614,3.53251
-2.06595,579.047,13.062,66.3132,3.84999
-2.90949,578.545,12.6169,64.4337,3.74709
-0.947405,500.351,11.8004,59.4446,3.99309
-3.85401,520.53,10.9273,56.1795,3.63667
-2.42224,571.721,12.7142,64.7088,3.80602
1.8022,510.421,13.4086,66.2939,4.38116
-1.38689,565.921,13.116,66.2736,3.93592
-4.7078,507.329,10.2871,53.2122,3.54095
-1.09117,534.659,12.5378,63.2225,3.97425
-0.498079,578.058,13.8774,69.692,4.05285
-3.23184,579.265,12.4698,63.8273,3.70885
-0.860548,502.571,11.8936,59.8782,4.00454
-1.32357,588.799,13.6806,69.0961,3.94408
-2.13638,586.153,13.1851,66.9713,3.84123
-3.92811,524.35,10.9745,56.452,3.62821
1.54753,581.245,15.1187,74.8771,4.34284
-1.15334,561.888,13.1439,66.3071,3.96615
-4.42579,535.615,10.9861,56.7128,3.57215
-4.57939,534.637,10.8977,56.3186,3.5551
1.9113,535.122,14.1172,69.7461,4.39773
-2.5979,511.284,11.2905,57.5334,3.78461
0.58529,585.555,14.6693,73.1255,4.20262
-3.1608,586.407,12.6597,64.767,3.71723
1.56222,547.076,14.2381,70.5086,4.34504
-3.35487,500.968,10.7309,54.9748,3.69441
0.237696,515.953,12.7506,63.7115,4.15366
-4.50732,589.781,12.057,62.2777,3.56309
1.51473,591.844,15.3748,76.162,4.33795
-3.01105,534.879,11.6171,59.3703,3.73498
-2.23637,509.24,11.4093,57.9919,3.82886
-3.23705,511.509,11.0089,56.3518,3.70824
-0.708584,551.022,13.1188,65.9777,4.02468
-3.00137,595.973,12.949,66.1728,3.73613
1.83163,503.561,13.2435,65.4648,4.38562
-0.237967,523.755,12.7035,63.6826,4.08806
0.6572,539.4,13.5512,67.5186,4.21286
0.503716,551.261,13.7661,68.6612,4.19105
-3.35622,578.884,12.3992,63.5222,3.69425
-4.01977,532.556,11.1049,57.1602,3.61779
-0.978873,567.649,13.3709,67.3707,3.98896
-3.41577,518.457,11.0783,56.7788,3.68729
0.12051,580.348,14.2761,71.3911,4.13735
-2.60427,576.057,12.7176,64.8085,3.78384
-4.62887,542.494,11.0356,57.0515,3.54964
0.604356,532.604,13.3528,66.554,4.20533
0.217154,557.821,13.7742,68.8356,4.15079
-1.0126,511.02,12.0209,60.5828,3.98453
-1.24449,581.014,13.5422,68.3597,3.95431
-3.13218,500.222,10.8115,55.3006,3.72061
1.10607,560.468,14.3297,71.1808,4.27764
0.168709,500.165,12.327,61.6239,4.14405
0.187556,521.576,12.8642,64.3012,4.14667
-4.46814,578.759,11.8506,61.1942,3.56744
-1.1419,528.25,12.3626,62.3609,3.96764
-4.74627,594.888,12.0436,62.3154,3.53672
-1.57759,588.063,13.5262,68.4368,3.9115
-0.664573,507.283,12.0985,60.8279,4.03055
-3.80589,511.17,10.7517,55.2579,3.64217
-3.36849,529.919,11.3448,58.1255,3.69282
-3.6463,526.977,11.156,57.2706,3.66053
-3.14665,591.479,12.7765,65.3578,3.7189
-2.40732,599.844,13.3476,67.9254,3.80784
-2.61123,528.969,11.6747,59.4972,3.783
-4.03616,566.518,11.8052,60.7721,3.61593
-3.02362,577.184,12.5296,64.0393,3.73348
0.236316,579.592,14.3225,71.5667,4.15347
0.356886,567.737,14.0961,70.3776,4.17035
-0.863971,586.253,13.8721,69.8407,4.00409
-1.55982,529.641,12.1911,61.6739,3.91377
-1.55348,537.966,12.3858,62.6563,3.91458
-2.27188,591.709,13.2382,67.3045,3.82448
-4.23785,578.02,11.9467,61.5891,3.59317
-3.11226,535.385,11.5808,59.2271,3.72297
1.0221,570.575,14.5404,72.2684,4.2654
-0.681591,578.052,13.7771,69.2753,4.02828
0.838231,527.392,13.3437,66.4032,4.2388
-4.62021,507.102,10.3193,53.3449,3.55059
-1.12011,577.473,13.5263,68.2204,3.97048
1.89138,563.987,14.8671,73.4612,4.3947
-0.917593,544.898,12.8661,64.8002,3.99701
-2.51094,592.068,13.12,66.8156,3.79519
-2.86305,533.93,11.6657,59.5565,3.75265
-4.939,534.713,10.7406,55.6504,3.51566
1.47417,573.678,14.8794,73.728,4.3319
-1.08176,571.132,13.3981,67.5562,3.97548
-3.78473,584.057,12.2953,63.1816,3.6446
0.834781,548.281,13.8703,69.0257,4.2383
-3.903,562.419,11.7832,60.6012,3.63107
-2.67972,517.732,11.3954,58.1014,3.77471
-1.93079,555.654,12.6021,63.9183,3.86686
0.754632,544.028,13.7196,68.3129,4.22679
-1.45907,580.463,13.4145,67.8158,3.92665
-2.60733,532.134,11.7464,59.8609,3.78347
-2.70661,580.71,12.7677,65.111,3.77146
0.00692293,582.888,14.2747,71.4394,4.12163
-4.49235,508.189,10.3953,53.689,3.56475
1.0987,579.787,14.8193,73.6168,4.27656
-4.63894,580.264,11.7991,61.0029,3.54853
1.74344,510.381,13.377,66.1637,4.37227
1.19534,505.666,12.9737,64.4061,4.2907
-0.0255837,554.567,13.5638,67.8966,4.11715
-2.36179,574.909,12.8161,65.1998,3.81342
-4.96274,502.562,10.085,52.2625,3.51308
-3.34142,552.848,11.8486,60.695,3.69598
1.50039,585.919,15.2124,75.3648,4.33581
-3.74405,556.359,11.7315,60.2671,3.64927
-2.53268,544.054,12.0456,61.3531,3.79254
1.10698,504.238,12.8925,64.0414,4.27777
-4.62951,528.218,10.7449,55.5489,3.54957
-4.10082,554.653,11.5277,59.3708,3.60861
-0.494736,547.029,13.1343,65.9583,4.05329
-3.77547,555.535,11.6992,60.1147,3.64566
1.18505,589.297,15.1133,75.0331,4.28919
0.725007,526.332,13.258,66.0276,4.22255
-4.21692,585.694,12.1156,62.4506,3.59552
-4.67381,505.786,10.27,53.1109,3.54468
0.590142,557.15,13.9604,69.5892,4.20331
-4.03468,564.545,11.7648,60.5635,3.61609
-4.09197,591.728,12.3027,63.3582,3.60961
-2.75609,516.089,11.3244,57.7708,3.76549
-2.9362,562.878,12.2621,62.6334,3.7439
-3.45192,578.49,12.343,63.2772,3.68308
-3.03428,594.079,12.8908,65.8905,3.73222
1.45698,593.709,15.3886,76.2602,4.32935
1.65074,505.814,13.2096,65.3766,4.35831
-2.19127,542.451,12.1754,61.8661,3.83443
-1.08086,511.416,11.9977,60.4944,3.9756
-4.66193,518.606,10.5354,54.4788,3.54599
0.802637,505.06,12.7609,63.5183,4.23368
0.173189,573.969,14.1485,70.7273,4.14467
-4.58056,580.835,11.8388,61.1826,3.55497
-0.655462,520.271,12.4127,62.4039,4.03176
0.841076,543.887,13.7625,68.4863,4.23921
-1.28326,599.25,13.9458,70.4156,3.94929
-3.09592,550.944,11.9252,60.9814,3.7249
-1.83369,507.76,11.5606,58.5959,3.87906
0.116006,533.282,13.116,65.5917,4.13672
-3.35658,553.01,11.8449,60.6823,3.69421
-0.433667,507.091,12.2047,61.2646,4.06152
0.775798,554.2,13.9878,69.6379,4.22983
1.07988,574.995,14.6861,72.9641,4.27381
-4.9948,567.121,11.3656,58.9126,3.5096
-0.145782,592.692,14.4278,72.2811,4.10065
1.62785,550.91,14.3745,71.1529,4.35487
-1.22532,537.633,12.5406,63.2953,3.9568
-4.40343,581.394,11.9359,61.6062,3.57464
0.345647,509.17,12.6364,63.0945,4.16877
0.869257,535.466,13.5644,67.4874,4.24327
1.50218,504.521,13.0999,64.8986,4.33608
-3.02185,548.931,11.9171,60.9081,3.73369
-1.18043,565.429,13.2125,66.6658,3.96263
-3.94429,536.292,11.2171,57.7065,3.62636
-2.03499,523.421,11.8218,60.0041,3.85384
-0.712671,555.987,13.2349,66.5633,4.02414
-1.27818,521.828,12.1465,61.3283,3.94995
-0.920003,518.354,12.2382,61.6388,3.9967
-2.37276,560.114,12.4808,63.4989,3.81208
-2.425,571.252,12.7024,64.6499,3.80568
-4.42264,533.029,10.9344,56.445,3.5725
-4.318,555.565,11.4453,59.038,3.58418
-1.77003,593.293,13.5423,68.61,3.88709
-1.44776,576.473,13.3283,67.3746,3.9281
-1.1218,522.488,12.2376,61.7214,3.97026
-0.166203,507.631,12.3473,61.8666,4.09785
-4.95446,545.36,10.9475,56.7291,3.51398
-1.00121,559.133,13.1586,66.3114,3.98603
-1.3503,531.552,12.3374,62.3235,3.94064
-4.28143,582.831,12.0249,62.0113,3.58828
-3.94072,552.712,11.5622,59.4803,3.62677
-4.55612,573.325,11.6974,60.4411,3.55768
1.85378,503.548,13.2546,65.5097,4.38898
1.9768,538.718,14.2482,70.3624,4.40773
0.616335,520.94,13.0665,65.1217,4.20703
-1.73993,589.978,13.4828,68.2942,3.89089
-0.467622,553.847,13.3122,66.8395,4.05694
-2.79413,573.959,12.5751,64.1678,3.76092
-1.90525,555.688,12.6158,63.976,3.87007
-3.0447,566.414,12.2854,62.8004,3.73098
-4.56654,558.941,11.399,58.9042,3.55652
-4.03956,518.02,10.7931,55.5632,3.61554
-1.12759,590.491,13.8271,69.7413,3.9695
0.3388,540.444,13.409,66.955,4.16781
-0.419654,557.296,13.4205,67.3609,4.06341
0.535498,554.658,13.8682,69.1554,4.19555
0.767403,555.216,14.0088,69.7465,4.22862
-3.01188,570.306,12.3861,63.3008,3.73488
0.567739,518.121,12.971,64.6674,4.20013
-1.37025,523.639,12.1441,61.3556,3.93807
-0.0110917,578.264,14.1514,70.8312,4.11915
1.1624,598.122,15.326,76.1011,4.28587
-3.04641,580.514,12.5903,64.3601,3.73078
-1.69481,564.141,12.9156,65.4004,3.8966
-2.68188,536.654,11.8108,60.2206,3.77445
-4.35234,512.376,10.5408,54.3858,3.58034
0.579644,561.299,14.0586,70.0836,4.20182
0.816299,515.552,13.0329,64.8665,4.23564
-2.06112,568.746,12.8321,65.144,3.85059
-3.00184,573.109,12.452,63.6331,3.73608
-2.68253,511.109,11.2483,57.3528,3.77437
1.57439,588.646,15.3273,75.8961,4.34686
1.51615,507.95,13.1961,65.3691,4.33816
-0.400137,503.964,12.1455,60.9535,4.06605
-1.58626,590.419,13.5757,68.6914,3.9104
-0.468507,566.647,13.6194,68.3822,4.05682
-4.22767,548.917,11.3499,58.5082,3.59431
-2.64263,507.796,11.1933,57.0564,3.77919
-4.75923,522.125,10.5649,54.6696,3.5353
0.84006,588.468,14.89,74.0976,4.23906
-2.03566,530.204,11.9747,60.7804,3.85376
-0.654544,597.118,14.2467,71.6233,4.03189
-0.254738,548.325,13.2906,66.6337,4.08577
-4.98621,589.878,11.8258,61.2943,3.51053
-0.435827,542.073,13.0456,65.4865,4.06123
-4.1946,591.987,12.2569,63.1687,3.59803
-1.28072,596.525,13.8838,70.1013,3.94962
-2.73509,599.831,13.1731,67.1915,3.76802
-3.26863,539.259,11.5914,59.3466,3.70452
-1.30319,543.868,12.6469,63.8661,3.94672
-1.58074,541.136,12.4453,62.9691,3.9111
-2.8987,573.484,12.5119,63.8929,3.74838
-1.80887,581.759,13.2585,67.1902,3.88219
-3.41508,594.456,12.7026,65.1034,3.68737
-1.00807,531.581,12.5068,63.0298,3.98513
-1.38818,546.406,12.6631,63.9856,3.93576
-4.62278,587.376,11.9515,61.7841,3.55031
-2.35495,563.474,12.5647,63.9174,3.81426
-2.18864,547.316,12.2858,62.4262,3.83476
1.20891,537.956,13.8094,68.5488,4.29269
0.334366,564.976,14.0152,69.9842,4.16719
-3.66944,567.802,12.009,61.6598,3.65786
0.108603,508.892,12.5125,62.5768,4.1357
-2.13004,582.565,13.1078,66.5753,3.84202
-1.78518,552.853,12.6116,63.9016,3.88517
-1.02374,516.998,12.1561,61.2692,3.98307
-4.05737,502.568,10.4636,53.8738,3.61352
-1.7761,550.846,12.5704,63.6887,3.88632
-0.977091,577.431,13.6022,68.5356,3.98919
-2.77024,516.367,11.3241,57.7748,3.76379
-1.66731,543.065,12.4467,63.014,3.90009
-4.30709,561.117,11.5648,59.6497,3.5854
-0.179747,527.449,12.8225,64.2535,4.096
1.50095,534.455,13.8765,68.7464,4.33589
0.514445,568.268,14.1968,70.804,4.19257
0.563469,525.967,13.1653,65.6377,4.19952
0.92868,544.263,13.8193,68.728,4.25185
0.0905473,590.391,14.5061,72.5558,4.1332
1.07118,519.155,13.2554,65.8598,4.27255
-2.70433,579.085,12.7332,64.9337,3.77173
-2.87956,521.517,11.3869,58.1401,3.75067
-4.79203,594.594,12.0152,62.189,3.5317
-2.65751,540.521,11.9076,60.7035,3.77739
1.1792,527.228,13.5183,67.1174,4.28833
-1.15901,521.007,12.1849,61.4714,3.96541
-3.04812,533.938,11.5794,59.193,3.73057
-3.73824,553.333,11.6704,59.9509,3.64994
-0.408366,546.139,13.1577,66.0367,4.06494
1.56588,583.88,15.1981,75.261,4.34559
-4.23256,556.46,11.5036,59.3024,3.59376
-1.67483,510.395,11.6944,59.2085,3.89914
-4.571,585.09,11.9302,61.6506,3.55603
-4.60195,556.86,11.3402,58.6151,3.55261
-1.58731,557.749,12.824,64.8883,3.91026
1.43331,507.752,13.1485,65.1696,4.32583
0.872473,547.616,13.8739,69.026,4.24374
-2.65671,504.994,11.1253,56.7151,3.77749
-4.35632,536.767,11.0408,56.9673,3.57989
1.75806,547.251,14.3515,70.9767,4.37448
-4.08371,547.832,11.3939,58.6743,3.61054
-0.663053,563.409,13.4379,67.5612,4.03075
0.724648,583.334,14.6936,73.1775,4.22249
1.45896,531.625,13.7805,68.29,4.32964
-4.40611,588.358,12.0776,62.3386,3.57434
-3.44945,579.304,12.3616,63.3715,3.68336
1.82189,582.209,15.3062,75.6657,4.38414
-3.37441,541.993,11.6005,59.4381,3.69212
-1.98619,520.41,11.7767,59.7549,3.85993
-0.745203,531.587,12.6378,63.5745,4.01982
-3.3209,523.247,11.2235,57.4845,3.69839
-1.55902,568.736,13.0913,66.2279,3.91387
-3.27684,525.742,11.2971,57.8433,3.70356
-2.73538,525.277,11.5356,58.8396,3.76799
-2.10285,594.322,13.3868,67.9798,3.8454
-3.25541,538.811,11.5879,59.3234,3.70608
-4.58104,505.06,10.2941,53.2,3.55492
1.88946,598.197,15.7678,77.9124,4.39441
0.0561877,576.664,14.1497,70.7899,4.12844
1.95993,516.764,13.6586,67.4585,4.40515
-0.495501,562.575,13.5071,67.8311,4.05319
0.466348,509.187,12.6968,63.3441,4.18577
-4.67494,578.452,11.745,60.7389,3.54456
-1.71435,574.201,13.1357,66.5239,3.89413
0.22165,573.673,14.1681,70.8021,4.15142
-3.75479,544.964,11.4862,59.0116,3.64804
1.84772,553.713,14.5716,72.022,4.38806
0.984994,572.564,14.5699,72.4335,4.26001
0.600605,516.939,12.9581,64.5887,4.2048
-2.92441,572.439,12.4763,63.7222,3.74531
-3.86035,560.954,11.7729,60.5295,3.63594
0.751862,523.8,13.2081,65.767,4.22639
1.879,581.619,15.3246,75.7277,4.39281
0.584422,531.179,13.3067,66.3331,4.2025
-0.440195,575.989,13.8594,69.5739,4.06064
-3.76254,527.766,11.1203,57.1345,3.64715
-3.89444,511.139,10.7126,55.0915,3.63205
0.665867,536.244,13.4764,67.1423,4.21409
-3.48345,596.033,12.7012,65.1277,3.6794
-0.865454,574.79,13.6,68.4718,4.00389
-0.959825,586.167,13.8175,69.6118,3.99146
-0.500821,511.632,12.2814,61.678,4.05248
-0.716587,552.885,13.159,66.1834,4.02362
0.625592,598.952,15.0287,74.8963,4.20835
0.531823,517.389,12.9345,64.501,4.19503
-2.81709,557.401,12.201,62.2693,3.75816
-4.69858,556.698,11.2924,58.4084,3.54196
0.545392,588.981,14.7321,73.4584,4.19695
-1.62537,524.098,12.0321,60.8971,3.90542
1.28718,581.415,14.9706,74.2736,4.3042
-1.14933,590.3,13.8107,69.6691,3.96667
1.67138,558.663,14.6015,72.2553,4.36141
0.537119,558.745,13.9713,69.6687,4.19578
-1.69763,574.217,13.1448,66.5624,3.89624
-2.92223,552.483,12.0424,61.5052,3.74557
-3.78361,539.875,11.3657,58.4044,3.64473
-3.11833,569.853,12.3234,63.0274,3.72225
-4.15172,555.306,11.5175,59.3396,3.60286
-0.279248,591.171,14.3153,71.7831,4.08244
-4.53529,596.911,12.1889,62.9716,3.55998
-0.810782,547.408,12.9802,65.3264,4.01112
-2.32047,565.436,12.6258,64.213,3.8185
-4.16223,577.143,11.9653,61.6515,3.60168
-2.77803,555.093,12.1696,62.0917,3.76285
-3.82809,591.649,12.4333,63.9105,3.63963
0.530198,584.551,14.6126,72.87,4.1948
1.24224,513.618,13.2018,65.5178,4.29759
0.869619,551.376,13.9676,69.4934,4.24332
-0.203808,524.856,12.7473,63.8875,4.09272
-4.59618,534.693,10.8914,56.2928,3.55325
-4.68848,560.421,11.3726,58.8189,3.54307
-1.4575,572.293,13.2265,66.8647,3.92686
-3.27571,544.58,11.7024,59.9181,3.70369
1.60069,500.051,13.0337,64.5278,4.3508
0.95474,594.089,15.0998,75.083,4.25563
1.50918,547.124,14.21,70.3947,4.33712
-2.24785,564.657,12.6451,64.2785,3.82744
-3.12828,510.007,11.0247,56.3897,3.72107
-2.81284,521.304,11.4128,58.245,3.75867
-2.62471,517.453,11.4144,58.1759,3.78136
-3.24271,535.327,11.5189,58.9647,3.70757
-0.0974121,525.709,12.8217,64.2133,4.10728
-4.9528,586.426,11.7727,61.0041,3.51416
-2.41641,575.392,12.7989,65.1369,3.80673
-2.46937,533.811,11.8488,60.3241,3.80026
-0.879709,536.231,12.6805,63.8486,4.00201
-0.454769,539.758,12.9802,65.1665,4.05868
-0.396938,571.248,13.7688,69.0985,4.06648
-0.422146,587.014,14.1348,70.9473,4.06308
0.289402,504.678,12.4973,62.4239,4.16089
1.59189,572.949,14.9287,73.9138,4.34948
1.27944,578.772,14.8981,73.9176,4.30306
-3.34513,568.777,12.1882,62.4362,3.69555
-2.3417,592.851,13.2267,67.2792,3.81589
-4.46383,599.085,12.2689,63.3525,3.56791
0.568845,535.507,13.4069,66.8398,4.20028
-4.40318,594.363,12.2023,62.981,3.57467
-4.90886,561.618,11.2949,58.5098,3.51895
-2.70437,561.79,12.3529,62.9943,3.77173
-3.24898,525.81,11.3112,57.9043,3.70683
-4.76361,547.862,11.0837,57.356,3.53482
-0.597859,536.642,12.8325,64.4885,4.03946
-4.23876,583.434,12.0582,62.1641,3.59306
-1.64377,561.12,12.8726,65.1595,3.90308
-4.8731,539.425,10.8644,56.2653,3.52284
-3.43648,541.796,11.5673,59.2939,3.68488
-1.46059,568.094,13.1279,66.3674,3.92646
-0.515815,564.802,13.5497,68.0545,4.05046
0.251082,532.542,13.1675,65.7885,4.15553
-1.54036,573.802,13.2178,66.8588,3.91625
-3.18449,507.408,10.9438,55.9976,3.71443
-2.08374,532.823,12.0108,60.9838,3.84777
-3.02262,568.622,12.3442,63.0914,3.7336
1.54729,551.875,14.3547,71.0931,4.34281
0.325069,525.858,13.0401,65.119,4.16588
-3.36459,587.287,12.575,64.4264,3.69327
0.196326,545.071,13.4484,67.2169,4.14789
1.19137,525.383,13.4774,66.9088,4.29012
1.20668,529.81,13.5991,67.5059,4.29236
-3.35068,576.402,12.3488,63.2615,3.6949
-3.13746,590.306,12.7559,65.2482,3.71999
1.15203,582.611,14.9226,74.1028,4.28435
-3.73103,577.218,12.1778,62.5538,3.65077
-1.88175,518.092,11.7733,59.6937,3.87302
0.515079,509.062,12.718,63.4286,4.19266
0.33198,558.559,13.8547,69.184,4.16685
1.83881,569.454,14.9807,74.0483,4.38671
0.261407,562.972,13.9255,69.5711,4.15697
0.682077,549.698,13.8233,68.8631,4.21641
-1.66691,598.361,13.7142,69.4312,3.90014
-1.12813,594.02,13.9095,70.1568,3.96943
-3.8098,558.041,11.7357,60.3169,3.64173
-2.12411,574.129,12.921,65.624,3.84276
1.69713,512.419,13.4063,66.3292,4.36529
1.33342,517.099,13.3386,66.1561,4.31103
1.96723,533.459,14.1038,69.6542,4.40626
-2.02469,562.6,12.7119,64.5174,3.85513
-4.31458,542.33,11.1742,57.6382,3.58456
-1.64682,592.765,13.5969,68.8272,3.90269
0.017749,512.837,12.5645,62.876,4.12313
-1.50736,599.881,13.8367,69.9733,3.92047
-0.325617,516.741,12.4901,62.6508,4.07614
-4.66872,588.552,11.9531,61.8124,3.54525
0.45291,514.975,12.8344,64.0362,4.18387
-1.49629,517.889,11.9507,60.4314,3.92189
-2.60847,522.512,11.5335,58.7762,3.78333
-4.64999,538.826,10.9515,56.6255,3.54731
1.94375,542.94,14.3414,70.8388,4.40268
-0.277703,591.183,14.3165,71.7882,4.08265
-2.89356,520.285,11.3536,57.9757,3.749
-0.952328,501.793,11.8321,59.6064,3.99244
1.61983,555.63,14.4932,71.744,4.35367
1.4834,527.793,13.6942,67.8512,4.33328
-0.159048,544.428,13.246,66.3665,4.09883
0.266751,546.963,13.5324,67.6045,4.15772
0.517318,570.548,14.2554,71.0948,4.19298
-4.45478,546.229,11.1906,57.7806,3.56892
-2.39783,541.995,12.065,61.394,3.80901
-0.75838,532.533,12.6537,63.6603,4.01807
-1.57508,533.358,12.2692,62.0756,3.91182
-3.57778,555.055,11.783,60.4599,3.66845
-2.66538,567.027,12.4876,63.6637,3.77644
0.364562,555.167,13.7882,68.8366,4.17143
0.246347,572.353,14.1492,70.6959,4.15487
-2.46083,522.897,11.6105,59.1075,3.8013
-3.76031,570.533,12.0225,61.769,3.6474
-2.87469,509.089,11.1178,56.7638,3.75125
-4.94192,584.342,11.7361,60.8096,3.51535
1.22566,528.686,13.5803,67.4039,4.29515
-1.75408,502.68,11.4813,58.1618,3.8891
1.99355,540.914,14.3155,70.6872,4.41029
-0.438663,526.952,12.6803,63.6538,4.06085
-2.59922,557.333,12.3067,62.7124,3.78445
-0.464372,537.204,12.9138,64.8378,4.05738
-4.0337,569.174,11.8618,61.0621,3.61621
-2.70887,593.765,13.0536,66.5698,3.77119
1.85524,577.31,15.197,75.1094,4.3892
-0.944676,583.387,13.7602,69.316,3.99345
-1.33084,576.118,13.3822,67.592,3.94315
-0.379817,561.256,13.5371,67.9278,4.0688
-1.31091,501.631,11.6612,58.8914,3.94572
-4.1621,516.208,10.7021,55.1426,3.60169
-1.96261,535.167,12.1221,61.4971,3.86288
-2.01648,532.856,12.0438,61.123,3.85615
0.830388,523.811,13.249,65.9355,4.23767
-3.13252,521.642,11.2743,57.668,3.72057
1.8032,516.857,13.5782,67.132,4.38131
0.902487,586.231,14.8697,73.965,4.24807
-4.73275,568.662,11.519,59.5953,3.5382
-1.25022,582.879,13.5826,68.5662,3.95357
-3.68829,501.915,10.6074,54.4707,3.65569
0.673042,516.695,12.9888,64.7097,4.21512
-3.22943,597.521,12.864,65.8442,3.70913
-0.889801,562.912,13.3061,67.0033,4.00068
-4.28448,516.181,10.6485,54.9144,3.58793
-0.000216941,558.847,13.6821,68.4771,4.12065
-4.52997,508.844,10.3928,53.6904,3.56057
-2.5646,557.343,12.324,62.7853,3.78866
-1.67624,572.597,13.1189,66.4212,3.89896
1.25682,550.866,14.1672,70.3023,4.29973
1.84085,523.686,13.7777,68.1014,4.38702
-1.0736,533.071,12.5093,63.0709,3.97655
1.89304,566.5,14.9344,73.7925,4.39495
-4.98114,568.582,11.4013,59.0915,3.51108
-1.6483,554.978,12.7293,64.4365,3.9025
1.64605,589.337,15.3881,76.1605,4.3576
-1.98278,508.955,11.5191,58.4462,3.86036
-2.88122,501.049,10.9393,55.8552,3.75047
-4.8945,517.273,10.4092,53.9159,3.52051
-2.90598,587.942,12.8236,65.4879,3.74751
-1.31784,570.059,13.2482,66.9096,3.94482
-3.40036,510.767,10.9208,55.9654,3.68909
-1.40437,523.288,12.1195,61.2459,3.93368
-0.799737,540.535,12.8228,64.5296,4.01258
-1.8334,512.05,11.6584,59.0915,3.8791
-2.03544,589.069,13.3043,67.5289,3.85379
-3.67063,516.566,10.9248,56.0937,3.65772
-0.298789,562.065,13.6,68.2055,4.07978
-0.428396,587.551,14.1442,70.9977,4.06223
1.39649,570.642,14.7559,73.1546,4.32036
-2.11726,514.09,11.573,58.7747,3.84361
1.4533,584.475,15.1471,75.0652,4.3288
-2.40024,546.984,12.1749,61.9541,3.80871
-2.89577,514.382,11.2238,57.3139,3.74873
-0.519579,576.526,13.8289,69.4586,4.04996
0.123043,577.068,14.1969,70.9935,4.1377
-1.179,511.151,11.9449,60.2691,3.96281
-1.53561,554.59,12.7776,64.6304,3.91686
-1.48341,528.227,12.1955,61.6638,3.92353
-4.71471,571.413,11.5833,59.9198,3.54019
-2.24613,532.91,11.935,60.6679,3.82766
-1.56335,530.917,12.2187,61.8153,3.91332
1.26567,527.385,13.568,67.3249,4.30104
-3.98745,574.521,11.9957,61.731,3.62146
-4.35399,504.485,10.3778,53.5453,3.58016
-3.96133,597.205,12.4825,64.2243,3.62443
0.203791,589.962,14.5602,72.7703,4.14893
-0.280595,521.8,12.6348,63.357,4.08225
-0.956218,588.513,13.8747,69.8986,3.99193
-1.32959,516.562,11.9994,60.6072,3.94331
-0.15341,566.439,13.7846,69.0623,4.0996
-3.54771,530.961,11.2852,57.8933,3.67194
0.42325,577.159,14.3674,71.6997,4.17969
-4.20627,520.279,10.7671,55.4954,3.59672
1.75459,555.382,14.5628,72.0233,4.37396
-0.365686,561.326,13.5464,67.9676,4.07071
-0.11291,551.24,13.4362,67.2979,4.10515
-0.911881,544.274,12.8543,64.7381,3.99777
0.57022,535.724,13.413,66.8699,4.20048
1.25976,501.275,12.8933,63.9796,4.30017
-2.85953,584.808,12.7791,65.2392,3.75307
0.403471,516.014,12.8354,64.0626,4.1769
-0.931593,532.754,12.5724,63.3271,3.99517
-2.30478,515.893,11.5268,58.6171,3.82043
-1.62114,556.218,12.7716,64.6382,3.90596
1.94335,506.134,13.369,66.0358,4.40262
-2.19985,542.268,12.1671,61.8276,3.83337
-0.74791,595.78,14.1624,71.2453,4.01946
-0.879196,547.415,12.9452,65.1813,4.00208
-4.71523,558.626,11.3238,58.5779,3.54013
-1.9003,529.925,12.0332,61.0198,3.87069
-4.50385,555.496,11.3577,58.6643,3.56347
0.501067,521.469,13.0208,64.9449,4.19068
-2.41956,550.142,12.2357,62.2721,3.80634
-4.34438,580.378,11.9437,61.6203,3.58123
-3.38203,507.425,10.8573,55.6331,3.69123
1.48721,535.83,13.9048,68.8928,4.33384
-2.88383,590.971,12.9012,65.8736,3.75016
-2.79283,545.789,11.9585,61.0211,3.76107
-0.107921,520.656,12.6932,63.5744,4.10584
-0.404061,552.259,13.3074,66.786,4.06552
1.88864,555.993,14.6549,72.4137,4.39428
-4.12762,585.207,12.1495,62.5853,3.60558
-1.60739,559.841,12.8618,65.0887,3.90771
0.736613,588.269,14.8249,73.8251,4.22421
0.705882,544.438,13.7038,68.2567,4.21981
0.889368,597.65,15.1515,75.3738,4.24617
0.892131,514.429,13.0431,64.8839,4.24657
-3.17425,510.09,11.0061,56.3128,3.71564
0.114455,521.085,12.8152,64.0883,4.13651
0.351626,561.042,13.9271,69.5358,4.16961
1.73878,573.209,15.021,74.2974,4.37157
-0.340085,518.827,12.5334,62.874,4.07418
-2.83899,594.012,12.991,66.3111,3.75553
-3.96708,538.306,11.2488,57.8791,3.62377
-0.659784,596.392,14.2264,71.524,4.03119
-4.37288,533.272,10.9616,56.5649,3.57805
0.92991,559.015,14.1945,70.5936,4.25203
-4.31153,578.126,11.9132,61.4487,3.5849
1.21765,592.175,15.2064,75.4789,4.29397
-3.51961,518.013,11.0225,56.5344,3.6752
1.97275,565.543,14.9553,73.8566,4.40711
0.684542,500.792,12.5947,62.7414,4.21676
-0.0947957,519.873,12.6806,63.5058,4.10764
-3.59206,581.502,12.3373,63.3105,3.6668
-2.8647,512.869,11.2048,57.2041,3.75245
1.17375,509.079,13.0502,64.7957,4.28753
1.07585,555.866,14.1953,70.5276,4.27323
0.371532,570.805,14.1805,70.7915,4.17241
-0.210548,513.826,12.4761,62.5312,4.0918
-4.93432,518.031,10.4075,53.9227,3.51617
-2.39765,574.662,12.7923,65.0946,3.80903
-1.22895,560.316,13.0679,65.958,3.95633
1.9804,576.852,15.2589,75.3519,4.40828
0.0435669,518.721,12.7216,63.6508,4.12669
-2.7463,542.82,11.9157,60.7828,3.76667
-0.258968,522.284,12.6573,63.4604,4.0852
-4.20116,544.243,11.2654,58.0614,3.59729
0.5949,550.346,13.7925,68.75,4.20398
-4.85508,593.748,11.9673,61.9691,3.52481
-3.6783,538.579,11.3868,58.4691,3.65684
-1.37839,538.33,12.4808,63.0601,3.93702
0.374424,544.307,13.5237,67.5116,4.17281
0.993493,515.957,13.1338,65.2901,4.26125
-0.152975,552.035,13.4343,67.3071,4.09966
-2.27389,580.69,12.9906,66.0468,3.82423
-3.58422,589.538,12.5117,64.2023,3.66771
0.931009,590.138,14.9855,74.5265,4.25219
-1.82609,592.338,13.4904,68.3734,3.88002
1.74308,559.313,14.6593,72.5062,4.37222
-3.72364,595.913,12.5759,64.5957,3.65162
-4.82191,541.207,10.9231,56.5484,3.52843
-1.58348,565.324,13.0001,65.7777,3.91075
0.941406,518.503,13.1718,65.502,4.2537
-4.58203,589.045,12.0054,62.0444,3.55481
0.107504,518.386,12.7454,63.7419,4.13555
1.66585,599.152,15.6564,77.4781,4.36058
-0.764081,511.953,12.1619,61.1887,4.01731
1.4764,546.5,14.1757,70.2402,4.33223
-1.25976,589.988,13.7431,69.3807,3.95233
-1.56179,594.335,13.6791,69.2026,3.91352
-3.13631,576.357,12.455,63.7087,3.72012
0.94947,588.491,14.9544,74.3629,4.25486
-0.585681,576.547,13.7934,69.3115,4.04109
0.0862647,530.105,13.0226,65.138,4.1326
0.850708,563.186,14.2563,70.9386,4.2406
0.808154,598.249,15.1186,75.2515,4.23447
-2.56302,539.239,11.9244,60.7491,3.78885
-3.66003,579.604,12.2633,62.9612,3.65895
-2.65593,589.334,12.9837,66.189,3.77758
-2.63856,562.443,12.3999,63.2051,3.77969
-3.49787,540.825,11.518,59.0669,3.67773
-2.21341,595.744,13.3597,67.8944,3.8317
-2.44472,596.548,13.2544,67.4688,3.80327
1.58434,588.221,15.3221,75.8656,4.34835
-4.09643,520.542,10.8207,55.7277,3.6091
-0.544319,543.501,13.024,65.427,4.04663
1.04535,592.514,15.1131,75.1034,4.26878
-1.53105,500.066,11.5235,58.285,3.91744
-3.79021,505.17,10.6323,54.6379,3.64397
-2.09461,582.779,13.1312,66.6776,3.84642
1.38442,569.232,14.7126,72.9455,4.31858
-2.30974,525.797,11.7458,59.7327,3.81982
-1.22835,533.792,12.4496,62.8369,3.9564
-2.63699,567.55,12.5133,63.7823,3.77988
-0.0266569,572.45,14.0006,70.0836,4.117
0.923501,594.05,15.0804,75.0024,4.25111
1.55344,548.481,14.2698,70.6698,4.34373
0.931959,522.955,13.28,66.0443,4.25233
0.903953,527.55,13.382,66.5643,4.24828
0.115838,502.087,12.3487,61.7545,4.1367
1.95383,550.358,14.5431,71.8299,4.40422
-3.91985,597.695,12.5138,64.3661,3.62915
-3.20136,550.924,11.8742,60.766,3.71244
0.877652,557.986,14.1395,70.3448,4.24448
-0.991237,572.327,13.4744,67.8983,3.98733
1.49299,565.336,14.6738,72.7,4.33471
1.2308,585.075,15.0318,74.6055,4.29591
-1.41361,599.864,13.888,70.1871,3.93249
1.56287,562.52,14.6404,72.5008,4.34514
-3.85158,520.579,10.9294,56.1894,3.63694
0.596299,508.204,12.737,63.4884,4.20418
-4.50663,541.429,11.0689,57.1733,3.56316
-2.19014,537.909,12.074,61.3503,3.83457
-2.38608,524.925,11.6905,59.4834,3.81045
-1.26854,573.415,13.3523,67.4123,3.9512
-3.61012,526.687,11.1661,57.3081,3.66471
1.07619,563.072,14.3795,71.4426,4.27328
-1.57836,509.558,11.7201,59.2991,3.9114
1.18221,519.768,13.3286,66.1741,4.28878
-2.08523,506.461,11.4158,57.9638,3.84759
-3.94164,590.883,12.3602,63.5862,3.62667
-1.89214,536.879,12.1951,61.8371,3.87171
1.77236,591.722,15.5264,76.7798,4.37664
1.33069,597.774,15.418,76.4707,4.31063
-2.02425,503.315,11.3726,57.7196,3.85518
-4.43981,570.688,11.6988,60.3982,3.57059
1.01368,522.44,13.3093,66.1536,4.26418
-1.31919,592.865,13.7775,69.5834,3.94465
-0.100956,526.258,12.8333,64.273,4.10679
-2.07924,520.368,11.7321,59.5671,3.84833
-4.6872,598.638,12.1488,62.8327,3.54321
-3.81952,531.066,11.164,57.3826,3.64061
1.02407,516.812,13.1713,65.4629,4.26569
1.65966,542.345,14.1686,70.1184,4.35965
-0.485225,525.028,12.6107,63.3251,4.05457
-1.5788,534.905,12.3029,62.248,3.91135
-1.79419,564.339,12.869,65.2098,3.88404
0.506593,530.175,13.241,66.041,4.19146
-3.92001,540.472,11.3156,58.2034,3.62913
-1.24322,519.838,12.1169,61.1644,3.95448
-0.231343,588.109,14.2681,71.5228,4.08896
1.94014,575.254,15.1929,75.0462,4.40213
1.23737,533.152,13.7013,67.999,4.29687
-1.74517,523.403,11.9589,60.5773,3.89023
-0.966148,576.924,13.5962,68.5,3.99063
-1.38845,501.687,11.6266,58.7483,3.93572
-4.23192,557.601,11.5275,59.4253,3.59383
0.076086,509.131,12.5024,62.5401,4.13119
-4.39701,572.385,11.754,60.6646,3.57535
0.153341,595.381,14.6648,73.3185,4.14191
-0.88047,513.465,12.1418,61.1364,4.00191
-3.2487,534.096,11.4896,58.8173,3.70687
-0.340988,518.361,12.5217,62.8157,4.07406
-2.03709,567.564,12.8178,65.0601,3.85358
-1.62498,545.625,12.5265,63.3992,3.90547
-2.94775,569.068,12.3912,63.2979,3.74252
-2.84272,522.053,11.4155,58.2709,3.75508
0.856919,557.555,14.1171,70.2434,4.24149
-1.95959,559.111,12.666,64.2549,3.86326
-2.03429,524.484,11.8462,60.1274,3.85393
-0.574612,587.329,14.0575,70.6332,4.04257
0.331809,544.735,13.5117,67.4713,4.16683
-0.182676,554.461,13.4776,67.5376,4.0956
-4.74935,577.716,11.6945,60.5103,3.53638
-3.76569,557.858,11.7528,60.3859,3.64679
-0.6005,514.386,12.299,61.8088,4.03911
1.47341,522.844,13.5605,67.1933,4.33179
-4.63681,586.052,11.9178,61.6158,3.54876
-2.48054,562.545,12.481,63.5478,3.79889
-4.40429,555.962,11.4134,58.9097,3.57454
-4.71671,502.759,10.1907,52.7171,3.53997
-4.67267,563.581,11.4441,59.182,3.54481
-0.847283,510.142,12.0791,60.8066,4.00629
-3.32828,545.781,11.7034,59.9454,3.69752
1.24603,532.701,13.6943,67.9604,4.29815
-2.06961,567.835,12.8072,65.0213,3.84953
-0.111937,590.569,14.3953,72.1016,4.10528
1.7108,553.238,14.4819,71.6443,4.36735
-0.515362,571.924,13.7208,68.9137,4.05052
-0.860197,503.469,11.915,59.9859,4.00458
-2.78996,510.105,11.1779,57.0369,3.76142
-3.50089,571.222,12.1639,62.3804,3.67738
-4.43395,560.864,11.5001,59.3701,3.57124
0.307047,549.508,13.6169,68.0079,4.16336
1.03782,568.413,14.4942,72.031,4.26769
-3.88113,513.01,10.7576,55.3178,3.63357
-4.71436,550.951,11.1686,57.7748,3.54022
-0.99975,531.539,12.5099,63.0419,3.98622
-4.04172,545.322,11.361,58.4874,3.6153
0.866125,589.253,14.9251,74.259,4.24282
-1.76372,592.918,13.5372,68.5809,3.88788
-4.12228,566.633,11.7665,60.6097,3.60618
-4.69915,519.452,10.5366,54.4995,3.5419
-3.01058,550.652,11.9599,61.122,3.73503
1.08904,521.271,13.3187,66.1663,4.27515
0.0571103,565.002,13.864,69.3603,4.12857
-0.582819,549.257,13.142,66.037,4.04147
0.369337,537.015,13.3399,66.5962,4.1721
-0.856333,598.535,14.167,71.3216,4.00509
-3.92417,596.444,12.4854,64.2221,3.62866
-4.42487,590.477,12.1118,62.5238,3.57225
-2.94381,548.951,11.955,61.0682,3.74299
-1.71747,574.003,13.1295,66.4941,3.89373
0.452514,579.657,14.4462,72.0784,4.18381
1.77478,516.474,13.5532,67.021,4.37701
-4.5973,558.655,11.379,58.8133,3.55312
-4.20778,534.49,11.0606,57.0084,3.59655
-0.605943,582.906,13.9343,70.0297,4.03838
-1.0738,594.476,13.9502,70.3357,3.97652
-1.71184,552.2,12.6336,63.9802,3.89444
-3.86221,594.295,12.4717,64.1232,3.63573
-4.67203,557.735,11.3257,58.5694,3.54488
0.141583,554.529,13.6523,68.2618,4.14028
-4.27651,545.716,11.2614,58.072,3.58883
0.899834,568.017,14.4062,71.6608,4.24768
-2.71683,577.14,12.684,64.6888,3.77023
-4.86893,502.286,10.1181,52.3989,3.5233
-2.84162,587.528,12.8478,65.5815,3.75522
-4.69429,536.331,10.8812,56.2796,3.54243
1.11836,568.941,14.5533,72.2856,4.27943
-0.104068,576.047,14.0457,70.3467,4.10636
-4.36391,505.102,10.3863,53.593,3.57905
0.765529,565.047,14.2558,70.9772,4.22835
1.5486,503.477,13.0965,64.8612,4.343
-1.81635,532.092,12.123,61.4388,3.88124
-3.07443,544.88,11.8042,60.3532,3.72745
-2.22067,576.873,12.9327,65.7281,3.8308
-1.65521,589.154,13.5095,68.3891,3.90163
-4.38827,532.254,10.9338,56.4278,3.57633
-0.0264232,570.811,13.9606,69.8835,4.11704
-1.85363,591.189,13.4494,68.1789,3.87655
-0.359739,536.66,12.9541,64.9934,4.07151
-4.82724,586.78,11.8403,61.2991,3.52785
-4.77052,578.705,11.7044,60.5709,3.53406
-2.18373,500.936,11.2469,57.1455,3.83537
-0.970495,500.079,11.7832,59.3674,3.99006
-0.797181,542.698,12.8754,64.7932,4.01292
-3.97508,520.85,10.8805,55.9873,3.62286
-0.975543,537.243,12.6563,63.769,3.98939
0.735964,501.08,12.6273,62.882,4.22411
-3.84679,517.985,10.877,55.9183,3.63749
-1.40301,589.632,13.6568,69.0138,3.93385
1.12035,526.929,13.4797,66.9521,4.27972
1.14506,571.025,14.6218,72.6129,4.28333
1.56975,563.728,14.6758,72.6725,4.34617
-0.209499,567.396,13.7774,69.0528,4.09194
1.34168,544.569,14.0517,69.689,4.31225
-3.92764,585.323,12.2509,63.0173,3.62826
-2.84865,502.276,10.9804,56.0523,3.75437
-1.63791,527.082,12.0945,61.2186,3.90382
0.585683,532.615,13.3433,66.5151,4.20267
-1.98673,556.175,12.5858,63.8604,3.85987
-1.54623,501.848,11.5576,58.4636,3.9155
-2.90035,501.215,10.9345,55.8382,3.74818
0.880034,591.81,14.998,74.6147,4.24483
-3.41101,591.388,12.6391,64.7761,3.68785
0.29821,513.316,12.7156,63.5105,4.16212
0.415144,596.886,14.8538,74.1309,4.17854
-3.00589,505.603,10.9835,56.1303,3.73559
-0.862351,577.335,13.6619,68.7819,4.0043
-0.496416,540.273,12.9712,65.1401,4.05307
0.42242,541.705,13.4844,67.2935,4.17957
-1.14329,535.101,12.5223,63.1668,3.96746
-2.34687,590.106,13.1628,66.9562,3.81526
0.154695,552.911,13.6195,68.0916,4.1421
-3.32434,516.317,11.0733,56.7167,3.69798
-4.1012,517.925,10.7642,55.4387,3.60856
1.73627,592.857,15.5343,76.8379,4.37119
-3.67801,508.63,10.7538,55.2183,3.65687
-3.00947,582.005,12.6414,64.6044,3.73517
1.66319,524.636,13.7078,67.8364,4.36018
-3.23172,561.086,12.0785,61.8245,3.70887
-0.668634,570.263,13.5984,68.3707,4.03001
-4.33514,570.776,11.7505,60.6196,3.58226
-1.93935,507.117,11.4974,58.3184,3.86579
-0.259854,520.321,12.6093,63.22,4.08508
-1.62016,513.326,11.7872,59.6557,3.90608
1.49211,567.249,14.7229,72.944,4.33458
-4.2186,553.535,11.4496,59.0182,3.59533
-2.80968,501.77,10.9866,56.0683,3.75905
-4.37562,560.431,11.5185,59.4403,3.57774
-3.81018,568.206,11.9493,61.4148,3.64168
-0.00546043,510.912,12.5059,62.5928,4.11993
-0.331041,534.33,12.9125,64.7718,4.0754
-2.87567,533.98,11.6609,59.5371,3.75114
-2.1106,589.918,13.2835,67.4588,3.84443
0.508289,533.675,13.3294,66.4807,4.1917
-3.48216,556.236,11.8537,60.7818,3.67955
-3.69964,593.039,12.5274,64.3356,3.65438
-0.403472,583.558,14.0619,70.5725,4.0656
-3.30681,561.166,12.0437,61.6793,3.70004
1.47996,565.639,14.6742,72.7084,4.33277
1.12167,548.22,14.0251,69.6603,4.27991
-1.52702,562.716,12.9693,65.5959,3.91796
1.67422,506.141,13.2302,65.4683,4.36184
-4.55275,508.352,10.3732,53.5976,3.55805
-1.32725,531.23,12.3412,62.3329,3.94361
-2.37173,548.705,12.2271,62.2076,3.8122
-0.415051,501.608,12.0816,60.639,4.06403
-0.57382,541.808,12.9683,65.1605,4.04268
0.229129,576.907,14.2522,71.2186,4.15246
-4.5366,581.419,11.8719,61.3345,3.55984
-1.22628,554.123,12.9248,65.2347,3.95667
-1.71296,541.077,12.3786,62.6892,3.8943
-3.60954,527.865,11.1914,57.4374,3.66478
-0.668369,512.59,12.2232,61.4566,4.03004
-2.62105,546.652,12.0603,61.4661,3.78181
0.399292,533.486,13.2678,66.2228,4.17631
-4.62376,528.326,10.7496,55.571,3.5502
-4.67222,571.762,11.6104,60.042,3.54486
0.644319,552.948,13.8845,69.1856,4.21102
-4.72876,599.753,12.1508,62.862,3.53864
-4.78979,515.939,10.4268,53.9664,3.53195
-4.53844,519.012,10.5968,54.7478,3.55964
-4.30781,557.116,11.482,59.223,3.58532
-3.60599,535.452,11.3539,58.2699,3.66519
1.88654,569.397,15.007,74.1544,4.39396
-4.82099,565.842,11.4207,59.1242,3.52853
-4.96795,573.162,11.4993,59.594,3.51252
-3.41176,582.023,12.4386,63.7487,3.68776
-1.73498,551.417,12.6041,63.8409,3.89152
-0.806102,573.586,13.6034,68.461,4.01174
-3.5144,591.779,12.5948,64.5963,3.67581
1.8928,562.815,14.8371,73.3119,4.39492
0.776211,542.241,13.6861,68.136,4.22989
-3.78157,556.953,11.7262,60.256,3.64496
-4.25562,599.601,12.3838,63.8507,3.59117
-3.35292,599.103,12.834,65.7481,3.69464
-1.3113,550.443,12.7957,64.6211,3.94567
1.03466,535.874,13.6627,67.9006,4.26723
-1.11101,588.274,13.7843,69.5172,3.97166
-1.83203,533.553,12.1487,61.5758,3.87927
-1.81197,543.439,12.3837,62.7581,3.8818
-0.405138,589.958,14.2152,71.3426,4.06537
1.21574,563.053,14.4575,71.7625,4.29369
1.24257,541.653,13.9226,69.0948,4.29764
-0.409228,566.178,13.64,68.4578,4.06482
1.19191,529.63,13.5867,67.4509,4.2902
1.44217,546.637,14.1604,70.1805,4.32714
-2.34124,578.642,12.91,65.6677,3.81595
1.1998,548.491,14.0748,69.8707,4.29135
-3.405,547.909,11.7127,60.0257,3.68855
-3.14217,534.931,11.5571,59.1181,3.71943
-2.0794,558.635,12.5948,63.9473,3.84831
0.873658,567.145,14.3694,71.4902,4.24391
-4.17272,541.417,11.2198,57.8149,3.60049
1.09828,523.65,13.3843,66.4882,4.2765
0.138611,501.454,12.3442,61.7222,4.13986
0.498628,541,13.5072,67.3721,4.19033
-1.56675,505.418,11.6303,58.8398,3.91288
-4.23454,579.782,11.9848,61.7837,3.59354
-4.08582,580.57,12.0737,62.1762,3.6103
-4.53593,514.57,10.5072,54.2838,3.55991
-1.59439,593.388,13.6396,69.0184,3.90936
-0.18057,508.511,12.3617,61.9447,4.09589
-3.22242,546.306,11.7647,60.2146,3.70996
-4.28277,511.524,10.5531,54.422,3.58813
1.43387,511.644,13.2496,65.6703,4.32591
-1.48578,589.675,13.613,68.8316,3.92323
-1.06274,549.606,12.9029,65.0504,3.97797
1.01141,586.564,14.9416,74.2678,4.26385
0.35965,577.597,14.3425,71.6063,4.17074
-0.153962,507.348,12.3463,61.8566,4.09953
-1.09422,524.031,12.2871,61.9596,3.97386
-4.32809,531.901,10.9533,56.5042,3.58305
1.75137,555.374,14.5607,72.0147,4.37347
-1.65022,549.961,12.6133,63.85,3.90226
-4.81567,590.683,11.9247,61.7308,3.52912
1.02167,574.162,14.6315,72.7216,4.26534
-2.80822,537.513,11.7699,60.0652,3.75922
-4.20478,544.695,11.2731,58.1026,3.59688
-3.65465,538.387,11.3937,58.4944,3.65957
0.655055,510.219,12.817,63.8615,4.21255
-1.63494,547.148,12.5564,63.5554,3.9042
0.292156,530.637,13.1416,65.6406,4.16127
-3.92584,558.843,11.6975,60.17,3.62847
-4.54313,529.152,10.8018,55.8086,3.55912
-4.17866,570.854,11.827,60.9462,3.59982
1.1173,550.479,14.0805,69.9375,4.27928
-2.71373,583.329,12.8217,65.3893,3.7706
-2.07603,590.069,13.3053,67.5531,3.84873
0.771861,598.632,15.1069,75.2113,4.22926
-4.72563,584.417,11.8416,61.2609,3.53899
-3.64676,526.643,11.1487,57.2335,3.66048
-3.62319,535.626,11.3497,58.2554,3.6632
-4.13541,510.783,10.6011,54.6118,3.6047
-0.268307,566.619,13.7267,68.8264,4.08393
0.795976,586.782,14.8218,73.7801,4.23272
0.151963,552.239,13.6015,68.0027,4.14172
-2.66148,565.269,12.4508,63.4744,3.77691
-0.330025,593.621,14.3459,71.9616,4.07554
0.270809,517.776,12.8123,64.0054,4.15829
-0.0890034,573.373,13.9888,70.0544,4.10843
-0.658341,553.891,13.2133,66.4301,4.03138
-0.405269,579.414,13.9611,70.0672,4.06536
-2.48484,579.881,12.8634,65.4968,3.79837
-3.40771,589.915,12.6093,64.6218,3.68823
0.482705,552.958,13.7971,68.8256,4.18808
-1.26016,599.793,13.9712,70.5328,3.95228
-0.389806,557.959,13.4523,67.5068,4.06745
-0.324556,564.737,13.6508,68.4722,4.07628
0.158638,598.705,14.7498,73.7405,4.14265
-0.550891,571.365,13.6882,68.7665,4.04575
-2.57329,537.874,11.8894,60.5748,3.7876
1.28402,505.086,13.0037,64.5164,4.30374
-0.0422397,527.655,12.8971,64.5668,4.11486
-4.8027,565.17,11.4157,59.0903,3.53054
-1.54702,591.766,13.628,68.937,3.9154
1.04588,531.228,13.5502,67.3364,4.26886
1.67545,597.159,15.6101,77.2443,4.36202
0.922103,587.647,14.917,74.1906,4.2509
-2.84349,559.235,12.2282,62.4196,3.75499
0.931414,538.964,13.6862,68.0649,4.25225
0.110916,575.062,14.1408,70.7188,4.13602
-2.69475,566.595,12.4633,63.5533,3.77289
1.08546,501.668,12.816,63.6708,4.27463
0.842424,591.452,14.9669,74.479,4.2394
-4.65313,525.102,10.6712,55.1774,3.54696
0.793916,528.784,13.3557,66.4832,4.23243
-3.35837,520.056,11.1382,57.0628,3.694
-0.949978,500.588,11.8048,59.4678,3.99275
1.97551,527.589,13.9531,68.9061,4.40753
-4.91194,593.641,11.9374,61.8396,3.51861
-1.49017,574.85,13.2684,67.0915,3.92267
1.99094,542.875,14.366,70.9376,4.40989
-1.74988,506.528,11.5711,58.6151,3.88963
-0.604578,528.488,12.6342,63.4948,4.03856
-4.28873,549.577,11.3354,58.4589,3.58746
-4.6195,582.649,11.8569,61.2936,3.55067
-2.41916,554.033,12.3224,62.7133,3.80639
-4.7109,532.322,10.7925,55.8277,3.5406
0.0682464,559.197,13.7276,68.6726,4.13011
-2.21122,508.434,11.4027,57.9483,3.83197
0.314182,520.028,12.89,64.3744,4.16436
0.253075,558.904,13.8204,69.0497,4.15581
-3.79223,558.612,11.7561,60.414,3.64374
-0.420659,519.643,12.5133,62.8078,4.06328
-4.69014,587.472,11.9207,61.6547,3.54289
-0.259459,532.974,12.9161,64.7582,4.08513
-3.82468,570.233,11.9849,61.6041,3.64002
-4.39215,594.35,12.2075,63.0029,3.5759
-1.14043,581.602,13.612,68.6625,3.96783
-1.24586,533.97,12.4451,62.8218,3.95413
-1.33789,506.177,11.7542,59.3725,3.94224
-1.98383,593.544,13.433,68.1576,3.86023
-3.54789,508.795,10.814,55.4762,3.67192
-1.06185,538.819,12.6501,63.7755,3.97809
0.281608,538.311,13.3261,66.5672,4.1598
-0.0503563,520.616,12.721,63.6886,4.11374
-3.12208,559.326,12.0939,61.8554,3.72181
-1.18923,504.205,11.7778,59.4301,3.96148
-1.40817,519.574,12.0317,60.8036,3.93319
0.229866,512.52,12.6619,63.2715,4.15257
-1.21677,529.931,12.3652,62.406,3.95791
-3.31924,576.385,12.3641,63.3258,3.69858
-3.38927,582.903,12.4687,63.8929,3.69039
-2.09164,569.441,12.8321,65.1579,3.84679
-3.03927,585.51,12.7023,64.9293,3.73162
-2.80402,570.389,12.4919,63.7478,3.75973
-1.66938,591.19,13.5486,68.5935,3.89983
-3.59323,577.806,12.2583,62.9057,3.66667
-1.04135,557.375,13.0964,66.0162,3.98077
-4.10403,551.026,11.4508,58.9762,3.60824
-1.13287,504.808,11.8183,59.6112,3.96882
0.854753,553.108,14.0034,69.6782,4.24118
-3.00648,562.9,12.2279,62.49,3.73552
-2.2681,598.711,13.3969,68.1095,3.82495
1.53545,504.235,13.1095,64.9313,4.34104
-1.39387,585.391,13.5635,68.5381,3.93503
-2.82424,566.656,12.4,63.2882,3.7573
1.28956,584.542,15.0525,74.6789,4.30455
-1.46989,583.701,13.4836,68.1699,3.92527
-0.561887,551.658,13.2103,66.371,4.04428
-2.4058,501.434,11.1585,56.7844,3.80803
1.29063,572.766,14.7499,73.177,4.30471
0.387084,541.157,13.4521,67.1484,4.17459
-0.471068,591.624,14.2183,71.3904,4.05648
1.55132,501.538,13.0474,64.617,4.34341
-4.87969,584.893,11.777,60.9944,3.52212
0.633815,570.631,14.3227,71.3739,4.20952
-1.29139,595.967,13.8649,70.0112,3.94824
-3.75456,567.438,11.96,61.4457,3.64806
-4.35165,524.088,10.7821,55.6304,3.58042
0.0641496,543.326,13.3358,66.7146,4.12954
-0.94295,524.793,12.379,62.3575,3.99368
-0.295679,570.476,13.8052,69.2331,4.0802
1.58274,531.408,13.8414,68.5346,4.34811
-1.14994,571.003,13.3589,67.3902,3.96659
1.22162,530.124,13.6151,67.5785,4.29456
-2.8215,525.695,11.505,58.7187,3.75763
-4.06989,505.937,10.5284,54.2122,3.61211
-0.861388,552.596,13.077,65.8366,4.00443
1.03578,520.121,13.2617,65.907,4.26739
-0.993528,518.222,12.1995,61.475,3.98703
-1.5737,510.888,11.7529,59.4631,3.912
-4.3426,556.876,11.4608,59.1285,3.58143
-2.87433,563.744,12.3115,62.8585,3.7513
-2.69019,562.111,12.367,63.0599,3.77344
1.98777,545.089,14.4228,71.2197,4.40941
-4.96539,561.923,11.275,58.4304,3.5128
-0.174244,529.755,12.8813,64.5459,4.09675
-2.9397,575.097,12.5265,63.9856,3.74348
-1.84343,588.263,13.3883,67.8642,3.87783
1.56531,570.603,14.8522,73.5482,4.3455
-2.51745,565.624,12.5308,63.8176,3.79439
-4.19219,553.775,11.4669,59.096,3.5983
1.24533,542.142,13.9366,69.1633,4.29804
-4.04348,573.357,11.9442,61.4907,3.6151
-1.45524,580.846,13.4254,67.869,3.92714
-2.54333,590.919,13.0776,66.6146,3.79124
1.06989,548.114,13.9941,69.5307,4.27236
0.555431,513.325,12.8448,64.0433,4.19838
-3.00999,523.445,11.3692,58.1031,3.73511
1.48933,502.826,13.0494,64.6538,4.33416
-4.52928,591.502,12.0814,62.4135,3.56065
-1.96636,594.355,13.4608,68.2901,3.86241
-2.88712,547.094,11.9418,60.9762,3.74977
-2.49776,525.631,11.654,59.344,3.79679
0.962005,542.28,13.7869,68.5513,4.25668
-0.910341,593.086,14.008,70.5476,3.99797
0.13324,543.062,13.3656,66.832,4.13912
0.845246,505.539,12.7943,63.6661,4.23981
-0.554981,575.196,13.7778,69.2185,4.0452
-4.78689,577.405,11.6703,60.4016,3.53227
-2.308,585.643,13.0836,66.5352,3.82003
-2.67544,580.036,12.7689,65.1026,3.77522
0.786068,532.957,13.457,66.9908,4.2313
-3.3304,560.089,12.0092,61.5126,3.69727
1.79667,569.188,14.9492,73.9136,4.38032
-2.70695,542.217,11.9213,60.7943,3.77142
-2.85016,550.028,12.0236,61.3783,3.75419
1.61792,505.87,13.1942,65.3149,4.35338
-2.88208,544.121,11.8793,60.6549,3.75037
0.52921,516.893,12.9208,64.4337,4.19466
-0.897844,512.27,12.1052,60.9594,3.99962
-3.30382,553.753,11.886,60.8705,3.70039
-0.731849,529.534,12.5956,63.3566,4.02159
1.3923,583.418,15.0838,74.7825,4.31974
1.12654,578.457,14.8014,73.514,4.28063
1.90121,563.804,14.868,73.4606,4.39619
-1.99624,538.255,12.1757,61.7834,3.85868
-1.77493,521.122,11.8927,60.2543,3.88647
-1.70705,568.256,13.0034,65.8509,3.89505
-0.191218,587.07,14.2654,71.4898,4.09443
0.357845,569.614,14.1433,70.6125,4.17048
-0.229934,506.578,12.2908,61.6103,4.08915
-1.80114,504.752,11.507,58.3112,3.88316
-2.99318,597.324,12.9827,66.3408,3.73711
-3.54833,545.242,11.5884,59.4493,3.67187
0.721209,506.12,12.747,63.4842,4.222
-2.96867,563.643,12.2627,62.651,3.74003
-4.87714,517.977,10.4307,54.0208,3.5224
1.05654,504.592,12.8762,63.9821,4.27041
1.57087,537.216,13.9862,69.2571,4.34633
-4.75347,590.697,11.9553,61.8615,3.53593
-1.73084,502.113,11.479,58.1406,3.89204
-0.102889,548.806,13.3821,67.0226,4.10653
-0.705328,554.485,13.203,66.3994,4.02512
-4.10519,564.79,11.7363,60.4471,3.60811
0.950569,580.003,14.7394,73.2929,4.25502
0.644582,517.046,12.9832,64.694,4.21106
-3.32478,534.476,11.4626,58.7105,3.69793
-3.10339,508.595,11.0053,56.2801,3.72402
-4.28072,590.507,12.1836,62.8295,3.58836
-0.661969,531.829,12.6852,63.7766,4.03089
1.56794,530.119,13.7999,68.3358,4.3459
-0.464008,504.345,12.1241,60.8727,4.05743
-3.82549,549.652,11.552,59.379,3.63993
-1.33456,558.103,12.9618,65.4704,3.94267
-3.37684,595.948,12.7541,65.3499,3.69184
-2.08052,571.9,12.8933,65.4633,3.84817
-4.91965,542.93,10.9143,56.5424,3.51777
-0.261234,507.887,12.3073,61.7065,4.08489
-3.24028,560.6,12.0639,61.7534,3.70786
-2.068,538.137,12.1382,61.624,3.84973
-0.144595,556.586,13.5495,67.8805,4.10081
0.317791,560.091,13.885,69.3418,4.16486
-0.902315,557.56,13.1731,66.3392,3.99903
-4.26194,532.024,10.9853,56.6426,3.59046
-3.89704,590.064,12.3654,63.5927,3.63175
-2.19438,567.217,12.7296,64.6839,3.83405
-3.51013,556.204,11.8397,60.7217,3.6763
-1.42227,599.747,13.8805,70.1534,3.93138
-1.68056,505.954,11.59,58.6824,3.89841
1.87753,547.992,14.4378,71.3461,4.39259
-3.55088,505.168,10.7356,55.0752,3.67157
0.265029,595.04,14.7209,73.5427,4.15748
0.147102,581.278,14.314,71.5673,4.14104
-0.0345304,532.644,13.023,65.1936,4.11592
-1.23405,550.065,12.8262,64.7404,3.95566
1.94176,530.7,14.017,69.2373,4.40238
-1.07944,525.504,12.3289,62.1638,3.97579
-1.56886,538.881,12.3993,62.7311,3.91262
-2.09139,578.274,13.0313,66.1692,3.84682
-0.269318,582.454,14.1097,70.7475,4.08379
0.215784,546.592,13.4962,67.447,4.1506
-2.12383,574.07,12.9198,65.6179,3.84279
1.77956,547.26,14.3637,71.027,4.37773
1.62282,523.43,13.6548,67.5928,4.35412
-4.30383,525.134,10.8246,55.8307,3.58577
-4.41681,575.973,11.8182,61.0045,3.57315
-2.86762,587.874,12.8419,65.5637,3.7521
1.48831,599.071,15.5466,77.0266,4.33401
-3.88639,524.818,11.0029,56.5811,3.63297
-2.75245,520.566,11.4244,58.279,3.76593
-4.63982,509.423,10.3582,53.5539,3.54843
-4.37857,595.252,12.2328,63.1272,3.57741
-4.31659,528.752,10.8936,56.1914,3.58434
-3.40439,569.339,12.1711,62.3748,3.68862
0.0307596,598.045,14.6596,73.3539,4.12492
-0.0763223,552.699,13.4911,67.5563,4.11017
1.78834,581.445,15.2662,75.485,4.37906
-3.45211,544.915,11.6266,59.6043,3.68305
-0.357491,565.413,13.6494,68.4807,4.07182
-0.536336,525.469,12.5959,63.2728,4.0477
-2.11985,533.033,11.9982,60.9353,3.84329
0.763203,506.078,12.7669,63.5652,4.22802
-1.66283,543.133,12.4505,63.0312,3.90066
-2.67941,553.319,12.1788,62.0958,3.77474
-1.32804,501.307,11.6457,58.8202,3.94351
1.25717,586.29,15.0785,74.8241,4.29978
0.227287,544.853,13.4593,67.2575,4.15221
-1.07196,592.113,13.8957,70.0604,3.97676
0.624078,505.052,12.6718,63.1514,4.20814
1.23633,517.426,13.2966,65.991,4.29672
-0.282107,554.283,13.4205,67.2977,4.08205
1.28214,544.977,14.0296,69.6076,4.30346
-4.52962,504.075,10.2956,53.1879,3.56061
-0.585053,594.154,14.215,71.4297,4.04117
0.837055,564.132,14.2726,71.0264,4.23863
-2.92933,566.418,12.3426,63.0416,3.74472
-4.95807,534.757,10.7331,55.6193,3.51359
1.21422,561.397,14.4141,71.548,4.29347
-4.84117,523.642,10.5603,54.6777,3.52633
-4.91069,517.989,10.4167,53.9612,3.51875
-2.21974,545.676,12.2338,62.1754,3.83091
-0.608607,579.122,13.8424,69.569,4.03802
-3.78119,522.973,11.011,56.5805,3.64501
-4.07979,552.867,11.5004,59.2213,3.61098
1.29033,521.509,13.4298,66.6277,4.30467
-0.992858,537.605,12.6561,63.7757,3.98712
-0.0338164,544.861,13.3221,66.6904,4.11602
-2.79213,505.154,11.0685,56.4792,3.76116
-4.93998,508.906,10.2218,52.9628,3.51556
-1.75609,521.534,11.911,60.3393,3.88885
0.721487,576.884,14.5294,72.361,4.22204
-4.25911,577.965,11.9353,61.5396,3.59078
0.84973,584.953,14.8067,73.678,4.24046
0.400306,595.61,14.8134,73.9368,4.17645
-4.22234,568.341,11.7541,60.5893,3.59491
-2.80212,554.534,12.1456,61.9798,3.75996
-3.48535,590.732,12.5872,64.5444,3.67918
-4.95037,570.908,11.4623,59.3947,3.51443
-4.24002,532.147,10.9977,56.6972,3.59292
0.685847,549.816,13.8283,68.8862,4.21695
-2.19734,503.183,11.2912,57.376,3.83368
-2.29432,598.042,13.3679,67.9746,3.82172
0.144262,513.703,12.6485,63.2416,4.14065
-0.74546,589.443,14.0131,70.4932,4.01978
-1.55844,509.267,11.7228,59.3041,3.91394
-3.6236,599.342,12.6996,65.1844,3.66315
1.15347,574.368,14.7122,73.0578,4.28456
-4.22106,523.266,10.8225,55.7864,3.59505
-3.50132,502.417,10.6985,54.8658,3.67733
-4.48289,541.826,11.0877,57.2608,3.5658
-2.38864,514.186,11.4502,58.2616,3.81013
1.32922,585.904,15.1109,74.9486,4.31041
-4.88681,551.096,11.0933,57.4562,3.52135
-2.51848,564.671,12.5091,63.708,3.79427
-3.91647,506.651,10.6091,54.5677,3.62954
-3.68746,585.817,12.381,63.5779,3.65578
0.57806,513.452,12.8594,64.1062,4.20159
0.759027,593.134,14.9606,74.4896,4.22742
0.0718189,596.266,14.6396,73.2333,4.1306
0.42397,588.111,14.6405,73.0619,4.17979
-3.31837,537.79,11.5366,59.0871,3.69869
0.088202,569.791,13.9986,70.0189,4.13287
-4.11963,572.965,11.8992,61.2925,3.60648
-4.26582,507.202,10.4712,53.9929,3.59003
-1.63328,583.669,13.3954,67.8012,3.90441
0.152363,594.042,14.6313,73.1513,4.14177
0.211497,562.795,13.8939,69.4367,4.15
-3.49986,565.507,12.0427,61.7584,3.6775
-4.69332,530.151,10.7562,55.6329,3.54254
-3.78915,574.491,12.0918,62.1377,3.64409
-3.39558,588.389,12.5828,64.4807,3.68965
1.53703,518.753,13.4878,66.8043,4.34128
-4.99346,555.598,11.1353,57.7182,3.50975
-3.0305,561.95,12.1955,62.3348,3.73267
-0.429152,513.002,12.3492,61.9879,4.06213
1.11026,561.151,14.3495,71.2772,4.27825
-2.83663,524.425,11.4702,58.5474,3.75581
-0.145204,588.25,14.32,71.7408,4.10073
0.435431,521.46,12.9871,64.8058,4.1814
-3.69693,577.846,12.2078,62.693,3.65469
1.31867,525.602,13.5501,67.212,4.30885
-0.490222,543.012,13.0401,65.4836,4.0539
-1.16878,574.341,13.427,67.7423,3.96414
-2.03783,570.917,12.8931,65.4429,3.85349
-1.32024,532.172,12.3666,62.4578,3.94452
0.458417,512.283,12.7701,63.7128,4.18465
-0.450157,505.746,12.1644,61.0693,4.0593
-3.48815,518.615,11.0493,56.6595,3.67886
1.4147,546.194,14.1338,70.0616,4.32306
-0.0733278,557.853,13.6185,68.1929,4.11058
-3.8605,585.301,12.2838,63.1564,3.63592
-0.0898567,585.774,14.2909,71.5676,4.10831
1.81841,563.972,14.8247,73.2874,4.38361
-0.257771,541.151,13.1152,65.7554,4.08536
0.0260203,569.785,13.9643,69.8768,4.12427
1.85237,557.716,14.6796,72.5535,4.38877
1.77103,549.825,14.4263,71.3404,4.37644
1.29356,531.951,13.7004,67.9688,4.30515
-4.14131,578.552,12.0047,61.8453,3.60403
-0.586556,538.5,12.8827,64.7358,4.04097
-0.0476948,568.63,13.8956,69.5683,4.11411
-1.56581,546.221,12.5697,63.592,3.913
0.876443,503.107,12.7483,63.4238,4.24431
-0.460738,585.284,14.0716,70.6492,4.05787
0.191701,500.404,12.344,61.6993,4.14725
1.75817,594.536,15.5916,77.1097,4.3745
-0.277901,585.487,14.1784,71.0961,4.08262
-1.19463,524.455,12.2482,61.8061,3.96078
-3.35234,595.112,12.7488,65.3114,3.69471
0.059625,583.074,14.3089,71.5847,4.12891
-1.69094,516.834,11.8343,59.9238,3.89709
-1.49952,597.403,13.7838,69.7023,3.92147
-0.401689,571.688,13.7768,69.141,4.06584
-4.1583,581.726,12.0622,62.1492,3.60212
0.401963,550.632,13.6956,68.357,4.17669
1.88739,528.204,13.9217,68.7915,4.39409
-2.33882,537.075,11.9837,60.9553,3.81624
-3.46952,594.025,12.6655,64.9384,3.68103
-4.74161,514.799,10.4242,53.9344,3.53723
1.08436,585.56,14.9585,74.3155,4.27447
-4.13624,583.094,12.1014,62.3413,3.60461
-4.59511,509.57,10.3801,53.6497,3.55336
-4.62841,587.02,11.9416,61.735,3.54969
-2.49832,567.962,12.5922,64.1221,3.79672
0.783489,515.657,13.0189,64.8109,4.23093
1.71589,591.462,15.4855,76.6069,4.36812
-3.02411,511.837,11.1108,56.788,3.73343
-3.39448,561.501,12.0084,61.5364,3.68978
0.511873,538.194,13.4441,67.0514,4.1922
-2.62899,592.201,13.061,66.5703,3.78085
0.076645,594.426,14.5972,73.0187,4.13127
1.70484,542.194,14.1895,70.2007,4.36645
-4.30835,559.644,11.5339,59.4906,3.58526
-0.542195,554.863,13.2974,66.7995,4.04692
-2.60421,575.613,12.7078,64.7586,3.78385
-2.02279,584.976,13.2185,67.0876,3.85536
-3.98872,520.73,10.872,55.9489,3.62131
1.35152,563.223,14.5386,72.099,4.3137
1.50827,539.332,14.0071,69.3901,4.33698
-0.612758,534.139,12.7651,64.1566,4.03747
1.02818,571.464,14.5665,72.3952,4.26629
-2.3101,526.478,11.7608,59.8093,3.81977
0.818913,588.385,14.8756,74.0365,4.23602
-3.29335,545.503,11.7139,59.9845,3.70162
-3.1832,596.793,12.8723,65.865,3.71458
0.88823,562.982,14.272,70.9989,4.24601
-4.79578,527.535,10.6585,55.1682,3.53129
-2.73651,546.003,11.9903,61.1589,3.76785
-2.13073,552.916,12.4403,63.1856,3.84194
0.103119,599.547,14.7383,73.7112,4.13494
-1.59395,541.243,12.4412,62.9542,3.90942
-4.40449,572.62,11.7553,60.6743,3.57452
-1.953,586.585,13.2919,67.427,3.86408
-0.366932,542.373,13.0883,65.67,4.07054
-2.94978,515.161,11.2164,57.2979,3.74228
-1.62329,563.239,12.9317,65.4495,3.90568
-4.7232,561.356,11.3755,58.8485,3.53925
-1.82327,501.955,11.4332,57.9458,3.88037
-3.46704,579.487,12.3568,63.3543,3.68131
-4.3548,531.092,10.9248,56.3678,3.58007
-4.73616,531.716,10.7691,55.717,3.53783
-1.39043,582.997,13.5099,68.2654,3.93547
-4.60072,503.947,10.2632,53.0477,3.55275
-4.01627,594.66,12.4017,63.8333,3.61818
1.37584,542.13,14.0074,69.4534,4.3173
-0.731194,508.276,12.0903,60.8145,4.02168
-3.19978,551.872,11.8954,60.8739,3.71263
1.0319,556.397,14.1845,70.4948,4.26683
-1.86229,509.543,11.588,58.7463,3.87546
-0.832641,576.468,13.6574,68.7453,4.00823
0.161262,574.73,14.1606,70.7936,4.14301
-4.78485,586.765,11.8605,61.3849,3.53249
1.41233,524.473,13.5705,67.2703,4.32271
-1.43711,537.878,12.4412,62.8859,3.92947
-0.26404,563.499,13.6534,68.4569,4.08451
0.0629389,523.722,12.854,64.3049,4.12937
-4.10341,533.18,11.0803,57.0674,3.60831
-2.91714,509.864,11.1157,56.7702,3.74618
-2.41747,542.214,12.0604,61.3789,3.8066
-4.66967,566.168,11.498,59.4596,3.54514
0.891003,530.773,13.4569,66.943,4.24641
0.365405,594.084,14.7552,73.6639,4.17155
-3.88735,597.31,12.5222,64.3945,3.63286
-2.50733,551.822,12.23,62.2812,3.79563
-1.84176,596.867,13.585,68.8606,3.87804
-1.53591,557.321,12.8404,64.948,3.91682
-1.68482,554.048,12.6896,64.2514,3.89787
1.48306,506.894,13.1518,65.1637,4.33323
-4.33084,567.016,11.6751,60.229,3.58274
-3.58102,567.867,12.0534,61.8488,3.66808
-1.67177,515.327,11.8088,59.7866,3.89952
-2.8346,544.927,11.9196,60.8404,3.75606
-4.73602,545.511,11.0486,57.1627,3.53785
-4.80479,559.834,11.307,58.5283,3.53031
-0.579073,547.479,13.1014,65.8312,4.04197
-1.85491,510.321,11.6091,58.8503,3.87639
-2.59743,576.233,12.7249,64.843,3.78467
0.922696,554.195,14.0682,69.9686,4.25099
-4.02868,531.028,11.069,56.9792,3.61678
-0.509902,522.803,12.5451,63.0061,4.05126
0.596792,511.354,12.8162,63.883,4.20425
-3.02855,599.047,13.0016,66.4542,3.7329
-2.42267,535.843,11.9162,60.6473,3.80596
-3.21832,529.853,11.4123,58.409,3.71044
0.472205,597.085,14.892,74.2928,4.18659
0.598238,574.783,14.4068,71.8105,4.20446
0.699848,530.444,13.3484,66.4893,4.21895
-1.09288,515.576,12.0895,60.9626,3.97403
0.958049,571.555,14.5289,72.2428,4.25611
-1.40872,549.67,12.7283,64.3244,3.93312
-0.789336,563.21,13.3662,67.2594,4.01396
0.867469,593.578,15.0354,74.8072,4.24301
-2.02105,582.926,13.1731,66.8563,3.85558
-4.54973,580.045,11.8375,61.1627,3.55838
-0.0856466,563.078,13.7394,68.8041,4.10889
-3.14364,563.663,12.1771,62.2905,3.71926
0.274072,577.887,14.3016,71.4437,4.15874
-1.86833,501.273,11.3971,57.7813,3.8747
-4.89527,520.954,10.4829,54.2982,3.52043
-2.97509,511.403,11.1233,56.8322,3.73926
-1.06767,559.097,13.1231,66.1631,3.97732
0.746297,592.792,14.9445,74.416,4.2256
1.59149,505.831,13.1797,65.2544,4.34942
-4.78215,520.338,10.519,54.4405,3.53279
0.0943571,562.896,13.8326,69.1854,4.13372
-4.65657,596.332,12.1171,62.6551,3.54658
-2.70915,560.393,12.3198,62.8277,3.77115
-4.94533,594.241,11.9332,61.8326,3.51498
0.312602,514.804,12.7597,63.7243,4.16414
-0.407744,561.759,13.5343,67.9268,4.06502
-4.12409,532.939,11.066,57.0022,3.60598
-0.740708,529.224,12.5839,63.3013,4.02041
-3.91159,595.522,12.4724,64.1497,3.63009
-3.44964,579.043,12.356,63.3425,3.68334
-3.36158,591.02,12.6564,64.8423,3.69362
1.58715,559.34,14.5714,72.1471,4.34877
1.23941,595.375,15.3016,75.94,4.29717
1.43731,595.131,15.4137,76.3945,4.32642
0.582613,529.019,13.2516,66.0595,4.20224
0.897693,596.781,15.1344,75.2844,4.24738
1.6693,549.879,14.3708,71.1144,4.3611
1.87204,538.294,14.1792,70.0711,4.39176
-0.866485,556.354,13.1633,66.2733,4.00375
-0.754404,545.394,12.9613,65.2061,4.01859
-0.623116,523.902,12.5154,62.9057,4.03608
-0.00701495,505.991,12.3847,61.9867,4.11971
-0.24066,592.231,14.3628,72.0022,4.08769
0.0328842,587.271,14.3967,72.0374,4.12522
-3.69365,578.317,12.2194,62.751,3.65507
-2.36992,507.457,11.3088,57.5347,3.81243
-4.1688,531.493,11.0159,56.7626,3.60093
-4.63361,532.869,10.8377,56.0303,3.54911
0.664705,565.874,14.2204,70.8496,4.21393
-2.17577,532.452,11.9583,60.7567,3.83635
-2.25741,560.061,12.5374,63.7352,3.82626
0.690332,501.471,12.6146,62.8382,4.21759
-0.903538,551.195,13.0221,65.5792,3.99887
-0.0561052,512.885,12.5293,62.7311,4.11295
-0.463282,515.063,12.3821,62.1678,4.05753
0.216098,573.531,14.1615,70.7718,4.15065
-0.833522,576.621,13.6606,68.7615,4.00811
-3.02928,582.113,12.6337,64.574,3.73281
-1.97657,502.031,11.3652,57.6629,3.86113
-2.22656,517.681,11.603,58.9723,3.83007
0.197948,506.145,12.4887,62.4199,4.14812
-0.499063,502.32,12.0587,60.559,4.05271
1.75253,545.292,14.2971,70.7101,4.37364
-1.55218,599.647,13.8066,69.8432,3.91474
0.496963,532.68,13.2986,66.3323,4.19009
0.533973,543.801,13.5959,67.7985,4.19534
0.079489,529.172,12.9962,65.009,4.13166
-3.19511,594.534,12.8174,65.5898,3.71318
-0.964202,523.582,12.34,62.1705,3.99088
1.78238,586.322,15.3906,76.1036,4.37816
-2.92093,505.477,11.0184,56.2746,3.74572
-0.952879,567.85,13.3894,67.4519,3.99237
-3.05729,515.994,11.1861,57.1863,3.72949
-3.5297,529.462,11.2615,57.7646,3.67403
-1.13479,512.514,11.9978,60.5174,3.96856
-3.93106,579.155,12.1201,62.3462,3.62787
-2.95959,525.199,11.4305,58.3954,3.74111
-3.13562,532.583,11.5094,58.8715,3.7202
-2.4523,525.927,11.6818,59.4667,3.80234
-1.80417,500.943,11.4188,57.8653,3.88278
-2.44643,572.888,12.7279,64.7892,3.80306
-1.48159,518.162,11.964,60.4923,3.92377
0.182258,540.496,13.3281,66.6221,4.14593
-4.79386,592.031,11.9626,61.9171,3.5315
-1.54761,511.808,11.7863,59.6212,3.91533
1.17859,590.797,15.1479,75.2084,4.28824
-3.61371,525.988,11.1497,57.2252,3.6643
-3.0042,531.06,11.5373,58.9598,3.73579
-2.29367,560.235,12.5231,63.6787,3.8218
-0.227925,582.554,14.1352,70.8551,4.08943
-4.42077,548.797,11.2587,58.1184,3.57271
-1.88107,567.51,12.8966,65.389,3.8731
0.454826,525.241,13.0912,65.3168,4.18414
-1.46491,506.689,11.7069,59.1853,3.9259
0.342262,571.164,14.1731,70.7689,4.1683
-4.09743,524.538,10.9033,56.1537,3.60899
-1.35101,504.624,11.7121,59.1649,3.94055
-3.53917,557.535,11.8541,60.8082,3.67293
0.629476,548.183,13.7569,68.5565,4.2089
-4.76338,538.989,10.9043,56.4275,3.53484
1.82836,529.596,13.9265,68.8422,4.38512
-1.11481,514.749,12.0596,60.821,3.97117
-3.57808,581.547,12.3452,63.345,3.66842
-2.40252,555.798,12.3699,62.9477,3.80843
1.2869,505.259,13.0096,64.5444,4.30416
-1.91179,534.724,12.1366,61.5491,3.86925
-4.2422,503.146,10.3974,53.6034,3.59268
-2.56414,577.196,12.7632,65.0229,3.78871
0.670698,563.168,14.1558,70.5246,4.21478
0.872846,548.803,13.9042,69.1763,4.24379
0.386588,592.73,14.7339,73.5466,4.17452
-1.37763,542.583,12.5798,63.5599,3.93712
-1.40781,505.269,11.7006,59.1302,3.93323
-4.8618,593.32,11.9554,61.9104,3.52408
-0.0495333,587.13,14.3467,71.8274,4.11386
1.51727,564.595,14.6684,72.6614,4.33833
-4.9942,552.24,11.0677,57.368,3.50967
1.7903,534.414,14.0324,69.3837,4.37936
0.0228259,577.671,14.1558,70.8366,4.12383
1.38302,562.782,14.545,72.1157,4.31837
1.89393,579.671,15.2821,75.5104,4.39509
-2.72586,522.754,11.4846,58.5755,3.76914
-2.6985,568.482,12.503,63.7571,3.77244
0.316385,546.16,13.5389,67.614,4.16467
-2.20647,556.948,12.4931,63.4876,3.83255
-2.98599,587.237,12.7671,65.236,3.73796
0.536299,585.587,14.642,73.0136,4.19566
-2.65299,532.458,11.7321,59.8069,3.77794
-0.0382972,500.212,12.2282,61.2165,4.1154
-2.45913,589.004,13.0793,66.5838,3.80151
-2.44903,529.513,11.763,59.8787,3.80274
1.31893,543.177,14.0034,69.46,4.30889
-0.616903,518.853,12.3978,62.3121,4.03691
0.56961,573.38,14.3555,71.5687,4.20039
-3.76005,508.63,10.7181,55.0674,3.64743
1.04379,533.865,13.6164,67.6661,4.26856
-1.46105,526.667,12.1703,61.5267,3.9264
-3.09024,510.632,11.0552,56.5301,3.72558
1.66028,501.201,13.094,64.8002,4.35974
0.714941,536.931,13.5197,67.3353,4.22111
-4.30535,595.095,12.266,63.2655,3.5856
-3.53071,567.338,12.0666,61.8948,3.67391
-1.55631,535.249,12.3219,62.3341,3.91422
-4.14605,501.443,10.4027,53.5941,3.6035
-1.2541,523.025,12.186,61.5175,3.95307
-2.93494,542.398,11.8165,60.357,3.74405
-2.84329,510.152,11.155,56.9414,3.75502
0.978044,569.019,14.4758,71.9687,4.25901
-0.817321,568.88,13.4858,67.8744,4.01025
-2.6571,545.581,12.0193,61.2726,3.77744
-2.43069,530.577,11.7953,60.0354,3.80498
-1.14919,538.065,12.5887,63.5044,3.96669
-4.05446,533.837,11.116,57.2313,3.61385
-0.0198114,564.254,13.8038,69.0955,4.11795
-3.85864,549.081,11.5245,59.2517,3.63614
-0.362378,507.718,12.2543,61.4831,4.07116
-3.7105,514.901,10.8721,55.8386,3.65313
-0.601306,549.56,13.1396,66.0335,4.039
-0.067768,592.288,14.4623,72.4154,4.11135
-3.3171,524.207,11.2458,57.5973,3.69883
-2.95732,504.956,10.9909,56.1488,3.74138
-1.80836,542.615,12.3667,62.6704,3.88225
-2.59947,500.53,11.0523,56.3204,3.78442
0.423811,585.701,14.5804,72.7621,4.17977
-3.39086,539.959,11.5493,59.1826,3.6902
-0.642465,529.692,12.644,63.5608,4.0335
-3.66173,559.045,11.8275,60.7244,3.65875
1.67936,540.854,14.1404,69.9699,4.36261
-3.30998,598.897,12.8518,65.8194,3.69967
-0.236608,555.74,13.48,67.5746,4.08824
-4.32529,573.393,11.8091,60.9176,3.58336
-2.0271,588.928,13.3055,67.5313,3.85483
1.09522,597.012,15.2576,75.7955,4.27605
-1.01697,506.726,11.9178,60.0652,3.98396
-0.808693,535.47,12.6982,63.9062,4.0114
-3.81477,557.615,11.7244,60.2608,3.64116
0.910438,576.376,14.6242,72.7402,4.24922
-3.4596,565.61,12.0645,61.8526,3.68218
0.0737826,514.576,12.635,63.2042,4.13087
-0.107068,566.742,13.8172,69.2036,4.10595
-4.50313,568.862,11.6314,60.0773,3.56355
0.921764,590.543,14.9903,74.5555,4.25085
-1.20118,542.833,12.6741,63.9582,3.95993
-4.73423,597.737,12.1072,62.6391,3.53804
-1.57971,530.394,12.1987,61.7212,3.91123
-2.91359,555.032,12.1021,61.8066,3.7466
0.833089,522.128,13.2078,65.7295,4.23806
-4.84756,539.688,10.8811,56.3411,3.52563
-2.26584,541.284,12.113,61.5812,3.82522
-3.63186,505.78,10.7135,54.9934,3.6622
0.0752568,510.066,12.5249,62.6532,4.13108
-0.487984,512.073,12.2982,61.7571,4.0542
1.59972,538.427,14.0335,69.4778,4.35065
0.876104,507.529,12.8601,63.9805,4.24426
-2.45418,529.487,11.76,59.8655,3.80211
-4.81956,570.508,11.5156,59.6146,3.52869
-1.34409,546.455,12.6864,64.0839,3.94144
-0.43401,522.762,12.5818,63.1573,4.06148
0.347482,523.536,12.9939,64.8786,4.16903
-3.34301,568.956,12.1931,62.4602,3.6958
-4.12157,508.053,10.5503,54.345,3.60626
0.544766,561.498,14.0443,70.0293,4.19687
1.98006,579.463,15.3278,75.6922,4.40823
-3.10282,579.768,12.5456,64.1571,3.72409
1.97115,544.226,14.3907,71.069,4.40686
-0.897354,590.502,13.9541,70.2701,3.99968
-3.79832,599.806,12.6199,64.8559,3.64304
-1.48306,525.27,12.1274,61.3193,3.92358
-2.23146,597.758,13.3952,68.0834,3.82947
0.704699,532.015,13.3905,66.6967,4.21964
-3.73974,547.997,11.5572,59.3698,3.64977
-4.60845,530.757,10.8058,55.8553,3.55189
-2.74218,500.256,10.9832,56.0243,3.76717
-1.2492,532.607,12.4116,62.6546,3.9537
-3.76696,504.377,10.6255,54.5944,3.64664
-2.57047,577.572,12.7683,65.0515,3.78794
-4.46741,545.359,11.167,57.6641,3.56752
1.11225,575.75,14.724,73.1363,4.27854
0.26392,597.872,14.7903,73.89,4.15732
-3.18282,525.206,11.3284,57.9651,3.71463
-3.96198,517.818,10.8229,55.6857,3.62435
-4.84683,559.344,11.2777,58.3946,3.52571
0.663929,515.618,12.9571,64.5558,4.21382
-0.467333,580.24,13.9468,70.0253,4.05698
-3.71601,587.18,12.3955,63.6653,3.6525
1.44089,551.954,14.2974,70.8602,4.32695
-3.76878,589.648,12.421,63.8204,3.64643
-2.66946,569.516,12.5403,63.9344,3.77595
1.61336,539.702,14.0742,69.6729,4.3527
-0.435122,589.078,14.1772,71.1666,4.06133
-0.366214,558.859,13.4866,67.6677,4.07064
1.52079,536.173,13.9319,69.0115,4.33885
-3.19371,552.802,11.9184,60.9886,3.71334
0.106491,537.654,13.2186,66.1091,4.13541
-2.28152,511.945,11.4492,58.2132,3.82329
-0.110321,593.743,14.4736,72.4929,4.10551
1.06138,560.385,14.3026,71.0677,4.27112
-2.5162,528.495,11.7088,59.6309,3.79455
-4.26794,546.385,11.2791,58.1598,3.58979
-2.40676,542.25,12.0663,61.4047,3.80791
0.133889,556.107,13.687,68.4388,4.13921
0.912986,533.777,13.5447,67.3697,4.24959
1.97149,595.119,15.7366,77.7158,4.40692
-1.32833,582.979,13.5429,68.4025,3.94347
-4.20252,541.309,11.204,57.7458,3.59714
-2.92155,542.829,11.8323,60.4318,3.74565
-0.301703,500.903,12.1187,60.7778,4.07939
-3.58571,500.565,10.6228,54.5102,3.66754
-4.95501,547.403,10.9883,56.9405,3.51392
-4.74556,566.131,11.4618,59.3045,3.5368
-4.17912,527.108,10.9205,56.2749,3.59977
-2.92879,549.701,11.9786,61.1822,3.74478
-4.93488,579.988,11.652,60.3708,3.51611
1.1596,554.059,14.1955,70.4886,4.28546
-1.40515,560.886,12.9899,65.6447,3.93358
-1.45134,524.705,12.1297,61.3171,3.92764
-2.46977,546.144,12.1224,61.717,3.80021
1.92791,562.358,14.8452,73.335,4.40026
-1.76647,569.507,13.0012,65.867,3.88754
-1.78632,563.921,12.8635,65.1784,3.88503
-0.935099,508.106,11.9891,60.3903,3.99471
-0.216124,511.973,12.4284,62.2944,4.09103
-0.405573,535.186,12.8952,64.7182,4.06531
1.81744,517.455,13.6014,67.2405,4.38347
-2.83249,587.688,12.856,65.6193,3.75631
-2.33103,598.177,13.3513,67.9075,3.8172
-3.83408,568.4,11.9418,61.3868,3.63895
-1.97855,555.523,12.5752,63.8027,3.86089
1.34654,517.199,13.348,66.1968,4.31297
-4.31343,514.957,10.6107,54.7311,3.58469
-0.186265,509.413,12.3808,62.0432,4.09511
-3.31112,543.251,11.6572,59.7016,3.69954
-0.614235,583.613,13.9467,70.0957,4.03727
1.82755,534.446,14.0536,69.4709,4.385
-4.04164,521.679,10.8685,55.9518,3.61531
-0.925139,579.795,13.6861,68.9333,3.99602
-1.54809,588.068,13.5422,68.5037,3.91527
-4.46484,561.954,11.508,59.4239,3.5678
1.60425,509.466,13.281,65.7502,4.35133
0.999297,503.711,12.825,63.7525,4.26209
-2.02901,506.851,11.4503,58.1159,3.85459
-3.88067,560.891,11.7618,60.4817,3.63362
-0.0401725,562.216,13.743,68.8004,4.11514
1.09948,564.702,14.4342,71.7033,4.27667
-4.66631,515.415,10.4687,54.1356,3.54551
-2.1261,524.26,11.7977,59.92,3.84251
-0.67971,524.965,12.5127,62.9171,4.02853
-1.99208,555.07,12.5581,63.7223,3.8592
0.499383,575.479,14.3685,71.6676,4.19044
0.0461292,595.104,14.5964,73.0297,4.12705
1.61119,599.492,15.632,77.3861,4.35237
-0.00354158,529.575,12.9637,64.8832,4.12019
-0.936642,530.716,12.5218,63.0744,3.99451
1.1496,572.02,14.6499,72.75,4.284
0.458894,520.238,12.9686,64.7032,4.18471
-0.565535,530.385,12.6991,63.804,4.04379
-0.451978,593.115,14.2649,71.6149,4.05905
-2.86738,570.128,12.4544,63.585,3.75213
-1.45074,549.972,12.7141,64.2711,3.92772
-0.943855,545.983,12.8784,64.8735,3.99356
-0.837395,536.63,12.7112,63.9846,4.0076
1.16478,520.172,13.3299,66.1884,4.28622
-2.11958,583.757,13.1401,66.7346,3.84332
-0.620189,563.322,13.4586,67.6454,4.03647
1.06719,518.425,13.2347,65.7587,4.27196
-3.83551,583.368,12.2556,63.0003,3.63878
-4.08187,555.475,11.5537,59.4965,3.61075
0.201791,508.834,12.557,62.7592,4.14865
1.62475,557.167,14.536,71.9538,4.35441
-4.61446,570.197,11.6059,59.9939,3.55123
-4.75448,573.835,11.6135,60.0935,3.53582
-4.00602,506.407,10.5655,54.3785,3.61935
1.44678,516.675,13.3866,66.3436,4.32783
-0.345132,556.127,13.4318,67.3831,4.07349
-1.72563,571.896,13.077,66.2323,3.8927
-1.51835,514.867,11.8706,60.0352,3.91906
-4.3527,530.983,10.9235,56.3603,3.5803
-1.68167,518.93,11.8867,60.1851,3.89827
-1.87584,551.624,12.5382,63.5696,3.87376
-4.06502,519.602,10.8149,55.6855,3.61266
-2.10459,585.231,13.1811,66.9361,3.84518
0.269006,586.555,14.5132,72.5033,4.15803
-3.99332,573.582,11.9732,61.618,3.62079
-3.51227,563.396,11.9917,61.5025,3.67605
1.44116,503.833,13.051,64.683,4.32699
1.52366,590.422,15.3432,76.0009,4.33928
-4.19381,568.645,11.774,60.6796,3.59812
-4.62035,561.203,11.4201,59.0358,3.55058
-2.30837,580.737,12.9738,65.9771,3.81999
-0.800267,573.459,13.6036,68.4588,4.01251
1.2399,529.401,13.6062,67.5261,4.29724
1.10793,559.756,14.3125,71.0947,4.27791
-0.426511,577.79,13.9103,69.8225,4.06249
-1.17684,515.925,12.0575,60.8363,3.96309
-1.4806,546.179,12.6114,63.7653,3.92389
1.75885,505.884,13.2671,65.6133,4.3746
1.03633,598.684,15.2652,75.8634,4.26747
-2.86376,564.158,12.3258,62.9267,3.75256
0.561328,521.545,13.0535,65.0814,4.19922
-4.89552,588.487,11.8417,61.3366,3.5204
-4.47146,549.241,11.2446,58.0667,3.56707
-1.61523,557.44,12.8027,64.7928,3.90671
1.59343,543.316,14.1574,70.0944,4.34971
-4.94174,527.414,10.5928,54.8857,3.51537
0.678491,502.762,12.6412,62.9758,4.2159
-2.2527,566.241,12.6781,64.4484,3.82685
-2.02842,557.372,12.5919,63.9099,3.85466
-3.14103,512.132,11.065,56.6006,3.71956
-2.62508,580.223,12.7988,65.2321,3.78132
0.815352,532.277,13.4552,66.9687,4.23551
-3.84447,564.429,11.8534,60.9368,3.63776
-2.1467,577.492,12.985,65.9593,3.83995
-4.44572,581.168,11.9108,61.4951,3.56993
-2.01494,563.385,12.7346,64.6282,3.85634
-3.11975,541.367,11.7067,59.874,3.72208
1.34011,510.806,13.1797,65.3651,4.31202
-1.76198,571.705,13.0538,66.131,3.8881
-3.89227,517.125,10.839,55.7408,3.6323
1.96935,596.264,15.7656,77.86,4.40659
-0.241262,526.626,12.7715,64.0249,4.08761
-2.4433,534.308,11.8722,60.4323,3.80344
-4.93199,569.916,11.451,59.3281,3.51643
0.635876,564.869,14.1792,70.6579,4.20982
-2.61741,546.073,12.0492,61.4084,3.78225
0.0624798,560.517,13.7569,68.8218,4.12931
-3.5427,578.926,12.3071,63.1338,3.67252
-1.04343,592.634,13.9237,70.1875,3.98049
-2.25375,508.505,11.385,57.8751,3.82672
-3.2359,571.864,12.3084,63.0033,3.70837
-3.15225,529.189,11.4284,58.464,3.71824
-0.92829,521.552,12.3097,62.0023,3.99561
-4.02219,539.418,11.2469,57.892,3.61751
0.50622,541.299,13.5187,67.4258,4.1914
1.74037,589.832,15.4575,76.4559,4.37181
-0.0490864,532.479,13.0115,65.1425,4.11392
-1.39192,528.134,12.2378,61.8383,3.93528
-2.55021,507.43,11.2268,57.1899,3.79041
-1.40721,516.42,11.9591,60.4364,3.93331
-3.0751,544.379,11.793,60.2964,3.72737
-2.05649,581.849,13.1302,66.6549,3.85116
0.68148,539.522,13.5671,67.5869,4.21632
-4.68869,523.209,10.6174,54.913,3.54305
-4.69118,529.7,10.748,55.5895,3.54277
0.647243,564.385,14.1733,70.6233,4.21144
-2.34468,526.715,11.7498,59.768,3.81552
-3.75139,519.051,10.9416,56.212,3.64843
1.83924,598.881,15.7551,77.8759,4.38677
-4.06759,578.923,12.0484,62.0376,3.61237
-1.8332,589.622,13.4247,68.0439,3.87912
1.14294,577.164,14.7778,73.3885,4.28302
-0.933225,563.752,13.3031,67.0082,3.99496
-1.30993,517.105,12.0214,60.71,3.94585
-2.42869,519.66,11.5535,58.804,3.80523
-1.44081,567.067,13.1145,66.2904,3.929
1.44032,501.024,12.9779,64.3206,4.32687
-4.26013,506.274,10.4544,53.9044,3.59067
0.706758,547.954,13.7928,68.6994,4.21993
-0.841892,509.327,12.0623,60.7202,4.007
1.24413,518.319,13.3236,66.1216,4.29787
0.590697,592.462,14.8455,74.0011,4.20339
0.80385,579.974,14.6543,72.9426,4.23385
-2.5954,507.385,11.2055,57.0993,3.78492
-2.56911,599.193,13.247,67.4897,3.78811
-4.81389,598.876,12.091,62.5908,3.52931
-3.33826,550.28,11.7951,60.4195,3.69635
-0.73171,546.043,12.9884,65.3322,4.02161
-1.62716,531.144,12.1929,61.7122,3.90519
1.16738,527.582,13.5212,67.1369,4.2866
1.89219,514.322,13.5584,66.994,4.39482
-1.79683,567.622,12.9425,65.5835,3.8837
-3.81648,558.96,11.7519,60.4027,3.64096
-4.08504,521.429,10.8441,55.8439,3.61039
-4.08109,569.487,11.8455,60.9989,3.61084
-3.85129,579.348,12.1634,62.5332,3.63698
-1.75372,531.848,12.1477,61.5374,3.88915
-3.2258,511.814,11.0204,56.4064,3.70956
-3.81165,589.125,12.3885,63.6727,3.64151
-4.8558,571.11,11.5107,59.6049,3.52473
1.45385,538.372,13.9526,69.1454,4.32888
-2.67341,511.119,11.2527,57.3712,3.77547
0.0485139,567.902,13.9305,69.6968,4.12738
0.616616,512.364,12.8515,64.0503,4.20707
1.95803,507.539,13.4138,66.2503,4.40486
1.21298,544.984,13.992,69.4535,4.29329
0.932449,552.995,14.0431,69.8391,4.2524
-0.433327,574.187,13.8198,69.3717,4.06157
-0.0210825,568.067,13.8964,69.5595,4.11777
-3.89389,507.679,10.6403,54.7197,3.63211
-1.75937,509.242,11.6287,58.9108,3.88843
-4.61908,523.312,10.6496,55.0523,3.55072
-2.92634,599.811,13.0718,66.7648,3.74508
0.0361235,529.717,12.9875,64.9843,4.12567
0.542558,581.577,14.5453,72.5283,4.19655
0.717804,588.506,14.82,73.81,4.22151
-3.91817,536.572,11.2348,57.787,3.62934
1.90475,585.222,15.4349,76.2598,4.39673
-4.88279,591.105,11.9006,61.6358,3.52179
-0.0869496,560.28,13.6704,68.4592,4.10871
-4.54718,510.091,10.411,53.791,3.55867
-3.69058,564.451,11.9279,61.2527,3.65542
1.52354,508.702,13.2195,65.4814,4.33926
-3.28107,512.914,11.0196,56.424,3.70306
1.6816,553,14.4592,71.5463,4.36295
-3.91917,514.997,10.7826,55.4615,3.62923
-0.563923,532.498,12.7505,64.0615,4.044
-0.435363,574.023,13.8147,69.3473,4.06129
0.716996,564.117,14.2053,70.7493,4.2214
-1.43859,523.374,12.1051,61.1872,3.92928
-4.05979,579.328,12.0606,62.0972,3.61325
-4.93741,570.615,11.4625,59.3901,3.51584
-3.04263,528.837,11.4713,58.6382,3.73123
-0.591743,595.928,14.2536,71.6273,4.04028
-2.04528,550.927,12.4379,63.1358,3.85256
-4.11227,556.824,11.5675,59.5804,3.60731
-2.19197,548.188,12.3038,62.5189,3.83435
-1.4538,559.7,12.9374,65.4013,3.92733
-4.77446,598.236,12.0975,62.6069,3.53363
-3.78696,531.986,11.1981,57.5445,3.64434
-1.17973,529.131,12.3647,62.3876,3.96272
-4.60337,535.996,10.9147,56.4164,3.55245
1.17952,513.883,13.1763,65.4193,4.28838
-4.10818,553.412,11.4985,59.2234,3.60777
0.0946738,565.125,13.8875,69.4602,4.13377
-1.48118,596.858,13.7813,69.6807,3.92382
-3.56803,552.14,11.7257,60.1619,3.66958
-4.63725,541.486,11.0113,56.9294,3.54871
1.74919,531.699,13.9388,68.94,4.37314
-1.01515,513.944,12.0885,60.9244,3.9842
-1.24971,572.914,13.3507,67.3951,3.95364
-0.798552,560.923,13.3071,66.966,4.01274
-4.6309,596.567,12.1345,62.7338,3.54941
-0.20122,548.928,13.3333,66.8233,4.09307
-3.0732,595.061,12.8919,65.9142,3.7276
-0.137157,583.587,14.211,71.1907,4.10183
-1.81565,520.756,11.865,60.1313,3.88133
-4.11185,528.145,10.9719,56.5125,3.60736
-4.97898,548.948,11.0085,57.0552,3.51132
0.210324,524.811,12.9556,64.7478,4.14984
-1.19839,512.576,11.969,60.3987,3.96029
1.92892,536.256,14.1568,69.9334,4.40042
-0.548688,562.4,13.4746,67.6925,4.04605
-3.34377,556.561,11.9271,61.0979,3.69571
-1.9019,555.855,12.6212,64.0023,3.87049
-3.41937,557.597,11.9129,61.058,3.68687
-2.67474,521.639,11.4837,58.5496,3.77531
-2.25586,597.846,13.3841,68.0387,3.82646
-0.831641,544.648,12.9041,64.9528,4.00836
-4.90465,517.42,10.4078,53.9129,3.5194
-2.66724,562.874,12.3952,63.1934,3.77622
-1.53225,587.26,13.5322,68.4452,3.91729
-3.9307,540.116,11.3033,58.1443,3.62791
-4.88103,549.559,11.0649,57.3071,3.52198
-4.81606,505.684,10.2086,52.8471,3.52907
1.29519,515.28,13.2719,65.8421,4.30539
-0.630092,588.813,14.0621,70.6836,4.03515
-2.55646,575.328,12.7258,64.8288,3.78965
-2.55775,501.844,11.0998,56.5461,3.78949
-1.98302,518.684,11.7392,59.563,3.86033
-4.12639,540.834,11.2288,57.8421,3.60572
0.303443,523.134,12.9615,64.7363,4.16285
0.988586,511.12,13.0082,64.6678,4.26053
1.19402,509.287,13.0659,64.8645,4.29051
-2.25453,568.043,12.7175,64.6497,3.82662
-0.652601,547.226,13.0573,65.6431,4.03214
-1.64245,521.648,11.9676,60.5783,3.90325
-4.25389,525.23,10.8486,55.9342,3.59136
-2.5062,548.405,12.1548,61.8979,3.79576
-3.68391,534.8,11.3044,58.048,3.65619
-4.37122,544.758,11.1984,57.7865,3.57823
1.33234,503.911,12.9979,64.4666,4.31087
-4.57553,569.109,11.6022,59.9576,3.55553
-2.52466,507.35,11.2365,57.2292,3.79352
0.377996,577.083,14.3401,71.5851,4.17332
-1.63615,570.664,13.0955,66.2843,3.90405
1.93662,505.712,13.3544,65.9664,4.40159
-2.97841,509.539,11.0813,56.6188,3.73887
1.95708,517.552,13.6779,67.5552,4.40471
1.74257,567.408,14.8712,73.5545,4.37214
-2.1183,564.112,12.6985,64.4914,3.84348
0.251819,508.776,12.5802,62.8541,4.15563
-2.01018,521.521,11.7906,59.8351,3.85694
-1.67984,502.509,11.5114,58.2842,3.8985
-4.76828,531.686,10.7544,55.6537,3.53431
-2.57216,575.53,12.7223,64.8179,3.78774
1.09399,528.518,13.5064,67.0969,4.27587
-4.30411,519.887,10.7164,55.2723,3.58573
1.71752,522.979,13.6934,67.7404,4.36836
-1.52901,554.785,12.7855,64.6671,3.9177
-2.66891,507.949,11.1849,57.0239,3.77601
-3.27256,577.752,12.4168,63.5746,3.70406
-3.42334,598.337,12.7812,65.5104,3.68641
-0.0617427,552.23,13.4874,67.531,4.11218
-1.07978,571.281,13.4027,67.5782,3.97574
1.32775,559.857,14.4383,71.6133,4.31019
0.927328,510.204,12.9538,64.4244,4.25166
-2.73694,597.662,13.1245,66.9444,3.7678
-1.67104,570.341,13.0699,66.1708,3.89962
1.41614,534.982,13.8444,68.6266,4.32328
-3.68458,589.144,12.4527,63.9451,3.65612
-1.54113,578.327,13.3216,67.3844,3.91615
-2.82833,549.778,12.0287,61.3948,3.75681
-0.517976,569.765,13.6676,68.6477,4.05017
-1.05978,599.329,14.0719,70.9425,3.97836
1.11659,545.04,13.9409,69.2449,4.27917
-3.93012,575.192,12.0376,61.9215,3.62798
1.64544,506.524,13.2254,65.4572,4.35751
-0.47207,512.978,12.3277,61.8983,4.05635
-2.19372,565.227,12.6853,64.4584,3.83413
-1.87999,518.601,11.7857,59.7559,3.87324
0.254121,512.611,12.6762,63.3326,4.15595
1.61686,553.355,14.4321,71.4434,4.35322
0.960346,568.766,14.4593,71.8957,4.25644
-1.02866,510.528,12.0017,60.4927,3.98243
-0.26647,594.42,14.4012,72.2076,4.08418
-3.26224,513.159,11.0332,56.4863,3.70527
-2.36451,506.27,11.2848,57.4104,3.81309
-0.36544,557.151,13.4457,67.4625,4.07074
-1.87794,546.68,12.4248,62.9955,3.8735
-2.37134,523.233,11.6597,59.3205,3.81225
0.251615,503.025,12.4379,62.1432,4.1556
-4.49142,595.413,12.18,62.9059,3.56485
-3.64111,531.602,11.2563,57.7833,3.66113
0.682322,509.514,12.8129,63.8295,4.21644
-4.70835,562.171,11.3989,58.9633,3.54089
-2.5307,583.9,12.9288,65.8508,3.79278
-1.37301,586.278,13.5953,68.6888,3.93771
-1.47475,541.72,12.5114,63.2569,3.92464
0.459792,572.429,14.2701,71.1963,4.18484
0.953785,546.437,13.8881,69.0585,4.25549
1.12878,563.382,14.417,71.6034,4.28095
-2.29269,546.823,12.2238,62.1563,3.82192
-3.95118,589.085,12.3178,63.3725,3.62558
0.851211,591.957,14.9848,74.5637,4.24067
1.65897,506.034,13.2196,65.4224,4.35955
-1.69324,534.94,12.2478,62.0183,3.8968
-2.30768,523.057,11.6855,59.4254,3.82007
-3.32963,580.912,12.456,63.8012,3.69736
-3.8272,586.402,12.3235,63.3456,3.63973
-3.59442,585.89,12.4292,63.7833,3.66653
0.87753,568.838,14.4144,71.7126,4.24446
0.51705,588.231,14.697,73.2976,4.19294
-4.29061,531.885,10.9697,56.5735,3.58725
-2.47022,567.771,12.6022,64.16,3.80015
-2.05568,587.979,13.2689,67.3589,3.85126
-0.00277085,590.328,14.4514,72.3285,4.1203
-0.99419,558.111,13.1382,66.2054,3.98695
-4.50096,538.678,11.0152,56.8937,3.56379
-4.27418,580.254,11.9752,61.7521,3.58909
1.94762,595.648,15.7361,77.7254,4.40327
1.92082,550.971,14.5406,71.8337,4.39918
-0.233962,510.776,12.3906,62.1127,4.0886
-2.75861,597.285,13.1048,66.8543,3.76519
-3.68665,573.557,12.1223,62.2491,3.65588
-2.29695,504.001,11.2646,57.2807,3.82139
-4.15564,529.991,10.9907,56.6271,3.60242
1.64802,596.281,15.5706,77.0628,4.3579
1.97771,503.645,13.321,65.7835,4.40787
-1.38598,543.209,12.5901,63.6158,3.93604
-2.95905,547.867,11.9241,60.9169,3.74117
-2.03186,528.916,11.9474,60.6403,3.85423
-4.38909,587.186,12.0618,62.2499,3.57624
-3.63861,565.811,11.9818,61.5067,3.66142
-3.39109,552.842,11.8248,60.5942,3.69017
-1.34666,562.204,13.0507,65.9253,3.94111
1.24774,521.443,13.4058,66.5279,4.2984
-4.86125,526.758,10.6144,54.966,3.52414
-4.53419,587.091,11.9889,61.9378,3.56011
-1.29392,511.757,11.9046,60.1137,3.94791
-4.63166,583.345,11.8652,61.3418,3.54933
-1.36563,560.6,13.0037,65.6963,3.93866
1.48142,590.655,15.324,75.9276,4.33298
1.92902,557.722,14.7235,72.7331,4.40043
1.18167,579.712,14.8655,73.8046,4.2887
-4.79437,502.579,10.1549,52.5609,3.53145
-0.215807,543.769,13.2004,66.1638,4.09108
-1.9915,555.364,12.5651,63.7572,3.85927
0.853131,581.896,14.7313,73.3011,4.24095
-2.26472,548.479,12.2745,62.4021,3.82536
-3.46868,580.542,12.3784,63.4663,3.68112
-0.978258,528.09,12.4393,62.6769,3.98904
-0.289637,511.699,12.3858,62.1122,4.08103
-0.232521,546.802,13.2653,66.4967,4.0888
0.398398,551.945,13.7264,68.5122,4.17619
-1.06489,576.903,13.5426,68.2764,3.97769
-0.809688,504.418,11.9613,60.1983,4.01126
-4.13121,587.744,12.2004,62.8491,3.60517
0.632044,520.433,13.0618,65.0915,4.20927
-2.44376,593.698,13.1916,67.1485,3.80338
-3.9315,585.645,12.2557,63.0439,3.62782
-1.67011,582.975,13.3599,67.6387,3.89974
-2.76958,516.682,11.3313,57.8113,3.76387
-3.42191,579.132,12.3717,63.4107,3.68657
-3.46515,517.825,11.0427,56.6164,3.68153
-0.326795,558.833,13.5069,67.7515,4.07598
-2.18517,518.289,11.6359,59.1223,3.83519
-1.2122,581.716,13.576,68.5147,3.9585
0.528213,508.984,12.7226,63.4459,4.19452
-1.73145,543.25,12.4191,62.9027,3.89196
-0.715645,551.707,13.1315,66.0445,4.02374
0.0887873,570.58,14.0184,70.1172,4.13295
1.75051,571.021,14.9705,74.0417,4.37334
-2.36742,531.743,11.8512,60.2932,3.81273
-3.9011,550.673,11.538,59.3394,3.63129
-0.0990793,517.789,12.6277,63.2425,4.10705
-0.111325,538.998,13.1386,65.8067,4.10537
0.944642,507.839,12.9025,64.1616,4.25416
-3.62498,573.498,12.1513,62.3706,3.66299
-4.90435,535.926,10.7802,55.8417,3.51944
-4.13802,551.52,11.4453,58.9621,3.60441
-3.26131,505.629,10.8717,55.6591,3.70538
1.99916,544.035,14.4013,71.108,4.41115
-4.54156,595.748,12.162,62.8357,3.55929
-3.9401,514.097,10.7547,55.326,3.62684
-3.71832,547.024,11.5467,59.3068,3.65223
-2.80303,540.089,11.8288,60.3634,3.75985
-3.03637,513.806,11.148,56.9833,3.73197
1.08991,589.611,15.0653,74.8431,4.27528
-1.94701,507.224,11.4963,58.316,3.86483
-4.49716,566.18,11.5793,59.806,3.56421
-2.80908,551.834,12.0831,61.6638,3.75912
0.808626,584.584,14.7736,73.5338,4.23454
1.94054,554.447,14.6436,72.3326,4.40219
-1.5065,508.046,11.7188,59.2629,3.92058
0.587846,550.474,13.7919,68.7503,4.20298
1.7781,518.805,13.6161,67.3308,4.37751
0.915036,599.417,15.2116,75.6593,4.24988
0.744717,535.647,13.5031,67.239,4.22537
-0.515455,534.653,12.8266,64.4225,4.05051
-1.27062,529.287,12.3238,62.2203,3.95093
-0.821466,532.638,12.6246,63.5416,4.0097
-0.292373,519.488,12.573,63.052,4.08065
1.89466,509.231,13.4255,66.3361,4.3952
-2.4821,562.505,12.4793,63.54,3.7987
-1.16564,535.343,12.5168,63.1491,3.96455
-3.65734,581.659,12.3081,63.1901,3.65926
-0.347805,503.328,12.1553,60.9804,4.07313
0.445392,563.065,14.0288,69.999,4.18281
-1.84856,509.973,11.6041,58.8224,3.87719
-2.40083,560.98,12.4861,63.5381,3.80864
-0.6553,515.685,12.3034,61.8541,4.03178
0.922911,544.93,13.8331,68.7994,4.25102
-3.47478,514.984,10.9779,56.2879,3.68041
-0.0455837,591.495,14.4556,72.3707,4.1144
1.91799,532.031,14.0393,69.3581,4.39875
-1.74926,518.331,11.8411,59.9822,3.88971
1.20111,544.324,13.9686,69.3428,4.29155
1.06945,570.211,14.558,72.3327,4.27229
-1.91143,572.699,12.9988,65.921,3.86929
0.585604,549.625,13.7694,68.6393,4.20266
-0.59828,581.426,13.9032,69.8693,4.0394
-1.97974,549.856,12.4463,63.1494,3.86074
0.998593,536.713,13.6649,67.9278,4.26199
0.908467,539.549,13.6888,68.0883,4.24893
0.477798,524.632,13.0878,65.2896,4.18738
0.288896,510.467,12.6404,63.1389,4.16082
-1.47726,578.76,13.3655,67.5765,3.92432
-3.8671,518.554,10.88,55.9418,3.63517
-2.93254,549.431,11.9709,61.1445,3.74434
1.72597,558.486,14.6279,72.3592,4.36964
0.975322,567.454,14.4344,71.7645,4.25861
-2.24666,593.79,13.2982,67.5975,3.82759
-4.2135,500.163,10.3478,53.3368,3.5959
1.21692,538.569,13.8294,68.6446,4.29387
-1.27681,586.751,13.6584,68.9615,3.95013
-4.3294,531.238,10.9391,56.4313,3.5829
1.57792,561.642,14.6261,72.4226,4.34739
-3.63481,557.268,11.8027,60.5858,3.66186
-4.88488,500.489,10.0754,52.1834,3.52156
-1.51578,558.759,12.8839,65.1587,3.91939
-3.28786,599.458,12.8754,65.9296,3.70226
0.440396,527.975,13.1519,65.6261,4.1821
-0.704143,569.353,13.5576,68.1825,4.02528
-3.05956,503.424,10.9126,55.789,3.72922
-1.63632,535.271,12.2832,62.1729,3.90403
-2.10534,575.834,12.9691,65.8597,3.84509
-2.52261,591.442,13.1,66.7192,3.79377
-0.176077,536.275,13.0389,65.3364,4.0965
0.0350972,505.716,12.3985,62.0379,4.12552
-3.42546,525.284,11.2198,57.508,3.68616
-3.63763,535.635,11.3432,58.2284,3.66153
-3.05995,545.835,11.8317,60.4881,3.72917
-3.11015,551.727,11.9353,61.0392,3.72322
1.29108,575.801,14.8283,73.5657,4.30478
0.530685,589.888,14.7463,73.5366,4.19487
0.366077,555.773,13.8041,68.9151,4.17164
0.0251293,546.091,13.3831,66.9692,4.12415
-1.58586,523.076,12.0275,60.8573,3.91045
-2.5672,533.232,11.7896,60.0641,3.78834
-4.70613,502.307,10.186,52.6884,3.54113
-3.95634,575.66,12.0346,61.9177,3.62499
-1.74042,598.871,13.6858,69.3226,3.89083
-0.729262,555.899,13.2241,66.5167,4.02193
-4.33728,585.748,12.0577,62.2053,3.58202
-4.03326,531.869,11.0845,57.0607,3.61626
-2.11118,578.727,13.0312,66.1778,3.84436
-0.589681,515.446,12.3296,61.958,4.04055
-3.93329,526.682,11.021,56.6932,3.62762
-2.24336,584.037,13.0815,66.4945,3.828
-1.14132,570.84,13.3597,67.39,3.96771
-4.42357,536.7,11.0093,56.8319,3.57239
-1.7151,565.648,12.9396,65.5314,3.89403
0.588715,533.374,13.3639,66.6164,4.20311
1.57757,568.774,14.8117,73.3415,4.34734
-4.00471,573.543,11.9669,61.5903,3.6195
1.0557,550.695,14.0522,69.8261,4.27029
-4.58388,580.257,11.8254,61.1149,3.55461
-2.19252,538.226,12.0799,61.3816,3.83428
-3.88618,531.011,11.1328,57.2492,3.63299
-3.20325,546.583,11.7798,60.2834,3.71222
-3.23135,543.272,11.6952,59.8624,3.70891
-2.94603,598.969,13.0431,66.6276,3.74273
0.20441,508.453,12.5489,62.7176,4.14902
-2.17025,560.648,12.5944,63.9857,3.83704
-2.0509,541.377,12.2196,62.03,3.85186
1.2427,597.362,15.3546,76.2016,4.29766
1.36766,582.875,15.0553,74.6535,4.31609
-2.92347,558.727,12.1779,62.1976,3.74542
-4.50223,555.561,11.3598,58.6743,3.56365
-3.04373,515.186,11.1747,57.1224,3.73109
0.499641,554.126,13.8355,69.009,4.19047
1.80934,536.39,14.0947,69.6828,4.38224
-4.05747,519.968,10.8259,55.7388,3.61351
-1.15683,598.081,13.9886,70.5701,3.96569
-2.14762,598.384,13.4542,68.3434,3.83984
-2.76447,523.864,11.4912,58.6248,3.76448
-4.82144,540.984,10.9188,56.526,3.52849
-1.63033,524.628,12.0418,60.9487,3.90479
0.732195,507.69,12.792,63.7037,4.22357
0.726968,530.883,13.3737,66.6027,4.22283
-1.44621,549.746,12.7112,64.2542,3.9283
-0.206417,552.508,13.4175,67.2477,4.09236
-2.29486,538.625,12.0395,61.2201,3.82165
-3.03153,558.835,12.1274,61.9872,3.73254
-1.44187,543.693,12.5734,63.5558,3.92886
0.378908,520.508,12.9347,64.5692,4.17344
-4.67481,527.078,10.7019,55.3448,3.54457
-4.88953,567.79,11.4281,59.1913,3.52105
-0.765643,550.445,13.0755,65.7859,4.0171
-3.51707,547.164,11.644,59.721,3.6755
-1.35416,539.148,12.5118,63.2061,3.94014
0.0867344,593.459,14.5793,72.9238,4.13267
-4.25443,564.604,11.6616,60.1263,3.5913
-1.53909,588.256,13.5514,68.5459,3.91641
-2.50121,590.618,13.093,66.6735,3.79637
-2.53572,582.089,12.8861,65.6357,3.79217
-0.84121,503.818,11.9322,60.0647,4.00709
-3.11037,593.645,12.842,65.6763,3.72319
0.844065,507.366,12.8399,63.8938,4.23964
-1.6573,563.965,12.9309,65.4607,3.90136
-1.42132,561.694,13.0003,65.7044,3.9315
-3.26291,573.626,12.3329,63.1407,3.7052
-0.786525,576.094,13.6735,68.8044,4.01433
-0.152607,500.681,12.1847,61.0465,4.09971
-3.4631,540.408,11.5253,59.0897,3.68177
-3.82122,579.937,12.1905,62.6596,3.64042
-3.96601,520.243,10.8718,55.939,3.62389
-0.0582041,526.81,12.8684,64.4299,4.11266
-1.53299,510.387,11.7604,59.4842,3.91719
-2.92016,597.827,13.0318,66.5577,3.74581
-0.461154,502.752,12.0872,60.686,4.05782
-2.49348,507.884,11.2624,57.3485,3.79732
-4.26945,584.104,12.057,62.1717,3.58962
-3.18176,549.358,11.8498,60.6327,3.71475
0.2372,519.555,12.8394,64.1553,4.15359
-1.7589,524.776,11.9837,60.7087,3.88849
-2.41467,545.637,12.1379,61.7721,3.80694
-0.698141,513.673,12.2347,61.5266,4.02607
-1.83558,576.332,13.1209,66.5051,3.87882
-4.23218,557.882,11.5332,59.4547,3.5938
-3.67708,568.57,12.0215,61.7275,3.65698
-2.35968,598.719,13.3481,67.9048,3.81368
-4.32673,530.451,10.924,56.3527,3.5832
-2.43219,573.446,12.7475,64.8828,3.8048
-3.58934,580.45,12.3163,63.2017,3.66712
1.82668,507.815,13.3528,66.0074,4.38487
0.102089,509.025,12.5126,62.5799,4.13479
-2.76921,516.971,11.3378,57.8444,3.76392
0.97178,540.03,13.7349,68.2885,4.2581
1.76899,589.605,15.4688,76.4968,4.37613
-4.94694,571.951,11.4848,59.5101,3.5148
-2.31149,565.687,12.636,64.2606,3.8196
1.48467,555.456,14.4126,71.4103,4.33347
0.208258,546.633,13.4932,67.4355,4.14955
-0.158296,527.266,12.8288,64.2761,4.09893
0.163035,500.022,12.3207,61.5948,4.14326
0.33558,597.197,14.8152,73.9783,4.16736
0.435614,527.351,13.1339,65.5384,4.18143
-4.02099,558.827,11.6521,59.9775,3.61765
-4.55452,520.017,10.6104,54.8242,3.55785
-1.53643,599.369,13.8089,69.8469,3.91675
-4.56068,520.788,10.6235,54.8941,3.55717
0.784976,504.15,12.7291,63.3676,4.23114
1.54317,595.41,15.4846,76.6911,4.34219
-4.29374,599.479,12.3622,63.7563,3.5869
-2.3231,556.551,12.4261,63.1985,3.81817
-3.00765,543.169,11.7988,60.2972,3.73538
0.00061739,509.43,12.4727,62.4235,4.12076
1.63051,558.692,14.5791,72.1641,4.35527
-1.80451,533.696,12.1653,61.6481,3.88274
-3.32342,500.558,10.7358,54.9873,3.69809
-0.552422,579.337,13.8783,69.7226,4.04555
-0.8228,593.449,14.0652,70.7931,4.00953
-4.60264,583.36,11.8796,61.4032,3.55253
-0.780952,549.647,13.0487,65.6577,4.01507
-4.36848,567.113,11.6593,60.1633,3.57854
-1.77932,561.653,12.8154,64.9312,3.88591
1.28568,544.666,14.0236,69.5758,4.30398
1.36723,503.114,12.9949,64.437,4.31603
1.01457,592.042,15.083,74.9691,4.26431
-1.33907,566.739,13.16,66.4736,3.94208
-0.876574,580.997,13.7408,69.1859,4.00242
-2.90583,513.979,11.2105,57.2498,3.74753
1.54937,575.445,14.9689,74.1343,4.34312
1.9996,570.667,15.1065,74.59,4.41122
-4.16536,597.565,12.3871,63.8264,3.60132
-3.13782,597,12.9003,65.9872,3.71994
-0.872106,586.501,13.8735,69.8516,4.00301
1.85119,522.559,13.7536,67.9773,4.38859
1.0482,560.239,14.2915,71.0189,4.2692
-1.17822,502.038,11.7323,59.196,3.96291
-2.64909,509.121,11.2196,57.193,3.77841
-1.8806,578.212,13.14,66.6232,3.87316
-3.9374,561.442,11.7464,60.4266,3.62715
1.1004,548.573,14.0224,69.6573,4.27681
-4.08135,512.43,10.6586,54.8869,3.61081
-3.31203,576.07,12.361,63.3064,3.69943
-3.81767,513.418,10.7938,55.4791,3.64082
0.855044,527.853,13.3641,66.4974,4.24122
-1.6757,539.157,12.353,62.5433,3.89903
-1.72419,525.44,12.0155,60.855,3.89288
-1.9595,504.955,11.4392,58.0313,3.86327
-0.160916,559.809,13.6192,68.2373,4.09858
-4.37997,545.761,11.215,57.8759,3.57726
-4.68493,508.609,10.3227,53.3874,3.54346
0.80742,573.036,14.4811,72.0784,4.23437
-1.61148,525.424,12.0692,61.079,3.90718
1.76501,545.192,14.3014,70.7255,4.37553
0.486259,575.107,14.3518,71.5908,4.18858
0.134844,591.601,14.5612,72.8093,4.13934
-0.625438,543.026,12.971,65.197,4.03577
-3.45243,531.414,11.3384,58.1269,3.68302
-2.40841,532.689,11.8528,60.3187,3.80771
-1.37478,527.882,12.2403,61.8436,3.93748
-4.56942,546.796,11.15,57.6186,3.55621
-4.65399,519.76,10.5623,54.6145,3.54687
-4.54762,533.768,10.894,56.2869,3.55862
-0.871469,586.651,13.8773,69.8708,4.0031
0.583559,567.505,14.2162,70.8674,4.20237
-3.93908,511.297,10.6965,55.0265,3.62696
-4.63014,589.852,11.9983,62.0292,3.5495
0.550955,534.735,13.3782,66.7048,4.19774
-4.18625,584.467,12.1053,62.3837,3.59897
1.65166,538.278,14.0579,69.5746,4.35845
0.715867,514.153,12.9466,64.4806,4.22124
-3.19362,561.551,12.1071,61.9541,3.71335
-3.57562,528.077,11.2112,57.5254,3.66871
-0.971031,511.186,12.0446,60.685,3.98999
-1.82038,592.485,13.4968,68.4032,3.88074
-1.03491,590.627,13.8812,69.9693,3.98161
-4.43957,532.356,10.9131,56.3418,3.57061
-1.0865,514.64,12.0706,60.8645,3.97486
0.282194,536.301,13.2767,66.3199,4.15988
1.48601,510.861,13.2562,65.6799,4.33367
1.40914,556.673,14.4018,71.393,4.32224
-2.53632,510.474,11.3004,57.5593,3.7921
-4.43127,540.572,11.0853,57.2272,3.57154
-0.168808,571.155,13.891,69.6025,4.0975
-4.74272,575.281,11.6484,60.2688,3.53711
0.163543,557.478,13.7367,68.6736,4.14333
-0.0590136,583.458,14.2516,71.3561,4.11255
-2.65709,520.762,11.4725,58.4852,3.77744
-4.40014,545.572,11.202,57.8168,3.57501
0.755507,554.375,13.9811,69.6141,4.22692
-3.72927,517.861,10.9263,56.1245,3.65097
-0.300255,560.478,13.5608,68.0097,4.07958
-3.95444,542.481,11.3419,58.3526,3.62521
0.718819,526.655,13.2629,66.0549,4.22166
-4.77807,531.563,10.7476,55.6225,3.53323
0.827794,529.356,13.3879,66.628,4.2373
-2.17769,502.296,11.2802,57.312,3.83612
1.49054,594.903,15.4397,76.4962,4.33434
0.328205,544.327,13.4997,67.413,4.16632
-2.58917,556.044,12.2832,62.5881,3.78567
1.43198,514.86,13.3319,66.079,4.32563
-2.27307,548.465,12.2701,62.3833,3.82433
-0.321338,510.18,12.3336,61.8639,4.07672
0.224168,589.291,14.5553,72.7356,4.15177
-4.10972,506.047,10.5137,54.1519,3.6076
-2.32173,555.304,12.399,63.0598,3.81834
-1.62447,545.813,12.531,63.4221,3.90553
1.71119,560.611,14.6751,72.6001,4.36741
-1.59461,590.895,13.5822,68.728,3.90933
-3.30165,542.092,11.6368,59.593,3.70065
-3.06395,532.998,11.5516,59.0577,3.72869
-0.209136,577.302,14.0181,70.2592,4.09199
-2.18067,594.723,13.3543,67.8513,3.83575
-3.92454,502.41,10.5168,54.0963,3.62861
-3.31502,573.408,12.3024,63.0075,3.69908
1.69182,553.598,14.4806,71.6472,4.36449
-1.1645,506.907,11.8525,59.797,3.9647
-0.329113,578.19,13.9735,70.093,4.07567
-0.0188486,592.452,14.4942,72.5508,4.11808
-4.99652,537.346,10.7681,55.8164,3.50942
-4.59772,577.128,11.755,60.7572,3.55308
1.73897,520.178,13.6314,67.4241,4.3716
-3.77333,580.768,12.2317,62.8497,3.64591
-2.81427,512.381,11.2168,57.2452,3.7585
0.278444,532.651,13.1844,65.8605,4.15935
-3.63741,546.921,11.5823,59.4557,3.66156
-2.6065,583.014,12.87,65.5863,3.78357
-0.738881,563.265,13.3943,67.377,4.02066
-0.0534322,529.061,12.9258,64.7152,4.11332
-3.29942,565.869,12.1483,62.2114,3.70091
-0.753408,589.754,14.0161,70.5121,4.01873
-1.9475,569.703,12.9122,65.4983,3.86477
0.794494,531.532,13.4254,66.8298,4.23251
0.570614,569.996,14.2713,71.1487,4.20053
1.23053,522.788,13.4314,66.6624,4.29587
-2.47367,583.287,12.9448,65.9059,3.79973
0.248426,580.072,14.3412,71.6541,4.15516
-1.91693,550.765,12.4982,63.3847,3.8686
-4.13475,596.227,12.3747,63.7486,3.60477
-2.00266,518.079,11.7163,59.4549,3.85788
0.686804,514.612,12.9434,64.4775,4.21708
1.47023,545.055,14.1348,70.0405,4.33132
1.23561,515.371,13.2434,65.7274,4.29661
0.348508,576.788,14.3162,71.4802,4.16917
-0.614744,567.481,13.5609,68.1569,4.0372
-2.83203,554.295,12.1258,61.8917,3.75637
-1.77917,582.863,13.2994,67.3836,3.88593
-3.84202,516.926,10.8569,55.8128,3.63804
-0.304843,508.534,12.3018,61.6974,4.07896
-0.909104,562.748,13.2921,66.9416,3.99813
-0.763886,517.179,12.2862,61.8137,4.01733
-1.96002,598.609,13.5605,68.7932,3.86321
-4.23829,542.586,11.2142,57.8128,3.59312
0.83504,558.393,14.1263,70.2992,4.23834
-1.9064,536.056,12.1695,61.7135,3.86992
-2.06,579.506,13.0755,66.3788,3.85073
-0.690528,512.002,12.1985,61.3417,4.02709
1.4819,565.565,14.6734,72.7034,4.33305
0.966387,559.744,14.2333,70.7691,4.25731
1.34298,544.286,14.0451,69.6557,4.31244
-0.219452,544.231,13.2098,66.2122,4.09058
-1.32428,540.362,12.5549,63.4106,3.94399
-1.34337,584.566,13.5716,68.5549,3.94153
-3.70573,580.013,12.2493,62.9097,3.65368
-1.15787,593.606,13.8834,70.0396,3.96556
-1.43098,501.781,11.6091,58.6774,3.93026
-4.36569,540.547,11.1144,57.3504,3.57885
-1.68089,589.656,13.5072,68.3896,3.89837
-2.48507,526.91,11.6883,59.5134,3.79834
1.21534,598.692,15.3724,76.3039,4.29364
-0.884374,573.954,13.5701,68.3298,4.00139
0.228728,565.144,13.9614,69.7656,4.15241
-4.29211,568.117,11.7162,60.4242,3.58708
-2.01831,511.421,11.5585,58.6606,3.85592
-2.52997,554.028,12.2677,62.4835,3.79287
-3.14435,518.982,11.2115,57.3514,3.71917
0.172237,572.662,14.1157,70.5641,4.14454
-4.78754,559.362,11.3054,58.5129,3.5322
1.23677,574.142,14.7543,73.2255,4.29678
-3.93279,523.563,10.9559,56.3584,3.62767
-0.237024,536.569,13.0148,65.2427,4.08819
-0.818065,549.514,13.0264,65.5621,4.01015
-1.01473,573.906,13.499,68.0334,3.98425
-0.344306,509.447,12.3048,61.7288,4.07361
1.74409,587.509,15.3989,76.1638,4.37237
0.360238,543.979,13.5081,67.4399,4.17082
0.903105,588.75,14.9339,74.2843,4.24816
-0.0540519,563.302,13.762,68.9022,4.11323
-3.47742,562.166,11.9824,61.4394,3.68011
-1.63703,566.12,12.9907,65.7546,3.90394
0.323952,503.795,12.4924,62.3846,4.16573
-0.79414,527.648,12.5199,63.0026,4.01332
-4.19338,570.053,11.8034,60.8307,3.59817
-4.925,581.148,11.68,60.5116,3.51719
-4.57333,525.386,10.7118,55.3553,3.55577
0.16599,580.181,14.2975,71.476,4.14367
-0.280171,518.207,12.548,62.9216,4.08231
0.511276,585.821,14.6335,72.9836,4.19212
-1.0427,595.739,13.9971,70.557,3.98059
1.27924,507.974,13.0756,64.8752,4.30303
-2.16769,539.839,12.1282,61.6161,3.83735
-4.55643,550.858,11.2388,58.072,3.55764
-0.772294,534.728,12.6988,63.8935,4.01622
-0.221425,590.085,14.3216,71.7863,4.09031
-3.19196,572.707,12.3484,63.1884,3.71355
-0.747575,563.446,13.3939,67.3794,4.0195
-1.66262,505.999,11.5993,58.7221,3.90069
-1.17144,538.843,12.5958,63.5499,3.96379
-4.59043,514.831,10.4893,54.2121,3.55388
-0.182962,530.448,12.8937,64.6121,4.09556
-3.2001,569.427,12.2737,62.8095,3.71259
-3.24725,553.798,11.9141,60.99,3.70704
-4.54076,566.513,11.5656,59.7537,3.55938
-3.66746,522.728,11.0566,56.7687,3.65809
-0.798063,567.287,13.4583,67.7269,4.0128
-0.695091,518.284,12.346,62.0851,4.02648
0.139054,552.541,13.602,68.0114,4.13992
-3.80851,541.664,11.3919,58.5493,3.64187
1.11904,514.069,13.15,65.3154,4.27953
-3.78548,571.406,12.0286,61.8116,3.64451
-2.42453,570.24,12.6802,64.5364,3.80574
-0.297101,509.727,12.3345,61.8578,4.08001
-3.81251,599.938,12.6154,64.8396,3.64142
-1.61338,513.621,11.7971,59.7032,3.90694
1.22541,507.994,13.0487,64.7653,4.29512
-0.534208,572.625,13.7274,68.9557,4.04799
-0.315793,519.522,12.5622,63.0081,4.07747
0.00874816,512.014,12.5399,62.7567,4.12189
-2.07618,558.42,12.5916,63.9295,3.84871
-2.44444,518.787,11.5268,58.6746,3.8033
-3.45346,578.486,12.3422,63.2736,3.6829
-2.06074,589.12,13.292,67.4784,3.85063
-4.32161,530.701,10.9315,56.389,3.58378
1.02971,549.058,13.9962,69.5601,4.26651
-0.543785,577.779,13.8458,69.5547,4.04671
-0.729714,560.453,13.3322,67.0606,4.02187
-1.9922,591.912,13.3916,67.9515,3.85918
-3.14419,573.202,12.3829,63.3435,3.71919
1.64909,599.678,15.6599,77.5044,4.35806
-3.86662,556.08,11.6676,59.991,3.63523
-3.95291,593.787,12.4153,63.8746,3.62538
1.64218,595.59,15.549,76.959,4.35702
-0.322721,555.101,13.4189,67.308,4.07653
-3.64169,595.266,12.604,64.7021,3.66106
-4.43852,599.892,12.2981,63.4916,3.57073
-4.68649,561.291,11.3912,58.9142,3.54329
1.07032,569.205,14.5328,72.2072,4.27242
0.176253,506.75,12.493,62.4504,4.1451
-3.16558,572.412,12.3552,63.2113,3.71666
-3.59876,506.828,10.7501,55.1682,3.66603
-4.45071,572.036,11.7212,60.5187,3.56937
-1.63471,565.539,12.9786,65.6921,3.90423
-3.13962,574.817,12.4201,63.5315,3.71973
1.31516,571.103,14.7211,73.0221,4.30833
-1.88549,573.151,13.0225,66.0294,3.87255
-4.00121,566.549,11.8226,60.8464,3.61989
-1.88414,582.384,13.233,67.096,3.87272
1.30734,517.24,13.3287,66.1185,4.30718
-2.29579,512.83,11.4625,58.2864,3.82153
-3.58476,579.474,12.2979,63.1051,3.66765
-1.57869,563.544,12.9617,65.581,3.91136
-2.1846,545.447,12.2459,62.2214,3.83526
-1.86863,510.368,11.6038,58.8291,3.87466
-2.90747,565.026,12.3231,62.9323,3.74733
0.821513,507.276,12.8263,63.8359,4.23639
-4.07907,517.371,10.7623,55.4204,3.61107
0.187037,540.729,13.3363,66.6612,4.1466
-0.967482,587.771,13.8511,69.7848,3.99045
-4.31238,560.245,11.5443,59.5465,3.58481
-1.23655,554.949,12.9388,65.3099,3.95534
-3.538,528.383,11.2348,57.6309,3.67307
0.135311,572.5,14.0913,70.4596,4.1394
-2.64635,527.481,11.6255,59.2609,3.77874
-4.06411,503.904,10.4886,54.0049,3.61276
-0.123507,555.923,13.5446,67.8462,4.1037
-4.24344,528.883,10.9287,56.343,3.59254
-2.50389,583.11,12.9252,65.82,3.79605
0.457663,514.555,12.8263,63.9938,4.18454
-1.57588,538.445,12.3858,62.666,3.91172
0.416001,545.487,13.5752,67.7492,4.17866
-2.22018,538.102,12.0638,61.3115,3.83086
-3.09003,597.73,12.941,66.1729,3.7256
1.7013,507.962,13.2918,65.761,4.36592
-4.56768,506.44,10.3279,53.3692,3.5564
1.50632,551.387,14.3191,70.9366,4.33669
0.992099,522.338,13.2955,66.0946,4.26104
-0.260053,517.944,12.5516,62.9308,4.08505
-4.4437,525.66,10.774,55.6254,3.57015
-2.57971,569.268,12.5801,64.0967,3.78682
1.11371,513.521,13.1333,65.2345,4.27875
-2.84635,542.057,11.8512,60.4965,3.75465
-4.22839,562.484,11.6301,59.9528,3.59423
1.17583,565.502,14.4978,71.982,4.28784
-2.83118,539.24,11.7968,60.2124,3.75647
0.559519,584.945,14.6393,72.9885,4.19896
1.44648,577.818,14.9706,74.1939,4.32778
-3.64373,578.185,12.2413,62.8412,3.66083
-1.41249,564.446,13.0686,66.0454,3.93263
-4.81641,523.944,10.5771,54.7548,3.52904
0.338066,562.21,13.9486,69.65,4.16771
-4.70753,573.506,11.6291,60.1538,3.54098
0.598277,532.3,13.342,66.5029,4.20446
-3.23493,541.947,11.665,59.7093,3.70849
-3.57882,511.205,10.8516,55.6816,3.66833
-2.93438,507.619,11.0591,56.4879,3.74412
1.64476,598.182,15.6182,77.3003,4.35741
-1.62479,591.544,13.5808,68.7353,3.90549
-0.44738,527.135,12.6803,63.6579,4.05967
0.554289,525.953,13.1602,65.6164,4.19822
0.602607,526.761,13.2054,65.8201,4.20508
-2.38512,513.608,11.4389,58.2028,3.81056
-4.64636,522.479,10.6208,54.9143,3.54771
-3.40521,507.109,10.8404,55.5556,3.68852
0.247714,517.922,12.8043,63.9755,4.15506
-2.46717,592.399,13.1504,66.9498,3.80053
-1.9015,516.049,11.7176,59.4197,3.87054
-2.0186,541.689,12.2424,62.1318,3.85589
-1.50284,598.8,13.8142,69.8576,3.92105
-4.74424,570.586,11.5526,59.7738,3.53694
-1.92336,536.741,12.1768,61.7578,3.8678
0.173504,592.449,14.6042,73.0052,4.14471
-1.1342,588.936,13.7871,69.5425,3.96864
-0.836172,583.626,13.8251,69.5909,4.00776
0.24736,518.485,12.8181,64.0443,4.15501
-1.88493,582.305,13.2308,67.0852,3.87262
-0.388008,526.39,12.6921,63.691,4.06769
-2.65246,561.614,12.3748,63.0829,3.778
1.14572,551.157,14.1134,70.0879,4.28343
-3.30892,515.131,11.0547,56.6154,3.69979
-2.9604,580.026,12.6233,64.4897,3.74101
1.65012,557.339,14.5549,72.0347,4.35822
0.272059,505.647,12.5128,62.5086,4.15846
-0.975181,561.173,13.2202,66.6101,3.98944
-4.5426,525.867,10.735,55.4631,3.55917
0.437449,532.96,13.2746,66.2394,4.18169
0.943012,543.186,13.7997,68.6238,4.25393
0.119365,506.811,12.4666,62.3427,4.13719
1.00074,500.711,12.7493,63.3757,4.2623
-3.82382,580.305,12.197,62.694,3.64012
-1.14068,549.589,12.8627,64.8826,3.9678
-0.721248,507.722,12.0819,60.768,4.023
0.552448,599.225,14.9925,74.7532,4.19796
1.13742,551.968,14.1296,70.1722,4.28222
-1.20689,535.081,12.4903,63.0329,3.95919
-4.84004,526.203,10.6124,54.9472,3.52645
0.724341,520.429,13.109,65.2856,4.22245
1.43174,538.541,13.945,69.1178,4.32559
1.42499,546.773,14.1544,70.1591,4.32459
-2.73878,580.529,12.7473,65.0214,3.76758
-2.9354,576.318,12.5553,64.1306,3.744
1.99409,588.333,15.5708,76.8854,4.41037
-2.39646,519.121,11.5564,58.8056,3.80917
-0.579575,557.129,13.332,66.9904,4.04191
0.131372,586.985,14.4455,72.233,4.13886
-3.8364,548.497,11.5226,59.2327,3.63868
-1.85253,520.214,11.8352,59.9958,3.87669
0.712972,500.988,12.6137,62.8237,4.22082
-4.26426,596.313,12.3116,63.4822,3.5902
-2.12665,520.998,11.7241,59.5461,3.84244
-2.63679,538.659,11.8764,60.5359,3.7799
1.98604,585.738,15.4973,76.5266,4.40914
-2.59723,530.818,11.7221,59.7328,3.7847
0.059221,538.712,13.22,66.1375,4.12886
-0.71433,549.756,13.0857,65.8138,4.02392
-3.04863,516.522,11.2014,57.2612,3.73051
1.02448,582.571,14.8474,73.7934,4.26575
-4.21891,503.115,10.4066,53.6419,3.59529
-3.34896,528.192,11.3168,57.9737,3.6951
0.951447,518.702,13.182,65.5484,4.25515
0.234757,558.149,13.7918,68.9154,4.15325
0.539913,591.813,14.7998,73.7986,4.19618
-0.181215,587.496,14.2814,71.5649,4.0958
1.55898,563.012,14.651,72.555,4.34456
0.933495,573.058,14.5532,72.3754,4.25255
-1.7859,510.48,11.6447,59.0024,3.88508
-4.46578,541.532,11.0894,57.2626,3.5677
1.96645,591.269,15.6318,77.2006,4.40615
-0.22418,568.318,13.7918,69.132,4.08994
1.70375,556.863,14.5728,72.0975,4.36629
1.38002,541.682,13.9981,69.4053,4.31792
-0.925337,539.268,12.7293,64.1145,3.996
-3.28593,533.103,11.451,58.6354,3.70249
-4.48416,513.838,10.5144,54.3007,3.56566
-1.14386,577.642,13.5175,68.1873,3.96738
-4.08052,521.692,10.8516,55.8806,3.6109
-0.107587,548.23,13.3656,66.9419,4.10588
-3.72703,506.093,10.679,54.8532,3.65123
0.730776,554.564,13.9723,69.5822,4.22337
-4.18733,511.016,10.5836,54.5419,3.59885
-3.48598,513.364,10.9384,56.0898,3.67911
1.27649,599.865,15.4392,76.6042,4.30263
0.852077,514.39,13.0218,64.7952,4.24079
-1.9168,584.665,13.2675,67.2865,3.86862
-2.07172,559.249,12.6125,64.0338,3.84927
1.24319,509.554,13.0978,65.0014,4.29773
-2.79035,598.78,13.1208,66.9511,3.76137
-0.3615,533.802,12.8842,64.6436,4.07128
0.628657,592.12,14.859,74.0493,4.20879
1.27616,583.117,15.008,74.4646,4.30258
-0.899449,515.759,12.1869,61.3714,3.99941
-1.98168,528.441,11.9606,60.6861,3.8605
-3.21787,590.2,12.7123,65.0624,3.7105
-4.35912,529.876,10.8978,56.2306,3.57958
1.58064,568.359,14.8026,73.2951,4.3478
-2.66207,536.591,11.8188,60.2531,3.77684
-3.47654,503.625,10.735,55.0431,3.68021
-0.95149,522.612,12.3234,62.0811,3.99255
0.0952969,509.211,12.5138,62.5889,4.13385
-0.641355,505.861,12.0757,60.7034,4.03365
-4.78058,512.526,10.3617,53.6261,3.53296
-2.14008,569.73,12.8138,65.087,3.84077
-1.42985,585.442,13.5453,68.4632,3.9304
-1.1862,530.956,12.4042,62.5895,3.96188
-0.529072,592.822,14.2145,71.3998,4.04868
-0.0437295,525.355,12.8401,64.2822,4.11465
-0.791467,599.786,14.2331,71.6223,4.01368
1.82463,545.938,14.3541,70.958,4.38456
-0.314529,552.177,13.3525,66.9713,4.07764
-1.09653,578.628,13.566,68.4097,3.97355
-4.98089,528.779,10.6032,54.9554,3.51111
-0.116681,570.637,13.9069,69.6574,4.10463
-2.52118,557.227,12.3429,62.8625,3.79394
-4.68361,577.839,11.7284,60.657,3.54361
-1.89521,526.665,11.9616,60.6545,3.87133
-0.446757,575.234,13.8377,69.4678,4.05976
-2.02628,559.884,12.6498,64.2026,3.85493
-1.32994,585.264,13.5951,68.667,3.94326
-2.81898,572.042,12.5205,63.9008,3.75793
-2.58563,550.294,12.1579,61.9482,3.7861
-1.45647,596.426,13.7849,69.6867,3.92699
1.92149,591.635,15.6142,77.1369,4.39928
-4.41835,573.54,11.7675,60.7436,3.57298
0.149939,564.683,13.9069,69.5305,4.14144
-1.69233,537.696,12.3114,62.3397,3.89692
-3.36528,505.207,10.8172,55.4207,3.69319
1.61182,538.148,14.0328,69.4687,4.35247
0.598916,551.769,13.8303,68.9367,4.20456
-3.8381,527.001,11.0703,56.9081,3.63849
1.90351,527.496,13.9118,68.735,4.39655
-0.840272,598.31,14.1706,71.3322,4.00722
1.38888,550.211,14.2234,70.5182,4.31924
-1.56746,514.487,11.8387,59.8942,3.91279
-0.890454,534.361,12.6309,63.6036,4.00059
-2.78476,520.684,11.4121,58.2298,3.76204
-1.80513,586.35,13.3651,67.7288,3.88266
0.604725,586.962,14.7158,73.3474,4.20538
-1.29379,516.458,12.014,60.6661,3.94793
-3.21718,570.453,12.2873,62.887,3.71058
-1.95369,538.937,12.2118,61.9486,3.864
0.520038,576.591,14.4079,71.8541,4.19336
-0.106034,552.574,13.4723,67.4758,4.10609
-2.57992,547.965,12.1092,61.6976,3.7868
-2.46853,565.798,12.5592,63.9407,3.80036
0.457379,515.834,12.858,64.1522,4.1845
-0.0956462,593.316,14.4715,72.4753,4.10752
-1.81309,517.364,11.7889,59.7446,3.88165
-1.97567,547.894,12.4039,62.9325,3.86125
-4.3513,500.432,10.2956,53.1199,3.58046
-1.01422,550.379,12.9459,65.2455,3.98432
0.973338,514.953,13.0979,65.1207,4.25832
1.89956,592.639,15.6274,77.2135,4.39594
0.249978,565.583,13.9839,69.8679,4.15537
-1.8322,538.609,12.2637,62.159,3.87925
-1.52429,596.048,13.739,69.4877,3.9183
-2.14053,541.862,12.1868,61.9024,3.84072
-2.35733,599.555,13.3679,68.0049,3.81397
-1.7222,559.479,12.7949,64.8015,3.89313
-1.49474,559.295,12.907,65.2663,3.92208
-4.32045,590.184,12.1573,62.7117,3.58391
0.455508,588.778,14.6752,73.2196,4.18424
-3.10761,593.877,12.8485,65.708,3.72352
-3.46087,549.781,11.7262,60.119,3.68203
-3.65766,539.921,11.4247,58.6551,3.65922
-3.85506,564.902,11.8583,60.9663,3.63655
-3.94318,572.46,11.9741,61.6005,3.62649
-1.34809,523.136,12.1431,61.3412,3.94092
0.300829,568.902,14.094,70.3939,4.16249
1.09586,555.901,14.2072,70.5775,4.27615
1.4904,509.599,13.2257,65.5269,4.33432
-4.46919,535.482,10.964,56.6164,3.56732
1.507,557.579,14.4803,71.7348,4.33679
-2.67219,569.584,12.5404,63.9363,3.77562
-1.41752,587.865,13.608,68.7743,3.93199
-1.50234,520.804,12.0151,60.7594,3.92111
-2.59352,583.593,12.8895,65.6796,3.78515
-1.14668,591.311,13.8358,69.7944,3.96702
-0.902952,505.678,11.947,60.165,3.99894
1.47791,573.815,14.8851,73.7545,4.33246
1.62836,546.345,14.2557,70.5645,4.35495
-4.36671,523.12,10.7556,55.4996,3.57873
0.240055,528.683,13.0664,65.2885,4.15399
-0.742637,525.84,12.5024,62.8925,4.02016
-3.81184,581.958,12.2377,62.8977,3.64149
-3.01953,525.824,11.4165,58.3487,3.73397
-1.84601,590.789,13.4444,68.1499,3.87751
0.572586,573.004,14.3478,71.5287,4.20081
-0.866044,551.067,13.0384,65.6445,4.00381
1.39809,575.155,14.8736,73.737,4.3206
-2.2964,574.965,12.851,65.3471,3.82146
1.81168,532.993,14.0067,69.2467,4.38259
-4.17296,532.794,11.041,56.8937,3.60047
-2.90016,558.274,12.1794,62.1953,3.74821
-1.09768,538.265,12.6191,63.6353,3.9734
1.37133,526.409,13.5988,67.4295,4.31664
-1.52024,574.463,13.2436,66.9801,3.91882
0.940591,540.023,13.718,68.2189,4.25358
-2.90372,532.775,11.6215,59.3476,3.74778
-1.92391,584.586,13.262,67.2616,3.86773
1.81708,569.976,14.9817,74.0644,4.38341
1.95129,540.333,14.2768,70.5157,4.40383
-3.3498,519.69,11.1342,57.0389,3.695
-1.54062,521.165,12.0051,60.7251,3.91622
-3.30736,503.828,10.8129,55.3761,3.69998
-2.13546,533.314,11.997,60.936,3.84135
1.97912,594.749,15.7315,77.6865,4.40808
-3.70446,525.412,11.0967,56.99,3.65383
-3.64527,513.749,10.8764,55.8349,3.66065
1.2891,510.931,13.1567,65.2737,4.30449
1.78049,565.674,14.8475,73.419,4.37787
-2.90397,530.833,11.579,59.1307,3.74775
1.40685,548.333,14.1848,70.3182,4.3219
0.738295,595.617,15.011,74.7513,4.22445
-4.86764,598.086,12.0486,62.3955,3.52344
-0.634152,549.445,13.1198,65.949,4.03461
-4.07628,562.862,11.71,60.299,3.61138
-0.815808,521.454,12.3623,62.219,4.01045
-4.62817,538.468,10.954,56.6294,3.54972
-1.97694,507.068,11.4791,58.2407,3.86109
-3.86933,500.334,10.4968,53.9722,3.63492
-2.41145,540.29,12.0205,61.1732,3.80734
-1.48454,550.792,12.7159,64.2955,3.92339
-3.24648,528.651,11.3735,58.2221,3.70713
-1.09182,548.507,12.8623,64.8586,3.97417
0.715565,515.425,12.9785,64.6396,4.22119
-2.52155,536.269,11.8785,60.4975,3.79389
1.29662,553.234,14.2502,70.6952,4.3056
1.42142,598.242,15.4846,76.7544,4.32406
-1.88529,553.764,12.5821,63.7964,3.87257
-4.27973,555.586,11.4635,59.1159,3.58847
-2.09995,572.31,12.8925,65.4683,3.84576
0.391848,599.641,14.9087,74.4168,4.17526
-0.10438,503.617,12.2795,61.5009,4.10632
1.14728,507.189,12.9883,64.4999,4.28366
-2.30386,535.231,11.9593,60.8162,3.82054
-4.38131,599.039,12.3092,63.5229,3.5771
-1.13084,523.825,12.2645,61.8609,3.96908
-1.37795,594.625,13.7862,69.6555,3.93708
-3.40148,530.039,11.3323,58.0748,3.68896
-3.04129,568.872,12.3404,63.0801,3.73138
-0.545143,572.225,13.7119,68.883,4.04652
-2.64883,593.685,13.0833,66.6932,3.77844
-2.85721,531.4,11.6131,59.2857,3.75335
-4.28748,565.255,11.6594,60.1291,3.5876
-1.75161,577.46,13.1906,66.8195,3.88941
0.159528,511.288,12.5966,62.9755,4.14277
-1.65003,554.189,12.7104,64.3413,3.90228
-1.14821,549.726,12.862,64.8828,3.96682
1.555,534.818,13.9152,68.9129,4.34396
-4.64819,581.666,11.8231,61.1314,3.54751
1.06431,533.563,13.6196,67.6726,4.27154
-4.13656,544.12,11.2924,58.1738,3.60457
-0.292869,595.84,14.4206,72.318,4.08059
1.6629,510.271,13.3323,65.9784,4.36014
-3.70388,546.606,11.5446,59.2899,3.65389
1.47233,588.737,15.2689,75.6589,4.33163
-3.29134,558.207,11.9877,61.3855,3.70186
-0.414398,504.922,12.1618,61.041,4.06412
-4.57438,517.496,10.5504,54.522,3.55566
-1.33138,551.606,12.8125,64.715,3.94308
0.139714,569.03,14.0083,70.0425,4.14002
-4.97061,579.344,11.6221,60.2314,3.51223
1.13491,543.398,13.9089,69.0772,4.28185
-2.12196,513.635,11.5606,58.7137,3.84302
0.688363,592.008,14.891,74.1785,4.21731
-1.28563,547.847,12.7483,64.3705,3.94899
-1.82286,551.012,12.5508,63.6099,3.88042
-4.58381,550.218,11.2133,57.9513,3.55461
-3.76502,556.27,11.7197,60.2153,3.64686
1.77395,599.093,15.7207,77.7402,4.37688
1.62016,536.715,14,69.3024,4.35372
0.935795,598.499,15.2006,75.5942,4.25288
-4.47719,544.938,11.154,57.6007,3.56643
-3.9003,593.588,12.4376,63.9655,3.63138
-0.505031,567.987,13.6319,68.4624,4.05191
-2.05804,504.23,11.3779,57.7601,3.85097
-2.06695,510.365,11.5122,58.4458,3.84986
1.39769,535.801,13.8556,68.6908,4.32054
-2.35998,574.101,12.7991,65.1121,3.81365
0.67673,527.477,13.2618,66.0679,4.21564
0.722998,567.725,14.2995,71.2156,4.22226
-0.374421,588.876,14.2063,71.2831,4.06953
-4.39629,553.574,11.3681,58.6724,3.57543
-2.59987,539.564,11.914,60.7117,3.78437
-3.46343,521.656,11.1252,57.0386,3.68174
-2.31859,590.96,13.1967,67.1158,3.81873
-0.7662,547.941,13.0158,65.4854,4.01703
-1.43608,577.372,13.3553,67.5055,3.9296
1.15489,537.678,13.7732,68.3941,4.28477
1.5169,511.962,13.3008,65.8869,4.33827
0.632503,562.426,14.116,70.3446,4.20934
0.307898,598.569,14.8331,74.0818,4.16348
-4.3769,546.493,11.2315,57.9595,3.5776
-4.42397,555.31,11.3909,58.8018,3.57235
-0.813552,560.777,13.2957,66.9159,4.01075
0.129653,534.717,13.1584,65.7974,4.13862
-4.9424,540.404,10.8534,56.2363,3.51529
-1.21935,589.598,13.756,69.4267,3.95757
-0.71721,545.966,12.994,65.3539,4.02354
-1.1995,591.517,13.8117,69.6981,3.96015
-0.746391,541.275,12.8675,64.7306,4.01966
-3.30961,561.455,12.0485,61.7053,3.69971
0.321468,530.42,13.1513,65.6762,4.16538
1.43533,542.299,14.0443,69.6082,4.32613
1.22277,513.937,13.2,65.5175,4.29473
-0.344123,505.966,12.2208,61.3074,4.07363
0.991183,514.413,13.0933,65.0899,4.26091
0.691747,531.005,13.3583,66.5421,4.21779
-0.870622,544.214,12.8739,64.8184,4.00321
-2.83844,534.799,11.6962,59.7021,3.7556
-4.03275,519.199,10.8207,55.7024,3.61631
-0.398515,518.432,12.495,62.7066,4.06627
-0.415846,567.779,13.675,68.6366,4.06393
-2.48853,537.478,11.921,60.7,3.79792
0.3019,539.2,13.3587,66.721,4.16264
-2.8275,532.844,11.6586,59.5054,3.75691
-3.58364,582.75,12.368,63.4642,3.66778
1.54178,591.164,15.3733,76.1409,4.34199
-2.18412,583.428,13.0988,66.5551,3.83532
-4.19993,595.04,12.3175,63.4832,3.59743
-0.783578,567.402,13.4688,67.7728,4.01472
-3.16188,583.506,12.5965,64.4443,3.7171
1.7022,598.619,15.6646,77.4998,4.36605
-1.86132,504.254,11.4681,58.1384,3.87558
1.1368,527.914,13.5136,67.1129,4.28213
-4.42313,590.113,12.1052,62.4889,3.57244
0.671227,540.637,13.5897,67.7041,4.21486
1.98116,506.573,13.4003,66.1733,4.40839
-1.85077,505.725,11.5064,58.3283,3.87691
-3.29666,586.617,12.5951,64.4983,3.70123
-0.240237,508.872,12.3414,61.8685,4.08775
-1.60683,562.599,12.9255,65.4106,3.90778
-1.60272,588.207,13.516,68.3971,3.9083
1.10968,559.586,14.3092,71.0772,4.27816
-2.17267,538.9,12.1047,61.4988,3.83674
-1.60525,535.81,12.3108,62.2991,3.90798
-4.92209,585.807,11.775,61.0027,3.5175
-2.71891,529.784,11.6423,59.3769,3.76998
0.382446,583.958,14.5135,72.4484,4.17394
0.0542314,542.146,13.3017,66.5483,4.12817
-3.8266,510.717,10.7332,55.1709,3.6398
-4.5179,559.947,11.4422,59.1065,3.56191
-4.79742,527.152,10.6501,55.1252,3.53111
-0.393067,559.497,13.4876,67.6856,4.06701
1.03535,581.94,14.8376,73.7393,4.26733
-4.15222,515.143,10.6842,55.047,3.6028
-3.62181,593.738,12.5817,64.5787,3.66336
-0.481752,539.897,12.9697,65.1259,4.05504
-1.6,524.046,12.043,60.9418,3.90865
-0.87331,540.767,12.791,64.4021,4.00285
-0.756405,559.682,13.2998,66.91,4.01833
-0.873666,516.511,12.2171,61.5127,4.00281
-3.1989,507.569,10.9409,55.9886,3.71273
-3.6897,526.445,11.1252,57.1301,3.65553
-2.11303,512.158,11.5314,58.5621,3.84413
0.661458,500.998,12.5885,62.7203,4.21346
-3.48165,528.42,11.2612,57.7432,3.67961
-4.0476,563.216,11.731,60.3948,3.61463
0.49563,520.159,12.9853,64.7703,4.18991
-2.64611,508.592,11.2093,57.1392,3.77877
-3.75197,520.976,10.9819,56.4194,3.64836
1.79658,582.184,15.2905,75.6009,4.38031
1.78359,566.891,14.8813,73.5843,4.37834
0.271444,510.122,12.6233,63.0606,4.15838
-2.52614,537.351,11.9003,60.6103,3.79334
-3.70759,506.901,10.7044,54.9764,3.65347
-0.0230722,592.267,14.4873,72.5182,4.1175
0.500909,584.833,14.6029,72.8361,4.19065
1.05832,514.495,13.1298,65.2415,4.27067
-4.56966,566.567,11.5531,59.7015,3.55618
0.520335,594.92,14.866,74.1389,4.1934
0.352167,576.793,14.3184,71.4893,4.16969
-4.37624,555.751,11.4221,58.9426,3.57767
-3.83286,512.036,10.7582,55.3018,3.63909
-1.9356,571.33,12.9552,65.7111,3.86626
-3.14608,587.637,12.6938,64.9346,3.71897
-2.40916,583.653,12.9864,66.088,3.80762
0.635334,591.585,14.8495,73.9984,4.20974
-2.75666,506.867,11.1218,56.7373,3.76543
1.1412,512.314,13.1165,65.139,4.28277
-0.41635,569.803,13.7235,68.8801,4.06386
0.286762,560.934,13.889,69.3764,4.16052
-1.13139,590.85,13.8335,69.775,3.96901
1.02986,535.966,13.6625,67.9018,4.26653
-2.27258,545.431,12.2025,62.0393,3.82439
0.778997,522.903,13.1995,65.712,4.23028
-0.759048,579.144,13.7608,69.2307,4.01798
0.767155,546.205,13.7813,68.6141,4.22859
-1.9761,552.814,12.5151,63.4967,3.86119
1.46544,593.091,15.3777,76.2016,4.3306
-1.7873,553.064,12.6154,63.9216,3.88491
0.467832,566.447,14.1255,70.4707,4.18598
-3.76438,578.337,12.1849,62.6053,3.64694
1.51071,501.303,13.0207,64.5024,4.33735
0.819345,556.242,14.0632,69.9929,4.23608
-4.29665,520.253,10.7271,55.325,3.58657
-1.47307,510.974,11.8021,59.6699,3.92486
0.150973,542.34,13.3571,66.7816,4.14158
-1.73891,513.251,11.7299,59.4146,3.89102
-0.480104,567.259,13.6279,68.4302,4.05526
-2.55048,505.007,11.1731,56.9163,3.79037
-0.10467,511.612,12.4743,62.4766,4.10628
-2.14548,517.145,11.6286,59.069,3.84011
-0.0177505,517.533,12.6619,63.3786,4.11823
-3.88818,518.59,10.8715,55.9063,3.63276
-2.20562,548.922,12.3135,62.5745,3.83266
-0.554502,587.512,14.073,70.7016,4.04527
-3.37797,583.195,12.4806,63.949,3.69171
-4.54942,501.033,10.2252,52.8318,3.55842
-0.389371,527.694,12.7228,63.846,4.0675
-4.66565,515.442,10.4696,54.1396,3.54558
0.468522,581.139,14.4922,72.3001,4.18607
-1.43513,598.291,13.8397,69.9536,3.92972
-3.28447,584.198,12.5493,64.2584,3.70266
-3.30606,563.469,12.0935,61.9338,3.70013
-0.373617,513.068,12.3779,62.1082,4.06964
-3.133,538.821,11.6454,59.5662,3.72051
-2.71019,566.572,12.4551,63.5182,3.77103
1.56824,543.312,14.1435,70.0372,4.34594
-4.14747,545.131,11.3084,58.2606,3.60334
0.355013,586.893,14.5707,72.7477,4.17009
-2.50168,532.26,11.7991,60.0846,3.79632
1.37333,531.191,13.7234,68.0464,4.31693
-2.20128,518.989,11.6441,59.1707,3.8332
-4.07252,572.988,11.9225,61.3915,3.61181
-1.70048,536.218,12.2735,62.1518,3.89588
-3.54322,551.747,11.7291,60.1688,3.67246
1.59376,535.779,13.9612,69.1227,4.34976
-3.74331,567.814,11.9734,61.5094,3.64936
0.469364,503.72,12.562,62.67,4.18619
-0.501494,580.239,13.9279,69.9472,4.05239
1.1598,578.438,14.8202,73.5905,4.28549
-3.20039,524.331,11.3015,57.8347,3.71256
-3.49238,530.085,11.2918,57.9045,3.67837
1.55738,525.205,13.6663,67.6794,4.34432
-2.58182,506.881,11.2004,57.0682,3.78657
0.0271777,502.657,12.3197,61.6468,4.12443
-1.56911,514.773,11.8445,59.9242,3.91258
-3.45887,557.527,11.8924,60.9701,3.68227
1.62054,531.45,13.8628,68.6234,4.35378
-4.41799,593.309,12.1733,62.8381,3.57302
0.842071,540.701,13.6824,68.0873,4.23935
-3.77963,501.458,10.5587,54.2556,3.64519
0.591172,570.527,14.2961,71.2624,4.20345
-1.65912,597.932,13.7087,69.3992,3.90113
-0.0954331,535.945,13.0723,65.4678,4.10755
-2.31544,514.166,11.4833,58.4003,3.81912
-4.99243,584.302,11.7111,60.7022,3.50986
-1.61737,573.306,13.1659,66.6323,3.90644
-1.25051,500.679,11.667,58.8961,3.95353
-2.79116,579.057,12.6883,64.7441,3.76127
1.79396,589.76,15.4879,76.5783,4.37991
-1.22473,594.548,13.8686,69.9973,3.95687
-2.87158,539.08,11.7742,60.1139,3.75163
-1.89342,588.427,13.3653,67.7715,3.87155
-2.88341,551.371,12.0369,61.4604,3.75021
-2.93521,585.405,12.7533,65.1422,3.74402
1.84624,516.058,13.5799,67.121,4.38784
-4.74974,505.189,10.2262,52.9132,3.53634
-2.21463,527.83,11.8361,60.1521,3.83155
0.47628,527.774,13.1654,65.6774,4.18717
-4.79546,596.766,12.0574,62.4089,3.53133
1.61849,509.684,13.294,65.8085,4.35347
0.92678,538.874,13.6814,68.0433,4.25158
-1.24673,582.08,13.5659,68.48,3.95402
-3.15694,529.673,11.4367,58.5084,3.71768
-3.91446,599.694,12.5583,64.5929,3.62976
-1.55085,568.906,13.0995,66.2656,3.91491
1.96093,566.811,14.982,73.9941,4.4053
-3.55919,537.247,11.4135,58.5564,3.67061
-4.09346,589.016,12.2456,63.0646,3.60944
0.903478,584.499,14.8263,73.7488,4.24821
-2.77084,563.561,12.3588,63.0539,3.76372
-4.91348,527.377,10.6043,54.934,3.51844
-4.62094,540.078,10.99,56.8124,3.55051
-2.58316,541.117,11.9563,60.92,3.7864
0.112544,585.371,14.3952,71.9904,4.13624
-4.70537,589.023,11.9448,61.7859,3.54121
-0.913537,549.376,12.974,65.3415,3.99755
-1.28535,594.786,13.8407,69.8863,3.94902
-0.142276,590.537,14.3773,72.0266,4.10113
-3.27175,556.162,11.9532,61.2005,3.70416
-1.53531,549.937,12.6706,64.0887,3.9169
-0.507363,539.035,12.9359,64.9677,4.0516
0.0237743,510.111,12.5007,62.5541,4.12396
-1.19079,555.253,12.9694,65.4437,3.96128
-1.88893,585.079,13.2917,67.3959,3.87211
-4.53946,546.552,11.1587,57.6508,3.55952
-3.9105,554.018,11.6037,59.6811,3.63022
-1.08403,557.058,13.0668,65.8865,3.97519
-2.4019,505.848,11.2585,57.2917,3.80851
-1.30333,591.24,13.7484,69.4287,3.9467
-2.0309,589.527,13.317,67.5914,3.85435
-1.78201,556.289,12.6916,64.3055,3.88557
-0.759318,541.834,12.8742,64.7701,4.01794
0.846579,567.139,14.354,71.427,4.24
1.00784,500.039,12.7357,63.3051,4.26333
-4.76874,559.504,11.3169,58.5647,3.53426
-4.9194,530.899,10.6725,55.2898,3.5178
1.51227,513.548,13.3396,66.0813,4.33758
-3.77387,500.529,10.5415,54.1654,3.64585
-0.487779,548.623,13.1762,66.1656,4.05423
-4.18314,533.999,11.0614,57.0029,3.59932
-0.749276,554.003,13.1686,66.2465,4.01927
-3.05759,584.161,12.6637,64.7403,3.72945
-0.807881,530.309,12.5762,63.2919,4.0115
0.139942,584.849,14.3978,71.9902,4.14005
-1.06816,568.448,13.3424,67.2687,3.97726
-3.07224,505.069,10.9427,55.9477,3.72771
1.66612,574.617,15.0154,74.3061,4.36062
-3.82957,593.329,12.4678,64.0887,3.63946
0.36415,585.728,14.547,72.6249,4.17137
-0.638,513.861,12.2683,61.6701,4.03409
1.73748,512.343,13.4253,66.4054,4.37137
-3.25274,512.702,11.0276,56.4538,3.70639
-2.55928,514.888,11.3877,58.013,3.7893
-2.77438,535.555,11.743,59.9135,3.76329
-3.54336,539.384,11.4662,58.8203,3.67244
-3.17903,515.63,11.1236,56.9154,3.71508
1.87233,544.278,14.337,70.8507,4.3918
-4.55688,541.095,11.0394,57.0419,3.55759
-3.49146,514.06,10.9508,56.1556,3.67847
1.95961,567.7,15.0047,74.1069,4.4051
-4.75605,531.155,10.7491,55.6211,3.53565
1.59765,588.964,15.3494,75.9939,4.35034
-1.666,543.598,12.4595,63.0786,3.90026
-4.67531,525.675,10.6732,55.1966,3.54452
-1.52753,516.552,11.9051,60.2135,3.91789
-2.09917,550.038,12.3912,62.9221,3.84585
-3.15422,570.897,12.3281,63.0678,3.71801
-3.93642,571.692,11.9613,61.5318,3.62726
-4.90297,506.959,10.1981,52.8259,3.51959
-2.04366,513.786,11.6002,58.8827,3.85276
-2.13788,597.292,13.4349,68.2407,3.84105
0.333047,588.372,14.5948,72.8792,4.167
-0.834674,590.711,13.9938,70.4391,4.00796
-1.45447,582.97,13.4749,68.1189,3.92724
-4.47679,565.666,11.5784,59.7925,3.56647
-4.65266,572.533,11.6354,60.1625,3.54701
-2.63734,534.821,11.7916,60.1035,3.77983
1.82587,503.014,13.2262,65.3817,4.38475
-1.00548,540.173,12.7102,64.0539,3.98547
-2.32282,562.347,12.5557,63.8573,3.81821
0.982775,532.295,13.544,67.3343,4.25969
-2.11089,525.492,11.8327,60.091,3.8444
-4.15794,505.761,10.4872,54.0341,3.60216
1.65465,519.186,13.5609,67.1134,4.3589
0.796586,595.003,15.0298,74.8152,4.23281
0.735041,535.755,13.5007,67.2315,4.22398
-1.97813,507.002,11.477,58.2308,3.86094
-3.4662,590.244,12.5866,64.5322,3.68141
-3.66838,501.18,10.6004,54.427,3.65798
0.729655,596.795,15.0357,74.8783,4.22321
-4.89305,502.46,10.1117,52.3745,3.52067
-0.555394,546.688,13.0947,65.7869,4.04515
-4.61252,563.226,11.4649,59.2642,3.55144
0.314987,548.957,13.6075,67.9571,4.16447
-4.15051,567.706,11.7752,60.6672,3.603
-0.19857,591.824,14.3768,72.0515,4.09343
1.14457,575.747,14.7425,73.2122,4.28326
0.599475,591.369,14.8232,73.8855,4.20463
0.695798,592.723,14.9133,74.286,4.21837
0.859177,525.523,13.3073,66.2127,4.24182
-3.79194,514.224,10.8221,55.614,3.64377
1.38125,546.292,14.1179,69.9987,4.3181
1.25305,577.153,14.8411,73.6482,4.29918
1.53435,563.687,14.6545,72.5845,4.34088
1.15034,581.192,14.8852,73.9183,4.28411
-4.47384,573.574,11.7417,60.6344,3.5668
0.0839933,596.83,14.6605,73.3316,4.13229
-2.50466,598.133,13.2578,67.5141,3.79595
-2.09701,599.224,13.5004,68.5537,3.84612
-3.87952,528.343,11.0799,56.9742,3.63375
0.0822163,574.351,14.1074,70.5656,4.13204
-0.046475,552.048,13.4911,67.5423,4.11428
-0.785787,504.401,11.9723,60.2434,4.01443
-0.51202,580.79,13.9354,69.9896,4.05097
-4.5135,588.366,12.0251,62.1154,3.5624
0.0920451,552.342,13.572,67.8831,4.1334
1.73502,501.831,13.1486,65.0377,4.371
-3.91588,554.359,11.6083,59.7071,3.6296
-3.23646,558.446,12.0194,61.5239,3.70831
-1.81145,535.457,12.202,61.8374,3.88186
-0.603818,573.941,13.7212,68.9574,4.03866
-2.81139,587.921,12.872,65.6912,3.75884
-4.31693,589.952,12.1542,62.6944,3.5843
-1.72535,593.244,13.5654,68.7053,3.89273
-3.79684,540.79,11.3789,58.4775,3.64321
-2.53474,511.291,11.3192,57.6545,3.79229
-1.65127,588.717,13.5016,68.3473,3.90213
-4.90656,514.751,10.3533,53.6313,3.5192
0.641013,528.397,13.2663,66.1067,4.21055
-0.889497,551.944,13.047,65.6986,4.00072
1.7288,518.051,13.5703,67.1265,4.37006
-0.321942,551.8,13.3395,66.9094,4.07664
-3.39456,513.287,10.9772,56.2523,3.68977
-1.32156,511.501,11.8856,60.0292,3.94434
1.58138,547.085,14.2489,70.5533,4.34791
1.72964,597.255,15.6455,77.3914,4.37019
-2.00725,525.232,11.8759,60.2667,3.8573
-0.372132,543.751,13.1189,65.8256,4.06984
1.7794,525.137,13.783,68.1554,4.37771
-3.91218,506.803,10.6141,54.5919,3.63002
-1.8036,559.376,12.7511,64.6163,3.88285
1.59038,533.808,13.908,68.8611,4.34926
-1.52846,572.441,13.1927,66.7264,3.91777
-1.74778,580.727,13.2673,67.206,3.8899
0.373682,503.313,12.5048,62.4255,4.17271
-1.8983,556.849,12.6456,64.1243,3.87094
1.4641,518.344,13.4389,66.5951,4.3304
-2.21248,538.959,12.0867,61.4248,3.83181
1.84142,588.933,15.4947,76.5876,4.38711
-3.16294,541.484,11.6889,59.8011,3.71698
-1.70515,505.704,11.5729,58.6059,3.89529
-2.10254,555.841,12.5202,63.579,3.84544
-3.181,578.306,12.4747,63.8294,3.71484
-0.45827,558.105,13.4195,67.374,4.0582
-0.960482,507.017,11.9514,60.2108,3.99137
-2.40104,534.193,11.8898,60.5038,3.80861
-0.0136661,509.464,12.4665,62.3987,4.11879
-1.77818,502.77,11.4723,58.1261,3.88606
-0.734436,513.911,12.2228,61.4822,4.02125
-0.701124,557.8,13.2841,66.8055,4.02568
-0.0794999,597.878,14.5921,73.071,4.10974
0.593005,501.827,12.5756,62.685,4.20372
-1.95735,588.317,13.3288,67.6164,3.86354
-4.3944,509.396,10.4616,53.9935,3.57565
-0.220773,586.244,14.2288,71.3205,4.0904
-0.863005,565.407,13.3793,67.3594,4.00421
1.36549,553.387,14.2925,70.8718,4.31577
-1.02418,551.63,12.9702,65.3725,3.98302
1.81794,505.465,13.2865,65.6834,4.38354
-0.218621,525.62,12.7584,63.9497,4.09069
1.05266,537.094,13.7035,68.0948,4.26985
-2.32494,556.831,12.4315,63.2265,3.81795
-0.891586,578.224,13.6671,68.8219,4.00044
0.73317,567.616,14.3025,71.2254,4.22371
-0.333401,511.562,12.3612,62.0071,4.07508
1.94907,554.932,14.6612,72.4157,4.40349
-4.10628,543.823,11.3001,58.201,3.60799
-3.43798,534.549,11.4119,58.4979,3.6847
1.74073,511.845,13.4139,66.3477,4.37186
-3.60177,564.015,11.9616,61.3869,3.66568
-1.4432,501.365,11.5939,58.6052,3.92869
-3.36771,506.391,10.8415,55.5462,3.69291
-2.3559,593.718,13.2386,67.346,3.81415
0.735289,543.414,13.6938,68.1931,4.22402
1.04285,589.044,15.0232,74.6576,4.26842
-4.08423,545.349,11.342,58.4073,3.61048
0.419034,597.929,14.882,74.2698,4.17909
0.943396,507.299,12.8882,64.0908,4.25398
0.534453,543.454,13.5875,67.7563,4.1954
-1.36761,544.248,12.6234,63.7759,3.93841
-2.89788,587.477,12.8177,65.4536,3.74848
0.895214,588.122,14.9134,74.1861,4.24702
-1.62391,581.325,13.3466,67.5498,3.9056
-1.60463,503.409,11.5666,58.533,3.90806
-2.70772,504.094,11.0827,56.5185,3.77133
-1.28809,524.151,12.1957,61.5813,3.94867
0.127171,554.708,13.649,68.2518,4.13827
-3.06754,580.816,12.5862,64.3484,3.72827
-3.22663,524.557,11.2944,57.8092,3.70946
0.758671,597.616,15.0735,75.0517,4.22737
-3.6721,526.125,11.1263,57.1288,3.65755
-3.88427,513.994,10.7769,55.4181,3.63321
-2.87765,526.183,11.4897,58.6639,3.7509
-3.43231,531.283,11.3448,58.1514,3.68536
-3.50503,528.963,11.2621,57.7576,3.6769
0.100088,546.721,13.4381,67.2099,4.13452
-4.51408,540.813,11.0529,57.0941,3.56234
-2.57097,547.068,12.0937,61.6148,3.78788
-4.23077,530.128,10.96,56.4995,3.59396
-4.25019,510.803,10.5522,54.4046,3.59178
-3.99265,552.082,11.5247,59.3097,3.62087
-4.91301,579.666,11.6559,60.3816,3.51849
-1.23241,502.813,11.7251,59.1822,3.95588
-4.09879,503.168,10.4585,53.8635,3.60884
-0.094189,530.339,12.9362,64.7856,4.10772
-0.993756,599.674,14.1169,71.1369,3.987
0.933822,544.922,13.8388,68.8227,4.2526
1.71501,558.667,14.6264,72.3572,4.36798
-4.29569,515.998,10.6398,54.8743,3.58668
-1.88923,526.563,11.9622,60.6547,3.87208
-4.88453,562.387,11.3216,58.6379,3.5216
-0.672154,559.062,13.3294,67.0201,4.02954
-1.32131,547.375,12.7193,64.2398,3.94438
0.362314,573.396,14.2397,71.0916,4.17111
-2.79388,565.223,12.3838,63.1916,3.76095
-2.23295,538.744,12.072,61.3588,3.82928
0.0753774,514.949,12.6449,63.2533,4.13109
0.885294,591.892,15.0032,74.6378,4.24559
-0.715812,540.177,12.8569,64.6639,4.02372
1.34402,575.893,14.8613,73.7031,4.3126
-1.97108,514.299,11.6455,59.0826,3.86182
0.477177,558.76,13.9389,69.5354,4.1873
-2.58677,539.232,11.9129,60.7007,3.78597
-1.57636,579.357,13.3266,67.4263,3.91166
0.570954,556.431,13.9319,69.4562,4.20058
-2.29937,595.229,13.3023,67.6435,3.82109
1.28266,595.019,15.3182,76.0005,4.30354
-1.44046,531.269,12.2867,62.1063,3.92904
-3.96265,575.98,12.0382,61.939,3.62427
-4.77746,561.484,11.3529,58.7547,3.5333
-0.473127,598.356,14.3789,72.1979,4.0562
-1.03477,540.424,12.7014,64.0222,3.98163
1.03093,544.393,13.8779,68.9718,4.26669
0.460779,513.928,12.8123,63.9223,4.18498
-3.35555,534.613,11.4513,58.6656,3.69433
-2.26622,588.557,13.1707,66.9586,3.82518
0.437687,508.256,12.6594,63.1695,4.18172
-0.675875,550.182,13.1158,65.9476,4.02904
-3.73467,586.57,12.3732,63.5595,3.65035
-2.97108,517.643,11.2608,57.5333,3.73974
1.54842,572.168,14.8832,73.7099,4.34298
-2.23503,599.742,13.4377,68.3013,3.82903
1.46111,588.476,15.2554,75.5981,4.32996
-0.565378,528.053,12.6433,63.5237,4.04381
-1.87273,596.616,13.5625,68.7616,3.87415
-2.83683,501.799,10.9752,56.0211,3.75579
-3.47003,526.987,11.2359,57.6089,3.68097
-0.562239,582.331,13.9447,70.0605,4.04423
0.78448,558.15,14.0922,70.1539,4.23107
-1.17577,533.61,12.4713,62.9238,3.96323
-0.894819,584.34,13.8099,69.5425,4.00002
-1.56042,551.284,12.6889,64.1928,3.91369
0.942547,547.509,13.9092,69.1688,4.25386
0.857781,556.47,14.0901,70.1087,4.24162
0.973717,512.815,13.0437,64.8511,4.25838
-3.94288,557.306,11.6573,59.9704,3.62653
-0.191699,547.493,13.3035,66.6692,4.09437
-1.58234,541.616,12.4555,63.0216,3.9109
-4.18139,592.33,12.2706,63.2333,3.59952
-2.27655,523.147,11.7021,59.4968,3.8239
1.98527,534.15,14.132,69.7848,4.40902
0.305809,524.918,13.0069,64.962,4.16318
-2.07779,577.712,13.0257,66.1345,3.84851
-0.218101,528.004,12.8166,64.2408,4.09076
1.16298,534.354,13.6924,67.989,4.28596
-1.63953,596.587,13.6885,69.2876,3.90362
-2.11243,571.498,12.8678,65.3485,3.84421
0.781902,545.816,13.7794,68.5979,4.2307
-2.30104,506.606,11.321,57.5691,3.82089
0.803165,523.956,13.2386,65.8958,4.23376
-3.41458,591.663,12.6431,64.7985,3.68743
-1.35573,561.874,13.0384,65.867,3.93994
-4.74128,587.053,11.8874,61.505,3.53727
-2.63334,517.59,11.4135,58.1747,3.78032
-2.2269,573.281,12.849,65.3054,3.83003
-4.21575,546.599,11.3075,58.2843,3.59565
-2.21059,521.234,11.6901,59.4084,3.83205
-1.23461,589.189,13.7382,69.3439,3.95559
-4.00153,539.545,11.259,57.9456,3.61986
-1.30176,505.182,11.748,59.326,3.9469
1.94657,589.882,15.5831,76.9704,4.40311
-2.71834,580.443,12.7559,65.0558,3.77004
-0.459051,577.207,13.8784,69.6781,4.0581
-4.34553,589.681,12.1346,62.6056,3.5811
1.5336,570.727,14.8371,73.4892,4.34076
-3.00016,549.913,11.9488,61.061,3.73627
-3.28041,552.094,11.8616,60.7353,3.70314
-0.17525,513.344,12.4818,62.5443,4.09662
-0.977621,558.521,13.1565,66.29,3.98912
-0.561525,556.435,13.3249,66.9465,4.04433
-1.27616,596.758,13.8917,70.1391,3.95021
-1.93653,574.444,13.0253,66.0672,3.86615
-3.38326,575.505,12.3134,63.0946,3.69109
1.09447,552.831,14.128,70.1846,4.27594
-1.7158,569.26,13.0219,65.9483,3.89394
-2.0361,505.917,11.426,57.9954,3.8537
-2.992,591.207,12.8503,65.6639,3.73725
1.88135,519.024,13.6766,67.5829,4.39317
0.24816,576.306,14.248,71.1884,4.15512
-2.65518,595.661,13.1235,66.9012,3.77767
-3.42133,548.343,11.7143,60.0407,3.68664
0.321014,588.084,14.5808,72.8151,4.16532
1.73141,591.317,15.4911,76.6264,4.37046
-0.719479,507.609,12.08,60.7579,4.02323
-2.95763,511.264,11.1281,56.8497,3.74134
-2.88695,540.39,11.7955,60.2293,3.74979
-4.78008,535.029,10.8169,55.9815,3.53301
-1.35446,565.877,13.1319,66.339,3.9401
1.07832,512.153,13.0802,64.9864,4.27359
1.50674,506.255,13.1473,65.1312,4.33676
-2.10595,570.227,12.8425,65.2171,3.84501
-2.5552,533.597,11.8034,60.129,3.7898
-4.96616,541.847,10.8718,56.3414,3.51271
-4.87228,556.037,11.1994,57.9997,3.52293
-2.0983,521.386,11.7461,59.6462,3.84596
-4.15365,555.929,11.5295,59.4024,3.60264
-0.647079,554.498,13.2337,66.5274,4.03288
1.89936,507.043,13.3702,66.061,4.39591
0.19728,528.727,13.0456,65.2034,4.14802
-0.997028,505.233,11.8921,59.9273,3.98657
-4.80753,578.513,11.6829,60.4756,3.53001
-3.94146,525.984,11.0027,56.6026,3.62669
1.07346,559.473,14.2861,70.9798,4.27288
-4.62506,505.885,10.2925,53.2083,3.55006
0.614227,529.659,13.2841,66.2071,4.20673
-2.414,503.528,11.2014,57.0062,3.80703
-0.877697,570.218,13.4853,67.8998,4.00227
-0.00993775,541.77,13.259,66.3636,4.11931
-3.09727,575.179,12.4491,63.661,3.72474
-4.73911,563.373,11.4089,59.0284,3.53751
-1.0686,585.375,13.7394,69.2707,3.9772
-3.8927,565.493,11.8526,60.9534,3.63225
-1.61031,522.854,12.0107,60.7826,3.90733
-3.11616,588.606,12.73,65.1063,3.72251
0.195177,579.273,14.2916,71.4319,4.14773
-1.15247,560.138,13.1034,66.1024,3.96626
-0.424976,519.146,12.4992,62.7389,4.06269
-4.31772,531.126,10.9419,56.4414,3.58421
1.57553,557.543,14.518,71.8885,4.34703
0.727179,529.791,13.3463,66.4662,4.22286
-2.93673,590.448,12.8624,65.7,3.74384
0.418123,576.863,14.3572,71.651,4.17896
-0.394258,524.485,12.643,63.4476,4.06684
-0.228772,589.414,14.3012,71.6875,4.08931
-2.29317,579.316,12.9499,65.8487,3.82186
1.68688,529.04,13.8356,68.4581,4.36374
-3.54446,552.436,11.7432,60.2414,3.67232
-3.53339,575.334,12.2354,62.7615,3.6736
-0.558194,569.356,13.6361,68.5085,4.04477
-1.67681,581.606,13.325,67.465,3.89889
-4.72824,553.323,11.2104,57.9965,3.5387
-3.3992,513.075,10.9706,56.2204,3.68923
-2.38085,562.821,12.5371,63.7887,3.81109
-3.99052,562.362,11.7403,60.4183,3.62111
-0.767079,574.422,13.6443,68.6483,4.01691
-0.927582,528.099,12.4646,62.7819,3.9957
-2.45525,542.986,12.0593,61.3896,3.80198
-1.47772,593.546,13.7067,69.3019,3.92426
-2.42083,547.668,12.18,61.9894,3.80619
1.83372,598.807,15.7497,77.8523,4.38594
-3.8324,549.021,11.5355,59.2972,3.63914
-4.43423,549.673,11.2705,58.1848,3.57121
-1.73435,556.737,12.726,64.4582,3.8916
-0.520813,535.814,12.8517,64.5511,4.04979
-3.07935,545.721,11.82,60.4365,3.72687
-3.2077,506.498,10.9139,55.8542,3.71169
-0.0332173,534.838,13.0773,65.4649,4.1161
1.6874,576.001,15.064,74.5361,4.36382
0.223364,582.797,14.3944,71.9321,4.15166
0.513806,526.053,13.1418,65.5428,4.19248
-3.11252,531.271,11.4917,58.7715,3.72294
-2.07328,565.829,12.7601,64.7838,3.84907
1.73332,538.438,14.1068,69.7783,4.37074
0.126255,551.921,13.5799,67.9069,4.13815
1.25198,504.778,12.9795,64.4104,4.29902
1.28633,514.072,13.2362,65.669,4.30408
-0.387496,552.131,13.313,66.8066,4.06776
-4.6921,566.56,11.4955,59.4561,3.54267
-4.00885,560.782,11.6987,60.2117,3.61903
-3.34461,528.124,11.3173,57.9746,3.69561
-4.88208,572.012,11.5165,59.6463,3.52186
-3.56998,589.227,12.5123,64.1988,3.66936
-3.00254,573.388,12.4577,63.6626,3.73599
-2.91436,561.904,12.2516,62.5703,3.74651
-0.503592,530.813,12.7405,63.9846,4.0521
0.235739,533.644,13.1868,65.8918,4.15339
-0.702051,586.187,13.9596,70.2032,4.02555
-4.79081,531.872,10.7483,55.6311,3.53184
0.859373,533.254,13.5031,67.1871,4.24185
-0.178229,532.871,12.955,64.9172,4.09621
1.04076,500.506,12.764,63.4317,4.26812
-2.39417,542.402,12.0758,61.4475,3.80945
-2.93274,539.941,11.764,60.088,3.74431
-4.09234,520.012,10.8115,55.6786,3.60956
-3.95328,518.651,10.8441,55.7915,3.62534
0.211767,504.169,12.4467,62.2041,4.15004
0.451129,590.404,14.7132,73.4114,4.18362
0.992818,546.579,13.9129,69.1636,4.26115
1.88077,541.907,14.2792,70.5613,4.39308
-2.15875,574.434,12.91,65.5839,3.83846
-3.98518,594.676,12.4176,63.9014,3.62171
-4.72399,525.944,10.6575,55.1346,3.53917
-4.26055,554.17,11.4432,59.003,3.59062
-4.91496,539.805,10.8535,56.2258,3.51828
-2.53638,550.889,12.1951,62.1163,3.79209
0.673895,599.162,15.0624,75.0397,4.21524
-1.1708,505.592,11.8188,59.6296,3.96388
-1.68303,502.455,11.5087,58.2717,3.8981
-4.28994,585.791,12.0818,62.3085,3.58732
-2.25942,534.515,11.9646,60.824,3.82602
-0.39096,504.9,12.1725,61.085,4.06729
0.22468,576.996,14.2519,71.2193,4.15184
-1.60181,548.309,12.5997,63.7596,3.90842
-0.476322,530.827,12.7545,64.0432,4.05577
-1.4233,516.335,11.9495,60.3945,3.93124
-4.1659,524.463,10.8715,56.0173,3.60126
-2.19524,538.318,12.0807,61.3866,3.83394
-0.735919,579.729,13.7874,69.3531,4.02105
0.189949,551.459,13.6026,67.9905,4.147
-3.32768,510.836,10.9543,56.1084,3.69759
1.68877,539.474,14.1095,69.8124,4.36403
-4.72958,566.363,11.4739,59.3606,3.53855
1.19576,517.677,13.282,65.9368,4.29076
1.20815,562.986,14.4515,71.7365,4.29258
0.16164,550.829,13.5719,67.8505,4.14306
-2.29209,550.133,12.2981,62.5338,3.82199
-1.46941,577.329,13.3366,67.4268,3.92533
-3.20224,577.559,12.4479,63.7019,3.71234
-1.53454,592.32,13.6475,69.0297,3.91699
-2.24041,577.345,12.9331,65.7389,3.82836
-4.61862,598.8,12.1861,62.9945,3.55077
-0.666464,576.486,13.748,69.1217,4.03029
-2.00894,534.531,12.0853,61.3304,3.85709
-4.7678,507.012,10.2556,53.0719,3.53436
1.50419,535.603,13.9081,68.9013,4.33638
-4.94775,520.776,10.4569,54.184,3.51471
-3.03012,561.749,12.1913,62.3133,3.73271
0.275321,583.619,14.4442,72.1552,4.15892
-2.58132,544.095,12.023,61.2591,3.78663
-3.93957,505.547,10.576,54.4068,3.6269
-4.91911,572.175,11.5024,59.5891,3.51783
1.8479,533.572,14.0417,69.4026,4.38809
-3.24578,522.132,11.2336,57.5054,3.70721
-3.13874,516.544,11.1614,57.0926,3.71984
1.96898,589.219,15.5791,76.9391,4.40653
-3.27482,508.635,10.9304,55.9649,3.7038
0.887718,510.304,12.9363,64.3545,4.24594
-0.246201,520.747,12.6264,63.2999,4.08693
-1.16786,506.279,11.8363,59.7164,3.96426
-4.44182,539.913,11.067,57.1373,3.57036
-3.91043,584.271,12.2374,62.9402,3.63022
-4.05405,504.412,10.5034,54.0775,3.6139
-2.15352,570.404,12.8221,65.1351,3.83911
-0.219023,552.397,13.4082,67.2066,4.09064
1.14997,511.886,13.11,65.1029,4.28405
-3.64231,581.314,12.3083,63.1843,3.66099
-0.72081,577.874,13.7515,69.1653,4.02306
-2.64813,548.582,12.0897,61.6279,3.77853
-1.73627,569.934,13.0267,65.982,3.89135
-1.09689,599.044,14.0445,70.8226,3.97351
-2.60178,553.509,12.221,62.2768,3.78414
-3.61523,572.125,12.127,62.2416,3.66412
-4.47205,575.763,11.7873,60.8694,3.567
-4.20758,563.039,11.6514,60.0537,3.59657
-2.58961,566.967,12.5242,63.8167,3.78562
-3.7335,552.861,11.6627,59.9092,3.65048
1.74379,516.232,13.5305,66.923,4.37232
-1.6378,512.27,11.7547,59.4985,3.90384
-2.59205,510.859,11.2837,57.4966,3.78532
-3.13028,529.947,11.4549,58.5905,3.72084
-1.13566,562.34,13.1637,66.3988,3.96845
1.97628,535.202,14.1549,69.9021,4.40765
-0.587048,525.591,12.5736,63.1828,4.04091
-2.77723,597.319,13.0957,66.8168,3.76295
-2.31116,564.771,12.6157,64.1572,3.81964
-3.34319,559.822,11.9972,61.457,3.69578
-2.0639,511.819,11.5464,58.6182,3.85024
1.76903,534.569,14.0249,69.3564,4.37614
-3.55626,585.216,12.434,63.7909,3.67095
-1.93518,581.703,13.1906,66.9051,3.86632
-4.34053,509.894,10.4948,54.1438,3.58166
0.206372,587.643,14.5044,72.4904,4.14929
-4.08969,562.692,11.7001,60.2537,3.60987
-0.781212,567.306,13.4678,67.7665,4.01504
1.30213,581.706,14.9868,74.3466,4.30641
-2.24736,557.259,12.4797,63.4373,3.8275
-1.80411,579.298,13.2049,66.9165,3.88279
-2.20235,534.356,11.9883,60.9205,3.83306
-2.7517,564.719,12.3937,63.2236,3.76602
-0.443919,547.727,13.1774,66.152,4.06014
-4.96299,505.277,10.1394,52.5444,3.51306
-3.08438,553.938,11.9956,61.3363,3.72627
-2.26308,533.061,11.9303,60.6512,3.82556
-4.12493,550.17,11.4234,58.8436,3.60588
0.190448,511.571,12.6189,63.0736,4.14707
-0.0806678,577.706,14.0991,70.603,4.10958
-3.53746,534.85,11.3725,58.3373,3.67313
-2.16343,565.819,12.714,64.5904,3.83788
-0.136501,568.645,13.8475,69.3695,4.10192
1.43505,569.545,14.7497,73.1048,4.32609
0.772374,536.596,13.5416,67.4183,4.22933
-0.607949,588.587,14.069,70.7075,4.03811
-0.539795,545.915,13.0842,65.7274,4.04724
-1.87386,526.329,11.9642,60.6585,3.87401
0.268218,595.58,14.7361,73.617,4.15792
-1.08337,591.215,13.8684,69.9279,3.97527
-1.91863,515.452,11.696,59.3175,3.86839
-0.679443,574.982,13.705,68.9122,4.02856
-1.84492,520.836,11.853,60.0827,3.87765
-0.170697,533.089,12.9642,64.9596,4.09724
-0.657663,563.848,13.4512,67.6258,4.03147
-3.20652,566.778,12.2134,62.504,3.71183
-1.02914,557.808,13.1129,66.0939,3.98237
-3.98556,573.601,11.9774,61.636,3.62167
-2.35138,564.763,12.5952,64.0711,3.8147
-1.43009,570.997,13.211,66.7734,3.93037
-4.14539,522.396,10.8377,55.8347,3.60357
-4.55914,598.019,12.1997,63.0381,3.55734
-1.55923,587.717,13.5282,68.4378,3.91384
-4.68532,564.298,11.4528,59.2322,3.54342
-0.436093,548.853,13.2086,66.3049,4.06119
1.44596,558.296,14.4645,71.686,4.32771
-4.6168,542.382,11.0387,57.0628,3.55097
-1.39143,503.496,11.6672,58.9544,3.93534
0.460179,506.071,12.6161,62.9438,4.1849
-0.626604,547.129,13.0684,65.6872,4.03562
-1.00512,545.838,12.8437,64.7265,3.98551
1.29613,564.958,14.5519,72.1922,4.30552
0.52481,530.176,13.2505,66.0801,4.19404
0.493238,573.105,14.3057,71.3577,4.18957
1.38832,536.733,13.8747,68.7894,4.31915
-4.0099,543.221,11.3318,58.3241,3.61891
0.430874,544.545,13.5596,67.6648,4.18076
-4.74476,507.747,10.2801,53.1899,3.53689
-2.30899,524.547,11.7182,59.5921,3.81991
-1.77857,550.545,12.5623,63.6486,3.88601
-3.85432,532.739,11.1834,57.4966,3.63663
1.89168,541.748,14.2811,70.5652,4.39474
-1.33634,594.219,13.7996,69.703,3.94244
-2.67278,593.263,13.0615,66.593,3.77555
-4.64226,530.193,10.7795,55.7328,3.54816
-1.16359,547.367,12.799,64.5718,3.96482
-4.50348,571.236,11.6797,60.3273,3.56351
1.37217,585.478,15.1252,74.9978,4.31676
-1.0231,537.627,12.6415,63.7153,3.98316
1.48775,535.218,13.8892,68.8153,4.33392
-2.62797,587.308,12.9536,66.0224,3.78097
0.00204145,582.147,14.2538,71.3373,4.12096
1.05745,511.909,13.0633,64.9118,4.27055
1.04197,507.164,12.9344,64.278,4.26829
-0.217141,552.693,13.4164,67.2467,4.0909
0.685264,567.324,14.2684,71.0785,4.21686
-3.72561,532.273,11.232,57.6934,3.65139
-0.581813,599.874,14.3537,72.125,4.04161
-3.90314,565.33,11.8442,60.9146,3.63106
-1.23693,513.198,11.9652,60.3956,3.95529
-2.81609,544.193,11.9124,60.7958,3.75828
-0.360752,500.688,12.0854,60.635,4.07138
-4.77219,549.319,11.1093,57.492,3.53388
-1.9697,528.552,11.9689,60.7227,3.86199
-2.17373,582.667,13.0872,66.4911,3.83661
-0.627834,503.23,12.0193,60.4143,4.03545
-4.87154,537.193,10.8201,56.0354,3.52301
-4.37529,511.096,10.5047,54.2084,3.57778
-1.86189,573.991,13.0539,66.1776,3.87551
-0.772568,544.892,12.9401,65.1075,4.01618
-2.79569,549.745,12.0438,61.4575,3.76073
-4.3998,525.471,10.7894,55.6872,3.57504
-3.93185,584.158,12.2244,62.8831,3.62778
0.452201,576.889,14.377,71.7334,4.18377
-3.07466,559.027,12.1105,61.9198,3.72742
-3.95224,590.482,12.3465,63.5206,3.62546
0.176043,575.395,14.1852,70.9096,4.14507
0.892743,533.405,13.5246,67.2787,4.24666
0.489627,564.375,14.0858,70.2625,4.18906
-2.02352,598.396,13.5214,68.625,3.85527
1.68358,511.722,13.381,66.2101,4.36325
-4.70588,531.339,10.7748,55.7341,3.54116
1.01106,579.424,14.7595,73.3629,4.2638
-0.415356,537.531,12.9467,64.981,4.06399
-4.15982,502.831,10.4257,53.7177,3.60195
-3.94255,511.82,10.706,55.0764,3.62656
-3.7069,515.298,10.882,55.8883,3.65354
-0.580999,542.877,12.9902,65.2737,4.04172
-0.33922,569.541,13.759,69.0218,4.07429
-0.234525,550.564,13.3555,66.9499,4.08853
0.450598,538.546,13.4206,66.9621,4.18354
0.0976271,583.692,14.3455,71.7491,4.13418
-1.30067,566.666,13.1784,66.5488,3.94704
-2.75314,521.297,11.4401,58.3595,3.76585
-4.93352,519.824,10.4439,54.1108,3.51626
-1.95492,574.113,13.0083,65.9892,3.86384
-2.81041,547.399,11.9853,61.1655,3.75896
-3.62779,506.331,10.7269,55.0608,3.66267
1.63202,517.711,13.5105,66.8741,4.3555
0.9168,581.243,14.7514,73.3696,4.25014
-4.99958,555.884,11.1383,57.7361,3.50908
-3.92985,581.155,12.1625,62.564,3.62801
-3.86882,514.195,10.7878,55.4683,3.63497
0.827463,580.466,14.6803,73.0602,4.23725
-3.66984,524.23,11.0873,56.9274,3.65781
1.31976,513.097,13.2283,65.6152,4.30901
-1.19661,596.882,13.9386,70.3369,3.96052
-0.869085,541.985,12.822,64.5562,4.00341
-0.251877,594.629,14.4146,72.2674,4.08616
-1.86527,578.787,13.1611,66.7231,3.87509
1.2515,539.579,13.8741,68.8501,4.29895
-3.61633,500.241,10.6028,54.4193,3.66399
0.337379,558.412,13.854,69.1779,4.16761
0.375959,555.94,13.8136,68.9579,4.17303
-0.615938,542.514,12.9637,65.1558,4.03704
0.709796,558.466,14.0591,70.0242,4.22037
-3.7035,505.53,10.6772,54.8352,3.65394
-4.06381,557.106,11.5961,59.7073,3.61279
-1.34439,596.09,13.8386,69.904,3.9414
1.08266,584.124,14.9209,74.1292,4.27422
-4.32888,553.659,11.401,58.814,3.58296
-0.802008,548.026,12.9994,65.419,4.01228
-3.36739,573.717,12.283,62.9318,3.69294
-0.315218,523.116,12.6494,63.4451,4.07755
-1.84245,510.038,11.6084,58.8418,3.87796
-1.70156,528.435,12.0949,61.2474,3.89575
-4.70986,592.559,12.0143,62.1474,3.54072
-4.70034,581.349,11.7916,60.9912,3.54177
0.5971,507.912,12.7301,63.4536,4.2043
1.00979,521.758,13.2899,66.059,4.26361
-1.76266,563.594,12.8682,65.1913,3.88802
0.366903,592.349,14.713,73.4524,4.17176
1.9675,570.348,15.0793,74.4714,4.40631
-3.4975,581.919,12.3934,63.5558,3.67777
-1.26498,538.773,12.5475,63.3472,3.95166
-2.25888,529.035,11.8422,60.2015,3.82608
-4.21966,570.625,11.8026,60.8383,3.59521
-2.99456,534.779,11.6226,59.3916,3.73694
-4.39366,568.614,11.6782,60.2717,3.57573
-1.26801,564.875,13.1538,66.4095,3.95127
-0.721277,546.066,12.9943,65.3572,4.023
-0.844199,505.125,11.9617,60.2147,4.0067
-3.60496,509.143,10.7965,55.4087,3.66531
0.443769,554.327,13.8102,68.9092,4.18258
-0.545855,565.006,13.5385,68.0124,4.04643
0.672797,599.428,15.0684,75.0704,4.21508
1.90276,527.19,13.9033,68.6934,4.39643
-2.47389,576.679,12.798,65.1587,3.79971
0.180556,595.198,14.676,73.3608,4.14569
1.00691,575.471,14.6564,72.8526,4.2632
-2.56349,550.87,12.1814,62.0585,3.78879
-1.68155,543.578,12.4514,63.044,3.89828
-3.69712,511.033,10.7962,55.4439,3.65467
-3.22229,580.054,12.4916,63.9346,3.70998
-2.76033,523.017,11.4745,58.5381,3.76498
1.87484,535.092,14.0964,69.6606,4.39218
1.28511,558.452,14.3782,71.3354,4.3039
-2.23278,525.769,11.7814,59.8814,3.8293
-4.26625,578.993,11.9531,61.6343,3.58998
0.069877,517.022,12.6931,63.4966,4.13033
1.00489,561.421,14.2975,71.0694,4.2629
-0.54711,569.052,13.6348,68.4967,4.04626
-4.92989,561.737,11.2876,58.4808,3.51666
-3.68251,535.374,11.3172,58.113,3.65635
-4.24124,511.692,10.5744,54.5156,3.59279
-1.09723,549.039,12.872,64.91,3.97346
-0.226396,546.008,13.2493,66.4134,4.08963
-4.7333,578.949,11.7271,60.6722,3.53814
-4.59095,513.61,10.4642,54.0826,3.55382
-4.97969,543.604,10.901,56.4984,3.51124
1.91044,504.059,13.2972,65.6956,4.3976
-4.94742,519.625,10.4339,54.0648,3.51475
-0.771442,508.589,12.0785,60.772,4.01633
0.108354,551.51,13.5602,67.8168,4.13566
-3.80771,516.667,10.8665,55.8487,3.64197
0.676284,526.861,13.246,65.9897,4.21558
0.303074,505.909,12.5346,62.604,4.1628
-3.84963,504.388,10.5903,54.4453,3.63717
-4.92377,554.492,11.1448,57.7385,3.51732
-0.0708215,581.863,14.2061,71.1337,4.11093
-0.357749,528.026,12.7467,63.952,4.07178
-1.41996,599.182,13.8687,70.0926,3.93167
-3.28881,570.459,12.252,62.7381,3.70215
1.71943,523.225,13.7009,67.7765,4.36865
-4.51894,586.875,11.9919,61.9468,3.5618
-1.77066,554.772,12.6628,64.154,3.88701
-0.0836589,596.455,14.555,72.8872,4.10917
-1.7338,534.119,12.2093,61.8406,3.89167
0.181409,510.337,12.584,62.903,4.14581
0.732334,532.395,13.4146,66.804,4.22359
-0.916049,528.035,12.4687,62.7981,3.99722
-4.64082,581.372,11.8207,61.1156,3.54832
-0.347679,553.624,13.37,67.0743,4.07315
-3.4376,599.539,12.7995,65.6108,3.68474
-4.95605,573.479,11.5112,59.6508,3.51381
-0.21113,536.022,13.0148,65.2311,4.09172
-0.83558,517.211,12.2521,61.6728,4.00784
1.95346,553.841,14.6349,72.2835,4.40416
1.76213,549.169,14.4041,71.2348,4.3751
-0.53013,574.679,13.7789,69.2123,4.04854
0.974797,585.458,14.8921,74.0402,4.25853
-2.65345,527.552,11.6238,59.2549,3.77788
0.284995,591.231,14.6381,73.1193,4.16027
-3.69316,584.464,12.3495,63.419,3.65513
-3.05481,526.068,11.4056,58.3075,3.72978
0.412484,598.91,14.9026,74.3758,4.17817
0.168381,589.355,14.525,72.6119,4.144
-1.78832,580.215,13.2342,67.0573,3.88478
-2.46798,530.792,11.7824,59.9857,3.80043
-1.39742,548.539,12.7079,64.2158,3.93457
-1.49757,524.982,12.1138,61.2565,3.92172
-1.39789,508.293,11.7753,59.5034,3.93451
-2.24006,537.828,12.0481,61.2402,3.8284
-0.36197,530.953,12.8153,64.2977,4.07121
-0.70029,590.056,14.0527,70.6706,4.02579
1.39565,548.135,14.1735,70.2674,4.32024
-1.40344,523.71,12.1297,61.2971,3.9338
-2.28297,507.265,11.3439,57.6782,3.82311
1.4935,579.111,15.0316,74.4726,4.33478
-1.70574,594.906,13.614,68.9422,3.89522
0.157385,584.866,14.4081,72.0331,4.14247
1.74004,504.356,13.2173,65.3755,4.37176
-0.985756,567.661,13.3675,67.3569,3.98805
-1.25528,519.712,12.1082,61.1255,3.95291
-4.16357,564.78,11.7083,60.3281,3.60152
-2.86935,518.905,11.3345,57.8684,3.75189
-2.28056,567.055,12.6822,64.4818,3.82341
-0.524305,595.795,14.2885,71.7691,4.04932
-3.78318,506.159,10.6561,54.7577,3.64478
-4.80589,520.638,10.5148,54.4286,3.53019
-0.712036,571.782,13.6112,68.4557,4.02422
-0.32856,520.072,12.5692,63.0486,4.07574
1.33324,524.027,13.5172,67.042,4.311
0.309522,584.065,14.4746,72.2906,4.16371
-0.885122,504.316,11.9233,60.0379,4.00129
-0.950428,573.886,13.533,68.1743,3.99269
0.485109,567.683,14.1659,70.664,4.18842
-4.46528,548.69,11.2362,58.0204,3.56775
-3.16623,585.308,12.6332,64.6339,3.71659
-1.87669,573.381,13.0323,66.075,3.87365
-1.35492,580.605,13.4735,68.0646,3.94004
-4.54808,590.596,12.0537,62.2786,3.55857
1.78378,553.314,14.525,71.8225,4.37837
-1.96342,573.19,12.9829,65.8647,3.86278
-0.727248,549.968,13.0841,65.8114,4.0222
-4.00796,598.674,12.4896,64.2821,3.61913
-2.17593,577.108,12.9612,65.8519,3.83633
-4.85628,569.142,11.4708,59.3985,3.52468
1.93312,572.868,15.1257,74.718,4.40106
0.145989,590.822,14.5483,72.7397,4.14089
-4.88874,581.359,11.7015,60.6074,3.52114
1.77012,511.659,13.4244,66.3863,4.3763
-4.69261,502.734,10.2002,52.7571,3.54262
-4.96018,567.354,11.3864,59.0054,3.51336
-3.17296,500.573,10.8014,55.2645,3.71579
-2.78109,526.872,11.5495,58.929,3.76249
1.09232,505.021,12.9051,64.1105,4.27563
-3.6427,564.082,11.9432,61.3105,3.66095
-3.18541,583.498,12.5844,64.3931,3.71432
-4.13269,597.728,12.4069,63.9135,3.60501
-2.51121,532.81,11.8068,60.1278,3.79515
-2.41104,560.658,12.4738,63.4802,3.80739
0.185828,545.047,13.4422,67.1909,4.14643
-2.15654,525.533,11.812,60.0052,3.83873
1.53193,510.908,13.2812,65.7832,4.34051
-3.60011,548.264,11.6283,59.6758,3.66587
0.548277,590.889,14.7815,73.7034,4.19736
-3.49339,506.696,10.7931,55.3476,3.67825
1.47976,513.119,13.3116,65.9569,4.33273
-3.79878,578.954,12.181,62.6003,3.64299
-0.93751,598.615,14.1234,71.142,3.99439
-0.388895,522.072,12.5875,63.1667,4.06757
1.29777,582.657,15.0088,74.4578,4.30577
1.95933,583.747,15.4287,76.2011,4.40506
1.4746,571.696,14.8282,73.4743,4.33197
-0.622404,527.653,12.6053,63.3575,4.03618
0.580031,504.518,12.6366,62.9947,4.20187
1.68375,581.054,15.194,75.1811,4.36327
1.47056,587.54,15.2368,75.5007,4.33137
-3.90177,580.586,12.1645,62.5614,3.63121
-2.4888,593.939,13.1732,67.0758,3.79789
-4.47103,552.521,11.312,58.4143,3.56711
-2.53812,591.579,13.0949,66.7005,3.79188
-4.25676,526.772,10.8792,56.0931,3.59104
-2.91101,504.707,11.006,56.2074,3.74691
1.16009,565.15,14.4799,71.9007,4.28553
0.317078,587.159,14.5556,72.6913,4.16476
-2.48709,534.239,11.8499,60.3372,3.79809
1.25366,516.596,13.2842,65.922,4.29927
-1.30237,562.624,13.0835,66.0705,3.94682
0.268717,526.13,13.018,65.0337,4.15799
-1.49972,539.086,12.4382,62.8977,3.92145
-2.24894,568.913,12.7399,64.7606,3.82731
1.50978,521.738,13.551,67.1297,4.33721
-4.20874,530.968,10.9872,56.6308,3.59644
1.00877,580.281,14.78,73.4661,4.26346
-0.20179,557.283,13.536,67.8392,4.09299
1.7282,579.149,15.1704,75.0418,4.36997
-0.281695,567.182,13.7331,68.8647,4.0821
1.02905,537.456,13.7001,68.0888,4.26641
-3.0079,519.686,11.2885,57.6899,3.73535
-4.93328,505.368,10.1535,52.6065,3.51629
-4.52251,533.512,10.9,56.3074,3.5614
-3.16047,547.856,11.8276,60.5098,3.71727
-0.799069,561.344,13.3168,67.0153,4.01267
0.695054,536.962,13.5099,67.2958,4.21826
-4.78881,599.316,12.1122,62.6896,3.53206
0.293911,572.904,14.1893,70.8732,4.16152
-3.41739,502.134,10.7288,54.9883,3.6871
0.431392,503.694,12.5427,62.5898,4.18083
1.59694,502.497,13.0956,64.8356,4.35024
-4.38077,510.87,10.4977,54.1744,3.57716
-0.875321,595.725,14.0899,70.9428,4.00259
-4.1182,534.168,11.0941,57.1449,3.60664
0.143338,569.41,14.0196,70.0976,4.14052
1.40036,538.46,13.9259,69.0377,4.32094
-1.05694,549.93,12.9135,65.1012,3.97873
-3.63016,547.559,11.5992,59.5394,3.6624
0.363016,521.706,12.9564,64.6844,4.17121
-0.423394,506.519,12.1959,61.216,4.06291
-4.45026,543.429,11.1352,57.493,3.56942
-1.67925,547.086,12.5329,63.4557,3.89857
-3.47262,560.605,11.9514,61.2786,3.68067
-3.47817,508.159,10.8309,55.5356,3.68002
-0.800885,539.595,12.7999,64.4149,4.01243
-3.58735,513.856,10.9042,55.9545,3.66735
-4.28706,576.9,11.8998,61.3687,3.58765
-4.88548,573.143,11.5377,59.7575,3.52149
0.350566,508.166,12.614,62.9802,4.16946
1.7167,594.109,15.5553,76.9518,4.36824
0.427315,515.646,12.8382,64.0664,4.18026
0.324784,532.805,13.2122,65.9786,4.16584
1.86841,549.192,14.4642,71.4814,4.39121
-0.419039,518.116,12.4773,62.6265,4.0635
-0.556544,556.66,13.3329,66.9844,4.04499
-2.7855,599.629,13.142,67.0568,3.76196
-2.33908,577.924,12.8951,65.5909,3.81621
-0.495031,512.227,12.2985,61.7614,4.05325
-4.56198,505.13,10.3035,53.2414,3.55703
0.689435,528.826,13.3023,66.2641,4.21746
-4.81228,527.432,10.6493,55.127,3.52949
-1.81431,547.822,12.4824,63.2594,3.8815
-0.468775,567.499,13.6397,68.4845,4.05679
1.68017,520.798,13.6165,67.377,4.36274
-2.67401,551.591,12.1434,61.9129,3.7754
0.35593,536.972,13.3318,66.5618,4.17022
1.14193,513.935,13.1584,65.3466,4.28288
-4.59345,506.364,10.3155,53.3151,3.55355
-1.67402,567.572,13.0049,65.8431,3.89924
-1.45695,520.11,12.0208,60.7689,3.92692
-3.60889,505.229,10.7117,54.9755,3.66485
-1.06527,532.673,12.5041,63.041,3.97764
0.108035,519.632,12.7763,63.8962,4.13562
-3.6325,551.629,11.6844,59.9773,3.66212
-1.46678,586.495,13.5498,68.5032,3.92567
0.558347,589.231,14.7459,73.5205,4.19879
-4.70271,584.632,11.857,61.3307,3.5415
-3.68603,515.82,10.9023,55.9839,3.65595
-0.522116,544.152,13.0511,65.5529,4.04961
0.952549,574.038,14.5889,72.5439,4.25531
0.478237,532.663,13.2884,66.29,4.18745
-4.51426,516.386,10.5536,54.5149,3.56232
-4.36438,585.87,12.0469,62.1617,3.57899
1.53739,560.724,14.5792,72.21,4.34133
-2.6585,545.444,12.0155,61.2543,3.77727
-3.9818,561.704,11.7307,60.3652,3.6221
-3.1769,598.856,12.9201,66.1066,3.71533
0.329658,587.584,14.5734,72.7736,4.16653
-1.52213,580.751,13.3876,67.7091,3.91858
-1.10332,514.276,12.054,60.788,3.97267
-0.445834,523.043,12.5826,63.1668,4.05988
-4.38953,539.794,11.0881,57.2248,3.57619
-2.40201,539.448,12.0063,61.097,3.80849
-2.91902,502.529,10.955,55.95,3.74595
-1.92873,584.863,13.2657,67.2827,3.86712
-1.84951,576.449,13.1162,66.4881,3.87707
-2.75846,547.542,12.0135,61.2868,3.76521
-0.644926,551.883,13.1724,66.2183,4.03317
1.23253,533.163,13.699,67.9898,4.29616
-3.4658,550.465,11.7385,60.1839,3.68146
0.326781,540.071,13.3934,66.8828,4.16612
-1.09151,521.25,12.2232,61.6362,3.97421
-1.69502,514.179,11.7716,59.6079,3.89658
-1.55794,545.11,12.5481,63.479,3.91401
0.312128,525.248,13.0183,65.0162,4.16407
-4.30159,571.18,11.7748,60.7306,3.58602
-0.328262,508.449,12.2884,61.6401,4.07578
-0.18996,514.846,12.511,62.6974,4.09461
-3.96166,596.209,12.4615,64.1165,3.62439
0.482921,521.423,13.0104,64.9011,4.18811
-0.907588,523.633,12.369,62.2918,3.99833
-2.92765,586.042,12.7711,65.2293,3.74492
-1.09509,583.689,13.6855,69.0113,3.97374
0.973033,536.353,13.6421,67.8263,4.25828
-4.50481,551.008,11.2655,58.1884,3.56336
-0.573285,586.225,14.0318,70.5035,4.04275
-0.395705,504.653,12.1643,61.0457,4.06665
-3.10933,588.972,12.7415,65.1616,3.72331
1.87991,513.231,13.5232,66.8255,4.39295
-3.39387,520.038,11.1219,56.9934,3.68985
-4.65243,586.139,11.912,61.5927,3.54704
-0.70872,512.827,12.2094,61.4041,4.02467
0.580407,570.268,14.2836,71.2052,4.20192
-3.24183,512.239,11.0225,56.4233,3.70768
-0.159724,564.049,13.723,68.7568,4.09874
0.562335,506.785,12.6846,63.2415,4.19936
-4.80838,560.309,11.3149,58.5709,3.52991
0.374711,546.196,13.5708,67.7465,4.17285
1.1877,518.475,13.2983,66.0213,4.28958
-2.21276,547.577,12.2798,62.4063,3.83178
-0.839556,530.82,12.5725,63.2874,4.00731
1.12233,553.223,14.1534,70.2976,4.28001
0.488898,596.611,14.89,74.274,4.18895
0.0113583,597.266,14.6294,73.2122,4.12225
-3.25718,552.923,11.8906,60.8735,3.70587
-4.21633,595.657,12.322,63.5141,3.59558
-0.35499,542.732,13.1032,65.739,4.07216
-4.00237,560.871,11.7036,60.2343,3.61976
-4.35759,554.576,11.4066,58.8548,3.57975
0.820549,517.053,13.073,65.0642,4.23626
-1.45001,586.382,13.5562,68.5277,3.92782
0.00723274,542.622,13.2888,66.5051,4.12168
1.72144,506.94,13.2754,65.6712,4.36895
-2.16195,582.096,13.0805,66.4517,3.83806
-0.892029,590.373,13.954,70.2669,4.00038
1.71433,522.038,13.6671,67.6116,4.36788
-2.31566,524.697,11.7184,59.5961,3.81909
0.430154,576.993,14.3672,71.6951,4.18066
-3.94533,554.967,11.6072,59.7139,3.62625
-3.75003,520.008,10.9624,56.3182,3.64858
-4.18182,503.803,10.4365,53.782,3.59947
-2.74668,536.483,11.7764,60.0724,3.76663
-4.47416,566.807,11.603,59.9184,3.56677
-3.68116,531.788,11.242,57.7264,3.65651
1.16615,563.056,14.4296,71.6482,4.28642
-0.692256,502.162,11.9633,60.1594,4.02686
-1.87639,569.62,12.947,65.6423,3.87369
1.09115,597.15,15.2587,75.803,4.27546
-4.75669,583.186,11.8017,61.0683,3.53558
-2.8603,585.464,12.7931,65.3107,3.75298
1.0336,599.052,15.2729,75.9033,4.26707
-4.91125,560.356,11.2684,58.3736,3.51868
-3.86609,549.897,11.5381,59.325,3.63528
-1.33664,595.167,13.8214,69.8135,3.9424
0.0872331,523.938,12.8716,64.3822,4.13274
-3.97106,533.672,11.1502,57.3732,3.62332
1.86724,593.501,15.6305,77.2457,4.39103
1.80606,597.472,15.6978,77.6099,4.38174
-4.87106,518.06,10.435,54.0405,3.52307
0.0119874,547.243,13.4045,67.0818,4.12233
-1.75221,591.425,13.5093,68.4341,3.88934
-0.193832,580.591,14.1065,70.6948,4.09408
0.342508,528.287,13.1093,65.4567,4.16833
-0.828181,585.705,13.8787,69.857,4.00882
-2.93168,510.136,11.1151,56.7731,3.74444
0.201258,516.711,12.7511,63.7297,4.14858
1.9699,513.015,13.5648,66.9906,4.40667
1.43709,559.121,14.4809,71.7715,4.32639
-4.44598,586.247,12.0147,62.0319,3.5699
-2.81927,576.797,12.6245,64.4314,3.7579
-2.46194,533.535,11.8462,60.3077,3.80116
-2.02788,548.04,12.3814,62.8411,3.85473
-3.7258,551.641,11.6406,59.7924,3.65137
0.118142,520.701,12.8077,64.0488,4.13702
0.159767,539.908,13.3018,66.5012,4.1428
-2.97053,579.447,12.6056,64.4037,3.7398
-0.46649,589.277,14.1644,71.1179,4.0571
-3.82075,534.072,11.2267,57.705,3.64047
0.805889,534.184,13.4984,67.1881,4.23415
-1.26682,519.379,12.0949,61.0632,3.95142
-1.21996,516.344,12.0466,60.7997,3.95749
1.16508,527.183,13.5097,67.0811,4.28626
-0.0010441,504.423,12.3493,61.8067,4.12053
1.49594,576.827,14.9737,74.1847,4.33514
-2.71552,514.463,11.3072,57.6662,3.77038
-4.28163,572.136,11.8041,60.873,3.58825
-0.588058,586.711,14.0352,70.5279,4.04077
-1.04586,556.938,13.0838,65.9547,3.98018
-0.093405,547.739,13.3611,66.9129,4.10783
-0.983264,560.271,13.1948,66.4854,3.98838
0.0879026,508.38,12.4898,62.4719,4.13283
-1.05318,567.103,13.3187,67.1424,3.97922
-2.68086,556.996,12.259,62.5053,3.77457
-0.421484,583.819,14.0582,70.5626,4.06317
-1.28831,543.609,12.6484,63.8669,3.94864
-4.33562,523.608,10.7792,55.6092,3.58221
-1.57724,590.749,13.5882,68.7502,3.91155
-1.17362,587.808,13.7392,69.3198,3.96351
-4.19413,551.497,11.4188,58.8491,3.59808
-0.790547,577.601,13.7071,68.9752,4.0138
-3.64399,546.969,11.5803,59.4479,3.6608
-2.79112,581.636,12.7448,65.0325,3.76128
1.45334,536.983,13.9163,68.9658,4.3288
-2.17661,541.821,12.1683,61.8241,3.83625
0.256514,580.923,14.3668,71.7781,4.15629
-1.61564,551.102,12.6569,64.0553,3.90666
-3.08387,539.967,11.6933,59.7903,3.72633
-4.22918,555.807,11.4917,59.2396,3.59414
-4.22967,566.085,11.704,60.334,3.59409
0.515856,522.628,13.0573,65.1205,4.19277
-1.46586,515.538,11.9109,60.2172,3.92578
0.507014,564.56,14.1,70.3251,4.19152
-1.33511,517.759,12.0245,60.7366,3.9426
-0.2337,584.447,14.1779,71.072,4.08864
0.101577,599.972,14.7479,73.7598,4.13472
-4.00192,553.365,11.5472,59.4291,3.61981
-2.74311,531.487,11.6684,59.52,3.76706
1.62325,576.415,15.0373,74.436,4.35418
0.707216,584.187,14.7051,73.2433,4.22
-2.92744,565.198,12.317,62.9098,3.74495
-2.82115,592.037,12.9571,66.1297,3.75767
-4.29365,536.487,11.0632,57.0571,3.58691
1.53885,578.973,15.0545,74.5635,4.34155
1.84223,533.798,14.0445,69.4194,4.38723
-2.13065,585.713,13.1783,66.9338,3.84195
0.0355576,521.541,12.7867,63.9801,4.12559
-4.81932,586.158,11.8316,61.2505,3.52872
-1.0253,542.209,12.7481,64.2536,3.98287
0.74908,500.131,12.6099,62.7895,4.22599
-2.22863,508.54,11.3972,57.927,3.82982
-1.80588,505.073,11.5122,58.3391,3.88256
-0.980567,503.666,11.8629,59.7736,3.98873
-0.474815,504.891,12.1321,60.9171,4.05598
-4.97164,559.647,11.2264,58.1815,3.51212
-2.39538,566.048,12.6016,64.1237,3.80931
-1.12926,524.759,12.2871,61.9745,3.96929
-4.79243,549.109,11.0959,57.4309,3.53166
-0.482157,523.738,12.5813,63.1759,4.05499
-0.733444,538.32,12.8038,64.4045,4.02138
-4.40935,577.282,11.8486,61.1583,3.57398
-4.04843,529.066,11.0193,56.7312,3.61454
-2.96469,571.664,12.4392,63.5509,3.7405
-2.24166,578.143,12.9503,65.8271,3.82821
-0.85081,510.056,12.0753,60.7894,4.00582
-1.85429,576.95,13.1251,66.5354,3.87647
-4.01474,511.925,10.6769,54.9551,3.61836
-2.96321,537.914,11.7055,59.8019,3.74068
1.40542,542.806,14.041,69.6062,4.32169
-3.35709,599.003,12.8297,65.728,3.69415
1.57893,575.245,14.981,74.1791,4.34754
-2.14114,558.464,12.5599,63.7977,3.84064
-3.8414,504.45,10.5951,54.4669,3.63811
1.91755,520.513,13.7351,67.8556,4.39868
-4.74498,580.119,11.7452,60.7709,3.53686
-0.534446,547.633,13.1282,65.9457,4.04796
-4.64904,569.373,11.5728,59.8376,3.54741
1.64035,500.201,13.0578,64.6296,4.35675
-0.077487,581.499,14.1935,71.0738,4.11001
-0.797564,521.941,12.3828,62.3142,4.01287
-3.33431,535.075,11.471,58.7577,3.69682
-3.85199,509.452,10.6956,54.9876,3.6369
-1.10236,593.013,13.9001,70.097,3.97279
-3.14913,508.62,10.9855,56.1974,3.71861
-1.16323,548.048,12.8151,64.6529,3.96486
-3.44508,503.439,10.7447,55.0803,3.68387
-4.58013,552.156,11.2544,58.1626,3.55502
-4.4728,590.904,12.097,62.4685,3.56692
-3.9394,500.693,10.4746,53.8847,3.62692
-1.8348,526.033,11.9761,60.7024,3.87892
-2.45498,584.266,12.9762,66.0573,3.80201
-4.48611,565.861,11.578,59.7944,3.56544
-3.33729,596.287,12.7817,65.473,3.69647
-3.05898,501.513,10.8714,55.5782,3.72928
-1.0844,511.322,11.9938,60.4763,3.97514
-3.55902,500.108,10.6246,54.5089,3.67063
-0.302946,580.668,14.0479,70.4535,4.07922
1.62881,528.821,13.7987,68.3021,4.35502
-2.58105,574.516,12.6953,64.6847,3.78666
-0.711035,594.689,14.1571,71.2005,4.02436
-2.47195,590.645,13.109,66.7411,3.79994
-4.55145,580.495,11.8459,61.2065,3.55819
-3.66346,534.486,11.3071,58.0534,3.65855
-0.805233,536.796,12.7313,64.0717,4.01185
-3.18224,589.425,12.7139,65.0539,3.7147
-3.94213,523.878,10.9584,56.3748,3.62661
-1.25539,599.024,13.956,70.4535,3.9529
-2.2347,509.824,11.4232,58.0617,3.82907
1.18074,562.513,14.4239,71.6129,4.28856
-4.68795,579.572,11.7615,60.83,3.54313
0.828214,570.041,14.4171,71.7499,4.23736
-4.64848,569.001,11.5656,59.7997,3.54748
-0.710302,594.512,14.1533,71.181,4.02446
1.62393,528.207,13.7801,68.2121,4.35428
-3.51756,506.723,10.7831,55.3061,3.67544
-2.27219,562.208,12.578,63.9483,3.82444
-2.85115,569.312,12.4447,63.5282,3.75407
-4.85177,515.549,10.3926,53.8135,3.52517
-0.928919,524.723,12.3842,62.3779,3.99552
0.0229526,519.618,12.7333,63.7182,4.12385
-4.01755,507.24,10.578,54.447,3.61804
-2.64152,509.344,11.228,57.2324,3.77933
-2.43642,557.042,12.3808,63.018,3.80428
-4.04623,525.107,10.9378,56.3108,3.61479
-1.32431,563.948,13.1029,66.1783,3.94399
0.222422,593.884,14.6677,73.2983,4.15153
-2.20942,563.197,12.6318,64.1937,3.83219
-1.78003,536.474,12.2405,62.0189,3.88582
-4.70527,520.725,10.5598,54.6219,3.54122
-0.933652,530.323,12.5141,63.0339,3.9949
-2.34342,522.254,11.6509,59.2642,3.81568
-3.95783,554.717,11.5961,59.662,3.62482
-0.230889,591.353,14.347,71.9184,4.08902
-3.46542,512.959,10.9389,56.084,3.6815
-1.81864,545.915,12.4368,63.0302,3.88095
-3.1299,511.79,11.0626,56.5838,3.72088
1.12336,525.779,13.4518,66.8125,4.28016
-4.73767,564.634,11.4351,59.1633,3.53766
0.35941,506.712,12.5822,62.818,4.1707
-1.66822,551.19,12.6324,63.9549,3.89997
0.988034,571.592,14.5469,72.3175,4.26045
-1.69842,592.939,13.5729,68.7307,3.89615
-1.04985,539.6,12.6745,63.8931,3.97965
-2.3424,523.262,11.6739,59.3806,3.8158
0.0400973,500.218,12.2661,61.3734,4.12621
-1.30666,533.135,12.3956,62.5987,3.94627
-3.29979,565.356,12.1371,62.1542,3.70086
-3.24318,564.689,12.1504,62.1978,3.70752
-0.632225,561.186,13.4012,67.3625,4.03486
-3.18405,558.696,12.0502,61.6587,3.71448
-1.19038,517.09,12.0782,60.9466,3.96133
-0.139427,570.086,13.881,69.5386,4.10152
-2.39855,581.118,12.9355,65.824,3.80892
-1.50172,513.72,11.852,59.9342,3.92119
-2.92569,511.006,11.1368,56.8812,3.74515
0.22944,563.141,13.9123,69.5198,4.15251
-0.0831088,524.435,12.7978,64.0875,4.10924
-4.55252,570.072,11.6327,60.1054,3.55808
-0.735197,502.531,11.9518,60.1193,4.02114
-4.50829,567.213,11.5952,59.8928,3.56298
-4.38314,587.446,12.0701,62.2899,3.5769
-3.33104,572.536,12.2757,62.8782,3.6972
-4.03009,543.934,11.3374,58.3612,3.61661
0.658584,529.202,13.2957,66.2451,4.21305
-1.90573,579.523,13.1566,66.7189,3.87001
1.40481,599.781,15.5144,76.9108,4.3216
-2.61281,550.84,12.1567,61.9539,3.78281
-2.62122,524.036,11.5612,58.9228,3.78179
-3.7318,514.898,10.8626,55.7987,3.65068
-4.03572,565.594,11.7862,60.6739,3.61598
-4.52341,552.968,11.297,58.359,3.5613
0.901092,506.246,12.8402,63.8703,4.24787
-4.13762,550.461,11.4235,58.8497,3.60445
1.2133,565.996,14.5317,72.1319,4.29334
0.432385,512.626,12.7656,63.7017,4.18097
1.66813,546.718,14.2875,70.703,4.36092
-2.44813,557.802,12.3919,63.0795,3.80285
-2.28769,528.53,11.8172,60.0869,3.82253
0.055444,534.271,13.1091,65.5842,4.12834
1.83239,576.699,15.1675,74.9749,4.38574
-2.62587,505.705,11.1547,56.853,3.78122
-1.51612,569.869,13.1398,66.4535,3.91935
0.784172,508.037,12.8268,63.8546,4.23103
0.14462,563.649,13.8785,69.3912,4.1407
1.16829,553.308,14.181,70.4127,4.28673
-0.432107,530.627,12.772,64.1114,4.06173
1.15904,574.315,14.7141,73.0642,4.28538
0.67825,563.553,14.1696,70.59,4.21586
-3.7018,569.67,12.0327,61.796,3.65413
-4.76985,559.005,11.3063,58.5103,3.53413
0.854095,580.573,14.6983,73.1367,4.24109
-3.67937,592.843,12.5336,64.3578,3.65672
0.113878,503.884,12.3919,61.9716,4.13643
-0.317278,522.264,12.6278,63.3376,4.07727
-3.48982,553.048,11.7821,60.418,3.67866
-1.38553,506.557,11.7408,59.3243,3.9361
-2.78367,519.745,11.392,58.1269,3.76218
-3.87547,555.805,11.6576,59.9436,3.63421
-2.12854,540.394,12.1596,61.7591,3.84221
-4.65537,515.752,10.4803,54.1909,3.54672
1.4622,529.393,13.7244,68.0104,4.33012
-0.591752,555.478,13.2861,66.7654,4.04028
-4.54631,507.054,10.3494,53.4722,3.55876
-4.41155,515.23,10.5741,54.5804,3.57373
1.05293,528.9,13.4946,67.0566,4.26989
-2.221,515.708,11.5613,58.7583,3.83076
0.289755,560.041,13.8685,69.2726,4.16094
-4.10944,505.657,10.5057,54.1107,3.60763
-4.06802,599.24,12.471,64.2138,3.61232
-2.68604,519.412,11.4295,58.2777,3.77394
1.86986,558.001,14.6971,72.6313,4.39142
1.69948,573.512,15.006,74.2429,4.36564
0.0421301,574.561,14.0903,70.4995,4.1265
1.10544,510.825,13.0601,64.8747,4.27754
-4.35194,502.051,10.3286,53.2907,3.58038
-0.821241,557.524,13.2146,66.511,4.00973
-0.767673,583.278,13.8544,69.7052,4.01683
1.24104,535.964,13.7755,68.3658,4.29741
-4.75911,544.942,11.0267,57.0588,3.53531
-2.66079,502.864,11.0765,56.4683,3.777
-0.639545,516.739,12.3362,62.0125,4.03389
-1.52952,580.973,13.3887,67.7186,3.91764
-3.97306,507.148,10.5951,54.5181,3.62309
-2.08156,560.361,12.6326,64.1402,3.84804
0.301651,521.776,12.9269,64.5644,4.1626
1.4914,526.588,13.6672,67.7137,4.33447
0.686417,553.482,13.9209,69.3469,4.21703
0.630115,554.962,13.9273,69.4056,4.209
-3.25407,505.144,10.8644,55.6191,3.70624
-2.22833,596.493,13.3685,67.9463,3.82985
-3.91474,533.745,11.1772,57.4891,3.62973
-0.897098,546.748,12.9203,65.0639,3.99972
-3.15936,509.489,10.9998,56.2743,3.7174
-4.95968,501.118,10.0573,52.1177,3.51342
-0.941384,530.36,12.5111,63.0223,3.99388
0.119934,500.151,12.3031,61.5246,4.13727
-3.87392,596.507,12.5121,64.3368,3.63439
1.99525,541.657,14.3361,70.7882,4.41055
1.95175,542.703,14.3396,70.8261,4.4039
-3.03596,556.017,12.0641,61.6655,3.73202
1.31389,522.194,13.4598,66.7659,4.30814
1.51141,554.544,14.404,71.3545,4.33745
0.630019,577.832,14.5012,72.2657,4.20898
-0.779027,586.215,13.9179,70.0302,4.01533
-1.58262,585.629,13.4676,68.1423,3.91086
0.6177,536.286,13.4521,67.043,4.20723
-4.82757,502.313,10.1358,52.4745,3.52782
-3.32931,511.103,10.9593,56.1347,3.6974
-0.513151,516.123,12.3832,62.1945,4.05082
-0.50472,583.383,14.0016,70.3188,4.05195
1.26815,585.296,15.0594,74.7236,4.3014
1.37071,599.266,15.4805,76.7604,4.31654
-4.53135,524.476,10.7115,55.3373,3.56042
0.412199,571.705,14.2255,70.9966,4.17813
-3.57163,555.046,11.7857,60.4713,3.66917
1.31325,553.82,14.2746,70.808,4.30805
0.170506,579.733,14.289,71.4313,4.1443
-1.37056,504.684,11.7044,59.134,3.93803
-3.83904,585.592,12.3006,63.2331,3.63838
-0.190391,596.816,14.5027,72.6785,4.09455
-1.21786,519.44,12.1199,61.1685,3.95777
-1.42928,554.955,12.8402,64.8992,3.93048
-2.33742,550.328,12.2801,62.4624,3.81642
-2.89857,561.719,12.2553,62.5825,3.7484
-2.67571,554.768,12.2125,62.266,3.77519
-4.77645,544.782,11.0157,57.0089,3.53341
1.14603,588.818,15.078,74.8778,4.28348
0.578456,538.863,13.496,67.2797,4.20165
-4.0206,538.784,11.2344,57.8271,3.61769
0.793533,511.747,12.9252,64.3403,4.23237
0.160913,503.663,12.4094,62.0391,4.14296
0.128083,537.315,13.2215,66.1137,4.1384
1.73026,589.323,15.4381,76.3651,4.37028
0.302344,544.711,13.4955,67.4039,4.1627
-1.74386,555.464,12.6921,64.2907,3.89039
-4.46998,576.069,11.7946,60.906,3.56723
0.677632,517.421,13.0094,64.8103,4.21577
1.98666,567.534,15.016,74.1496,4.40923
-3.20866,586.706,12.6418,64.6971,3.71158
-3.41658,562.771,12.0248,61.6302,3.6872
-0.296459,528.812,12.7966,64.1752,4.0801
-2.24563,597.042,13.3715,67.97,3.82772
-2.99042,540.82,11.7559,60.0708,3.73743
-1.49268,508.491,11.7356,59.3417,3.92235
-4.20133,577.762,11.9591,61.637,3.59727
-4.7805,525.446,10.6229,54.978,3.53297
-1.73779,525.344,12.0068,60.8167,3.89116
-0.0425729,515.912,12.6099,63.1291,4.11481
-3.05624,560.88,12.1597,62.163,3.72961
-2.96168,573.548,12.4817,63.7667,3.74086
-1.94594,505.049,11.4475,58.0681,3.86497
-1.59219,518.242,11.9133,60.2823,3.90964
0.183381,558.032,13.7611,68.7862,4.14609
-2.55693,516.441,11.4231,58.1924,3.78959
-2.98542,599.991,13.0447,66.6542,3.73803
0.712649,540.377,13.6052,67.7623,4.22078
-3.37053,522.146,11.1775,57.269,3.69258
-2.72787,519.592,11.4142,58.2172,3.76889
1.36611,565.619,14.6088,72.4398,4.31586
-3.38952,522.383,11.174,57.2588,3.69036
-0.478946,505.412,12.1426,60.9717,4.05542
0.983732,500.326,12.7311,63.2922,4.25983
-2.83343,545.875,11.9409,60.9487,3.7562
-3.69558,575.767,12.1646,62.4703,3.65485
0.508738,566.209,14.1422,70.5345,4.19176
-4.94304,548.034,11.0063,57.029,3.51522
-2.0504,570.078,12.8677,65.3196,3.85192
-0.133133,560.912,13.661,68.4336,4.10238
-1.93703,514.199,11.659,59.1374,3.86608
-4.24812,555.062,11.4674,59.1226,3.59201
-0.795846,575.209,13.6475,68.6777,4.0131
-1.75491,598.655,13.673,69.2646,3.889
-1.93411,514.715,11.6721,59.2024,3.86645
-2.269,568.965,12.7308,64.7237,3.82484
-2.41504,586.106,13.0379,66.3528,3.8069
1.55254,590.246,15.3558,76.0489,4.34359
1.77143,518.973,13.617,67.3381,4.3765
-0.0803255,527.667,12.8781,64.4882,4.10962
-2.1919,566.484,12.7144,64.6056,3.83436
-2.44203,545.902,12.1305,61.7462,3.8036
-1.40941,558.356,12.9291,65.3394,3.93303
-2.99881,527.63,11.4653,58.5893,3.73644
-1.78447,557.571,12.7196,64.4485,3.88526
-3.56181,506.181,10.7524,55.1655,3.67031
-0.806747,579.947,13.7539,69.2187,4.01165
-1.48705,526.829,12.1615,61.4932,3.92307
-3.53682,556.69,11.8373,60.7208,3.6732
0.336764,588.77,14.6068,72.9373,4.16752
-3.22497,506.161,10.8991,55.7849,3.70966
-4.56587,541.802,11.0498,57.0992,3.5566
1.77433,559.26,14.6757,72.5722,4.37694
-2.08717,572.27,12.8982,65.4913,3.84735
-3.69938,548.84,11.5939,59.5412,3.65441
-2.87538,554.147,12.1014,61.7863,3.75117
1.93681,534.752,14.1214,69.7549,4.40162
0.285136,564.835,13.9847,69.8551,4.16029
-4.17018,596.057,12.3534,63.655,3.60078
-0.69196,503.928,12.0055,60.3716,4.0269
-4.34137,593.921,12.2239,63.0646,3.58157
-3.22724,578.497,12.4555,63.7525,3.70939
1.81032,565.281,14.8544,73.4383,4.38239
-2.80068,541.104,11.8521,60.4816,3.76013
1.16203,582.46,14.9245,74.1075,4.28582
-4.50985,574.279,11.7389,60.6356,3.5628
0.45443,537.772,13.4033,66.8742,4.18408
0.190724,513.625,12.6697,63.3275,4.14711
-2.91853,504.761,11.0038,56.1994,3.74601
1.14082,519.355,13.2966,66.0334,4.28271
-0.15236,534.856,13.0165,65.2138,4.09975
-2.77332,512.067,11.2284,57.2879,3.76342
-2.60618,567.315,12.5236,63.8209,3.78361
-3.01518,513.52,11.1513,56.9916,3.73449
-3.69005,580.66,12.2707,63.0128,3.65548
-2.4273,560.141,12.4542,63.3876,3.8054
-3.49311,572.132,12.1871,62.4959,3.67828
-4.90901,573.216,11.5281,59.7178,3.51893
-0.214151,512.803,12.4495,62.3994,4.0913
-3.88858,583.195,12.2257,62.8702,3.63272
-4.8103,588.631,11.8859,61.5275,3.5297
-0.519905,566.972,13.5996,68.3069,4.04991
-2.91773,582.849,12.7066,64.8953,3.74611
1.21276,529.86,13.6036,67.5255,4.29326
-3.94719,561.603,11.7451,60.4242,3.62603
-4.80303,541.204,10.9315,56.5839,3.5305
1.44368,551.179,14.2789,70.767,4.32737
-1.63673,583.72,13.3948,67.7995,3.90397
-1.62674,561.099,12.8808,65.1934,3.90524
0.164678,583.358,14.3751,71.8644,4.14349
1.69884,522.817,13.6792,67.6788,4.36555
-0.699476,525.478,12.5152,62.9379,4.0259
-2.79631,562.134,12.3149,62.8412,3.76066
-3.30238,578.618,12.4205,63.6067,3.70056
-4.04517,599.465,12.4872,64.2871,3.6149
-4.50712,575.84,11.7721,60.8061,3.56311
-4.5783,512.482,10.4465,53.9867,3.55522
-4.98537,516.114,10.3474,53.631,3.51063
0.790917,575.576,14.5359,72.3592,4.232
-3.15505,501.651,10.8324,55.4164,3.71791
-2.62965,546.395,12.0505,61.4198,3.78077
-4.75076,554.721,11.2284,58.0991,3.53623
1.42452,541.692,14.0226,69.5061,4.32452
0.430342,532.435,13.2578,66.1589,4.18069
0.320696,596.098,14.7793,73.8066,4.16527
-4.11322,560.459,11.6425,59.9674,3.60721
-1.10689,544.37,12.7576,64.3376,3.9722
-3.62918,513.056,10.8688,55.7896,3.66251
-1.35979,536.409,12.4455,62.8735,3.93941
-4.48466,525.252,10.7477,55.506,3.5656
-0.193444,539.761,13.1147,65.724,4.09413
-1.89585,561.539,12.7534,64.6696,3.87125
-4.48857,585.947,11.9878,61.9118,3.56517
0.932601,583.918,14.8284,73.7448,4.25242
-3.76107,523.46,11.0302,56.6711,3.64732
1.64061,563.151,14.7012,72.7637,4.35679
-3.10096,566.277,12.2546,62.668,3.72431
-3.90511,594.792,12.4604,64.085,3.63083
-0.130561,593.766,14.4626,72.448,4.10273
-1.73402,531.591,12.1514,61.5475,3.89164
-0.00642824,588.731,14.4102,72.1243,4.11979
-4.2038,561.685,11.6252,59.9169,3.59699
0.6797,500.111,12.5752,62.6462,4.21607
0.398437,513.397,12.7678,63.7273,4.17619
-3.23096,514.599,11.0781,56.7037,3.70895
-4.49965,593.862,12.1442,62.7248,3.56394
-2.77368,521.414,11.4332,58.3329,3.76338
-3.5699,568.803,12.0787,61.9737,3.66937
0.418578,576.424,14.3465,71.5975,4.17903
-1.54153,506.633,11.67,59.0301,3.9161
-0.488777,515.517,12.3806,62.1709,4.0541
-4.23631,545.208,11.2693,58.096,3.59334
1.05988,599.726,15.3058,76.0532,4.2709
-1.02089,587.169,13.8076,69.5916,3.98345
-4.26761,581.059,11.995,61.8514,3.58983
-4.70234,511.368,10.3713,53.6456,3.54155
-1.22943,559.595,13.0508,65.872,3.95626
-1.37105,508.376,11.7898,59.5657,3.93796
-3.96509,584.307,12.211,62.8293,3.624
1.16425,547.326,14.0255,69.6424,4.28614
1.86352,522.806,13.7667,68.0364,4.39046
-0.986338,539.43,12.7024,64.0059,3.98798
-3.55003,560.547,11.9129,61.1146,3.67167
0.456932,533.266,13.2923,66.3192,4.18444
-1.51467,547.53,12.6255,63.8515,3.91953
-4.72865,540.629,10.953,56.6652,3.53865
-1.35362,518.886,12.0419,60.8319,3.94021
-4.05226,582.936,12.1394,62.4996,3.6141
-2.39021,574.667,12.7962,65.1112,3.80994
-2.05299,542.302,12.2395,62.1317,3.8516
-3.44026,577.37,12.3249,63.1792,3.68444
-4.32072,585.84,12.0677,62.2495,3.58388
1.54278,521.433,13.5605,67.1618,4.34214
-4.58684,537.102,10.9446,56.564,3.55428
1.35314,506.592,13.0776,64.853,4.31394
1.30563,562.734,14.5,71.93,4.30693
-0.320731,591.45,14.2987,71.72,4.0768
-1.52259,528.416,12.1809,61.6065,3.91852
-4.20306,597.478,12.3664,63.7367,3.59708
-0.796457,535.024,12.6937,63.8785,4.01302
-0.817753,580.927,13.7712,69.3108,4.0102
-4.31616,557.421,11.4844,59.2389,3.58439
-1.55654,592.999,13.6512,69.059,3.91419
-0.248382,560.053,13.5783,68.0729,4.08664
0.668689,576.289,14.4844,72.1629,4.2145
-4.63465,549.881,11.1832,57.8171,3.549
-1.20239,517.299,12.0773,60.9472,3.95977
-0.943761,582.947,13.7503,69.2659,3.99357
-2.77552,588.096,12.8944,65.7889,3.76316
-1.80682,547.687,12.483,63.2595,3.88245
1.70293,593.772,15.5382,76.8741,4.36616
0.183522,520.041,12.8243,64.1035,4.14611
1.93057,597.763,15.7815,77.9586,4.40067
1.52471,550.491,14.3061,70.8632,4.33944
0.0798331,510.514,12.5382,62.7176,4.13171
-4.47653,570.251,11.6724,60.2776,3.5665
-4.66467,596.466,12.1158,62.6521,3.54569
-1.4763,506.191,11.6901,59.1051,3.92445
-0.383162,544.973,13.1427,65.9499,4.06834
-2.74403,585.517,12.8541,65.5687,3.76695
-1.4015,512.784,11.8776,60.0221,3.93405
-4.61017,583.056,11.8697,61.3556,3.5517
-4.25033,518.803,10.7174,55.2564,3.59176
-1.93582,501.343,11.3681,57.6612,3.86624
-2.5186,500.316,11.0834,56.4471,3.79425
0.92534,595.149,15.1094,75.1456,4.25137
-2.01934,565.555,12.7814,64.8676,3.85579
-4.62997,548.434,11.1559,57.674,3.54952
-0.0103713,530.345,12.9791,64.9632,4.11925
0.0713052,544.462,13.3675,66.8696,4.13053
-1.3819,511.371,11.8541,59.8952,3.93657
0.434411,508.973,12.6756,63.2519,4.18126
-4.6951,507.306,10.2919,53.2324,3.54234
-3.84902,554.227,11.637,59.8263,3.63724
1.28048,514.666,13.2485,65.7326,4.30322
-0.908461,575.021,13.5823,68.4029,3.99822
-3.54695,537.717,11.4291,58.6315,3.67203
1.72298,561.254,14.6987,72.7109,4.36918
-2.62379,558.342,12.3168,62.7749,3.78148
0.88418,595.597,15.0964,75.1022,4.24542
1.60335,559.64,14.5884,72.2234,4.3512
-4.85916,572.256,11.5322,59.7178,3.52436
-3.99148,583.625,12.1838,62.7007,3.621
-1.53065,599.455,13.814,69.8702,3.91749
1.83728,539.779,14.1991,70.186,4.38648
0.462495,511.465,12.7517,63.6195,4.18522
-2.95358,574.843,12.514,63.9278,3.74182
0.443284,592.35,14.7572,73.6347,4.18251
-0.367582,543.073,13.1049,65.7534,4.07045
-1.36387,549.792,12.7539,64.4335,3.93889
-2.76643,526.835,11.5555,58.9535,3.76425
-3.39997,560.206,11.978,61.3832,3.68914
-0.458697,546.255,13.1343,65.9424,4.05815
0.280996,566.156,14.0151,70.009,4.15971
-0.851599,542.257,12.8373,64.6255,4.00572
0.994494,515.039,13.1109,65.1761,4.26139
-4.34896,550.638,11.3295,58.4538,3.58072
-4.37791,597.768,12.2848,63.3955,3.57748
-0.470834,531.12,12.7643,64.09,4.05651
-1.48392,514.988,11.8896,60.1172,3.92347
0.422083,559.787,13.9344,69.5389,4.17952
0.647587,560.529,14.0767,70.1416,4.21149
-4.32597,540.168,11.1245,57.3864,3.58329
0.652764,532.109,13.3657,66.5964,4.21222
-1.92126,596.251,13.528,68.6098,3.86806
-1.36549,500.004,11.5982,58.5953,3.93868
-4.48965,507.037,10.3729,53.5721,3.56505
-1.59787,519.419,11.9377,60.408,3.90892
-0.178485,520.538,12.6551,63.4141,4.09617
-1.13853,541.632,12.6775,63.9477,3.96808
-2.58196,516.879,11.4213,58.1937,3.78655
-3.7124,581.239,12.2718,63.0287,3.65291
0.980296,545,13.8659,68.9359,4.25933
-3.51409,544.444,11.5875,59.43,3.67584
0.755207,512.6,12.9274,64.3678,4.22687
-0.946254,519.437,12.2511,61.7145,3.99324
0.210654,520.667,12.8535,64.2372,4.14989
1.57023,532.248,13.8565,68.6152,4.34624
1.91002,586.366,15.4683,76.4219,4.39754
-1.3131,541.541,12.5879,63.5722,3.94544
-3.67493,517.504,10.9428,56.1875,3.65723
-0.316224,518.172,12.5293,62.8434,4.07741
0.242103,560.446,13.8526,69.2156,4.15428
-3.20305,539.568,11.6287,59.5101,3.71224
-0.636199,508.828,12.149,61.0697,4.03433
-3.06841,576.301,12.4879,63.8463,3.72817
-0.00949545,512.446,12.5415,62.7724,4.11937
-4.61362,552.144,11.2389,58.096,3.55132
1.95904,564.852,14.9291,73.7338,4.40501
-2.17824,559.773,12.5707,63.869,3.83605
1.60622,522.598,13.6243,67.4493,4.35163
0.443078,518.522,12.9178,64.4567,4.18248
-4.49483,574.709,11.7549,60.7117,3.56447
-4.073,571.147,11.8839,61.1933,3.61175
-1.94144,566.828,12.8501,65.1808,3.86553
-4.61521,521.043,10.6051,54.8206,3.55114
-1.26866,595.534,13.8673,70.0125,3.95118
0.191978,557.354,13.749,68.7218,4.14729
1.18981,589.743,15.1275,75.1014,4.28989
1.20148,519.471,13.331,66.1775,4.2916
-2.87598,516.274,11.2741,57.5623,3.7511
-4.07989,568.967,11.8353,60.9456,3.61097
-2.48821,517.726,11.4831,58.47,3.79796
1.97219,551.253,14.5771,71.989,4.40702
-1.20925,579.694,13.5304,68.2831,3.95888
1.36971,562.245,14.5236,72.016,4.3164
-1.48387,574.775,13.27,67.0966,3.92348
-0.159333,579.095,14.0893,70.5918,4.09879
-1.93007,597.584,13.5535,68.7432,3.86695
-4.0188,575.535,12.0016,61.7752,3.6179
1.26092,555.979,14.301,70.9643,4.30034
0.862921,574.583,14.5517,72.4027,4.24236
-4.6605,536.788,10.9054,56.3914,3.54615
-1.84048,594.303,13.5273,68.5677,3.8782
-1.13942,556.226,13.0187,65.6689,3.96796
0.33139,510.163,12.654,63.1884,4.16677
1.9497,585.778,15.4766,76.4425,4.40359
-3.19406,527.423,11.3711,58.1881,3.7133
-0.848257,592.789,14.0354,70.6555,4.00616
1.21242,586.989,15.0702,74.8053,4.29321
-3.91117,539.19,11.2928,58.0825,3.63014
-0.270988,518.956,12.5707,63.0314,4.08356
-2.97377,590.573,12.846,65.6333,3.73942
1.78272,513.965,13.4915,66.7125,4.37821
1.90804,551.121,14.5374,71.8239,4.39723
-0.947151,582.896,13.7473,69.252,3.99313
-3.17023,579.086,12.4969,63.9384,3.71611
-2.74578,593.152,13.0208,66.4199,3.76674
-1.41911,575.297,13.3163,67.3004,3.93178
1.49529,551.791,14.3235,70.9634,4.33505
-4.01718,548.412,11.4367,58.8671,3.61808
-0.878701,510.961,12.0834,60.8417,4.00214
-2.19715,512.373,11.4976,58.4244,3.83371
-4.84302,582.171,11.7398,60.7854,3.52613
0.255281,587.869,14.5379,72.6334,4.15612
1.22259,591.923,15.2029,75.4588,4.2947
-3.50857,503.906,10.7271,55.0151,3.67648
-2.6503,552.669,12.1787,62.0826,3.77826
0.627544,579.976,14.5536,72.528,4.20863
0.245328,514.174,12.7105,63.5077,4.15473
0.558944,516.156,12.9174,64.4039,4.19888
1.38068,513.109,13.2601,65.7456,4.31802
-3.68026,588.965,12.4511,63.9349,3.65661
-3.26975,514.238,11.053,56.5909,3.70439
1.93485,552.628,14.5923,72.0822,4.40132
-4.97719,561.076,11.2526,58.3192,3.51151
-4.2081,564.821,11.688,60.2427,3.59651
1.36707,527.061,13.6134,67.5037,4.316
-3.33891,589.383,12.6329,64.7115,3.69628
-3.30665,563.635,12.0968,61.951,3.70006
-2.18976,504.257,11.3188,57.5129,3.83462
-0.146135,549.951,13.3872,67.068,4.1006
-4.75474,558.058,11.2941,58.4408,3.53579
-1.62588,579.102,13.2945,67.2871,3.90535
-2.08096,563.943,12.7137,64.5515,3.84812
-4.82646,577.279,11.649,60.3082,3.52794
-1.17795,508.665,11.8873,59.978,3.96295
-1.87305,512.12,11.6416,59.0225,3.87411
1.11996,523.786,13.3991,66.552,4.27966
-4.97599,503.866,10.1057,52.3748,3.51164
-2.73204,538.037,11.8175,60.2757,3.76839
-0.509354,570.366,13.6867,68.7394,4.05133
-2.03378,556.053,12.5594,63.7475,3.85399
-3.15923,531.095,11.4663,58.661,3.71741
-2.6441,588.446,12.9703,66.115,3.77902
0.370219,559.272,13.8932,69.3583,4.17222
-2.79915,549.611,12.0392,61.4355,3.76031
-1.19998,565.156,13.1959,66.5909,3.96009
-1.39076,562.304,13.0302,65.8417,3.93543
-1.7318,582.05,13.306,67.3946,3.89192
-3.48084,518.579,11.0518,56.6694,3.67971
0.833624,542.967,13.7353,68.354,4.23814
-2.69379,592.921,13.0429,66.5084,3.77301
1.01053,561.488,14.3023,71.0908,4.26372
0.382293,579.941,14.4135,71.9496,4.17392
-0.428711,542.707,13.0645,65.5782,4.06219
1.5553,549.402,14.2948,70.7927,4.34401
-4.4059,517.311,10.6192,54.8113,3.57436
-3.83437,504.94,10.6084,54.5326,3.63891
-1.07523,513.427,12.0476,60.7435,3.97634
-2.04226,577.721,13.0444,66.2131,3.85294
-4.02466,532.331,11.098,57.1267,3.61723
1.10255,515.731,13.1841,65.4917,4.27712
-3.49191,505.342,10.7649,55.2025,3.67842
0.427688,560.332,13.951,69.6193,4.18031
-1.44232,584.366,13.5137,68.3093,3.9288
0.618699,582.635,14.6153,72.8397,4.20737
-0.843649,501.852,11.8845,59.8256,4.00677
-3.80364,594.124,12.4977,64.2301,3.64243
-0.890871,545.168,12.8862,64.8891,4.00054
-0.58536,542.695,12.9837,65.2426,4.04113
-0.0133497,548.287,13.4166,67.1544,4.11884
-0.540461,518.324,12.4226,62.404,4.04715
-4.23716,583.031,12.0506,62.1245,3.59324
-3.91927,507.988,10.6358,54.7066,3.62922
-0.445097,524.43,12.6164,63.3359,4.05998
-3.87511,580.917,12.1845,62.6528,3.63425
0.204827,584.235,14.4194,72.0663,4.14908
-1.3563,566.623,13.1483,66.4224,3.93986
-4.36975,554.602,11.4015,58.8336,3.5784
-2.0709,576.361,12.9988,65.9949,3.84937
-2.81582,587.337,12.8569,65.6163,3.75831
-4.74689,541.859,10.9698,56.7594,3.53665
-0.617361,524.223,12.5259,62.9561,4.03685
-1.39458,548.85,12.7165,64.2582,3.93494
-2.57408,523.172,11.564,58.9176,3.78751
-4.0055,545.827,11.3882,58.6125,3.61941
-1.88817,593.724,13.4885,68.3934,3.87221
-1.56816,587.343,13.5147,68.3742,3.9127
-4.0629,559.555,11.6475,59.9716,3.6129
-3.91082,546.808,11.4525,58.9038,3.63018
-0.173626,507.999,12.3526,61.8965,4.09684
-0.500383,525.315,12.6101,63.3285,4.05254
0.298541,559.3,13.8549,69.2007,4.16217
0.865638,573.095,14.5156,72.2216,4.24275
1.24161,522.424,13.4278,66.6398,4.2975
-1.58666,548.086,12.6022,63.7654,3.91035
-1.75456,572.033,13.0651,66.1852,3.88904
-3.34962,597.554,12.8025,65.5853,3.69502
1.61426,585.129,15.2593,75.5394,4.35283
-1.68436,525.543,12.0369,60.9467,3.89793
0.900822,585.499,14.8501,73.8687,4.24783
-3.24377,575.222,12.3768,63.3567,3.70745
-2.53499,565.092,12.5102,63.7206,3.79226
1.87421,533.922,14.0652,69.5068,4.39209
-4.71978,527.341,10.6877,55.2889,3.53963
-2.06457,567.846,12.81,65.0334,3.85016
-0.827394,597.91,14.1684,71.3145,4.00892
-0.695547,565.319,13.4661,67.7184,4.02642
-3.61731,584.651,12.3914,63.5999,3.66388
0.687223,594.517,14.9534,74.4901,4.21714
-1.25499,597.088,13.9111,70.2266,3.95295
-3.39701,581.856,12.4424,63.7617,3.68948
-0.754577,587.674,13.966,70.2607,4.01857
-0.842725,539.348,12.7729,64.2975,4.00689
-0.777714,509.898,12.1066,60.916,4.0155
-4.85811,547.671,11.0373,57.1543,3.52448
1.13622,584.38,14.9586,74.2899,4.28204
-1.4808,531.457,12.2714,62.0461,3.92387
0.666466,517.508,13.0059,64.7978,4.21418
-4.68207,523.436,10.6248,54.949,3.54378
-4.28503,548.897,11.3231,58.3938,3.58787
-0.165326,543.826,13.2281,66.2796,4.09797
-2.22461,515.221,11.5488,58.6959,3.83031
0.540937,588.904,14.7276,73.4382,4.19632
-4.85707,501.717,10.1116,52.3603,3.52459
-4.31515,576.573,11.8795,61.2762,3.5845
-3.0489,503.256,10.9136,55.7901,3.73048
-3.83555,540.227,11.3493,58.3413,3.63878
-4.65566,523.987,10.6475,55.0556,3.54668
-0.454438,536.337,12.8981,64.7542,4.05872
0.43356,531.683,13.2408,66.0724,4.18114
1.49659,501.571,13.0205,64.5076,4.33524
-4.1989,559.116,11.5743,59.6526,3.59755
-3.54528,573.441,12.1893,62.5302,3.67222
-2.64459,543.877,11.9877,61.1065,3.77896
-4.03331,580.325,12.0944,62.2592,3.61625
-1.05644,568.507,13.35,67.3014,3.97879
0.398844,515.254,12.8141,63.9586,4.17625
-3.57431,515.301,10.9406,56.1362,3.66886
-4.85233,560.64,11.3013,58.519,3.52511
-0.0849122,583.24,14.2318,71.2695,4.10899
-2.38473,516.944,11.5134,58.5816,3.81061
1.08525,587.544,15.0098,74.5695,4.2746
-2.95346,540.294,11.7619,60.086,3.74184
-4.83755,556.804,11.2307,58.1475,3.52672
0.824294,517.595,13.0887,65.1403,4.23679
1.52935,592.529,15.4013,76.2861,4.34013
-1.64217,566.929,13.0066,65.8375,3.90328
1.43044,516.715,13.3791,66.3139,4.3254
1.07793,500.389,12.7796,63.4929,4.27353
0.26429,588.925,14.5692,72.7851,4.15737
1.13432,584.629,14.9639,74.3171,4.28176
1.14774,529.119,13.5502,67.2899,4.28373
-3.08071,535.576,11.5997,59.3104,3.72671
-1.92422,539.832,12.2465,62.1116,3.86769
-4.66107,565.691,11.4924,59.4267,3.54609
-3.39846,526.601,11.2602,57.7039,3.68931
0.260197,531.65,13.1502,65.6978,4.1568
1.21047,504.564,12.953,64.2971,4.29292
-2.00013,565.821,12.7973,64.9393,3.85819
-4.24442,503.624,10.4063,53.6504,3.59243
1.85337,551.789,14.5242,71.7848,4.38892
-3.27792,593.653,12.7558,65.3126,3.70343
-1.3578,556.1,12.9033,65.1856,3.93967
-0.894404,591.772,13.9858,70.428,4.00007
-1.69597,520.754,11.9217,60.3683,3.89646
-2.47654,584.324,12.9663,66.0168,3.79938
-2.97563,565.835,12.307,62.8801,3.7392
-4.36339,570.699,11.7354,60.5541,3.57911
0.469867,531.244,13.2487,66.0955,4.18626
-3.13388,506.167,10.9393,55.9547,3.72041
-2.86654,522.186,11.4075,58.2397,3.75223
-0.439373,584.534,14.0655,70.6078,4.06075
-1.17716,527.086,12.3182,62.1516,3.96305
-1.86623,527.726,11.9996,60.8348,3.87497
0.807054,543.297,13.7293,68.3369,4.23432
-0.833857,549.145,13.0095,65.4843,4.00807
-1.36296,588.9,13.6616,69.0188,3.93901
-0.0638538,508.062,12.4076,62.1255,4.11189
-0.318514,551.975,13.3455,66.938,4.0771
1.74943,592.928,15.5442,76.8796,4.37318
0.0399036,564.054,13.8314,69.2053,4.12619
0.621498,540.844,13.5684,67.6211,4.20777
-2.62239,599.392,13.2231,67.3932,3.78164
-1.9564,556.667,12.6122,63.9808,3.86366
-1.87003,524.41,11.9224,60.445,3.87449
-2.63842,518.439,11.4299,58.2603,3.7797
-4.92296,549.482,11.0445,57.2184,3.51741
-2.08387,543.775,12.2576,62.2371,3.84776
-4.41044,574.109,11.783,60.82,3.57386
-1.68533,530.375,12.1471,61.5051,3.8978
-0.873998,573.463,13.564,68.2945,4.00276
0.0695886,521.109,12.7932,63.9979,4.13029
0.232443,563.402,13.9204,69.5589,4.15293
-3.97656,566.536,11.8342,60.8952,3.62269
-1.76743,578.433,13.2045,66.8973,3.88741
-2.2861,551.663,12.3353,62.7201,3.82273
0.166116,539.559,13.2965,66.4718,4.14369
-2.30564,500.303,11.1781,56.8441,3.82032
1.42052,508.521,13.1619,65.2413,4.32393
0.263411,592.781,14.664,73.2596,4.15725
-4.93588,517.902,10.4042,53.9065,3.516
-1.76575,511.639,11.6805,59.1756,3.88763
1.45999,501.535,13.001,64.4269,4.32979
-0.57843,503.413,12.0472,60.5339,4.04206
-3.00106,572.253,12.4338,63.5397,3.73617
1.43827,527.525,13.6632,67.7182,4.32656
-2.76117,561.526,12.3189,62.8463,3.76488
1.95545,584.384,15.4432,76.2747,4.40447
-0.779665,512.561,12.1689,61.2301,4.01524
-3.95984,536.677,11.2181,57.7179,3.6246
-0.122478,517.649,12.6126,63.1772,4.10384
1.86083,589.774,15.5285,76.7448,4.39005
-4.28966,517.149,10.6662,55.0078,3.58735
0.745301,500.477,12.6167,62.8253,4.22545
-4.76663,504.335,10.2019,52.7938,3.53449
-1.06314,513.599,12.0574,60.7879,3.97792
-3.81524,514.144,10.8102,55.5621,3.6411
-4.0971,593.968,12.3467,63.5871,3.60903
-0.559258,552.107,13.2224,66.4306,4.04463
-1.979,529.311,11.9816,60.7913,3.86083
-3.28193,511.389,10.9864,56.2546,3.70296
-2.03458,565.759,12.7783,64.8585,3.85389
0.550319,529.471,13.2462,66.0469,4.19765
-4.82073,575.921,11.6243,60.1779,3.52856
1.52427,556.619,14.4651,71.6511,4.33937
-3.0881,549.736,11.9028,60.8635,3.72583
-2.99742,523.32,11.3723,58.1135,3.7366
1.73832,584.594,15.3191,75.7719,4.3715
1.26271,522.99,13.4534,66.7574,4.3006
-1.56073,571.823,13.1615,66.5837,3.91365
-0.185358,543.291,13.2047,66.1713,4.09523
-4.95171,565.531,11.3537,58.8327,3.51428
-3.81238,523.732,11.013,56.6036,3.64143
-2.74283,532.881,11.6991,59.6767,3.76709
-3.60743,529.603,11.2292,57.6306,3.66502
-1.82912,513.227,11.6872,59.2357,3.87963
-3.93493,505.457,10.5761,54.4055,3.62743
-3.35441,589.24,12.622,64.6625,3.69446
-2.7823,598.389,13.1165,66.9252,3.76234
-3.93142,573.303,11.9975,61.7155,3.62783
-4.82973,575.163,11.6047,60.0805,3.52758
0.308127,590.334,14.6292,73.0631,4.16351
-2.94702,583.232,12.6999,64.8749,3.74261
-2.84606,565.514,12.3642,63.115,3.75468
1.98208,511.455,13.5299,66.813,4.40853
1.50273,594.093,15.426,76.422,4.33616
0.358375,596.053,14.8001,73.8912,4.17056
-2.12919,590.737,13.2921,67.5111,3.84213
1.53458,543.145,14.1206,69.9398,4.34091
-1.29449,557.435,12.9669,65.478,3.94784
-0.475158,503.4,12.0961,60.7365,4.05593
-4.88594,598.814,12.0542,62.433,3.52144
-1.41398,582.283,13.4807,68.1292,3.93244
-1.68118,573.311,13.1326,66.4932,3.89833
-2.96283,513.632,11.1773,57.1032,3.74072
-1.96806,579.306,13.119,66.5572,3.8622
-2.66974,540.188,11.8944,60.6416,3.77591
-3.06873,506.984,10.9857,56.1663,3.72813
1.72469,567.319,14.8585,73.5007,4.36944
-3.13034,509.436,11.0115,56.3227,3.72083
-4.41274,540.657,11.0954,57.2717,3.5736
-3.54132,537.751,11.4324,58.6462,3.67268
1.1426,535.955,13.7225,68.1479,4.28297
-4.99296,522.413,10.4704,54.2717,3.5098
0.589746,598.202,14.9888,74.7157,4.20325
-4.1641,570.713,11.8311,60.9609,3.60146
1.53788,583.064,15.1604,75.0881,4.3414
1.35999,581.38,15.0123,74.4437,4.31496
-3.44195,546.6,11.6673,59.8088,3.68424
-0.683862,516.201,12.3018,61.8583,4.02798
-2.61997,533.912,11.7797,60.0357,3.78194
-3.73829,512.508,10.8094,55.5277,3.64993
-4.34063,580.907,11.9564,61.6842,3.58165
1.72525,550.303,14.4132,71.2974,4.36953
-1.39751,571.734,13.2452,66.931,3.93456
-1.82535,555.607,12.6542,64.1351,3.88011
-2.56968,579.221,12.8052,65.239,3.78804
0.392769,501.392,12.4664,62.2257,4.17539
-0.483049,581.884,13.9776,70.1878,4.05487
-1.52822,583.227,13.4414,67.9841,3.9178
-4.6036,552.906,11.259,58.1957,3.55243
-0.867378,513.954,12.1596,61.2207,4.00364
0.986416,570.335,14.514,72.1548,4.26022
-1.06778,590.935,13.8704,69.9306,3.97731
-1.54472,523.479,12.0565,60.9866,3.91569
-3.12418,520.42,11.2517,57.5488,3.72156
-2.76056,530.185,11.6317,59.3399,3.76496
-4.39883,596.722,12.2529,63.2402,3.57515
-0.75528,576.327,13.696,68.9025,4.01848
-4.42033,539.574,11.0697,57.1425,3.57275
1.30086,562.288,14.4858,71.862,4.30622
-3.47251,579.626,12.357,63.3581,3.68068
-2.52049,578.098,12.8056,65.2185,3.79402
-2.10431,552.452,12.443,63.1876,3.84522
-0.336838,571.192,13.8002,69.2272,4.07462
-1.2973,553.169,12.8662,64.9709,3.94748
-1.93262,507.86,11.5173,58.4169,3.86664
1.12288,564.495,14.4421,71.7312,4.28009
-4.22811,581.785,12.0293,62.0106,3.59426
1.29805,572.626,14.7506,73.1766,4.30581
-1.67595,503.972,11.5467,58.4613,3.89899
-2.78953,551.4,12.083,61.6551,3.76147
-0.794838,528.815,12.5472,63.1406,4.01323
-2.7468,514.021,11.2833,57.557,3.76661
-2.33038,520.353,11.6146,59.074,3.81728
1.1992,515.61,13.2308,65.6808,4.29127
-1.56425,563.978,12.9791,65.6626,3.9132
1.74867,515.434,13.5122,66.83,4.37306
0.254657,589.109,14.5682,72.7852,4.15603
1.03687,571.472,14.5716,72.4164,4.26755
0.207265,587.549,14.5026,72.4808,4.14941
-2.54725,514.326,11.3807,57.9727,3.79077
0.566913,576.15,14.4233,71.9082,4.20001
0.08041,519.763,12.7656,63.855,4.13179
-3.30133,535.87,11.5033,58.9096,3.70068
-1.14616,551.818,12.912,65.1341,3.96708
0.811859,500.652,12.6541,62.9826,4.23501
-3.12585,561.764,12.1448,62.1173,3.72136
-2.24924,543.955,12.1808,61.919,3.82727
-4.52034,573.418,11.7163,60.5234,3.56164
-3.43278,575.812,12.2954,63.0244,3.68531
-0.955476,589.482,13.898,70.0155,3.99203
1.71365,516.983,13.5344,66.9555,4.36778
-3.59913,542.035,11.4966,58.9997,3.66598
-4.28901,505.376,10.4236,53.7567,3.58743
1.59297,597.054,15.5574,77.0262,4.34964
-2.71982,504.288,11.0816,56.5177,3.76986
-0.126212,583.218,14.2081,71.1711,4.10333
-2.39121,550.056,12.2477,62.3207,3.80982
-4.14496,504.772,10.4722,53.9519,3.60362
-1.31816,556.157,12.925,65.2772,3.94478
-4.44271,506.153,10.3746,53.563,3.57026
0.336927,533.092,13.2256,66.0402,4.16755
-1.49655,567.366,13.0923,66.2041,3.92185
-1.16111,503.355,11.7711,59.3847,3.96514
-0.486652,539.484,12.9572,65.0657,4.05438
-1.79275,587.818,13.4052,67.9261,3.88422
0.990587,521.338,13.2693,65.9649,4.26082
-2.24527,520.905,11.6665,59.303,3.82776
-0.175896,515.459,12.5329,62.8008,4.09653
-2.20438,507.451,11.3838,57.8493,3.83281
0.252238,589.929,14.5871,72.8807,4.15569
-1.09912,525.441,12.3178,62.1163,3.97322
-2.61085,538.218,11.8791,60.5383,3.78304
-2.79991,548.637,12.0175,61.3251,3.76022
-2.05693,585.581,13.2142,67.0815,3.85111
0.549362,552.126,13.8124,68.8707,4.19752
-0.430739,560.337,13.4878,67.7041,4.06192
1.08793,551.902,14.1007,70.0519,4.27499
-3.82616,595.696,12.5193,64.3517,3.63985
-2.32799,589.725,13.1642,66.9548,3.81757
-3.31764,581.628,12.4774,63.9053,3.69877
-2.04349,506.085,11.4264,58.0004,3.85278
0.811178,548.867,13.8723,69.0467,4.23491
-4.24091,552.064,11.4089,58.8175,3.59282
-2.70358,541.295,11.9026,60.6977,3.77182
0.858039,521.406,13.2024,65.6916,4.24165
-4.00728,563.658,11.7594,60.5237,3.6192
1.67204,558.536,14.5986,72.2404,4.36151
1.25026,593.259,15.2536,75.6965,4.29877
-4.74553,556.303,11.2628,58.2751,3.5368
-4.43729,540.435,11.0798,57.2012,3.57087
0.55727,553.974,13.8629,69.1189,4.19864
1.1399,572.996,14.6693,72.8514,4.28258
-0.88011,590.076,13.9536,70.259,4.00196
-1.98159,544.52,12.3246,62.5327,3.86051
-2.71612,596.924,13.1192,66.908,3.77031
-3.09142,558.305,12.0867,61.8054,3.72544
-1.30691,560.791,13.0385,65.8454,3.94624
1.48528,586.089,15.2079,75.3501,4.33356
0.848289,524.385,13.2728,66.0461,4.24025
-0.0308078,559.515,13.682,68.4907,4.11643
-2.01449,557.638,12.6049,63.9698,3.8564
-1.34895,503.746,11.6927,59.066,3.94081
-3.07276,596.738,12.9285,66.101,3.72765
-3.25458,538.366,11.5787,59.276,3.70617
-2.95827,512.407,11.1527,56.9755,3.74127
0.691399,521.31,13.1142,65.3265,4.21774
0.0659492,547.211,13.4321,67.1956,4.12979
-2.48173,551.189,12.2285,62.2625,3.79875
-3.12936,500.862,10.8266,55.3765,3.72094
-0.307524,553.49,13.3879,67.1458,4.0786
-0.920196,531.937,12.5588,63.2536,3.99667
1.60199,524.147,13.6625,67.64,4.35099
-2.54714,530.156,11.731,59.7572,3.79078
-1.14872,507.24,11.8677,59.8673,3.96675
-2.54619,597.208,13.2152,67.3171,3.7909
-3.17004,560.372,12.0931,61.8725,3.71614
-0.276315,597.842,14.4785,72.6001,4.08284
1.04517,531.974,13.5689,67.4294,4.26876
-2.58414,562.437,12.4269,63.3182,3.78628
0.82557,534.418,13.5148,67.2603,4.23698
-3.11702,570.321,12.3341,63.082,3.7224
-2.86622,555.322,12.1315,61.9361,3.75227
-4.14301,554.154,11.4976,59.2338,3.60384
-1.22325,531.345,12.395,62.5593,3.95707
1.26685,510.599,13.1368,65.1844,4.30121
-3.388,599.47,12.8237,65.7116,3.69053
1.75171,584.062,15.3131,75.7356,4.37352
-3.61169,579.839,12.2922,63.0882,3.66453
1.75325,555.026,14.5527,71.974,4.37375
-0.367916,513.666,12.3951,62.1922,4.07041
-2.87339,519.18,11.3387,57.8914,3.75141
-0.929386,503.584,11.8851,59.8641,3.99546
-4.90251,575.426,11.5756,59.9611,3.51964
1.63667,526.465,13.7414,68.015,4.3562
-3.52495,544.268,11.5787,59.3893,3.67458
0.327343,574.222,14.2407,71.1133,4.1662
0.895927,544.414,13.8055,68.6743,4.24712
-2.71257,544.4,11.9666,61.0278,3.77074
-0.10875,549.363,13.3926,67.0778,4.10572
1.60783,521.171,13.588,67.2686,4.35187
0.137051,566.686,13.9491,69.7479,4.13965
-3.03893,564.264,12.2416,62.574,3.73167
0.475613,596.092,14.8692,74.1774,4.18708
0.122934,548.601,13.4965,67.4911,4.13769
-0.958902,533.96,12.5873,63.4138,3.99158
-1.47015,591.967,13.6744,69.1347,3.92523
1.0769,537.96,13.7386,68.258,4.27338
-2.89046,544.196,11.8769,60.6464,3.74937
-3.59084,568.42,12.0603,61.8888,3.66694
-3.09252,505.384,10.9406,55.9449,3.72531
-1.38473,539.962,12.5155,63.2381,3.9362
-2.87736,540.065,11.793,60.2122,3.75093
-2.81778,525.171,11.4952,58.6674,3.75808
-3.25962,565.633,12.1627,62.2678,3.70558
-2.48596,596.891,13.2402,67.4156,3.79823
-3.24957,590.153,12.6951,64.9888,3.70676
0.163719,588.307,14.4965,72.4718,4.14335
1.93792,559.537,14.7765,72.9905,4.40179
1.7629,539.361,14.1472,69.9643,4.37521
1.6165,595.994,15.544,76.9477,4.35317
-1.34873,517.268,12.0066,60.6519,3.94084
1.84637,550.192,14.4782,71.5609,4.38786
-4.85266,505.986,10.1994,52.8137,3.52507
-1.1938,500.196,11.682,58.9487,3.96089
-0.319782,586.512,14.1798,71.1234,4.07693
0.442663,530.617,13.2189,65.9593,4.18242
0.7927,522.87,13.2057,65.737,4.23225
-2.98853,576.778,12.5385,64.0688,3.73766
-4.91681,593.304,11.9283,61.7944,3.51808
-3.17825,597.465,12.8894,65.9501,3.71517
0.156078,531.149,13.0841,65.4144,4.14229
-1.70818,573.083,13.1133,66.4078,3.89491
-2.40894,586.555,13.0511,66.4171,3.80764
-4.15292,590.41,12.245,63.0883,3.60272
-2.85825,564.135,12.328,62.9357,3.75322
1.54452,564.911,14.6921,72.7658,4.34239
-4.27914,539.025,11.1221,57.3549,3.58853
-0.670379,530.625,12.6523,63.6147,4.02977
-3.62537,596.2,12.6321,64.8388,3.66295
-2.04089,577.74,13.0456,66.2183,3.85311
-0.201931,542.85,13.1853,66.0819,4.09297
0.513165,589.092,14.7163,73.3956,4.19239
0.809662,571.477,14.4429,71.8874,4.23469
1.62799,539.465,14.076,69.675,4.35489
-0.610175,538.531,12.8714,64.6896,4.03781
-2.32951,515.473,11.506,58.5216,3.81739
-4.4569,582.241,11.9273,61.5855,3.56869
-2.72559,565.212,12.4175,63.3335,3.76917
0.894374,541.56,13.7322,68.3109,4.2469
0.969616,580.289,14.7576,73.3743,4.25778
1.64113,506.137,13.2131,65.3981,4.35687
-1.13332,579.967,13.5776,68.4854,3.96876
-3.98702,500.356,10.4473,53.7629,3.6215
1.52009,589.039,15.3051,75.8142,4.33875
1.07423,541.598,13.83,68.7136,4.27299
1.161,503.788,12.9082,64.0959,4.28567
-1.19299,538.165,12.5692,63.4252,3.96099
-1.18459,555.11,12.9693,65.4402,3.96209
-4.8882,527.744,10.6226,55.019,3.5212
-2.83433,552.123,12.0771,61.6444,3.75609
-2.31198,579.277,12.9393,65.8033,3.81954
-4.67074,558.922,11.3504,58.6965,3.54502
-0.371233,538.725,12.9981,65.2191,4.06996
-3.11379,594.344,12.8554,65.7461,3.72279
-3.80655,584.106,12.2855,63.1409,3.6421
1.433,500.516,12.961,64.2402,4.32578
-4.10998,519.677,10.7968,55.6099,3.60757
-1.06412,554.221,13.0105,65.5937,3.97779
0.344912,516.247,12.8117,63.9699,4.16867
-1.37413,505.699,11.7263,59.246,3.93757
-0.0967225,517.358,12.6183,63.1946,4.10737
-2.41528,590.89,13.1442,66.8939,3.80687
-2.54906,558.715,12.362,62.9723,3.79055
-4.70947,502.972,10.1981,52.7522,3.54076
1.67109,548.864,14.3452,70.9873,4.36137
-3.80909,520.907,10.9551,56.3045,3.64181
-0.161688,500.041,12.1648,60.9505,4.09847
-0.825632,566.684,13.4294,67.594,4.00915
1.08965,506.029,12.9295,64.2328,4.27524
-2.04854,537.686,12.1374,61.6119,3.85215
-2.693,558.039,12.276,62.5973,3.7731
1.6701,510.434,13.3403,66.0148,4.36122
-3.22075,546.656,11.773,60.2564,3.71016
-2.8397,556.722,12.1751,62.1468,3.75545
-1.9488,581.209,13.1723,66.8183,3.86461
-4.04721,533.907,11.1207,57.2527,3.61467
-2.34302,582.915,13.0044,66.1488,3.81573
1.90048,582.316,15.3557,75.8708,4.39608
-0.777096,558.739,13.2665,66.7521,4.01558
0.743831,532.327,13.4189,66.8203,4.22524
-3.6456,544.062,11.518,59.1287,3.66061
-3.7749,501.383,10.5591,54.256,3.64573
-1.35739,508.952,11.8095,59.6598,3.93972
1.58789,579.901,15.1075,74.801,4.34888
-0.257877,578.04,14.0091,70.2376,4.08535
0.906588,551.784,13.9982,69.628,4.24866
1.46355,513.96,13.325,66.0306,4.33032
-2.64844,574.704,12.6652,64.5618,3.77849
-3.59535,567.712,12.0431,61.8024,3.66642
-3.76662,507.958,10.7011,54.9826,3.64668
-2.90987,520.62,11.3535,57.9818,3.74704
-2.19059,512.177,11.4962,58.4146,3.83452
-1.85157,556.872,12.6697,64.2257,3.87681
-1.05758,545.228,12.8027,64.5432,3.97864
0.965838,507.543,12.9057,64.168,4.25724
1.91682,502.923,13.2706,65.561,4.39857
-1.92778,587.46,13.3251,67.5836,3.86724
-3.36904,567.515,12.1494,62.2481,3.69275
-2.29163,554.429,12.3943,63.023,3.82205
1.41986,529.901,13.7149,67.983,4.32383
0.341927,586.833,14.5617,72.7095,4.16825
0.959199,588.749,14.9667,74.4189,4.25627
1.55777,557.594,14.5093,71.854,4.34437
0.0851489,523.062,12.849,64.2702,4.13245
-0.229398,523.1,12.6919,63.6208,4.08922
1.42664,587.486,15.2093,75.3872,4.32484
0.972418,584.317,14.8617,73.8902,4.25819
-2.42819,515.9,11.4701,58.3795,3.80529
-2.59263,589.615,13.023,66.3593,3.78525
1.19373,580.828,14.9011,73.9754,4.29046
-4.17747,543.261,11.2559,58.0026,3.59996
0.395211,523.308,13.0126,64.9508,4.17574
-2.03034,515.561,11.6465,59.112,3.85442
-1.37548,562.278,13.0375,65.8717,3.93739
-0.273082,528.99,12.8127,64.2456,4.08328
-0.0880864,528.508,12.8946,64.5747,4.10856
-0.977867,599.899,14.131,71.2005,3.98909
-1.57938,581.227,13.368,67.6373,3.91127
-3.13116,563.288,12.1751,62.2748,3.72073
1.76693,533.646,13.9995,69.232,4.37582
-4.3097,503.918,10.3848,53.5645,3.58511
-4.01369,538.921,11.2404,57.8551,3.61848
0.847652,572.475,14.4897,72.1015,4.24016
-0.198314,562.551,13.6658,68.4882,4.09347
-1.10092,564.128,13.2238,66.6858,3.97298
-2.93938,512.144,11.1554,56.982,3.74352
-1.55131,531.258,12.2324,61.8794,3.91485
1.38248,525.69,13.5861,67.3616,4.31829
-3.87866,594.556,12.4688,64.1161,3.63385
-1.4602,543.12,12.551,63.4506,3.92651
1.32624,579.153,14.9351,74.0779,4.30997
-4.49546,599.443,12.2605,63.3232,3.5644
0.379966,583.138,14.4916,72.3408,4.17359
-0.272226,568.288,13.765,69.0204,4.08339
-3.06419,571.19,12.3792,63.2889,3.72867
-2.02507,506.101,11.4352,58.0376,3.85508
0.770906,500.346,12.6261,62.8609,4.22912
0.339685,562.832,13.9649,69.7307,4.16793
-2.13886,568.61,12.7893,64.9616,3.84093
1.22382,520.709,13.3744,66.3829,4.29488
-0.210688,597.785,14.5146,72.7485,4.09178
1.36084,589.16,15.2136,75.4419,4.31508
0.0389677,541.288,13.2727,66.4101,4.12606
-0.0822877,536.075,13.0823,65.5116,4.10935
0.735659,512.915,12.9254,64.3666,4.22407
-3.92399,528.013,11.053,56.8541,3.62868
-0.646108,524.073,12.5081,62.8791,4.03301
0.425836,506.059,12.5988,62.8723,4.18005
-2.7884,570.757,12.5078,63.8219,3.76161
-4.4613,557.555,11.4196,58.9658,3.5682
-4.60899,509.482,10.3724,53.6155,3.55183
-1.58953,563.755,12.961,65.5822,3.90998
-1.30401,591.068,13.744,69.407,3.94661
-1.82102,534.34,12.1719,61.689,3.88066
-2.40438,587.651,13.0779,66.5512,3.8082
-4.3155,506.66,10.4389,53.8455,3.58446
-2.75056,549.524,12.0608,61.5247,3.76616
-0.0946159,591.371,14.4247,72.2402,4.10766
-3.48901,577.898,12.312,63.1345,3.67876
-4.44854,556.253,11.3988,58.8532,3.56962
1.36684,556.206,14.366,71.2359,4.31597
-0.285268,576.039,13.9456,69.932,4.08162
-2.60474,594.806,13.1312,66.9168,3.78378
-0.604305,567.924,13.5771,68.2334,4.0386
-4.05821,554.31,11.5405,59.4187,3.61343
-1.71404,523.413,11.974,60.6405,3.89417
-0.66357,565.935,13.4979,67.863,4.03068
0.187798,536.009,13.2203,66.081,4.1467
-0.214832,570.204,13.8427,69.3826,4.09121
-0.584137,534.384,12.7854,64.2461,4.0413
-0.11583,557.494,13.587,68.055,4.10475
-1.20088,597.518,13.951,70.4019,3.95997
-3.74891,505.396,10.6548,54.7377,3.64871
0.499111,558.231,13.9376,69.5189,4.1904
0.595832,502.87,12.6031,62.8211,4.20412
-2.54026,528.984,11.7083,59.6387,3.79162
-1.89397,548.504,12.4583,63.1723,3.87148
-2.07998,526.465,11.8692,60.2636,3.84824
-2.93066,559.366,12.1883,62.254,3.74456
-3.31939,588.29,12.6194,64.6335,3.69857
-1.70643,531.465,12.1618,61.5887,3.89513
1.26976,539.61,13.8848,68.8945,4.30164
0.30463,562.996,13.9498,69.6717,4.16302
0.31941,543.837,13.4829,67.333,4.16509
-1.72725,566.53,12.9535,65.6074,3.89249
1.58353,549.486,14.3127,70.8679,4.34823
-4.81081,590,11.9133,61.6695,3.52965
-1.26096,541.249,12.6072,63.6467,3.95218
-1.09316,577.591,13.5435,68.2947,3.97399
1.94087,515.499,13.6151,67.2523,4.40224
-0.526396,556.195,13.3377,66.9943,4.04904
0.188754,561.411,13.8474,69.2148,4.14684
-1.16242,525.872,12.297,62.0385,3.96497
0.120303,592.274,14.5694,72.8577,4.13732
-0.192115,574.099,13.9497,69.9081,4.09431
1.41576,544.112,14.0805,69.7969,4.32322
1.80494,515.291,13.538,66.9324,4.38157
-3.3748,593.947,12.7123,65.1349,3.69208
-0.529433,564.063,13.5247,67.9353,4.04863
1.14158,511.675,13.1003,65.0585,4.28282
-3.16591,551.232,11.8979,60.8717,3.71662
-2.61237,596.54,13.1655,67.0948,3.78286
-2.97935,546.512,11.8849,60.7253,3.73875
-3.57048,594.113,12.6158,64.7301,3.6693
0.353376,571.292,14.1825,70.8102,4.16986
-2.29983,502.152,11.222,57.0652,3.82104
-3.04158,588.126,12.7579,65.2144,3.73135
-3.0776,516.378,11.1853,57.1902,3.72707
-3.75819,529.801,11.1651,57.3631,3.64765
1.52182,563.95,14.6542,72.5891,4.339
-2.6869,570.376,12.5505,63.994,3.77384
-2.24381,539.013,12.0728,61.3674,3.82794
0.149556,506.49,12.4735,62.3643,4.14138
-3.08474,595.463,12.8946,65.9334,3.72623
-2.42649,540.705,12.0225,61.1899,3.8055
-2.87639,561.021,12.251,62.5506,3.75105
-0.117454,502.375,12.2429,61.3231,4.10453
-4.79009,513.193,10.3712,53.6787,3.53192
-3.98274,578.35,12.0779,62.1521,3.62199
1.56656,524.091,13.6422,67.5558,4.34569
-2.88816,506.006,11.0445,56.3948,3.74964
-1.61986,533.53,12.2513,62.0042,3.90612
-0.808812,591.534,14.0276,70.597,4.01138
-3.83367,524.045,11.0101,56.5972,3.63899
-4.18234,555.481,11.5068,59.2976,3.59941
-0.129428,517.316,12.6011,63.1223,4.10289
0.0830643,564.36,13.8624,69.3399,4.13216
-4.48898,511.984,10.4744,54.096,3.56512
1.99592,597.444,15.8131,78.0806,4.41065
-3.21109,576.856,12.4283,63.6057,3.7113
1.88136,533.915,14.069,69.5219,4.39317
-3.35013,503.072,10.778,55.2143,3.69496
-2.3737,599.949,13.368,68.0128,3.81196
1.19565,557.325,14.2992,70.9865,4.29075
-4.51724,554.34,11.3279,58.5159,3.56198
-0.646694,590.926,14.1033,70.8988,4.03293
-0.913858,579.018,13.6738,68.8662,3.99751
-2.74345,541.182,11.8811,60.605,3.76702
-1.94536,530.032,12.0141,60.9417,3.86504
-3.06137,595.917,12.9166,66.035,3.729
-3.01562,531.649,11.5448,59.0027,3.73444
-4.42119,542.457,11.1285,57.4461,3.57266
-2.7892,504.173,11.0483,56.375,3.76151
-2.19551,508.19,11.4044,57.9505,3.83391
1.89072,551.683,14.5424,71.8571,4.3946
-2.72507,515.941,11.3353,57.8136,3.76923
-2.94215,580.083,12.6338,64.5351,3.74319
-1.07891,569.876,13.3702,67.4139,3.97586
-0.376332,556.248,13.4182,67.3293,4.06927
-1.60219,545.09,12.5255,63.3845,3.90837
1.12195,520.216,13.3088,66.1026,4.27996
-2.94091,516.765,11.2554,57.4932,3.74334
-2.25078,583.52,13.066,66.4194,3.82708
-3.2646,513.692,11.0436,56.5405,3.705
1.40136,592.988,15.3367,76.0313,4.32108
-2.74558,513.372,11.2696,57.4866,3.76676
-4.17967,586.937,12.1597,62.6611,3.59971
1.1512,566.803,14.5172,72.0902,4.28423
-1.64055,536.372,12.3064,62.2921,3.90349
1.7084,595.34,15.5825,77.0906,4.36699
-4.23499,591.377,12.2242,63.0184,3.59349
0.228324,581.366,14.3619,71.7671,4.15235
-2.63636,596.423,13.1502,67.0285,3.77995
0.333611,516.796,12.8196,64.0145,4.16708
-2.05003,593.124,13.3881,67.9611,3.85197
-2.82039,526.152,11.5155,58.7719,3.75776
-4.96126,580.665,11.653,60.3877,3.51324
-2.22052,569.7,12.772,64.9111,3.83082
1.6138,597.016,15.569,77.0729,4.35276
-2.48105,520.233,11.542,58.767,3.79883
-1.80066,560.788,12.7848,64.7857,3.88322
-3.6064,540.151,11.4533,58.7804,3.66514
-0.430999,533.038,12.8306,64.4051,4.06188
-1.37637,581.993,13.4942,68.1794,3.93728
-1.24538,512.435,11.9434,60.2892,3.9542
-4.87582,523.108,10.5346,54.5584,3.52255
0.52199,584.743,14.6127,72.8746,4.19364
-2.66281,540,11.8936,60.6343,3.77675
-2.79655,513.727,11.2543,57.4294,3.76063
-0.887292,516.824,12.2179,61.5225,4.00101
1.16862,521.137,13.3566,66.3194,4.28678
1.86459,533.477,14.0483,69.4274,4.39062
-1.64338,556.526,12.7674,64.6268,3.90313
-3.33791,599.768,12.856,65.854,3.6964
-0.743318,564.993,13.433,67.5739,4.02007
-0.7069,550.083,13.0973,65.8689,4.02491
-0.0128009,522.915,12.796,64.0479,4.11891
-3.84726,527.538,11.0774,56.9487,3.63744
-4.71552,561.323,11.3784,58.8602,3.5401
1.87692,543.808,14.3272,70.7999,4.3925
-2.96645,594.37,12.9324,66.0713,3.74029
-3.02337,567.115,12.3111,62.9226,3.73351
-3.34628,589.474,12.6311,64.7056,3.69542
-3.835,553.337,11.6249,59.7582,3.63884
-1.00914,517.117,12.166,61.3126,3.98499
-1.95916,584.884,13.25,67.2178,3.86331
-1.31059,505.792,11.7581,59.3805,3.94576
-0.490772,582.804,13.9954,70.2809,4.05383
-3.14826,597.543,12.9066,66.0244,3.71871
1.43133,528.233,13.6778,67.7939,4.32553
-4.94475,509.376,10.2293,53.0032,3.51504
-2.55548,582.115,12.8765,65.5958,3.78977
-2.32864,524.372,11.7051,59.5336,3.8175
-1.64122,549.097,12.598,63.7686,3.9034
-3.97395,592.244,12.3725,63.664,3.62299
-2.0173,515.461,11.6503,59.1261,3.85605
1.33794,525.903,13.5681,67.2922,4.3117
-2.3196,569.499,12.717,64.6763,3.81861
-0.653464,545.454,13.0146,65.4287,4.03203
-0.191744,540.135,13.1246,65.7732,4.09436
-0.791165,582.509,13.8232,69.5599,4.01372
-1.48909,549.35,12.6804,64.1177,3.92281
1.01889,558.886,14.2407,70.7805,4.26494
1.18049,592,15.1799,75.3662,4.28852
-2.87847,590.033,12.8835,65.7808,3.7508
1.6975,582.14,15.2306,75.355,4.36534
-2.70233,518.821,11.409,58.18,3.77198
1.08783,580.077,14.8205,73.6279,4.27497
0.994292,541.914,13.795,68.5766,4.26136
-2.17379,516.729,11.6061,58.9664,3.8366
-4.31847,537.891,11.081,57.159,3.58413
-1.59072,572.993,13.1727,66.6542,3.90983
-0.773434,587.136,13.9428,70.1532,4.01607
-2.26713,589.176,13.184,67.0269,3.82507
1.60699,585.108,15.2545,75.5191,4.35174
1.17356,526.931,13.5077,67.0674,4.28751
-3.2483,569.45,12.2503,62.7115,3.70691
1.11964,559.576,14.3145,71.0987,4.27962
-4.66389,527.245,10.7101,55.3827,3.54578
-3.22983,563.309,12.1273,62.0733,3.70909
-4.83528,582.591,11.7519,60.8451,3.52697
-3.97773,568.615,11.877,61.1163,3.62256
-0.420429,522.586,12.5842,63.164,4.06331
1.33646,575.513,14.8471,73.6365,4.31148
-0.324959,591.393,14.2949,71.7033,4.07623
0.747766,535.541,13.502,67.2323,4.22581
-1.7263,578.834,13.2353,67.0343,3.89261
-1.43769,512.87,11.8625,59.9609,3.9294
0.408333,547.695,13.626,68.0065,4.17758
1.29457,590.978,15.2212,75.5133,4.30529
-0.649311,533.79,12.7384,64.0382,4.03258
-1.91844,514.447,11.6733,59.2021,3.86841
-4.27239,543.964,11.2271,57.8935,3.58929
-1.145,557.686,13.0499,65.8292,3.96723
-3.8611,586.134,12.3009,63.245,3.63586
-2.30424,564.099,12.6042,64.0955,3.82049
0.279354,517.521,12.8103,63.9917,4.15948
1.34079,553.921,14.2925,70.8838,4.31212
-1.73705,565.769,12.9311,65.4981,3.89125
-4.17944,506.204,10.4873,54.0426,3.59974
-1.63555,511.144,11.7299,59.3721,3.90412
-3.04221,540.006,11.7138,59.8774,3.73128
-0.162342,586.262,14.262,71.4585,4.09838
1.71875,546.302,14.3047,70.7643,4.36855
-4.69672,570.122,11.5656,59.8205,3.54216
-4.48055,519.989,10.6418,54.9574,3.56606
0.107615,558.62,13.7347,68.6894,4.13556
-3.52632,543.172,11.5547,59.2671,3.67442
-0.982419,573.23,13.5004,68.0251,3.98849
-0.0699262,553.42,13.5121,67.6585,4.11105
-0.728801,539.189,12.8268,64.5183,4.022
-4.91803,530.346,10.662,55.2348,3.51795
-0.0577523,541.604,13.23,66.2402,4.11273
-2.19349,503.841,11.3077,57.4583,3.83416
-0.0756399,502.349,12.2624,61.4035,4.11027
0.425355,529.538,13.1831,65.7882,4.17998
-3.46047,521.781,11.1292,57.0579,3.68208
-1.64312,545.268,12.5092,63.3199,3.90316
-0.395857,506.378,12.2058,61.2539,4.06663
-2.72858,500.428,10.9929,56.0687,3.76881
-1.11123,596.512,13.9772,70.4901,3.97164
1.93358,529.425,13.9789,69.0529,4.40113
-0.465695,529.245,12.7218,63.8744,4.0572
-3.90772,578.367,12.1151,62.3099,3.63053
-3.36384,599.61,12.8392,65.7798,3.69336
-4.82316,585.358,11.8136,61.159,3.5283
-1.50387,538.242,12.4167,62.7907,3.92092
-2.63049,573.232,12.6419,64.4346,3.78066
0.0983944,579.612,14.2456,71.2494,4.13428
0.490134,574.23,14.3321,71.4906,4.18913
-2.49702,553.376,12.2695,62.478,3.79688
-4.49835,548.769,11.2227,57.9646,3.56408
-1.82197,506.303,11.5328,58.4503,3.88054
-2.70612,518.625,11.4029,58.1507,3.77152
-3.74646,540.865,11.4037,58.584,3.64899
-2.87087,547.461,11.9576,61.0499,3.75171
-0.353055,529.436,12.7831,64.1326,4.07242
0.316507,587.785,14.5708,72.7674,4.16468
-1.9556,532.21,12.0585,61.1714,3.86376
-1.59723,559.547,12.8603,65.0763,3.909
1.58669,547.016,14.2501,70.5566,4.3487
-2.2701,530.544,11.8706,60.3508,3.8247
-0.200629,537.068,13.0456,65.3808,4.09315
-2.14342,599.914,13.4909,68.5277,3.84036
0.904204,505.911,12.8332,63.8346,4.24832
-3.54482,549.679,11.6844,59.9401,3.67228
-2.14404,539.179,12.1248,61.5888,3.84028
-3.50012,549.949,11.7113,60.0589,3.67747
-1.43909,511.604,11.8326,59.8101,3.92922
-0.207459,593.006,14.4004,72.1744,4.09222
-4.14158,512.083,10.6254,54.7395,3.604
1.31361,585.007,15.0786,74.7962,4.3081
1.10107,596.406,15.2455,75.7328,4.27691
0.592079,528.636,13.2469,66.0318,4.20358
-4.12557,549.186,11.4026,58.7371,3.60581
0.388006,572.803,14.2393,71.0772,4.17472
-2.62829,572.447,12.6257,64.3511,3.78093
1.57755,549.072,14.2986,70.8008,4.34733
1.18546,557.877,14.3077,71.0335,4.28925
-3.01869,562.3,12.2089,62.3981,3.73407
-0.310355,516.139,12.4831,62.6089,4.07821
0.755043,582.964,14.7018,73.2031,4.22685
-3.6562,591.898,12.5253,64.3049,3.65939
0.123657,533.226,13.1186,65.6011,4.13779
1.48895,579.758,15.0457,74.5449,4.3341
-4.6953,543.038,11.0168,56.9815,3.54232
-2.27122,512.042,11.4561,58.244,3.82456
-3.11477,506.998,10.9657,56.0821,3.72267
-1.97765,508.399,11.5088,58.3922,3.861
-0.594842,557.62,13.3357,67.0161,4.03986
0.156447,549.546,13.5375,67.681,4.14234
0.697715,509.103,12.8103,63.8098,4.21864
-0.824181,527.956,12.5123,62.9775,4.00935
-1.60864,543.589,12.4878,63.1966,3.90755
-0.853769,553.943,13.1128,66.0135,4.00543
-4.88908,527.125,10.6098,54.9528,3.5211
-2.70969,589.602,12.9617,66.1013,3.77109
-2.29893,589.554,13.1757,66.9996,3.82115
-4.09691,519.277,10.7942,55.5914,3.60905
-4.57772,575.742,11.7363,60.652,3.55529
-1.23958,515.6,12.0199,60.6731,3.95495
0.483411,509.763,12.7197,63.4508,4.18818
-3.64288,554.645,11.7433,60.2844,3.66093
1.90136,552.283,14.5643,71.9598,4.39622
-0.27181,549.833,13.3182,66.7798,4.08345
-3.05024,548.277,11.8893,60.7783,3.73032
1.85848,546.992,14.4007,71.1723,4.3897
-2.08814,564.361,12.7194,64.5841,3.84722
1.23177,573.049,14.7234,73.0743,4.29605
-1.90758,570.766,12.9569,65.7069,3.86977
-1.09196,577.051,13.5315,68.2335,3.97415
0.456646,512.324,12.7702,63.7143,4.1844
-1.319,522.873,12.1511,61.3689,3.94467
-3.47196,504.069,10.7464,55.1,3.68074
1.15518,508.39,13.0231,64.6692,4.28481
-3.27323,506.99,10.8957,55.7868,3.70398
-4.03684,575.482,11.9917,61.7323,3.61585
1.38562,566.678,14.6472,72.621,4.31875
-0.979668,559.088,13.1688,66.3528,3.98885
-2.43683,572.637,12.7272,64.7814,3.80423
-3.06316,585.003,12.6791,64.8216,3.72879
1.15774,558.952,14.3198,71.1068,4.28519
-0.119289,512.844,12.4971,62.5973,4.10428
0.847264,510.254,12.9146,64.2641,4.2401
1.17833,523.968,13.4343,66.7006,4.28821
1.21102,514.527,13.2091,65.5678,4.293
-2.16234,534.629,12.0137,61.0322,3.83802
-1.51743,529.833,12.2161,61.7821,3.91918
-0.82552,510.209,12.0911,60.8579,4.00917
-0.0142067,575.581,14.084,70.4954,4.11872
1.31011,569.297,14.6717,72.7795,4.30759
0.528721,588.858,14.7194,73.4034,4.19459
0.964563,503.81,12.8101,63.6935,4.25705
-1.75925,571.445,13.0492,66.1069,3.88845
-1.3148,504.756,11.732,59.2507,3.94522
1.07435,535.322,13.6698,67.9176,4.27301
-1.51536,579.687,13.3666,67.6001,3.91945
0.484824,588.017,14.6731,73.1945,4.18838
0.494264,555.86,13.8758,69.2129,4.18971
-4.34993,543.402,11.1802,57.6838,3.58061
-3.69212,553.837,11.7029,60.0979,3.65525
-3.41252,599.762,12.8173,65.69,3.68767
-0.0288115,532.838,13.0307,65.2294,4.11671
1.57466,501.417,13.0561,64.65,4.3469
0.282738,593.581,14.695,73.4045,4.15995
1.66054,536.151,14.0072,69.3195,4.35978
-1.06891,501.89,11.7798,59.3908,3.97716
0.574476,565.7,14.1659,70.6213,4.20108
1.09206,574.502,14.6805,72.9301,4.27559
-1.34055,581.554,13.5032,68.208,3.94189
-3.8583,517.49,10.8616,55.8434,3.63618
-3.41029,508.889,10.8762,55.7412,3.68793
0.124878,528.181,12.9951,64.983,4.13796
-1.60034,531.638,12.2173,61.824,3.9086
-4.97393,570.735,11.4478,59.3297,3.51187
0.127636,550.861,13.5546,67.7794,4.13834
-4.6038,506.789,10.3198,53.3414,3.55241
-0.630781,560.802,13.3928,67.3196,4.03506
-2.07342,514.205,11.5959,58.8729,3.84906
-3.57226,507.139,10.7682,55.2507,3.66909
-0.854476,578.167,13.6859,68.8987,4.00534
-4.6099,582.817,11.865,61.331,3.55173
-0.176893,506.422,12.3127,61.6977,4.09639
-2.32095,570.513,12.7389,64.7886,3.81844
-1.3878,568.373,13.1724,66.5587,3.93581
0.742992,558.508,14.0784,70.1047,4.22512
1.84173,592.581,15.5908,77.0628,4.38715
-2.95115,549.365,11.9605,61.0995,3.74212
0.130781,589.64,14.5106,72.5583,4.13878
-4.87038,536.178,10.8002,55.9318,3.52314
-2.29063,551.52,12.3298,62.6945,3.82217
-2.0785,502.617,11.3322,57.5366,3.84842
-1.68792,541.612,12.4032,62.8028,3.89748
1.50864,530.299,13.7727,68.2287,4.33704
0.841184,570.172,14.4277,71.7964,4.23923
-0.109556,510.67,12.4489,62.3517,4.10561
-0.66794,549.31,13.0991,65.8601,4.0301
-2.3827,526.017,11.7164,59.6138,3.81086
-3.15575,575.8,12.4332,63.6061,3.71782
-1.31687,522.387,12.1408,61.3161,3.94495
-4.06595,575.782,11.9838,61.7044,3.61255
-1.12975,511.156,11.9684,60.367,3.96922
1.05085,586.313,14.9582,74.3306,4.26958
-0.0833776,563.913,13.761,68.9112,4.1092
-1.66952,570.301,13.0698,66.1695,3.89981
0.158893,501.263,12.3493,61.7394,4.14268
0.055295,544.387,13.3572,66.8256,4.12832
-0.064235,552.489,13.4924,67.5572,4.11183
-4.28679,527.974,10.8907,56.1647,3.58768
-1.09371,580.993,13.623,68.6957,3.97392
-3.75882,559.352,11.7876,60.5615,3.64757
0.704281,558.332,14.0527,69.9949,4.21958
-4.12668,549.443,11.4075,58.7624,3.60569
-2.32364,554.161,12.3725,62.926,3.81811
1.60939,567.186,14.7886,73.2115,4.3521
0.288569,593.671,14.7006,73.4295,4.16077
-4.45508,504.264,10.3307,53.341,3.56889
-3.46416,512.568,10.9311,56.0435,3.68165
0.302713,560.117,13.8774,69.3111,4.16275
-2.55072,582.782,12.8937,65.6812,3.79034
-4.42458,527.047,10.8109,55.8079,3.57228
-3.29636,593.815,12.7498,65.2904,3.70127
0.795059,503.535,12.7186,63.3109,4.23259
-2.75043,588.83,12.9235,65.9257,3.76618
-4.06666,572.192,11.9087,61.3182,3.61247
-3.55598,502.2,10.6703,54.7423,3.67098
-4.85847,590.004,11.8902,61.5713,3.52444
-3.99814,531.704,11.0969,57.11,3.62024
1.94131,510.651,13.4873,66.6207,4.40231
0.51037,552.311,13.7959,68.8068,4.19199
-3.2336,551.713,11.8758,60.788,3.70864
0.887225,502.219,12.7311,63.3339,4.24586
-2.25708,513.456,11.4943,58.4322,3.82631
-2.94858,559.99,12.1931,62.2864,3.74242
-0.563027,541.728,12.972,65.1738,4.04412
-0.546647,598.3,14.3359,72.0183,4.04632
-0.248936,573.181,13.8963,69.6674,4.08656
-0.820394,515.369,12.2158,61.4837,4.00985
-2.04405,536.991,12.1239,61.5413,3.85271
1.55114,565.016,14.6987,72.795,4.34338
-1.94081,546.168,12.382,62.8063,3.86561
0.387746,596.751,14.8345,74.0483,4.17469
-2.86911,561.743,12.2704,62.6462,3.75192
-3.53569,513.039,10.9096,55.9617,3.67333
-1.44085,543.629,12.5724,63.5505,3.92899
-3.25006,506.597,10.8974,55.7865,3.70671
0.802014,529.326,13.3737,66.5688,4.23359
-2.05885,556.965,12.5675,63.7993,3.85087
-4.45014,520.289,10.6611,55.0451,3.56944
-3.1867,547.989,11.818,60.4718,3.71417
-3.58456,599.519,12.7234,65.2885,3.66767
-4.64697,547.297,11.1251,57.5216,3.54764
0.780385,541.442,13.6682,68.0448,4.23048
-0.786975,528.957,12.5545,63.1737,4.01427
-3.4407,521.795,11.1384,57.097,3.68438
1.033,518.572,13.2208,65.7048,4.26699
-2.50528,571.87,12.6753,64.5484,3.79588
-4.27058,504.471,10.4127,53.6935,3.58949
-3.91322,527.778,11.0529,56.8493,3.62991
-4.70328,555.369,11.2633,58.2598,3.54144
-3.41446,534.321,11.4179,58.5187,3.68744
-2.43764,559.066,12.4252,63.2443,3.80413
-1.39487,543.664,12.5962,63.6505,3.9349
1.92294,544.683,14.3759,71.0187,4.39951
-3.17152,539.984,11.6525,59.6185,3.71596
-0.11712,521.912,12.7192,63.7086,4.10457
-2.10701,503.981,11.35,57.6385,3.84488
-0.25281,520.406,12.6149,63.2449,4.08603
-3.21548,574.613,12.3778,63.3492,3.71078
0.346246,565.442,14.0333,70.069,4.16886
-3.54217,582.76,12.3889,63.5531,3.67258
1.74664,508.785,13.3368,65.9636,4.37276
-2.63154,572.634,12.6282,64.3653,3.78054
0.791436,531.001,13.4104,66.7566,4.23207
-1.97352,581.67,13.1697,66.8169,3.86152
0.860461,569.579,14.4236,71.7665,4.242
-2.255,546.105,12.2262,62.1519,3.82656
0.0103963,595.123,14.5763,72.9471,4.12211
-4.11069,535.848,11.1324,57.339,3.60749
-2.18305,581.436,13.0547,66.3303,3.83545
1.02266,534.443,13.6199,67.6931,4.26548
-4.59178,575.492,11.7245,60.597,3.55373
-3.70194,571.215,12.0653,61.9633,3.65412
-3.71163,544.906,11.5051,59.0903,3.653
-2.04712,590.442,13.3291,67.6602,3.85233
-4.38421,513.949,10.5595,54.4947,3.57678
-1.50077,558.4,12.8833,65.1489,3.92131
1.33972,590.124,15.226,75.514,4.31196
-4.07733,512.588,10.6636,54.9112,3.61126
-2.23872,546.204,12.2363,62.1965,3.82857
-0.80422,567.939,13.4705,67.7912,4.01199
-3.23529,586.192,12.6171,64.5832,3.70844
1.75401,525.85,13.7881,68.1922,4.37387
-4.38707,544.008,11.1758,57.6763,3.57646
-1.56463,524.893,12.0795,61.1113,3.91315
-2.07037,512.975,11.5695,58.738,3.84944
-2.14577,587.246,13.2048,67.0755,3.84007
0.136556,552.635,13.603,68.0174,4.13958
-3.34622,511.149,10.9528,56.1081,3.69542
-1.50125,532.036,12.2748,62.072,3.92125
1.96334,562.325,14.8648,73.4141,4.40567
-2.10395,508.967,11.4638,58.2147,3.84526
-0.960073,551.306,12.9956,65.4713,3.99143
-3.63569,553.489,11.7223,60.1732,3.66176
-1.8637,516.746,11.7511,59.574,3.87528
0.324391,590.046,14.6314,73.066,4.16579
1.7259,593.085,15.5341,76.8418,4.36963
-1.45194,570.705,13.1928,66.6913,3.92757
-1.23753,599.966,13.9878,70.6055,3.95521
-3.65823,523.895,11.0854,56.913,3.65915
-2.30938,582.389,13.0101,66.1625,3.81986
-0.795343,523.069,12.4106,62.4534,4.01316
-0.279719,598.819,14.5002,72.7107,4.08237
-1.97524,574.195,12.9996,65.9545,3.8613
-2.76819,544.873,11.9502,60.9684,3.76404
-4.21039,549.894,11.3781,58.6462,3.59625
0.639967,556.647,13.975,69.6386,4.2104
-4.13336,530.234,11.0057,56.6953,3.60493
-4.9742,543.798,10.9074,56.529,3.51184
0.360944,505.194,12.5453,62.6329,4.17092
0.891202,545.674,13.8348,68.8228,4.24644
-1.92001,556.604,12.6291,64.0502,3.86822
0.159207,517.992,12.7616,63.8006,4.14272
-4.16457,576.006,11.9406,61.5252,3.60141
-4.33599,571.969,11.7746,60.7446,3.58217
1.52512,599.828,15.5885,77.2153,4.3395
-0.721748,506.385,12.0498,60.607,4.02293
-0.531862,560.378,13.4351,67.4861,4.04831
-2.83997,503.824,11.0181,56.2413,3.75541
-4.12308,515.122,10.6964,55.0983,3.60609
0.954168,506.83,12.8817,64.0538,4.25554
0.603948,560.085,14.0415,69.987,4.20527
-4.7483,509.641,10.3169,53.382,3.5365
-2.48676,557.732,12.3712,62.9912,3.79813
1.9584,572.79,15.1385,74.7685,4.40492
-2.933,587.207,12.7937,65.3474,3.74428
-4.50085,580.17,11.8637,61.2762,3.5638
1.96428,592.977,15.6756,77.4183,4.40581
-3.31646,585.945,12.5706,64.3821,3.69891
1.38035,504.212,13.03,64.6049,4.31797
0.160216,567.741,13.9878,69.9304,4.14287
-1.33412,535.291,12.4322,62.7952,3.94272
0.714001,554.851,13.9704,69.5804,4.22097
-4.19235,529.14,10.9567,56.4668,3.59828
-1.66239,537.256,12.316,62.3501,3.90071
-1.52672,550.619,12.6906,64.1863,3.91799
-3.63591,535.065,11.332,58.1697,3.66173
-0.228202,591.505,14.3523,71.9432,4.08939
-3.61132,577.131,12.235,62.7944,3.66457
-4.31483,535.935,11.0423,56.958,3.58453
-0.140578,538.674,13.1156,65.7046,4.10136
1.43092,583.274,15.1028,74.8571,4.32547
-0.491393,582.26,13.982,70.214,4.05374
-0.25073,543.239,13.1694,66.0243,4.08632
-3.80951,583.639,12.2742,63.0843,3.64176
0.0575439,582.71,14.2988,71.5352,4.12863
0.0720146,500.465,12.2876,61.4674,4.13063
-3.95479,558.075,11.6677,60.0294,3.62517
1.10126,569.658,14.5619,72.3368,4.27693
-0.0479329,559.749,13.6785,68.4813,4.11408
-0.379606,545.67,13.1613,66.0418,4.06883
-3.73322,529.248,11.1647,57.351,3.65052
-1.02015,573.622,13.4895,67.9877,3.98354
-2.89914,517.695,11.2946,57.6766,3.74833
0.339961,534.832,13.2704,66.2623,4.16797
-0.424379,510.947,12.3021,61.7492,4.06278
-2.16375,519.78,11.6793,59.3342,3.83784
0.648399,550.156,13.8166,68.8454,4.2116
-4.17789,526.789,10.9144,56.2431,3.59991
-4.72096,512.899,10.3945,53.7727,3.5395
1.68231,541.961,14.171,70.1198,4.36306
-3.35092,547.709,11.734,60.1118,3.69487
-2.66038,581.588,12.8108,65.3093,3.77705
-4.53681,575.651,11.754,60.7256,3.55982
1.5265,552.04,14.3473,71.0667,4.3397
-4.96455,511.708,10.2678,53.2105,3.51289
-3.58979,524.62,11.1315,57.1218,3.66706
-1.25904,530.662,12.3615,62.4057,3.95243
1.96594,583.335,15.4217,76.1634,4.40607
-3.61579,564.599,11.9672,61.4217,3.66406
0.774775,536.627,13.5437,67.4275,4.22968
-2.01774,584.813,13.2175,67.0801,3.85599
-0.173205,594.281,14.4509,72.4103,4.0969
1.2844,544.179,14.0103,69.5107,4.3038
-4.25604,555.835,11.4797,59.1893,3.59112
-0.0845604,589.38,14.3818,72.0205,4.10904
-0.187729,537.084,13.0526,65.4102,4.09491
-4.90627,520.596,10.471,54.2408,3.51923
1.18559,506.745,12.9964,64.5231,4.28927
-1.99941,558.126,12.6236,64.0577,3.85828
-2.98987,587.461,12.77,65.2525,3.7375
-3.33278,569.71,12.2143,62.5643,3.697
1.25128,574.587,14.7741,73.3166,4.29892
-0.655911,560.196,13.365,67.1916,4.0317
-0.209579,508.823,12.3551,61.9243,4.09193
-1.62312,581.633,13.3541,67.5874,3.9057
-4.09813,576.139,11.9756,61.6762,3.60891
-1.70745,571.399,13.0751,66.2142,3.895
-1.95024,565.517,12.8159,65.0112,3.86443
1.77532,560.981,14.7214,72.7979,4.37709
-4.15306,514.346,10.6673,54.9602,3.60271
-4.61845,574.626,11.6942,60.4518,3.55079
-1.64893,547.05,12.5472,63.5147,3.90242
0.377151,508.412,12.6332,63.0651,4.1732
-1.27436,566.725,13.1935,66.6132,3.95044
-4.47298,548.667,11.2322,58.003,3.5669
0.534861,520.302,13.0089,64.8705,4.19546
1.38476,514.283,13.2925,65.9048,4.31863
-3.71763,593.954,12.5377,64.3963,3.65231
-4.12268,501.051,10.4044,53.594,3.60614
0.481478,525.076,13.1008,65.3526,4.1879
-0.126598,507.939,12.374,61.9839,4.10327
-0.156593,533.053,12.9705,64.985,4.09917
0.349577,596.728,14.8117,73.9539,4.16932
-3.52837,534.427,11.3677,58.3088,3.67418
-3.12702,511.163,11.0503,56.5199,3.72122
-2.55809,552.532,12.2208,62.2568,3.78945
0.453791,566.747,14.1252,70.476,4.18399
-2.85555,567.034,12.3927,63.2647,3.75355
-0.413873,577.701,13.9151,69.8406,4.06419
-3.61295,582.428,12.3465,63.3672,3.66438
-2.21625,549.572,12.3229,62.6265,3.83134
-2.83074,557.832,12.2038,62.2892,3.75652
-2.10793,531.508,11.9695,60.7848,3.84477
-3.10732,550.23,11.9043,60.8793,3.72355
-3.40612,551.355,11.7858,60.4011,3.68842
-3.13344,522.67,11.2961,57.7799,3.72046
-2.53562,575.734,12.7455,64.9194,3.79218
-2.4452,522.162,11.6015,59.0548,3.80321
-1.60338,584.782,13.437,67.9974,3.90822
-3.96387,575.404,12.0256,61.8746,3.62414
0.741052,543.359,13.6955,68.1989,4.22484
1.9363,585.99,15.4741,76.4374,4.40154
0.99745,586.478,14.9312,74.2235,4.26182
-0.536896,548.195,13.1404,66.0081,4.04763
1.27296,553.458,14.2429,70.6699,4.30211
1.87662,518.638,13.6639,67.5223,4.39245
0.716592,503.29,12.6734,63.1198,4.22134
-3.99421,597.61,12.4743,64.1973,3.62069
-4.1351,522.005,10.8341,55.8122,3.60473
-0.370797,533.859,12.8809,64.631,4.07002
0.436832,555.135,13.8266,68.9941,4.1816
1.27462,558.681,14.3782,71.3406,4.30235
-3.301,518.659,11.134,57.0181,3.70072
-4.76178,569.055,11.5134,59.5783,3.53502
0.726693,511.131,12.876,64.1242,4.22279
1.01371,544.059,13.8601,68.8912,4.26418
-3.1262,593.612,12.8331,65.6382,3.72132
-4.2919,598.927,12.3517,63.7016,3.5871
-0.524921,519.629,12.4615,62.5929,4.04924
1.23617,519.298,13.3446,66.2295,4.2967
-0.278927,557.071,13.4897,67.6432,4.08248
1.37314,594.251,15.3525,76.124,4.3169
-2.04282,568.082,12.8265,65.1071,3.85287
-1.25732,518.204,12.0721,60.9441,3.95265
-2.22785,538.053,12.059,61.2904,3.82991
0.0521698,578.132,14.1835,70.9608,4.12788
-1.97915,522.309,11.823,59.9868,3.86081
-1.81488,501.898,11.4357,57.9552,3.88143
0.571949,538.95,13.4947,67.2763,4.20072
-4.96649,501.777,10.0677,52.1744,3.51268
-1.85124,543.834,12.3733,62.7227,3.87685
-0.484865,510.795,12.2691,61.6092,4.05462
-4.32435,579.372,11.9327,61.5548,3.58347
-0.511468,557.711,13.3819,67.2096,4.05104
1.82992,509.525,13.3995,66.2365,4.38536
-2.53292,508.644,11.2615,57.3595,3.79251
-3.15297,514.745,11.1161,56.8669,3.71815
-4.00072,522.76,10.9091,56.1445,3.61995
1.34809,516.044,13.319,66.0522,4.3132
-0.477465,518.308,12.4532,62.5305,4.05562
-2.68011,531.768,11.7041,59.6757,3.77466
-3.6229,521.766,11.0561,56.7486,3.66323
-4.61567,509.441,10.3688,53.5991,3.55109
0.444342,566.323,14.1094,70.4016,4.18266
-0.346365,574.973,13.8863,69.6638,4.07333
-3.26573,561.836,12.0781,61.8372,3.70486
-2.3383,587.76,13.1149,66.7089,3.81631
-2.33291,595.942,13.3004,67.6496,3.81697
-3.87006,520.685,10.9234,56.1661,3.63483
-1.55024,575.863,13.26,67.0773,3.91499
-4.33695,508.95,10.4769,54.05,3.58206
-1.7788,554.285,12.6475,64.0806,3.88598
-1.67185,536.366,12.2909,62.2274,3.89951
1.55312,539.894,14.0462,69.5628,4.34368
1.35885,575.626,14.863,73.7042,4.31479
-2.92712,555.914,12.1148,61.877,3.74498
-0.769301,531.467,12.6229,63.5101,4.01662
-2.56514,598.768,13.2397,67.4508,3.78859
-4.12918,521.721,10.8308,55.7929,3.6054
-0.968608,501.93,11.8277,59.5909,3.99031
-3.7862,585.164,12.3179,63.2983,3.64443
-3.55998,520.453,11.0564,56.7245,3.67052
-3.78939,530.741,11.1708,57.4052,3.64407
1.42738,529.552,13.7099,67.9546,4.32495
-2.8589,547.827,11.9713,61.115,3.75315
-4.69561,530.78,10.768,55.6946,3.54229
1.76414,561.595,14.7311,72.8514,4.3754
-3.57497,561.065,11.9119,61.1203,3.66878
-1.9006,562.153,12.7649,64.7302,3.87065
1.96529,561.264,14.8379,73.2802,4.40597
1.43644,545.553,14.1291,70.0284,4.32629
-0.462698,570.991,13.727,68.9195,4.05761
-0.849173,570.888,13.5164,68.0431,4.00604
1.0602,520.581,13.2861,66.0172,4.27095
0.637081,509.159,12.7813,63.6917,4.20999
-3.93377,511.001,10.6927,55.0045,3.62756
-0.58013,552.493,13.2208,66.4318,4.04183
-1.61212,538.004,12.3578,62.5401,3.9071
0.308601,564.433,13.9876,69.8586,4.16358
-3.13181,561.895,12.1447,62.1194,3.72065
-0.350582,586.7,14.1671,71.0749,4.07276
1.33911,542.23,13.9899,69.384,4.31187
0.0211926,501.602,12.2909,61.5054,4.1236
-4.70903,561.145,11.3777,58.8543,3.54081
0.710667,573.984,14.4502,71.972,4.22049
1.20727,509.354,13.0743,64.9007,4.29245
-2.17012,554.062,12.4465,63.2344,3.83705
-3.38445,543.863,11.6359,59.6233,3.69095
-0.828623,573.269,13.5838,68.3728,4.00876
-3.74944,516.084,10.8799,55.8942,3.64865
-1.33187,585.122,13.5907,68.646,3.94301
-3.12906,553.097,11.9558,61.1524,3.72098
-3.69406,542.597,11.4645,58.8743,3.65502
-3.6709,572.052,12.0982,62.1183,3.65769
-2.61594,588.525,12.9867,66.1855,3.78243
-1.76921,576.587,13.1614,66.6799,3.88719
-0.0366245,596.01,14.5711,72.9443,4.11563
-2.10359,547.594,12.3339,62.6334,3.8453
-2.1855,541.381,12.1541,61.7558,3.83515
-3.21666,550.556,11.859,60.6946,3.71064
-0.478623,505.275,12.1395,60.9558,4.05546
1.91512,507.729,13.3965,66.1838,4.39831
-0.934372,506.551,11.9528,60.2069,3.99481
-3.92344,529.259,11.0793,56.9893,3.62874
-1.49596,595.98,13.7529,69.5444,3.92193
-0.858138,589.032,13.941,70.1851,4.00486
1.75943,506.822,13.292,65.7361,4.37469
-4.59423,542.319,11.0476,57.0993,3.55346
-3.78228,571.23,12.0265,61.7991,3.64488
-4.77139,581.034,11.7511,60.8129,3.53397
0.0922936,510.883,12.5534,62.7884,4.13344
0.974287,589.214,14.9873,74.5139,4.25846
-2.97685,539.845,11.7411,59.9895,3.73905
-0.748681,504.371,11.9891,60.3128,4.01935
-3.19661,596.178,12.8521,65.7678,3.713
-4.90747,534.973,10.7596,55.7365,3.5191
1.292,501.983,12.9278,64.1365,4.30491
1.31997,506.776,13.0654,64.8072,4.30904
-0.422497,552.928,13.3138,66.8268,4.06303
-2.21389,534.591,11.9881,60.9241,3.83164
-2.31487,567.864,12.6829,64.5007,3.81919
-2.4706,564.661,12.533,63.8078,3.80011
-2.98075,522.059,11.3525,58.0055,3.73859
-4.59209,528.171,10.7603,55.6138,3.5537
1.81872,533.024,14.0114,69.2664,4.38366
-1.05561,527.858,12.3958,62.491,3.9789
-1.45332,517.749,11.9679,60.5003,3.92739
-2.33482,532.141,11.8756,60.4033,3.81674
-1.29159,513.999,11.9579,60.3816,3.94822
-2.80424,532.164,11.6546,59.4753,3.7597
1.60997,597.538,15.5803,77.1308,4.35219
-3.78834,518.95,10.9231,56.1318,3.64419
-0.822709,510.701,12.1041,60.9221,4.00954
-0.271151,516.337,12.5072,62.7129,4.08354
-1.03068,585.326,13.7589,69.3509,3.98216
0.960892,583.847,14.843,73.8033,4.25652
-3.91766,526.653,11.0274,56.7197,3.6294
-1.30024,537.808,12.5075,63.1606,3.9471
-1.25645,543.287,12.6569,63.8957,3.95276
1.62674,501.504,13.0848,64.7695,4.35471
-2.40461,570.891,12.7048,64.6526,3.80817
1.74744,508.247,13.3231,65.8956,4.37288
-4.3066,583.375,12.0238,62.0169,3.58546
-4.80877,519.128,10.4831,54.2654,3.52987
-2.32607,525.345,11.728,59.6491,3.81781
-4.33304,599.113,12.3349,63.6337,3.5825
1.57609,533.005,13.8794,68.7259,4.34712
-4.0567,521.895,10.8663,55.9468,3.6136
-2.14245,515.044,11.5828,58.835,3.84048
-1.57795,513.688,11.8153,59.7805,3.91146
-1.92459,507.512,11.5131,58.3923,3.86764
-2.96122,526.303,11.4538,58.515,3.74091
-0.874218,551.665,13.0483,65.6982,4.00273
-4.55765,519.483,10.5982,54.7621,3.55751
-3.48714,516.214,10.9986,56.3991,3.67898
-4.86426,512.624,10.3284,53.4858,3.52381
0.582476,561.632,14.0685,70.1317,4.20222
-2.24999,541.464,12.1247,61.634,3.82718
-2.3805,596.948,13.2975,67.6574,3.81113
0.259788,525.762,13.0043,64.9694,4.15675
-0.830188,590.382,13.9884,70.4102,4.00855
1.53508,568.282,14.7744,73.1778,4.34098
0.600029,502.609,12.5986,62.797,4.20471
0.898221,532.519,13.505,67.1789,4.24745
-0.592825,562.659,13.4573,67.6262,4.04013
0.376415,565.762,14.0579,70.1772,4.17309
1.52086,584.596,15.1901,75.2442,4.33886
0.744406,562.186,14.1719,70.5696,4.22532
-0.527685,562.641,13.4916,67.7679,4.04887
1.04011,524.586,13.3778,66.482,4.26802
-2.73661,526.735,11.5671,59.0006,3.76784
-3.9591,553.982,11.5801,59.5804,3.62468
1.87568,530.874,13.9857,69.1133,4.39231
-4.47534,507.391,10.3862,53.6352,3.56664
-2.83551,506.475,11.0781,56.5456,3.75595
-3.19138,544.431,11.739,60.0698,3.71362
0.817993,515.504,13.0326,64.864,4.23589
-1.75253,561.403,12.8234,64.9596,3.8893
-4.30295,506.756,10.4462,53.8783,3.58586
-4.75677,595.621,12.0533,62.3702,3.53557
0.886269,533.976,13.5356,67.3366,4.24573
-2.08877,509.346,11.4792,58.2872,3.84715
-0.0459572,517.448,12.6458,63.3101,4.11435
-2.81469,519.55,11.3736,58.0454,3.75845
-2.84937,566.009,12.3734,63.1633,3.75429
-3.7712,524.951,11.0571,56.8134,3.64615
1.22993,576.629,14.8143,73.5265,4.29578
0.783981,572.358,14.4507,71.9385,4.231
-1.46203,527.682,12.1933,61.6433,3.92627
-1.75711,549.103,12.5401,63.5267,3.88872
1.47136,567.859,14.7268,72.9736,4.33148
-1.68645,542.663,12.428,62.9278,3.89766
1.7393,567.527,14.8724,73.5621,4.37165
-0.869872,531.352,12.57,63.2881,4.00331
-2.78202,504.918,11.0678,56.4717,3.76237
-2.3314,598.116,13.3497,67.8997,3.81716
-4.26171,569.263,11.7543,60.6077,3.59049
-3.66309,576.929,12.2052,62.6642,3.65859
-1.20033,567.654,13.254,66.8844,3.96004
-3.20065,558.95,12.0476,61.6527,3.71253
-0.567242,500.802,11.99,60.2419,4.04356
-3.80807,540.275,11.3629,58.4,3.64192
0.985227,593.281,15.0972,75.0548,4.26005
-0.541603,540.878,12.9626,65.117,4.047
-3.33077,537.555,11.5258,59.037,3.69723
0.58033,553.775,13.8705,69.1457,4.20191
-1.97209,573.563,12.9869,65.8887,3.8617
-2.25969,554.779,12.418,63.1293,3.82598
-4.29504,562.936,11.608,59.8673,3.58675
-0.0576337,567.238,13.8562,69.3755,4.11274
0.265058,534.367,13.2199,66.044,4.15748
-1.41097,571.667,13.2365,66.8936,3.93283
1.79613,578.462,15.1924,75.1166,4.38024
-0.313228,512.463,12.3928,62.1572,4.07782
-0.817046,523.215,12.4034,62.4265,4.01029
-4.43185,565.988,11.6062,59.9167,3.57147
1.17285,596.142,15.2815,75.8748,4.2874
0.288075,500.49,12.393,61.9033,4.1607
1.3217,532.658,13.7336,68.1209,4.3093
-3.56864,556.025,11.8079,60.584,3.66951
-3.41372,575.609,12.3005,63.0421,3.68753
-4.03503,588.395,12.2617,63.1213,3.61606
-0.762593,518.047,12.3074,61.92,4.01751
0.750337,592.807,14.9473,74.4277,4.22617
-4.62451,579.821,11.797,60.9859,3.55012
-1.01111,523.996,12.3268,62.1241,3.98473
-0.166659,552.407,13.4361,67.3225,4.09779
-3.78512,561.681,11.8241,60.7603,3.64456
-2.09414,549.153,12.3737,62.8313,3.84648
-1.69546,595.833,13.6408,69.073,3.89652
-1.42718,512.149,11.8508,59.8972,3.93075
-1.77314,594.666,13.572,68.7618,3.88669
-4.36453,559.951,11.5139,59.4114,3.57898
-3.19724,575.455,12.405,63.4805,3.71293
-2.97162,545.772,11.8725,60.6587,3.73967
-3.09703,591.818,12.8094,65.5031,3.72477
-4.3739,584.153,12.007,61.9599,3.57793
-2.17704,581.402,13.057,66.3395,3.8362
-3.5637,507.712,10.7841,55.329,3.67009
-1.58467,522.983,12.0259,60.8488,3.9106
-3.86413,511.309,10.7293,55.1656,3.63551
-0.69283,518.099,12.3427,62.0675,4.02678
-0.296903,504.588,12.2102,61.2346,4.08004
-1.35932,521.513,12.1001,61.1284,3.93947
-1.68242,584.941,13.3984,67.8393,3.89817
-3.37574,522.735,11.1877,57.3236,3.69197
-3.92882,525.899,11.0066,56.6174,3.62813
-4.38974,521.619,10.7147,55.2977,3.57616
0.826508,522.019,13.2017,65.7018,4.23711
-3.27621,506.92,10.8929,55.7736,3.70363
1.7017,572.604,14.9835,74.1306,4.36598
-0.92799,544.237,12.8453,64.6997,3.99565
-0.990379,550.088,12.9513,65.2619,3.98745
1.79174,562.256,14.7643,73.0018,4.37957
-1.65805,535.356,12.2745,62.1384,3.90127
-0.669249,571.716,13.6327,68.5436,4.02992
0.52749,523.195,13.0774,65.2157,4.19442
1.06929,576.196,14.7107,73.0915,4.27227
0.762676,598.341,15.0941,75.1525,4.22794
-2.62415,560.571,12.3658,63.0247,3.78143
-0.0389165,543.538,13.2871,66.5174,4.11532
0.998008,550.412,14.0133,69.6603,4.2619
-0.744217,569.304,13.535,68.0874,4.01995
-4.35021,532.568,10.9572,56.5332,3.58058
-0.955283,543.059,12.8036,64.502,3.99206
-1.80184,545.406,12.4335,63.0062,3.88307
-1.85964,556.426,12.6555,64.1571,3.87579
-1.94633,585.423,13.2691,67.3082,3.86492
-3.43988,574.568,12.2653,62.8734,3.68448
-0.15519,570.449,13.8812,69.5473,4.09936
-0.0595818,551.149,13.4622,67.4036,4.11247
-0.62347,552.376,13.1954,66.3239,4.03603
1.14669,529.983,13.5718,67.3974,4.28357
-1.07107,542.936,12.7421,64.2435,3.97688
0.876824,522.088,13.2294,65.8174,4.24436
-1.74702,578.527,13.2174,66.9531,3.88999
-1.69696,505.018,11.561,58.5422,3.89633
-3.40432,583.765,12.4795,63.9553,3.68863
-2.54828,557.192,12.3287,62.8023,3.79064
-2.62016,544.642,12.0163,61.2419,3.78191
-0.43958,501.349,12.0637,60.5592,4.06072
-4.05001,591.939,12.328,63.4696,3.61436
-0.420155,516.412,12.4357,62.4182,4.06335
0.483771,539.846,13.4705,67.196,4.18823
-2.12961,591.961,13.3194,67.65,3.84207
-1.3383,590.102,13.7029,69.2157,3.94218
-4.97687,533.192,10.6935,55.4215,3.51155
-4.1244,566.754,11.768,60.6184,3.60594
-3.42454,519.236,11.091,56.8476,3.68627
1.82048,597.1,15.6968,77.5975,4.38393
-3.05867,518.037,11.2298,57.41,3.72932
1.41126,535.34,13.851,68.6616,4.32255
-0.194875,553.355,13.4442,67.3762,4.09393
1.45745,524.748,13.6014,67.4033,4.32941
1.8952,589.908,15.5528,76.847,4.39528
0.667012,560.41,14.0844,70.1708,4.21426
-1.05948,597.223,14.0226,70.6938,3.97839
-2.99303,530.976,11.5407,58.9723,3.73712
-3.42075,582.723,12.449,63.8064,3.68671
-4.04455,588.638,12.262,63.1273,3.61498
-3.25874,570.419,12.266,62.7965,3.70569
-3.41071,591.79,12.6478,64.8208,3.68788
1.26187,595.184,15.31,75.9707,4.30048
1.08693,512.553,13.0948,65.0553,4.27484
-2.37202,587.373,13.0886,66.5908,3.81217
-4.44699,527.199,10.8041,55.7821,3.56979
-1.85237,541.34,12.316,62.4327,3.87671
-1.05292,587.062,13.7876,69.506,3.97925
-3.16696,516.17,11.1406,56.9979,3.7165
-0.126864,530.096,12.9137,64.6872,4.10324
0.198461,518.37,12.7906,63.9285,4.14819
-0.0791639,551.928,13.4708,67.4558,4.10978
-0.480976,586.398,14.0872,70.737,4.05515
1.85139,568.823,14.9714,73.9961,4.38862
-1.08113,536.86,12.5945,63.5036,3.97556
-0.298425,555.953,13.4523,67.4646,4.07983
-3.74524,592.213,12.4869,64.1484,3.64913
1.36916,507.21,13.1017,64.9657,4.31632
0.611328,593.781,14.8906,74.2154,4.20632
-3.79649,535.688,11.2717,57.9265,3.64325
-4.58528,523.8,10.6742,55.1661,3.55445
-0.35943,530.028,12.7942,64.1909,4.07156
1.32166,598.757,15.4379,76.5741,4.30929
-1.35839,599.856,13.9183,70.3134,3.93959
0.976415,555.199,14.1233,70.2172,4.25877
-4.22335,542.544,11.2201,57.8372,3.59479
-2.3245,541.421,12.0876,61.4776,3.818
-1.73672,537.502,12.2852,62.2264,3.8913
-3.57383,531.706,11.2891,57.9242,3.66891
-4.41374,502.866,10.3194,53.2668,3.57349
0.874719,597.253,15.1328,75.288,4.24406
-1.73275,577.519,13.2019,66.8678,3.8918
-0.629785,521.075,12.4446,62.5527,4.03519
-1.84152,524.657,11.9416,60.5302,3.87807
-0.676627,509.28,12.1404,61.0434,4.02894
-1.10919,581.77,13.6329,68.7527,3.9719
-0.0392509,558.796,13.6599,68.384,4.11527
-0.99597,513.742,12.0929,60.9387,3.98671
1.72794,570.5,14.9437,73.9205,4.36993
0.985417,545.757,13.888,69.0431,4.26007
0.203358,544.846,13.4465,67.2044,4.14887
1.85023,570.061,15.0033,74.1543,4.38844
-3.75561,529.36,11.157,57.3203,3.64794
-4.59921,579.394,11.8005,60.9927,3.55291
-1.15209,575.132,13.4544,67.8728,3.96631
-1.71872,527.841,12.073,61.1441,3.89357
1.76982,585.023,15.3491,75.9044,4.37626
1.60484,554.134,14.4457,71.5163,4.35142
-4.26734,579.281,11.9585,61.6626,3.58986
-4.125,567.099,11.7748,60.654,3.60587
-3.52114,561.319,11.9432,61.2576,3.67502
-4.2374,505.585,10.4498,53.8719,3.59322
0.770577,535.862,13.5221,67.3222,4.22908
-3.9783,574.623,12.0023,61.7608,3.6225
-2.5406,550.166,12.177,62.0261,3.79158
-0.518946,509.458,12.2205,61.3797,4.05004
1.1436,527.041,13.4948,67.0166,4.28312
-0.349519,501.963,12.1215,60.8116,4.0729
-0.774135,559.144,13.2777,66.807,4.01598
1.97803,571.931,15.1273,74.7034,4.40792
1.37194,519.67,13.425,66.5675,4.31673
-2.84017,547.762,11.9789,61.1457,3.75539
0.563978,557.968,13.9666,69.6324,4.19959
-1.41798,539.782,12.4948,63.1481,3.93193
-0.144061,555.851,13.5319,67.792,4.10088
-2.14512,535.407,12.0394,61.1556,3.84015
-0.155597,558.385,13.5874,68.0756,4.0993
-0.404356,584.919,14.0942,70.7351,4.06548
0.277105,534.947,13.2405,66.1415,4.15917
-3.41705,548.785,11.7257,60.0977,3.68714
-0.50678,569.91,13.6772,68.6903,4.05168
-2.69435,570.95,12.5593,64.0427,3.77294
-2.72064,522.182,11.4745,58.5215,3.76977
1.34135,550.432,14.2028,70.4386,4.3122
-4.30318,526.225,10.8474,55.9479,3.58584
1.06355,587.244,14.9894,74.4791,4.27143
1.51109,572.579,14.8722,73.6743,4.3374
-1.24208,575.057,13.4047,67.6641,3.95462
0.845831,561.047,14.1994,70.6581,4.2399
-0.0170251,509.314,12.4612,62.3735,4.11833
-2.3204,549.255,12.2646,62.3756,3.81851
-4.56429,514.594,10.4956,54.2347,3.55677
-0.987278,530.643,12.495,62.9613,3.98785
1.67385,595.901,15.5763,77.0776,4.36178
-2.91531,597.22,13.0211,66.5007,3.74639
-2.32245,543.618,12.1377,61.7313,3.81825
-4.43291,556.306,11.4072,58.8897,3.57135
1.93029,501.072,13.2286,65.348,4.40063
-4.50472,512.479,10.4778,54.1197,3.56337
-2.5268,533.48,11.8142,60.1724,3.79326
-4.30573,546.868,11.2718,58.1377,3.58555
-3.31876,526.876,11.3023,57.8873,3.69864
-3.20535,559.918,12.0661,61.7498,3.71197
0.433322,581.035,14.4696,72.2048,4.18111
1.28289,510.692,13.1474,65.2301,4.30357
-3.12329,556.007,12.0215,61.4859,3.72166
-4.52539,565.854,11.5594,59.715,3.56108
-4.21538,551.411,11.4072,58.7981,3.59569
-4.8402,521.788,10.5233,54.4859,3.52644
-2.88661,519.952,11.3495,57.952,3.74983
0.27263,537.578,13.3033,66.4572,4.15854
0.582007,548.489,13.739,68.4894,4.20215
1.53092,577.267,15.0056,74.325,4.34036
0.0344764,524.923,12.8691,64.3928,4.12544
-2.92813,537.587,11.7149,59.8351,3.74486
-0.597405,514.893,12.3126,61.8759,4.03952
-2.76182,572.407,12.5573,64.0628,3.7648
-3.72044,536.358,11.3206,58.1462,3.65199
0.0492413,593.556,14.5602,72.847,4.12748
-3.14525,550.8,11.8984,60.8657,3.71907
-2.47534,557.253,12.3662,62.9608,3.79953
-1.92148,506.09,11.4823,58.2346,3.86803
-2.49235,536.499,11.8975,60.5819,3.79745
0.111621,585.751,14.404,72.035,4.13612
-1.54609,536.823,12.3631,62.5384,3.91552
-2.84733,538.654,11.7763,60.1147,3.75453
-4.94138,571.452,11.4774,59.4693,3.51541
-4.46006,508.709,10.4197,53.8021,3.56833
0.362357,572.212,14.2103,70.945,4.17112
1.80065,581.725,15.2808,75.5512,4.38092
0.551986,500.983,12.5343,62.4966,4.19789
-4.63319,560.484,11.3995,58.9348,3.54916
1.90329,577.09,15.2196,75.1967,4.39651
-1.05462,593.063,13.9276,70.2127,3.97903
-0.716222,589.663,14.0345,70.5868,4.02367
-3.74699,583.745,12.3075,63.2274,3.64893
-0.761777,512.199,12.1689,61.2226,4.01761
0.901418,523.761,13.2846,66.0808,4.24791
-3.8803,546.856,11.4677,58.969,3.63366
-0.0484513,556.089,13.5888,68.0324,4.114
0.835882,591.688,14.9691,74.493,4.23846
-0.793523,548.678,13.0192,65.515,4.0134
-1.48976,562.126,12.9749,65.6074,3.92272
0.33261,581.233,14.4175,71.9939,4.16694
-1.10198,562.476,13.1845,66.4883,3.97284
0.272754,597.941,14.7971,73.9197,4.15856
0.0990507,599.84,14.7432,73.7375,4.13437
1.48236,533.301,13.8365,68.557,4.33312
-2.04453,538.361,12.1546,61.6974,3.85265
-2.60276,531.121,11.7262,59.756,3.78403
-1.19373,563.015,13.1492,66.3523,3.9609
-4.53288,560.27,11.4418,59.1108,3.56025
-2.98016,559.213,12.1607,62.1348,3.73866
-0.984392,504.601,11.8832,59.877,3.98823
0.0209585,501.223,12.2816,61.4586,4.12357
-3.80143,587.881,12.3674,63.5599,3.64269
-0.452673,517.794,12.453,62.519,4.05896
-2.89978,543.392,11.8549,60.5382,3.74825
0.759412,551.841,13.9193,69.3047,4.22747
-0.0201763,593.694,14.5239,72.6998,4.1179
-3.28543,506.128,10.8718,55.6694,3.70255
-0.388154,553.913,13.3556,67.0208,4.06767
-2.44816,521.385,11.5828,58.9612,3.80285
-4.74304,589.194,11.9299,61.7257,3.53707
0.666562,520.208,13.0738,65.1361,4.21419
0.0433918,520.994,12.7773,63.9294,4.12667
0.250345,554.548,13.7112,68.5055,4.15543
-1.52514,587.03,13.5307,68.4344,3.9182
-0.0384216,580.025,14.1793,70.9838,4.11538
-1.97781,501.801,11.3594,57.6341,3.86098
-1.15847,561.314,13.1278,66.2282,3.96548
-2.41451,580.966,12.9238,65.772,3.80696
-1.60103,598.489,13.7532,69.5965,3.90851
-3.61763,549.064,11.637,59.728,3.66384
-2.03679,545.081,12.3101,62.4835,3.85362
-0.8641,507.891,12.0178,60.505,4.00407
-0.918462,595.691,14.065,70.8386,3.9969
-1.62182,593.668,13.6311,68.9888,3.90587
-1.86261,597.431,13.5866,68.8785,3.87542
-3.40088,542.868,11.6069,59.4817,3.68903
-2.90307,506.766,11.0544,56.4516,3.74786
0.553226,597.337,14.9457,74.5195,4.19807
-2.05358,511.552,11.5452,58.6075,3.85153
0.537578,502.985,12.5772,62.717,4.19585
0.567295,503.43,12.603,62.8329,4.20006
-1.23031,588.688,13.7288,69.2947,3.95615
-3.15836,575.226,12.4195,63.5372,3.71752
0.581204,506.042,12.6753,63.1874,4.20204
-1.20877,555.119,12.957,65.3894,3.95894
-0.0605417,577.649,14.1089,70.6422,4.11234
0.717409,543.904,13.6966,68.2152,4.22146
0.224846,576.693,14.2445,71.1823,4.15187
-4.76742,581.592,11.7643,60.8794,3.5344
-0.695808,595.401,14.1826,71.3213,4.02638
-2.12709,526.091,11.8385,60.1273,3.84239
-0.351162,504.963,12.1931,61.1718,4.07268
1.10664,509.716,13.0324,64.7365,4.27772
-3.59103,526.678,11.1746,57.3436,3.66692
-0.299207,583.127,14.1094,70.7603,4.07972
-1.70373,501.58,11.4792,58.1307,3.89547
-1.96835,520.573,11.7888,59.8088,3.86216
-3.46008,515.739,11.0005,56.3979,3.68212
-0.325163,594.566,14.3715,72.0875,4.0762
0.708088,559.444,14.0827,70.143,4.22013
-1.53679,533.593,12.2933,62.1811,3.91671
-1.83913,519.348,11.8219,59.9224,3.87838
0.664828,506.053,12.7172,63.36,4.21395
-1.98351,576.151,13.0395,66.1611,3.86027
-4.19291,591.416,12.2459,63.1113,3.59822
0.23093,550.993,13.613,68.0235,4.15272
-0.243467,532.383,12.91,64.7202,4.08731
-4.78544,507.34,10.2548,53.0748,3.53243
0.0332562,511.513,12.5397,62.7453,4.12527
-4.26983,577.619,11.923,61.4806,3.58958
-4.80706,537.159,10.848,56.1535,3.53006
1.00733,514.397,13.1012,65.1219,4.26326
-2.89746,534.911,11.671,59.5979,3.74853
-2.14036,528.159,11.8787,60.3372,3.84074
-3.96835,574.474,12.004,61.7653,3.62363
-1.15815,536.093,12.5381,63.2532,3.96552
-3.77731,504.294,10.6194,54.5666,3.64545
1.56074,514.162,13.3807,66.2634,4.34482
-2.98086,538.15,11.7023,59.7932,3.73857
-3.00547,534.13,11.6034,59.2981,3.73564
-1.89161,572.077,12.9949,65.8924,3.87178
1.78586,510.813,13.4104,66.31,4.37869
1.64428,583.467,15.2337,75.3976,4.35734
-0.901642,520.142,12.2894,61.8885,3.99912
-1.6569,531.808,12.1937,61.729,3.90141
1.69477,512.946,13.4188,66.3923,4.36493
-3.17382,568.44,12.2654,62.7554,3.71569
-4.24864,592.138,12.2332,63.0707,3.59195
-0.869407,543.762,12.8638,64.7671,4.00337
-0.645933,532.053,12.6986,63.8368,4.03303
-0.215278,548.681,13.32,66.7627,4.09115
1.72028,596.222,15.6128,77.2343,4.36878
-0.987157,593.539,13.9761,70.4242,3.98787
-2.00178,523.336,11.8356,60.0601,3.85799
-2.13284,526.238,11.8391,60.1328,3.84167
1.67716,528.386,13.8133,68.3521,4.36228
1.25885,598.973,15.4057,76.4468,4.30003
-3.77686,509.665,10.7327,55.1486,3.6455
-4.95906,571.324,11.4666,59.4206,3.51348
-3.70959,598.914,12.6465,64.9514,3.65323
-3.31251,554.727,11.9028,60.9599,3.69937
-1.50457,551.577,12.7239,64.3448,3.92083
1.64785,570.683,14.902,73.7541,4.35788
1.9825,510.082,13.4938,66.6346,4.4086
-2.21471,545.438,12.2309,62.1586,3.83154
-2.28423,508.879,11.3794,57.8594,3.82296
1.86911,503.578,13.2632,65.5459,4.39131
-0.256807,557.977,13.5235,67.8021,4.08549
-1.69974,512.173,11.7235,59.3661,3.89598
1.60628,574.19,14.9694,74.1082,4.35164
-1.184,507.86,11.8656,59.8712,3.96216
-2.91026,575.637,12.5531,64.1082,3.747
-2.64191,541.149,11.9289,60.8053,3.77928
-2.19963,582.603,13.0722,66.427,3.8334
-0.456931,540.691,13.0015,65.2745,4.05838
-2.24133,525.144,11.7633,59.7933,3.82825
-1.70308,566.52,12.9658,65.6584,3.89555
-2.57567,583.991,12.9075,65.7632,3.78731
1.37473,553.453,14.2993,70.9013,4.31714
-3.89537,554.928,11.6299,59.8093,3.63194
-3.10431,564.528,12.2151,62.4675,3.72391
-4.71024,541.495,10.9788,56.7911,3.54068
-1.46822,547.781,12.6546,63.9783,3.92548
-2.63098,586.173,12.927,65.8882,3.7806
-0.122786,501.522,12.2195,61.2084,4.1038
1.78902,542.757,14.2508,70.4639,4.37916
1.49846,529.53,13.7473,68.1074,4.33552
-4.24681,538.347,11.1227,57.3448,3.59216
-4.41769,516.237,10.5921,54.6758,3.57305
-0.476178,500.499,12.0259,60.3845,4.05579
0.148179,588.155,14.4839,72.4165,4.14119
-3.14944,597.683,12.909,66.0373,3.71857
0.269366,538.575,13.3262,66.5733,4.15808
1.92722,503.205,13.2834,65.6197,4.40016
-2.60023,582.632,12.8648,65.5569,3.78433
-1.87087,552.002,12.5493,63.6236,3.87438
-0.55729,504.382,12.0804,60.6922,4.04489
1.1359,536.212,13.7255,68.1658,4.28199
-4.30847,527.095,10.863,56.0305,3.58525
-0.996426,583.734,13.7402,69.2399,3.98665
-3.0008,533.429,11.5904,59.2294,3.7362
-3.34664,558.122,11.9591,61.2635,3.69537
-4.09799,508.145,10.5623,54.3977,3.60893
1.76673,587.8,15.4201,76.257,4.37579
-3.3849,596.438,12.7605,65.3861,3.6909
1.16135,588.6,15.0815,74.8872,4.28572
-1.60627,504.241,11.585,58.6266,3.90785
-0.860867,590.09,13.9646,70.3049,4.0045
-2.30666,564.278,12.6069,64.1108,3.8202
-2.75014,581.432,12.7613,65.0981,3.76621
-0.267045,540.448,13.0933,65.6502,4.0841
-2.70166,583.868,12.8397,65.4758,3.77206
-4.17182,550.738,11.4134,58.8119,3.60059
0.401106,587.565,14.6138,72.94,4.17657
-0.6085,569.178,13.6048,68.3747,4.03804
-0.848805,539.636,12.7767,64.319,4.00609
0.970003,549.717,13.9803,69.5095,4.25784
-0.0662713,570.924,13.9415,69.8068,4.11155
1.57162,596.387,15.5271,76.8873,4.34645
0.761798,523.194,13.198,65.7121,4.22782
-4.65862,575.418,11.6911,60.4535,3.54636
-0.469408,548.347,13.1791,66.1718,4.0567
-3.25588,577.263,12.4146,63.556,3.70602
1.44039,559.094,14.4821,71.7756,4.32688
1.7359,541.004,14.1755,70.1166,4.37113
-0.912101,551.436,13.0233,65.5895,3.99774
-1.7632,514.125,11.7385,59.4682,3.88795
-2.55256,585.137,12.9448,65.9426,3.79012
-0.299882,545.992,13.2105,66.2527,4.07963
-2.28887,519.847,11.6225,59.0974,3.82239
1.74157,545.651,14.3004,70.7318,4.37199
1.28015,575.684,14.819,73.525,4.30317
-3.48018,583.647,12.4389,63.7812,3.67979
-3.30766,554.023,11.89,60.8924,3.69994
-2.77239,522.515,11.458,58.4585,3.76353
-2.9674,587.317,12.7784,65.2852,3.74018
1.98565,556.894,14.734,72.7571,4.40908
0.955461,510.711,12.981,64.547,4.25573
-1.019,574.345,13.5071,68.0759,3.98369
1.63332,520.033,13.5718,67.1768,4.35569
-4.34739,597.17,12.2877,63.3967,3.58089
1.52263,536.199,13.9335,69.0189,4.33913
-2.38394,572.338,12.7475,64.8607,3.81071
-1.83605,542.904,12.3596,62.6466,3.87876
0.872078,591.16,14.9769,74.5136,4.24368
0.864962,527.995,13.3729,66.5366,4.24265
-4.05468,506.061,10.5375,54.2531,3.61383
-3.03381,553.395,12.0082,61.379,3.73227
-0.421757,564.086,13.5829,68.177,4.06313
-0.886333,525.819,12.431,62.5953,4.00113
-2.25485,527.286,11.8049,60.0105,3.82658
-4.00451,530.592,11.0708,56.9784,3.61952
0.0890634,591.717,14.5378,72.7153,4.13299
1.89601,555.281,14.6403,72.338,4.3954
1.09934,572.376,14.6303,72.6774,4.27665
-0.408936,595.308,14.342,71.9807,4.06486
1.64294,553.987,14.4633,71.585,4.35714
1.5846,567.036,14.7704,73.1338,4.34839
-1.23562,585.399,13.6492,68.8956,3.95546
-2.95016,521.191,11.3476,57.9679,3.74223
1.23826,583.631,14.9991,74.4393,4.297
-1.91626,592.705,13.4502,68.2129,3.86869
-3.55786,599.382,12.7342,65.3316,3.67076
-2.47252,586.474,13.0161,66.2684,3.79987
1.82962,530.488,13.9506,68.9609,4.38531
1.71518,542.427,14.2013,70.2542,4.36801
-0.680796,571.082,13.6113,68.4417,4.02838
1.4125,513.337,13.2824,65.8423,4.32274
-3.32268,547.935,11.7522,60.1931,3.69818
-1.09887,559.078,13.1065,66.0933,3.97325
-3.44888,502.366,10.7201,54.9561,3.68343
-1.84098,543.48,12.3703,62.703,3.87814
-3.7391,521.189,10.9921,56.4666,3.64984
-1.21862,511.07,11.9242,60.1813,3.95767
-1.18888,500.855,11.6997,59.0359,3.96153
-0.933814,576.603,13.606,68.5344,3.99488
1.8203,557.399,14.653,72.4376,4.3839
1.64368,548.085,14.3096,70.824,4.35725
-0.0216638,581.688,14.2293,71.2262,4.11769
-4.5482,508.578,10.3797,53.6296,3.55855
-3.39627,574.674,12.2892,62.9762,3.68957
-0.0993589,555.732,13.5529,67.8761,4.10701
-2.24847,519.47,11.6329,59.1333,3.82737
1.54892,549.041,14.2819,70.7318,4.34305
0.0851579,517.24,12.7061,63.5549,4.13245
-4.48675,574.712,11.7588,60.7283,3.56537
-2.22604,514.536,11.5327,58.615,3.83014
-4.62359,549.538,11.1813,57.8025,3.55022
-3.60455,557.472,11.8215,60.6691,3.66536
1.24557,504.146,12.96,64.3165,4.29808
-3.10517,541.026,11.7062,59.8652,3.72381
-4.98881,564.697,11.3198,58.6727,3.51025
-4.64419,574.573,11.6808,60.394,3.54795
1.604,572.954,14.9358,73.9432,4.3513
-2.49861,533.656,11.8315,60.2483,3.79669
-0.30798,515.361,12.4654,62.5194,4.07853
-4.11895,571.92,11.8778,61.182,3.60656
1.42009,539.711,13.9689,69.242,4.32386
1.73757,533.286,13.9741,69.12,4.37139
0.700946,584.795,14.7168,73.3046,4.2191
-1.37966,580.14,13.4494,67.9549,3.93685
0.917904,511.469,12.9812,64.5643,4.2503
0.455937,547.588,13.6488,68.0982,4.1843
-2.09512,504.966,11.3776,57.7738,3.84636
-1.4332,500.914,11.5881,58.5717,3.92997
0.220016,500.006,12.348,61.7069,4.15119
-4.74899,584.414,11.8303,61.2126,3.53642
0.996941,571.607,14.5523,72.3402,4.26175
-3.70249,550.81,11.634,59.7487,3.65405
-3.81677,543.007,11.4163,58.6783,3.64093
1.9697,552.82,14.6171,72.1878,4.40664
-0.289189,521.612,12.626,63.3164,4.08109
-0.776677,591.592,14.0468,70.6781,4.01564
-4.1468,509.806,10.5759,54.4865,3.60341
1.85174,586.097,15.4262,76.2441,4.38867
-2.15098,519.882,11.6876,59.3709,3.83942
-0.820748,507.082,12.0192,60.4943,4.0098
0.941613,525.705,13.3548,66.4123,4.25373
-0.409619,559.449,13.4777,67.6434,4.06477
-1.44989,502.042,11.6064,58.6715,3.92783
0.309872,531.032,13.1605,65.7272,4.16375
-2.00506,534.052,12.0764,61.2833,3.85758
-3.82607,579.709,12.1834,62.6249,3.63986
1.31712,596.646,15.3807,76.293,4.30862
-0.578626,516.575,12.362,62.1161,4.04203
1.12805,557.863,14.2753,70.9003,4.28085
1.32427,546.673,14.0964,69.919,4.30968
-0.109271,580.546,14.1525,70.8841,4.10565
1.4777,591.167,15.3351,75.9843,4.33243
-4.74603,507.623,10.277,53.1747,3.53675
-4.24769,515.167,10.6434,54.8739,3.59206
1.40222,558.654,14.4492,71.631,4.32121
-4.40959,567.048,11.6385,60.0737,3.57395
-3.78884,500.374,10.5319,54.1216,3.64413
-0.605712,536.036,12.814,64.3993,4.03841
-2.78782,543.673,11.9145,60.7945,3.76168
-4.96886,512.247,10.2768,53.2588,3.51242
-3.97366,548.151,11.4515,58.9247,3.62302
-0.645125,507.654,12.1167,60.9111,4.03314
1.81129,521.149,13.6953,67.7071,4.38254
0.948972,525.616,13.3564,66.4168,4.25479
-2.05784,561.006,12.6591,64.2643,3.851
-1.11048,526.441,12.3357,62.2114,3.97173
1.99135,574.334,15.1987,75.0493,4.40995
1.50738,581.257,15.0954,74.7819,4.33685
0.448486,506.114,12.6114,62.9254,4.18325
-0.822362,570.91,13.5313,68.1054,4.00959
-1.87832,528.275,12.0063,60.8738,3.87345
-4.47438,518.252,10.6089,54.7851,3.56674
-1.51376,589.345,13.5902,68.7299,3.91965
1.26578,599.235,15.4166,76.4973,4.30105
1.83849,534.735,14.0671,69.5329,4.38666
-3.2638,582.29,12.5188,64.0926,3.70509
-0.619193,591.358,14.129,71.0144,4.03661
1.61531,580.508,15.1394,74.9454,4.35299
1.63168,576.491,15.0442,74.4659,4.35545
-0.633372,566.785,13.5343,68.032,4.03471
-3.94653,527.942,11.0414,56.8037,3.62611
-3.97607,597.344,12.4779,64.2076,3.62275
-3.05304,577.479,12.5211,64.0095,3.72999
-2.00768,516.375,11.6754,59.2496,3.85725
-2.72771,565.848,12.4305,63.4004,3.76891
0.279951,574.607,14.2237,71.0517,4.15956
-1.80527,576.496,13.1404,66.5903,3.88264
-1.73579,523.846,11.9735,60.6472,3.89141
1.07723,584.263,14.9213,74.1338,4.27343
-3.42648,592.427,12.6534,64.8566,3.68604
-0.0816576,578.603,14.1205,70.7103,4.10944
-3.88495,537.149,11.262,57.9133,3.63313
-0.024055,517.803,12.6654,63.3987,4.11736
-3.66075,584.79,12.3726,63.523,3.65886
-4.29271,502.23,10.3572,53.4154,3.58701
-0.410904,597.179,14.3859,72.2023,4.06459
-2.38539,590.23,13.1453,66.8852,3.81053
1.37036,535.956,13.8449,68.6502,4.31649
-3.84062,549.09,11.5331,59.2884,3.6382
1.20948,505.28,12.9709,64.3862,4.29278
-1.1809,544.785,12.7299,64.2308,3.96256
1.46829,552.253,14.3204,70.9611,4.33103
-3.65913,515.698,10.9115,56.0209,3.65905
0.505427,578.165,14.4389,72.0161,4.19129
-0.806352,571.858,13.5623,68.2542,4.01171
-4.948,596.337,11.974,62.0452,3.51469
-4.51623,562.06,11.4861,59.3328,3.5621
1.41906,584.082,15.1168,74.9321,4.32371
-4.64676,586.606,11.9242,61.6535,3.54766
1.20378,594.84,15.2666,75.7846,4.29194
1.42195,562.02,14.5474,72.1085,4.32414
-0.503102,528.55,12.6864,63.7128,4.05217
-1.23736,590.221,13.7607,69.4591,3.95524
-0.631046,509.292,12.1625,61.1356,4.03502
-0.743244,525.852,12.5024,62.8927,4.02008
0.068982,504.107,12.3756,61.9087,4.13021
-2.20511,524.183,11.7588,59.7553,3.83272
-3.17744,547.703,11.8162,60.4588,3.71526
-1.18986,594.471,13.886,70.0683,3.9614
-4.28243,560.532,11.5643,59.6368,3.58816
-4.34277,503.891,10.3703,53.5024,3.58141
-0.613124,579.227,13.8425,69.5714,4.03742
-2.94622,550.687,11.9917,61.2565,3.7427
1.88496,564.173,14.8683,73.4703,4.39372
-2.34925,517.189,11.5352,58.6782,3.81496
0.589394,554.553,13.8949,69.2631,4.2032
-1.6172,580.561,13.3326,67.4758,3.90646
1.63007,590.169,15.4002,76.2289,4.3552
-2.69955,576.228,12.6728,64.6235,3.77231
0.0705754,588.141,14.4395,72.2326,4.13043
0.829675,551.273,13.9432,69.3908,4.23757
-0.294095,534.37,12.9323,64.8547,4.08042
-4.67948,571.441,11.6005,59.9937,3.54406
-1.29235,541.349,12.5938,63.593,3.94812
-3.95767,536.426,11.2138,57.6951,3.62484
-2.55202,596.004,13.1855,67.1686,3.79019
-2.63755,580.032,12.7882,65.1838,3.77981
-1.27884,523.084,12.1754,61.4746,3.94986
-4.80939,566.795,11.4454,59.2469,3.5298
-1.39105,526.072,12.1905,61.5986,3.93539
0.179273,550.937,13.584,67.9026,4.14552
1.07178,547.44,13.9779,69.4493,4.27263
-3.64952,580.098,12.2789,63.0369,3.66016
1.33103,533.727,13.7662,68.2781,4.31068
-2.31599,508.402,11.3543,57.7446,3.81905
-4.99032,595.566,11.9379,61.8769,3.51009
-4.842,526.284,10.6132,54.9521,3.52624
-3.60269,529.161,11.222,57.5916,3.66557
-2.99977,569.197,12.3681,63.2031,3.73632
-1.00643,516.874,12.1616,61.2893,3.98534
-1.08907,591.998,13.8836,70.0075,3.97453
0.674992,594.766,14.9525,74.4918,4.2154
1.83095,547.937,14.4102,71.2323,4.38552
-0.172346,534.189,12.9901,65.0902,4.09701
-3.9837,596.516,12.4568,64.1023,3.62188
-0.875739,587.046,13.8843,69.9082,4.00253
-0.557468,509.404,12.2006,61.2961,4.04487
-4.52406,591.087,12.0755,62.3807,3.56123
-2.17518,594.973,13.3628,67.8922,3.83643
1.69655,591.746,15.4813,76.5961,4.3652
-1.27172,543.874,12.6629,63.9328,3.95079
-3.37193,556.567,11.9137,61.0414,3.69241
0.238442,530.608,13.1132,65.5228,4.15376
-4.26533,590.675,12.1947,62.8797,3.59008
0.804433,508.619,12.8517,63.9696,4.23394
-2.48322,507.159,11.251,57.286,3.79857
-0.615526,564.677,13.4935,67.8184,4.0371
1.26404,572.278,14.7221,73.052,4.3008
0.782044,580.722,14.6607,72.9852,4.23072
-0.72846,500.091,11.8969,59.8405,4.02204
-4.20717,512.752,10.611,54.6908,3.59661
1.56421,534.901,13.9223,68.9439,4.34534
-4.17619,562.1,11.6468,60.0165,3.6001
-2.43183,583.514,12.9715,66.0228,3.80484
0.319189,503.097,12.4728,62.2885,4.16506
-2.01954,504.341,11.3979,57.8462,3.85577
-0.741439,557.389,13.2532,66.6685,4.02032
-4.83779,586.216,11.8239,61.2185,3.5267
-2.20486,541.893,12.1562,61.7747,3.83275
-0.827274,577.845,13.693,68.9216,4.00894
-2.50509,581.281,12.884,65.611,3.7959
-0.725949,522.57,12.4329,62.5355,4.02237
-0.71379,596.173,14.1909,71.3718,4.02399
-0.850453,580.854,13.7517,69.2281,4.00587
-4.89982,580.129,11.6715,60.4567,3.51993
-0.682219,546.545,13.0258,65.498,4.02819
-4.87497,504.182,10.1538,52.586,3.52264
-3.61103,574.734,12.1843,62.5342,3.66461
-2.68526,588.444,12.9489,66.0249,3.77404
-4.37073,532.724,10.9513,56.5109,3.57829
-4.99461,502.689,10.0744,52.2198,3.50962
-2.7247,528.716,11.6161,59.2457,3.76928
-0.338743,544.186,13.1467,65.9501,4.07436
-0.192546,566.982,13.7766,69.0406,4.09425
-1.26586,553.63,12.893,65.0921,3.95154
0.833864,552.773,13.9834,69.589,4.23817
-1.42862,555.663,12.857,64.9833,3.93056
-3.16233,574.149,12.3943,63.4099,3.71705
-1.68709,526.707,12.0623,61.0762,3.89758
-4.08951,502.846,10.4558,53.8457,3.60989
-2.74474,571.956,12.556,64.0485,3.76686
-4.80452,514.628,10.394,53.8027,3.53034
-0.682629,585.387,13.9513,70.1519,4.02814
1.0543,540.71,13.7966,68.5569,4.27009
-3.60138,594.934,12.6175,64.7528,3.66572
-2.67865,565.096,12.4384,63.419,3.77484
1.33678,586.907,15.1413,75.0952,4.31152
-3.62206,580.192,12.2946,63.1048,3.66333
-4.86703,561.037,11.3025,58.5315,3.52351
0.105944,550.102,13.5243,67.6384,4.13533
-1.89487,592.648,13.4604,68.2544,3.87137
-1.29057,532.968,12.3997,62.6121,3.94835
0.829186,538.424,13.618,67.7724,4.2375
-0.13215,555.338,13.5258,67.7557,4.10251
-2.61673,508.457,11.2196,57.1797,3.78233
1.86741,568.177,14.9637,73.9501,4.39105
1.22822,514.209,13.2098,65.5636,4.29553
1.72525,590.081,15.455,76.451,4.36953
-4.45388,556.576,11.403,58.8768,3.56902
-1.4047,518.226,12.0021,60.6527,3.93363
-0.600145,554.992,13.2701,66.6887,4.03915
-2.71459,515.639,11.3334,57.7998,3.7705
0.00409359,510.916,12.5107,62.6127,4.12124
-4.0881,586.673,12.1995,62.8251,3.61005
-2.31925,524.018,11.7016,59.5118,3.81865
-2.40275,505.196,11.2436,57.2162,3.8084
-4.82905,586.639,11.8366,61.2806,3.52765
-4.16327,515.947,10.6961,55.1125,3.60156
-4.97635,548.069,10.9921,56.9689,3.51161
-2.18936,505.927,11.3564,57.7041,3.83467
-2.9518,529.867,11.5357,58.9296,3.74204
-3.51375,582.538,12.3984,63.589,3.67588
-3.28652,558.978,12.0066,61.4802,3.70242
-2.64711,562.706,12.4015,63.2167,3.77865
-0.948564,511.58,12.0646,60.7764,3.99294
-0.518382,598.037,14.3456,72.053,4.05012
-1.03889,518.716,12.1892,61.4423,3.98109
-4.45886,529.322,10.8424,55.9845,3.56847
-1.56212,514.78,11.8479,59.9389,3.91347
0.923073,548.98,13.936,69.3111,4.25104
-2.0037,540.86,12.231,62.0672,3.85775
-2.45705,561.136,12.4615,63.4379,3.80176
-0.283775,590.873,14.3055,71.7364,4.08182
0.587196,593.499,14.8694,74.1222,4.20289
1.35644,574.459,14.8315,73.549,4.31443
-0.0670442,574.028,14.0169,70.1846,4.11145
1.16784,546.707,14.0116,69.5717,4.28667
-3.50455,564.733,12.0239,61.6643,3.67695
-3.77215,558.047,11.7537,60.3933,3.64604
1.26883,508.771,13.0908,64.9553,4.3015
1.49104,502.708,13.0472,64.6421,4.33441
-2.15186,529.653,11.9068,60.4849,3.83931
0.427089,511.399,12.7324,63.5383,4.18023
-4.64512,550.488,11.1908,57.8606,3.54785
0.920033,592.382,15.036,74.7834,4.2506
-1.15702,582.134,13.6155,68.688,3.96567
-3.41963,578.322,12.3555,63.3268,3.68684
-1.65359,588.919,13.505,68.3655,3.90183
0.799108,536.018,13.5412,67.404,4.23317
-0.942673,563.113,13.283,66.9115,3.99371
-1.73453,571.36,13.0602,66.1508,3.89157
0.797163,581.749,14.6953,73.15,4.23289
-1.29653,560.929,13.0471,65.8839,3.94758
0.56594,553.074,13.8451,69.026,4.19987
-1.56789,529.955,12.1944,61.694,3.91274
-2.78279,531.051,11.6403,59.393,3.76228
-4.2066,591.979,12.2508,63.1425,3.59668
1.20191,574.787,14.7508,73.2253,4.29166
-2.56554,526.206,11.6351,59.2759,3.78854
0.372938,593.027,14.7334,73.5509,4.1726
-3.29209,562.041,12.0696,61.8056,3.70177
-4.46165,583.006,11.9407,61.6566,3.56816
-3.28047,584.137,12.55,64.2602,3.70313
1.80025,501.475,13.1726,65.128,4.38086
-2.47869,519.996,11.5378,58.7448,3.79912
0.436309,552.366,13.7573,68.6487,4.18153
-2.65209,576.051,12.693,64.7053,3.77805
-2.28098,569.829,12.7441,64.7964,3.82336
-3.77268,563.781,11.8743,61.0128,3.64598
0.793154,517.182,13.0623,65.0228,4.23232
-4.49705,503.026,10.2878,53.1351,3.56423
0.178015,548.611,13.526,67.6132,4.14534
-0.297441,506.838,12.2644,61.5065,4.07996
-3.89664,592.166,12.4097,63.8201,3.6318
-4.89685,585.609,11.7832,61.0339,3.52025
-4.57744,571.558,11.6512,60.2117,3.55532
-3.76479,524.273,11.0457,56.7521,3.64689
-2.63955,548.197,12.0854,61.6022,3.77957
0.902126,588.211,14.9197,74.214,4.24802
-3.66589,599.663,12.6847,65.1275,3.65827
-1.02816,542.609,12.7561,64.295,3.98249
-3.92644,501.644,10.5,54.0105,3.6284
-1.84676,515.764,11.7367,59.4939,3.87741
-4.04261,586.012,12.2083,62.8497,3.6152
-1.61942,572.238,13.1403,66.5036,3.90617
-2.34871,563.857,12.5763,63.974,3.81503
-1.0394,598.451,14.0626,70.8858,3.98102
-0.771175,517.402,12.2879,61.8256,4.01637
-3.62483,567.127,12.0164,61.6782,3.66301
-0.922291,563.341,13.2991,66.9832,3.9964
-1.37923,545.003,12.6351,63.84,3.93691
-2.75515,527.277,11.5704,59.025,3.76561
-2.92196,568.228,12.3857,63.2585,3.7456
-4.23061,510.582,10.556,54.4167,3.59398
-4.30606,580.702,11.969,61.7339,3.58552
-1.41614,578.741,13.3976,67.7099,3.93216
-3.51985,543.851,11.5722,59.3539,3.67517
-0.371707,554.39,13.3758,67.1146,4.06989
-2.15547,561.834,12.6285,64.1523,3.83887
-4.37944,599.218,12.3138,63.5459,3.57731
-0.044533,536.06,13.1014,65.5904,4.11454
0.575179,523.292,13.1043,65.3286,4.20118
0.518808,556.453,13.904,69.3418,4.19319
0.672369,559.57,14.0662,70.0777,4.21502
-0.413371,508.762,12.2548,61.5072,4.06426
0.155393,519.507,12.797,63.9792,4.14219
-1.47692,521.278,12.0382,60.8655,3.92437
-2.50896,519.374,11.5101,58.6159,3.79543
-3.87465,592.071,12.4187,63.8567,3.63431
-1.1187,521.671,12.2199,61.631,3.97066
-2.05403,530.515,11.9729,60.7791,3.85147
-1.63009,551.339,12.6551,64.0524,3.90482
0.0223571,504.672,12.3667,61.8842,4.12376
-1.98535,541.666,12.2582,62.1973,3.86004
0.702653,522.621,13.153,65.5146,4.21935
-2.15436,512.139,11.512,58.4802,3.839
-3.62136,518.892,10.9959,56.4389,3.66341
-1.32105,580.864,13.4976,68.1707,3.94441
-0.8572,565.964,13.3956,67.4385,4.00498
0.167202,586.123,14.4447,72.2109,4.14384
1.94743,555.82,14.6838,72.5278,4.40324
-3.58506,520.897,11.0546,56.7255,3.66761
-1.33058,566.199,13.1519,66.4288,3.94318
1.60012,543.737,14.1721,70.1639,4.35071
-2.57823,598.543,13.2278,67.3963,3.787
-3.15728,546.88,11.808,60.4084,3.71764
-2.15763,568.808,12.7841,64.944,3.8386
-4.89765,578.085,11.6314,60.248,3.52017
-4.81102,587.97,11.8722,61.4569,3.52963
-2.41621,545.494,12.1339,61.7527,3.80675
-0.431515,581.825,14.0046,70.2986,4.06181
-1.35126,541.238,12.5618,63.4572,3.94051
-1.96079,574.962,13.0244,66.074,3.86311
-2.67686,524.318,11.5417,58.8461,3.77505
0.348086,559.059,13.8759,69.282,4.16911
-2.49583,543.201,12.0444,61.3315,3.79703
-1.86984,575.658,13.0876,66.3523,3.87451
-0.513796,529.029,12.6925,63.7484,4.05073
-4.82991,519.091,10.4733,54.223,3.52756
-4.36496,518.3,10.6572,54.9914,3.57893
-3.11671,562.264,12.16,62.1914,3.72244
-3.06599,526.632,11.4127,58.3484,3.72845
-1.57189,534.456,12.296,62.2098,3.91223
-3.36505,511.425,10.9504,56.1033,3.69322
-3.5772,541.32,11.4917,58.965,3.66852
0.908707,563.713,14.302,71.1382,4.24897
-0.681073,528.854,12.6047,63.3803,4.02835
-4.82697,528.567,10.6658,55.2183,3.52788
-4.14918,578.546,12.0007,61.8283,3.60315
-1.16777,598.822,13.9999,70.6322,3.96427
-3.8448,587.434,12.3364,63.4198,3.63772
-4.06148,536.549,11.1693,57.5086,3.61306
-1.00706,521.243,12.2641,61.806,3.98526
0.402863,564.438,14.0395,70.073,4.17681
-1.5506,589.463,13.573,68.6606,3.91494
1.97866,579.78,15.3353,75.7302,4.40801
-3.47992,538.3,11.4725,58.8262,3.67982
0.539724,575.185,14.3838,71.7246,4.19615
-2.04555,531.882,12.0078,60.9528,3.85253
1.27035,583.113,15.0045,74.4502,4.30172
-2.04977,542.424,12.2438,62.1523,3.852
-1.91328,552.185,12.5322,63.5559,3.86906
-3.09525,542.441,11.7415,60.0416,3.72498
0.567922,513.737,12.8614,64.1207,4.20015
-0.726638,517.276,12.3066,61.9005,4.02228
0.919673,582.828,14.7933,73.5764,4.25055
-2.16317,518.675,11.6548,59.2092,3.83791
-1.19018,591.741,13.822,69.7457,3.96136
-0.11513,516.23,12.5817,63.0191,4.10485
1.6697,542.974,14.1905,70.2223,4.36116
0.687851,582.985,14.6637,73.0467,4.21723
-0.50888,597.36,14.3347,71.9938,4.05139
-4.41647,548.457,11.2537,58.0907,3.57318
0.134203,558.59,13.7483,68.7452,4.13925
0.923886,562.529,14.2804,71.0236,4.25116
-2.86398,580.366,12.6798,64.7341,3.75254
-4.88354,582.476,11.7265,60.7345,3.52171
-4.33496,556.012,11.4466,59.0519,3.58228
-1.07741,554.985,13.0216,65.6556,3.97605
-1.90346,512.727,11.6412,59.0333,3.87029
0.597397,524.768,13.1527,65.56,4.20434
-4.33234,534.265,11.0001,56.7473,3.58258
-3.81932,566.396,11.9068,61.2005,3.64064
-3.17161,511.451,11.0367,56.468,3.71595
-0.799446,519.401,12.3216,62.0072,4.01262
-0.535764,554.886,13.3013,66.8162,4.04778
-0.0123809,588.168,14.3931,72.0413,4.11897
-2.51266,575.693,12.7563,64.9641,3.79498
-2.49166,513.359,11.3847,57.9702,3.79754
1.39889,537.038,13.8883,68.852,4.32072
0.0412558,522.916,12.8233,64.1608,4.12637
-4.1472,565.165,11.7241,60.4023,3.60337
-3.2139,542.648,11.69,59.8283,3.71096
-3.46653,567.76,12.107,62.0733,3.68137
1.92343,517.932,13.6701,67.5319,4.39958
-4.69814,548.366,11.1236,57.535,3.54201
-3.48479,598.744,12.7582,65.421,3.67925
0.117481,589.306,14.4948,72.4859,4.13693
-0.0911812,523.674,12.7752,63.9777,4.10813
0.185098,568.572,14.022,70.0894,4.14633
-2.39189,507.287,11.295,57.4736,3.80973
1.43878,555.059,14.3766,71.2539,4.32664
-3.48252,576.761,12.2909,63.0238,3.67951
-4.98,554.736,11.1241,57.6548,3.51121
-4.44977,501.315,10.2725,53.0384,3.56948
-3.75347,583.74,12.3042,63.2132,3.64819
-2.35288,572.607,12.7694,64.9578,3.81452
-4.56718,514.91,10.5008,54.2627,3.55645
-0.407069,550.77,13.2699,66.5996,4.06511
-1.20306,508.235,11.8654,59.878,3.95969
-1.6914,542.631,12.4248,62.9138,3.89703
-3.23307,539.367,11.6103,59.4287,3.70871
0.129173,570.944,14.0496,70.254,4.13855
1.71159,592.159,15.5012,76.6866,4.36747
-2.28937,507.172,11.3389,57.6556,3.82233
-0.685946,575.142,13.7053,68.9167,4.0277
-2.23194,511.329,11.4582,58.2384,3.82941
-1.72783,538.645,12.3156,62.3769,3.89242
-1.02043,500.385,11.7671,59.3068,3.98351
1.95424,570.194,15.0675,74.4197,4.40428
-3.27855,506.931,10.8921,55.7704,3.70336
-4.32778,550.645,11.3394,58.496,3.58309
-2.7732,585.573,12.8403,65.5117,3.76344
1.29157,534.556,13.7664,68.2973,4.30485
-2.81301,506.72,11.0935,56.6151,3.75865
-3.58044,592.19,12.5699,64.4992,3.66815
1.73811,587.145,15.3858,76.1021,4.37147
1.72396,502.773,13.1676,65.1368,4.36933
-1.61843,542.891,12.4669,63.0951,3.9063
1.63305,543.045,14.1722,70.1488,4.35565
-1.44338,594.156,13.7395,69.4513,3.92867
-3.38044,592.062,12.6691,64.916,3.69142
-1.46789,519.193,11.9944,60.64,3.92552
-4.16833,530.435,10.9942,56.6505,3.60099
0.808952,511.736,12.9327,64.371,4.23459
-0.376611,543.241,13.1043,65.7543,4.06923
-1.61504,502.642,11.5442,58.4238,3.90673
-3.66445,549.45,11.6232,59.6769,3.65844
-4.20531,521.206,10.7867,55.596,3.59682
1.12525,561.978,14.3791,71.4168,4.28044
1.78476,596.038,15.6471,77.3706,4.37852
-2.83597,523.186,11.4434,58.4104,3.75589
-2.00093,589.841,13.3401,67.6942,3.85809
-2.41067,586.47,13.0483,66.4036,3.80743
1.71315,533.105,13.9561,69.0424,4.3677
-4.56913,543.022,11.0732,57.2216,3.55624
-0.418738,532.027,12.8124,64.3086,4.06354
0.346879,502.472,12.4708,62.267,4.16894
-1.27367,569.708,13.2633,66.9654,3.95053
1.6551,578.296,15.1051,74.7554,4.35897
-1.20748,527.019,12.3018,62.082,3.95911
-1.2844,592.199,13.7811,69.5845,3.94915
-0.363193,573.893,13.851,69.4948,4.07105
-4.56257,507.8,10.3577,53.5218,3.55696
0.492891,575.878,14.3747,71.7021,4.18952
0.830718,573.136,14.4968,72.1453,4.23772
-3.27002,501.091,10.7703,55.1437,3.70436
-4.94107,543.782,10.9218,56.5903,3.51544
-4.29029,500.286,10.3181,53.213,3.58728
-1.3581,591.291,13.7197,69.3101,3.93963
1.40152,535.001,13.837,68.5967,4.32111
-2.72912,556.369,12.2215,62.3353,3.76874
-0.875969,562.757,13.3098,67.0153,4.0025
-2.82231,523.346,11.4532,58.4548,3.75753
1.91294,560.842,14.7966,73.1022,4.39798
-1.10841,507.191,11.8856,59.9405,3.972
-0.885609,510.462,12.0683,60.7686,4.00123
0.461201,594.695,14.826,73.969,4.18504
-3.73536,511.9,10.7978,55.4671,3.65027
-2.6468,529.219,11.6636,59.4553,3.77869
-4.57622,578.179,11.7867,60.9117,3.55545
-1.14581,500.456,11.7104,59.0722,3.96713
1.26507,551.6,14.1907,70.4147,4.30095
-4.80052,549.766,11.1055,57.484,3.53077
-0.358302,506.313,12.2223,61.3211,4.07171
0.296862,503.062,12.461,62.2391,4.16193
-4.4708,517.324,10.5915,54.6936,3.56714
-0.924585,556.676,13.1406,66.1857,3.99609
-2.05335,584.756,13.1974,66.9949,3.85156
-3.73715,524.212,11.0567,56.7979,3.65006
-2.4271,513.769,11.4233,58.1404,3.80542
-2.83236,560.797,12.2678,62.6169,3.75633
-3.03547,578.869,12.5602,64.2009,3.73208
-1.54943,554.588,12.7706,64.6008,3.91509
-1.52457,586.624,13.5216,68.3883,3.91827
1.5449,545.742,14.1938,70.2976,4.34245
-3.7502,524.144,11.0495,56.7658,3.64856
-0.363661,562.788,13.5827,68.149,4.07098
1.79804,555.275,14.5845,72.11,4.38053
-0.994705,508.154,11.9619,60.2783,3.98688
-3.27819,579.561,12.4528,63.7616,3.7034
-3.21131,541.969,11.6765,59.7585,3.71127
-0.489748,580.058,13.93,69.9522,4.05397
0.208902,541.575,13.3687,66.813,4.14964
1.0648,585.317,14.9409,74.2378,4.27162
-2.88532,542.007,11.8316,60.4128,3.74998
-0.613783,569.805,13.617,68.4383,4.03733
-0.242175,550.384,13.3471,66.9113,4.08748
-1.2645,502.951,11.7134,59.1362,3.95172
1.77723,589.813,15.4792,76.5441,4.37738
-4.60531,540.304,11.0016,56.866,3.55224
-4.52466,553.363,11.3045,58.3982,3.56116
-3.75759,553.161,11.6577,59.8937,3.64772
-1.03787,518.546,12.1857,61.4243,3.98122
1.84571,531.254,13.9795,69.0963,4.38776
-4.53905,516.615,10.5476,54.4938,3.55957
-3.7959,598.935,12.6028,64.767,3.64332
-1.27262,543.911,12.6633,63.9353,3.95067
-1.89086,525.215,11.9308,60.4963,3.87187
-2.82981,544.824,11.9196,60.8386,3.75663
-3.51697,576.201,12.2619,62.8905,3.67551
-3.2513,544.901,11.7208,60.002,3.70656
1.35622,500.832,12.9304,64.1219,4.3144
1.76156,503.143,13.1966,65.2634,4.37501
0.905115,572.074,14.5121,72.1849,4.24845
-2.38096,595.677,13.2689,67.5123,3.81107
-1.74566,556.173,12.7074,64.369,3.89017
0.36045,582.18,14.4568,72.1763,4.17085
0.744056,512.329,12.9149,64.3105,4.22527
0.766049,537.235,13.5544,67.4849,4.22843
-3.54663,521.317,11.0807,56.8439,3.67207
-0.473697,555.694,13.3534,67.0491,4.05613
-1.09832,576.114,13.5061,68.1085,3.97332
-0.327654,551.731,13.3348,66.8885,4.07586
-0.204118,508.838,12.3581,61.9371,4.09267
-2.88922,527.988,11.5238,58.8426,3.74951
-2.72743,535.208,11.7575,59.9679,3.76895
0.727844,578.845,14.5824,72.6219,4.22295
-4.45614,534.433,10.9483,56.5302,3.56877
-0.466415,574.654,13.813,69.3532,4.05711
-4.89035,515.669,10.3786,53.7563,3.52096
1.11919,521.492,13.34,66.2588,4.27955
1.72048,579.139,15.1656,75.0218,4.36881
-1.78601,549.921,12.5443,63.5609,3.88507
1.10625,537.404,13.7401,68.252,4.27766
1.62711,565.475,14.7541,73.0322,4.35476
-0.819416,551.688,13.0772,65.8187,4.00998
-2.57735,564.933,12.4854,63.6135,3.78711
-0.842224,509.38,12.0635,60.7259,4.00696
-2.26395,539.112,12.0653,61.338,3.82546
-1.23322,515.184,12.0132,60.6367,3.95577
-0.00328407,512.17,12.5378,62.7513,4.12023
1.26847,530.532,13.6505,67.7327,4.30145
-4.70397,574.447,11.6499,60.2597,3.54137
-2.57682,568.2,12.5579,63.9825,3.78717
-0.499487,522.522,12.5435,62.9936,4.05266
0.31555,531.721,13.1805,65.8247,4.16455
1.25928,500.636,12.8767,63.897,4.3001
-1.83962,541.89,12.3348,62.5223,3.87831
0.739436,595.424,15.0069,74.7299,4.22461
-3.21399,550.894,11.8676,60.7372,3.71095
-2.67804,547.74,12.0567,61.4725,3.77491
-0.812587,548.908,13.0148,65.5017,4.01088
-0.33816,556.271,13.439,67.4159,4.07444
1.74649,523.773,13.7296,67.9065,4.37273
1.68807,577.637,15.1072,74.7494,4.36392
-0.934631,516.503,12.1875,61.3893,3.99477
-4.60451,545.576,11.1093,57.4225,3.55233
0.525234,548.399,13.7062,68.3523,4.1941
-2.81506,561.415,12.2899,62.7219,3.7584
-0.881421,597.962,14.1393,71.1949,4.00178
-3.32512,516.43,11.0754,56.7276,3.69789
1.58968,521.004,13.574,67.2078,4.34915
-3.39958,516.921,11.0527,56.6411,3.68918
-1.81259,505.424,11.5171,58.3668,3.88172
-4.45933,527.457,10.804,55.7863,3.56841
-2.00877,599.583,13.5562,68.7946,3.85711
-0.981747,587.296,13.8321,69.6959,3.98858
-4.64861,592.221,12.0375,62.2398,3.54746
1.06648,500.155,12.7679,63.4399,4.27186
-1.79519,521.742,11.8972,60.2857,3.88391
1.41336,551.259,14.2641,70.7082,4.32287
0.764605,571.832,14.4265,71.8274,4.22822
-1.71692,554.487,12.6834,64.2345,3.8938
-1.0452,510.131,11.9845,60.4129,3.98026
-3.97885,537.491,11.2264,57.7687,3.62243
-0.44453,592.023,14.2428,71.5005,4.06006
-1.24057,510.74,11.9061,60.0992,3.95482
-4.08446,520.15,10.8178,55.708,3.61046
1.53642,519.287,13.5013,66.8716,4.34118
-4.46205,523.454,10.7208,55.3579,3.56811
-1.19596,542.949,12.6794,63.9827,3.96061
-3.67248,514.119,10.8723,55.8245,3.65751
-0.0183965,556.851,13.6235,68.1922,4.11814
-1.76155,578.779,13.2155,66.9502,3.88816
-2.02573,543.653,12.2833,62.3425,3.855
1.67996,580.41,15.175,75.0887,4.3627
-4.39686,569.243,11.6896,60.3319,3.57537
-1.34605,575.342,13.356,67.4672,3.94119
0.220272,563.025,13.9044,69.4848,4.15123
1.4523,502.254,13.0158,64.5033,4.32865
0.293505,596.979,14.7854,73.8505,4.16146
0.63759,540.609,13.5711,67.627,4.21006
-4.78424,590.642,11.9392,61.7918,3.53256
-2.88482,500.262,10.9205,55.7607,3.75004
0.748376,532.136,13.4165,66.8062,4.22589
-3.4226,509.602,10.8861,55.7963,3.68649
-2.74499,584.428,12.8297,65.4446,3.76683
-2.08254,594.345,13.3982,68.028,3.84792
0.276379,543.37,13.4486,67.1813,4.15907
0.817455,594.879,15.039,74.8501,4.23581
-3.27425,538.338,11.5689,59.2342,3.70386
-1.98992,510.77,11.5569,58.6408,3.85947
-1.29942,541.364,12.5906,63.58,3.9472
0.898179,569.666,14.4471,71.8649,4.24745
0.371349,589.857,14.6537,73.1539,4.17238
-1.17204,529.074,12.3671,62.3966,3.96372
1.27747,501.681,12.9127,64.0679,4.30277
-3.40388,594.81,12.7159,65.1664,3.68868
-4.74717,509.753,10.3197,53.3958,3.53662
-4.96213,526.411,10.5638,54.7438,3.51315
1.59542,531.333,13.8462,68.5528,4.35001
-0.318926,549.148,13.2769,66.5944,4.07705
-4.57519,594.19,12.1136,62.6007,3.55557
-4.34829,570.412,11.7367,60.5543,3.58079
-2.38198,539.663,12.0207,61.1618,3.81095
0.451653,555.887,13.8533,69.1207,4.18369
1.403,531.896,13.7575,68.2019,4.32133
-1.10717,518.841,12.1592,61.3198,3.97217
-1.05424,502.191,11.7937,59.455,3.97908
1.25584,509.634,13.1063,65.0382,4.29959
0.645599,554.501,13.9242,69.3828,4.2112
-1.69667,592.609,13.5663,68.6964,3.89637
0.51773,535.007,13.3676,66.667,4.19303
-0.669056,574.695,13.7038,68.9011,4.02995
-2.019,594.598,13.438,68.1996,3.85584
-2.67525,540.224,11.8926,60.6345,3.77525
1.10858,527.192,13.4802,66.9601,4.278
0.870764,587.082,14.8728,73.9965,4.24349
-1.35012,581.444,13.4955,68.1736,3.94066
-2.25534,578.736,12.9565,65.8649,3.82652
-3.01793,589.087,12.7909,65.3722,3.73416
-1.2568,511.337,11.9124,60.1374,3.95272
0.984609,517.378,13.1654,65.4512,4.25996
1.88834,509.868,13.4389,66.4055,4.39424
1.97959,547.475,14.4813,71.5126,4.40815
-4.49086,538.602,11.0181,56.9049,3.56491
1.8046,571.729,15.0206,74.2625,4.38152
0.167559,562.856,13.8715,69.3452,4.14389
-2.63009,549.503,12.1188,61.7682,3.78071
-1.78795,560.441,12.7833,64.7727,3.88482
0.615164,500.812,12.561,62.6032,4.20687
-4.00392,571.624,11.9272,61.3859,3.61958
-1.26631,574.283,13.3738,67.5194,3.95149
-3.80508,505.224,10.627,54.6166,3.64227
0.83116,562.865,14.2372,70.8534,4.23778
-1.29337,575.489,13.3874,67.6012,3.94799
-1.42964,536.553,12.4143,62.7464,3.93043
1.22648,572.848,14.7152,73.0362,4.29527
1.55997,589.111,15.3308,75.9208,4.3447
1.32757,538.831,13.896,68.9234,4.31016
-0.846913,522.775,12.3784,62.3132,4.00634
0.397335,599.68,14.9129,74.4349,4.17604
0.508624,568.301,14.1944,70.7948,4.19174
-0.635791,568.812,13.5814,68.2699,4.03439
-1.72821,530.567,12.1308,61.4407,3.89237
-4.53752,542.507,11.077,57.2279,3.55974
0.761129,503.21,12.6935,63.2007,4.22772
-2.2987,542.237,12.1184,61.6228,3.82118
-2.04463,592.624,13.3797,67.9158,3.85264
-1.5552,564.475,12.9953,65.7401,3.91436
-0.553053,505.8,12.1164,60.8712,4.04546
-2.88577,541.178,11.8133,60.3195,3.74993
-4.91845,500.117,10.0541,52.0858,3.5179
-3.08939,531.993,11.518,58.8966,3.72568
1.56388,557.607,14.5131,71.8698,4.34529
-3.73009,548.815,11.579,59.4775,3.65088
-0.488267,572.34,13.7455,69.0248,4.05416
-0.702989,502.947,11.9769,60.2324,4.02543
-2.33632,579.01,12.9207,65.7202,3.81655
-4.9502,588.4,11.8136,61.2149,3.51445
-4.53348,550.269,11.2373,58.0545,3.56019
-2.74146,567.086,12.4508,63.5101,3.76726
-0.785543,521.699,12.3829,62.3098,4.01446
-3.67454,572.155,12.0986,62.122,3.65727
-2.32818,527.337,11.7715,59.8711,3.81755
-0.437284,561.8,13.5196,67.8664,4.06103
1.13211,544.079,13.9248,69.1575,4.28144
0.730935,524.511,13.2152,65.8117,4.22339
1.62203,567.606,14.8068,73.2956,4.354
1.73079,569.213,14.9116,73.7605,4.37036
1.91365,506.583,13.3655,66.0314,4.39809
-3.0266,588.433,12.7723,65.2809,3.73313
-4.85761,514.907,10.3772,53.736,3.52453
-4.61069,554.407,11.2863,58.3399,3.55164
-4.21517,516.288,10.6807,55.0532,3.59571
0.773328,537.307,13.5601,67.5097,4.22947
-0.593351,548.913,13.1283,65.9729,4.04006
-2.01119,598.59,13.5324,68.6751,3.85681
-3.35138,590.044,12.6407,64.7572,3.69482
-3.43545,518.376,11.0678,56.7328,3.685
-2.57783,527.156,11.6503,59.3588,3.78705
-0.105485,504.634,12.3038,61.6229,4.10617
-2.89956,554.205,12.0909,61.7432,3.74828
-3.54016,535.444,11.3839,58.3968,3.67282
-4.68101,579.248,11.7582,60.8102,3.54389
0.0334769,526.172,12.8992,64.5439,4.1253
0.189524,536.31,13.2286,66.1218,4.14694
-4.75515,509.976,10.3208,53.4048,3.53575
-2.98868,548.512,11.9239,60.9287,3.73764
-1.94171,591.789,13.4158,68.0505,3.8655
0.414688,571.628,14.225,70.9929,4.17848
-2.27585,547.977,12.2578,62.3221,3.82399
-2.58951,533.001,11.774,59.9937,3.78563
-0.865184,587.36,13.8976,69.9697,4.00393
-1.10585,548.318,12.8507,64.8065,3.97234
-0.176421,559.734,13.6091,68.1938,4.09646
-0.375343,542.369,13.0839,65.6514,4.0694
-4.73651,503.847,10.2046,52.7961,3.53779
-0.936413,598.699,14.126,71.1545,3.99454
0.310997,513.448,12.7253,63.5532,4.16391
-3.54624,587.503,12.4877,64.0616,3.67211
-3.91225,538.238,11.2724,57.9779,3.63002
1.95069,503.484,13.3028,65.7055,4.40374
1.10891,509.109,13.018,64.6641,4.27805
-4.65678,570.542,11.5929,59.9449,3.54656
-3.19709,552.974,11.9205,61.0008,3.71294
-0.757699,564.327,13.4095,67.4625,4.01816
-2.87105,594.017,12.9743,66.2412,3.75169
-2.85549,533.765,11.6656,59.5529,3.75355
1.9738,576.02,15.233,75.2273,4.40727
-1.91926,511.99,11.6172,58.9178,3.86831
-4.10283,550.9,11.4488,58.9652,3.60838
1.71271,599.29,15.6885,77.6128,4.36764
-1.36315,584.505,13.5595,68.5033,3.93898
1.75974,598.667,15.7009,77.6494,4.37473
1.30543,544.207,14.0225,69.5614,4.3069
0.566593,526.835,13.1886,65.7526,4.19996
-0.0902792,525.8,12.8275,64.2393,4.10826
0.956879,577.293,14.6741,72.9654,4.25594
1.85715,555.935,14.6354,72.3329,4.38949
1.43957,504.277,13.0617,64.7366,4.32676
-3.45721,555.495,11.8499,60.7512,3.68246
-2.8705,588.337,12.8506,65.609,3.75176
-4.12139,563.589,11.7037,60.2859,3.60628
-1.33759,579.202,13.4502,67.9387,3.94228
0.844311,595.479,15.0699,74.9907,4.23968
-4.59379,583.103,11.8786,61.3943,3.55351
-2.61186,536.461,11.8398,60.3386,3.78292
-4.05342,553.29,11.5215,59.3188,3.61397
1.99749,517.135,13.6883,67.5883,4.41089
-3.2195,576.814,12.4232,63.5833,3.7103
-3.75509,512.798,10.8082,55.5279,3.648
-3.54718,569.145,12.097,62.0579,3.672
0.19459,517.58,12.7692,63.8231,4.14765
1.70891,550.152,14.4001,71.2404,4.36706
0.646734,557.662,14.0042,69.7808,4.21136
-2.53204,515.705,11.4182,58.1574,3.79262
-2.61157,588.833,12.9958,66.2298,3.78296
0.524276,569.163,14.2246,70.9382,4.19396
-0.78449,554.788,13.1689,66.2641,4.0146
-0.763381,544.665,12.9394,65.0999,4.0174
-0.841446,556.749,13.1857,66.3747,4.00706
-2.1611,524.173,11.7793,59.841,3.83817
-2.80059,531.082,11.6326,59.3615,3.76014
-3.52221,571.315,12.1554,62.3463,3.6749
-1.67858,595.702,13.647,69.0961,3.89866
1.29334,511.794,13.1811,65.3929,4.30511
-4.01138,510.747,10.6538,54.8347,3.61874
1.22306,517.164,13.283,65.9294,4.29477
-1.36516,556.184,12.9015,65.1798,3.93872
-4.52645,511.895,10.4566,54.0187,3.56096
-0.541205,513.263,12.3009,61.7932,4.04705
-3.42089,556.685,11.8927,60.955,3.68669
-2.24955,584.331,13.0848,66.5144,3.82723
-2.07192,526.671,11.8777,60.3032,3.84924
-3.48857,588.843,12.5453,64.3311,3.67881
0.0875831,547.5,13.4507,67.2784,4.13278
-4.00337,590.588,12.3232,63.4236,3.61965
1.0736,561.866,14.3472,71.2836,4.2729
1.32985,577.436,14.8929,73.8669,4.3105
1.37381,588.536,15.2052,75.3935,4.317
-3.07896,574.631,12.4464,63.639,3.72691
-4.14228,599.3,12.4347,64.061,3.60392
1.6901,532.926,13.939,68.9681,4.36423
-0.307725,514.586,12.4468,62.4259,4.07857
-0.545912,598.599,14.3435,72.056,4.04642
-1.98705,567.978,12.8528,65.215,3.85983
0.867162,585.8,14.8382,73.8263,4.24297
0.890269,507.773,12.8734,64.0406,4.2463
-2.87359,570.135,12.4515,63.5727,3.75139
1.44326,582.691,15.095,74.8119,4.32731
0.789944,519.671,13.1235,65.329,4.23186
0.689201,533.386,13.4169,66.835,4.21743
0.910491,592.88,15.043,74.8233,4.24922
0.344809,536.811,13.322,66.5179,4.16865
-2.12129,571.278,12.8583,65.3042,3.84311
1.10411,521.988,13.3448,66.2895,4.27735
0.357681,579.842,14.3971,71.88,4.17046
-4.33138,565.682,11.6474,60.0862,3.58268
-1.42283,542.261,12.5498,63.4281,3.9313
0.0132589,540.455,13.2388,66.2524,4.12251
1.01946,508.111,12.9472,64.3513,4.26502
-2.9022,566.039,12.3478,63.0562,3.74796
-1.98892,530.711,12.0085,60.9322,3.85959
1.66868,562.046,14.6884,72.6865,4.36101
-4.52644,588.377,12.019,62.0897,3.56096
-2.28899,543.552,12.1525,61.792,3.82237
-3.47852,533.897,11.3793,58.3477,3.67998
-3.78761,559.75,11.7822,60.5464,3.64427
-0.119864,568.818,13.8608,69.4282,4.1042
1.4092,597.481,15.4576,76.6268,4.32225
-4.91454,532.915,10.7152,55.509,3.51833
-0.931614,506.306,11.9483,60.1832,3.99517
-4.87064,548.651,11.0513,57.2324,3.52311
1.91324,563.131,14.8572,73.4012,4.39803
0.557377,517.961,12.9618,64.6258,4.19865
-0.352804,515.418,12.4448,62.435,4.07245
-3.31444,596.746,12.8034,65.5732,3.69915
-4.22148,593.627,12.2775,63.2868,3.59501
-3.15244,594.057,12.8292,65.6301,3.71822
-3.25926,564.175,12.1315,62.108,3.70562
-1.1748,555.637,12.9866,65.5234,3.96336
1.60667,531.309,13.8517,68.5746,4.3517
1.14911,529.582,13.5628,67.3517,4.28393
-4.73145,529.35,10.7233,55.4778,3.53835
-1.91517,597.407,13.5575,68.7566,3.86882
-1.47027,548.163,12.6624,64.0186,3.92522
-0.631469,582.46,13.9097,69.9179,4.03497
-3.11186,577.514,12.4923,63.8885,3.72302
-1.4664,556.984,12.8682,65.0571,3.92571
-1.41836,564.943,13.077,66.0908,3.93188
-0.0258696,583.66,14.2752,71.4579,4.11711
1.09007,524.879,13.4114,66.6266,4.2753
-0.206844,569.511,13.8302,69.3162,4.0923
-4.83504,557.885,11.2537,58.2653,3.527
-1.16613,592.476,13.8524,69.8874,3.96449
-3.70503,595.138,12.569,64.5517,3.65376
-0.957063,588.546,13.8751,69.9007,3.99182
1.81625,566.139,14.8804,73.5639,4.38329
-4.35522,501.174,10.3092,53.1917,3.58002
-1.95161,514.829,11.6665,59.1815,3.86426
0.409561,594.226,14.7844,73.7871,4.17776
-1.12412,590.592,13.8314,69.7612,3.96996
-2.48129,527.3,11.6987,59.5648,3.7988
-4.92077,512.933,10.3108,53.4164,3.51765
-3.16139,555.291,11.9877,61.3291,3.71716
-4.73568,593.993,12.0307,62.2438,3.53788
-1.21924,545.972,12.7382,64.2899,3.95759
0.0843175,565.35,13.8874,69.4644,4.13233
-4.68012,595.784,12.0943,62.548,3.54399
1.18615,555.42,14.2451,70.7222,4.28935
-3.19645,522.099,11.2552,57.5961,3.71302
1.87262,567.226,14.9417,73.8387,4.39184
0.171425,529.26,13.0455,65.2143,4.14442
-0.4247,549.492,13.2299,66.4068,4.06273
0.343377,551.604,13.6883,68.3478,4.16845
0.170931,575.534,14.1858,70.9149,4.14436
-2.80306,500.829,10.9689,55.9754,3.75984
1.99458,503.473,13.3252,65.7966,4.41045
-3.35288,591.933,12.6804,64.9613,3.69464
-0.939261,503.197,11.8713,59.7987,3.99416
0.821017,574.939,14.5369,72.3495,4.23632
0.665705,593.381,14.9123,74.296,4.21407
-2.68677,566.473,12.4646,63.5564,3.77385
-1.66132,547.886,12.5602,63.5859,3.90085
1.70736,519.367,13.5934,67.2506,4.36683
-4.01293,514.476,10.7309,55.2322,3.61856
1.63527,565.754,14.7661,73.0875,4.35599
-0.438245,591.284,14.2285,71.4258,4.0609
-2.56754,532.047,11.7633,59.9299,3.7883
-4.47168,513.474,10.5123,54.285,3.56704
-0.252455,579.165,14.0394,70.3866,4.08608
-4.86048,524.956,10.5784,54.7794,3.52422
0.701888,551.899,13.8894,69.1831,4.21924
-4.9835,552.421,11.0761,57.4074,3.51083
-3.60826,506.62,10.7415,55.1281,3.66493
-3.70019,530.05,11.1966,57.5012,3.65432
-3.57545,582.223,12.3609,63.4241,3.66873
-3.88957,584.71,12.2569,63.0314,3.6326
-1.72227,539.975,12.3488,62.5423,3.89312
-2.18221,538.205,12.0844,61.4001,3.83555
-3.12865,506.586,10.9506,56.0107,3.72103
1.91039,597.063,15.7507,77.817,4.39759
-3.28287,505.124,10.8514,55.5637,3.70285
-1.5239,519.166,11.967,60.5254,3.91835
-3.29904,538.84,11.5682,59.2406,3.70095
-2.20174,510.493,11.4533,58.2011,3.83314
-1.91288,544.339,12.3544,62.6536,3.86911
-2.13603,551.853,12.4138,63.0531,3.84128
1.53566,552.234,14.3575,71.1126,4.34107
-1.98436,551.611,12.4837,63.3413,3.86016
-3.84239,535.198,11.2405,57.7849,3.63799
-1.84882,572.516,13.0271,66.0359,3.87716
-2.5539,522.631,11.5614,58.8958,3.78996
-0.516321,515.74,12.3725,62.1419,4.05039
1.52822,541.63,14.0777,69.7305,4.33996
-0.963585,543.347,12.8062,64.5187,3.99096
0.00936114,577.421,14.1422,70.775,4.12197
-4.96715,557.742,11.1903,57.9922,3.5126
-0.85913,506.945,11.9977,60.4022,4.00473
-1.63335,589.93,13.5391,68.5284,3.9044
-3.66619,545.732,11.5437,59.2696,3.65824
1.44796,530.507,13.7456,68.1223,4.328
-3.23811,588.884,12.6736,64.8737,3.70811
-3.02821,570.74,12.3874,63.3147,3.73294
-1.28355,519.181,12.0823,61.0065,3.94925
-4.09164,590.188,12.2708,63.194,3.60964
-0.151105,519.264,12.6377,63.3154,4.09992
1.36529,543.62,14.0401,69.6206,4.31574
0.890763,548.377,13.9031,69.1627,4.24637
-4.67024,594.125,12.0655,62.3946,3.54508
-4.46075,559.08,11.4511,59.1281,3.56826
-4.21796,532.292,11.0105,56.7546,3.5954
0.909478,503.559,12.7762,63.5485,4.24908
-0.616534,548.577,13.1082,65.8826,4.03696
-1.69033,585.311,13.4026,67.8646,3.89717
0.211984,517.29,12.7708,63.8233,4.15007
-1.01395,551.426,12.9707,65.3701,3.98436
-0.0452694,508.236,12.421,62.1843,4.11444
-4.86678,565.447,11.3915,58.9922,3.52353
-0.596602,588.946,14.0839,70.7769,4.03963
-4.28473,546.055,11.2646,58.092,3.58791
1.35044,570.406,14.7234,73.016,4.31355
-2.15396,525.332,11.8087,59.9874,3.83905
0.262528,576.758,14.2672,71.2773,4.15713
-3.87761,598.254,12.5469,64.5172,3.63397
-2.397,586.748,13.0616,66.4651,3.80911
-2.73859,525.358,11.5359,58.8424,3.7676
-0.0958248,551.538,13.4525,67.3717,4.10749
-1.63411,561.057,12.876,65.1727,3.90431
-3.56322,598.576,12.7143,65.2321,3.67014
-3.68007,583.081,12.3268,63.2965,3.65664
-3.13092,540.432,11.6812,59.7484,3.72076
-3.1393,514.133,11.109,56.8251,3.71977
-4.27797,569.961,11.761,60.649,3.58866
-1.2486,532.414,12.4074,62.6331,3.95378
-1.63928,558.28,12.8097,64.8391,3.90365
-2.17156,562.94,12.6452,64.2446,3.83687
-4.10306,542.32,11.2704,58.0464,3.60835
-4.93554,581.316,11.6783,60.5077,3.51604
-2.85938,526.252,11.4996,58.7071,3.75309
1.77863,570.007,14.9602,73.977,4.37759
1.78881,597.713,15.6936,77.5982,4.37913
-3.84538,595.608,12.5077,64.301,3.63765
1.51287,521.065,13.5351,67.0498,4.33767
-0.968341,562.369,13.252,66.767,3.99034
-2.6272,593.347,13.0872,66.703,3.78106
-0.948112,590.722,13.9313,70.1796,3.993
-0.138277,545.28,13.2776,66.5154,4.10167
-1.70904,577.101,13.2048,66.8715,3.8948
-2.46631,542.026,12.0326,61.2587,3.80063
-0.826675,546.704,12.9553,65.2085,4.00902
-0.43914,555.26,13.3612,67.0722,4.06078
-2.54374,532.705,11.7891,60.0513,3.79119
-0.00892191,581.176,14.2239,71.193,4.11945
-3.53531,575.438,12.2366,62.7688,3.67338
1.54191,599.308,15.5852,77.1901,4.342
-1.18857,506.07,11.8217,59.6513,3.96157
1.63753,534.379,13.9484,69.0393,4.35633
-2.96015,527.234,11.4745,58.6205,3.74104
1.7287,524.78,13.7465,67.9982,4.37005
1.32101,572.187,14.7524,73.1745,4.3092
-3.58037,508.739,10.7986,55.4101,3.66815
-1.09066,552.589,12.9586,65.3437,3.97432
-0.288818,545.621,13.2073,66.2316,4.08114
-3.3875,584.175,12.4968,64.0361,3.69059
1.35586,509.305,13.149,65.2061,4.31435
-1.56531,531.834,12.2389,61.918,3.91307
1.44546,582.958,15.1032,74.8515,4.32763
1.42829,558.378,14.4567,71.6558,4.32508
0.860223,543.973,13.775,68.5396,4.24197
-3.10318,552.395,11.9531,61.1273,3.72404
-4.15232,573.158,11.8875,61.2461,3.60279
-2.32351,505.856,11.2941,57.4411,3.81813
-2.33374,596.903,13.3214,67.7568,3.81687
0.863688,567.948,14.3841,71.5684,4.24247
-2.93804,515.565,11.2305,57.3652,3.74368
1.99507,552.557,14.6246,72.2124,4.41052
0.304071,595.687,14.7595,73.716,4.16294
1.39094,535.402,13.8417,68.6247,4.31954
-4.73997,552.836,11.1952,57.9227,3.53741
-0.0295321,587.333,14.363,71.899,4.11661
-2.7551,520.106,11.413,58.2223,3.76561
-1.14704,587.745,13.7522,69.3727,3.96697
-0.909491,596.359,14.0858,70.9389,3.99808
-2.85296,530.062,11.5859,59.1448,3.75386
1.82862,525.655,13.823,68.3306,4.38516
-4.75237,555.43,11.242,58.1702,3.53605
0.0846322,540.801,13.2846,66.4488,4.13238
1.83047,553.88,14.5662,72.0038,4.38544
-3.36946,589.172,12.6128,64.6226,3.6927
-3.52303,575.823,12.2509,62.8366,3.6748
1.21175,569.628,14.624,72.5912,4.29311
-3.2448,545.129,11.7288,60.0402,3.70733
-4.07064,540.889,11.2554,57.956,3.61202
-0.276804,556.557,13.4784,67.5855,4.08277
0.902035,578.755,14.6798,73.0206,4.248
-4.8878,522.093,10.509,54.4306,3.52124
-0.479591,515.8,12.3919,62.2236,4.05533
1.22145,563.137,14.4629,71.7865,4.29453
-2.58532,532.728,11.7699,59.9713,3.78614
-3.65662,534.277,11.3058,58.044,3.65934
-3.56592,586.72,12.4611,63.9343,3.66983
-1.01,547.34,12.8766,64.8942,3.98487
-4.19167,514.432,10.6524,54.8985,3.59836
1.28829,526.114,13.5473,67.2116,4.30437
-0.221473,521.73,12.6626,63.4705,4.0903
-0.148168,583.311,14.1981,71.1315,4.10032
-1.4854,556.549,12.8484,64.9657,3.92328
-1.82212,587.859,13.3905,67.8652,3.88052
-2.74897,578.745,12.7029,64.7998,3.76635
0.573443,559.598,14.0125,69.8571,4.20094
-4.17237,583.252,12.087,62.2829,3.60053
-3.19561,529.412,11.4132,58.4044,3.71312
-3.55364,523.78,11.1299,57.0991,3.67125
-1.82798,511.955,11.6588,59.0911,3.87978
0.765639,517.07,13.0454,64.951,4.22837
-2.99567,579.852,12.6017,64.395,3.73681
-0.649613,510.935,12.1928,61.2958,4.03254
-4.24725,549.212,11.347,58.5012,3.59211
-4.77816,561.864,11.3603,58.7931,3.53322
-0.601954,593.362,14.1865,71.2952,4.03891
-3.97235,589.76,12.3214,63.4003,3.62317
-2.07527,549.642,12.3941,62.9265,3.84883
-1.02463,548.535,12.8972,65.0047,3.98296
-4.36888,513.551,10.5579,54.4804,3.57849
-0.0165353,539.905,13.2099,66.1209,4.1184
-1.70762,555.558,12.7126,64.3783,3.89498
-1.52168,577.062,13.3028,67.28,3.91864
-3.83608,525.883,11.0477,56.7911,3.63872
-1.62977,560.508,12.8657,65.1183,3.90486
0.352517,502.082,12.4639,62.23,4.16974
1.00238,596.418,15.1872,75.4935,4.26254
0.250891,540.514,13.3645,66.773,4.1555
-2.02987,587.211,13.2653,67.3282,3.85448
-3.0946,540.34,11.6963,59.8103,3.72506
-3.21301,516.468,11.1264,56.9436,3.71107
-4.13609,573.24,11.897,61.2881,3.60462
-1.3082,550.325,12.7945,64.6138,3.94607
-2.53934,508.427,11.2538,57.3228,3.79173
-3.10717,599.172,12.9632,66.2948,3.72357
-4.79616,518.513,10.4761,54.2241,3.53125
-1.58316,599.201,13.7794,69.7203,3.91079
-0.44213,574.601,13.825,69.4018,4.06038
0.843576,536.193,13.5692,67.523,4.23957
0.597564,521.628,13.0741,65.1681,4.20436
-4.29882,545.947,11.2559,58.0532,3.58633
1.15407,526.859,13.4957,67.0161,4.28465
-3.941,562.031,11.757,60.4827,3.62674
-0.432383,585.047,14.0817,70.686,4.06169
-2.99114,564.573,12.2718,62.7076,3.73735
1.59087,586.647,15.285,75.6784,4.34933
-0.857725,594.035,14.0597,70.7822,4.00491
-4.81749,587.842,11.8665,61.4302,3.52892
1.96617,571.771,15.1161,74.6541,4.4061
1.07752,587.684,15.0088,74.5687,4.27347
1.57127,501.547,13.0578,64.6596,4.34639
-2.06205,540.903,12.2035,61.9529,3.85047
-3.21482,536.012,11.5466,59.0948,3.71086
-1.38232,561.77,13.0222,65.7973,3.93651
1.16966,568.491,14.5709,72.3481,4.28694
1.79175,508.045,13.3408,65.9632,4.37958
-3.78804,598.448,12.5966,64.7313,3.64422
-1.21028,502.825,11.7357,59.2266,3.95875
1.24731,525.302,13.5048,67.0192,4.29833
0.501504,591.943,14.7808,73.723,4.19074
-4.58524,519.653,10.5897,54.7294,3.55446
-2.95243,518.264,11.2828,57.6379,3.74196
-3.57334,559.541,11.8803,60.9576,3.66897
0.774206,516.037,13.0237,64.8391,4.2296
-0.975939,509.658,12.0063,60.4939,3.98934
-4.34647,528.528,10.8757,56.1114,3.581
0.630981,514.465,12.9115,64.3428,4.20912
-4.59301,502.719,10.2414,52.9322,3.5536
-3.8874,579.83,12.1557,62.5099,3.63285
-0.831906,592.309,14.0332,70.6361,4.00832
-1.58424,590.801,13.5856,68.7404,3.91065
1.57947,506.86,13.2003,65.3618,4.34762
0.131336,568.847,13.9992,70.0009,4.13885
-4.71321,502.188,10.1806,52.6634,3.54035
1.08059,567.107,14.485,71.9648,4.27392
1.11826,552.64,14.1363,70.2142,4.27942
-4.98184,581.921,11.6684,60.4764,3.51101
1.18476,509.935,13.0778,64.9277,4.28915
-3.02674,514.54,11.1683,57.0829,3.73311
-2.62554,505.564,11.1518,56.8378,3.78126
-4.96678,550.111,11.0374,57.1995,3.51264
0.939473,584.679,14.8518,73.8573,4.25342
-4.79973,502.915,10.1595,52.5866,3.53086
0.927681,557.026,14.1428,70.3373,4.25171
1.45275,575.266,14.9081,73.8812,4.32872
-0.59852,521.071,12.4598,62.6161,4.03937
-1.31719,557.037,12.946,65.3826,3.94491
-3.222,564.743,12.162,62.2475,3.71001
-1.49742,517.257,11.9356,60.3554,3.92174
-1.89944,587.058,13.331,67.6005,3.8708
-3.71024,555.788,11.7355,60.2731,3.65316
-1.62764,568.512,13.0505,66.0528,3.90513
1.39314,569.021,14.7121,72.939,4.31987
-0.596678,598.753,14.3184,71.9553,4.03962
-4.74405,513.379,10.3944,53.7813,3.53696
-4.78633,553.858,11.1947,57.9395,3.53233
1.42283,552.145,14.2923,70.8435,4.32427
-4.94853,532.201,10.686,55.3713,3.51463
-0.10637,585.85,14.2834,71.5384,4.10605
-1.66857,565.83,12.9678,65.6528,3.89993
-4.12361,589.949,12.25,63.1009,3.60603
-1.04699,526.96,12.379,62.4023,3.98003
0.542888,572.418,14.3164,71.3869,4.1966
-0.121206,562.56,13.7076,68.6613,4.10401
0.74847,500.6,12.6214,62.8472,4.22591
-2.08124,545.686,12.3019,62.4612,3.84808
-0.367227,583.159,14.0724,70.6077,4.0705
1.41525,519.292,13.4379,66.612,4.32315
1.94523,532.714,14.0721,69.5078,4.40291
1.98888,546.186,14.4525,71.3655,4.40957
-2.02933,531.625,12.0098,60.956,3.85455
0.0972706,504.989,12.411,62.0741,4.13413
1.57259,510.223,13.2843,65.7809,4.34659
-4.94403,581.041,11.6688,60.4618,3.51512
-2.94823,585.337,12.7452,65.1065,3.74246
-3.80016,503.075,10.5839,54.3933,3.64283
1.01214,529.9,13.4985,67.0948,4.26396
-2.18713,506.847,11.3781,57.8133,3.83495
1.75766,533.377,13.9874,69.1764,4.37442
-3.89108,518.542,10.8692,55.8957,3.63243
-1.77516,587.629,13.4103,67.9435,3.88644
-3.05413,547.271,11.8656,60.6589,3.72986
0.652961,504.932,12.6831,63.1954,4.21225
1.76946,505.042,13.2505,65.5264,4.3762
0.290936,576.819,14.2846,71.3506,4.1611
-3.4786,586.495,12.5004,64.0958,3.67997
-1.08606,591.616,13.8763,69.9692,3.97492
-2.58364,536.229,11.8481,60.3689,3.78635
-1.06009,557.069,13.0795,65.9394,3.97831
-2.07652,572.865,12.9171,65.5824,3.84867
-1.0213,513.28,12.0699,60.8334,3.98339
0.0500322,501.614,12.3052,61.5646,4.12759
1.68308,514.439,13.4518,66.5605,4.36317
-3.4385,504.858,10.7778,55.2477,3.68464
-0.171714,556.21,13.5259,67.7749,4.0971
-3.27545,573.704,12.3284,63.123,3.70372
1.53923,577.213,15.009,74.3379,4.3416
-2.69063,564.505,12.4194,63.3275,3.77339
-2.36543,573.063,12.7731,64.9827,3.81298
-3.19767,556.283,11.9915,61.3647,3.71288
-2.53438,548.167,12.1358,61.8134,3.79233
-3.77766,597.424,12.5803,64.6429,3.64541
-1.53117,559.906,12.9024,65.2594,3.91743
1.48393,597.777,15.5103,76.8493,4.33336
-2.14487,555.552,12.4926,63.4572,3.84018
-4.43077,518.455,10.6319,54.8867,3.57159
-3.70309,577.977,12.2076,62.6944,3.65398
0.0634165,556.731,13.6645,68.359,4.12944
-2.31033,560.63,12.5236,63.6885,3.81975
1.70677,564.266,14.7682,73.063,4.36674
-2.96343,572.837,12.4653,63.6839,3.74065
-1.73905,598.421,13.6763,69.2736,3.891
0.651987,589.786,14.814,73.8132,4.21211
-2.21099,580.168,13.0117,66.1246,3.832
-3.12044,562.55,12.1644,62.2153,3.722
1.02238,554.798,14.1385,70.2707,4.26544
-3.74126,526.985,11.1134,57.0905,3.64959
-0.760301,533.558,12.6771,63.7788,4.01781
-3.87602,595.355,12.4869,64.208,3.63415
-4.10135,518.007,10.7659,55.4472,3.60855
-4.71841,529.549,10.733,55.523,3.53978
0.882872,596.361,15.115,75.1954,4.24524
-3.07213,519.1,11.2467,57.5022,3.72772
-0.120814,599.557,14.6093,73.1778,4.10407
0.795591,522.655,13.2018,65.7161,4.23267
-0.0736032,513.974,12.5472,62.8285,4.11055
-2.94263,527.122,11.4802,58.6422,3.74313
-4.11868,554.366,11.5134,59.3047,3.60659
-2.74981,546.117,11.9864,61.1448,3.76625
-1.06653,576.081,13.5224,68.1755,3.97747
-4.93704,533.62,10.7195,55.5403,3.51588
-2.04319,524.885,11.851,60.1557,3.85282
-2.68158,574.685,12.648,64.4888,3.77448
-3.45029,558.37,11.9145,61.0797,3.68327
-3.29728,537.978,11.5505,59.1493,3.70116
-1.70277,574.266,13.1432,66.5567,3.89559
-3.38983,517.799,11.0758,56.7557,3.69032
1.79927,522.144,13.715,67.8102,4.38071
-2.02876,534.302,12.0706,61.264,3.85462
0.37264,539.828,13.4115,66.9521,4.17256
-3.6736,517.885,10.9514,56.2313,3.65738
-3.50303,510.603,10.8721,55.7565,3.67713
-3.65512,594.603,12.5831,64.6011,3.65951
-2.74845,505.081,11.0863,56.5529,3.76641
-1.29983,591.287,13.7514,69.4422,3.94715
-4.07372,575.371,11.9715,61.6444,3.61167
-3.23915,581.376,12.5115,64.0444,3.70799
1.3158,565.237,14.5703,72.2737,4.30843
1.83537,524.132,13.7865,68.1473,4.38619
-0.726412,589.739,14.0307,70.5724,4.02231
1.63127,561.564,14.6545,72.5369,4.35539
1.44272,513.486,13.3019,65.9255,4.32723
-4.21395,535.461,11.0779,57.1001,3.59585
1.54347,542.907,14.1193,69.9292,4.34224
-3.55552,506.356,10.7588,55.1962,3.67103
-2.94299,537.934,11.7155,59.8442,3.74309
-4.47478,503.371,10.3042,53.2114,3.5667
-0.118472,594.841,14.4957,72.6077,4.10439
-4.27891,545.234,11.2503,58.016,3.58856
-4.0397,583.29,12.153,62.5639,3.61553
-0.747344,552.776,13.1404,66.104,4.01953
0.83009,582.64,14.7368,73.3401,4.23763
-4.7322,503.994,10.2093,52.819,3.53826
-1.42576,598.228,13.8434,69.9678,3.93093
-0.736104,599.596,14.2597,71.7293,4.02102
-2.12976,551.054,12.3989,62.9748,3.84205
-2.46308,539.58,11.9799,60.9887,3.80102
-4.31965,534.586,11.0124,56.8055,3.584
-3.33243,532.553,11.4178,58.4844,3.69704
-4.46056,529.277,10.8407,55.9765,3.56828
-4.41333,505.216,10.3678,53.5165,3.57353
-0.0317448,578.006,14.1336,70.7521,4.1163
0.660177,596.166,14.979,74.6314,4.21328
-2.82218,539.515,11.8071,60.2609,3.75755
1.93084,535.656,14.142,69.8595,4.40071
-0.656569,524.338,12.5092,62.8893,4.03161
-4.20499,553.088,11.4467,58.9975,3.59686
-2.90346,558.314,12.1787,62.193,3.74781
-0.34702,551.246,13.3129,66.7876,4.07324
-3.15321,562.462,12.1465,62.138,3.71813
-0.114054,521.419,12.7087,63.6548,4.10499
-2.54529,571.429,12.6453,64.4133,3.79101
-2.05188,558.142,12.5975,63.9488,3.85174
0.10053,581.398,14.2907,71.4739,4.13458
-1.6802,516.129,11.8232,59.8631,3.89845
-3.17115,505.77,10.9143,55.8416,3.71601
-1.46918,512.278,11.834,59.8298,3.92536
1.27323,526.572,13.5511,67.2375,4.30215
-4.33933,594.911,12.2453,63.1741,3.58179
1.49984,568.789,14.7673,73.1602,4.33573
0.329384,509.577,12.6385,63.1117,4.16649
-3.52716,506.97,10.7842,55.3153,3.67432
-3.5093,558.776,11.8948,61.0042,3.6764
-3.40193,512.694,10.9613,56.1736,3.68891
0.861677,557.704,14.1236,70.273,4.24218
-3.75077,555.097,11.7017,60.117,3.6485
-3.50249,535.416,11.4007,58.4671,3.67719
0.336347,565.856,14.0381,70.0977,4.16747
-2.32938,503.778,11.245,57.1941,3.8174
1.99001,519.739,13.7533,67.9124,4.40975
-1.29034,529.648,12.3225,62.2225,3.94838
-3.43756,569.645,12.1614,62.3395,3.68475
-3.95929,538.126,11.2486,57.8749,3.62466
-3.9096,543.97,11.3937,58.6004,3.63032
-0.515083,584.608,14.0253,70.4426,4.05056
1.26294,532.902,13.7085,68.0231,4.30063
-2.28684,552.703,12.3581,62.8368,3.82264
0.859981,513.139,12.9941,64.6541,4.24193
-4.9565,508.445,10.2057,52.8854,3.51376
-1.39884,581.968,13.4815,68.1261,3.93439
-3.36812,509.529,10.9085,55.8895,3.69286
-2.60883,572.402,12.6346,64.3875,3.78329
-4.48702,599.357,12.2629,63.332,3.56534
-0.418345,577.829,13.9157,69.8458,4.06359
0.631338,567.878,14.2522,71.0239,4.20917
1.20577,578.591,14.8507,73.7192,4.29223
-3.80055,564.459,11.8751,61.0293,3.64279
0.231964,596.918,14.7482,73.6956,4.15286
-3.47923,516.446,11.0071,56.4393,3.6799
1.38899,591.037,15.2789,75.751,4.31925
-1.5586,522.995,12.0387,60.9024,3.91392
-2.52544,595.583,13.1903,67.1801,3.79342
1.18649,546.062,14.0052,69.5314,4.2894
1.39004,559.562,14.4658,71.7194,4.31941
-4.95455,546.35,10.9674,56.8319,3.51397
0.277611,558.85,13.8324,69.0981,4.15924
-2.80495,580.015,12.7022,64.8216,3.75962
-4.32412,584.788,12.0443,62.1307,3.5835
-3.74588,576.045,12.1457,62.3957,3.64906
1.02067,570.313,14.5329,72.2318,4.26519
-3.82176,596.355,12.5354,64.4324,3.64036
1.90637,532.92,14.0564,69.4481,4.39698
-2.93845,527.994,11.5011,58.7473,3.74363
-4.99633,538.789,10.7972,55.9666,3.50944
-3.03274,583.575,12.6637,64.7288,3.7324
1.22055,590.549,15.1664,75.2786,4.2944
-3.83667,586.423,12.3192,63.3278,3.63865
-4.98021,559.66,11.2228,58.1661,3.51119
-2.76145,542.953,11.9113,60.7671,3.76485
-2.99003,541.161,11.7635,60.1094,3.73748
-2.75396,533.702,11.7119,59.7466,3.76575
-3.39645,540.251,11.553,59.2036,3.68955
0.979692,501.906,12.7692,63.4837,4.25924
1.98983,531.525,14.0651,69.4521,4.40972
-0.323349,543.531,13.1388,65.9037,4.07645
0.504794,520.641,13.002,64.8496,4.1912
0.846896,595.275,15.0663,74.9712,4.24005
-3.50892,513.904,10.9398,56.1061,3.67644
0.834311,558.813,14.1365,70.3505,4.23824
0.621784,501.296,12.5764,62.6771,4.20781
0.396838,502.056,12.4849,62.3164,4.17597
-3.18977,539.007,11.6228,59.4745,3.71381
-2.59281,597.853,13.2048,67.286,3.78523
0.71122,524.753,13.2111,65.8001,4.22057
-4.57694,502.411,10.2418,52.9282,3.55537
1.51189,592.592,15.3925,76.2513,4.33752
1.73466,505.495,13.2444,65.5119,4.37095
1.69522,534.642,13.9866,69.2016,4.365
-1.99768,529.447,11.9758,60.7696,3.8585
-0.00802514,539.412,13.2022,66.0788,4.11957
1.795,596.12,15.6555,77.4067,4.38007
-2.99789,547.259,11.8923,60.7709,3.73655
-4.26474,502.285,10.3701,53.4713,3.59015
-0.14292,568.666,13.8445,69.3576,4.10104
-0.321631,548.516,13.2602,66.5119,4.07668
-0.852067,575.048,13.6133,68.5324,4.00566
0.836576,548.159,13.8682,69.0142,4.23856
-4.86286,543.32,10.9474,56.6911,3.52396
-0.907036,565.04,13.3473,67.2187,3.99841
-0.68363,588.119,14.0158,70.477,4.02801
-4.46626,551.313,11.2895,58.2959,3.56764
-4.15654,573.179,11.8858,61.2397,3.60232
-3.22526,513.413,11.0551,56.5837,3.70963
1.50389,547.877,14.2266,70.4796,4.33633
0.93307,573.518,14.5646,72.4324,4.25249
-2.5008,557,12.348,62.8793,3.79642
-4.08302,535.887,11.1457,57.3963,3.61062
-2.71317,592.493,13.0234,66.4177,3.77067
-1.29859,500.716,11.6456,58.8077,3.94731
-4.51384,555.893,11.3612,58.6865,3.56236
-0.18654,535.316,13.0102,65.1974,4.09507
-3.16958,589.642,12.725,65.1053,3.71619
-0.158746,546.958,13.3077,66.6756,4.09887
-2.18129,597.754,13.422,68.1958,3.83567
1.93138,537.415,14.1887,70.0901,4.40079
0.545687,591.123,14.7859,73.7263,4.197
1.44437,568.553,14.7294,72.9993,4.32747
-4.64163,506.924,10.3066,53.2879,3.54823
-3.10912,569.098,12.3116,62.9632,3.72334
-2.81243,522.043,11.4292,58.3283,3.75872
-4.49598,534.399,10.9299,56.4511,3.56434
0.728684,598.545,15.0792,75.0955,4.22307
-4.81864,508.138,10.257,53.099,3.52879
-4.07579,546.131,11.3621,58.5076,3.61144
-1.78143,537.614,12.2658,62.1478,3.88565
-4.01494,517.246,10.7878,55.5259,3.61833
-0.967848,578.113,13.6233,68.6373,3.9904
1.26641,545.014,14.022,69.5771,4.30115
0.737627,539.699,13.6014,67.7321,4.22435
1.27384,516.297,13.287,65.9268,4.30224
1.55226,530.852,13.8105,68.3958,4.34355
-1.39006,525.418,12.1758,61.524,3.93552
-3.72845,527.62,11.1325,57.1837,3.65106
-1.20482,536.507,12.5246,63.2052,3.95946
-2.71709,538.214,11.8284,60.3253,3.77019
-2.0046,580.418,13.1251,66.6048,3.85763
-2.71418,546.648,12.0152,61.2765,3.77055
0.376861,571.115,14.1911,70.8422,4.17316
-4.92881,500.919,10.066,52.1512,3.51677
0.134909,535.174,13.1723,65.8648,4.13935
-4.48514,561.663,11.4926,59.3528,3.56555
1.41413,512.536,13.2625,65.7429,4.32298
-2.26085,594.26,13.3011,67.6193,3.82584
0.465653,555.486,13.851,69.1022,4.18567
-3.53607,541.853,11.5221,59.1039,3.67329
1.04708,517.085,13.1901,65.5462,4.26904
1.85658,591.873,15.5812,77.0074,4.38941
-3.15083,547.014,11.814,60.4361,3.71841
-4.6001,504.831,10.2815,53.1419,3.55281
-2.30696,515.211,11.5106,58.5354,3.82016
0.0622216,593.353,14.5626,72.8528,4.12927
-3.29086,571.035,12.2634,62.7972,3.70191
-4.52574,510.445,10.4273,53.867,3.56104
-4.31186,572.751,11.8023,60.8767,3.58487
-1.56563,531.578,12.2328,61.8875,3.91303
-2.58494,588.364,12.9993,66.2353,3.78619
1.7085,531.369,13.9082,68.8072,4.367
-0.881858,593.857,14.042,70.7052,4.00173
-2.8499,506.468,11.0715,56.5178,3.75422
-4.63201,585.96,11.9183,61.6161,3.54929
0.0773036,549.159,13.486,67.4597,4.13136
-4.75013,543.282,10.9971,56.9022,3.5363
-4.95891,563.892,11.3175,58.6479,3.5135
-2.36871,551.78,12.2971,62.5624,3.81257
0.0302366,581.222,14.247,71.2892,4.12485
-0.0548897,574.64,14.0385,70.2871,4.11312
0.942243,544.021,13.8205,68.7275,4.25382
-2.31715,545.592,12.1843,61.9662,3.81891
-1.82957,557.206,12.6885,64.3107,3.87958
1.55048,521.718,13.572,67.2152,4.34329
1.1539,519.075,13.2962,66.0256,4.28463
-1.99089,555.377,12.5657,63.7601,3.85935
-3.21878,589.829,12.7039,65.0196,3.71039
-3.39014,597.457,12.7795,65.4863,3.69028
0.641304,552.019,13.8596,69.0627,4.21059
-4.88641,564.105,11.3553,58.8133,3.52139
-2.6934,520.472,11.4494,58.3824,3.77305
0.35876,511.969,12.7124,63.4684,4.17061
1.88052,538.709,14.1948,70.1442,4.39305
-0.342483,565.896,13.6692,68.5728,4.07385
-1.67389,553.134,12.6741,64.1685,3.89925
-3.58541,561.071,11.907,61.0997,3.66757
-0.123857,510.014,12.4259,62.2427,4.10365
0.111266,533.589,13.1211,65.6194,4.13607
-1.98093,533.468,12.0748,61.2649,3.86059
-2.75156,521.655,11.4487,58.4026,3.76604
-3.37305,501.892,10.7428,55.0429,3.69228
-3.14134,549.327,11.8685,60.7109,3.71953
-3.37531,511.835,10.9546,56.1291,3.69202
-3.54558,505.94,10.7543,55.1692,3.67219
-1.85014,545.618,12.4144,62.9306,3.87699
-3.59789,502.076,10.6496,54.6525,3.66613
-1.13522,557.287,13.0457,65.8032,3.96851
1.87509,522.312,13.7599,67.9974,4.39222
-0.91818,570.701,13.4751,67.8675,3.99694
-2.06539,511.445,11.5373,58.5725,3.85006
-4.9853,586.692,11.7624,60.9652,3.51063
-0.451128,522.076,12.5567,63.0392,4.05917
-4.84506,521.687,10.5192,54.4665,3.5259
-3.95353,538.116,11.251,57.8849,3.62531
-2.94024,568.225,12.3765,63.2198,3.74342
-1.38336,501.671,11.6286,58.7562,3.93638
-4.71129,550.824,11.1675,57.7674,3.54056
0.593563,591.566,14.8247,73.896,4.20379
-3.55957,594.414,12.6278,64.7864,3.67056
-3.35579,565.658,12.1161,62.0717,3.6943
0.140436,502.512,12.3711,61.8562,4.14012
-2.22521,594.851,13.3334,67.7663,3.83024
-0.688607,559.816,13.3387,67.0744,4.02734
-3.92661,501.282,10.4923,53.9712,3.62838
-2.15512,523.382,11.7643,59.7625,3.83891
-1.74225,546.26,12.4826,63.2287,3.8906
-1.89256,534.563,12.1423,61.5695,3.87166
-0.321175,586.281,14.1735,71.0922,4.07674
-3.6202,561.015,11.8891,61.0228,3.66355
-0.363443,558.07,13.469,67.5782,4.07101
1.81377,536.401,14.0974,69.6942,4.38291
-1.19878,566.285,13.2229,66.7266,3.96024
-4.02424,510.924,10.6519,54.8302,3.61728
1.20208,542.201,13.9147,69.0744,4.29169
-3.82535,535.28,11.25,57.8266,3.63994
-0.0875336,563.177,13.7408,68.8119,4.10863
-0.392222,537.339,12.9539,65.0068,4.06712
-3.97961,576.144,12.0334,61.9216,3.62235
-0.0666615,509.409,12.4392,62.2846,4.1115
-0.76675,518.4,12.3138,61.9538,4.01695
1.95741,560.301,14.8079,73.136,4.40476
-3.38589,576.934,12.3427,63.2457,3.69078
-4.18366,524.397,10.8623,55.9769,3.59926
-0.0176522,552.462,13.5165,67.6563,4.11825
-4.42536,577.8,11.8515,61.1805,3.57219
-0.0906083,504.397,12.3052,61.6238,4.10821
-2.35922,588.185,13.1135,66.7111,3.81374
-2.43351,522.004,11.6034,59.0598,3.80464
-1.63531,522.158,11.9828,60.6519,3.90415
-0.719756,503.092,11.9724,60.2168,4.0232
-4.04774,504.513,10.5082,54.0997,3.61461
-4.67579,514.531,10.4468,54.0256,3.54447
-0.642629,548.714,13.098,65.8431,4.03348
-0.380124,568.182,13.704,68.7653,4.06876
-3.64052,569.316,12.0551,61.8838,3.6612
-1.08489,579.267,13.5873,68.5114,3.97507
-4.51766,592.804,12.1137,62.5752,3.56194
-1.9678,575.387,13.0304,66.1076,3.86223
1.44883,523.841,13.5734,67.2682,4.32813
1.7556,542.681,14.2303,70.3784,4.37411
-3.23036,593.14,12.7692,65.3594,3.70902
-4.19096,590.23,12.2223,62.9889,3.59844
-3.73082,505.372,10.6621,54.7681,3.65079
-0.544651,551.471,13.2148,66.3857,4.04659
-3.39587,533.402,11.4068,58.4542,3.68962
-3.51355,576.244,12.2645,62.9023,3.67591
-1.51947,596.693,13.7565,69.5739,3.91892
-4.96831,573.798,11.5119,59.6594,3.51248
-2.36707,545.303,12.1536,61.8314,3.81278
-2.91262,587.285,12.8059,65.4003,3.74672
0.790146,557.123,14.0694,70.0377,4.23189
-0.767807,596.4,14.166,71.2731,4.01681
-2.13252,575.59,12.9495,65.7728,3.84171
-3.76413,580.552,12.2317,62.8457,3.64696
0.907862,578.287,14.6713,72.9754,4.24884
-1.82344,537.546,12.2438,62.0542,3.88035
-0.364239,529.799,12.7863,64.1532,4.07091
-3.879,580.597,12.1759,62.6101,3.63381
-2.23715,529.169,11.8555,60.26,3.82876
-4.75768,539.442,10.916,56.4857,3.53547
-0.637676,548.606,13.098,65.8407,4.03414
-0.602987,531.968,12.7182,63.9163,4.03877
-1.24371,533.332,12.4312,62.7512,3.95441
-0.15796,540.792,13.1581,65.9256,4.09898
-2.70388,594.981,13.0829,66.7171,3.77179
-0.443549,514.993,12.3901,62.1993,4.06019
-0.485968,545.424,13.1003,65.7836,4.05447
0.642434,501.114,12.582,62.6962,4.21075
-4.16262,551.041,11.424,58.8625,3.60163
-2.22892,570.145,12.7777,64.9437,3.82978
0.586894,593.911,14.8796,74.1729,4.20285
0.0172511,593.888,14.55,72.812,4.12306
-3.40228,570.818,12.2038,62.5412,3.68887
-4.02402,542.93,11.3193,58.2653,3.6173
-4.0532,546.712,11.3846,58.6141,3.614
-4.58715,524.763,10.693,55.2641,3.55425
-3.89331,525.932,11.0231,56.6881,3.63218
1.04783,527.103,13.446,66.8177,4.26915
-2.62198,521.178,11.4978,58.6,3.78169
-4.6383,564.396,11.4767,59.3359,3.5486
-4.21193,503.723,10.4221,53.7193,3.59608
-4.11935,550.288,11.4284,58.8672,3.60651
-4.03065,512.336,10.6786,54.9699,3.61655
0.0439928,582.715,14.2913,71.5044,4.12675
-4.79366,534.243,10.795,55.8737,3.53153
-3.05367,512.549,11.113,56.8113,3.72991
-0.168089,515.544,12.5388,62.827,4.0976
1.54659,586.764,15.2617,75.5857,4.3427
1.78124,564.998,14.8302,73.333,4.37799
-2.23348,574.648,12.8763,65.4469,3.82922
-4.46372,509.669,10.4378,53.8971,3.56793
-3.51183,530.745,11.297,57.9391,3.67611
-4.50017,563.458,11.5222,59.5124,3.56388
-3.91725,588.091,12.314,63.3373,3.62945
1.00021,531.319,13.5284,67.2487,4.26222
-1.05134,567.784,13.3357,67.2271,3.97946
-3.92087,584.887,12.2451,62.9846,3.62903
-4.12965,545.864,11.3318,58.3738,3.60535
-0.773793,558.551,13.2638,66.7369,4.01602
1.85794,523.012,13.7691,68.051,4.38961
-0.52692,543.574,13.0347,65.4729,4.04897
1.3194,587.848,15.1553,75.1735,4.30896
-1.49093,534.573,12.3384,62.3891,3.92257
-1.4548,544.805,12.5926,63.6587,3.9272
-4.63057,520.061,10.5785,54.6891,3.54945
-4.57888,526.098,10.7238,55.42,3.55516
1.41054,527.806,13.6557,67.6938,4.32245
0.634246,550.299,13.8125,68.8317,4.20958
-3.68684,588.023,12.4279,63.8186,3.65585
-1.39592,557.301,12.9116,65.2448,3.93476
1.74714,577.17,15.1297,74.8309,4.37283
-4.25646,574.862,11.8725,61.2146,3.59108
1.00559,576.774,14.6889,73.0145,4.263
-1.4274,549.281,12.7099,64.2396,3.93072
-4.80232,596.123,12.0411,62.3273,3.53058
-1.32932,585.068,13.5909,68.6454,3.94334
1.46897,564.404,14.6359,72.5241,4.33113
0.265988,566.301,14.0104,69.9929,4.15761
0.396368,586.889,14.5943,72.845,4.1759
1.38362,564.038,14.5778,72.278,4.31846
0.645403,526.456,13.2199,65.8732,4.21117
-3.02232,550.121,11.9427,61.0392,3.73364
1.08366,559.265,14.2864,70.9767,4.27437
0.233632,562.826,13.9068,69.4904,4.15309
-4.76443,557.183,11.2719,58.3301,3.53473
-0.230952,566.543,13.7451,68.9009,4.08901
1.83416,553.961,14.5705,72.0228,4.386
0.667729,575.936,14.475,72.1166,4.21436
-2.10559,596.069,13.4247,68.1735,3.84506
-3.13716,544.383,11.7636,60.1728,3.72002
1.10779,540.771,13.827,68.6831,4.27789
0.643214,515.262,12.9377,64.468,4.21086
-0.0881663,565.294,13.7921,69.0692,4.10855
-4.07239,585.381,12.1804,62.7196,3.61182
-2.73801,509.191,11.1812,57.0327,3.76767
1.12052,592.531,15.158,75.288,4.27975
-4.5319,528.538,10.7942,55.7648,3.56036
1.34033,504.163,13.0084,64.5154,4.31205
-0.926078,572.853,13.5217,68.1058,3.9959
-4.43911,553.067,11.3379,58.5346,3.57066
0.840486,534.698,13.5297,67.328,4.23913
1.3251,516.14,13.3095,66.0157,4.3098
0.930665,536.74,13.6293,67.7824,4.25214
-1.37605,509.825,11.821,59.7256,3.93732
-1.13834,595.058,13.9281,70.2559,3.9681
-3.63694,537.441,11.3818,58.426,3.66161
-2.42361,524.244,11.6578,59.3327,3.80585
-1.2392,563.487,13.1365,66.309,3.955
-3.84501,553.739,11.6287,59.7816,3.6377
-0.0590659,556.9,13.6029,68.1081,4.11254
1.09615,574.296,14.6776,72.9137,4.27619
-3.7659,528.276,11.1295,57.1833,3.64676
-1.78892,553.665,12.6283,63.9876,3.8847
-2.56383,527.501,11.6645,59.4252,3.78875
1.73518,521.502,13.6641,67.5875,4.37103
-0.0681319,590.008,14.4064,72.1358,4.1113
-1.88636,563.505,12.8029,64.9162,3.87244
-1.35603,524.605,12.1734,61.4975,3.9399
-2.70081,589.363,12.961,66.0938,3.77216
0.579185,548.991,13.75,68.5458,4.20175
-3.15457,591.525,12.7734,65.3458,3.71796
-0.720288,573.17,13.6398,68.6034,4.02313
-1.00782,554.893,13.0554,65.7944,3.98516
-2.35797,517.408,11.5361,58.6861,3.81389
-4.97304,544.097,10.9139,56.5623,3.51196
-1.86575,517.913,11.7767,59.7046,3.87503
0.00170511,535.349,13.1078,65.6019,4.12091
-0.151601,530.115,12.9016,64.6374,4.09985
-3.37005,581.003,12.4377,63.7254,3.69263
-4.17706,547.053,11.3346,58.4082,3.6
-1.16943,597.448,13.9668,70.4663,3.96406
-1.23593,501.436,11.6914,59.0134,3.95542
-3.49738,563.746,12.0064,61.5712,3.67778
-3.41597,527.118,11.2632,57.7269,3.68727
-3.87819,500.835,10.5035,54.0103,3.6339
-4.12589,507.783,10.5429,54.3082,3.60577
-1.23077,525.715,12.26,61.8812,3.95609
-3.88365,517.954,10.8602,55.8462,3.63328
-4.27019,560.826,11.5762,59.6925,3.58954
-2.15,526.363,11.8338,60.113,3.83954
-1.74589,590.156,13.4837,68.3015,3.89014
-1.11037,591.854,13.8685,69.9417,3.97175
1.93447,509.941,13.465,66.5135,4.40126
-3.03829,528.768,11.4718,58.6388,3.73174
-3.22009,591.878,12.7473,65.2426,3.71023
-1.17058,511.62,11.9598,60.341,3.96391
-0.938872,572.647,13.51,68.0528,3.99421
1.77372,513.681,13.4793,66.6563,4.37685
1.52568,562.846,14.6277,72.456,4.33958
-1.83922,547.445,12.4614,63.1641,3.87836
1.37839,540.957,13.9785,69.3087,4.31768
-3.02606,547.533,11.8847,60.7445,3.73319
-4.68925,534.979,10.856,56.1472,3.54299
-2.12617,548.875,12.3516,62.7332,3.8425
-4.134,580.643,12.0516,62.0839,3.60486
1.01683,506.26,12.8987,64.1114,4.26464
1.39602,554.434,14.3365,71.0757,4.32029
-1.13195,506.288,11.8533,59.7877,3.96893
-4.8819,560.986,11.2946,58.4969,3.52188
1.26479,597.675,15.3759,76.2958,4.30091
-0.700154,558.095,13.2916,66.843,4.02581
-0.650743,525.157,12.5316,62.9995,4.03239
-1.53281,509.756,11.746,59.4111,3.91722
-3.61016,569.634,12.0766,61.9811,3.66471
-0.0689297,586.924,14.3307,71.7569,4.11119
-0.0611169,552.551,13.4956,67.5717,4.11226
1.693,586.793,15.3496,75.9463,4.36467
-1.66564,509.316,11.674,59.1012,3.9003
-1.34212,513.144,11.914,60.1814,3.94169
0.144854,504.79,12.4293,62.1455,4.14073
-3.30448,535.511,11.4942,58.8639,3.70031
0.256875,584.359,14.452,72.2035,4.15634
0.912658,519.499,13.1823,65.567,4.24954
0.168856,570.131,14.0515,70.2445,4.14407
-2.49516,552.608,12.2534,62.395,3.79711
-2.58038,586.385,12.958,66.0226,3.78674
-1.72447,573.521,13.1148,66.423,3.89285
-4.54892,514.76,10.5056,54.2802,3.55847
-2.19849,581.559,13.0494,66.3105,3.83354
-3.59851,582.911,12.364,63.4504,3.66606
-3.00736,565.203,12.2775,62.7438,3.73542
-2.08511,556.651,12.5472,63.7082,3.8476
-0.141771,538.764,13.1171,65.713,4.1012
-0.311361,520.717,12.5933,63.1621,4.07807
-4.03801,524.611,10.9311,56.2731,3.61572
-0.280648,554.516,13.427,67.3292,4.08225
-0.969572,524.285,12.354,62.243,3.99018
-0.48954,571.261,13.7189,68.8918,4.05399
-3.27213,582.54,12.5199,64.1024,3.70411
1.39172,501.266,12.9596,64.251,4.31966
0.263255,548.274,13.563,67.7588,4.15723
-1.83696,526.08,11.9762,60.7035,3.87865
0.491775,525.483,13.1162,65.4251,4.18936
-1.9806,563.798,12.7614,64.7487,3.86063
1.39708,545.19,14.0981,69.8931,4.32045
-1.58178,583.347,13.4155,67.8786,3.91097
-0.932109,563.201,13.2907,66.945,3.9951
-1.39155,564.655,13.0843,66.1152,3.93533
-4.92597,549.172,11.0369,57.1803,3.51708
0.878507,520.225,13.1831,65.5862,4.24461
-0.913139,589.314,13.9173,70.0925,3.9976
-3.62443,586.8,12.4334,63.8185,3.66306
-2.20299,593.475,13.3143,67.6591,3.83298
-2.45142,574.689,12.7653,64.9821,3.80245
-3.74088,556.142,11.7284,60.2499,3.64964
-3.43459,571.787,12.2086,62.5801,3.6851
-1.45897,546.529,12.6304,63.8514,3.92667
-3.73272,559.866,11.8109,60.6699,3.65057
-2.37991,594.699,13.2477,67.4038,3.8112
0.509696,583.967,14.5863,72.749,4.1919
-3.50606,598.377,12.7395,65.3347,3.67678
-0.582095,554.522,13.2683,66.6716,4.04157
-3.71102,586.026,12.3736,63.5507,3.65307
1.79526,510.872,13.4168,66.3378,4.38011
-3.55043,562.951,11.9638,61.3759,3.67162
0.239782,521.968,12.9003,64.4587,4.15395
-2.02323,523.284,11.8243,60.0116,3.85531
-0.463689,596.402,14.3373,71.9844,4.05747
0.680994,598.012,15.0377,74.9129,4.21625
-2.81641,508.016,11.1203,56.7536,3.75824
1.50957,534.52,13.8829,68.7739,4.33718
-2.23578,500.82,11.221,57.0342,3.82893
-0.778149,532.449,12.6418,63.6091,4.01544
-0.48137,516.489,12.4075,62.3031,4.05509
-4.51995,508.409,10.3882,53.6626,3.56168
-2.3923,535.819,11.9302,60.7055,3.80968
-4.53707,536.044,10.9452,56.547,3.55979
-2.79459,531.841,11.6521,59.4582,3.76086
-0.730758,533.345,12.6868,63.8148,4.02173
-1.28966,506.374,11.7814,59.4896,3.94847
-1.46867,579.428,13.3855,67.6735,3.92542
-1.53639,549.916,12.6696,64.0841,3.91676
-4.81873,519.899,10.4944,54.3278,3.52878
-0.724409,532.889,12.6792,63.7736,4.02258
-4.25714,593.485,12.2568,63.1962,3.591
-3.69242,570.039,12.0451,61.8554,3.65521
-0.842584,578.075,13.6901,68.9145,4.00691
-2.61439,518.538,11.4431,58.3178,3.78261
-4.65922,565.258,11.4844,59.3849,3.54629
-2.62753,527.403,11.6326,59.289,3.78102
-1.54987,563.578,12.9774,65.6471,3.91504
-3.42966,560.355,11.9668,61.3389,3.68567
1.63541,532.462,13.8973,68.787,4.35601
-1.22408,558.36,13.0248,65.7382,3.95696
-3.69152,508.251,10.7399,55.1523,3.65532
-2.25021,532.228,11.9178,60.5821,3.82715
0.246628,536.314,13.2585,66.245,4.15491
1.52602,502.522,13.0602,64.6911,4.33963
1.13058,530.084,13.5658,67.3752,4.28122
-2.17193,537.358,12.0704,61.3243,3.83683
-3.34766,542.31,11.6198,59.5258,3.69525
0.479978,548.06,13.6735,68.2101,4.18769
-1.86947,535.289,12.17,61.7001,3.87456
1.43007,549.278,14.2221,70.4921,4.32535
-2.10892,505.597,11.3856,57.8197,3.84464
-4.62262,506.508,10.3062,53.2782,3.55033
-1.3729,543.003,12.5919,63.6189,3.93772
-2.26875,543.083,12.1518,61.7799,3.82487
1.93154,502.786,13.2745,65.574,4.40082
-1.25166,595.14,13.8675,70.0052,3.95338
1.47591,547.118,14.1915,70.3186,4.33216
-2.85985,577.975,12.6296,64.4762,3.75303
-3.5408,581.535,12.3635,63.4223,3.67274
1.39928,596.384,15.4233,76.4616,4.32078
-0.254611,588.235,14.2581,71.484,4.08579
-1.07049,597.508,14.0232,70.7022,3.97696
1.36354,531.854,13.7353,68.1098,4.31548
-0.713173,501.714,11.9427,60.0648,4.02407
-2.77223,537.996,11.7975,60.1908,3.76355
-0.803049,531.481,12.6064,63.4418,4.01214
-1.90437,593.194,13.4677,68.2959,3.87018
-4.01068,545.459,11.3782,58.5629,3.61882
-3.03256,584.288,12.6792,64.8082,3.73242
-0.05026,502.726,12.2839,61.5002,4.11376
-3.10235,533.364,11.5417,59.0229,3.72414
1.81681,509.704,13.3974,66.232,4.38337
-1.35674,501.506,11.6371,58.7883,3.93981
-0.942352,516.278,12.1784,61.347,3.99376
-3.8467,563.002,11.8224,60.7782,3.6375
-3.3907,596.596,12.7608,65.3907,3.69022
-3.0623,523.919,11.3556,58.0549,3.72889
0.257409,549.823,13.5982,67.9374,4.15641
1.87455,515.438,13.5785,67.1013,4.39214
-0.856816,570.724,13.5084,68.0066,4.00503
-3.42752,562.886,12.0219,61.6204,3.68592
1.79327,584.485,15.3489,75.8917,4.37981
-1.49539,504.498,11.6421,58.8705,3.922
-4.25338,564.287,11.6556,60.0947,3.59142
-1.9859,526.085,11.9053,60.4071,3.85997
1.64303,592.669,15.4733,76.5837,4.35715
-3.14249,572.185,12.3618,63.2346,3.71939
-0.206375,579.617,14.0759,70.5473,4.09236
-2.96131,560.896,12.2066,62.3609,3.7409
-0.0781305,564.625,13.7812,69.0099,4.10992
1.80757,584.016,15.3451,75.8656,4.38197
-0.672769,588.976,14.0423,70.6048,4.02945
-3.86671,540.463,11.3399,58.3061,3.63521
-3.79414,538.614,11.3343,58.2475,3.64352
-1.61776,560.97,12.8825,65.1977,3.90639
0.494361,572.957,14.3027,71.3419,4.18973
1.4664,528.511,13.7037,67.9062,4.33075
-1.865,505.535,11.4956,58.279,3.87512
-2.81196,556.074,12.1745,62.1316,3.75878
0.301421,583.949,14.4671,72.2571,4.16257
0.880836,595.321,15.0875,75.0593,4.24494
-0.738019,503.238,11.9672,60.1983,4.02077
0.297102,540.324,13.3841,66.8497,4.16197
0.203032,541.554,13.3651,66.7977,4.14883
1.61571,555.404,14.485,71.7054,4.35305
0.356135,589.138,14.6271,73.0288,4.17024
0.608212,533.886,13.3869,66.7225,4.20588
-0.784228,553.759,13.1446,66.1417,4.01464
0.856231,520.604,13.1812,65.5866,4.24139
-3.61883,577.885,12.2473,62.8607,3.6637
-1.59014,519.891,11.9522,60.4783,3.9099
1.72216,568.296,14.8826,73.6212,4.36906
-4.41105,578.966,11.8824,61.3333,3.57379
0.712237,566.854,14.2716,71.0816,4.22072
0.0483995,524.179,12.8579,64.3306,4.12736
-4.43444,551.937,11.3169,58.4241,3.57118
-3.29275,548.977,11.7888,60.3677,3.70169
-3.46809,579.206,12.3503,63.3215,3.68119
1.98485,596.803,15.7894,77.9692,4.40896
1.65258,536.91,14.0227,69.3999,4.35859
-3.76345,536.343,11.3006,58.0613,3.64704
1.81522,500.032,13.1423,64.9718,4.38313
-2.25632,549.005,12.2904,62.4792,3.8264
-2.69806,550.76,12.1134,61.7704,3.77249
-0.637532,582.274,13.9019,69.8817,4.03416
-0.452162,559.777,13.463,67.5892,4.05903
-2.92064,504.637,11.0002,56.1817,3.74576
-1.35186,553.439,12.8446,64.8864,3.94044
-4.31607,592.425,12.2056,62.959,3.5844
-1.83715,531.358,12.0962,61.3121,3.87862
-2.36143,594.297,13.2485,67.3993,3.81347
-2.63389,522.784,11.5278,58.7574,3.78025
1.9874,565.49,14.9624,73.8843,4.40935
0.5944,557.195,13.9638,69.6045,4.20391
-0.905568,557.894,13.1793,66.3719,3.9986
-4.05993,539.801,11.2377,57.8601,3.61323
-1.22378,531.975,12.4094,62.6324,3.957
-2.17311,513.797,11.5406,58.6332,3.83668
-4.84219,564.966,11.3932,58.9907,3.52622
-2.48994,534.207,11.8478,60.3278,3.79775
0.971689,527.751,13.4226,66.7356,4.25808
-0.49313,570.591,13.7009,68.8029,4.05351
-1.32472,516.636,12.0034,60.6255,3.94394
-0.0321469,582.062,14.2326,71.2476,4.11625
-3.89567,505.293,10.5895,54.4592,3.63191
-4.99799,536.708,10.7547,55.7474,3.50926
1.27085,533.987,13.7407,68.179,4.3018
0.672084,594.205,14.9367,74.4146,4.21498
0.702449,598.464,15.0617,75.0216,4.21932
-1.82836,519.826,11.8378,59.9989,3.87973
1.03259,510.23,13.0079,64.647,4.26693
-4.63592,598.643,12.1743,62.9415,3.54886
-1.70995,503.342,11.5167,58.323,3.89468
-4.07655,515.843,10.7317,55.2614,3.61135
-3.36258,566.284,12.1262,62.1264,3.69351
-1.57263,573.734,13.1993,66.7802,3.91213
-4.80556,587.827,11.8719,61.4533,3.53022
-2.3943,526.824,11.7289,59.6824,3.80944
-1.93918,562.754,12.7589,64.7171,3.86581
0.0315666,581.338,14.2506,71.3066,4.12504
-4.17433,515.217,10.6762,55.0141,3.60031
-0.297951,561.436,13.5853,68.131,4.0799
-4.11683,514.136,10.6787,55.0044,3.6068
1.43907,564.881,14.6312,72.5154,4.32668
-1.39662,518.629,12.0153,60.716,3.93467
1.60834,589.569,15.3716,76.0982,4.35195
-2.82003,525.99,11.5121,58.7545,3.75781
0.142634,533.011,13.1231,65.6151,4.14042
-1.33398,569.47,13.2261,66.8051,3.94274
-0.592707,575.114,13.7553,69.1234,4.04015
1.19028,586.488,15.0443,74.688,4.28996
-3.69456,509.789,10.7711,55.3136,3.65497
-1.34155,533.639,12.3902,62.5862,3.94177
-3.21228,537.755,11.5853,59.2921,3.71116
0.97578,517.486,13.1636,65.4461,4.25868
0.107177,570.43,14.0248,70.1407,4.1355
-0.939918,559.86,13.2078,66.531,3.99408
1.28477,566.877,14.5949,72.4109,4.30385
1.32682,553.853,14.283,70.8432,4.31005
-4.85081,587.265,11.8387,61.3012,3.52528
-2.84751,511.271,11.1776,57.0583,3.75451
-0.422739,558.576,13.4497,67.509,4.063
-3.48632,530.693,11.3075,57.9826,3.67907
1.53965,595.263,15.4786,76.6634,4.34167
-1.06979,590.236,13.8529,69.8432,3.97705
-1.66493,557.818,12.786,64.731,3.90039
-1.63889,573.25,13.1534,66.5786,3.9037
-2.29069,581.288,12.9953,66.0781,3.82216
1.13802,565.713,14.4818,71.9211,4.2823
1.30768,501.025,12.911,64.0465,4.30723
-2.73198,560.412,12.3089,62.7823,3.7684
1.49996,504.645,13.102,64.91,4.33574
-3.40948,580.746,12.4124,63.6137,3.68803
0.507788,548.969,13.7111,68.3847,4.19163
-0.669741,587.102,13.9993,70.387,4.02986
-4.02325,529.702,11.0438,56.8472,3.61739
-4.26004,519.339,10.7242,55.2955,3.59068
-4.67337,592.645,12.0339,62.2325,3.54473
-4.75277,520.985,10.5447,54.5621,3.53601
-0.0646032,564.196,13.7781,68.9878,4.11178
-2.44734,513.293,11.4034,58.0477,3.80295
1.83946,503.643,13.2497,65.492,4.38681
-2.13124,505.442,11.3719,57.7595,3.84187
-0.10684,502.223,12.2443,61.3257,4.10598
-2.54767,566.428,12.5334,63.8446,3.79072
-2.38138,517.128,11.519,58.609,3.81102
0.538009,545.96,13.6521,68.0766,4.19591
-3.42397,577.781,12.3418,63.2584,3.68633
-1.67333,554.761,12.7117,64.3584,3.89933
1.55595,514.785,13.3944,66.3336,4.3441
-2.985,514.916,11.1952,57.2038,3.73808
-1.8875,557.347,12.6624,64.2045,3.87229
-2.53087,596.626,13.2105,67.2856,3.79276
-2.22341,556.083,12.4653,63.3536,3.83046
-0.939535,502.723,11.86,59.7419,3.99413
-1.25279,575.542,13.4103,67.6974,3.95324
-4.36913,594.271,12.2173,63.0431,3.57846
-3.18499,525.371,11.331,57.9791,3.71437
-2.43719,586.849,13.0429,66.3883,3.80419
-0.737498,511.48,12.1635,61.1852,4.02084
-1.82011,530.226,12.0786,61.2158,3.88077
0.470809,587.109,14.6424,73.0483,4.1864
0.291484,560.429,13.879,69.3244,4.16118
0.0185531,526.292,12.8946,64.5273,4.12324
-1.99469,549.216,12.4244,63.0448,3.85887
-1.882,556.642,12.6491,64.1348,3.87299
0.451461,535.364,13.3418,66.5683,4.18366
0.00518503,530.001,12.9786,64.9539,4.12139
-0.854233,580.345,13.7375,69.1588,4.00537
1.77196,556.592,14.6043,72.2205,4.37658
-4.51458,508.561,10.3935,53.6883,3.56228
-1.2299,543.791,12.682,64.0107,3.9562
-4.56129,540.509,11.0255,56.9717,3.5571
0.822691,504.864,12.7659,63.5348,4.23656
0.488448,500.186,12.4832,62.2688,4.18889
-1.8572,567.079,12.8991,65.3907,3.8761
-1.4263,573.752,13.2767,67.1039,3.93086
1.98297,570.327,15.0878,74.5057,4.40867
-4.65749,531.201,10.7933,55.8102,3.54648
1.44148,567.467,14.6996,72.853,4.32704
1.10215,532.073,13.6016,67.566,4.27706
-3.9099,501.766,10.5096,54.0534,3.63028
-4.07558,556.391,11.5757,59.6071,3.61146
0.814469,582.231,14.7175,73.2516,4.23538
-2.964,586.419,12.7606,65.1927,3.74058
1.38749,564.629,14.5953,72.3629,4.31903
-0.00571217,552.563,13.5253,67.6949,4.11989
-1.16372,523.552,12.2421,61.7622,3.9648
-2.18697,599.261,13.4528,68.3548,3.83497
0.393237,569.386,14.1573,70.6652,4.17546
-0.453011,558.476,13.4312,67.4302,4.05891
-1.9296,543.441,12.3257,62.5158,3.86701
-4.27721,507.777,10.4782,54.0334,3.58875
-2.24075,544.829,12.2045,62.0358,3.82832
1.35519,575.519,14.8581,73.6818,4.31425
-2.90107,527.218,11.5015,58.7337,3.7481
-1.66346,510.831,11.7097,59.2812,3.90058
-1.12503,580.676,13.5987,68.5878,3.96984
-2.19281,529.819,11.8911,60.4223,3.83424
-2.94665,563.441,12.2692,62.6742,3.74265
-1.20884,584.202,13.6358,68.815,3.95893
-1.29533,501.968,11.6762,58.9611,3.94773
-4.2944,515.653,10.6333,54.8399,3.58682
-2.59099,599.521,13.2426,67.4778,3.78545
0.436166,577.854,14.392,71.816,4.18151
0.493945,577.61,14.4186,71.9203,4.18967
-3.74442,530.182,11.1794,57.4307,3.64923
0.621168,506.171,12.6984,63.2853,4.20772
0.8418,585.616,14.8189,73.7426,4.23931
0.193368,569.425,14.0476,70.2133,4.14748
-2.71035,509.982,11.211,57.1737,3.77101
-4.65178,528.594,10.7428,55.5469,3.54711
-2.56204,598.654,13.2388,67.4448,3.78897
-0.682996,516.918,12.3193,61.9459,4.02809
-3.26597,507.518,10.9102,55.8583,3.70484
0.911006,589.478,14.957,74.3951,4.2493
-2.43341,593.463,13.1919,67.1449,3.80465
0.300525,571.066,14.1475,70.661,4.16244
-0.169867,561.909,13.6655,68.4734,4.09735
-1.12064,527.812,12.3628,62.3526,3.97041
1.97175,526.991,13.9353,68.8197,4.40696
-2.01089,595.83,13.4702,68.3592,3.85685
-1.51217,538.927,12.4284,62.8534,3.91985
-3.306,564.706,12.1201,62.07,3.70014
1.2288,532.442,13.6785,67.8896,4.29561
-3.71747,549.018,11.5892,59.5246,3.65233
-4.67749,584.604,11.8687,61.3797,3.54428
-4.95208,572.731,11.4981,59.581,3.51424
0.0258656,505.286,12.3835,61.9666,4.12425
0.00307908,575.881,14.101,70.5718,4.1211
-2.10681,579.126,13.0425,66.233,3.8449
-3.65055,553.8,11.7218,60.1772,3.66004
-3.22844,513.071,11.0463,56.54,3.70925
-2.69192,522.619,11.4973,58.6261,3.77323
-4.04962,546.278,11.3773,58.5745,3.6144
-4.72219,541.713,10.9779,56.7912,3.53936
-0.673006,509.295,12.1424,61.0523,4.02942
0.419525,514.514,12.8061,63.9097,4.17916
-4.35347,568.792,11.7009,60.3718,3.58021
-4.6674,563.087,11.4365,59.1406,3.54539
-3.81527,547.804,11.5179,59.1996,3.6411
-0.340719,509.986,12.3195,61.8014,4.07409
0.317286,553.115,13.7118,68.477,4.16479
-2.68643,534.553,11.7624,59.9758,3.7739
-1.82889,529.999,12.0692,61.1719,3.87966
-0.552119,502.205,12.0307,60.4404,4.04559
-3.84299,560.056,11.7623,60.4677,3.63793
1.73659,512.259,13.4226,66.3925,4.37124
-3.15805,512.571,11.0669,56.6172,3.71755
-0.37695,558.14,13.4635,67.5569,4.06918
-0.344956,540.317,13.05,65.4679,4.07352
-2.96712,505.252,10.993,56.1635,3.74021
-1.11413,582.136,13.6388,68.7848,3.97126
-1.50911,517.328,11.9317,60.3405,3.92025
-0.41242,569.86,13.727,68.8959,4.06439
-2.37899,599.31,13.3509,67.9285,3.81131
-0.188114,523.578,12.7241,63.7645,4.09486
-3.99985,511.434,10.6731,54.9297,3.62005
-0.997965,541.55,12.7464,64.233,3.98645
0.97995,576.194,14.6594,72.8807,4.25928
-4.07843,523.473,10.8896,56.0753,3.61114
-2.16132,548.663,12.3295,62.6364,3.83814
-1.5963,540.623,12.4258,62.8773,3.90912
-4.31427,539.507,11.1162,57.3387,3.5846
-2.2929,566.831,12.6709,64.4301,3.82189
-2.1209,505.236,11.372,57.7556,3.84315
0.690979,577.771,14.5343,72.4007,4.21768
-1.36628,579.541,13.4427,67.9145,3.93858
-3.96891,520.292,10.8716,55.9389,3.62356
1.91816,576.977,15.2254,75.2179,4.39878
1.80527,547.498,14.3843,71.1165,4.38162
-3.63433,558.643,11.832,60.7362,3.66191
-2.66341,530.527,11.6846,59.5694,3.77668
-4.87834,590.614,11.8929,61.5938,3.52227
0.367944,545.21,13.5427,67.6094,4.1719
-0.752595,532.012,12.6442,63.61,4.01883
-4.55577,555.237,11.3285,58.5349,3.55772
-0.866645,559.687,13.242,66.67,4.00373
-3.84334,574.752,12.0708,62.0536,3.63789
-3.20107,585.05,12.6099,64.5308,3.71248
-4.55533,522.934,10.6696,55.1302,3.55776
-2.50927,584.21,12.9468,65.9324,3.79539
1.4171,527.846,13.6602,67.7132,4.32342
-4.41402,519.056,10.6515,54.9813,3.57346
1.60294,579.493,15.1057,74.7846,4.35114
-3.71795,519.722,10.9706,56.3474,3.65227
-4.3303,525.27,10.8158,55.7956,3.5828
-0.264198,517.445,12.5375,62.8617,4.08448
0.481961,529.71,13.2167,65.9305,4.18797
-4.42335,553.008,11.3439,58.5592,3.57242
-2.65445,590.559,13.0115,66.3297,3.77776
1.86612,535.241,14.0956,69.6604,4.39086
0.837548,539.388,13.6468,67.9122,4.2387
-1.63144,593.574,13.6238,68.956,3.90465
-4.11042,545.798,11.3393,58.4042,3.60752
1.27011,590.361,15.1909,75.375,4.30169
-1.92765,574.893,13.0401,66.1382,3.86726
0.0783433,570.515,14.011,70.0855,4.1315
-4.42828,578.86,11.8719,61.2867,3.57187
-0.882167,580.399,13.7236,69.1021,4.00168
-3.38518,516.884,11.0583,56.6642,3.69086
-2.58773,593.523,13.1119,66.81,3.78585
0.918263,530.472,13.4637,66.964,4.25035
-0.457639,540.101,12.9869,65.2018,4.05829
0.964328,519.808,13.2168,65.7156,4.25702
-3.47453,500.501,10.6693,54.7053,3.68044
-1.00465,508.177,11.9578,60.2615,3.98557
1.56922,517.193,13.464,66.6723,4.34609
-0.104919,518.996,12.6542,63.3778,4.10625
-3.20398,599.421,12.9182,66.1094,3.71213
1.80876,598.647,15.7303,77.7692,4.38215
-2.00482,501.358,11.3372,57.532,3.85761
-0.887902,554.826,13.116,66.045,4.00093
-2.0671,538.643,12.15,61.6838,3.84984
-3.74467,567.443,11.9649,61.4664,3.6492
0.116798,507.552,12.4836,62.4286,4.13683
-1.85339,537.498,12.2281,61.9875,3.87658
-0.568469,572.069,13.6956,68.8119,4.0434
-3.38283,511.646,10.9473,56.0943,3.69114
-1.05006,598.475,14.0572,70.8639,3.97963
-4.572,513.331,10.4665,54.0876,3.55592
1.1615,504.547,12.9279,64.1934,4.28574
-4.94878,545.615,10.9552,56.7664,3.5146
-2.73296,569.323,12.5041,63.7785,3.76828
-3.42693,511.2,10.9183,55.9633,3.68599
-4.92937,529.71,10.6443,55.1476,3.51671
-4.48386,583.943,11.9491,61.7098,3.56569
1.40878,518.932,13.4252,66.5519,4.32219
0.863291,520.825,13.1904,65.6295,4.24241
-2.11165,509.114,11.4635,58.2166,3.8443
-0.914825,537.509,12.6931,63.9273,3.99738
1.69598,506.02,13.2383,65.4984,4.36512
-4.90133,590.878,11.887,61.5737,3.51977
-2.71578,544.172,11.96,60.9957,3.77035
-0.595478,518.688,12.4043,62.3358,4.03978
0.943957,577.538,14.6729,72.9658,4.25407
-4.41983,570.286,11.7001,60.396,3.57281
1.59814,547.648,14.2729,70.664,4.35042
-2.34559,596.232,13.3001,67.6543,3.81541
-2.20953,552.705,12.3965,62.9976,3.83218
-4.18879,535.191,11.0836,57.1194,3.59868
-4.67874,509.956,10.3526,53.5399,3.54414
-3.06701,528.723,11.4576,58.5781,3.72833
-0.190988,510.427,12.4032,62.1571,4.09447
1.52741,558.29,14.5103,71.8734,4.33984
-3.50095,502.889,10.7087,54.918,3.67737
-2.93868,596.813,13,66.4039,3.7436
0.0799273,515.011,12.6487,63.2703,4.13172
1.47468,556.817,14.4424,71.5623,4.33198
-3.13676,595.087,12.8595,65.7782,3.72007
-1.90788,559.254,12.6954,64.3809,3.86974
-3.36229,568.882,12.182,62.412,3.69354
0.948486,570.248,14.4903,72.0554,4.25472
-0.935529,537.522,12.683,63.8856,3.99465
0.670925,517.721,13.0135,64.8337,4.21482
-2.30588,508.418,11.3593,57.7657,3.82029
-4.20086,522.37,10.8128,55.7285,3.59732
-4.55089,587.823,11.9957,61.9803,3.55826
1.78708,522.347,13.7138,67.8099,4.37887
-3.59049,572,12.1364,62.2793,3.66698
-4.15001,551.422,11.4377,58.928,3.60305
-3.40305,587.37,12.5572,64.353,3.68878
-3.58119,505.635,10.7324,55.0705,3.66806
-2.85853,515.798,11.2716,57.5426,3.75319
1.81321,585.677,15.3921,76.0952,4.38283
-2.83496,579.322,12.6717,64.6798,3.75602
-4.24967,518.425,10.7099,55.2174,3.59184
0.0893604,573.34,14.0865,70.4577,4.13303
1.25543,539.992,13.8868,68.9115,4.29953
1.58022,509.358,13.2657,65.6855,4.34773
0.866447,584.127,14.7955,73.6137,4.24287
-0.408181,562.406,13.5497,68.004,4.06496
1.38711,576.653,14.9059,73.9029,4.31897
-4.89193,599.705,12.0692,62.5133,3.52079
-1.11849,598.156,14.0117,70.6677,3.97069
1.75352,516.863,13.5522,67.0258,4.3738
-0.457779,574.717,13.8192,69.3803,4.05827
0.422777,557.5,13.8778,69.2564,4.17962
0.921227,542.628,13.7738,68.5051,4.25078
-3.26923,589.281,12.6663,64.8503,3.70445
-2.2078,574.053,12.8761,65.4345,3.83239
0.360991,517.352,12.8472,64.1403,4.17093
-1.70007,540.327,12.3678,62.6288,3.89594
-2.12052,548.427,12.3444,62.6938,3.8432
1.55194,594.388,15.4632,76.581,4.3435
-1.26366,526.943,12.2726,61.9589,3.95183
1.75209,545.027,14.2898,70.6747,4.37358
-1.71331,504.095,11.5324,58.4038,3.89426
-1.54737,547.776,12.6147,63.8117,3.91536
-0.352194,560.16,13.5254,67.8561,4.07254
-2.10111,543,12.2317,62.113,3.84561
-3.40568,595.931,12.7389,65.2853,3.68847
1.78578,549.803,14.4339,71.3712,4.37867
-2.40369,584.514,13.0084,66.1974,3.80829
-4.13862,594.619,12.3394,63.5685,3.60434
-4.89815,532.947,10.723,55.5429,3.52011
-0.0304337,510.926,12.494,62.5436,4.11648
-4.54139,563.492,11.5036,59.4338,3.55931
-0.819136,579.352,13.7331,69.1197,4.01001
-1.78971,546.727,12.4696,63.184,3.8846
-4.16729,507.057,10.5101,54.1556,3.6011
-0.775973,584.753,13.8848,69.8625,4.01573
0.287296,567.913,14.0621,70.2407,4.16059
-0.971295,546.863,12.8851,64.9198,3.98995
0.814861,549.206,13.8829,69.0975,4.23544
0.381685,595.908,14.81,73.9292,4.17383
-3.08758,577.91,12.5131,63.9839,3.72589
0.7887,512.455,12.9407,64.4192,4.23168
-4.97213,583.303,11.7008,60.6398,3.51206
-0.564352,547.337,13.1056,65.8457,4.04395
1.00401,595.286,15.1594,75.3542,4.26277
-4.14283,568.592,11.7973,60.7775,3.60386
-2.46037,581.341,12.9085,65.7149,3.80136
-3.50807,585.131,12.4565,63.8841,3.67654
1.02661,546.239,13.9226,69.196,4.26606
1.80225,525.003,13.7917,68.188,4.38117
-3.77586,576.805,12.147,62.4156,3.64562
-4.67428,571.099,11.596,59.9682,3.54463
-3.84608,547.347,11.4939,59.0895,3.63757
-0.25722,520.615,12.6177,63.2612,4.08543
-0.0547846,502.073,12.2658,61.4114,4.11313
1.90775,586.059,15.4588,76.3764,4.39719
-0.769027,566.262,13.4495,67.6687,4.01665
-0.816257,590.468,13.9982,70.4526,4.01039
0.347891,593.299,14.7256,73.5249,4.16909
0.56286,561.383,14.0514,70.0559,4.19943
0.130251,526.404,12.9541,64.7757,4.1387
1.31744,544.701,14.0418,69.6515,4.30867
0.627143,536.842,13.471,67.1331,4.20857
-0.201004,507.403,12.3248,61.7687,4.0931
-3.7674,593.908,12.5115,64.2845,3.64659
-0.372487,536.848,12.9522,64.9893,4.06979
-4.25105,525.84,10.8624,56.0046,3.59168
0.703694,591.205,14.8797,74.1146,4.2195
-3.86492,556.344,11.674,60.023,3.63542
0.742766,576.554,14.5332,72.3694,4.22509
0.239173,550.854,13.6139,68.0245,4.15387
1.11282,566.222,14.4806,71.9273,4.27862
-2.85468,540.123,11.805,60.264,3.75365
-4.69868,569.946,11.5611,59.7982,3.54195
-1.81969,579.547,13.2024,66.911,3.88082
0.0235319,527.396,12.9242,64.6732,4.12393
0.405508,501.387,12.4725,62.2509,4.17719
-0.539424,578.383,13.8626,69.6373,4.04729
1.49798,504.495,13.0971,64.8864,4.33545
0.20916,522.23,12.8913,64.4269,4.14968
1.1845,554.54,14.2216,70.6064,4.28911
-1.38912,561.222,13.006,65.7185,3.93564
1.19721,518.303,13.2988,66.0196,4.29097
0.375507,544.072,13.5185,67.4848,4.17297
-1.61606,561.986,12.9066,65.3194,3.9066
-0.989987,527.861,12.4282,62.6257,3.9875
0.480355,585.211,14.6005,72.8346,4.18775
1.35826,563.392,14.5468,72.1363,4.3147
-4.4084,573.334,11.768,60.742,3.57408
1.58337,516.195,13.4455,66.574,4.34821
-3.62993,546.22,11.571,59.3942,3.66242
-0.712292,582.124,13.8573,69.6933,4.02419
-3.48917,533.782,11.372,58.3145,3.67874
0.257873,578.268,14.3019,71.4531,4.15648
-2.85766,555.213,12.1333,61.9415,3.75329
1.35774,511.248,13.2002,65.4588,4.31462
1.44817,539.284,13.9732,69.2499,4.32804
0.893329,551.332,13.9795,69.5412,4.24675
-4.99763,591.658,11.856,61.4557,3.5093
-3.48033,501.415,10.6862,54.7946,3.67977
-1.17027,556.327,13.0051,65.6144,3.96395
-4.67932,522.417,10.6053,54.8471,3.54408
-0.174167,589.806,14.3415,71.8627,4.09676
-1.46152,523.909,12.1064,61.2036,3.92634
-3.59139,536.828,11.3898,58.4481,3.66688
-0.628334,519.019,12.3961,62.3088,4.03538
1.30357,598.85,15.4294,76.5414,4.30662
-0.743927,595.643,14.1614,71.2382,4.01998
-0.431102,518.796,12.4877,62.684,4.06187
-1.25096,560.816,13.0681,65.9693,3.95347
0.278043,563.605,13.9503,69.6869,4.1593
0.697208,579.064,14.5704,72.5774,4.21857
1.79767,578.02,15.1817,75.0629,4.38047
-2.49498,591.263,13.1106,66.76,3.79713
0.855609,571.365,14.4661,71.9803,4.2413
-1.00273,598.225,14.0777,70.9441,3.98583
-2.67104,509.616,11.2207,57.2071,3.77576
-2.88991,599.128,13.0761,66.7694,3.74943
1.73114,573.032,15.0119,74.2562,4.37042
-1.47888,557.239,12.8677,65.0601,3.92412
-2.57197,574.058,12.6898,64.6525,3.78776
-0.559797,591.082,14.1556,71.1189,4.04456
-4.66486,507.469,10.308,53.3036,3.54567
-0.399322,505.001,12.1709,61.0805,4.06616
-3.10077,556.914,12.0521,61.6322,3.72433
-4.17119,578.891,11.9972,61.8197,3.60067
1.19881,559.519,14.3573,71.2732,4.29121
-3.22779,589.839,12.6995,65.0013,3.70933
-2.73794,521.847,11.4591,58.4504,3.76768
1.68848,530.108,13.8644,68.5998,4.36399
-1.98728,527.453,11.9356,60.5614,3.8598
1.56871,558.721,14.5448,72.0246,4.34601
-4.6261,529.175,10.7659,55.656,3.54994
-4.46177,569.858,11.6713,60.2659,3.56814
-3.98108,598.723,12.5042,64.3451,3.62218
0.439567,532.505,13.2643,66.1874,4.18199
-3.71962,550.436,11.6181,59.674,3.65208
-1.25374,587.077,13.6785,69.052,3.95311
-3.26521,569.493,12.2429,62.681,3.70493
-3.36029,563.936,12.0771,61.8735,3.69377
-3.51544,513.422,10.9266,56.0412,3.67569
-3.2097,561.636,12.1011,61.9304,3.71146
-0.522519,533.972,12.8067,64.3256,4.04956
-0.290224,546.879,13.237,66.3812,4.08095
-3.81981,593.377,12.4738,64.1148,3.64058
-3.28947,546.18,11.7303,60.0667,3.70208
-4.35997,514.938,10.5903,54.6438,3.57949
1.67654,553.205,14.4618,71.5613,4.36219
-2.57865,504.135,11.1412,56.7651,3.78695
-3.92847,544.959,11.4057,58.67,3.62817
-4.0216,571.868,11.9238,61.3759,3.61758
-4.22382,503.34,10.4091,53.657,3.59474
-4.15408,573.778,11.8995,61.3088,3.60259
-2.38757,596.951,13.2938,67.642,3.81026
-2.91672,577.994,12.6012,64.3569,3.74623
1.21994,535.283,13.7467,68.2324,4.29431
1.86663,576.608,15.1853,75.0455,4.39093
1.05355,574.946,14.6697,72.8959,4.26998
-3.12779,516.074,11.1561,57.0613,3.72113
1.69389,555.448,14.5302,71.8915,4.3648
-2.8052,559.307,12.2486,62.5068,3.75959
1.97488,500.731,13.2425,65.397,4.40743
-4.1086,518.152,10.7657,55.4494,3.60773
-2.39916,549.53,12.2321,62.2447,3.80884
-4.18698,588.535,12.1892,62.8164,3.59889
-1.15607,525.563,12.2929,62.015,3.96579
-1.84394,594.248,13.5242,68.5536,3.87777
-2.21755,590.66,13.2435,67.3059,3.83118
-4.10186,541.034,11.2442,57.9111,3.60849
1.52807,583.019,15.1534,75.0587,4.33994
-2.91259,520.588,11.3516,57.973,3.74672
-2.77928,511.761,11.219,57.2423,3.7627
-2.52575,549.119,12.1611,61.9384,3.79338
-1.03426,578.353,13.5931,68.5167,3.98169
-3.62879,576.479,12.2125,62.6869,3.66255
0.791869,518.731,13.1008,65.2149,4.23213
-1.69064,505.552,11.5761,58.6162,3.89713
-3.35343,549.233,11.7655,60.2741,3.69458
-3.3885,590.174,12.6246,64.6916,3.69048
1.8015,568.489,14.9336,73.8343,4.38105
-0.851356,522.537,12.3706,62.2758,4.00575
-4.66311,510.543,10.3711,53.6296,3.54586
-4.02939,522.794,10.8971,56.0944,3.61669
1.74192,508.566,13.3286,65.9253,4.37204
-1.60943,562.378,12.9191,65.3792,3.90745
-4.96158,590.86,11.8575,61.4473,3.51321
-3.59279,574.976,12.1984,62.5985,3.66672
-0.0932722,570.181,13.9086,69.6547,4.10785
-4.67136,524.573,10.6526,55.0881,3.54496
-1.57464,546.454,12.5706,63.6006,3.91188
1.89841,554.953,14.633,72.3008,4.39577
1.85636,557.867,14.6858,72.5824,4.38937
1.19629,558.689,14.3346,71.1617,4.29084
-2.18158,508.027,11.4071,57.9585,3.83563
-2.35925,526.221,11.732,59.6832,3.81374
-0.464819,574.877,13.8192,69.3838,4.05732
-1.21257,512.497,11.9604,60.3614,3.95845
-0.386527,590.83,14.2467,71.4915,4.06789
-2.25321,507.733,11.3679,57.7883,3.82678
-3.33187,536.601,11.5048,58.9301,3.6971
-4.38037,518.849,10.6618,55.0212,3.57721
-0.410566,509.301,12.2691,61.578,4.06464
-0.139794,510.294,12.4249,62.2445,4.10147
1.21455,510.891,13.1175,65.1119,4.29352
-3.0311,578.98,12.5648,64.2226,3.7326
0.635558,547.333,13.7388,68.4637,4.20977
-1.68875,570.878,13.073,66.1945,3.89737
-0.765113,501.5,11.9131,59.9373,4.01717
-4.55036,541.469,11.05,57.0938,3.55831
1.12751,527.609,13.5009,67.054,4.28077
-4.65961,507.532,10.3114,53.3196,3.54625
-4.63605,527.027,10.7178,55.4115,3.54885
-1.3176,569.407,13.2332,66.8336,3.94486
-0.552719,586.356,14.0463,70.5666,4.04551
1.67592,565.366,14.7793,73.1329,4.3621
-4.82269,508.732,10.2673,53.1538,3.52835
1.22702,595.033,15.2854,75.8661,4.29535
-1.6237,507.601,11.6541,58.9835,3.90563
-2.42551,508.911,11.316,57.5936,3.80562
-0.910947,560.513,13.2383,66.6718,3.99789
-4.01374,571.015,11.9098,61.3004,3.61847
-4.50236,544.066,11.1247,57.46,3.56364
-2.22696,517.969,11.6093,59.0043,3.83002
-2.82379,570.494,12.4842,63.7177,3.75736
1.68188,539.024,14.094,69.7388,4.36299
0.191139,552.152,13.6203,68.0785,4.14717
-2.45653,584.873,12.9889,66.1225,3.80182
-2.71232,567.025,12.464,63.5646,3.77077
0.796762,549.246,13.8741,69.0622,4.23284
-2.65006,568.387,12.5252,63.8487,3.77829
-3.14778,506.658,10.9438,55.9831,3.71877
0.262694,534.076,13.2115,66.003,4.15715
-3.98439,560.635,11.7072,60.2451,3.6218
-3.38012,529.606,11.3328,58.0686,3.69146
-1.64153,526.276,12.0743,61.1177,3.90336
0.63629,546.73,13.7241,68.3898,4.20988
-4.41411,513.602,10.5396,54.4033,3.57345
0.241561,536.001,13.2481,66.1955,4.1542
-3.21058,563.651,12.144,62.1507,3.71136
0.654295,578.253,14.5256,72.3752,4.21244
-4.01328,528.612,11.0256,56.7491,3.61852
-0.855799,583.443,13.81,69.5245,4.00517
-4.37182,599.72,12.3279,63.6154,3.57816
-3.12558,561.157,12.1318,62.0507,3.72139
-3.56481,530.9,11.2761,57.8538,3.66996
-4.2636,533.211,11.0091,56.7657,3.59027
-3.52573,568.216,12.0877,62.0009,3.67449
1.20077,575.594,14.7709,73.3255,4.2915
0.680198,541.636,13.6196,67.849,4.21614
-2.29024,559.169,12.501,63.5647,3.82222
-3.01429,592.053,12.8572,65.7093,3.73459
-0.262624,581.651,14.094,70.6654,4.0847
-1.01811,561.854,13.2138,66.5973,3.98381
1.90513,512.669,13.5216,66.8064,4.39679
-1.88228,578.67,13.1496,66.6722,3.87295
-4.80797,599.432,12.1051,62.6614,3.52996
-3.94818,563.043,11.7747,60.5771,3.62592
-1.08003,564.341,13.2397,66.7567,3.97571
0.956163,516.149,13.1195,65.2357,4.25583
-2.62261,528.41,11.6571,59.4119,3.78162
-0.66083,578.105,13.7896,69.3286,4.03105
1.34576,509.209,13.1414,65.1726,4.31285
-1.58091,591.701,13.6081,68.8527,3.91108
-2.96494,507.742,11.0482,56.4444,3.74047
-3.35884,559.967,11.9928,61.4411,3.69394
-2.57139,592.896,13.1066,66.7755,3.78783
1.92468,523.792,13.8254,68.2987,4.39977
-3.43965,552.538,11.7951,60.4631,3.68451
-4.92731,573.742,11.5301,59.7359,3.51694
1.24466,523.183,13.4489,66.7433,4.29794
-0.427076,509.969,12.2772,61.6256,4.06241
-3.84921,514.157,10.7956,55.5006,3.63721
0.43991,562.123,14.0023,69.8695,4.18204
-4.84915,570.099,11.4935,59.5127,3.52546
-2.9585,529.741,11.5298,58.9025,3.74124
1.15715,590.985,15.1401,75.1804,4.2851
-4.70694,513.562,10.4139,53.8675,3.54104
-0.529547,543.898,13.0412,65.5064,4.04862
-1.29204,502.235,11.684,58.9987,3.94816
-2.99652,523.546,11.3776,58.1403,3.73671
-4.9586,550.31,11.045,57.2359,3.51353
0.89409,596.806,15.133,75.2789,4.24686
-2.68965,547.321,12.0418,61.4017,3.77351
-1.5732,577.32,13.2815,67.1963,3.91206
-0.584425,587.754,14.0622,70.6617,4.04126
-4.15394,568.429,11.7886,60.7375,3.60261
-0.139965,561.965,13.683,68.5468,4.10144
-1.53774,579.5,13.3504,67.5286,3.91659
-2.12287,506.492,11.3994,57.8954,3.84291
-0.197129,536.263,13.0278,65.2902,4.09363
0.512745,541.01,13.5149,67.4041,4.19233
0.938175,581.64,14.7738,73.4704,4.25323
-2.18906,599.526,13.4576,68.3804,3.83471
-0.956787,589.558,13.8991,70.0214,3.99186
1.57093,524.505,13.6553,67.6186,4.34634
-0.910988,562.993,13.2969,66.9666,3.99788
-1.05671,524.903,12.3259,62.1389,3.97876
-4.57494,511.882,10.4358,53.9296,3.5556
0.842945,549.518,13.9061,69.1996,4.23948
-1.00486,501.146,11.7922,59.4273,3.98555
-3.52288,545.201,11.5995,59.4952,3.67482
-2.13221,521.1,11.7238,59.5468,3.84175
-3.64898,523.615,11.0836,56.9001,3.66022
0.431062,580.438,14.4535,72.1253,4.18079
0.143802,579.181,14.2605,71.3014,4.14058
-4.1906,573.014,11.866,61.1524,3.59848
-4.90856,516.455,10.3867,53.8052,3.51898
-1.42835,562.697,13.0199,65.8065,3.9306
-3.6677,500.647,10.5894,54.3703,3.65806
0.866917,508.323,12.8756,64.0616,4.24293
-4.69142,535.421,10.864,56.1895,3.54275
-0.943156,511.725,12.0706,60.8044,3.99365
-3.37333,517.838,11.084,56.7912,3.69225
-1.83765,577.878,13.155,66.6789,3.87856
-1.76622,544.775,12.4368,63.0072,3.88757
0.463554,581.292,14.4932,72.3076,4.18537
-4.7514,519.398,10.5131,54.3984,3.53616
-2.25837,537.994,12.043,61.222,3.82615
-0.290416,525.557,12.7209,63.7928,4.08092
1.82737,589.861,15.5106,76.6737,4.38497
0.421115,591.905,14.7333,73.5265,4.17939
0.474814,514.692,12.8384,64.0465,4.18696
-3.58353,516.189,10.9553,56.2156,3.66779
-1.22249,543.545,12.68,63.9973,3.95716
-4.78946,535.144,10.8151,55.9759,3.53199
0.664129,530.07,13.3204,66.3656,4.21385
-1.08592,513.887,12.0532,60.7767,3.97494
-4.02269,544.419,11.3509,58.4278,3.61745
-0.883681,504.803,11.9354,60.0987,4.00148
-1.29298,554.307,12.8949,65.1138,3.94804
1.53858,521.934,13.5713,67.2172,4.34151
-4.55829,511.549,10.436,53.9246,3.55744
-2.2424,501.463,11.2324,57.095,3.82812
-2.61871,572.723,12.6366,64.4026,3.78209
-1.51982,530.042,12.2197,61.8017,3.91888
0.551106,500.774,12.5286,62.4687,4.19776
-3.23987,588.156,12.6571,64.7897,3.70791
-4.79498,530.888,10.7266,55.5205,3.53138
-2.76471,546.271,11.9826,61.1319,3.76446
-4.04421,542.12,11.2931,58.1393,3.61501
-3.50421,514.495,10.9544,56.1793,3.67699
-2.21865,575.721,12.908,65.6012,3.83105
0.543518,508.331,12.7139,63.3958,4.19669
1.71039,568.071,14.8699,73.5642,4.36729
1.94444,597.137,15.7734,77.9117,4.40278
-2.65369,525.759,11.5841,59.0531,3.77785
-0.164747,570.65,13.8809,69.5502,4.09805
-1.79615,599.924,13.6794,69.3173,3.88379
-1.13954,520.249,12.1765,61.4211,3.96795
-2.7027,576.541,12.6781,64.6519,3.77193
-1.41498,554.251,12.8312,64.8471,3.93231
-3.45124,575.569,12.281,62.9591,3.68316
-4.78106,582.067,11.7674,60.9012,3.53291
-2.96972,534.896,11.6368,59.4536,3.7399
-0.998653,555.879,13.0834,65.9311,3.98636
0.986786,535.053,13.6163,67.692,4.26027
1.2744,516.305,13.2875,65.929,4.30232
-1.36809,501.86,11.64,58.8078,3.93835
-4.14013,508.728,10.5564,54.3835,3.60417
1.5403,553.512,14.3933,71.2878,4.34176
-4.13178,534.667,11.0984,57.1723,3.60511
-2.93885,557.263,12.1385,62.0031,3.74358
-3.03193,517.596,11.2323,57.4121,3.7325
-2.86176,598.553,13.0783,66.7676,3.7528
-1.40392,576.031,13.3413,67.4199,3.93373
-1.52621,555.016,12.7922,64.7001,3.91806
-2.53126,576.44,12.7633,65.0083,3.79271
0.511058,599.595,14.9774,74.6991,4.19209
-3.74608,583.7,12.307,63.2245,3.64904
-0.171902,553.017,13.4482,67.3853,4.09707
-0.441459,564.767,13.5887,68.2155,4.06047
-3.60778,564.487,11.9687,61.4259,3.66498
-0.973943,554.443,13.0623,65.8139,3.9896
1.48414,571.678,14.8333,73.4946,4.33339
-0.733018,508.613,12.0974,60.8511,4.02143
1.30676,538.401,13.8736,68.8222,4.30709
-2.7269,566.296,12.4407,63.4522,3.76901
-3.59751,550.271,11.6721,59.8994,3.66617
-2.77261,574.555,12.599,64.2802,3.76351
-4.70141,504.206,10.2264,52.896,3.54165
-1.38309,587.174,13.6107,68.771,3.93641
-0.770176,502.836,11.9425,60.087,4.0165
-0.85,519.247,12.2933,61.8864,4.00593
1.70805,517.472,13.5442,67.0067,4.36693
-4.38491,563.773,11.5829,59.7762,3.5767
-4.22587,594.496,12.2932,63.3701,3.59451
-1.10385,582.673,13.6569,68.8714,3.9726
-2.37872,556.185,12.3903,63.0411,3.81135
-3.82108,510.573,10.7326,55.1655,3.64043
-2.99487,561.593,12.2052,62.3689,3.7369
-3.87625,534.436,11.2091,57.6375,3.63412
0.832268,502.215,12.7037,63.221,4.23794
-2.82575,562.54,12.3092,62.8253,3.75712
-2.4359,547.598,12.1711,61.9506,3.80435
-4.93492,535.939,10.767,55.7857,3.51611
-3.14079,580.401,12.5401,64.1462,3.71959
-4.44902,502.877,10.3048,53.205,3.56956
0.125383,521.661,12.8349,64.1819,4.13803
-3.55746,591.59,12.5688,64.4831,3.67081
-0.229605,551.017,13.3691,67.0157,4.0892
-3.2395,504.879,10.8651,55.6168,3.70795
1.72933,532.733,13.9552,69.03,4.37014
-1.262,578.507,13.4744,68.0256,3.95204
1.97368,592.717,15.6745,77.4076,4.40725
0.112366,524.798,12.9055,64.5406,4.13622
0.592782,559.412,14.0185,69.8777,4.20368
-3.98221,545.172,11.3853,58.5878,3.62205
-0.0785858,550.959,13.4475,67.3387,4.10986
-1.85579,550.048,12.5124,63.4298,3.87628
-1.1979,545.018,12.7268,64.2225,3.96036
1.43442,517.367,13.3981,66.406,4.32599
0.235454,541.114,13.3712,66.8136,4.15335
0.729991,559.159,14.0877,70.157,4.22326
-4.49055,527.674,10.7947,55.7509,3.56495
0.497915,552.901,13.8039,68.8526,4.19023
-1.43558,561.779,12.9949,65.6835,3.92967
-3.08896,551.861,11.9484,61.097,3.72573
-3.53065,594.006,12.6339,64.8043,3.67392
-4.22939,518.961,10.7298,55.3119,3.59412
-2.36366,543.461,12.1142,61.6295,3.81319
1.49173,582.759,15.1252,74.9375,4.33452
-0.425597,529.562,12.7496,63.9964,4.06261
1.58545,522.836,13.6195,67.4349,4.34852
-0.527705,552.08,13.2383,66.4958,4.04886
-4.72011,510.679,10.3498,53.5414,3.53959
-4.96479,562.221,11.2813,58.4626,3.51286
-3.621,561.179,11.8922,61.039,3.66345
1.66496,543.256,14.1953,70.2481,4.36045
0.675855,549.991,13.8273,68.886,4.21552
-4.6257,536.446,10.9139,56.4214,3.54999
-2.02641,585.445,13.2272,67.1334,3.85491
1.73681,551.64,14.4547,71.4972,4.37127
-0.823275,569.533,13.4981,67.9391,4.00947
-2.34569,510.245,11.382,57.8971,3.8154
0.915989,534.334,13.5605,67.4465,4.25002
-2.2784,560.162,12.5291,63.7025,3.82368
-0.0152513,519.962,12.7226,63.6812,4.11858
0.523122,526.18,13.1498,65.5785,4.1938
-0.9028,541.263,12.7878,64.3991,3.99896
1.37018,577.042,14.9062,73.9125,4.31647
-3.10019,594.861,12.8736,65.8331,3.7244
1.50591,501.253,13.017,64.4859,4.33663
-2.36276,502.302,11.1971,56.9637,3.8133
0.432819,514.241,12.806,63.9033,4.18104
1.97459,568.048,15.0226,74.1881,4.40739
1.46267,507.115,13.147,65.1493,4.33019
-2.29195,504.175,11.2708,57.31,3.82201
-1.73013,504.572,11.5355,58.4267,3.89213
-0.0312924,502.519,12.288,61.5129,4.11637
1.85573,568.564,14.9671,73.9727,4.38928
-4.03888,540.67,11.2654,57.994,3.61562
-3.40804,578.033,12.3551,63.3196,3.68819
-2.79243,536.649,11.7584,60,3.76112
-2.00644,525.783,11.8887,60.3316,3.8574
0.157976,519.327,12.7939,63.9624,4.14255
-1.04445,558.531,13.1219,66.1464,3.98036
-0.878944,543.089,12.8431,64.6668,4.00211
-4.6856,528.357,10.7232,55.4591,3.54339
-3.09095,517.761,11.2092,57.318,3.72549
-4.37513,506.843,10.4174,53.7575,3.57779
-1.68736,503.284,11.5257,58.3596,3.89755
-2.07245,578.139,13.0381,66.195,3.84918
0.154408,508.266,12.5196,62.5929,4.14206
-1.53997,518.464,11.9432,60.4117,3.9163
-3.1194,570.841,12.3442,63.1345,3.72212
-2.24227,574.123,12.86,65.3681,3.82813
-4.43882,548.89,11.2524,58.0931,3.5707
-1.3538,583.475,13.5407,68.4035,3.94019
-4.22691,539.771,11.1611,57.5347,3.5944
-1.0094,507.253,11.9338,60.1425,3.98495
-0.0963371,530.195,12.9316,64.7635,4.10742
1.56729,582.852,15.1722,75.1319,4.3458
-1.18674,539.679,12.6077,63.6166,3.96181
1.95639,566.82,14.9796,73.9844,4.40461
-0.052842,573.855,14.0205,70.1958,4.1134
-3.36352,531.224,11.375,58.2782,3.6934
-1.28783,574.483,13.367,67.4952,3.9487
0.0675082,526.847,12.9331,64.6982,4.13
-4.87223,575.263,11.5866,60.0053,3.52294
-3.24092,595.549,12.8156,65.6019,3.70778
-3.38365,563.821,12.0632,61.8128,3.69104
-1.94782,536.839,12.1672,61.7193,3.86473
-2.16588,562.467,12.6374,64.2025,3.83758
0.170784,504.195,12.4273,62.1245,4.14433
0.270187,558.327,13.8154,69.0167,4.1582
-3.20904,589.389,12.6994,64.9921,3.71154
-0.92212,595.278,14.0532,70.781,3.99642
-4.25228,520.311,10.7477,55.4134,3.59155
-0.161445,585.735,14.2497,71.3963,4.0985
-0.110593,521.026,12.7009,63.614,4.10547
-3.65164,557.163,11.7925,60.5404,3.65991
-2.67305,583.379,12.8437,65.4829,3.77551
-2.50563,567.191,12.5714,64.0195,3.79583
-4.51189,551.469,11.2717,58.2232,3.56258
-3.75729,509.67,10.7413,55.1852,3.64775
-0.407363,529.419,12.7554,64.0171,4.06507
-1.99852,574.075,12.9848,65.8901,3.85839
0.831674,530.6,13.4214,66.7929,4.23786
1.19355,544.002,13.9562,69.2848,4.29044
1.80183,571.988,15.0257,74.2895,4.3811
-1.8975,513.3,11.657,59.1109,3.87104
-2.48357,564.905,12.5318,63.808,3.79852
-2.44416,592.012,13.1539,66.9569,3.80334
-1.44453,509.505,11.7815,59.5542,3.92852
-2.16925,548.975,12.3326,62.6555,3.83716
-3.86139,528.485,11.091,57.024,3.63582
0.749603,527.41,13.2979,66.2154,4.22607
0.706278,513.442,12.9238,64.3715,4.21987
-2.21804,538.857,12.0817,61.4019,3.83112
1.93554,536.759,14.1737,70.0138,4.40143
-0.900349,599.8,14.1722,71.3695,3.99929
-4.98236,525.162,10.5301,54.5768,3.51095
0.75248,526.398,13.2739,66.0946,4.22648
0.69282,570.033,14.3407,71.4354,4.21794
-0.317728,590.77,14.2839,71.6446,4.07721
0.480954,515.521,12.8621,64.1623,4.18783
0.667545,521.713,13.1121,65.3266,4.21433
-1.27513,587.525,13.6773,69.0563,3.95034
-4.37341,576.429,11.8484,61.1415,3.57799
1.27811,517.771,13.3272,66.1241,4.30287
-3.06576,546.018,11.8329,60.4967,3.72848
-1.56277,557.755,12.8367,64.9412,3.91339
-2.72112,520.982,11.4479,58.3861,3.76971
0.909179,580.698,14.7332,73.2827,4.24903
-3.86333,503.505,10.5659,54.3251,3.6356
-0.748259,533.133,12.673,63.753,4.01941
-0.416835,577.545,13.9097,69.8149,4.06379
-2.44694,565.993,12.5744,64.0083,3.803
-0.444197,574.076,13.8112,69.3337,4.0601
-0.22481,526.42,12.7747,64.0341,4.08985
1.13838,516.648,13.226,65.684,4.28236
-2.33983,560.741,12.5113,63.6391,3.81612
0.160712,539.592,13.2945,66.4643,4.14293
-0.369599,574.065,13.8516,69.5011,4.07018
-4.7982,521.259,10.5307,54.5075,3.53103
0.965399,546.298,13.8909,69.0668,4.25717
1.65724,598.733,15.6402,77.4026,4.35929
1.8341,576.128,15.1535,74.9047,4.38599
-1.82566,510.943,11.6368,58.9788,3.88007
-0.135951,550.965,13.4173,67.2139,4.10199
-0.0653598,535.388,13.0742,65.4637,4.11168
-1.60845,546.152,12.5468,63.4949,3.90757
1.93211,582.881,15.3895,76.0216,4.4009
0.850347,593.375,15.0202,74.7402,4.24055
-2.7867,538.027,11.7913,60.1655,3.76181
-0.926883,541.231,12.7749,64.3446,3.99579
-4.713,569.064,11.5365,59.6769,3.54037
-0.64825,509.331,12.1552,61.106,4.03273
0.885657,530.581,13.4493,66.9072,4.24564
1.19233,546.945,14.0311,69.657,4.29026
0.968075,584.929,14.8747,73.9573,4.25756
0.601354,543.813,13.6322,67.948,4.2049
-4.57188,592.048,12.0716,62.3819,3.55593
-0.223414,518.818,12.591,63.1123,4.09004
0.47165,519.449,12.9554,64.6318,4.18652
1.03067,564.759,14.397,71.5515,4.26665
-1.74831,512.738,11.7137,59.3368,3.88983
-4.39156,552.297,11.344,58.5463,3.57596
-4.64404,582.185,11.8357,61.1944,3.54796
-4.2147,548.079,11.3386,58.4442,3.59577
-1.44822,500.019,11.5604,58.4383,3.92804
-1.24773,503.451,11.7329,59.2276,3.95389
-0.963074,511.774,12.0623,60.7706,3.99103
-4.57012,583.536,11.8989,61.4887,3.55613
-3.00688,565.421,12.2825,62.769,3.73548
0.242304,550.335,13.6028,67.9673,4.1543
-3.71926,584.088,12.3286,63.3231,3.65212
-3.77928,556.37,11.715,60.1975,3.64523
-2.74855,596.183,13.0859,66.7531,3.7664
0.651358,579.453,14.5541,72.5184,4.21202
-1.46434,591.906,13.6761,69.1407,3.92598
-3.33383,544.083,11.6643,59.7479,3.69687
-4.84928,500.947,10.0993,52.2937,3.52544
1.42223,579.635,15.0035,74.3692,4.32418
-1.62664,511.413,11.7402,59.4207,3.90526
-2.17124,599.722,13.4716,68.443,3.83691
-1.87332,529.387,12.034,61.012,3.87408
-1.08049,514.378,12.0673,60.8455,3.97565
-2.34619,514.313,11.4725,58.3578,3.81534
-1.77676,591.128,13.4893,68.3446,3.88624
-3.9719,582.166,12.1629,62.5849,3.62322
1.91494,500.249,13.199,65.2084,4.39829
-2.3899,563.789,12.5541,63.8794,3.80998
-4.39772,584.701,12.0066,61.9685,3.57527
-1.87136,583.952,13.2754,67.305,3.87432
-3.91326,533.464,11.172,57.4617,3.6299
1.46331,559.985,14.5181,71.9431,4.33029
-4.63409,511.228,10.3973,53.754,3.54906
-3.40344,588.672,12.5849,64.4949,3.68873
-4.51162,529.034,10.8133,55.8551,3.56261
-2.10977,512.428,11.539,58.5992,3.84454
-4.58268,586.226,11.9476,61.7461,3.55474
-1.35706,551.582,12.7989,64.6576,3.93977
0.792331,520.867,13.1549,65.4844,4.2322
-4.05207,591.349,12.3147,63.402,3.61412
-2.79323,550.053,12.0517,61.497,3.76103
1.58994,513.437,13.377,66.2323,4.34919
-1.9497,515.979,11.6935,59.3174,3.8645
-2.79811,579.569,12.6959,64.7865,3.76044
-1.85915,578.856,13.1659,66.7444,3.87586
-3.35999,563.347,12.0646,61.8095,3.69381
-2.33771,560.735,12.5122,63.643,3.81638
-2.69657,577.028,12.6919,64.7197,3.77267
-1.78343,560.619,12.7897,64.8029,3.88539
-4.72512,528.701,10.7129,55.4216,3.53904
-1.62275,530.467,12.1795,61.6424,3.90575
0.12826,522.022,12.8453,64.2324,4.13843
-2.37672,501.209,11.1665,56.8136,3.81159
0.716426,501.821,12.6363,62.9352,4.22132
-0.332158,527.738,12.7526,63.9704,4.07525
-0.169571,525.072,12.7698,63.9851,4.09739
-2.50422,584.974,12.9663,66.0298,3.79601
-0.892505,582.558,13.7691,69.3358,4.00032
0.898852,560.536,14.2159,70.7147,4.24754
-2.81855,542.836,11.8815,60.6392,3.75798
0.730209,592.688,14.9325,74.3644,4.22329
1.04906,572.659,14.6088,72.5954,4.26932
-0.938127,540.93,12.7621,64.2852,3.99431
-1.50343,507.664,11.7115,59.2243,3.92097
-2.77619,574.359,12.5929,64.2507,3.76308
0.44812,505.179,12.5879,62.8083,4.18319
1.00932,559.233,14.2442,70.8026,4.26355
1.52877,524.248,13.6262,67.4939,4.34004
0.339479,582.742,14.4588,72.1969,4.16791
-2.90785,571.048,12.4542,63.6022,3.74729
-2.59883,511.923,11.3042,57.6035,3.7845
-3.39306,515.662,11.0287,56.5155,3.68994
1.06182,531.984,13.578,67.4669,4.27118
-2.96056,547.221,11.9093,60.842,3.74099
-1.95005,578.029,13.0995,66.4499,3.86445
1.18822,523.758,13.4341,66.6951,4.28966
-2.63179,586.844,12.9414,65.9619,3.78051
1.65596,556.89,14.5464,71.9902,4.35909
-3.10159,525.34,11.3684,58.1364,3.72423
-1.86656,502.909,11.4352,57.9733,3.87493
-2.78424,590.835,12.9499,66.0762,3.76211
-2.99081,537.394,11.6812,59.6895,3.73739
-1.21824,585.334,13.6571,68.9271,3.95771
-1.60538,581.275,13.3553,67.5851,3.90796
-1.95236,542.545,12.2942,62.366,3.86416
0.719694,553.786,13.9467,69.4597,4.22179
0.519759,570.614,14.2584,71.1086,4.19332
-3.5054,586.851,12.4944,64.0776,3.67685
0.906754,546.744,13.8704,68.9924,4.24868
1.0144,591.826,15.0774,74.9413,4.26428
-4.27326,591.868,12.2154,62.99,3.58919
-2.59417,562.881,12.4317,63.3473,3.78507
0.0609752,562.777,13.8115,69.0958,4.1291
-1.79074,537.624,12.2615,62.13,3.88447
-1.75287,520.722,11.894,60.2518,3.88925
-3.80251,503.135,10.5842,54.3955,3.64256
-0.172641,532.12,12.9396,64.8374,4.09697
-2.18647,560.582,12.5847,63.944,3.83503
-4.85732,556.376,11.213,58.0642,3.52457
-1.35902,572.764,13.2894,67.1364,3.93951
-1.72898,580.671,13.2759,67.2411,3.89227
1.16711,549.887,14.0927,69.9747,4.28656
1.59914,511.47,13.3306,65.9981,4.35057
-4.83966,583.163,11.7614,60.8959,3.52649
1.33439,590.665,15.2368,75.5703,4.31117
-2.31211,539.528,12.0514,61.2878,3.81953
-1.36894,543.153,12.5973,63.6448,3.93824
-2.31822,520.307,11.6192,59.0925,3.81878
-1.65232,579.703,13.2943,67.2984,3.90199
-0.883185,574.035,13.5726,68.3421,4.00155
-3.07617,575.675,12.4704,63.7605,3.72724
-4.69999,510.419,10.3531,53.5503,3.5418
-2.88218,527.291,11.5118,58.7787,3.75036
-2.19653,542.772,12.18,61.8918,3.83378
1.97257,537.856,14.223,70.2403,4.40708
-0.696464,546.535,13.0182,65.4663,4.0263
-2.20043,598.06,13.4186,68.1876,3.8333
-4.82599,594.944,12.0057,62.1546,3.52799
-4.26542,585.269,12.083,62.3041,3.59007
-1.78218,562.179,12.8259,64.9859,3.88555
-4.38781,504.27,10.3591,53.4619,3.57638
-1.49401,515.285,11.8917,60.132,3.92218
-4.89074,585.723,11.7884,61.0583,3.52092
-3.47368,501.811,10.6976,54.85,3.68054
-0.50749,532.941,12.7896,64.2329,4.05158
-2.05466,534.04,12.0522,61.1817,3.85139
-4.84489,530.804,10.7031,55.4186,3.52592
-1.66009,589.532,13.5155,68.4219,3.90101
-3.33936,508.102,10.8905,55.7864,3.69623
-4.66933,530.457,10.7729,55.7098,3.54518
-3.05447,588.045,12.7495,65.1775,3.72982
-3.83974,533.081,11.1972,57.5615,3.6383
-3.95011,533.604,11.1582,57.4061,3.6257
-1.01201,554.184,13.0366,65.7013,3.98461
-3.21696,536.616,11.5586,59.1572,3.7106
0.674455,582.684,14.6485,72.9773,4.21532
-3.28712,557.993,11.9851,61.3706,3.70235
-2.48581,523.304,11.6079,59.1047,3.79825
-4.73363,531.131,10.7584,55.6604,3.53811
-2.51017,572.197,12.6801,64.5749,3.79528
-4.32009,583.423,12.0182,61.994,3.58395
-0.465246,503.699,12.108,60.7923,4.05726
-2.51333,587.294,13.013,66.2717,3.7949
-4.42956,573.367,11.7586,60.7025,3.57173
-2.0824,536.252,12.0887,61.379,3.84794
-0.900095,563.717,13.3197,67.0766,3.99932
-1.49905,540.896,12.4803,63.1102,3.92153
-4.73087,588.439,11.9206,61.6718,3.53841
-0.750982,547.517,13.0135,65.4673,4.01905
-1.59343,592.219,13.6133,68.8847,3.90948
-1.54927,558.529,12.8614,65.0602,3.91511
-3.12342,528.921,11.4358,58.4903,3.72165
-3.42304,586.392,12.5262,64.2031,3.68644
-0.306461,591.626,14.311,71.7747,4.07874
-1.84615,518.859,11.8074,59.8522,3.87749
-3.28147,554.817,11.9196,61.0328,3.70301
1.33553,561.135,14.4757,71.7947,4.31134
0.352891,543.925,13.5028,67.4171,4.16979
0.0380842,546.831,13.4081,67.0882,4.12594
0.742023,544.689,13.7295,68.368,4.22498
1.49265,571.681,14.8382,73.5151,4.33466
-2.2939,527.823,11.7985,59.9942,3.82177
0.870007,516.365,13.0809,65.0816,4.24338
-3.79263,594.222,12.5053,64.2644,3.64369
-4.8551,578.732,11.6647,60.4018,3.52481
1.49843,534.101,13.866,68.6954,4.33552
-3.75393,502.241,10.5861,54.3868,3.64814
-2.96569,568.147,12.3622,63.1579,3.74038
0.752842,581.478,14.6631,73.0112,4.22653
-0.67228,594.996,14.1861,71.3276,4.02952
-3.19856,527.918,11.3797,58.2339,3.71277
-4.52278,514.257,10.5064,54.2746,3.56137
-4.12022,524.443,10.8913,56.1007,3.60641
0.914094,567.27,14.3953,71.5996,4.24975
-4.19034,502.664,10.4093,53.645,3.59851
-0.329897,559.035,13.5101,67.7691,4.07556
-0.101845,558.544,13.6201,68.2142,4.10667
-4.96866,597.382,11.9849,62.1107,3.51244
-0.348686,553.536,13.3673,67.0614,4.07301
-3.3608,512.999,10.986,56.2839,3.69372
0.527712,565.911,14.1453,70.5408,4.19445
-2.51238,510.003,11.3008,57.5517,3.79501
-4.14094,514.357,10.6728,54.9837,3.60408
-1.82701,582.016,13.2548,67.1798,3.8799
0.297877,548.315,13.5824,67.84,4.16207
0.0530405,566.101,13.8888,69.486,4.128
-0.131725,593.288,14.4503,72.3869,4.10257
-4.64509,594.993,12.0955,62.5385,3.54785
1.26346,506.992,13.0423,64.7169,4.30071
1.1392,530.782,13.5883,67.4828,4.28248
-2.30534,569.364,12.7212,64.6914,3.82036
1.17115,564.463,14.4685,71.8389,4.28715
-4.13043,540.906,11.2285,57.8421,3.60526
-4.05078,521.142,10.8532,55.8771,3.61427
-3.4432,553.634,11.8168,60.5759,3.68409
-4.05157,538.478,11.2139,57.7345,3.61418
-4.64118,561.879,11.4242,59.0657,3.54828
1.56103,594.683,15.4764,76.6415,4.34486
0.518689,553.502,13.8302,68.9737,4.19317
0.0452884,571.604,14.0195,70.1439,4.12693
-0.305641,529.84,12.8168,64.2807,4.07885
-3.16888,502.603,10.847,55.4962,3.71627
-1.38575,565.947,13.1172,66.2792,3.93607
-0.198925,562.341,13.6604,68.4612,4.09338
0.126734,541.331,13.3196,66.605,4.13821
0.965517,554.92,14.1102,70.1571,4.25719
0.472829,554.38,13.8273,68.9806,4.18668
-3.60703,586.334,12.4323,63.8048,3.66507
-0.891085,587.57,13.8883,69.9355,4.00051
-0.377863,588.697,14.2001,71.2535,4.06906
-4.68141,569.55,11.5612,59.7913,3.54385
-2.62854,588.462,12.9788,66.1509,3.7809
-2.10153,575.05,12.9534,65.7784,3.84556
-4.24498,551.695,11.3993,58.7702,3.59237
-0.97735,545.474,12.8493,64.742,3.98916
-0.705589,543.052,12.9306,65.0298,4.02508
-0.356094,542.179,13.0892,65.6697,4.07201
-2.61556,513.166,11.324,57.7115,3.78247
0.290547,512.191,12.6839,63.3555,4.16105
-2.31986,560.937,12.5257,63.7034,3.81857
-0.00237814,572.145,14.0065,70.1016,4.12035
1.68958,592.294,15.4915,76.6498,4.36415
-2.19638,527.371,11.8345,60.136,3.8338
-0.723743,513.092,12.2085,61.4057,4.02267
1.4677,586.967,15.2202,75.4203,4.33094
-4.83582,530.65,10.7039,55.4194,3.52691
-3.85897,561.54,11.7858,60.5956,3.6361
1.7931,519.283,13.6366,67.4252,4.37978
0.294933,586.436,14.5251,72.5496,4.16166
0.442094,540.603,13.4674,67.1994,4.18234
-2.31683,536.123,11.973,60.8915,3.81895
-0.167412,589.237,14.3315,71.8093,4.09769
-3.62869,596.594,12.6387,64.8745,3.66257
0.547518,559.182,13.9879,69.7467,4.19726
-0.640016,554.159,13.2293,66.5021,4.03382
-2.14212,560.851,12.6131,64.0683,3.84052
1.89717,566.115,14.9266,73.7521,4.39558
-4.25816,567.424,11.7181,60.4191,3.59089
1.30415,567.541,14.6231,72.5411,4.30671
1.07497,573.087,14.6345,72.7104,4.2731
-1.53714,500.469,11.53,58.3203,3.91666
-4.78313,579.684,11.7182,60.6477,3.53268
-4.4809,535.494,10.959,56.5954,3.56602
-0.752095,508.436,12.0841,60.7922,4.0189
1.13581,535.773,13.7142,68.1098,4.28198
-2.78328,527.51,11.5624,58.996,3.76222
-4.10034,583.318,12.1237,62.4401,3.60866
1.22662,574.744,14.7639,73.2783,4.29529
0.831925,530.667,13.4232,66.8019,4.23789
-3.27381,562.689,12.0925,61.9145,3.70391
-3.801,515.599,10.847,55.7459,3.64273
-3.69801,504.295,10.6535,54.7112,3.65457
-0.13131,599.347,14.5981,73.1272,4.10263
1.47386,562.435,14.5876,72.2824,4.33186
-4.90611,586.456,11.7958,61.1031,3.51924
0.59966,568.58,14.2521,71.0387,4.20466
-1.13885,568.271,13.3009,67.0922,3.96804
-3.52417,510.725,10.8654,55.7306,3.67467
-0.222605,560.315,13.5984,68.162,4.09015
-0.826193,562.421,13.328,67.0843,4.00908
0.879427,599.818,15.2006,75.6229,4.24474
-0.237469,598.582,14.5187,72.7819,4.08812
-2.59683,537.232,11.864,60.4554,3.78474
-4.25974,509.749,10.5263,54.275,3.59071
0.992489,512.091,13.0349,64.7988,4.2611
0.946187,505.47,12.8431,63.8655,4.25439
-2.29534,525.192,11.739,59.6922,3.82159
-1.18545,538.417,12.5788,63.4705,3.96197
1.36294,541.053,13.9725,69.2865,4.31539
-3.86597,594.506,12.4742,64.1379,3.6353
-3.76362,554.364,11.6802,60.0118,3.64702
-4.72189,508.694,10.3089,53.3301,3.5394
1.06688,502.675,12.8324,63.7603,4.27192
-1.23522,563.735,13.1443,66.3468,3.95551
-1.0701,519.435,12.191,61.4646,3.97701
-4.92349,504.974,10.1497,52.5827,3.51735
-0.360108,545.887,13.1767,66.1102,4.07146
-3.9345,519.343,10.8669,55.9009,3.62748
-1.11284,549.58,12.8767,64.9408,3.97143
0.372217,586.075,14.5602,72.687,4.1725
-2.73058,563.931,12.3869,63.1795,3.76857
-4.51675,540.309,11.0414,57.0357,3.56204
-0.440454,583.546,14.0411,70.486,4.06061
-3.24154,543.227,11.6894,59.8371,3.70771
-4.33284,544.601,11.2127,57.8442,3.58252
-0.774683,568.455,13.4985,67.9182,4.0159
-0.101211,573.57,13.9869,70.0506,4.10676
1.31852,564.027,14.5407,72.1253,4.30883
-0.964517,515.205,12.1425,61.1752,3.99084
1.61099,535.237,13.9564,69.0911,4.35234
-2.55215,531.186,11.7515,59.8634,3.79017
-1.21352,516.177,12.0458,60.7929,3.95833
-0.293777,559.397,13.5382,67.8929,4.08046
-2.49385,568.781,12.6126,64.224,3.79727
-3.82918,569.618,11.9698,61.5284,3.63951
-2.57272,554.238,12.2514,62.4188,3.78767
-4.1391,524.568,10.8855,56.0788,3.60428
-2.79163,584.443,12.806,65.3454,3.76122
1.6518,576.262,15.05,74.4846,4.35847
-2.27524,545.485,12.2024,62.0399,3.82407
0.230185,522.5,12.9086,64.5042,4.15261
-3.78286,594.468,12.5154,64.3119,3.64481
0.636512,564.586,14.1724,70.624,4.20991
-2.92668,581.834,12.6799,64.7631,3.74504
1.80105,517.974,13.6064,67.2724,4.38098
-2.77529,535.097,11.7325,59.8605,3.76318
-2.86284,550.51,12.0281,61.4063,3.75267
-0.0570823,560.165,13.6837,68.5118,4.11282
-3.67132,599.409,12.6765,65.0881,3.65764
-1.49154,523.718,12.0875,61.121,3.92249
-1.9437,551.651,12.5049,63.4309,3.86525
-1.96546,529.206,11.9857,60.8064,3.86252
-1.75054,554.458,12.6657,64.1602,3.88955
-1.42194,531.997,12.3126,62.2292,3.93142
0.989629,503.681,12.8194,63.7287,4.26069
-0.516893,523.393,12.5558,63.0629,4.05032
-4.41474,527.175,10.8178,55.8399,3.57338
1.17619,592.473,15.1895,75.4159,4.28789
0.878862,528.147,13.384,66.5857,4.24466
1.33731,555.466,14.3304,71.0735,4.3116
-1.4001,558.018,12.9261,65.3198,3.93423
-3.44477,598.77,12.7794,65.5111,3.68391
-4.97816,537.869,10.7867,55.9052,3.51141
-2.24428,513.183,11.494,58.4257,3.82788
-3.32641,505.611,10.8428,55.5368,3.69774
-1.29779,512.853,11.9283,60.2347,3.94741
-0.905154,557.233,13.1639,66.2941,3.99865
-2.66115,568.057,12.5124,63.7882,3.77695
0.9524,584.769,14.8615,73.8995,4.25529
-3.94747,587.875,12.2944,63.2503,3.626
-2.96582,528.68,11.5034,58.7702,3.74037
-3.45438,516.154,11.0119,56.4541,3.68279
-2.80759,514.926,11.2756,57.5423,3.7593
-0.627492,504.749,12.0557,60.5974,4.0355
-1.52309,517.874,11.9376,60.3764,3.91846
-0.383689,542.294,13.0778,65.6245,4.06827
-2.76756,555.666,12.1873,62.1774,3.76411
-2.85403,539.99,11.8024,60.2504,3.75373
-1.75431,556.487,12.7102,64.3869,3.88907
-0.64012,558.426,13.3311,67.0139,4.03381
-1.90307,578.375,13.132,66.5927,3.87034
-3.83063,571.073,11.9997,61.6825,3.63934
1.08222,503.925,12.872,63.9504,4.27416
-3.72473,545.103,11.5032,59.0859,3.65149
0.380446,527.031,13.0976,65.3816,4.17366
-0.790776,515.749,12.2392,61.5887,4.01377
-0.371498,535.971,12.9315,64.8852,4.06992
-0.40468,548.69,13.2211,66.3531,4.06544
1.0038,597.55,15.2169,75.6402,4.26274
-3.09216,578.333,12.5199,64.021,3.72535
-4.83322,558.72,11.2714,58.356,3.5272
-2.5684,584.82,12.9296,65.8725,3.7882
-2.71863,512.087,11.2535,57.3939,3.77001
-3.76158,570.426,12.0196,61.7548,3.64726
-4.62182,599.258,12.1938,63.0359,3.55042
-0.677607,563.61,13.4349,67.5532,4.02881
-1.3014,540.143,12.5612,63.4324,3.94695
1.71576,576.369,15.0903,74.6517,4.3681
-3.40988,533.549,11.4035,58.4431,3.68798
-0.990899,528.624,12.4457,62.7144,3.98738
1.33424,509.991,13.1557,65.2484,4.31115
-2.89372,586.734,12.8036,65.3799,3.74898
-2.10829,517.398,11.6516,59.1704,3.84472
-0.122262,560.832,13.6649,68.448,4.10387
-0.950569,585.433,13.8052,69.5457,3.99268
-3.24979,525.974,11.3144,57.9208,3.70674
0.00386811,578.392,14.1629,70.8813,4.12121
-4.19679,521.799,10.8027,55.6752,3.59778
-3.28415,580.358,12.467,63.8367,3.7027
1.11114,505.405,12.9244,64.1982,4.27838
1.4975,589.686,15.3085,75.8423,4.33538
-2.85328,578.871,12.6526,64.5902,3.75382
0.63451,569.435,14.293,71.2258,4.20962
-3.40273,586.883,12.547,64.3004,3.68881
0.366247,576.123,14.3096,71.4389,4.17166
1.53999,555.036,14.4328,71.4834,4.34172
1.11686,569.797,14.5743,72.3908,4.27921
0.500486,575.555,14.371,71.6796,4.19059
-2.74432,529.961,11.6343,59.3468,3.76691
-0.148493,524.08,12.7562,63.908,4.10028
1.38575,517.606,13.3789,66.3327,4.31877
-2.23224,545.218,12.2174,62.0976,3.82937
-2.57725,536.082,11.8479,60.365,3.78712
-0.844758,558.516,13.2258,66.5781,4.00662
-2.06361,513.249,11.5788,58.7825,3.85028
-1.39546,583.602,13.5212,68.3249,3.93482
-1.69407,575.78,13.1824,66.7513,3.8967
1.55839,597.31,15.5432,76.9735,4.34447
-2.39089,532.098,11.848,60.2866,3.80985
-3.26068,554.069,11.9135,60.9926,3.70546
-1.92936,598.321,13.5706,68.8295,3.86704
-2.86699,517.895,11.3136,57.7603,3.75218
0.66046,585.639,14.7147,73.3143,4.21332
0.983576,536.106,13.6414,67.8181,4.25981
-0.533707,536.16,12.8535,64.5657,4.04806
0.793691,558.986,14.1184,70.2799,4.23239
-4.7254,563.481,11.4175,59.0669,3.53901
-0.347255,536.382,12.9538,64.9863,4.07321
-1.54192,591.409,13.6225,68.9069,3.91605
-4.43366,568.546,11.6578,60.1839,3.57127
-3.14981,545.279,11.777,60.2465,3.71853
-1.26063,563.085,13.1159,66.2151,3.95222
0.245924,506.694,12.5259,62.585,4.15481
0.26785,563.84,13.9506,69.693,4.15787
-2.99801,503.536,10.9421,55.9155,3.73653
-1.41644,596.203,13.8017,69.7522,3.93213
-2.26518,571.936,12.7993,65.0698,3.82531
-1.87376,576.57,13.1063,66.4489,3.87402
-4.73724,578.913,11.7245,60.6604,3.53771
0.219367,527.335,13.0225,65.0783,4.1511
-1.45864,518.99,11.9941,60.6347,3.92671
-3.24209,543.456,11.6941,59.8612,3.70764
-3.21349,569.277,12.2638,62.7651,3.71101
-4.69404,538.913,10.9337,56.551,3.54246
0.877008,543.749,13.7784,68.5485,4.24439
-1.52125,504.084,11.6206,58.7723,3.91869
-1.02584,506.298,11.9036,59.997,3.9828
-3.56093,533.324,11.3294,58.1254,3.67041
-4.14362,568.841,11.8021,60.8025,3.60377
0.616943,507.598,12.7321,63.4551,4.20712
-1.3155,590.266,13.7191,69.2867,3.94513
-0.874939,535.737,12.6712,63.7998,4.00264
0.505043,545.137,13.6139,67.9014,4.19124
0.862249,598.095,15.1468,75.3638,4.24226
-3.74788,539.854,11.3817,58.4717,3.64883
1.68656,546.059,14.2805,70.6597,4.3637
-3.09664,532.417,11.5239,58.9294,3.72482
-3.27282,530.631,11.404,58.389,3.70403
-0.855313,569.557,13.4816,67.8708,4.00523
-3.97083,598.53,12.5054,64.3464,3.62335
1.61946,537.955,14.0319,69.4609,4.35361
0.515394,537.171,13.4204,66.9316,4.1927
-2.36488,592.439,13.2053,67.181,3.81304
0.406142,515.889,12.8336,64.0527,4.17728
-0.815156,517.842,12.277,61.7893,4.01054
0.539429,550.625,13.7695,68.6614,4.19611
-4.75606,588.941,11.9185,61.6722,3.53565
-3.59173,570.104,12.0956,62.0703,3.66684
-2.00063,508.285,11.4957,58.3349,3.85813
1.09366,581.065,14.8491,73.7671,4.27582
-2.10863,596.369,13.4298,68.201,3.84468
-2.44082,549.665,12.2147,62.1743,3.80374
-4.48754,596.969,12.2138,63.0786,3.56528
-0.853263,533.47,12.6284,63.5748,4.0055
-2.42946,596.344,13.258,67.4796,3.80513
-2.37031,576.519,12.8476,65.364,3.81238
-2.99922,521.023,11.3215,57.855,3.73639
-2.33672,584.836,13.0505,66.3806,3.8165
-1.17322,590.039,13.7916,69.5838,3.96356
-1.34262,509.851,11.8373,59.7942,3.94163
-3.80188,561.051,11.8028,60.6582,3.64263
-0.329591,588.676,14.2266,71.363,4.0756
-2.82929,506.002,11.0705,56.5044,3.7567
-4.95073,528.092,10.6025,54.9397,3.51439
-0.633819,543.08,12.968,65.1856,4.03465
-1.37691,552.593,12.8122,64.734,3.93721
-3.0735,510.998,11.0706,56.6021,3.72756
1.88485,582.445,15.3498,75.8496,4.3937
1.05584,548.004,13.9836,69.4851,4.27031
0.879912,584.144,14.8037,73.648,4.24481
-3.01652,521.529,11.3246,57.8779,3.73433
-1.72363,581.769,13.3039,67.3801,3.89295
1.80792,567.885,14.9215,73.771,4.38203
-1.77387,554.318,12.6508,64.0948,3.8866
-4.45342,503.05,10.3065,53.2155,3.56907
1.4506,545.344,14.1315,70.0334,4.3284
-1.57691,544.484,12.5242,63.3667,3.91159
-3.16387,526.358,11.3619,58.1288,3.71686
-3.55177,580.429,12.3346,63.2786,3.67147
-4.7337,566.025,11.4652,59.317,3.5381
-2.45176,552.089,12.2632,62.426,3.80241
-3.56458,556.424,11.8183,60.6357,3.66998
-3.67563,567.222,11.9937,61.5841,3.65715
-0.356203,582.546,14.0637,70.5587,4.07199
-4.09055,560.554,11.6552,60.0231,3.60977
-3.73947,579.314,12.2178,62.7632,3.6498
0.726164,560.487,14.119,70.3149,4.22271
-1.16602,577.748,13.5081,68.1503,3.9645
-4.24043,584.775,12.0851,62.3035,3.59288
-2.04912,585.059,13.2065,67.0389,3.85208
0.844707,581.783,14.7235,73.2668,4.23973
-0.0541867,575.918,14.0701,70.4451,4.11322
1.05118,551.736,14.0762,69.9478,4.26963
-2.5513,514.508,11.3829,57.9855,3.79027
-4.55501,549.624,11.2143,57.9446,3.5578
0.192373,578.389,14.2682,71.3163,4.14734
-2.99444,561.376,12.2007,62.3457,3.73696
-1.36469,599.032,13.8957,70.2023,3.93878
-4.69701,522.859,10.6067,54.8609,3.54213
-0.108132,540.139,13.168,65.9528,4.10581
-0.327229,502.932,12.1556,60.9733,4.07592
-1.85411,510.408,11.6114,58.8619,3.87649
-0.985496,527.071,12.4118,62.5411,3.98809
-0.97223,566.638,13.3505,67.2652,3.98983
1.81803,506.644,13.3176,65.8369,4.38356
0.996768,560.62,14.2725,70.9494,4.26172
-2.69237,568.461,12.5056,63.7676,3.77318
-0.197958,589.029,14.3092,71.7126,4.09351
-4.94459,575.171,11.5506,59.8498,3.51506
-3.26933,500.3,10.7536,55.0578,3.70444
-2.66241,558.926,12.3106,62.7603,3.7768
-0.583943,555.226,13.2842,66.7521,4.04132
-3.63616,560.012,11.8602,60.8813,3.6617
-3.24056,504.39,10.8541,55.5611,3.70782
0.223556,529.181,13.0703,65.315,4.15169
-2.18785,538.525,12.0889,61.4252,3.83486
-2.43872,547.921,12.1769,61.9814,3.804
-4.3676,562.566,11.5662,59.6827,3.57864
-2.85354,565.572,12.3618,63.1058,3.75379
-4.52094,552.34,11.2853,58.2975,3.56157
1.93191,588.618,15.5409,76.7693,4.40087
-1.2184,565.382,13.1915,66.5773,3.95769
-0.24466,506.537,12.2826,61.5758,4.08714
0.67642,532.79,13.3952,66.7326,4.2156
-3.23857,513.205,11.0447,56.5357,3.70806
-2.1489,512.81,11.5296,58.5673,3.83968
-4.10246,504.44,10.4834,53.993,3.60842
-4.5348,525.646,10.7339,55.4543,3.56004
1.9685,580.962,15.3605,75.8598,4.40646
-2.32565,548.884,12.2537,62.3227,3.81786
-4.44665,500.753,10.2623,52.9845,3.56983
-2.22976,568.131,12.7321,64.7125,3.82968
0.759979,500.482,12.6241,62.8558,4.22756
-2.2083,595.536,13.3578,67.8822,3.83233
-3.78436,514.338,10.8278,55.6403,3.64464
-1.88459,586.917,13.3357,67.6173,3.87266
-2.43774,538.355,11.9648,60.9012,3.80412
1.36637,525.645,13.5764,67.3208,4.3159
1.45783,514.688,13.3409,66.1119,4.32947
-2.09778,573.054,12.9104,65.5581,3.84603
1.34925,599.706,15.479,76.7637,4.31337
-4.78594,597.371,12.0744,62.4922,3.53237
0.74576,540.197,13.6183,67.8124,4.22552
0.491094,533.518,13.3165,66.4241,4.18926
0.407632,547.795,13.6281,68.0174,4.17749
-0.990466,571.568,13.457,67.8101,3.98744
-3.82774,503.172,10.5741,54.3538,3.63967
1.7845,500.896,13.1494,65.0199,4.37848
-2.96511,534.765,11.6361,59.4482,3.74045
-2.74769,554.399,12.1692,62.0764,3.76651
1.84478,574.478,15.1163,74.7159,4.38762
1.34868,561.658,14.4966,71.8922,4.31328
-1.85294,585.285,13.3155,67.4996,3.87664
-3.72096,531.519,11.2182,57.6207,3.65193
-1.28287,598.401,13.9262,70.3168,3.94934
0.363282,528.857,13.1341,65.5716,4.17125
-2.23417,513.802,11.5126,58.5158,3.82913
-0.62535,514.702,12.2945,61.7966,4.03578
-3.73148,592.131,12.4922,64.1689,3.65072
0.458202,517.08,12.8895,64.3089,4.18462
-3.58004,598.921,12.713,65.2332,3.66819
-3.47694,518.025,11.0418,56.6161,3.68016
1.34509,561.56,14.492,71.8713,4.31275
-0.543239,545.067,13.0621,65.6179,4.04678
-4.30111,574.767,11.849,61.113,3.58607
-1.10063,599.54,14.054,70.8726,3.97302
-2.37634,519.708,11.5788,58.9112,3.81164
-4.99984,552.417,11.0687,57.3755,3.50906
0.00774552,550.781,13.4888,67.5061,4.12175
-3.02064,586.952,12.7432,65.1295,3.73384
-4.87933,556.744,11.2104,58.0597,3.52216
-0.750606,546.414,12.9875,65.3362,4.0191
1.48232,515.967,13.3868,66.3285,4.33312
-4.89105,510.194,10.2682,53.1843,3.52089
-0.0685724,503.851,12.3025,61.6012,4.11124
-3.63148,580.228,12.2906,63.0889,3.66224
-0.222427,519.728,12.6135,63.2251,4.09017
-1.03615,583.122,13.7042,69.0775,3.98145
-4.80395,572.491,11.563,59.8532,3.5304
-0.0433994,562.589,13.7503,68.8389,4.1147
1.24862,598.44,15.3858,76.3536,4.29853
1.23221,526.803,13.5354,67.178,4.29611
0.679424,572.932,14.4061,71.7675,4.21603
0.045081,595.896,14.6152,73.1243,4.1269
-1.17912,598.985,13.9974,70.6251,3.9628
-2.6428,513.304,11.3147,57.6749,3.77917
1.71382,567.148,14.8478,73.4529,4.3678
1.41021,587.79,15.2075,75.3863,4.3224
-0.703088,582.623,13.8742,69.7741,4.02542
0.845393,578.902,14.651,72.9056,4.23983
-2.09371,591.635,13.3312,67.6929,3.84653
-2.54458,516.645,11.4333,58.2392,3.79109
-4.1446,581.885,12.0722,62.1947,3.60366
-0.722398,593.271,14.117,71.0044,4.02285
-2.25777,584.389,13.0818,66.503,3.82622
-0.9851,522.945,12.3148,62.0524,3.98814
0.488332,552.059,13.7777,68.7264,4.18887
-4.46965,532.587,10.9045,56.3094,3.56727
-3.34569,523.259,11.2125,57.4384,3.69548
-3.27938,524.119,11.261,57.6598,3.70326
-0.660093,510.613,12.1801,61.2362,4.03114
-3.13805,522.967,11.3005,57.8039,3.71992
-2.53787,564.837,12.5031,63.6859,3.79191
1.47697,578.449,15.0048,74.348,4.33232
-2.50726,589.732,13.0702,66.5602,3.79564
0.528487,546.98,13.6725,68.1827,4.19456
-1.72036,542.181,12.4002,62.8018,3.89337
-1.11173,561.281,13.1514,66.3258,3.97157
-2.57875,596.785,13.1887,67.1971,3.78694
-3.83142,559.359,11.7531,60.4157,3.63925
-2.90263,504.665,11.0088,56.2183,3.74791
0.625395,523.659,13.1393,65.4808,4.20832
-4.83646,544.126,10.9755,56.8256,3.52684
-1.19537,512.658,11.9723,60.4143,3.96068
-3.54166,576.891,12.2644,62.914,3.67264
-3.96943,549.868,11.4893,59.1176,3.6235
-2.49194,570.439,12.6504,64.4152,3.7975
-3.79718,595.962,12.5396,64.4427,3.64317
0.544404,512.47,12.8179,63.9139,4.19681
-2.2705,597.823,13.3757,68.0031,3.82465
-2.35567,548.703,12.235,62.2404,3.81417
-3.25614,538.342,11.5775,59.2703,3.70599
-2.17418,523.929,11.7677,59.7873,3.83655
-0.275475,573.637,13.8928,69.6626,4.08295
1.84311,560.849,14.7568,72.9394,4.38736
-1.74435,512.221,11.7038,59.2847,3.89033
0.57764,519.065,12.9997,64.8061,4.20153
1.31021,519.174,13.38,66.3719,4.3076
-2.41878,505.618,11.2458,57.2337,3.80644
-4.73488,556.066,11.2629,58.2711,3.53797
-2.67888,507.485,11.1702,56.9531,3.77481
-4.72641,516.482,10.4648,54.1384,3.5389
-3.96885,575.982,12.0352,61.9264,3.62357
-2.54291,572.556,12.6714,64.5454,3.79129
-1.07783,533.441,12.5159,63.106,3.976
0.202263,533.188,13.1582,65.7641,4.14872
-3.64858,522.827,11.0671,56.8153,3.66027
-0.296213,527.488,12.7647,64.015,4.08013
-1.97362,501.058,11.3445,57.5567,3.8615
0.957011,585.989,14.8952,74.0647,4.25596
-2.0237,535.924,12.1097,61.4603,3.85525
0.200482,595.989,14.707,73.5058,4.14847
-1.65879,527.604,12.0964,61.2372,3.90117
-1.81894,503.755,11.4762,58.1619,3.88092
0.479235,559.846,13.9671,69.6752,4.18759
-0.665567,541.951,12.9248,64.9828,4.03041
-0.979503,557.225,13.125,66.1321,3.98887
-4.39866,590.453,12.1242,62.5761,3.57517
1.74213,580.627,15.2173,75.267,4.37207
-4.27737,529.894,10.9345,56.3866,3.58873
0.210059,588.328,14.5234,72.5835,4.1498
-1.30207,524.2,12.1901,61.5588,3.94686
-4.97166,528.572,10.6031,54.9509,3.51211
-1.28388,583.89,13.588,68.6093,3.94921
-4.72712,580.638,11.7643,60.8618,3.53882
0.252627,539.339,13.3364,66.6316,4.15574
0.945438,557.774,14.1716,70.4722,4.25428
1.82786,575.411,15.1309,74.7965,4.38505
-1.12696,574.167,13.4452,67.8147,3.96958
0.0991767,577.249,14.188,70.9607,4.13439
-2.15945,552.9,12.4257,63.1239,3.83837
-0.95336,560.751,13.2217,66.6075,3.99231
1.36832,524.972,13.5601,67.2389,4.31619
-2.76607,557.441,12.2269,62.3791,3.76429
1.17533,598.994,15.3561,76.2439,4.28777
0.113119,544.201,13.383,66.9284,4.13632
-1.88315,513.087,11.6589,59.1143,3.87284
1.22415,586.994,15.0772,74.8342,4.29493
1.28657,553.681,14.2562,70.7294,4.30411
1.88908,592.227,15.6102,77.1339,4.39435
-1.31174,590.46,13.7257,69.318,3.94561
0.155712,502.203,12.3709,61.8489,4.14224
0.209708,535.855,13.2279,66.109,4.14976
-0.429911,568.407,13.6825,68.681,4.06203
-2.08843,510.119,11.4968,58.3763,3.84719
-1.84773,572.523,13.0278,66.039,3.87729
-0.961456,597.904,14.0932,71.0019,3.99124
-4.61145,528.6,10.7606,55.6228,3.55156
-3.60922,591.027,12.5307,64.3107,3.66482
-4.45255,524.255,10.7414,55.4602,3.56917
-2.99972,511.798,11.1209,56.8296,3.73633
-3.10634,537.422,11.6276,59.4642,3.72367
-4.44499,579.676,11.8805,61.3387,3.57001
-0.403006,561.37,13.5275,67.8902,4.06566
-3.53265,515.875,10.9712,56.2767,3.67369
-0.343555,522.207,12.6133,63.2765,4.07371
1.17428,527.558,13.5242,67.1488,4.28761
1.21875,598.946,15.3809,76.3446,4.29414
0.384127,581.155,14.4447,72.1046,4.17418
-3.65357,565.12,11.9599,61.401,3.65969
-3.44704,512.097,10.9286,56.024,3.68364
-0.728209,526.538,12.5262,63.0056,4.02207
-3.48671,515.159,10.9763,56.2846,3.67903
-0.602261,577.68,13.8114,69.4101,4.03887
1.41491,598.503,15.4875,76.7719,4.3231
-2.41772,550.949,12.2545,62.3672,3.80657
0.284067,540.245,13.3753,66.8117,4.16014
-3.47099,530.546,11.3114,57.9961,3.68085
-4.15754,504.031,10.4515,53.85,3.6022
0.509097,593.867,14.8332,73.9808,4.19181
1.17121,595.554,15.2655,75.7959,4.28716
-2.13727,509.843,11.4682,58.2508,3.84112
-0.724804,535.676,12.7453,64.1063,4.02253
0.0817097,505.316,12.4114,62.0828,4.13197
-0.274273,572.056,13.8552,69.4734,4.08311
-1.96953,585.97,13.2692,67.3196,3.86202
0.0931267,541.085,13.296,66.502,4.13355
1.66455,560.687,14.6505,72.5011,4.36039
-2.53869,577.656,12.7864,65.1294,3.79181
1.52714,512.486,13.3197,65.9761,4.3398
0.12589,565.885,13.9233,69.6241,4.1381
-1.73742,511.997,11.7019,59.2723,3.89121
-0.492968,501.322,12.0377,60.4507,4.05353
0.993345,595.22,15.1514,75.3198,4.26123
-2.78874,548.758,12.0255,61.3613,3.76157
-1.59262,529.587,12.1739,61.6011,3.90959
0.0828005,510.13,12.5302,62.6764,4.13212
-4.3109,590.981,12.1784,62.8165,3.58497
-2.73752,503.596,11.0586,56.407,3.76773
-0.0019109,501.105,12.2676,61.3984,4.12041
0.93532,552.467,14.0312,69.7789,4.25282
0.858888,524.675,13.2857,66.1052,4.24178
0.178379,515.898,12.7196,63.5822,4.14539
1.0385,588.049,14.9953,74.521,4.26779
0.348722,572.695,14.2147,70.9734,4.1692
0.729224,584.52,14.7262,73.3372,4.22315
-0.235691,531.17,12.8845,64.589,4.08837
-4.06545,597.882,12.444,64.0738,3.61261
-1.26175,585.197,13.6304,68.8128,3.95208
-0.378648,514.806,12.4174,62.3084,4.06896
-1.58817,549.387,12.6313,63.9137,3.91015
-1.29908,519.918,12.092,61.0619,3.94725
-3.37,520.386,11.1401,57.0769,3.69264
-2.92313,508.71,11.0879,56.6305,3.74546
-3.24262,560.178,12.0536,61.7021,3.70758
-3.04098,547.839,11.8842,60.7484,3.73142
-3.16496,549.334,11.8573,60.664,3.71674
1.81573,583.04,15.3243,75.7587,4.38321
-0.177056,513.27,12.4791,62.5317,4.09637
1.76393,532.716,13.9735,69.1046,4.37537
0.330078,543.49,13.4799,67.3133,4.16659
-3.72172,527.323,11.1293,57.1643,3.65184
-1.00981,579.235,13.627,68.6762,3.9849
0.0731392,512.358,12.5802,62.9304,4.13078
1.97528,518.865,13.7223,67.7661,4.4075
-0.204551,527.008,12.7992,64.1479,4.09261
-3.82476,578.283,12.154,62.4735,3.64001
-4.81291,574.867,11.6067,60.0835,3.52942
-2.85448,514.051,11.2352,57.3554,3.75367
-2.53158,569.19,12.6026,64.19,3.79267
-4.93133,520.35,10.4554,54.1695,3.5165
0.848109,586.339,14.8408,73.8487,4.24022
-1.52313,545.778,12.5808,63.6295,3.91845
-0.177469,592.68,14.4095,72.2052,4.09631
-2.95512,566.054,12.3219,62.9473,3.74164
-4.19674,531.112,10.9956,56.669,3.59779
-4.35043,548.13,11.2773,58.1846,3.58055
-1.05889,548.648,12.8824,64.9452,3.97847
-1.64932,534.541,12.2601,62.0616,3.90237
-3.74374,577.446,12.1763,62.5519,3.64931
-1.80301,549.852,12.5343,63.5174,3.88292
-2.72645,584.963,12.851,65.5448,3.76907
-2.8382,577.587,12.6322,64.4792,3.75563
-0.572637,587.662,14.0665,70.6778,4.04284
0.344013,560.127,13.9002,69.4053,4.16854
-1.16134,577.525,13.5054,68.1346,3.96511
-4.29943,501.691,10.3432,53.3462,3.58626
-0.100215,584.718,14.2593,71.4145,4.10689
0.164317,557.565,13.7393,68.6862,4.14344
-0.590966,534.7,12.7896,64.2697,4.04038
-3.32295,553.135,11.8636,60.7639,3.69815
-0.744657,566.391,13.4655,67.7381,4.01989
-0.293492,501.861,12.1458,60.9104,4.0805
0.00902069,520.967,12.7593,63.8547,4.12192
-4.4643,583.907,11.9578,61.7464,3.56786
-3.95606,505.876,10.5758,54.4123,3.62502
-1.76723,543.138,12.3989,62.8158,3.88744
-1.44405,510.824,11.8122,59.7092,3.92858
-1.49322,544.728,12.5716,63.5695,3.92228
-0.997412,585.788,13.788,69.4813,3.98652
-0.537278,583.204,13.9793,70.2226,4.04758
0.903,513.236,13.0184,64.7563,4.24814
-0.520611,590.205,14.1565,71.1043,4.04982
1.50576,587.908,15.2672,75.6338,4.33661
-4.36618,593.147,12.1956,62.9301,3.57879
0.182094,550.079,13.5643,67.803,4.14591
-3.35416,549.053,11.7613,60.2529,3.69449
-1.64789,578.502,13.2691,67.1688,3.90256
-1.26439,597.128,13.9068,70.2097,3.95173
0.227152,555.012,13.7102,68.5113,4.15219
-4.92442,529.27,10.6376,55.1109,3.51725
-1.82496,580.979,13.2322,67.0647,3.88016
-3.8415,535.702,11.2515,57.8411,3.6381
-4.25759,534.029,11.0287,56.8643,3.59095
1.67325,594.485,15.5389,76.893,4.36169
-4.66654,539.611,10.9601,56.6766,3.54549
-1.27851,556.295,12.9486,65.3784,3.94991
-1.56965,534.229,12.2919,62.1879,3.91251
0.226208,505.092,12.4766,62.3471,4.15206
-2.47552,573.681,12.7306,64.8165,3.79951
-2.70956,543.943,11.9579,60.9826,3.7711
-4.7169,548.594,11.1197,57.5227,3.53995
0.31792,516.509,12.8046,63.9465,4.16488
-4.91856,584.779,11.7561,60.9029,3.51789
-3.19299,577.997,12.462,63.7699,3.71343
-4.16084,593.395,12.3029,63.3905,3.60183
0.949949,577.67,14.6797,72.9967,4.25493
1.90234,560.104,14.7711,72.9811,4.39637
-0.11181,503.45,12.2718,61.4656,4.1053
-0.994357,585.352,13.7794,69.4365,3.98692
1.87794,596.937,15.7275,77.7195,4.39265
-3.26645,584.574,12.5665,64.3383,3.70478
-2.47685,516.61,11.4636,58.3658,3.79934
-4.99688,527.13,10.5633,54.7545,3.50938
1.3761,515.071,13.3084,65.9873,4.31734
-1.37364,559.716,12.9791,65.5754,3.93763
0.309007,592.756,14.6897,73.3649,4.16363
-2.12175,570.749,12.8462,65.2429,3.84305
-0.0767418,510.24,12.4545,62.3658,4.11012
0.593775,589.098,14.763,73.5882,4.20382
1.3088,577.738,14.8885,73.8554,4.30739
0.18081,561.128,13.8361,69.1621,4.14573
-2.11502,550.128,12.3854,62.8996,3.84389
1.83484,583.205,15.3401,75.8267,4.38611
-1.78289,578.664,13.2016,66.89,3.88546
-1.36842,594.816,13.7959,69.6997,3.9383
-4.64248,580.882,11.8099,61.0606,3.54814
-0.954716,523.75,12.3486,62.2097,3.99213
1.88663,587.577,15.4861,76.5223,4.39398
-3.02503,522.534,11.3426,57.9731,3.73332
-1.42343,543.22,12.5716,63.5389,3.93123
-4.06902,583.046,12.1335,62.4765,3.6122
-2.03839,506.108,11.4292,58.0128,3.85342
-1.19324,564.188,13.1768,66.4916,3.96096
1.75868,562.081,14.7408,72.9016,4.37457
-0.511685,531.501,12.7529,64.0506,4.05102
-1.22149,592.379,13.8197,69.7493,3.95729
-4.44003,534.467,10.9562,56.5643,3.57056
-3.93789,568.331,11.8903,61.167,3.62709
1.34265,508.802,13.1293,65.1139,4.31239
-4.8831,572.674,11.5294,59.7133,3.52175
-2.48931,594.065,13.1757,67.0889,3.79782
0.517968,509.932,12.7412,63.5429,4.19307
-2.594,539.296,11.9109,60.6934,3.78509
-4.7225,559.875,11.3458,58.6945,3.53933
-3.85983,594.779,12.483,64.1805,3.636
-4.58781,577.003,11.7572,60.7643,3.55417
1.85741,566.422,14.9117,73.698,4.38953
-2.3211,526.639,11.7592,59.8058,3.81842
-3.68129,501.699,10.6058,54.4599,3.65649
0.369774,540.724,13.4322,67.057,4.17216
-1.98445,592.576,13.4108,68.0451,3.86015
-2.95613,568.379,12.372,63.2037,3.74152
1.58919,504.907,13.1544,65.1303,4.34908
1.03647,523.416,13.346,66.3259,4.26749
-4.81999,580.619,11.7195,60.6703,3.52864
-0.524719,564.234,13.5313,67.9664,4.04926
1.80661,511.775,13.4465,66.4793,4.38183
0.739999,508.311,12.8116,63.7977,4.22469
-3.37094,559.964,11.9869,61.416,3.69253
-2.4635,582.812,12.9395,65.8744,3.80097
0.893843,515.118,13.0615,64.9744,4.24682
-1.1063,524.964,12.3031,62.0453,3.97228
-4.67613,592.971,12.0392,62.261,3.54443
-0.343143,585.846,14.1507,70.9886,4.07376
-0.513646,509.86,12.2327,61.4387,4.05075
-4.96072,536.051,10.7579,55.7489,3.5133
-0.830572,529.378,12.5428,63.134,4.0085
1.11319,511.85,13.0903,65.0212,4.27868
-2.74075,599.388,13.1604,67.1293,3.76734
0.710324,569.378,14.3341,71.3936,4.22044
-4.48825,535.662,10.9591,56.5992,3.5652
-3.87158,544.83,11.4293,58.7677,3.63466
-2.37232,591.57,13.182,67.066,3.81213
-2.17224,502.004,11.2761,57.289,3.83679
0.891899,599.877,15.2095,75.6608,4.24654
-3.72293,506.484,10.689,54.903,3.6517
0.413257,538.895,13.4097,66.9245,4.17828
0.969454,583.876,14.8487,73.8274,4.25776
-1.29946,552.757,12.8555,64.9179,3.9472
-1.85986,582.661,13.2521,67.1816,3.87577
-0.676237,571.036,13.6127,68.4464,4.02899
-0.316553,539.201,13.0377,65.3931,4.07737
-4.06708,503.463,10.4781,53.9522,3.61242
1.35879,592.277,15.2929,75.8361,4.31478
-1.95588,569.237,12.8973,65.4266,3.86372
1.9429,563.572,14.8859,73.5287,4.40255
-3.85776,556.002,11.6702,60.0004,3.63624
-1.06133,570.258,13.3885,67.4979,3.97815
-0.585976,535.263,12.8055,64.3478,4.04105
-2.42182,592.726,13.1816,67.0872,3.80607
-2.41675,581.024,12.924,65.7737,3.80669
-2.73154,569.071,12.4993,63.7534,3.76845
-0.730004,564.123,13.4194,67.4991,4.02184
-3.43701,594.866,12.7001,65.1008,3.68481
-2.8423,528.106,11.5481,58.9474,3.75513
0.988969,593.686,15.1097,75.1151,4.26059
-2.9777,546.048,11.8756,60.677,3.73895
-4.86514,570.736,11.4988,59.5472,3.52371
1.0498,582.527,14.861,73.8482,4.26943
-4.50864,586.315,11.9855,61.909,3.56294
0.21463,504.845,12.4648,62.2933,4.15044
-2.24454,517.343,11.5871,58.8988,3.82785
-4.08648,507.572,10.5553,54.3572,3.61023
-3.6366,582.413,12.3344,63.3157,3.66165
-0.269502,599.655,14.5263,72.8364,4.08376
-0.303555,523.953,12.6755,63.5708,4.07913
-1.12383,514.368,12.0464,60.7581,3.96999
-1.03588,524.911,12.3363,62.1822,3.98148
-2.88755,569.2,12.4241,63.4391,3.74971
-2.84906,539.648,11.7973,60.2222,3.75432
-1.09624,564.946,13.2454,66.7927,3.97359
-3.72224,593.964,12.5355,64.3874,3.65178
-4.64614,535.581,10.8873,56.2918,3.54773
-2.97727,521.601,11.3441,57.9614,3.739
1.11461,591.955,15.1398,75.2004,4.27888
-2.51491,557.939,12.3618,62.9558,3.7947
-1.86755,518.06,11.7792,59.7179,3.8748
1.13094,580.15,14.8473,73.7396,4.28127
-4.20981,591.801,12.2455,63.1167,3.59632
-2.51814,586.874,13.0012,66.2138,3.79431
-1.44589,559.431,12.9353,65.3869,3.92834
-0.317576,573.259,13.8606,69.5213,4.07723
1.27783,502.467,12.9331,64.169,4.30283
0.699388,556.061,13.9928,69.6992,4.21888
0.753204,549.371,13.8536,68.9806,4.22658
-3.22154,588.957,12.6837,64.9175,3.71006
-4.97262,557.55,11.1839,57.9616,3.51201
-4.20559,599.117,12.399,63.9061,3.59679
-2.65982,551.996,12.1592,61.9874,3.77711
0.439216,510.096,12.706,63.4013,4.18194
0.946773,598.32,15.2026,75.5983,4.25447
-1.97469,563.68,12.7618,64.7479,3.86137
-4.53049,554.053,11.3159,58.4596,3.56052
1.53809,524.295,13.6324,67.5202,4.34143
-4.18034,551.895,11.4334,58.9187,3.59963
-2.46429,552.478,12.2656,62.4441,3.80088
-4.7404,504.026,10.2066,52.8079,3.53736
0.407206,564.53,14.0442,70.0944,4.17743
1.53408,544.532,14.1564,70.1174,4.34084
-2.63437,580.064,12.7906,65.1943,3.78019
1.31763,518.188,13.3585,66.2617,4.3087
-2.61219,518.586,11.4451,58.3274,3.78288
1.27268,517.69,13.3223,66.1022,4.30207
-4.71231,568.42,11.5237,59.6108,3.54045
-0.437973,580.585,13.9712,70.134,4.06094
-0.281438,592.314,14.3417,71.9168,4.08214
1.42852,525.654,13.6096,67.4569,4.32512
-2.57479,572.143,12.6461,64.4309,3.78742
-1.9641,575.069,13.0251,66.079,3.8627
-0.16079,556.766,13.5453,67.8667,4.09859
0.155074,524.11,12.9102,64.5454,4.14215
-1.33254,502.542,11.6723,58.9564,3.94293
1.64446,580.559,15.1579,75.0222,4.35737
-1.39426,560.555,12.9879,65.6294,3.93498
0.0414773,546.475,13.4012,67.0519,4.1264
-1.88678,519.81,11.8099,59.8817,3.87239
-4.13366,536.432,11.1342,57.3574,3.6049
-4.05707,568.95,11.8459,60.9903,3.61356
-1.70887,590.702,13.5161,68.4479,3.89482
1.5888,581.261,15.1434,74.9787,4.34902
-3.53892,537.045,11.4185,58.5739,3.67296
-1.44152,553.946,12.8107,64.7551,3.92891
0.652375,525.115,13.1898,65.7202,4.21217
1.32264,539.723,13.9163,69.0265,4.30944
-1.81709,551.867,12.5731,63.7206,3.88115
-0.157358,532.101,12.9469,64.8674,4.09906
0.354462,555.144,13.7822,68.8111,4.17001
1.4418,556.907,14.4262,71.4982,4.32709
-0.586348,563.667,13.4849,67.7617,4.041
-0.563403,566.385,13.5622,68.1394,4.04407
0.403784,553.896,13.7778,68.7663,4.17694
-2.23971,594.104,13.3089,67.6488,3.82845
-3.68939,575.181,12.1552,62.4196,3.65556
-4.41239,554.867,11.3872,58.7777,3.57364
-1.56325,559.203,12.8698,65.1088,3.91333
0.46434,508.546,12.6798,63.2601,4.18548
1.71783,568.309,14.8805,73.6127,4.36841
-0.898721,529.986,12.5234,63.0658,3.9995
0.496435,573.197,14.3098,71.3765,4.19002
-0.580892,546.971,13.0883,65.7663,4.04173
-3.8178,576.259,12.1149,62.2693,3.64081
0.489167,572.592,14.2906,71.2844,4.18899
1.23962,538.247,13.8334,68.6538,4.2972
0.871104,595.513,15.0866,75.06,4.24354
-3.98032,535.526,11.1847,57.5548,3.62227
-3.94643,514.363,10.7575,55.3429,3.62612
-3.93525,589.448,12.3334,63.4454,3.62739
0.694043,544.221,13.692,68.2033,4.21812
0.817011,524.995,13.272,66.0561,4.23575
-3.52584,545.754,11.6098,59.5497,3.67448
-0.649066,518.756,12.3797,62.2351,4.03262
-1.32553,526.73,12.2375,61.8083,3.94383
-1.87958,565.48,12.8512,65.1583,3.87329
-3.5546,571.947,12.1529,62.348,3.67114
-0.382847,540.746,13.0409,65.4391,4.06839
-4.85007,574.248,11.5767,59.9439,3.52536
-3.18643,545.37,11.7616,60.1833,3.7142
-1.17119,513.351,12,60.5439,3.96383
-0.685694,538.792,12.8393,64.5616,4.02773
1.72667,526.269,13.7844,68.1867,4.36974
-3.69179,585.275,12.3674,63.51,3.65528
-2.4203,549.069,12.2115,62.149,3.80625
1.37665,599.734,15.4962,76.8351,4.31742
1.55949,516.946,13.4525,66.6196,4.34463
1.51392,565.608,14.6928,72.7839,4.33783
-3.52162,560.671,11.9292,61.1859,3.67497
1.34592,591.074,15.2542,75.6506,4.31288
-1.91767,519.937,11.7983,59.8355,3.86851
-3.08344,524.661,11.362,58.0963,3.72638
1.32033,585.253,15.0889,74.8439,4.30909
-1.41562,513.756,11.8935,60.108,3.93223
-4.44235,595.33,12.2027,63.0007,3.5703
0.281386,573.55,14.1984,70.9243,4.15977
0.501966,591.613,14.7728,73.6829,4.1908
-0.402593,560.589,13.5089,67.7968,4.06572
0.982992,505.973,12.8744,64.005,4.25972
1.79719,544.792,14.3087,70.7467,4.3804
-3.63505,563.319,11.9308,61.2431,3.66183
-4.74981,525.785,10.6431,55.0702,3.53633
-1.78937,569.127,12.9807,65.7736,3.88465
-2.23803,583.027,13.0616,66.3911,3.82866
-1.34364,510.55,11.8531,59.8741,3.9415
-1.53939,584.714,13.4697,68.1325,3.91638
-3.02561,527.719,11.4549,58.5472,3.73325
-3.14555,510.168,11.0206,56.3751,3.71903
1.81284,527.83,13.8717,68.5785,4.38277
-0.143544,514.235,12.5191,62.7176,4.10095
-2.27933,527.254,11.7927,59.9584,3.82356
0.633563,597.807,15.0046,74.7724,4.20949
-0.483286,522.649,12.5546,63.0423,4.05484
1.46925,556.278,14.4253,71.4805,4.33117
-1.73237,536.624,12.2672,62.1335,3.89185
0.0171097,591.046,14.4803,72.4633,4.12304
-1.20664,553.093,12.9108,65.1554,3.95922
-3.26737,599.697,12.8911,66.0007,3.70467
-1.67231,565.719,12.9633,65.6319,3.89946
1.88601,575.714,15.1731,74.9757,4.39388
-2.03981,576.742,13.0236,66.1062,3.85324
-3.34071,510.319,10.9375,56.0273,3.69607
-1.18586,561.081,13.1081,66.1413,3.96192
0.47303,576.783,14.3862,71.7687,4.18671
-1.03391,515.2,12.109,61.0358,3.98174
-2.63808,595.722,13.1339,66.9458,3.77974
-4.94577,584.729,11.742,60.842,3.51493
-4.5843,564.246,11.4989,59.4277,3.55456
-4.85122,524.359,10.5704,54.7341,3.52523
-0.36905,568.211,13.7107,68.7936,4.07025
-4.43541,546.768,11.2104,57.8751,3.57108
-1.41329,574.235,13.2948,67.1891,3.93253
1.73215,508.424,13.3198,65.8861,4.37057
-1.71602,566.487,12.9583,65.6266,3.89392
-2.34424,550.607,12.283,62.48,3.81558
-3.81138,561.332,11.8042,60.6694,3.64155
-1.43174,569.155,13.1675,66.5544,3.93016
0.415273,548.777,13.6566,68.1562,4.17856
-2.51671,528.792,11.7152,59.6635,3.79448
0.152277,568.7,14.0071,70.0305,4.14176
-2.75948,575.075,12.6171,64.3665,3.76509
-1.84804,501.238,11.4056,57.816,3.87725
-1.74282,527.947,12.0638,61.1079,3.89052
-2.26735,506.886,11.3425,57.6649,3.82504
0.186819,500.015,12.3321,61.6416,4.14657
-0.888443,557.18,13.1713,66.324,4.00086
-3.92742,593.074,12.4132,63.8523,3.62829
-0.945685,558.585,13.1747,66.3669,3.99332
-3.15169,566.386,12.232,62.5747,3.7183
0.296327,565.299,14.0023,69.9379,4.16186
-2.56188,589.869,13.0446,66.4555,3.78899
-0.18103,540.806,13.1465,65.8779,4.09583
1.34663,504.528,13.021,64.5753,4.31298
-3.30559,535.3,11.4891,58.8386,3.70018
-3.99882,509.057,10.6239,54.6762,3.62016
1.46577,573.438,14.8683,73.6773,4.33065
1.14024,563.764,14.4332,71.6784,4.28263
-1.00324,517.464,12.177,61.3656,3.98576
-4.24225,519.073,10.7265,55.3001,3.59267
0.393123,549.942,13.6738,68.2519,4.17544
1.32887,563.029,14.5208,72.0217,4.31036
0.253414,592.255,14.6453,73.1709,4.15585
-4.60646,536.224,10.918,56.4344,3.55211
0.0383505,570.872,13.9977,70.0382,4.12597
0.552269,552.015,13.8112,68.8633,4.19793
0.222238,585.238,14.4541,72.2309,4.1515
-2.37512,590.52,13.1571,66.9408,3.81179
-2.42511,574.534,12.7753,65.0211,3.80567
1.21641,525.04,13.4818,66.9192,4.29379
-1.60131,543.107,12.4804,63.1558,3.90848
-3.05962,542.171,11.7525,60.0827,3.72921
1.77754,581.793,15.2689,75.5039,4.37743
0.394444,570.933,14.1964,70.86,4.17563
-3.76196,531.385,11.1968,57.5274,3.64721
-1.67728,525.05,12.029,60.9037,3.89883
-4.88022,527.169,10.6145,54.9738,3.52207
-3.84812,519.718,10.9128,56.1028,3.63734
-2.60196,594.398,13.1237,66.877,3.78412
-1.64403,534.763,12.2678,62.0982,3.90305
0.257224,578.694,14.3121,71.5043,4.15639
-1.01852,526.321,12.3779,62.3847,3.98376
-4.11599,533.536,11.082,57.0815,3.60689
0.460399,551.002,13.7363,68.5326,4.18493
0.492189,531.107,13.2568,66.1263,4.18942
0.325308,502.488,12.4607,62.2255,4.16592
-1.38075,597.608,13.8538,69.9986,3.93671
-1.2114,599.66,13.9952,70.63,3.9586
-2.27463,520.857,11.6518,59.24,3.82414
-2.53407,514.569,11.3921,58.0254,3.79237
-0.406926,523.669,12.617,63.3227,4.06513
0.603105,506.039,12.6861,63.2319,4.20515
1.71185,536.667,14.0487,69.5008,4.36751
-1.80137,576.321,13.1385,66.5786,3.88313
1.38789,572.748,14.8054,73.4044,4.31909
1.86113,572.282,15.0681,74.4693,4.3901
1.8933,503.394,13.2708,65.5728,4.39499
-3.71186,516.355,10.9022,55.9937,3.65297
-0.684153,512.981,12.2249,61.4718,4.02794
1.1396,549.478,14.0671,69.8606,4.28253
0.543919,557.361,13.9404,69.5114,4.19675
-2.21168,599.774,13.451,68.3576,3.83191
-4.29916,529.274,10.912,56.2796,3.58629
-1.22499,598.522,13.9611,70.4645,3.95684
-4.60169,537.861,10.9535,56.6158,3.55264
1.09696,522.218,13.347,66.3035,4.27631
-2.95943,549.339,11.9559,61.0797,3.74113
1.65324,581.913,15.1985,75.2184,4.35869
-2.55171,543.493,12.024,61.2513,3.79022
1.09702,563.568,14.4039,71.5536,4.27631
-3.4368,564.229,12.0461,61.7483,3.68484
-1.02734,571.928,13.4458,67.771,3.9826
-0.718454,547.008,13.0182,65.4759,4.02337
-1.70586,530.46,12.1391,61.4735,3.8952
1.36097,574.896,14.8454,73.6158,4.3151
-2.35871,547.309,12.2024,62.076,3.8138
-0.547764,598.309,14.3355,72.0168,4.04617
0.955057,540.156,13.7292,68.2675,4.25567
-2.97532,588.725,12.805,65.4245,3.73923
-3.30499,555.998,11.9336,61.1148,3.70025
1.50334,515.558,13.3871,66.3208,4.33625
0.553761,505.139,12.6391,63.0187,4.19814
-1.4369,564.04,13.0465,65.945,3.9295
-1.77237,575.874,13.1435,66.5905,3.88679
1.17985,560.146,14.3627,71.3095,4.28843
-1.80258,562.317,12.8186,64.9583,3.88298
-1.47604,549.01,12.6791,64.1054,3.92448
-2.66376,582.344,12.8257,65.3869,3.77664
-2.87668,579.383,12.6518,64.5972,3.75101
1.98946,512.746,13.5679,66.9974,4.40966
-2.91144,545.105,11.8867,60.7055,3.74686
0.0148207,555.442,13.6068,68.0931,4.12272
-1.44955,580.536,13.4213,67.8455,3.92787
-0.640526,544.182,12.9909,65.3036,4.03376
0.559767,570.291,14.2727,71.1605,4.19899
-1.87755,539.409,12.2597,62.1584,3.87354
1.12086,593.053,15.1716,75.3552,4.2798
-0.706068,561.267,13.3641,67.2099,4.02502
-0.36128,599.029,14.4588,72.5432,4.07131
-2.56494,549.184,12.1434,61.8655,3.78862
-1.95404,582.419,13.1969,66.9458,3.86395
-4.79337,573.829,11.595,60.0145,3.53156
-2.39472,535.596,11.924,60.6753,3.80939
-3.93581,508.651,10.6426,54.7477,3.62733
-1.64087,527.904,12.1119,61.3081,3.90345
0.828634,541.523,13.6961,68.1613,4.23742
-0.410438,569.564,13.7209,68.8645,4.06466
-0.683388,519.308,12.3761,62.2315,4.02804
-2.75644,599.759,13.1602,67.136,3.76545
0.0320782,569.169,13.9525,69.8151,4.12511
-3.01998,502.364,10.907,55.7446,3.73392
-2.27365,530.252,11.8624,60.3105,3.82426
1.27218,558.441,14.3707,71.3044,4.302
-4.18649,520.269,10.7756,55.5311,3.59894
1.24933,533.873,13.7262,68.1172,4.29863
-0.536659,551.814,13.2272,66.4444,4.04766
-0.556198,572.856,13.721,68.9341,4.04504
-1.40512,544.29,12.6056,63.7024,3.93358
-3.89985,536.05,11.2322,57.766,3.63143
-2.76085,594.529,13.0431,66.5408,3.76492
-4.36814,553.219,11.3738,58.6901,3.57857
-0.932642,584.034,13.782,69.4202,3.99503
-4.25242,527.346,10.8929,56.1624,3.59153
0.279679,574.245,14.2146,71.0063,4.15953
-4.04819,569.28,11.857,61.0438,3.61456
0.897406,589.268,14.9437,74.3359,4.24733
1.24707,596.192,15.3271,76.063,4.2983
-4.01031,557.292,11.6252,59.834,3.61886
0.320183,576.16,14.2847,71.3368,4.1652
-4.04928,514.037,10.7059,55.1181,3.61444
-0.31157,538.623,13.0263,65.3337,4.07805
-4.30221,543.527,11.2045,57.7893,3.58595
-3.17867,547.694,11.8154,60.4554,3.71512
-1.30623,509.389,11.8437,59.8114,3.94632
-4.40893,518.072,10.6335,54.8864,3.57403
-1.02568,586.144,13.7809,69.4592,3.98282
1.27102,533.435,13.7265,68.1089,4.30182
-2.78835,504.882,11.0642,56.456,3.76161
-2.28802,586.117,13.1046,66.633,3.82249
1.01003,508.208,12.9449,64.3439,4.26365
-0.98948,538.005,12.6673,63.8303,3.98756
-4.95375,517.937,10.3974,53.8778,3.51406
-1.66094,500.439,11.4726,58.0801,3.9009
-3.22744,597.143,12.8569,65.8069,3.70937
-4.62736,578.41,11.7669,60.8317,3.5498
-4.49034,533.24,10.9087,56.3394,3.56497
-0.342072,546.788,13.2078,66.2582,4.07391
-1.06381,560.224,13.1516,66.3049,3.97783
-1.14435,505.64,11.8324,59.687,3.96732
0.561564,544.536,13.6291,67.9508,4.19925
-2.84438,512.679,11.2098,57.2215,3.75489
1.24069,557.699,14.3339,71.1373,4.29736
-4.50575,507.834,10.3824,53.6274,3.56326
-0.966396,580.814,13.6877,68.9612,3.9906
-3.80444,516.964,10.8742,55.8869,3.64234
-3.38645,577.441,12.3533,63.3002,3.69072
-1.15032,500.398,11.7069,59.0566,3.96654
0.459566,505.325,12.5972,62.8497,4.18481
-4.83042,515.03,10.3912,53.7979,3.5275
-1.8871,578.797,13.1499,66.6763,3.87234
1.56524,565.102,14.709,72.8391,4.34549
0.883299,535.376,13.5696,67.5068,4.2453
-1.90823,561.386,12.7436,64.6257,3.86969
-2.71498,584.005,12.8359,65.4623,3.77045
-3.14161,559.77,12.094,61.8644,3.7195
0.849388,534.056,13.5182,67.2665,4.24041
-1.47087,546.129,12.6151,63.7798,3.92514
1.43681,571.844,14.8103,73.404,4.32635
1.64721,568.893,14.8549,73.5213,4.35778
1.5046,539.325,14.0049,69.3809,4.33644
-0.282976,518.898,12.5634,62.9997,4.08193
-4.00498,587.268,12.2531,63.0636,3.61946
0.82305,578.853,14.637,72.8468,4.23662
-2.39284,557.666,12.4163,63.1794,3.80962
-0.83448,501.55,11.8817,59.8076,4.00798
1.40192,539.618,13.9567,69.1896,4.32117
1.29868,559.507,14.413,71.5016,4.3059
0.911661,540.267,13.7087,68.1859,4.24939
-4.57083,574.985,11.7242,60.5862,3.55605
-1.30516,502.332,11.6801,58.9848,3.94646
0.0534301,564.166,13.8415,69.2494,4.12806
0.341543,501.129,12.4349,62.0899,4.1682
-0.968771,577.29,13.6034,68.5375,3.99028
-2.79504,561.433,12.3002,62.7656,3.76081
-0.399636,590.366,14.2281,71.4047,4.06612
-0.273727,561.478,13.5993,68.1899,4.08319
-2.72842,556.198,12.2181,62.3177,3.76883
1.24375,502.666,12.921,64.1239,4.29781
-3.41778,522.113,11.1555,57.1754,3.68706
-3.81396,573.998,12.0693,62.033,3.64125
-1.6689,534.288,12.2447,61.9924,3.89989
-0.220562,550.753,13.3675,67.0032,4.09043
1.31259,594.859,15.332,76.0534,4.30795
-0.284289,598.625,14.4929,72.6763,4.08175
-2.1495,519.315,11.6756,59.3091,3.83961
1.03479,506.928,12.9248,64.2332,4.26725
-0.826407,543.632,12.8827,64.8427,4.00905
-1.99059,525.405,11.8877,60.3197,3.85938
-1.75322,515.354,11.7712,59.6299,3.88921
-4.50768,522.34,10.6782,55.1557,3.56305
-0.988871,507.546,11.9504,60.2177,3.98764
-2.01545,507.655,11.4747,58.2342,3.85628
-3.46893,537.615,11.463,58.7729,3.6811
0.95949,507.811,12.9093,64.1888,4.25632
-1.94868,511.437,11.591,58.7973,3.86462
-0.63471,501.312,11.9702,60.1706,4.03453
-1.02637,551.566,12.9676,65.3602,3.98273
-1.15587,571.548,13.3685,67.4415,3.96582
-3.64998,568.391,12.0309,61.7638,3.66011
-0.617173,553.078,13.2154,66.4218,4.03688
-1.8006,503.286,11.4739,58.1429,3.88323
-0.136214,582.107,14.1755,71.0124,4.10196
-0.000840039,513.007,12.5595,62.8588,4.12056
-3.22036,559.074,12.0407,61.626,3.7102
-4.36261,506.41,10.4138,53.7341,3.57919
-0.475341,518.87,12.4677,62.6027,4.0559
-4.15876,537.469,11.1443,57.4201,3.60207
-1.07606,569.385,13.3602,67.3621,3.97623
-1.12274,566.235,13.2617,66.8871,3.97014
-0.969231,599.324,14.1223,71.1524,3.99022
-2.46897,553.157,12.2784,62.5112,3.80031
-0.758224,564.858,13.4219,67.5248,4.01809
-0.658036,597.067,14.2435,71.6091,4.03142
-1.77462,590.865,13.4845,68.319,3.88651
-3.49409,523.626,11.1534,57.1956,3.67817
-3.26785,536.543,11.5333,59.0493,3.70462
-4.00951,538.727,11.2383,57.8423,3.61895
-2.53737,571.27,12.6458,64.4122,3.79197
-3.96407,560.812,11.7205,60.305,3.62411
-4.86413,552.36,11.129,57.6318,3.52382
0.533723,539.059,13.4772,67.2067,4.1953
-0.940338,598.962,14.13,71.1766,3.99402
-4.19937,542.406,11.2282,57.8689,3.59749
-0.699738,536.32,12.7733,64.2359,4.02586
-2.32188,556.755,12.4313,63.2242,3.81832
-3.07585,529.339,11.4668,58.6291,3.72728
-2.35849,519.462,11.5816,58.9181,3.81383
1.2789,568.106,14.6232,72.5542,4.30298
-3.39368,559.887,11.9742,61.3612,3.68987
-2.06986,534.17,12.0478,61.166,3.8495
1.49542,539.136,13.995,69.3361,4.33507
-3.14702,571.502,12.3448,63.1497,3.71886
-1.1955,535.532,12.5064,63.1096,3.96067
-1.06919,530.675,12.4553,62.7966,3.97713
-2.64074,585.523,12.9076,65.794,3.77942
-2.04619,563.107,12.7125,64.5298,3.85245
-1.97308,571.656,12.9432,65.6675,3.86157
-1.82262,509.62,11.6081,58.832,3.88045
-3.06921,564.072,12.2225,62.4899,3.72807
1.42744,538.099,13.9312,69.0515,4.32496
1.71851,543.365,14.2277,70.3832,4.36851
0.440842,505.112,12.5826,62.7851,4.18217
-1.65375,570.004,13.0712,66.1694,3.90181
-4.23596,536.723,11.094,57.1925,3.59338
1.58833,567.261,14.7784,73.1716,4.34895
1.84042,524.711,13.8045,68.2337,4.38695
0.486652,542.34,13.5343,67.5127,4.18864
1.36309,511.312,13.2046,65.4783,4.31542
0.322516,511.557,12.6842,63.3428,4.16553
-4.12865,551.935,11.4583,59.025,3.60546
0.725425,543.816,13.6986,68.2217,4.22261
-4.77099,554.938,11.2235,58.0823,3.53401
-3.22642,559.381,12.0444,61.6475,3.70949
-4.60932,542.558,11.0457,57.0956,3.5518
-3.14793,586.773,12.6742,64.8351,3.71875
-4.26917,581.474,12.0029,61.8923,3.58965
-4.87745,570.159,11.4814,59.4624,3.52237
-1.14474,574.388,13.4409,67.8013,3.96727
-2.37841,505.651,11.2647,57.3139,3.81139
-1.95702,526.491,11.9282,60.5113,3.86358
-2.54651,554.214,12.2637,62.4702,3.79086
-3.68793,559.017,11.8143,60.6683,3.65573
-4.60719,579.174,11.7921,60.9532,3.55203
0.410722,556.028,13.8346,69.0466,4.17792
-3.16787,515.093,11.117,56.8772,3.71639
-3.04026,532.635,11.5548,59.0639,3.73151
-4.24432,528.947,10.9296,56.3481,3.59244
-1.44386,523.274,12.1002,61.1649,3.92861
-1.37672,576.876,13.3753,67.579,3.93723
0.479774,580.844,14.4912,72.2897,4.18766
-4.54198,502.963,10.2677,53.0485,3.55924
-3.23541,507.871,10.9313,55.9541,3.70843
0.94603,576.636,14.6512,72.8568,4.25437
1.91164,542.127,14.3021,70.6598,4.39778
-0.119232,562.573,13.709,68.6673,4.10428
-1.20256,540.107,12.6098,63.6341,3.95975
-0.440724,512.186,12.3239,61.866,4.06057
1.3109,532.781,13.7311,68.113,4.3077
-2.22589,514.819,11.5392,58.6476,3.83015
0.557916,594.739,14.8834,74.2066,4.19873
-0.554185,573.174,13.7297,68.9769,4.04531
-2.12443,556.61,12.5266,63.621,3.84272
-1.72796,575.719,13.1632,66.6699,3.8924
-2.64568,574.364,12.6591,64.5295,3.77882
1.17469,517.228,13.2596,65.8349,4.28767
-1.45287,547.071,12.646,63.9276,3.92745
1.98375,555.516,14.6964,72.5727,4.40879
-2.96676,575.726,12.5266,63.9981,3.74025
-0.588921,510.848,12.22,61.4068,4.04066
-3.43064,537.255,11.4731,58.8084,3.68556
1.96143,565.786,14.9552,73.8614,4.40538
1.49475,533.294,13.843,68.5834,4.33497
-2.6911,584.011,12.8483,65.5147,3.77333
0.016018,568.674,13.9316,69.718,4.12289
-2.71411,565.066,12.4201,63.3413,3.77055
-3.38702,583.308,12.4785,63.9421,3.69065
-0.456185,577.123,13.8779,69.6745,4.05849
-2.97035,599.096,13.0331,66.588,3.73983
-2.80467,573.112,12.5512,64.0507,3.75965
0.113151,561.21,13.8014,69.0204,4.13633
1.40114,542.196,14.0229,69.5184,4.32105
-1.48012,597.667,13.8005,69.7774,3.92396
-4.05903,520.478,10.8358,55.7906,3.61334
1.51377,568.851,14.7769,73.2009,4.3378
-1.49796,561.104,12.9471,65.4704,3.92167
0.580945,538.699,13.4932,67.2647,4.202
-4.07202,553.865,11.5248,59.3436,3.61186
-3.73046,531.557,11.2147,57.6065,3.65083
1.75696,599.41,15.7187,77.7389,4.37431
-0.982308,553.606,13.0383,65.6966,3.98851
-4.46703,591.694,12.116,62.5642,3.56756
-1.71076,542.794,12.4189,62.8926,3.89458
-1.45033,538.526,12.4497,62.9343,3.92777
-4.32211,572.924,11.8009,60.8743,3.58372
1.53104,565.775,14.7069,72.8456,4.34038
-2.04643,552.799,12.4796,63.348,3.85242
-4.20298,581.07,12.0268,61.9865,3.59709
1.33127,516.313,13.3172,66.0509,4.31071
1.02361,505.576,12.8847,64.0388,4.26562
-1.30894,531.598,12.3588,62.4135,3.94597
-2.4341,598.146,13.2956,67.6733,3.80457
-2.4349,538.261,11.9641,60.8963,3.80447
0.115366,568.744,13.9878,69.9519,4.13664
-4.08277,504.128,10.4853,53.9952,3.61065
-3.85305,541.974,11.3779,58.4958,3.63678
-0.0187403,588.457,14.3966,72.0619,4.1181
1.79879,581.535,15.2747,75.5221,4.38064
-1.51364,566.701,13.0681,66.0894,3.91967
-1.04549,585.929,13.765,69.3887,3.98022
-0.579262,570.272,13.6467,68.5715,4.04195
-0.84387,545.098,12.9085,64.9805,4.00674
-2.01383,509.016,11.5062,58.3934,3.85648
-4.83274,580.983,11.7207,60.6824,3.52725
-0.373207,503.517,12.1477,60.9529,4.06969
-4.85436,583.077,11.7526,60.8568,3.52489
-0.103776,560.703,13.6717,68.4735,4.1064
-4.47785,550.581,11.2692,58.1959,3.56636
0.275846,550.021,13.6129,68.0025,4.15899
0.40962,527.764,13.1308,65.5344,4.17777
-0.917166,562.183,13.2745,66.8567,3.99707
-3.44365,597.588,12.7548,65.3841,3.68404
-3.35978,555.005,11.8861,60.8947,3.69383
-0.803605,511.516,12.1326,61.0576,4.01207
-0.300667,599.579,14.5067,72.7533,4.07953
-4.15602,585.661,12.145,62.5744,3.60237
-0.874801,563.27,13.3225,67.0789,4.00266
-3.72429,558.937,11.7953,60.5863,3.65154
-4.34945,545.386,11.2213,57.8953,3.58066
-2.82582,546.894,11.9668,61.0778,3.75711
-1.55277,514.708,11.8507,59.9489,3.91467
0.909861,534.29,13.5561,67.4276,4.24913
-4.57141,569.727,11.6167,60.031,3.55599
-1.28649,588.001,13.6823,69.0865,3.94888
-1.17597,568.171,13.279,66.9988,3.96321
1.36807,529.491,13.6767,67.8171,4.31615
1.49404,537.299,13.9466,69.0968,4.33486
-1.71239,528.19,12.084,61.1973,3.89438
-2.18771,553.791,12.4316,63.1667,3.83487
1.37421,592.62,15.311,75.9177,4.31706
-4.7275,511.589,10.3652,53.6235,3.53878
-0.698631,543.308,12.9403,65.0752,4.02601
-1.50441,526.078,12.1358,61.3705,3.92085
-2.66199,596.149,13.1307,66.9408,3.77685
-0.0301466,581.301,14.2151,71.1592,4.11652
-4.99835,501.336,10.0458,52.0727,3.50922
-0.920648,577.191,13.627,68.6338,3.99661
1.69351,526.591,13.7751,68.1557,4.36474
-4.77635,535.315,10.8243,56.0184,3.53342
0.327876,597.721,14.8237,74.0248,4.16628
0.29025,536.907,13.2959,66.4122,4.16101
0.553919,571.944,14.3107,71.3533,4.19816
-4.40094,500.656,10.2794,53.0554,3.57492
-4.22197,568.264,11.7527,60.5819,3.59495
0.991714,589.966,15.0167,74.6511,4.26099
1.67884,515.873,13.487,66.737,4.36254
-4.98569,507.761,10.1798,52.7625,3.51059
-0.809885,535.75,12.7042,63.9372,4.01124
0.838778,571.985,14.4722,72.0191,4.23888
-4.47592,580.885,11.8903,61.403,3.56657
1.51039,510.227,13.2523,65.6499,4.3373
1.14069,594.072,15.2094,75.5329,4.28269
-3.29398,591.837,12.7085,65.0781,3.70155
-3.23749,511.405,11.0065,56.3395,3.70819
-0.687126,582.094,13.8703,69.747,4.02754
-3.85069,597.819,12.5515,64.5282,3.63705
-4.54341,512.389,10.4595,54.0401,3.55908
0.459119,507.419,12.6492,63.1093,4.18475
-4.42854,516.479,10.5924,54.6817,3.57184
1.16057,537.098,13.7614,68.3328,4.28561
0.331059,577.071,14.3134,71.4748,4.16672
-1.15402,559.707,13.0925,66.0482,3.96606
-3.26821,559.798,12.033,61.6078,3.70457
0.707769,595.328,14.9858,74.6413,4.22008
-4.85987,581.906,11.7264,60.7234,3.52429
-1.67134,557.793,12.7822,64.7144,3.89958
-0.209993,562.155,13.6499,68.414,4.09187
-3.83982,599.98,12.6024,64.785,3.63829
-0.417144,538.23,12.9626,65.0618,4.06375
1.13693,560.473,14.3471,71.2524,4.28215
-0.405901,566.611,13.6522,68.5176,4.06527
-4.53496,569.575,11.6309,60.0884,3.56002
0.26174,540.633,13.3732,66.8112,4.15702
1.65757,507.637,13.2607,65.6266,4.35934
-1.10755,542.472,12.7128,64.112,3.97212
-1.33095,538.565,12.5098,63.1859,3.94313
0.298691,524.239,12.9865,64.863,4.16219
-1.41964,524.454,12.1392,61.3516,3.93171
-4.81808,555.678,11.2169,58.0678,3.52885
-0.716782,590.677,14.0584,70.7069,4.02359
-3.69603,570.971,12.063,61.949,3.6548
-4.98936,587.009,11.7668,60.9897,3.51019
-0.564733,511.07,12.237,61.482,4.0439
1.64156,553.342,14.4457,71.4985,4.35693
-3.20612,598.192,12.8905,65.9692,3.71188
-2.52761,559.375,12.3873,63.0914,3.79316
-1.10985,587.79,13.7735,69.4626,3.97182
-3.61273,528.336,11.1999,57.4825,3.66441
-0.204774,565.263,13.7282,68.8039,4.09258
0.213856,594.033,14.6665,73.2964,4.15033
1.19157,558.511,14.3274,71.1282,4.29015
-3.0335,596.943,12.9534,66.2099,3.73231
-1.08707,574.29,13.4694,67.9179,3.97479
-0.478109,569.843,13.691,68.7464,4.05553
-4.2347,556.545,11.5043,59.3072,3.59352
-0.752865,559.67,13.3014,66.9164,4.0188
-1.73278,507.694,11.6057,58.7831,3.89179
-3.74708,551.994,11.638,59.7882,3.64892
1.31647,549.811,14.173,70.3028,4.30852
-0.605022,591.096,14.1306,71.0157,4.0385
-4.04052,596.642,12.4308,63.9943,3.61543
-0.923378,540.257,12.7536,64.2361,3.99625
-3.88795,516.397,10.8256,55.6703,3.63279
-1.92506,544.967,12.3626,62.7007,3.86758
-4.16425,556.837,11.5434,59.4784,3.60145
-1.83093,525.152,11.9579,60.6085,3.87941
-2.49278,523.646,11.6123,59.1297,3.7974
-0.942015,592.248,13.9707,70.375,3.9938
-4.91262,540.415,10.8668,56.2937,3.51854
-4.55414,512.114,10.4493,53.9917,3.5579
0.037632,508.696,12.4728,62.4086,4.12587
-3.11114,529.051,11.4443,58.5286,3.7231
-2.00028,537.341,12.153,61.6703,3.85817
-1.29681,592.956,13.7919,69.6452,3.94754
-0.980725,542.08,12.7676,64.3321,3.98871
-1.86094,585.247,13.3103,67.4774,3.87563
-1.68407,559.227,12.8085,64.8536,3.89796
0.768431,597.72,15.0818,75.0884,4.22877
-0.791866,514.581,12.2109,61.4469,4.01362
0.467556,552.743,13.7836,68.7651,4.18594
1.37978,586.899,15.1664,75.1983,4.31789
-0.53297,533.116,12.7809,64.2007,4.04816
-0.28578,572.024,13.8481,69.4435,4.08155
-3.61362,526.241,11.1551,57.2529,3.66431
-0.324202,566.265,13.6879,68.6583,4.07633
-0.836009,582.844,13.8067,69.498,4.00778
0.399816,572.008,14.2261,71.0058,4.17639
-1.15215,593.929,13.8941,70.0909,3.9663
-3.36609,599.905,12.8444,65.8073,3.6931
-3.08566,526.957,11.4107,58.3463,3.72612
-0.0374551,583.296,14.2598,71.3863,4.11552
1.24851,518.747,13.3369,66.1855,4.29851
1.42299,560.715,14.5142,71.9434,4.3243
-3.89013,561.57,11.7716,60.5358,3.63254
-2.45566,587.811,13.0546,66.4566,3.80193
0.895453,502.169,12.734,63.3445,4.24705
1.85787,569.122,14.983,74.0503,4.3896
0.617304,599.952,15.0488,75.0011,4.20717
-0.0673002,593.211,14.4852,72.5294,4.11141
-0.916254,533.394,12.5952,63.4349,3.99719
1.19492,545.703,14.0006,69.5046,4.29064
-2.43477,559.451,12.4351,63.2939,3.80448
-2.77834,556.927,12.2096,62.2962,3.76282
-1.1683,541.648,12.6629,63.8873,3.9642
1.08127,588.184,15.0238,74.641,4.27402
-0.687576,589.015,14.035,70.5752,4.02748
-1.14767,507.982,11.8856,59.9569,3.96689
-1.81737,580.487,13.225,67.0246,3.88111
-3.79455,584.616,12.3022,63.2214,3.64347
0.437034,552.663,13.7651,68.6873,4.18163
-4.13738,590.922,12.2633,63.1759,3.60448
1.13457,506.673,12.9687,64.4079,4.2818
-1.21069,595.449,13.8973,70.1357,3.9587
0.85865,503.633,12.7527,63.4536,4.24174
0.924509,578.481,14.6857,73.0391,4.25125
-0.263448,505.587,12.2505,61.4226,4.08459
-4.39178,541.072,11.1133,57.3559,3.57594
-3.37384,513.187,10.9842,56.2801,3.69219
-3.68417,541.517,11.4462,58.7765,3.65616
-1.01316,532.979,12.5372,63.1849,3.98446
-1.13536,526.793,12.3317,62.2022,3.96849
-0.577713,521.449,12.4791,62.7041,4.04216
-2.14717,504.141,11.3355,57.5805,3.8399
-4.08855,503.352,10.4667,53.9017,3.60999
1.05697,504.303,12.869,63.9463,4.27048
1.57382,565.241,14.7175,72.877,4.34678
-2.35057,555.965,12.3994,63.0748,3.8148
0.22527,571.581,14.1185,70.5522,4.15193
-2.40548,546.85,12.1693,61.9283,3.80807
-1.78543,536.783,12.2449,62.0436,3.88514
1.95261,500.979,13.2376,65.3825,4.40403
-4.43306,542.225,11.1184,57.3987,3.57134
1.67826,566.598,14.8128,73.2977,4.36245
1.59867,544.166,14.1825,70.216,4.3505
-0.492558,528.254,12.6846,63.6991,4.05359
-3.77305,552.412,11.6346,59.7816,3.64594
-4.85361,561.713,11.3223,58.6285,3.52497
-3.82292,526.271,11.0617,56.858,3.64022
1.13275,524.737,13.4301,66.7003,4.28153
-0.330795,526.815,12.731,63.8614,4.07544
-4.71367,521.566,10.5733,54.6946,3.5403
-0.424062,548.385,13.2036,66.2744,4.06282
0.232589,595.894,14.7232,73.5707,4.15295
-4.62674,552.887,11.248,58.1486,3.54987
1.19263,580.688,14.8969,73.955,4.2903
-0.23283,518.065,12.568,63.0014,4.08876
-1.14736,588.074,13.7597,69.4109,3.96693
0.977752,512.733,13.0437,64.8492,4.25896
-0.659037,557.927,13.3093,66.9126,4.03129
-1.83073,586.203,13.3482,67.6549,3.87943
-0.18553,563.033,13.6844,68.5753,4.09521
-3.45324,586.998,12.5239,64.205,3.68292
-4.34355,518.326,10.6671,55.0337,3.58132
-1.34949,586.743,13.6189,68.7964,3.94074
-1.4225,521.561,12.0708,61.0074,3.93135
1.62263,545.956,14.2424,70.5012,4.35409
-0.976524,509.419,12.0004,60.4644,3.98927
0.354291,528.38,13.1176,65.4933,4.16998
-0.912629,560.857,13.2456,66.7089,3.99767
-2.09318,586.126,13.2073,67.0637,3.8466
-3.55218,556.805,11.8323,60.7023,3.67142
-0.150707,594.653,14.4728,72.5087,4.09997
-0.414221,540.966,13.03,65.3987,4.06415
-4.61167,561.994,11.4403,59.1363,3.55154
-4.57277,567.99,11.5806,59.8453,3.55584
-3.40845,599.291,12.8093,65.6474,3.68815
-1.04392,567.999,13.3446,67.2688,3.98043
-4.14914,520.847,10.8039,55.6623,3.60315
-0.474411,539.228,12.9574,65.0609,4.05603
-0.509615,515.478,12.3695,62.1239,4.05129
-4.39112,597.025,12.2629,63.2886,3.57601
0.142092,512.492,12.6176,63.088,4.14035
-3.98322,523.39,10.93,56.245,3.62194
-1.09471,515.017,12.0755,60.8928,3.97379
-2.03014,531.727,12.0117,60.966,3.85445
1.98076,570.564,15.0928,74.5314,4.40833
-3.85042,575.865,12.0907,62.1591,3.63708
-2.88517,593.407,12.9537,66.1422,3.75
1.33922,589.498,15.2096,75.4327,4.31189
-4.70711,537.119,10.8915,56.3381,3.54102
-4.45604,594.726,12.1835,62.9079,3.56878
-2.29738,597.398,13.3518,67.8945,3.82134
-0.103355,534.649,13.0367,65.2927,4.10646
-3.51,592.123,12.6043,64.6433,3.67632
-3.8222,549.861,11.5579,59.4081,3.64031
0.0759468,597.261,14.6665,73.3654,4.13117
-4.38216,583.173,11.9828,61.8388,3.57701
-1.43219,579.746,13.4123,67.7918,3.9301
-4.02654,583.571,12.1653,62.6216,3.61702
-3.71631,535.181,11.2976,58.0267,3.65246
-3.9016,533.853,11.1854,57.526,3.63123
-2.92844,525.178,11.4443,58.4534,3.74483
-1.84711,577.989,13.1525,66.6709,3.87737
0.218544,574.809,14.1944,70.9351,4.15099
-2.61959,588.079,12.975,66.1274,3.78198
-2.03751,530.912,11.9898,60.8578,3.85353
-0.637132,517.845,12.3638,62.15,4.03421
-1.83987,531.184,12.0909,61.2866,3.87828
-0.333828,500.227,12.0871,60.6324,4.07503
-3.47148,595.42,12.6942,65.0866,3.6808
-2.70322,578.908,12.7299,64.9162,3.77187
-3.60348,573.928,12.171,62.4622,3.66548
-0.927395,543.377,12.8253,64.5987,3.99572
-3.55695,544.217,11.5626,59.3205,3.67087
1.75103,549.076,14.3954,71.1974,4.37342
-2.63557,509.503,11.2341,57.2616,3.78005
0.189283,522.316,12.8833,64.3959,4.14691
-3.37521,525.599,11.2493,57.6387,3.69203
0.427856,513.568,12.7868,63.8094,4.18034
0.193971,555.319,13.6999,68.4754,4.14756
-2.34492,524.687,11.7045,59.5373,3.81549
-0.51239,546.11,13.1031,65.8096,4.05092
-2.70098,544.146,11.9665,61.0227,3.77214
0.71003,558.803,14.0677,70.067,4.2204
-0.239907,518.135,12.5662,62.9953,4.08779
-0.887109,575.964,13.6161,68.563,4.00103
-1.94661,500.743,11.3496,57.5717,3.86488
-4.52787,532.059,10.8679,56.1439,3.56081
0.851391,584.393,14.7935,73.6114,4.2407
-0.862652,519.842,12.3013,61.9317,4.00426
-0.380597,517.435,12.4798,62.6227,4.06869
-0.245304,531.946,12.8984,64.6631,4.08706
-4.60965,541.607,11.0262,56.9949,3.55176
1.91416,523.428,13.8102,68.2281,4.39817
0.556181,548.101,13.7154,68.3838,4.19848
0.913354,529.754,13.4429,66.8627,4.24964
-1.69189,522.7,11.9682,60.6021,3.89697
-3.19102,556.962,12.0094,61.4532,3.71366
-4.80924,569.744,11.505,59.5555,3.52982
-3.09307,508.991,11.0184,56.3432,3.72524
-1.45951,542.498,12.5369,63.3794,3.9266
-3.74031,518.25,10.9296,56.1459,3.6497
-2.09471,522.028,11.7623,59.7267,3.84641
-1.51883,515.243,11.879,60.0781,3.919
-1.27294,579.793,13.4985,68.1524,3.95063
-3.71321,570.166,12.0377,61.8263,3.65282
0.887396,556.113,14.0974,70.1308,4.24589
-3.27125,577.361,12.4091,63.5344,3.70422
-0.238868,549.462,13.3265,66.8064,4.08793
-2.07541,510.537,11.5122,58.4491,3.84881
-4.70656,519.232,10.529,54.4629,3.54108
-3.4286,504.73,10.7794,55.2519,3.68579
-1.47487,567.959,13.1173,66.3205,3.92463
-0.171111,577.864,14.0528,70.4147,4.09718
-0.261724,547.489,13.2667,66.5169,4.08482
-1.6295,537.447,12.3365,62.4397,3.90489
1.62643,558.671,14.5762,72.152,4.35466
-2.13471,535.02,12.0357,61.1324,3.84144
-2.48299,538.378,11.9437,60.8129,3.79859
0.72405,504.334,12.7034,63.266,4.22241
0.963131,500.099,12.715,63.2214,4.25684
-3.1003,579.907,12.5499,64.1778,3.72438
-1.48223,500.643,11.5592,58.4459,3.92369
-4.06553,595.922,12.4032,63.8636,3.6126
-0.574439,503.606,12.0537,60.5649,4.0426
-4.04329,545.54,11.3648,58.5078,3.61512
1.09342,566.881,14.4865,71.9659,4.27579
-0.0728513,514.123,12.5512,62.8483,4.11065
-2.84391,505.155,11.0455,56.3826,3.75494
-0.831064,539.948,12.793,64.3936,4.00843
-4.33903,582.469,11.9893,61.8534,3.58183
0.780033,548.353,13.8425,68.9126,4.23043
-1.49063,537.73,12.4114,62.7582,3.92261
-1.62107,531.805,12.2111,61.8013,3.90596
0.574335,519.479,13.0084,64.8508,4.20106
1.32468,547.819,14.1262,70.0665,4.30974
-3.06266,597.599,12.9524,66.2185,3.72885
-0.170765,583.584,14.1921,71.1126,4.09723
-1.31355,564.927,13.1312,66.3165,3.94538
-0.697173,578.427,13.7775,69.2848,4.0262
-4.78385,582.809,11.781,60.9731,3.5326
-1.79373,598.057,13.6382,69.1071,3.88409
0.481217,549.122,13.7006,68.345,4.18787
0.0316656,579.645,14.2091,71.0991,4.12505
1.69151,522.173,13.6585,67.5795,4.36444
0.669212,512.413,12.8792,64.1655,4.21457
-3.0584,526.367,11.4105,58.3337,3.72935
-0.258784,578.24,14.0135,70.2597,4.08522
-1.06686,556.636,13.0658,65.8736,3.97743
0.838541,539.532,13.651,67.9324,4.23885
0.871743,530.073,13.4291,66.8131,4.24363
-0.493428,595.937,14.3093,71.8585,4.05347
-3.40734,538.6,11.5126,59.0013,3.68828
-3.90527,557.645,11.6821,60.0823,3.63081
-3.00345,558.71,12.1384,62.031,3.73588
0.669355,559.57,14.0646,70.0709,4.21459
-3.28254,508.574,10.9257,55.9438,3.70289
-3.79337,563.616,11.8608,60.9528,3.64361
-2.31329,567.329,12.6717,64.4432,3.81938
-1.02499,521.957,12.2721,61.8544,3.98291
0.244845,566.985,14.0157,70.0294,4.15466
-4.89395,585.872,11.7899,61.0673,3.52057
-0.0629548,544.357,13.2945,66.5656,4.11201
-2.07283,576.407,12.9989,65.996,3.84913
0.714302,565.137,14.2295,70.871,4.22101
-3.56554,524.31,11.1358,57.1343,3.66987
0.327407,571.508,14.1734,70.7774,4.16621
0.69535,528.897,13.3072,66.2857,4.2183
-0.646879,571.98,13.651,68.6252,4.03291
0.566151,555.846,13.9146,69.3725,4.1999
0.694681,514.92,12.9552,64.5326,4.21821
-4.89149,515.316,10.3711,53.7174,3.52084
1.27133,597.628,15.3786,76.3058,4.30187
-4.35737,531.54,10.9329,56.4105,3.57978
-3.92327,548.139,11.4746,59.0227,3.62876
-3.20805,533.508,11.4958,58.832,3.71165
-0.400557,537.007,12.9417,64.9491,4.06599
0.21507,567.156,14.0035,69.9829,4.1505
0.421779,542.099,13.4939,67.341,4.17948
-0.899297,554.173,13.0946,65.9427,3.99943
-4.24398,500.596,10.3439,53.3285,3.59248
1.38279,587.352,15.1799,75.2636,4.31833
0.0824035,594.846,14.6109,73.084,4.13207
-1.13444,555.67,13.0082,65.6139,3.96861
-3.74053,570.4,12.0293,61.7953,3.64968
-2.52745,541.121,11.9831,61.0329,3.79318
0.337505,522.924,12.9736,64.7818,4.16763
-0.167004,529.542,12.8798,64.5352,4.09774
-3.70496,561.246,11.8533,60.8758,3.65377
-2.76778,537.196,11.7821,60.1102,3.76409
0.493368,566.356,14.1373,70.5176,4.18959
-3.25519,553.404,11.9019,60.9305,3.7061
1.15651,555.873,14.2402,70.7122,4.28501
-4.96779,581.204,11.6607,60.4304,3.51253
-2.73333,552.263,12.1293,61.8667,3.76824
1.57648,542.84,14.1357,69.9949,4.34717
-4.91751,519.93,10.4528,54.1509,3.518
-4.2205,524.418,10.8465,55.9102,3.59512
-4.60785,548.445,11.1662,57.718,3.55196
-0.203068,501.41,12.1782,61.035,4.09282
-2.90164,587.121,12.808,65.4059,3.74803
-1.63062,570.277,13.0895,66.2514,3.90475
-2.60963,599.64,13.2353,67.4496,3.78319
0.423491,591.75,14.7308,73.5129,4.17972
-3.65191,592.404,12.5382,64.369,3.65988
-3.44773,584.663,12.4769,63.9613,3.68356
-3.31683,577.756,12.3947,63.4815,3.69887
-1.51801,566.713,13.0661,66.0814,3.91911
-2.06635,523.704,11.8134,59.9745,3.84994
-4.14398,590.013,12.2412,63.0647,3.60373
-4.82828,583.721,11.7781,60.9774,3.52774
1.34225,525.683,13.5647,67.2734,4.31233
-4.15129,535.714,11.1113,57.2469,3.60291
-3.99857,537.816,11.2242,57.7657,3.62019
0.188259,505.407,12.4658,62.3092,4.14677
1.59419,593.591,15.4679,76.5823,4.34983
0.569062,572.311,14.3284,71.4341,4.20031
-3.29418,501.838,10.7759,55.1815,3.70152
-2.78084,564.714,12.3791,63.1621,3.76252
-3.51166,578.397,12.3113,63.1414,3.67613
1.91909,579,15.2793,75.4838,4.39892
-0.634832,584.026,13.9452,70.098,4.03452
-4.84092,521.774,10.5227,54.4831,3.52636
-4.71479,555.707,11.2648,58.2727,3.54018
-0.560164,548.142,13.127,65.9516,4.04451
-3.16405,585.899,12.6471,64.7039,3.71684
-4.81268,576.966,11.6492,60.3034,3.52944
1.74506,552.116,14.4718,71.5778,4.37252
-0.278722,563.517,13.646,68.4264,4.08251
1.81954,553.199,14.5422,71.8901,4.38379
-0.292544,519.116,12.5639,63.0066,4.08063
-1.61374,595.527,13.6782,69.2232,3.9069
-3.16462,511.945,11.0505,56.5356,3.71678
1.08879,503.007,12.8519,63.8475,4.27511
-4.46245,544.305,11.1477,57.5622,3.56807
-0.00925531,582.434,14.2545,71.3463,4.1194
-3.33765,570.671,12.2325,62.6597,3.69642
-4.99094,551.058,11.0454,57.2514,3.51002
-0.959289,542.618,12.7912,64.4412,3.99153
-0.304719,596.132,14.4209,72.3254,4.07898
-3.88316,591.489,12.4023,63.7759,3.63334
-0.216653,588.691,14.2905,71.6278,4.09096
-4.41226,539.882,11.0797,57.1906,3.57365
-4.25525,556.33,11.4903,59.2436,3.59121
-4.37063,545.384,11.2116,57.854,3.5783
-3.09474,570.883,12.3574,63.1908,3.72504
-0.965756,590.808,13.9236,70.1494,3.99068
-2.20847,550.502,12.3476,62.7486,3.83231
-4.81194,525.368,10.6077,54.9118,3.52953
-0.0357703,575.14,14.0613,70.392,4.11575
-1.16171,520.661,12.1755,61.4251,3.96506
-2.94466,538.665,11.7306,59.9223,3.74289
-0.884951,588.341,13.9099,70.0413,4.00132
-2.65831,587.899,12.9509,66.0225,3.7773
-0.759719,578.377,13.7423,69.1375,4.01789
1.55063,560.577,14.5829,72.2218,4.34331
-0.679059,521.349,12.4269,62.485,4.02862
1.39401,562.837,14.5527,72.1483,4.32
-2.35643,541.756,12.0797,61.4508,3.81408
-4.43003,555.698,11.396,58.8309,3.57167
-4.49916,573.468,11.7274,60.5718,3.56399
-2.90454,546.391,11.9181,60.8627,3.74768
0.167916,574.316,14.1541,70.7579,4.14394
-3.43131,586.94,12.5338,64.2455,3.68548
-3.87674,549.765,11.5304,59.2897,3.63407
-4.3195,580.505,11.9584,61.6851,3.58401
-3.21592,547.553,11.7947,60.3651,3.71073
-2.48637,521.357,11.5645,58.8836,3.79818
1.37545,515.39,13.3163,66.0267,4.31725
-0.749888,584.049,13.8824,69.8379,4.01919
-3.38077,578.102,12.3702,63.3846,3.69138
-4.81662,503.87,10.1717,52.6566,3.52901
-2.60371,573.709,12.666,64.5455,3.78391
-2.27085,501.062,11.2106,56.9958,3.82461
-4.34515,592.208,12.1868,62.8748,3.58114
-2.49104,501.397,11.1197,56.6205,3.79761
0.43854,513.678,12.7949,63.8451,4.18184
-0.537927,552.734,13.2486,66.5523,4.04749
0.463959,563.918,14.0603,70.1473,4.18543
-0.338448,544.049,13.1435,65.934,4.0744
-2.73466,524.897,11.5276,58.7985,3.76808
0.0181576,534.632,13.0987,65.549,4.12318
-2.60132,513.165,11.3304,57.7385,3.7842
-0.462019,569.484,13.6911,68.7391,4.0577
0.60951,508.719,12.7565,63.5799,4.20606
-1.39336,504.977,11.7006,59.1241,3.93509
-4.96589,573.846,11.514,59.6692,3.51274
-4.83354,514.664,10.3825,53.754,3.52716
-1.35286,564.521,13.1013,66.1836,3.94031
-0.531547,524.522,12.5756,63.1686,4.04835
0.810178,511.304,12.9224,64.3193,4.23476
-4.30035,597.802,12.3243,63.5639,3.58616
1.35384,528.068,13.6324,67.6038,4.31405
-1.55375,580.314,13.3607,67.5879,3.91454
-4.47981,502.482,10.2838,53.1084,3.56614
0.760568,540.345,13.6299,67.8635,4.22764
-4.25868,523.484,10.8104,55.7394,3.59083
-4.01735,522.046,10.8868,56.0366,3.61806
-1.01959,560.34,13.1774,66.4147,3.98362
1.10953,595.191,15.2195,75.5992,4.27814
-3.98486,512.063,10.6927,55.0248,3.62175
0.0372988,543.475,13.3254,66.6747,4.12583
-4.89403,532.259,10.7109,55.4788,3.52056
-0.952991,504.48,11.8951,59.9242,3.99236
0.122476,574.934,14.144,70.7296,4.13762
1.95235,569.984,15.0608,74.3878,4.40399
-1.64519,569.69,13.0684,66.1515,3.9029
-2.1516,520.53,11.7019,59.4437,3.83935
-0.486764,537.033,12.8983,64.7699,4.05437
-2.94738,595.602,12.9691,66.2501,3.74256
0.856654,540.923,13.6959,68.1475,4.24145
1.51588,537.936,13.975,69.2274,4.33812
-4.68576,590.321,11.9807,61.9628,3.54337
-2.01576,505.609,11.4283,57.9988,3.85624
-0.07526,569.603,13.9043,69.6249,4.11032
-4.28306,582.65,12.0203,61.9887,3.58809
-1.68806,592.98,13.5795,68.759,3.89746
-0.861672,508.149,12.025,60.5407,4.00439
-2.95059,556.755,12.1217,61.9225,3.74218
1.04468,585.201,14.9262,74.1749,4.26869
0.924985,560.031,14.2176,70.7107,4.25132
1.73967,564.542,14.7944,73.176,4.3717
-4.26347,529.822,10.9392,56.4053,3.59029
-0.0628849,593.197,14.4873,72.5381,4.11202
-0.309768,554.416,13.4091,67.2532,4.07829
-1.50198,516.707,11.9208,60.2822,3.92116
-3.41404,585.858,12.5194,64.164,3.68749
-2.1396,578.064,13.0015,66.0401,3.84083
-1.48945,541.437,12.4975,63.1933,3.92276
-4.69649,577.918,11.7238,60.6391,3.54219
-4.55375,543.848,11.097,57.3382,3.55794
0.694376,565.88,14.2371,70.9185,4.21816
1.15627,518.44,13.2811,65.9499,4.28497
-3.81897,531.324,11.1697,57.4115,3.64068
-2.60299,546.676,12.0695,61.5055,3.784
-2.11932,502.006,11.3,57.3894,3.84335
-0.638708,507.708,12.121,60.9303,4.034
-3.89604,587.555,12.3133,63.3245,3.63186
-0.789964,545.609,12.9482,65.1561,4.01388
1.25834,506.209,13.0195,64.6064,4.29996
1.13101,558.083,14.2826,70.935,4.28128
-3.04325,597.301,12.956,66.2281,3.73115
-2.62343,541.313,11.9413,60.861,3.78152
0.233235,576.988,14.2565,71.238,4.15304
-2.82624,547.426,11.9783,61.1363,3.75706
-0.538954,585.95,14.0442,70.5494,4.04735
0.361435,572.915,14.2273,71.03,4.17099
-3.53356,547.898,11.6518,59.7683,3.67358
0.653244,594.706,14.9383,74.4319,4.21229
-0.593805,580.804,13.8907,69.8047,4.04
-4.76012,541.623,10.9591,56.7095,3.5352
-0.291912,567.752,13.7414,68.9111,4.08072
-3.79975,574.307,12.0827,62.0959,3.64288
1.01607,599.496,15.2738,75.9166,4.26453
-1.08769,597.498,14.0134,70.6611,3.97471
-2.1681,546.266,12.2723,62.3487,3.8373
-3.39884,519.406,11.1062,56.9149,3.68927
-3.36443,522.956,11.1976,57.3695,3.69329
0.102639,529.157,13.0077,65.0561,4.13487
-0.0463725,585.492,14.3084,71.6343,4.11429
1.29404,555.024,14.2949,70.9181,4.30522
-0.267931,519.943,12.5961,63.1575,4.08398
-4.33184,554.293,11.4127,58.8755,3.58263
-0.132838,592.505,14.4306,72.2888,4.10242
-2.87894,550.311,12.0159,61.3513,3.75074
0.0769733,594.503,14.5993,73.0291,4.13132
-4.09627,550.586,11.4453,58.9445,3.60912
-1.66051,517.483,11.8636,60.059,3.90095
0.775381,527.661,13.3177,66.3022,4.22977
-0.946796,561.938,13.2531,66.7628,3.99317
-3.17968,545.631,11.7704,60.2256,3.715
-2.06834,542.363,12.2333,62.1073,3.84969
0.823542,548.564,13.8714,69.0361,4.23669
0.0686393,553.44,13.5865,67.9665,4.13016
-4.54107,579.243,11.8253,61.0958,3.55934
1.04271,595.654,15.1917,75.495,4.2684
-3.28,505.329,10.8571,55.5915,3.70319
-3.75587,506.735,10.68,54.87,3.64791
-0.0659034,544.136,13.2876,66.5322,4.1116
-0.420986,528.323,12.7221,63.8563,4.06323
1.59719,521.981,13.6035,67.3501,4.35027
-2.8803,591.332,12.9109,65.9216,3.75058
-1.81054,561.392,12.7935,64.8344,3.88198
-0.203268,589.419,14.3157,71.7477,4.09279
-1.36683,558.055,12.9441,65.3955,3.93851
1.78012,505.759,13.2748,65.6419,4.37782
-3.00862,576.011,12.5117,63.9409,3.73527
-4.97793,588.229,11.7968,61.14,3.51143
-0.334581,564.001,13.6276,68.3607,4.07492
0.29474,500.146,12.3877,61.8741,4.16163
-1.88783,542.637,12.328,62.5092,3.87225
0.543207,597.376,14.9408,74.5002,4.19664
0.861968,559.854,14.1782,70.5446,4.24222
0.470359,599.252,14.945,74.5581,4.18633
0.601401,502.338,12.5925,62.7659,4.20491
-0.671603,577.582,13.7713,69.2415,4.02961
-3.42718,589.396,12.5883,64.5232,3.68596
-2.18349,522.364,11.7282,59.5905,3.8354
1.73169,514.517,13.4792,66.6747,4.3705
1.80356,583.052,15.3174,75.7306,4.38136
0.894888,509.518,12.92,64.2702,4.24697
-0.718293,576.207,13.7132,68.9714,4.02339
-1.8681,526.193,11.9638,60.6543,3.87473
-1.0162,535.643,12.5983,63.4944,3.98406
-3.58763,545.824,11.5824,59.4349,3.66731
-4.29424,532.698,10.9848,56.653,3.58684
-1.05211,576.54,13.5409,68.262,3.97936
0.613471,512.22,12.8463,64.0257,4.20663
-0.391336,531.678,12.8179,64.3239,4.06724
-1.15372,580.45,13.5779,68.4967,3.9661
-4.4662,530.93,10.8721,56.1407,3.56765
-0.275333,519.22,12.5749,63.0544,4.08297
0.605151,570.474,14.3026,71.288,4.20544
-1.51297,542.156,12.5024,63.2283,3.91975
-2.84431,565.172,12.3576,63.0805,3.75489
-1.38516,551.486,12.7824,64.5869,3.93615
1.06885,578.609,14.772,73.3966,4.27221
-3.99584,580.932,12.1254,62.4023,3.6205
0.469676,506.544,12.6326,63.0221,4.18624
1.35012,569.436,14.6982,72.8911,4.3135
0.93476,531.135,13.4892,67.0834,4.25273
-3.83219,543.985,11.4298,58.7537,3.63916
-3.78992,587.991,12.3755,63.5963,3.64401
1.66158,550.641,14.3864,71.1953,4.35994
-0.306951,579.166,14.0093,70.262,4.07867
1.29981,572.98,14.7607,73.2259,4.30607
-1.60069,584.073,13.4221,67.9208,3.90856
-4.58334,509.803,10.3898,53.6954,3.55467
1.02698,535.259,13.643,67.8059,4.26611
-2.80996,579.199,12.6818,64.7197,3.75902
-1.79982,511.987,11.6726,59.1496,3.88333
-2.60503,579.559,12.7945,65.2007,3.78375
1.64707,554.806,14.487,71.7003,4.35776
-0.455229,551.798,13.2695,66.6191,4.05861
1.01298,591.972,15.0803,74.9564,4.26408
-2.46825,553.498,12.2863,62.5511,3.80039
-1.5257,570.012,13.1381,66.4492,3.91812
-1.00836,555.391,13.0668,65.8522,3.98509
-2.7626,500.233,10.9737,55.9838,3.76471
-0.805573,537.888,12.7571,64.2013,4.01181
-2.47478,524.219,11.6334,59.2296,3.7996
-2.9251,554.702,12.0894,61.7463,3.74522
-0.443187,553.705,13.3216,66.8756,4.06024
0.856143,595.428,15.0756,75.0129,4.24138
-1.70421,506.338,11.5879,58.6812,3.89541
0.777274,513.506,12.9614,64.5276,4.23004
1.67463,551.482,14.4156,71.334,4.3619
1.69215,588.354,15.3899,76.1462,4.36454
-3.29466,567.749,12.191,62.428,3.70147
-3.61215,502.028,10.6425,54.6213,3.66448
1.26235,550.681,14.1655,70.2912,4.30055
1.29917,520.085,13.3977,66.4646,4.30597
-3.08196,540.298,11.7014,59.8308,3.72656
-1.15924,518.694,12.1306,61.198,3.96538
1.9645,504.787,13.3444,65.9048,4.40585
1.0253,530.241,13.5142,67.1667,4.26587
1.26447,539.161,13.8704,68.8255,4.30086
-4.58135,516.795,10.5332,54.4355,3.55489
0.128693,525.96,12.9424,64.7178,4.13849
-0.462358,561.646,13.5025,67.7923,4.05765
-0.540227,525.831,12.6026,63.3083,4.04718
1.32713,598.785,15.4419,76.5911,4.3101
-0.311794,532.209,12.871,64.5552,4.07802
-0.46028,507.247,12.1957,61.2304,4.05793
0.656474,514.334,12.9211,64.3795,4.21275
-3.76212,538.134,11.3389,58.2578,3.6472
1.35469,582.368,15.0347,74.5575,4.31417
0.434042,530.653,13.2153,65.9453,4.18121
-1.36079,524.993,12.1801,61.5333,3.93929
1.29166,525.628,13.5366,67.1568,4.30487
-4.25141,547.424,11.3081,58.3026,3.59164
-4.17751,542.96,11.2496,57.9704,3.59995
1.62596,516.593,13.4781,66.7166,4.35459
-4.94665,566.674,11.379,58.9616,3.51483
-1.54319,566.918,13.0577,66.0507,3.91589
-3.90759,548.361,11.4866,59.0775,3.63055
-0.774899,515.826,12.2487,61.6298,4.01587
-1.96203,582.349,13.1911,66.9201,3.86295
0.990213,511.044,13.0071,64.6616,4.26077
-2.38558,546.23,12.1652,61.8987,3.81051
-3.99946,599.823,12.5179,64.4238,3.62009
1.60377,571.345,14.8938,73.735,4.35126
-4.17653,580.104,12.0197,61.9382,3.60006
1.52983,501.184,13.0273,64.5267,4.3402
-0.532312,546.287,13.097,65.7882,4.04825
-4.45993,588.81,12.0604,62.274,3.56835
1.2504,565.597,14.5425,72.1674,4.29879
-4.15635,526.722,10.9226,56.2764,3.60234
-4.79928,508.555,10.2736,53.1772,3.53091
0.816945,529.883,13.3955,66.6709,4.23574
-2.85053,579.395,12.6654,64.6547,3.75415
-0.559021,566.76,13.5735,68.1943,4.04466
-2.36613,589.902,13.1481,66.8905,3.81289
-4.05389,560.261,11.6665,60.0653,3.61392
-2.52813,562.591,12.4582,63.4531,3.79309
-3.01656,504.81,10.9616,56.0224,3.73432
-2.66614,538.537,11.8598,60.4634,3.77635
-1.73312,570.774,13.0475,66.086,3.89175
-0.958289,542.329,12.7849,64.4089,3.99166
-1.95279,567.841,12.8672,65.2728,3.86411
-0.678089,562.473,13.4076,67.4159,4.02875
-0.0488892,504.196,12.3205,61.6828,4.11394
1.84506,575.463,15.1424,74.8446,4.38766
0.663461,597.123,15.005,74.7591,4.21375
-1.7048,530.382,12.1378,61.4665,3.89534
-3.52149,563.248,11.9841,61.4675,3.67498
-4.47953,512.306,10.485,54.1472,3.56617
1.8542,537.645,14.1523,69.9465,4.38905
-0.100356,580.937,14.167,70.9523,4.10687
-3.42808,506.807,10.824,55.4803,3.68585
-1.23471,583.224,13.599,68.6417,3.95558
-1.20047,563.452,13.1559,66.389,3.96002
-2.00697,523.279,11.8319,60.0433,3.85734
-1.94923,504.156,11.4258,57.9591,3.86456
1.67855,536.609,14.029,69.4189,4.36249
0.560248,574.38,14.3753,71.6719,4.19906
-1.78389,564.849,12.886,65.2909,3.88534
0.424452,571.828,14.2354,71.0402,4.17986
1.37389,502.476,12.9818,64.3692,4.31701
-4.2752,514.456,10.6168,54.7478,3.58897
-4.36532,508.858,10.4629,53.9889,3.57889
-0.46339,566.732,13.6242,68.4039,4.05751
1.21114,549,14.0941,69.961,4.29302
-0.188681,506.56,12.3103,61.6909,4.09478
-3.93683,575.26,12.0358,61.9149,3.62721
-1.27114,584.537,13.6099,68.714,3.95086
-3.1428,527.144,11.3886,58.2564,3.71936
-0.599527,566.757,13.5517,68.1038,4.03924
-4.84799,521.884,10.5219,54.4817,3.52558
-4.27566,501.067,10.3404,53.3222,3.58892
-2.04812,586.064,13.2297,67.1563,3.85221
-0.848622,509.336,12.0593,60.7079,4.00611
-4.09396,506.941,10.539,54.2761,3.60938
-4.32507,508.16,10.4657,53.9876,3.58339
1.05711,537.647,13.72,68.1747,4.2705
-4.30751,524.824,10.8166,55.7908,3.58535
-3.86794,528.103,11.08,56.9703,3.63507
-1.21603,594.775,13.8786,70.0439,3.958
0.990658,579.645,14.7534,73.3426,4.26084
-4.71062,538.182,10.9114,56.4429,3.54064
-1.05053,533.502,12.5309,63.1697,3.97957
1.99617,590.497,15.6294,77.1734,4.41069
-0.657295,516.693,12.3265,61.9709,4.03152
-4.69952,583.859,11.8429,61.2561,3.54186
-3.16873,537.112,11.5918,59.3069,3.71629
-1.20998,564.393,13.1729,66.4792,3.95879
-0.68533,530.988,12.6535,63.6272,4.02778
-4.50598,500.628,10.235,52.8661,3.56323
-4.05809,587.885,12.2396,63.018,3.61344
0.951917,573.501,14.5749,72.4745,4.25522
-2.87828,503.304,10.9898,56.112,3.75082
-3.50382,533.995,11.3698,58.3093,3.67704
1.1945,537.903,13.8003,68.5102,4.29058
1.93505,576.248,15.2161,75.1635,4.40135
-4.87512,587.713,11.836,61.2979,3.52262
-4.53206,559.912,11.4349,59.0747,3.56034
1.22606,563.834,14.4834,71.8861,4.29521
-4.29232,520.946,10.7433,55.4068,3.58706
-4.39459,564.422,11.5916,59.8255,3.57562
-2.41729,598.988,13.3233,67.8061,3.80662
1.85015,582.307,15.3255,75.7471,4.38843
0.260125,565.401,13.9849,69.8684,4.15679
0.355433,576.668,14.3171,71.4813,4.17015
-2.89414,542.116,11.8298,60.4073,3.74893
1.2172,597.979,15.3552,76.2176,4.29391
1.89683,546.478,14.4087,71.1931,4.39553
-1.48841,567.416,13.0977,66.2276,3.92289
1.89,590.604,15.568,76.9248,4.39449
-1.05074,584.091,13.719,69.1592,3.97954
-1.5599,518.348,11.9311,60.3587,3.91376
1.80972,583.405,15.3303,75.7915,4.3823
-2.84472,539.061,11.7865,60.1653,3.75484
-3.19943,559.932,12.0693,61.7636,3.71267
0.0815629,564.237,13.8586,69.3215,4.13195
-3.63799,589.058,12.4744,64.0351,3.66149
-2.38234,577.735,12.8685,65.4758,3.8109
-3.9085,599.981,12.5674,64.6367,3.63044
-4.43237,569.89,11.686,60.3287,3.57141
0.464751,527.529,13.1534,65.6224,4.18554
0.110667,521.633,12.8268,64.1479,4.13598
-1.85207,505.485,11.5004,58.2981,3.87675
-4.9071,532.319,10.7064,55.4608,3.51914
1.41394,508.668,13.1623,65.2464,4.32295
-0.237631,523.59,12.6996,63.6632,4.0881
-3.92913,590.303,12.3543,63.5504,3.62809
-0.0760964,509.548,12.4379,62.2824,4.1102
0.434795,577.69,14.3872,71.7925,4.18131
0.673259,534.212,13.4293,66.9039,4.21515
-0.227106,523.681,12.7071,63.6961,4.08954
0.600818,538.399,13.4962,67.2704,4.20483
1.4497,527.61,13.6715,67.7541,4.32826
-2.98764,525.569,11.4256,58.3821,3.73777
-4.00093,501.544,10.4662,53.8655,3.61992
0.358923,593.366,14.7337,73.5595,4.17064
-2.04698,559.147,12.6227,64.0743,3.85235
-1.16214,528.033,12.3477,62.294,3.965
0.117742,594.484,14.6223,73.1235,4.13697
-3.54934,540.095,11.4786,58.8861,3.67175
-3.94964,520.552,10.8855,56.0029,3.62576
1.04888,553.254,14.1137,70.1351,4.2693
1.93957,578.16,15.2693,75.4239,4.40204
-3.02156,577.298,12.5331,64.0563,3.73373
-0.354413,533.685,12.885,64.6444,4.07224
1.77041,598.956,15.715,77.7136,4.37635
-1.28205,563.48,13.114,66.215,3.94945
-4.51505,590.584,12.0696,62.3463,3.56223
-1.87543,590.578,13.4238,68.0596,3.87381
-2.11351,529.283,11.9168,60.5193,3.84407
-2.73948,587.151,12.8923,65.7616,3.76749
-2.69931,503.104,11.0647,56.4232,3.77234
1.84716,507.077,13.344,65.9548,4.38798
0.0144136,564.753,13.8347,69.2336,4.12267
-4.04132,511.689,10.6605,54.8809,3.61534
-4.72925,505.959,10.2503,53.0302,3.53859
1.35266,554.35,14.3102,70.9658,4.31387
-2.12521,519.876,11.6995,59.4207,3.84262
0.245507,522.734,12.9222,64.5652,4.15475
-4.68912,576.185,11.6922,60.4722,3.543
1.19782,503.227,12.9123,64.1005,4.29106
-4.6343,513.964,10.4529,54.0413,3.54904
1.33596,524.702,13.536,67.1342,4.3114
-2.51934,506.637,11.2231,57.1587,3.79416
-4.92118,542.019,10.8953,56.4446,3.5176
-3.33327,542.745,11.6359,59.602,3.69694
0.208607,509.181,12.5689,62.816,4.1496
-0.446914,540.884,13.0113,65.3192,4.05973
-1.44224,569.075,13.1602,66.5221,3.92881
-4.23413,598.459,12.3711,63.7749,3.59358
-0.675139,503.674,12.0074,60.3743,4.02914
-2.13847,553.03,12.439,63.1825,3.84098
0.532742,509.431,12.736,63.5109,4.19516
0.685732,518.292,13.0354,64.9364,4.21693
0.746625,567.255,14.3009,71.211,4.22564
0.496319,560.96,14.0043,69.8525,4.19
-0.681924,503.737,12.0057,60.3684,4.02823
0.647846,573.651,14.4064,71.7842,4.21152
-1.92584,579.653,13.149,66.6898,3.86749
-1.31964,505.026,11.736,59.2729,3.94459
1.20026,547.265,14.0436,69.7155,4.29142
-2.59497,537.13,11.8626,60.4476,3.78497
-2.54798,502.554,11.1199,56.6445,3.79068
-3.98931,565.278,11.8018,60.7341,3.62124
-4.77413,522.032,10.5567,54.6325,3.53366
1.70542,588.28,15.396,76.1692,4.36654
-3.41802,537.385,11.4817,58.8473,3.68703
-4.81368,549.427,11.0927,57.4232,3.52933
-2.56802,548.436,12.1254,61.775,3.78824
-1.65616,540.697,12.3979,62.7623,3.90151
-3.74278,521.293,10.9927,56.471,3.64942
-2.09555,586.83,13.2219,67.139,3.8463
-0.570872,515.785,12.3469,62.0368,4.04307
-3.7388,544.467,11.4832,58.9892,3.64987
-1.00018,545.327,12.8342,64.6763,3.98616
0.184199,543.996,13.4154,67.0578,4.1462
-0.235215,599.196,14.5349,72.862,4.08843
0.892508,580.731,14.7244,73.2474,4.24663
1.66088,583.73,15.2504,75.4718,4.35983
-2.06929,571.302,12.8856,65.4191,3.84957
1.582,571.518,14.8857,73.7058,4.348
-2.33219,539.694,12.0454,61.2659,3.81706
-3.28746,596.136,12.8042,65.565,3.70231
-0.386869,513.064,12.3713,62.0809,4.06784
-1.34249,573.641,13.3184,67.2756,3.94164
-1.52064,537.777,12.3977,62.7019,3.91877
0.723818,546.944,13.7766,68.6107,4.22238
-4.68988,568.361,11.5331,59.6494,3.54292
-4.68246,577.947,11.7311,60.6707,3.54373
-4.45168,538.636,11.0364,56.9833,3.56927
-2.1174,592.172,13.3307,67.7014,3.84359
-1.66159,562.761,12.901,65.3117,3.90082
-2.14381,523.571,11.7739,59.8064,3.84031
-4.41553,589.224,12.0907,62.4106,3.57329
-0.711501,589.848,14.0416,70.6199,4.0243
1.13538,543.128,13.9022,69.0439,4.28192
-4.40551,595.868,12.232,63.1355,3.57441
0.669828,567.891,14.274,71.114,4.21466
-1.93755,591.133,13.4032,67.9844,3.86602
0.54645,580.11,14.5108,72.3545,4.1971
1.84264,544.796,14.3341,70.8505,4.38729
0.756343,527.963,13.3154,66.2993,4.22703
-0.895623,548.559,12.9639,65.2826,3.99991
0.0911406,510.507,12.5436,62.7398,4.13328
0.397803,572.506,14.2374,71.0629,4.1761
-0.630456,546.929,13.0617,65.6549,4.0351
-1.1975,580.876,13.5643,68.4488,3.96041
0.765055,549.222,13.8563,68.9884,4.22828
0.14063,527.573,12.9882,64.9415,4.14014
1.84436,589.264,15.5051,76.6378,4.38755
-2.98411,523.408,11.3803,58.1489,3.73819
1.47863,544.456,14.1239,69.9825,4.33257
-3.75842,502.021,10.5796,54.355,3.64762
0.244648,501.737,12.4027,61.9701,4.15463
-3.43029,541.753,11.5693,59.3014,3.6856
-4.91624,516.264,10.3796,53.7715,3.51814
-0.160516,566.578,13.7841,69.0633,4.09863
-1.60663,538.633,12.375,62.6245,3.9078
1.10269,589.942,15.0813,74.916,4.27714
-1.89904,528.29,11.9967,60.8341,3.87085
-2.18833,560.403,12.5798,63.9196,3.8348
-4.08359,566.024,11.7723,60.6229,3.61056
-2.73927,583.483,12.8119,65.3512,3.76752
-3.48758,595.434,12.6863,65.0533,3.67892
0.656773,525.58,13.2038,65.7879,4.2128
1.27481,505.691,13.0146,64.5745,4.30238
-4.61315,519.422,10.573,54.6539,3.55137
-0.972587,539.667,12.7149,64.0628,3.98978
1.7681,575.365,15.0947,74.6471,4.376
-2.53694,511.489,11.3226,57.6726,3.79202
-4.00691,546.843,11.4088,58.7188,3.61925
-1.12266,551.094,12.9071,65.0987,3.97015
-1.21306,550.012,12.8357,64.7788,3.95839
-1.83266,512.304,11.6645,59.1223,3.87919
-3.55156,513.125,10.9044,55.9415,3.67149
-0.661659,547.664,13.0631,65.6762,4.03094
0.106767,559.152,13.7473,68.753,4.13544
0.746763,505.825,12.7523,63.4997,4.22566
-1.89799,545.477,12.3875,62.8154,3.87098
1.3112,527.734,13.6011,67.4684,4.30775
-1.80799,543.113,12.3782,62.7286,3.8823
-3.7483,582.058,12.2713,63.0419,3.64878
-2.98289,519.225,11.2899,57.6866,3.73833
-1.20361,500.926,11.6945,59.0159,3.95961
-3.43551,567.599,12.1187,62.1198,3.68499
0.105257,504.102,12.3931,61.981,4.13523
-2.26838,564.789,12.6377,64.2499,3.82491
0.0287399,524.104,12.8461,64.2803,4.12465
-3.11635,584.854,12.6488,64.6908,3.72248
-1.47404,524.744,12.1196,61.2759,3.92474
-2.80197,568.099,12.4427,63.4962,3.75998
0.390878,551.409,13.709,68.429,4.17513
-3.36866,526.387,11.2691,57.7377,3.6928
-3.47412,570.798,12.168,62.3897,3.68049
-3.75309,557.101,11.7429,60.3293,3.64823
-0.21634,551.33,13.3837,67.0826,4.09101
-4.58955,553.862,11.2849,58.3239,3.55398
-2.9623,597.244,12.9971,66.3999,3.74079
-1.37236,551.218,12.7826,64.5825,3.93779
-1.77998,579.954,13.2326,67.0456,3.88583
-1.04108,509.811,11.9789,60.3832,3.9808
1.62364,576.656,15.0438,74.4681,4.35424
-4.0951,540.374,11.2336,57.8535,3.60925
-3.4545,586.633,12.5155,64.1624,3.68278
0.690187,569.536,14.3268,71.367,4.21757
1.59657,590.691,15.3938,76.2141,4.35018
-0.895379,537.333,12.6987,63.9471,3.99994
1.01928,577.386,14.7123,73.1243,4.26499
-3.92273,590.438,12.3604,63.5785,3.62882
-2.12778,503.936,11.3396,57.5939,3.8423
-2.12792,530.132,11.929,60.5875,3.84228
-1.0769,521.376,12.2333,61.6806,3.97612
-2.65071,570.236,12.5656,64.0551,3.77822
-3.82962,515.422,10.8307,55.6735,3.63946
0.771416,537.898,13.574,67.5798,4.2292
0.338204,506.35,12.5628,62.7299,4.16773
-1.23211,593.919,13.8498,69.9064,3.95592
-2.92258,541.737,11.808,60.3082,3.74553
-3.11296,539.292,11.665,59.6579,3.72289
-3.21464,521.486,11.2337,57.4937,3.71088
-4.75744,504.744,10.214,52.8529,3.5355
-3.57655,575.953,12.2272,62.7389,3.6686
-3.67386,553.833,11.7114,60.134,3.65735
-1.64429,565.916,12.9823,65.7152,3.90301
0.0312196,574.537,14.0837,70.4716,4.12499
-0.707701,510.559,12.1559,61.1345,4.0248
-3.16351,587.957,12.6918,64.9324,3.71691
-3.87731,591.596,12.4074,63.7998,3.634
0.385501,577.768,14.3613,71.6875,4.17437
-2.77686,539.935,11.8378,60.3985,3.76299
-2.25858,596.304,13.3481,67.857,3.82612
-2.00194,520.964,11.7819,59.7875,3.85797
0.96717,581.54,14.788,73.5266,4.25743
-0.594378,566.977,13.5597,68.1416,4.03993
-3.06094,577.892,12.5261,64.0385,3.72905
-4.91728,587.32,11.8078,61.1702,3.51803
-0.56871,580.069,13.8869,69.7736,4.04336
-1.18351,580.301,13.5584,68.4124,3.96222
-1.46717,523.978,12.1053,61.2004,3.92562
-0.27279,585.013,14.1698,71.0503,4.08332
0.132087,575.901,14.1732,70.8707,4.13896
0.68383,556.102,13.9853,69.6692,4.21666
-3.20263,521.335,11.2359,57.5,3.71229
-0.395199,513.868,12.3866,62.1613,4.06672
-1.69386,513.771,11.7628,59.5628,3.89672
-2.60672,506.796,11.1874,57.0117,3.78354
0.878036,541.57,13.7237,68.2761,4.24454
-1.76543,556.221,12.6985,64.3326,3.88767
-2.52178,560.877,12.4234,63.273,3.79387
-3.19035,532.432,11.4808,58.7479,3.71374
-0.147768,544.043,13.2425,66.3439,4.10038
-2.79777,563.723,12.349,63.0158,3.76048
-3.95252,565.973,11.8339,60.8835,3.62543
-4.43046,583.708,11.9702,61.7954,3.57163
-3.09346,507.134,10.978,56.1369,3.7252
1.94695,563.876,14.8963,73.5778,4.40317
-4.31874,507.672,10.4583,53.9472,3.5841
-0.303238,507.371,12.2745,61.5596,4.07918
-4.00822,591.482,12.3394,63.5093,3.6191
1.3968,537.318,13.8944,68.8833,4.32041
-4.85317,531.443,10.7124,55.4699,3.52502
-0.784959,513.346,12.185,61.3134,4.01454
1.80695,554.269,14.5632,72,4.38188
-2.26169,502.547,11.248,57.182,3.82574
1.43247,584.691,15.1404,75.0426,4.3257
0.299179,559.001,13.8478,69.1651,4.16226
-4.07778,575.302,11.9681,61.6286,3.61121
1.96487,518.473,13.7064,67.6924,4.4059
-4.27093,507.141,10.4677,53.9771,3.58945
-3.75616,534.955,11.2747,57.9251,3.64788
-4.88445,555.439,11.1818,57.9136,3.5216
1.51318,532.354,13.8285,68.5031,4.33772
0.789206,590.215,14.9046,74.1954,4.23175
-3.56274,575.159,12.2172,62.6812,3.6702
-1.1799,565.465,13.2137,66.6712,3.96269
-4.16779,578.807,11.9971,61.8177,3.60105
1.18023,544.612,13.9646,69.3327,4.28848
-2.6145,581.332,12.8287,65.3797,3.7826
-3.83722,512.556,10.7672,55.3498,3.63859
-3.97027,572.109,11.9536,61.5071,3.62341
-0.162695,517.305,12.5843,63.0527,4.09833
-2.6514,560.289,12.3461,62.9363,3.77813
-4.94078,528.235,10.6097,54.9729,3.51547
-0.981352,548.944,12.929,65.1453,3.98863
-4.50808,538.588,11.0101,56.8706,3.563
-4.11535,507.584,10.5432,54.3061,3.60696
1.83589,534.062,14.048,69.4395,4.38627
-1.842,580.96,13.2228,67.0249,3.87801
0.711733,550.01,13.8472,68.9683,4.22065
-4.93276,573.737,11.5274,59.7244,3.51634
-1.92278,584.226,13.2544,67.2227,3.86787
1.58389,538.411,14.0244,69.4404,4.34828
-2.74025,553.329,12.1493,61.9719,3.7674
-0.302205,574.957,13.9101,69.7622,4.07932
-4.77476,574.512,11.6176,60.1235,3.5336
0.0458687,570.298,13.9878,69.9849,4.12701
-4.76099,584.098,11.8181,61.1549,3.53511
-1.23871,561.301,13.0858,66.0527,3.95506
0.442315,546.08,13.604,67.8808,4.18237
-1.85804,566.945,12.8956,65.3734,3.876
0.643541,553.784,13.9051,69.2884,4.21091
-0.278448,574.173,13.9041,69.7209,4.08255
-0.0408773,544.489,13.3093,66.6296,4.11505
-1.25244,590.475,13.7584,69.4546,3.95328
0.662167,540.686,13.5861,67.6904,4.21357
-4.04381,516.537,10.7604,55.3963,3.61506
0.791564,532.598,13.4508,66.9576,4.23209
-2.86119,559.109,12.2167,62.3689,3.75287
-2.29484,549.302,12.2781,62.4336,3.82165
-4.60113,588.656,11.9881,61.9637,3.5527
-4.82784,555.084,11.2005,57.9868,3.52779
1.71223,535.226,14.0112,69.315,4.36756
-4.55704,574.392,11.7187,60.5517,3.55758
1.95477,584.816,15.4542,76.3294,4.40436
-3.79313,526.263,11.0749,56.9137,3.64364
-1.22952,568.102,13.2491,66.8732,3.95625
-2.06569,585.104,13.1988,67.0075,3.85002
0.743284,535.497,13.4985,67.2171,4.22516
1.32353,505.364,13.0308,64.634,4.30957
0.753571,508.817,12.8311,63.8893,4.22664
1.50345,502.118,13.0382,64.5921,4.33627
1.45595,510.759,13.2381,65.6034,4.32919
1.62919,503.985,13.1508,65.0951,4.35507
0.61221,583.552,14.6346,72.939,4.20645
-4.79771,522.693,10.5599,54.6584,3.53108
-1.29272,572.457,13.3173,67.2465,3.94807
-0.146928,564.153,13.7325,68.7981,4.10049
1.21632,563.283,14.4637,71.7932,4.29378
-3.67552,514.229,10.8732,55.8308,3.65716
-3.89486,570.692,11.9605,61.5095,3.632
-1.1552,524.499,12.2684,61.8912,3.96591
0.445107,589.94,14.6982,73.3394,4.18277
-0.635183,572.219,13.6631,68.6802,4.03447
-1.45265,521.265,12.0495,60.9125,3.92748
-2.33963,580.293,12.9476,65.8586,3.81614
1.23356,582.339,14.9631,74.2632,4.29631
-4.13422,540.146,11.211,57.7535,3.60483
-2.66563,525.007,11.562,58.9454,3.77641
-3.70073,553.707,11.6961,60.0665,3.65425
0.00645744,523.87,12.8291,64.2051,4.12157
-1.10821,516.162,12.0959,61.0012,3.97203
-1.61921,537.377,12.3399,62.4527,3.9062
-0.706453,598.271,14.2449,71.6401,4.02497
-3.12163,518.634,11.2143,57.3562,3.72186
1.88342,550.844,14.5162,71.731,4.39349
0.51822,568.978,14.2166,70.9012,4.1931
0.846278,526.9,13.3354,66.3586,4.23996
-4.76477,509.372,10.3046,53.3244,3.53469
-4.48111,513.049,10.4996,54.2228,3.56599
0.070989,534.133,13.1137,65.6004,4.13049
-0.852852,591.456,14.0013,70.4861,4.00555
-2.35695,535.434,11.9385,60.7327,3.81402
0.449617,581.978,14.5024,72.3601,4.1834
-0.97476,541.414,12.755,64.2656,3.9895
-3.49922,547.037,11.6497,59.7427,3.67757
-1.55718,540.355,12.439,62.9269,3.9141
-1.89333,518.921,11.7866,59.7664,3.87156
1.58648,584.671,15.2309,75.4129,4.34867
-4.67642,518.739,10.5319,54.4663,3.5444
-1.12778,545.398,12.7711,64.4151,3.96948
-2.45356,581.56,12.9169,65.7544,3.80219
-1.75632,513.389,11.7249,59.3965,3.88882
-3.08239,565.331,12.2433,62.6019,3.72651
-3.95036,535.99,11.208,57.6623,3.62567
0.0886284,550.341,13.521,67.6298,4.13293
0.341247,509.049,12.6312,63.0705,4.16815
-0.760863,551.964,13.1141,65.9778,4.01774
-2.09642,565.364,12.7378,64.6813,3.8462
-0.037206,591.887,14.4699,72.4384,4.11555
-3.58295,579.867,12.3071,63.1517,3.66786
-4.44937,579.66,11.8781,61.328,3.56952
-4.6617,540.673,10.9838,56.7973,3.54602
-4.51559,532.065,10.8735,56.1677,3.56217
1.90693,596.732,15.7398,77.7652,4.39707
-2.47427,543.38,12.0588,61.3956,3.79966
-3.62572,560.524,11.876,60.9582,3.66291
-2.77994,549.906,12.0549,61.5076,3.76262
-4.44702,562.929,11.5364,59.5626,3.56978
-3.88486,538.018,11.2803,58.0072,3.63314
-0.330544,580.334,14.0245,70.3497,4.07547
-0.66601,551.076,13.1422,66.076,4.03036
1.32941,568.077,14.6513,72.6687,4.31044
1.41093,539.464,13.9576,69.1899,4.32251
0.682876,577.9,14.533,72.398,4.21652
-1.4207,533.175,12.3405,62.3696,3.93158
-2.3165,503.273,11.2395,57.161,3.81899
1.88204,566.33,14.9235,73.7443,4.39328
-0.194504,596.701,14.4976,72.6548,4.09399
-0.525745,576.513,13.8253,69.4432,4.04913
-3.01844,590.963,12.8314,65.5794,3.7341
-3.52779,569.952,12.1237,62.186,3.67425
1.42906,580.142,15.0206,74.4506,4.3252
-3.76989,512.695,10.7995,55.4894,3.6463
-2.67631,550.507,12.1184,61.7865,3.77512
-3.30039,587.223,12.6062,64.557,3.70079
-1.81783,504.465,11.4928,58.246,3.88106
-0.0558417,599.918,14.6555,73.3768,4.11299
-1.64975,501.528,11.5027,58.2279,3.90232
-2.03235,593.277,13.401,68.0182,3.85417
0.265542,539.003,13.3348,66.618,4.15755
-3.79384,534.502,11.2479,57.8033,3.64356
-3.45523,519.681,11.0868,56.8382,3.68269
0.639438,578.816,14.5313,72.4108,4.21032
-4.88985,568.477,11.4417,59.2622,3.52102
-2.4098,515.004,11.4587,58.3135,3.80754
-3.64607,587.218,12.4314,63.818,3.66056
-1.50687,560.107,12.9195,65.335,3.92053
-4.36161,523.169,10.7588,55.5142,3.5793
-0.589545,548.773,13.1269,65.9642,4.04057
1.37264,576.74,14.8998,73.8796,4.31683
1.83224,542.467,14.2671,70.5241,4.38571
-2.52861,525.057,11.6269,59.2188,3.79303
-1.12639,510.378,11.9517,60.2817,3.96966
-2.57439,558.021,12.3342,62.8414,3.78747
-1.19418,572.101,13.3612,67.4221,3.96084
-3.15874,535.255,11.5563,59.1214,3.71747
-2.70508,537,11.8074,60.2131,3.77164
-3.89865,575.619,12.0619,62.0327,3.63157
-3.95703,582.009,12.167,62.5991,3.62491
-0.377913,511.683,12.3424,61.9319,4.06905
-1.08974,513.242,12.0363,60.6928,3.97444
-1.58192,503.978,11.5902,58.6429,3.91095
-1.7035,559.894,12.8139,64.8895,3.8955
-2.91868,511.863,11.1586,56.9899,3.74599
0.473477,567.727,14.1605,70.6428,4.18677
-3.63097,548.905,11.6274,59.6841,3.6623
0.982181,585.881,14.9071,74.1113,4.25961
-3.10219,509.177,11.0184,56.3466,3.72416
0.29238,536.362,13.2835,66.3494,4.1613
-1.91408,545.646,12.3834,62.8016,3.86896
0.484443,575.277,14.355,71.6077,4.18832
-3.48569,572.975,12.2087,62.6035,3.67914
-4.78162,583.448,11.795,61.0445,3.53284
-2.21911,562.609,12.6138,64.1061,3.83099
0.413063,519.003,12.9146,64.4538,4.17825
-2.15338,508.366,11.4276,58.0512,3.83913
1.46426,577.908,14.9833,74.248,4.33043
-0.704955,563.964,13.4289,67.5353,4.02517
-1.67505,502.105,11.5044,58.2464,3.89911
-3.20935,556.513,11.9908,61.3662,3.7115
0.0963489,592.487,14.5609,72.8272,4.134
-2.74119,581.853,12.7751,65.1645,3.76729
-4.96384,536.421,10.764,55.7816,3.51296
-3.9646,545.461,11.3995,58.6532,3.62405
-0.965282,534.037,12.5859,63.4096,3.99074
-1.79676,567.733,12.9451,65.5965,3.88371
-3.23803,539.03,11.6007,59.3818,3.70812
0.973925,545.339,13.8711,68.9646,4.25841
1.47841,567.642,14.7252,72.9622,4.33253
0.259147,560.545,13.8643,69.2661,4.15666
1.13364,537.684,13.7619,68.348,4.28166
-3.91515,583.176,12.2121,62.8124,3.62969
-0.118026,514.422,12.5362,62.7926,4.10445
-2.51696,560.327,12.4137,63.2211,3.79445
-1.64479,598.494,13.7294,69.4971,3.90295
-4.21146,549.416,11.3677,58.5931,3.59613
-4.98477,501.214,10.0489,52.0837,3.51069
-1.84561,548.172,12.4748,63.2346,3.87756
-2.36314,514.622,11.4716,58.3602,3.81326
-1.22004,517.006,12.062,60.8775,3.95748
-2.61705,561.911,12.3989,63.1902,3.78229
1.2546,508.086,13.0659,64.838,4.29941
-4.65887,550.539,11.1856,57.8393,3.54633
-2.88001,584.221,12.7558,65.1294,3.75062
-1.67076,569.525,13.0513,66.0768,3.89965
-3.12386,522.442,11.2956,57.7731,3.7216
-3.61498,519.244,11.0062,56.4892,3.66415
-0.291024,597.741,14.4677,72.5531,4.08084
-2.973,589.923,12.8322,65.5627,3.73951
-1.92898,518.1,11.7513,59.6019,3.86709
-0.381455,560.498,13.518,67.8325,4.06858
-0.491185,534.986,12.8469,64.5137,4.05377
-4.27853,594.237,12.2616,63.231,3.5886
-4.42673,520.258,10.6707,55.085,3.57204
1.90659,591.338,15.5973,77.0614,4.39701
1.52247,579.518,15.0591,74.5945,4.3391
-0.667477,526.778,12.562,63.1595,4.03016
1.03933,591.738,15.0898,74.9905,4.26791
0.318738,519.043,12.8679,64.2618,4.165
0.960544,562.449,14.2989,71.0976,4.25647
-3.11529,589.468,12.7491,65.2035,3.72261
0.397359,580.787,14.4431,72.0898,4.17604
1.22103,568.713,14.6058,72.4963,4.29447
0.819697,501.595,12.6818,63.1173,4.23613
-4.05095,575.406,11.9833,61.6951,3.61425
0.142266,577.652,14.222,71.1097,4.14037
-2.30263,528.244,11.8038,60.0247,3.82069
-4.37421,596.82,12.2672,63.3028,3.5779
-3.63284,560.418,11.8704,60.9322,3.66209
-1.51011,584.439,13.479,68.166,3.92012
-3.64726,597.454,12.6475,64.9278,3.66042
-4.01121,516.549,10.7749,55.458,3.61876
-2.77857,523.604,11.479,58.5684,3.76279
-4.20425,517.858,10.7179,55.2408,3.59694
-0.727633,570.976,13.5836,68.3244,4.02215
-3.16844,552.689,11.9281,61.0274,3.71633
-4.14213,550.516,11.4226,58.8467,3.60394
-3.60241,597.49,12.6712,65.0288,3.6656
1.37916,544.857,14.0797,69.8101,4.3178
-4.40641,566.216,11.6229,59.9919,3.57431
-4.52303,507.846,10.3754,53.5976,3.56134
-0.736519,504.323,11.9937,60.331,4.02097
0.0837418,505.806,12.4245,62.1471,4.13225
1.7609,517.156,13.5638,67.0796,4.37491
0.218959,544.62,13.4492,67.2105,4.15105
1.80836,567.635,14.9152,73.7396,4.38209
-0.629523,535.654,12.7929,64.3034,4.03523
0.623389,539.934,13.5466,67.5116,4.20804
-2.82711,525.464,11.4973,58.682,3.75696
-3.49257,502.803,10.7105,54.9239,3.67834
-3.86984,504.308,10.58,54.4,3.63486
-2.6976,577.984,12.7124,64.8247,3.77255
-2.41862,512.822,11.4061,58.0495,3.80646
-4.16662,511.531,10.6031,54.6347,3.60118
-0.0142923,553.908,13.5537,67.8408,4.11871
1.6178,504.074,13.1473,65.0827,4.35336
-0.26764,540.758,13.1005,65.6865,4.08402
-1.36975,599.355,13.9004,70.2285,3.93813
-3.05291,566.431,12.2817,62.7851,3.73
1.08592,503.154,12.8542,63.8603,4.2747
-1.68476,511.496,11.715,59.3169,3.89788
-1.98797,536.395,12.1376,61.5868,3.85971
-3.72736,560.869,11.8346,60.7894,3.65119
-0.0276878,583.598,14.2727,71.446,4.11686
1.07268,505.566,12.9091,64.1389,4.27276
-0.792606,512.969,12.1723,61.253,4.01353
-2.26354,552.472,12.3645,62.8589,3.82551
-2.07801,571.391,12.8831,65.4105,3.84849
-1.24508,532.364,12.408,62.6344,3.95424
-0.165922,538.736,13.104,65.6579,4.09789
-1.24741,549.398,12.8038,64.6336,3.95393
-3.56849,589.356,12.5158,64.216,3.66953
-4.58934,591.858,12.0592,62.3254,3.554
-1.83517,596.242,13.5743,68.8034,3.87887
-1.40564,506.98,11.7412,59.3346,3.93351
-1.32618,562.932,13.0783,66.0551,3.94375
-3.05713,588.781,12.7641,65.2534,3.7295
-2.54339,569.718,12.6084,64.2245,3.79124
1.45487,507.703,13.1583,65.2085,4.32903
-0.268352,525.06,12.7199,63.7782,4.08392
-0.137766,545.88,13.2925,66.5897,4.10174
-2.0479,594.141,13.4122,68.0823,3.85223
-3.8799,571.152,11.9774,61.5898,3.63371
-4.97448,586.304,11.7598,60.947,3.51181
-0.541783,510.531,12.2352,61.4631,4.04697
0.810467,508.93,12.8626,64.0212,4.23481
0.611002,531.435,13.3269,66.4221,4.20627
-0.606967,597.784,14.2894,71.8148,4.03824
-2.52652,534.599,11.8391,60.2991,3.79329
-4.53387,544.572,11.1208,57.4528,3.56014
-0.521682,521.927,12.5183,62.8764,4.04967
-4.70041,570.846,11.5785,59.8891,3.54176
-2.11601,583.477,13.1356,66.7104,3.84376
-3.93622,568.294,11.8903,61.1665,3.62728
-3.99006,561.985,11.7327,60.3787,3.62116
-4.48175,550.897,11.2738,58.2217,3.56592
-2.8378,557.975,12.2034,62.2906,3.75567
1.23851,555.351,14.2724,70.8329,4.29704
-2.4138,575.786,12.809,65.1871,3.80705
-4.64457,526.038,10.694,55.2917,3.54791
1.96269,526.376,13.9141,68.7194,4.40557
-4.93052,541.535,10.8814,56.3765,3.51659
-0.506223,532.348,12.776,64.1642,4.05175
0.896522,552.324,14.0064,69.6735,4.24721
1.49672,561.163,14.5676,72.172,4.33526
-0.75369,519.637,12.3495,62.1281,4.01869
0.373516,521.751,12.9628,64.712,4.17269
-1.07241,561.353,13.1736,66.4198,3.9767
0.772866,574.326,14.4941,72.1599,4.22941
0.696649,549.714,13.8316,68.8976,4.21849
0.714516,552.936,13.9224,69.3414,4.22104
0.785466,531.775,13.4268,66.8409,4.23121
-1.7772,541.316,12.3524,62.5845,3.88618
0.937205,526.945,13.384,66.5595,4.25309
-3.29702,587.128,12.6059,64.5538,3.70119
-2.44039,572.841,12.7299,64.7968,3.8038
-0.81106,537.927,12.7552,64.1944,4.01108
-0.469139,507.945,12.2082,61.2969,4.05674
-3.98714,519.584,10.8488,55.8287,3.62149
1.34369,541.766,13.9805,69.3348,4.31255
-2.84204,538.808,11.7822,60.1424,3.75517
-0.937581,562.456,13.2702,66.8445,3.99438
1.41165,566.84,14.6663,72.7027,4.32261
-1.40123,595.349,13.7902,69.6871,3.93408
-0.846128,537.408,12.7253,64.0591,4.00644
-0.893372,504.33,11.9197,60.0233,4.00021
-1.26912,576.133,13.4153,67.7306,3.95112
-2.43122,535.126,11.8962,60.549,3.80492
-0.656936,594.407,14.1807,71.2926,4.03157
-3.7201,549.706,11.6025,59.594,3.65203
-2.55978,597.915,13.2237,67.3666,3.78924
-4.85198,564.101,11.3712,58.881,3.52515
1.87929,537.282,14.1565,69.9556,4.39286
-1.34686,531.041,12.3272,62.2707,3.94108
0.980695,536.075,13.6391,67.8079,4.25939
-0.698447,595.761,14.1896,71.3582,4.02603
1.0421,564.505,14.3969,71.5457,4.26831
-4.84532,564.01,11.3725,58.8847,3.52588
-4.21084,556.318,11.5108,59.3304,3.5962
1.03807,533.124,13.5944,67.5596,4.26772
-3.65405,507.317,10.7364,55.1198,3.65964
0.995448,537.783,13.6904,68.0564,4.26153
-3.49022,543.507,11.5787,59.3748,3.67862
0.658247,552.071,13.8701,69.1071,4.21301
-2.56602,537.002,11.8735,60.4911,3.78848
1.35942,578.987,14.9501,74.1359,4.31487
-1.75811,525.33,11.9967,60.7744,3.88859
-3.21636,515.325,11.1002,56.8112,3.71067
1.09876,550.705,14.076,69.9244,4.27657
-1.58041,558.549,12.8459,64.996,3.91114
-0.0520167,544.591,13.3059,66.6179,4.11351
-4.43476,523.13,10.7261,55.3742,3.57115
-0.932861,538.144,12.699,63.9651,3.995
0.763795,514.56,12.9812,64.6318,4.2281
0.0187785,579.53,14.1991,71.0552,4.12327
-0.957672,531.944,12.5404,63.1769,3.99174
-3.50053,599.57,12.7677,65.4769,3.67742
-1.26738,559.814,13.0362,65.8159,3.95135
-4.03679,582.28,12.1334,62.4616,3.61585
-1.03125,597.098,14.0353,70.7444,3.98209
-4.32374,533.499,10.9882,56.6822,3.58354
-2.2836,559.935,12.5215,63.6658,3.82304
-4.90802,541.839,10.8975,56.4508,3.51904
-2.64064,544.698,12.0077,61.2067,3.77943
0.216458,500.961,12.3698,61.8176,4.1507
1.59074,555.504,14.4735,71.6607,4.34931
-4.41178,573.857,11.7772,60.7906,3.57371
1.01983,557.211,14.1985,70.5705,4.26507
-2.39304,575.316,12.8092,65.1786,3.80959
-4.07394,578.613,12.0388,61.9912,3.61165
-0.200106,531.049,12.8996,64.6492,4.09322
-1.99712,547.31,12.3801,62.8211,3.85857
-4.71593,543.584,11.0186,56.9992,3.54005
-3.65448,590.781,12.5026,64.1872,3.65959
-4.01842,545.264,11.3705,58.5267,3.61794
-3.18886,575.509,12.4104,63.5041,3.71392
1.80422,557.684,14.6513,72.4372,4.38146
1.58222,592.546,15.4335,76.4181,4.34803
-2.88959,535.709,11.6921,59.7023,3.74947
-2.76731,579.927,12.7195,64.8927,3.76414
1.20314,545.656,14.0039,69.517,4.29185
-4.51058,545.056,11.1412,57.5488,3.56272
-0.659435,514.965,12.2842,61.7594,4.03123
-4.30935,554.345,11.4242,58.9254,3.58515
-3.25896,587.955,12.643,64.7265,3.70566
-4.35653,566.015,11.6423,60.0709,3.57987
-4.58617,585.768,11.9366,61.6906,3.55435
-3.04754,538.392,11.6762,59.6878,3.73064
-3.76809,558.178,11.7584,60.4157,3.64651
-2.16482,577.607,12.9782,65.9331,3.83771
0.614377,571.963,14.3452,71.4955,4.20676
-4.12801,540.645,11.2242,57.8189,3.60554
-1.9024,528.408,11.9978,60.841,3.87042
-1.00245,595.756,14.0198,70.6519,3.98586
-1.50785,529.004,12.2016,61.7049,3.92041
-4.64318,543.659,11.0528,57.1465,3.54806
-2.4326,554.895,12.335,62.783,3.80475
-3.55729,519.702,11.0416,56.6477,3.67083
-1.29101,580.431,13.5037,68.187,3.94829
-1.59973,547.181,12.5748,63.6327,3.90868
1.55659,550.814,14.3322,70.9776,4.3442
-0.501855,502.81,12.0692,60.6125,4.05234
-0.840131,545.71,12.9249,65.0614,4.00724
-4.01615,513.791,10.7152,55.1527,3.6182
-4.02694,524.652,10.9369,56.2984,3.61697
-3.89906,520.317,10.9029,56.0721,3.63152
1.11414,590.791,15.1097,75.0515,4.27881
-1.54398,574.139,13.2236,66.8902,3.91579
-4.80632,512.757,10.3555,53.6038,3.53014
-4.77978,516.191,10.4361,54.011,3.53305
-2.20534,585.876,13.1426,66.7876,3.83269
-3.71206,572.553,12.0886,62.0875,3.65295
-2.78397,563.311,12.3468,62.9986,3.76214
-1.22312,585.195,13.6513,68.8998,3.95708
0.295942,542.776,13.4442,67.1505,4.1618
-0.930884,569.404,13.4377,67.6851,3.99527
-0.787461,543.703,12.9042,64.9337,4.01421
-1.11742,572.653,13.4148,67.6571,3.97083
1.92982,503.965,13.3048,65.7242,4.40055
-3.52806,576.177,12.2559,62.8646,3.67422
0.319652,514.148,12.747,63.6577,4.16512
-4.59865,584.219,11.899,61.5017,3.55297
-1.63392,502.359,11.5291,58.3548,3.90433
-0.525308,566.774,13.5919,68.2709,4.04919
-1.08159,539.171,12.6484,63.776,3.97551
-4.31034,509.136,10.4921,54.118,3.58504
0.0368649,545.871,13.3839,66.9677,4.12577
-3.00277,589.78,12.8138,65.4821,3.73596
-0.0207069,570.444,13.9548,69.8515,4.11782
-0.583529,560.035,13.3995,67.3312,4.04138
1.83819,552.984,14.547,71.9052,4.38661
-0.310989,577.82,13.9745,70.0895,4.07812
-0.947973,502.434,11.8492,59.6911,3.99302
-0.596143,552.858,13.2212,66.441,4.03969
0.201478,579.052,14.2896,71.4192,4.14861
-4.29818,509.254,10.4997,54.1526,3.5864
-2.89194,506.369,11.0507,56.4281,3.74919
0.631807,593.466,14.8946,74.2252,4.20924
1.43809,547.233,14.1735,70.2477,4.32654
0.353838,554.755,13.7722,68.7615,4.16992
-0.510618,593.056,14.2305,71.4711,4.05116
1.60967,532.845,13.8933,68.7795,4.35215
-1.19508,513.906,12.0016,60.562,3.96072
-0.148956,586.596,14.2777,71.5304,4.10021
-3.87176,554.475,11.6315,59.8077,3.63464
-4.3446,521.065,10.723,55.3224,3.5812
-4.09861,542.819,11.2828,58.1085,3.60886
-0.0746794,592.74,14.4694,72.4544,4.1104
-3.06999,518.129,11.2266,57.3987,3.72798
-0.982748,596.448,14.0471,70.7797,3.98845
-0.388451,593.802,14.3172,71.8466,4.06763
-3.95552,545.122,11.3966,58.6346,3.62509
-2.56072,531.863,11.7624,59.9227,3.78913
0.0574395,509.322,12.4979,62.5256,4.12861
-2.4532,508.228,11.2883,57.4638,3.80223
-0.00468075,506.253,12.3923,62.0236,4.12003
-0.846609,516.303,12.2253,61.5423,4.00638
-4.4919,577.251,11.8083,60.9862,3.5648
-3.78027,573.146,12.0678,62.0105,3.64511
-0.385061,547.445,13.2013,66.2449,4.06809
-4.92515,523.155,10.5144,54.4729,3.51717
-1.65419,516.496,11.8439,59.957,3.90176
0.886341,512.103,12.9812,64.5786,4.24574
1.05796,575.597,14.6889,72.9888,4.27062
-3.86454,591.683,12.4157,63.8364,3.63546
1.95662,578.637,15.292,75.5274,4.40464
-4.17501,527.635,10.9332,56.3388,3.60024
0.0275878,523.529,12.8315,64.2074,4.12449
0.661631,539.319,13.5515,67.5181,4.21349
-2.314,544.82,12.1686,61.885,3.81929
-1.55537,536.103,12.342,62.4355,3.91434
1.56748,574.994,14.9677,74.1194,4.34583
-2.56254,583.811,12.9103,65.7715,3.78891
-4.6458,596.127,12.1182,62.6561,3.54777
-3.55122,549.637,11.6805,59.9227,3.67153
-3.27629,566.317,12.1692,62.3086,3.70362
1.9199,518.085,13.6723,67.5441,4.39904
0.986006,571.402,14.5409,72.2888,4.26016
0.976654,572.118,14.5538,72.3575,4.2588
-3.49181,558.268,11.8924,60.9843,3.67843
-1.45501,546.01,12.6204,63.7991,3.92717
0.274354,581.457,14.3901,71.8857,4.15878
-3.42253,552.684,11.8064,60.5136,3.6865
-0.359032,588.665,14.2099,71.2933,4.07161
-2.2849,503.25,11.2533,57.2181,3.82288
-0.348453,592.952,14.3193,71.8373,4.07304
-2.34961,529.238,11.8038,60.0444,3.81492
0.372092,589.128,14.636,73.0652,4.17249
-2.54154,531.495,11.7633,59.9193,3.79146
-2.51429,579.735,12.845,65.4166,3.79478
-2.06211,518.937,11.7079,59.4369,3.85046
-3.89757,559.802,11.731,60.3302,3.63169
-4.38678,535.566,11.0025,56.7818,3.57649
0.736897,525.748,13.2495,65.9797,4.22425
0.931625,541.394,13.748,68.3722,4.25228
-1.41199,545.118,12.6213,63.7849,3.9327
-4.19528,593.163,12.2809,63.2927,3.59795
-0.882495,576.411,13.6292,68.6265,4.00164
-0.670955,506.732,12.0823,60.7491,4.0297
-3.7298,538.865,11.3692,58.3998,3.65091
-1.04016,508.657,11.9522,60.2483,3.98092
-0.944352,525.829,12.4027,62.4778,3.99349
-1.47101,542.112,12.5223,63.3104,3.92512
-4.84577,541.037,10.909,56.4853,3.52583
-2.30195,535.3,11.9618,60.8279,3.82078
-0.0712185,543.049,13.2582,66.3879,4.11087
-2.97184,501.759,10.915,55.7665,3.73965
0.53338,548.698,13.718,68.4076,4.19525
0.546866,598.112,14.9614,74.6008,4.19716
-0.751051,570.384,13.557,68.2014,4.01904
-0.742546,573.044,13.6248,68.5384,4.02017
0.347223,582.475,14.4566,72.1819,4.16899
-1.55172,542.601,12.4934,63.1998,3.9148
-1.26702,519.6,12.1,61.0888,3.95139
-4.04232,527.75,10.9946,56.6016,3.61523
-1.72276,520.831,11.9107,60.324,3.89306
0.448015,593.253,14.7824,73.7582,4.18318
-3.06963,598.747,12.9736,66.3303,3.72802
0.00553805,565.058,13.8373,69.251,4.12144
-0.953797,531.523,12.5323,63.1348,3.99225
0.463029,592.104,14.7625,73.6511,4.1853
-2.85076,523.838,11.4508,58.4545,3.75412
-4.85383,579.217,11.675,60.455,3.52495
-1.16037,573.84,13.4198,67.7019,3.96523
1.40968,558.991,14.4621,71.6915,4.32232
-0.392634,598.761,14.4344,72.4367,4.06706
-3.83013,573.351,12.0478,61.9296,3.6394
0.29551,540.459,13.3866,66.8629,4.16174
1.17717,578.562,14.8334,73.6475,4.28804
-0.0715587,528.938,12.9135,64.662,4.11083
-3.70897,589.131,12.4402,63.8917,3.65331
0.595442,502.912,12.604,62.8256,4.20406
1.01507,578.344,14.7343,73.2357,4.26438
0.426146,576.946,14.3638,71.68,4.18009
-0.0450112,559.676,13.6783,68.4789,4.11448
-1.91569,512.935,11.6403,59.0336,3.86876
-0.342738,551.807,13.3287,66.8649,4.07382
-0.0649538,538.976,13.162,65.9034,4.11174
-0.412119,565.247,13.616,68.3388,4.06443
-2.81338,590.687,12.9315,65.9958,3.7586
0.628805,595.387,14.9411,74.4583,4.20881
-1.47346,568.164,13.1228,66.3475,3.92481
0.613827,549.204,13.774,68.6494,4.20668
1.77165,587.989,15.428,76.2937,4.37654
0.562149,581.901,14.5646,72.6148,4.19933
1.28161,545.896,14.053,69.7238,4.30338
-0.312104,598.729,14.4796,72.623,4.07797
-1.10591,561.96,13.1704,66.4187,3.97233
-1.32046,571.007,13.2689,67.0152,3.94449
1.95587,570.806,15.0846,74.5035,4.40453
0.162319,512.354,12.6242,63.1125,4.14316
-1.99449,571.742,12.9341,65.6311,3.8589
-2.68452,544.762,11.988,61.1251,3.77413
-2.52294,553.182,12.2524,62.4026,3.79373
-3.19818,548.248,11.8181,60.4773,3.71282
1.33836,511.126,13.187,65.4023,4.31176
1.67253,581.35,15.1951,75.1923,4.36159
0.219623,591.672,14.6115,73.0188,4.15114
1.84333,557.758,14.6755,72.5379,4.38739
-1.95329,577.523,13.0864,66.3847,3.86405
-1.55435,579.192,13.3345,67.4559,3.91447
-0.282584,583.39,14.125,70.8307,4.08198
1.06057,596.293,15.2186,75.6195,4.271
-0.91669,575.337,13.5854,68.4222,3.99713
-0.129792,534.318,13.015,65.1961,4.10284
0.04047,521.103,12.7785,63.9367,4.12627
0.955722,589.274,14.978,74.4768,4.25577
-4.82443,579.695,11.6987,60.5648,3.52816
-1.50351,593.044,13.6811,69.1846,3.92096
0.731622,585.699,14.7572,73.4908,4.22349
0.00486091,539.183,13.2033,66.0784,4.12135
-1.24018,597.642,13.9322,70.3259,3.95487
1.41633,556.7,14.4066,71.413,4.32331
-1.76124,598.443,13.6647,69.2256,3.8882
-4.34864,561.784,11.559,59.6377,3.58075
-1.76423,584.555,13.346,67.6125,3.88782
-4.07143,563.875,11.7334,60.4173,3.61193
-3.11755,572.771,12.3869,63.3518,3.72234
-3.34741,531.162,11.3811,58.3026,3.69528
-3.36699,549.774,11.7706,60.3063,3.69299
-4.9842,577.545,11.5795,60.0169,3.51075
-3.28327,540.744,11.6164,59.4811,3.7028
-4.09546,576.915,11.993,61.7648,3.60921
-1.12152,518.516,12.1447,61.2527,3.97029
-0.986695,513.651,12.0952,60.9464,3.98793
-3.25179,532.428,11.4523,58.6277,3.7065
-1.78098,522.43,11.9196,60.3934,3.8857
-3.3173,562.272,12.0623,61.7792,3.69881
0.723463,574.233,14.4637,72.033,4.22232
-0.859443,528.914,12.5175,63.0191,4.00468
1.00445,532.525,13.5613,67.4105,4.26284
-1.8744,564.938,12.8416,65.107,3.87394
-2.68785,575.005,12.6518,64.5113,3.77372
0.740776,573.656,14.459,72.001,4.2248
-1.12052,585.686,13.7185,69.1898,3.97042
0.807817,549.593,13.8889,69.1305,4.23442
0.548765,516.534,12.9217,64.4298,4.19743
-1.59187,590.817,13.5818,68.725,3.90968
1.53608,585.47,15.2219,75.3936,4.34113
-3.4592,582.198,12.4185,63.6673,3.68223
-1.22574,541.067,12.6205,63.6988,3.95674
-4.56405,529.334,10.7963,55.7886,3.5568
-1.57053,565.907,13.0203,65.8736,3.9124
-2.53893,589.514,13.0488,66.4658,3.79178
0.505774,536.188,13.3908,66.7883,4.19134
-0.479836,522.796,12.5598,63.0671,4.0553
-2.77107,539.374,11.8283,60.3473,3.76369
0.954203,554.092,14.0829,70.0269,4.25555
-2.7933,537.561,11.778,60.1002,3.76102
0.218236,583.002,14.3966,71.9456,4.15094
0.766518,557.651,14.0697,70.0505,4.22849
-4.82539,573.363,11.5705,59.9012,3.52805
-3.01264,545.296,11.8426,60.5233,3.73479
0.0240295,592.68,14.5243,72.6799,4.12399
-3.52942,512.501,10.9009,55.9146,3.67406
1.95495,547.281,14.4624,71.4308,4.40439
-3.08587,532.76,11.5363,58.9884,3.72609
1.46512,585.633,15.1841,75.2426,4.33056
-2.61399,525.068,11.5874,59.053,3.78266
0.278825,522.407,12.931,64.5947,4.15941
-3.4645,564.564,12.0398,61.7281,3.68161
-3.61543,540.617,11.459,58.8134,3.6641
-1.71065,501.14,11.466,58.0665,3.8946
-2.83014,598.471,13.0931,66.8285,3.75659
-4.32324,550.878,11.3463,58.5297,3.58359
-2.97771,509.534,11.0815,56.6196,3.73895
1.37169,553.994,14.3116,70.9637,4.31669
-0.242551,528.166,12.8081,64.2094,4.08743
1.80743,570.221,14.9826,74.0733,4.38195
-3.60065,543.513,11.5273,59.1576,3.66581
-3.86555,537.228,11.2726,57.9594,3.63535
0.408194,532.241,13.2415,66.0874,4.17757
-3.08291,595.813,12.9031,65.9762,3.72645
0.417335,526.806,13.111,65.4319,4.17885
-2.28555,501.2,11.2071,56.9838,3.8228
0.860793,539.865,13.6713,68.0233,4.24205
0.110128,547.656,13.4664,67.3468,4.13591
-0.715127,568.734,13.537,68.0839,4.02381
0.717981,556.442,14.0126,69.7889,4.22154
-4.60749,509.082,10.3649,53.576,3.552
-0.456479,509.04,12.2406,61.4544,4.05845
-4.76398,559.495,11.3189,58.5731,3.53478
0.377673,566.074,14.0663,70.2188,4.17327
0.376231,535.03,13.2942,66.3649,4.17307
-0.821728,570.333,13.5179,68.038,4.00967
-4.39547,586.341,12.0413,62.147,3.57553
-4.96981,567.01,11.375,58.9506,3.51232
-4.77204,570.111,11.5299,59.6683,3.53389
-0.00774772,505.723,12.3778,61.9525,4.11961
-4.19726,584.241,12.0952,62.3367,3.59773
-1.25453,520.361,12.1237,61.2033,3.95301
-4.68417,540.836,10.9771,56.7717,3.54354
-1.0314,596.773,14.0276,70.7056,3.98207
-1.66995,554.405,12.7052,64.3243,3.89976
-4.36122,513.219,10.5544,54.4591,3.57935
-0.673681,569.592,13.5797,68.279,4.02933
-4.59687,580.632,11.8268,61.1278,3.55317
1.23411,555.794,14.2813,70.8794,4.29639
-3.88551,502.503,10.5354,54.1769,3.63307
-3.7766,553.649,11.659,59.9084,3.64553
-1.82779,585.228,13.3275,67.5489,3.8798
-1.18152,500.276,11.6896,58.982,3.96248
-0.434443,589.345,14.184,71.2005,4.06142
-0.0799828,512.892,12.5177,62.6833,4.10967
-3.96717,531.641,11.1095,57.1623,3.62376
-0.295142,555.656,13.4469,67.4358,4.08028
-1.50895,554.635,12.7922,64.6922,3.92027
-0.349835,510.281,12.3222,61.8187,4.07286
0.568465,513.277,12.8501,64.0643,4.20023
1.64632,556.362,14.5272,71.8997,4.35764
-3.70951,573.769,12.1155,62.2246,3.65324
0.826095,536.439,13.5661,67.5158,4.23705
-4.93417,505.349,10.1528,52.6029,3.51619
-3.66394,585.186,12.3794,63.5593,3.6585
-4.03603,515.585,10.7439,55.3086,3.61594
-3.57095,549.225,11.6624,59.8385,3.66925
-4.81713,520.94,10.5161,54.4395,3.52896
-3.81281,560.346,11.7828,60.5599,3.64138
-4.29857,599.847,12.3673,63.7852,3.58636
-3.42373,576.271,12.3097,63.0937,3.68636
-1.55286,508.721,11.7128,59.2513,3.91466
1.54141,504.819,13.1277,65.019,4.34193
-4.32986,519.555,10.6983,55.1894,3.58285
0.650614,552.361,13.8732,69.1263,4.21192
-2.73392,532.152,11.6873,59.6126,3.76816
-3.21892,538.663,11.6018,59.379,3.71037
-3.17528,580.392,12.5225,64.0718,3.71552
1.56033,515.816,13.4235,66.4758,4.34476
-0.0860316,554.51,13.5301,67.7562,4.10884
-1.47244,587.602,13.5723,68.6197,3.92494
-4.05573,563.625,11.7356,60.4222,3.61371
0.346435,514.618,12.772,63.7713,4.16888
-0.0237549,545.792,13.3501,66.8262,4.1174
0.236475,515.934,12.7496,63.7067,4.15349
-1.24108,537.278,12.5245,63.2209,3.95475
-0.382797,536.086,12.9285,64.8752,4.06839
-3.28687,552.29,11.8627,60.7439,3.70238
0.711491,539.978,13.5945,67.7098,4.22061
-3.83798,525.486,11.0385,56.7448,3.6385
1.51646,587.452,15.2617,75.6011,4.3382
1.46031,587.089,15.219,75.418,4.32984
-0.442771,514.728,12.3841,62.1689,4.06029
-3.26819,521.16,11.2025,57.3556,3.70457
-3.56224,578.583,12.2901,63.0553,3.67026
0.970591,524.802,13.347,66.3602,4.25792
-4.11113,522.401,10.8529,55.8993,3.60744
-1.09251,534.498,12.5334,63.2006,3.97408
0.286454,565.644,14.0054,69.9582,4.16047
-2.5096,568.597,12.6006,64.1697,3.79535
0.650314,521.29,13.0927,65.2371,4.21187
1.55426,577.727,15.0312,74.4401,4.34385
-4.71778,579.894,11.7537,60.8029,3.53985
1.03989,529.905,13.5133,67.1557,4.26799
0.23876,582.295,14.3907,71.9062,4.15381
-1.117,548.642,12.8526,64.8211,3.97088
-4.14647,501.376,10.4011,53.5861,3.60345
-1.14262,574.826,13.4523,67.8578,3.96755
-4.4574,524.168,10.7375,55.442,3.56863
-3.59408,525.585,11.15,57.2188,3.66657
-2.49996,568.543,12.6043,64.1841,3.79653
-4.34773,538.556,11.0815,57.1736,3.58086
-4.91241,565.527,11.3719,58.91,3.51856
-3.75648,507.829,10.7028,54.9873,3.64784
1.64892,529.92,13.8382,68.4883,4.35804
-4.39559,595.39,12.2271,63.1059,3.57551
1.54566,510.751,13.2841,65.7919,4.34256
-2.0161,592.711,13.3969,67.9897,3.8562
-1.59297,564.811,12.9835,65.6976,3.90954
-1.55766,534.664,12.3077,62.2631,3.91404
1.61187,561.407,14.6393,72.4714,4.35248
0.192879,564.078,13.9154,69.553,4.14741
-4.21444,514.836,10.6509,54.8998,3.5958
-3.44348,575.548,12.2845,62.9731,3.68406
-4.38739,565.18,11.6106,59.9203,3.57643
-2.87247,582.351,12.7188,64.9372,3.75152
0.655947,565.233,14.1995,70.7494,4.21268
-2.44115,555.195,12.3374,62.7992,3.8037
0.262199,509.609,12.606,62.9783,4.15708
0.520729,598.51,14.956,74.5874,4.19346
-3.90628,517.741,10.8457,55.781,3.6307
0.173816,544.364,13.419,67.0806,4.14476
0.519399,505.434,12.6295,62.9853,4.19327
0.799224,545.076,13.7701,68.5433,4.23319
-1.32511,587.03,13.6387,68.8851,3.94389
-4.79671,519.527,10.4963,54.3291,3.53119
0.450168,540.192,13.4614,67.1659,4.18348
-3.70276,557.447,11.7741,60.4681,3.65402
-4.58739,512.443,10.4419,53.9661,3.55422
-3.14026,552.746,11.9429,61.0908,3.71966
-2.52951,564.368,12.4969,63.6506,3.79292
-1.25329,554.857,12.928,65.2632,3.95317
-1.50862,572.096,13.1951,66.7297,3.92031
1.59202,529.576,13.7986,68.3187,4.3495
1.15724,542.593,13.9004,69.0246,4.28512
-2.85666,583.405,12.7499,65.0889,3.75341
-1.1849,545.375,12.7417,64.2919,3.96204
-2.21942,557.84,12.5067,63.5621,3.83095
-2.13739,536.557,12.069,61.3027,3.84111
-0.647924,527.07,12.5787,63.2349,4.03277
1.95023,593.634,15.6844,77.4691,4.40367
-4.16947,554.41,11.4906,59.2088,3.60086
-1.52659,598.281,13.7892,69.7426,3.91801
-4.7018,567.196,11.5038,59.5034,3.54161
-1.54688,560.839,12.9158,65.3344,3.91542
-2.73594,572.571,12.574,64.1361,3.76792
-4.13147,533.721,11.0789,57.0718,3.60514
1.50245,547.983,14.2286,70.49,4.33612
-4.53075,581.266,11.8716,61.3304,3.56049
-1.35249,597.988,13.8782,70.108,3.94036
-3.94392,523.073,10.9407,56.2848,3.62641
-4.83392,564.467,11.387,58.9549,3.52712
-0.0522103,570.86,13.9477,69.8309,4.11349
1.69253,521.31,13.6364,67.4701,4.3646
-4.1323,503.001,10.4409,53.7853,3.60505
1.62138,592.662,15.46,76.5295,4.3539
-2.46584,524.127,11.6355,59.2367,3.80069
-4.31897,558.029,11.4956,59.2979,3.58407
-2.39601,534.311,11.8948,60.5272,3.80923
-4.39034,569.737,11.7028,60.3975,3.5761
-2.75725,549.415,12.0551,61.4989,3.76535
-1.42494,580.716,13.4386,67.9213,3.93103
-3.39327,545.525,11.6673,59.7879,3.68992
-0.406254,500.143,12.0505,60.4792,4.06522
0.400799,581.143,14.4539,72.1421,4.17652
-1.41566,535.065,12.3867,62.601,3.93223
-2.67205,562.582,12.3863,63.1506,3.77563
-2.64352,566.935,12.4965,63.6994,3.77909
0.824809,594.753,15.0401,74.8521,4.23687
-1.70209,521.749,11.9416,60.4714,3.89568
-2.59474,573.323,12.662,64.5211,3.785
-4.01515,546.909,11.4063,58.7098,3.61831
-1.281,521.873,12.1462,61.3279,3.94958
1.11079,562.33,14.3799,71.4282,4.27833
0.381508,545.558,13.5586,67.6823,4.17381
-0.693258,500.758,11.9294,59.9893,4.02672
-2.86804,561.665,12.2692,62.6398,3.75205
0.502091,558.249,13.9397,69.528,4.19082
-2.88176,516.021,11.2659,57.5231,3.75041
-2.54552,582.045,12.8801,65.6095,3.79098
-2.09875,538.331,12.1276,61.5838,3.84591
1.51964,537.674,13.9702,69.2021,4.33868
1.22027,532.983,13.6878,67.9399,4.29436
-1.14229,542.044,12.6853,63.9885,3.96759
-1.11932,590.116,13.8229,69.7159,3.97058
1.65645,504.948,13.1899,65.2766,4.35917
-3.17605,582.931,12.5769,64.3505,3.71543
-3.1039,502.158,10.8657,55.5668,3.72396
-4.91097,568.037,11.423,59.1744,3.51872
-4.93168,574.212,11.5374,59.776,3.51646
-0.387174,502.905,12.1262,60.8511,4.0678
-1.68976,547.913,12.5466,63.5297,3.89724
0.0124895,557.031,13.6445,68.2827,4.1224
-3.66579,545.922,11.5479,59.291,3.65828
-2.94926,595.632,12.9688,66.2493,3.74234
-2.05735,598.152,13.4976,68.5206,3.85106
-3.32889,517.058,11.0872,56.7894,3.69745
-0.563369,515.197,12.3365,61.9813,4.04408
-4.15934,561.182,11.6358,59.9524,3.602
1.18382,579.419,14.8592,73.7725,4.28901
-0.80349,526.73,12.4935,62.8738,4.01208
-1.68955,512.793,11.7425,59.458,3.89727
-4.92545,590.265,11.863,61.46,3.51714
-0.491786,542.531,13.0278,65.4223,4.05369
0.12192,539.439,13.2705,66.3618,4.13755
-4.88572,502.967,10.1249,52.4403,3.52147
-1.15083,581.487,13.6037,68.6256,3.96648
-4.40882,500.208,10.2669,52.9939,3.57404
-0.137848,526.937,12.8312,64.2786,4.10173
-4.63216,500.12,10.1722,52.5894,3.54927
-1.00893,544.475,12.8097,64.5567,3.98501
-2.66849,508.541,11.1981,57.0912,3.77606
-4.66521,552.528,11.2231,58.0358,3.54563
-1.85559,511.939,11.6456,59.0356,3.8763
-3.96348,559.139,11.6859,60.1264,3.62418
-2.76326,598.591,13.131,66.9901,3.76463
0.399549,562.842,13.998,69.8674,4.17635
0.29301,558.791,13.8393,69.1252,4.16139
-0.506454,590.287,14.1664,71.147,4.05172
0.260768,596.237,14.748,73.6805,4.15688
-4.1651,539.708,11.1879,57.6471,3.60135
0.468923,579.633,14.4549,72.1137,4.18613
-2.56004,527.872,11.6745,59.4744,3.78921
-4.65626,570.68,11.596,59.9605,3.54662
-3.26681,513.544,11.0394,56.5201,3.70474
1.21036,585.172,15.0223,74.5688,4.2929
-3.10587,591.425,12.7963,65.4404,3.72372
0.940101,552.962,14.0465,69.8523,4.25351
-3.52395,572.348,12.1765,62.4554,3.6747
0.786213,553.294,13.9706,69.5474,4.23132
-2.38778,584.399,13.0141,66.2191,3.81024
0.156968,582.164,14.3413,71.6994,4.14241
-1.86224,523.981,11.9164,60.4111,3.87547
-0.611895,562.532,13.4441,67.5689,4.03758
0.306573,550.99,13.6534,68.1902,4.16329
0.75823,585.841,14.7762,73.5719,4.22731
0.920903,503.679,12.785,63.5872,4.25073
-0.310108,518.411,12.5382,62.885,4.07824
-1.79138,541.107,12.3406,62.5311,3.88439
0.381248,503.65,12.5169,62.4827,4.17377
-2.27741,597.623,13.3676,67.9649,3.8238
-0.184682,599.926,14.5816,73.0709,4.09533
-1.77423,543.406,12.4015,62.8322,3.88656
-0.453871,526.535,12.6626,63.5719,4.0588
-1.63095,552.249,12.6755,64.1563,3.90471
-1.09005,570.937,13.3892,67.5148,3.9744
-1.1197,567.816,13.3003,67.0805,3.97053
-4.02816,558.245,11.6366,59.9006,3.61683
-4.55739,552.566,11.2732,58.2502,3.55754
-1.27652,580.455,13.512,68.2222,3.95017
-0.22455,567.676,13.776,69.0531,4.08989
-2.22757,511.182,11.4569,58.2301,3.82995
-2.45617,594.987,13.2137,67.2668,3.80187
-4.98368,503.959,10.1044,52.3709,3.51081
-2.66333,550.708,12.1292,61.8356,3.77669
-1.32773,525.08,12.1981,61.6103,3.94355
-3.88084,554.973,11.6377,59.8433,3.6336
1.12949,525.538,13.4489,66.795,4.28106
-2.52083,504.543,11.1761,56.9198,3.79398
-1.45152,554.697,12.8229,64.8216,3.92762
-3.66415,513.035,10.853,55.7223,3.65847
-4.11493,523.486,10.8737,56.0083,3.60701
-1.45215,524.025,12.1136,61.236,3.92754
-0.567749,547.637,13.111,65.8745,4.04349
-1.47681,527.468,12.1812,61.5885,3.92438
0.1994,552.401,13.6308,68.1276,4.14832
1.64374,517.827,13.5197,66.9142,4.35726
-4.52494,550.625,11.2485,58.1087,3.56113
-2.40385,500.866,11.1467,56.7238,3.80827
0.732944,546.263,13.7643,68.5455,4.22368
-2.77424,520.4,11.4107,58.2184,3.76331
-0.429371,565.081,13.6027,68.2803,4.0621
-3.64698,573.786,12.1466,62.3563,3.66045
-2.58741,573.486,12.6694,64.5552,3.78589
-1.24727,597.835,13.9328,70.3323,3.95395
1.76588,580.942,15.2397,75.3654,4.37566
-2.47911,553.024,12.2705,62.4752,3.79907
0.536574,522.462,13.0638,65.1435,4.1957
-2.21824,553.815,12.417,63.1059,3.8311
-3.43348,581.99,12.4269,63.699,3.68523
1.94812,520.38,13.7479,67.9048,4.40335
1.46619,514.607,13.3431,66.1194,4.33072
-3.89025,509.781,10.6859,54.9529,3.63253
-2.20609,558.171,12.5208,63.6278,3.8326
0.610602,502.249,12.5948,62.7736,4.20622
0.80578,560.461,14.1624,70.4929,4.23413
-4.1389,516.819,10.7248,55.2507,3.60431
-3.75914,512.598,10.8022,55.4988,3.64754
0.54153,528.469,13.2165,65.903,4.19641
-2.78021,523.858,11.4838,58.5936,3.76259
-0.177891,551.394,13.4056,67.1745,4.09626
0.146368,502.494,12.3735,61.8659,4.14094
-4.96412,547.481,10.9858,56.9311,3.51293
-1.37882,513.209,11.8982,60.1166,3.93696
-1.79298,506.504,11.5507,58.5293,3.88419
-4.80745,553.257,11.1729,57.8356,3.53002
0.778218,506.013,12.7727,63.5879,4.23017
1.68129,551.087,14.409,71.2982,4.3629
-1.72177,524.728,12.0003,60.7773,3.89319
0.477066,547.188,13.6501,68.0951,4.18728
1.99056,515.694,13.6465,67.385,4.40983
-1.3333,583.565,13.5538,68.4601,3.94283
-1.94015,533.263,12.0898,61.3236,3.86569
-0.640792,594.926,14.2021,71.3925,4.03372
-0.225269,528.45,12.8238,64.2801,4.08979
1.10323,504.605,12.9,64.0803,4.27722
-0.98108,511.037,12.0363,60.6473,3.98867
-4.43693,503.569,10.3241,53.2998,3.57091
1.52448,535.223,13.9092,68.8973,4.3394
0.994812,515.534,13.1237,65.2393,4.26144
0.379193,581.678,14.4549,72.1579,4.17348
1.04655,563.854,14.3828,71.4734,4.26896
-0.746714,544.406,12.9418,65.1044,4.01961
-3.17826,569.753,12.2915,62.8911,3.71517
-1.44802,500.727,11.5769,58.5214,3.92807
1.04112,577.956,14.7394,73.2481,4.26817
-4.0943,553.579,11.5085,59.2689,3.60934
1.91243,541.64,14.2897,70.5982,4.3979
-4.03419,526.999,10.9826,56.5365,3.61615
1.15552,572.482,14.6651,72.8227,4.28487
-1.44903,510.35,11.7989,59.6441,3.92794
-0.377474,594.136,14.3315,71.9127,4.06911
-4.99554,565.629,11.3354,58.7561,3.50952
-0.576095,599.667,14.3519,72.1135,4.04237
-3.00965,517.208,11.2339,57.4115,3.73515
-1.72483,555.075,12.6928,64.2859,3.8928
-3.86371,516.528,10.839,55.7295,3.63556
-2.94566,550.881,11.9962,61.2792,3.74277
-1.91366,523.815,11.8882,60.2897,3.86901
-3.83467,595.068,12.5018,64.2656,3.63888
-4.21822,586.716,12.1361,62.5569,3.59537
-4.75873,575.773,11.6507,60.2879,3.53535
-3.57463,567.579,12.0504,61.8306,3.66882
-2.34094,530.289,11.8313,60.1809,3.81598
-2.64742,538.16,11.8604,60.4585,3.77861
-1.92218,531.304,12.054,61.1345,3.86794
-0.473007,517.917,12.4459,62.4923,4.05622
-4.79264,582.503,11.7706,60.9231,3.53164
-3.88416,553.616,11.6076,59.6902,3.63322
-4.98831,580.682,11.6405,60.3345,3.51031
-0.619679,513.026,12.2572,61.6068,4.03654
0.659771,571.107,14.3492,71.4935,4.21322
-0.0895532,508.011,12.3939,62.0674,4.10836
-1.59368,508.02,11.6777,59.0904,3.90945
0.177502,512.232,12.6288,63.1286,4.14527
-4.7752,523.961,10.5952,54.8324,3.53355
-2.4299,543.334,12.0793,61.4804,3.80508
-1.61199,570.15,13.0963,66.2772,3.90712
-2.15834,512.332,11.5145,58.4945,3.83851
-3.00389,532.65,11.572,59.1368,3.73583
0.101161,571.655,14.0516,70.2775,4.13467
-2.21698,524.77,11.7664,59.7988,3.83126
0.511573,584.738,14.6066,72.8494,4.19216
-3.47358,558.472,11.9055,61.0436,3.68055
-3.36566,547.172,11.7155,60.0235,3.69315
-0.263629,567.632,13.7538,68.9599,4.08456
-0.824781,572.243,13.5616,68.259,4.00927
1.5592,526.117,13.691,67.8009,4.34459
-4.39342,512.423,10.5242,54.3161,3.57575
0.813553,539.132,13.6275,67.8272,4.23525
-2.35225,550.818,12.2838,62.4873,3.81459
-0.0440737,500.889,12.242,61.2879,4.11461
-3.77403,546.156,11.5024,59.1028,3.64583
-0.92972,572.827,13.5191,68.0946,3.99542
-1.59537,543.338,12.4887,63.1949,3.90924
-3.91391,568.465,11.9046,61.2305,3.62983
-1.98957,504.619,11.4178,57.9352,3.85951
-0.18047,512.316,12.4542,62.4085,4.0959
0.316107,501.008,12.4195,62.0237,4.16463
-1.24076,541.916,12.6328,63.7673,3.95479
0.880517,511.059,12.9518,64.4347,4.2449
-2.33238,567.208,12.6594,64.3889,3.81703
-4.07693,546.737,11.3742,58.5703,3.61131
-4.38514,525.552,10.7975,55.7232,3.57668
-4.9636,517.529,10.385,53.8175,3.51299
-2.38358,576.103,12.8316,65.2882,3.81075
-1.50043,595.126,13.7308,69.4345,3.92136
-2.77014,555.343,12.1789,62.136,3.7638
-0.253072,582,14.1078,70.7297,4.086
1.48073,509.92,13.2291,65.5478,4.33288
1.20358,538.444,13.8191,68.5992,4.29191
0.217915,591.47,14.6055,72.9898,4.1509
-0.266631,510.761,12.3743,62.0448,4.08415
0.705409,574.489,14.46,72.0231,4.21974
0.962277,595.072,15.1292,75.2256,4.25672
-3.89209,515.722,10.8097,55.5898,3.63232
-3.8892,522.3,10.9488,56.3043,3.63265
-3.5676,554.321,11.7722,60.4005,3.66963
-1.27597,526.003,12.2447,61.8234,3.95024
-3.30469,539.789,11.5859,59.3338,3.70029
-0.537827,542.849,13.0117,65.3624,4.0475
-0.954669,547.294,12.9038,65.0063,3.99214
-2.49401,591.784,13.1226,66.821,3.79725
0.0107775,586.818,14.3731,71.9301,4.12217
-1.83422,574.802,13.0867,66.3315,3.87899
-4.56324,502.092,10.241,52.9189,3.55689
-2.95089,514.732,11.2066,57.2481,3.74215
-3.67693,512.2,10.8297,55.6079,3.657
-0.647602,597.863,14.2684,71.729,4.03281
-1.0462,505.388,11.8726,59.8493,3.98013
-1.42771,531.615,12.301,62.1728,3.93068
-1.90539,516.215,11.7195,59.4312,3.87005
-1.03272,563.26,13.2392,66.732,3.9819
-1.45694,534.256,12.3477,62.4218,3.92693
0.494999,522.745,13.0496,65.0911,4.18982
0.132414,548.817,13.5068,67.5384,4.139
-2.77183,527.318,11.5635,58.997,3.7636
-1.5128,596.411,13.7537,69.5562,3.91977
-4.975,526.608,10.5623,54.7406,3.51175
-2.29683,599.901,13.4081,68.1802,3.82141
0.701207,558.304,14.0503,69.9845,4.21914
-0.153706,540.545,13.1543,65.9046,4.09956
-3.34822,588.529,12.6099,64.5977,3.69519
0.665124,587.302,14.7592,73.5335,4.21399
1.80001,504.626,13.2553,65.5367,4.38083
-1.23372,555.275,12.9478,65.3543,3.95571
-0.264531,573.292,13.8904,69.6455,4.08444
-2.43586,548.384,12.1886,62.0396,3.80435
-0.517466,524.305,12.5774,63.1715,4.05024
1.66913,522.167,13.6464,67.5301,4.36107
1.01551,561.21,14.298,71.0671,4.26444
1.92418,524.668,13.8483,68.4117,4.39969
-2.68372,560.219,12.3285,62.8611,3.77422
-2.09812,533.632,12.0221,61.0475,3.84598
0.79623,528.314,13.3451,66.429,4.23276
-4.55869,561.491,11.4547,59.1885,3.55739
-1.77769,536.895,12.2513,62.0724,3.88612
1.86264,526.136,13.8539,68.4678,4.39033
-4.62695,526.159,10.7041,55.3372,3.54985
0.0955544,549.809,13.5116,67.5796,4.13389
-4.83479,534.826,10.7886,55.8575,3.52703
0.446228,562.397,14.0126,69.9179,4.18293
-1.54429,561.752,12.9382,65.4464,3.91575
1.39516,547.288,14.1513,70.1578,4.32017
-3.20453,571.54,12.317,63.0334,3.71207
-4.38274,590.251,12.1279,62.5881,3.57695
-1.10902,594.448,13.93,70.2514,3.97192
-2.07963,511.858,11.5401,58.5923,3.84828
1.84892,533.348,14.0363,69.3757,4.38824
0.200974,574.255,14.171,70.8263,4.14854
-4.85464,550.096,11.0877,57.414,3.52486
-0.543838,564.781,13.5342,67.9898,4.0467
-1.51412,596.545,13.756,69.5687,3.9196
-3.71982,541.676,11.4331,58.724,3.65206
-0.97313,544.403,12.8262,64.6238,3.98971
-4.1811,580.423,12.0241,61.9628,3.59955
-4.41913,579.993,11.8995,61.4255,3.57289
1.04153,592.028,15.0985,75.0325,4.26823
0.0217641,506.774,12.4179,62.1407,4.12368
0.420405,520.187,12.9478,64.6162,4.17929
0.172502,585.982,14.4442,72.2059,4.14457
-0.955781,510.898,12.0451,60.6811,3.99199
1.08679,564.82,14.4301,71.6889,4.27482
-0.749171,510.159,12.1265,61.004,4.01929
-1.50566,519.083,11.9738,60.552,3.92069
0.311498,516,12.7888,63.8702,4.16398
-4.2461,537.923,11.1143,57.3009,3.59224
0.0703796,541.223,13.2875,66.4698,4.1304
1.48568,574.288,14.9019,73.8337,4.33362
-4.15091,552.329,11.4561,59.0232,3.60295
-4.2857,549.308,11.3313,58.4362,3.5878
-1.3259,550.566,12.7911,64.6045,3.94378
-0.202628,567.041,13.7725,69.0251,4.09288
1.87182,535.52,14.106,69.7095,4.39172
-4.78848,528.659,10.6844,55.2994,3.53209
1.02493,534.88,13.6322,67.7535,4.26581
-0.643937,566.554,13.5231,67.9808,4.0333
-3.45482,595.715,12.7091,65.1551,3.68274
-0.803877,501.166,11.8869,59.8216,4.01203
-0.969851,512.057,12.0657,60.7907,3.99014
-3.44711,502.741,10.7289,55.0003,3.68364
-0.358885,580.355,14.0093,70.2872,4.07163
-1.40733,597.793,13.8435,69.9591,3.9333
1.65821,575.271,15.0279,74.3718,4.35943
1.14936,590.095,15.1127,75.0483,4.28396
-1.52527,503.766,11.6114,58.7274,3.91818
1.43758,511.082,13.237,65.606,4.32646
0.978361,511.113,13.0028,64.6456,4.25905
-1.74069,551.495,12.603,63.838,3.89079
1.95615,584.362,15.443,76.2736,4.40457
-2.99166,575.755,12.5146,63.9485,3.73729
-0.0918028,511.481,12.4774,62.4868,4.10805
-1.07468,516.131,12.1113,61.0645,3.97641
-3.09044,592.188,12.8208,65.5584,3.72555
-1.22087,565.386,13.1903,66.5724,3.95737
-3.75421,567.766,11.9671,61.4819,3.6481
1.66367,513.212,13.4096,66.3604,4.36025
-3.49668,514.047,10.9482,56.1445,3.67787
-3.62052,555.538,11.7729,60.4264,3.66351
-0.250486,564.416,13.6829,68.5986,4.08635
-4.52916,543.373,11.0984,57.3353,3.56066
1.15248,591.031,15.1385,75.1748,4.28442
0.821922,530.16,13.4052,66.7165,4.23645
-4.94986,573.421,11.513,59.6572,3.51448
-1.30438,559.466,13.009,65.6953,3.94656
-4.02747,510.606,10.6439,54.7901,3.61691
-4.608,533.66,10.8651,56.1617,3.55194
-2.79937,541.984,11.872,60.5826,3.76029
0.48709,510.332,12.7357,63.5291,4.1887
-3.86837,559.901,11.747,60.3998,3.63502
-0.409944,539.48,12.9964,65.2281,4.06472
1.99865,583.83,15.4544,76.3081,4.41107
-2.58072,527.36,11.6535,59.3761,3.7867
1.88564,597.604,15.7498,77.8256,4.39382
0.335763,571.34,14.1739,70.7757,4.16738
-3.54088,568.204,12.0801,61.9683,3.67273
-4.13296,528.627,10.9725,56.5242,3.60498
-1.18805,588.473,13.7469,69.3654,3.96163
1.55624,535.428,13.9317,68.9942,4.34415
1.08505,581.581,14.8573,73.8122,4.27457
-1.05184,598.107,14.0476,70.8162,3.97939
-4.73868,519.611,10.5229,54.4439,3.53755
1.58524,532.768,13.8781,68.7155,4.34848
1.2757,569.676,14.6618,72.7472,4.30251
-3.74744,540.284,11.391,58.5191,3.64888
-2.69571,534.083,11.7477,59.9046,3.77277
-0.228873,537.637,13.0448,65.3899,4.0893
-3.99632,509.908,10.6428,54.7722,3.62045
-4.3982,593.218,12.1812,62.8702,3.57522
-0.127545,550.552,13.4116,67.1818,4.10314
0.205985,569.247,14.0502,70.2202,4.14924
0.342971,555.934,13.7956,68.8834,4.1684
-3.21025,501.746,10.8104,55.3254,3.71139
-3.11389,581.094,12.5687,64.2802,3.72277
-1.70953,537.167,12.2908,62.2432,3.89474
1.22758,582.4,14.9612,74.2567,4.29543
1.02844,541.006,13.7902,68.5372,4.26632
-2.35777,557.613,12.4326,63.2467,3.81392
-2.25121,591.515,13.2448,67.3284,3.82703
-1.40998,563.704,13.0527,65.964,3.93296
-1.36708,560.909,13.0101,65.7294,3.93847
-4.02555,587.439,12.2464,63.0386,3.61713
-0.484099,577.661,13.8756,69.676,4.05473
1.79214,546.211,14.3432,70.9195,4.37963
-0.253837,525.365,12.7346,63.8454,4.08589
-3.70121,536.299,11.3281,58.1771,3.6542
-3.11329,527.598,11.4119,58.3637,3.72285
1.65997,555.648,14.5163,71.839,4.3597
-4.4357,527.21,10.8093,55.8043,3.57104
-2.83945,567.001,12.4,63.2948,3.75548
-1.07907,546.913,12.8314,64.6971,3.97583
1.00636,591.64,15.0679,74.8984,4.26312
-4.59064,528.8,10.7738,55.6826,3.55386
-0.396796,593.127,14.2962,71.7453,4.0665
-3.18584,537.539,11.593,59.3202,3.71427
-3.91879,554.682,11.6137,59.7361,3.62927
-4.45311,537.881,11.0203,56.9007,3.56911
-4.33443,557.078,11.4688,59.1662,3.58234
-1.79738,555.612,12.6684,64.1947,3.88364
1.38506,531.547,13.7389,68.1177,4.31867
0.623688,519.994,13.0465,65.0189,4.20808
-4.91024,530.739,10.6733,55.2903,3.5188
-2.75916,517.468,11.3533,57.9193,3.76513
1.92638,585.454,15.454,76.3431,4.40003
1.23893,502.18,12.9061,64.052,4.2971
1.13004,556.709,14.2469,70.7581,4.28114
0.388633,502.272,12.4863,62.3266,4.17481
-1.67807,547.061,12.5329,63.4552,3.89872
1.73404,535.266,14.0241,69.3687,4.37085
-3.75688,568.063,11.9721,61.5086,3.6478
-3.53445,536.752,11.4144,58.5507,3.67348
-1.81661,599.062,13.6486,69.171,3.88121
1.88376,563.164,14.8411,73.3361,4.39354
-4.07342,505.147,10.5105,54.1212,3.61171
-1.61264,542.882,12.4696,63.106,3.90704
-4.09462,512.945,10.6635,54.9177,3.60931
1.61311,595.853,15.5383,76.9211,4.35266
1.30148,554.877,14.2953,70.9162,4.30631
-4.85961,560.397,11.293,58.4794,3.52432
-3.37645,586.642,12.5552,64.3302,3.69188
-4.92238,586.375,11.7863,61.0612,3.51747
-3.08777,555.358,12.0247,61.4866,3.72587
0.0613387,508.091,12.4696,62.3825,4.12915
-1.89713,533.715,12.1208,61.4626,3.87109
-1.43305,542.015,12.5389,63.3779,3.92999
-2.34718,505.572,11.277,57.364,3.81522
-0.393475,548.221,13.2156,66.3207,4.06695
1.86792,593.779,15.6382,77.2835,4.39113
-2.78502,566.293,12.4116,63.3299,3.76201
-3.18355,562.373,12.1297,62.0655,3.71454
1.47563,550.498,14.279,70.7523,4.33212
1.34529,556.536,14.3625,71.2288,4.31278
-2.74805,596.657,13.0966,66.8073,3.76646
-3.84041,592.912,12.4536,64.0206,3.63822
-3.73605,584.981,12.339,63.3845,3.65019
-2.91569,508.341,11.0831,56.6033,3.74635
-4.53797,595.488,12.1585,62.8158,3.55969
-2.90523,582.513,12.7056,64.8848,3.7476
1.19673,500.874,12.8514,63.7986,4.2909
-3.70555,500.475,10.5696,54.2831,3.6537
1.79869,563.813,14.8092,73.2203,4.38063
-3.32162,557.729,11.9628,61.2713,3.6983
-1.3896,517.262,11.987,60.5699,3.93558
-0.357167,502.637,12.1341,60.8781,4.07186
-0.680388,540.205,12.8756,64.7421,4.02844
-3.25241,594.368,12.7843,65.4468,3.70643
-0.45036,504.352,12.1308,60.9006,4.05927
0.937447,544.161,13.8214,68.7346,4.25312
-2.81981,598.9,13.108,66.8992,3.75783
-2.15685,534.009,12.0024,60.9724,3.8387
1.43579,594.704,15.4017,76.3359,4.3262
-1.34292,595.89,13.8348,69.8839,3.94159
-2.23446,581.836,13.0368,66.2634,3.8291
1.251,572.926,14.7312,73.1039,4.29888
-4.01682,513.409,10.7069,55.1105,3.61812
0.668243,563.533,14.1636,70.5646,4.21443
1.87615,571.561,15.0579,74.4114,4.39238
-3.24581,533.077,11.469,58.7107,3.70721
0.475114,541.959,13.5187,67.44,4.18701
1.82477,567.588,14.9234,73.7723,4.38458
1.50783,502.425,13.0484,64.6408,4.33692
-2.05518,520.671,11.7502,59.6491,3.85133
1.2784,523.924,13.4857,66.9105,4.30291
-2.5982,534.97,11.8134,60.1981,3.78458
-0.322333,519.514,12.5588,62.9936,4.07659
0.612989,596.93,14.9705,74.613,4.20656
-0.167645,536.778,13.0555,65.4156,4.09766
-3.72844,548.147,11.5656,59.4084,3.65107
-2.49122,570.373,12.6493,64.4093,3.79759
-3.9946,542.718,11.3284,58.2999,3.62064
-4.88048,575.306,11.5836,59.9931,3.52204
-2.85159,542.353,11.8552,60.519,3.75402
-0.772958,532.512,12.6459,63.6275,4.01613
-2.22302,548.784,12.3019,62.5228,3.83051
-0.954142,505.963,11.9295,60.0981,3.99221
-2.91482,508.927,11.0963,56.6701,3.74645
1.70511,588.988,15.4143,76.26,4.36649
0.740162,576.596,14.5328,72.3686,4.22472
-3.11444,513.496,11.1064,56.8016,3.72271
-0.512948,582.226,13.9693,70.1606,4.05085
-2.01666,587.691,13.2831,67.4126,3.85613
-2.28972,513.662,11.4839,58.3926,3.82228
-4.8439,524.394,10.5743,54.7512,3.52603
-4.58569,520.809,10.6131,54.8503,3.55441
-2.34804,564.668,12.5948,64.0674,3.81511
-2.18627,532.54,11.9553,60.7457,3.83505
-0.919413,500.065,11.8067,59.4651,3.99678
0.787315,518.944,13.1038,65.2321,4.23148
-4.10502,563.172,11.7028,60.2742,3.60813
-4.16312,568.013,11.7756,60.6744,3.60157
-4.18923,549.09,11.3712,58.6019,3.59863
-1.74306,521.977,11.9273,60.4164,3.89049
-2.93714,597.5,13.0158,66.4838,3.74379
-1.1969,513.894,12.0004,60.5569,3.96049
-3.58832,595.878,12.6442,64.8838,3.66723
-2.27883,581.735,13.0114,66.1549,3.82362
0.420034,500.252,12.4514,62.1392,4.17923
-3.85939,521.215,10.9393,56.2433,3.63605
-1.35212,500.561,11.6173,58.6864,3.9404
0.773064,568.684,14.3518,71.4515,4.22943
-1.18046,519.79,12.1461,61.2848,3.96262
-1.05242,575.702,13.5211,68.1622,3.97932
-1.05796,530.5,12.4567,62.7989,3.97859
-3.35786,582.154,12.4685,63.8776,3.69406
-3.66494,508.678,10.7605,55.2476,3.65838
-2.93003,593.489,12.9321,66.0531,3.74464
-1.6097,588.708,13.5238,68.4396,3.90741
-4.38233,519.16,10.6674,55.0506,3.57699
-1.2613,535.99,12.4845,63.0275,3.95213
-1.79099,538.015,12.2703,62.1746,3.88444
-4.62529,526.063,10.7029,55.3301,3.55003
0.532294,509.769,12.7442,63.5521,4.1951
-2.77137,551.303,12.0897,61.6814,3.76365
-4.1929,516.07,10.6858,55.071,3.59822
-1.37717,505.306,11.7157,59.194,3.93718
-4.08729,562.229,11.6916,60.209,3.61014
1.89644,581.182,15.3234,75.7133,4.39547
-0.291316,558.17,13.5098,67.7493,4.0808
-3.85524,561.934,11.7959,60.6456,3.63653
-3.59957,572.823,12.1495,62.3501,3.66593
0.240348,526.55,13.0139,65.0257,4.15403
-1.85699,519.429,11.8153,59.8966,3.87613
-0.0228446,560.172,13.7023,68.5889,4.11753
-2.16002,580.315,13.0415,66.2527,3.8383
1.5528,529.457,13.7745,68.2172,4.34363
1.36403,506.197,13.073,64.8252,4.31556
-1.11206,547.207,12.8215,64.6619,3.97153
-1.97165,558.338,12.6424,64.1406,3.86175
-4.19587,573.025,11.8637,61.1428,3.59789
-0.924015,528.951,12.4864,62.8906,3.99617
-2.64226,573.433,12.6403,64.4321,3.77924
-4.3341,507.257,10.4433,53.8754,3.58238
-0.32008,569.974,13.7798,69.1173,4.07689
-1.20177,553.956,12.9335,65.2674,3.95985
1.52143,586.415,15.2377,75.4797,4.33895
-3.39214,589.629,12.6111,64.624,3.69005
-3.23044,506.224,10.898,55.7819,3.70902
-3.94789,517.867,10.8301,55.7172,3.62596
0.930113,530.657,13.4746,67.013,4.25206
-3.01712,572.781,12.4372,63.5644,3.73426
-4.17549,550.662,11.4101,58.7966,3.60018
1.21814,517.035,13.2771,65.9026,4.29405
0.769595,585.506,14.7743,73.5568,4.22894
-3.49623,541.574,11.5347,59.1519,3.67792
-4.34174,573.633,11.8061,60.9095,3.58152
-1.76014,501.09,11.4422,57.9663,3.88834
1.08331,522.321,13.3425,66.2873,4.27431
-3.37771,562.736,12.0429,61.7061,3.69174
-0.567444,500.32,11.9783,60.1835,4.04353
0.697475,551.858,13.886,69.1681,4.21861
-3.94912,529.299,11.0686,56.9448,3.62582
-2.97966,526.218,11.4434,58.4697,3.73872
-1.20459,550.149,12.8432,64.8129,3.95949
-0.946327,505.823,11.9299,60.0969,3.99323
-1.41293,593.17,13.7334,69.4054,3.93258
-2.9695,502.713,10.9367,55.8769,3.73993
-1.32312,535.043,12.4319,62.7888,3.94414
-1.96592,588.803,13.3352,67.6531,3.86247
-0.12565,597.652,14.5601,72.9338,4.1034
1.85971,540.979,14.2431,70.3927,4.38988
1.31623,585.886,15.1028,74.915,4.30849
-4.35858,541.373,11.1345,57.4517,3.57964
0.840324,545.548,13.8042,68.6939,4.2391
-1.31431,566.824,13.1749,66.5376,3.94528
-4.36702,564.331,11.6028,59.8712,3.5787
-1.62054,542.105,12.4478,62.9994,3.90603
-3.65573,551.183,11.664,59.8824,3.65944
-4.72126,558.182,11.312,58.5196,3.53947
0.532819,564.473,14.1121,70.3732,4.19517
-3.17558,539.682,11.644,59.5771,3.71548
-4.33381,519.301,10.6914,55.1551,3.58241
-2.13938,533.61,12.0018,60.962,3.84086
-4.19807,539.926,11.1774,57.6069,3.59764
1.25429,574.378,14.7705,73.2971,4.29936
-4.20862,578.001,11.9605,61.6475,3.59645
-2.88084,523.358,11.4265,58.3429,3.75052
-3.9324,553.405,11.5806,59.5716,3.62772
-0.628672,537.661,12.8412,64.546,4.03534
-0.605184,594.453,14.2108,71.4187,4.03848
-4.24529,506.68,10.4691,53.9743,3.59233
1.245,554.231,14.2472,70.7049,4.29799
-0.0157347,527.369,12.9036,64.5874,4.11851
0.564619,584.699,14.636,72.9698,4.19968
1.43081,591.983,15.3283,75.9745,4.32546
-2.41838,596.277,13.2624,67.4968,3.80649
1.59621,507.809,13.2336,65.5195,4.35013
-3.28612,508.306,10.9183,55.9076,3.70247
-0.917822,508.961,12.0175,60.5261,3.99698
-1.54283,515.357,11.8703,60.0441,3.91594
0.706574,582.314,14.6576,73.0068,4.21991
-0.134939,579.023,14.1011,70.6391,4.10213
-1.24466,507.304,11.8241,59.6869,3.95429
-0.569923,534.121,12.7863,64.2442,4.0432
-4.44119,590.715,12.1086,62.5148,3.57043
-0.26144,562.001,13.6185,68.2807,4.08486
0.343548,592.56,14.7048,73.423,4.16848
-3.57086,502.448,10.6692,54.7422,3.66926
-0.305245,579.076,14.0081,70.255,4.0789
-0.189544,581.892,14.1405,70.8631,4.09466
-3.0462,579.958,12.5784,64.2988,3.7308
-3.44433,553.555,11.8146,60.565,3.68396
1.95777,568.692,15.0298,74.232,4.40482
1.68932,587.227,15.3588,75.9935,4.36411
-1.68212,564.649,12.9337,65.4866,3.89821
-4.13552,548.839,11.3908,58.6804,3.60469
-3.16447,533.901,11.5245,58.9607,3.71679
-0.962718,577.32,13.6073,68.5546,3.99108
1.42082,506.237,13.1029,64.949,4.32397
-1.92711,553.201,12.5484,63.6438,3.86733
-3.8065,563.508,11.8523,60.9145,3.6421
1.63403,532.394,13.8947,68.7751,4.3558
-3.87027,535.049,11.2247,57.7152,3.63481
1.90549,541.451,14.2809,70.5578,4.39685
-0.125251,543.342,13.2372,66.307,4.10346
-3.7228,503.591,10.628,54.5897,3.65171
-1.6506,581.649,13.3399,67.5282,3.90221
-2.92536,580.524,12.652,64.6201,3.74519
-3.81083,529.122,11.1271,57.1891,3.64161
-0.225526,545.199,13.2301,66.3169,4.08975
-0.89283,595.841,14.0828,70.9159,4.00028
-2.55313,531.632,11.7609,59.9117,3.79005
-0.619945,521.472,12.4589,62.6204,4.03651
0.785805,594.951,15.0222,74.7825,4.23126
-0.222923,561.362,13.6237,68.2886,4.09011
1.92257,570.566,15.0588,74.3927,4.39945
-4.07171,519.311,10.8059,55.6419,3.6119
0.6926,512.652,12.897,64.244,4.21791
-0.872659,501.241,11.8564,59.6962,4.00294
1.92318,559.552,14.7685,72.958,4.39954
-0.66514,521.134,12.4286,62.4876,4.03047
1.00507,592.614,15.092,75.0185,4.26293
-0.589204,547.248,13.0906,65.7817,4.04062
-0.811494,573.82,13.6061,68.4768,4.01102
0.797589,531.314,13.4216,66.8092,4.23295
-0.930504,579.999,13.688,68.9455,3.99532
-3.59667,558.884,11.8552,60.8387,3.66627
-4.26143,525.259,10.8459,55.9232,3.59052
-0.660558,553.519,13.2033,66.3807,4.03108
0.498377,521.224,13.0133,64.9088,4.19029
-3.95159,557.455,11.6563,59.969,3.62553
-2.9518,504.643,10.9865,56.1243,3.74204
-4.66282,540.014,10.9699,56.7259,3.5459
1.69086,544.946,14.2538,70.5253,4.36434
0.576285,529.887,13.27,66.1543,4.20134
1.81249,516.519,13.5742,67.1082,4.38272
-2.54613,594.783,13.1616,67.044,3.7909
0.073996,528.806,12.9845,64.9525,4.1309
-2.0363,579.512,13.088,66.4314,3.85368
1.12291,583.865,14.9377,74.1926,4.2801
-3.7377,556.932,11.7466,60.3419,3.65
-0.603419,594.188,14.2055,71.391,4.03872
-3.34196,529.855,11.3556,58.1697,3.69592
1.31801,578.195,14.9056,73.9358,4.30875
-4.76834,517.284,10.4631,54.1461,3.5343
0.0084693,560.958,13.7385,68.7551,4.12185
0.774431,564.539,14.2479,70.9339,4.22963
-0.519107,582.442,13.9711,70.1724,4.05002
-3.95687,501.707,10.4883,53.9623,3.62493
-1.61081,571.75,13.1336,66.4658,3.90727
-1.46385,572.61,13.2305,66.8879,3.92604
1.00602,564.796,14.384,71.4992,4.26307
0.546767,524.262,13.114,65.3896,4.19715
-2.30128,528.85,11.8179,60.0962,3.82086
-1.4561,510.794,11.8059,59.6821,3.92703
-0.0872536,592.321,14.4521,72.3736,4.10867
1.65441,593.755,15.5085,76.7521,4.35886
-2.42007,538.451,11.9754,60.9477,3.80628
-0.455639,530.995,12.769,64.1067,4.05856
-2.63401,515.791,11.3735,57.9712,3.78024
-0.71321,506.099,12.0471,60.5896,4.02407
-3.62811,519.211,10.9997,56.4609,3.66263
0.620685,562.677,14.1157,70.349,4.20765
-2.65105,526.289,11.597,59.1177,3.77817
-4.22684,588.888,12.1768,62.7703,3.5944
-1.35332,571.126,13.2543,66.9569,3.94025
-4.44293,513.658,10.5284,54.3568,3.57024
-2.63984,506.015,11.1553,56.8615,3.77953
-4.48994,559.691,11.45,59.1348,3.56501
-2.47019,555.983,12.3405,62.828,3.80016
-2.98349,525.292,11.4215,58.3594,3.73826
-4.76523,532.826,10.7788,55.7788,3.53464
-3.68269,575.006,12.1548,62.4146,3.65633
1.53677,589.816,15.3352,75.9549,4.34124
-4.51823,596.852,12.1962,63.0014,3.56188
-2.95536,553.381,12.0459,61.5375,3.74161
-3.99389,553.902,11.5621,59.5027,3.62072
-2.66825,593.398,13.0668,66.6181,3.77609
1.47735,579.609,15.0351,74.4979,4.33238
-3.76785,576.524,12.145,62.4018,3.64654
-0.326218,585.764,14.1581,71.0178,4.07606
-0.746956,529.973,12.5985,63.3778,4.01958
-0.00428407,503.157,12.3167,61.645,4.12009
-2.07141,510.578,11.515,58.4616,3.84931
-0.914415,551.617,13.0264,65.6062,3.99743
-4.93099,583.852,11.7315,60.781,3.51654
-4.38623,531.891,10.9273,56.3933,3.57656
-3.42471,538.02,11.4922,58.9038,3.68625
1.68095,522.929,13.6726,67.6545,4.36285
-0.0203475,592.816,14.5023,72.5919,4.11787
-2.68722,574.014,12.6303,64.4015,3.7738
-2.61647,550.833,12.1547,61.9457,3.78236
-3.45621,500.79,10.6833,54.7702,3.68258
-1.04067,515.487,12.1125,61.0563,3.98086
0.540273,550.405,13.7645,68.6358,4.19623
-1.76217,524.789,11.9824,60.7037,3.88808
-2.57528,504.913,11.1599,56.859,3.78736
-0.496942,589.433,14.1512,71.0661,4.053
-0.663436,514.934,12.2815,61.7476,4.0307
0.0806292,576.835,14.1675,70.8671,4.13182
1.74572,528.581,13.8552,68.5281,4.37262
-4.95685,557.313,11.1864,57.9677,3.51372
-2.62055,571.494,12.6086,64.2605,3.78187
-0.889074,534.941,12.6453,63.6755,4.00077
1.6876,521.033,13.6266,67.4235,4.36385
-3.63943,513.775,10.8795,55.8486,3.66132
-0.570074,552.053,13.2155,66.4008,4.04318
-0.0377546,547.62,13.3875,67.0195,4.11548
-0.895041,555.974,13.1394,66.1663,3.99999
-0.00746426,585.027,14.319,71.6681,4.11965
-4.06937,507.151,10.5539,54.3432,3.61216
1.72185,552.785,14.4762,71.6111,4.36901
-3.45859,565.954,12.0723,61.8922,3.6823
0.15305,531.428,13.0895,65.4424,4.14187
1.02135,596.972,15.2126,75.6099,4.26529
-2.61801,567.384,12.5192,63.8037,3.78218
0.526505,594.613,14.862,74.1156,4.19428
0.733905,500.739,12.6177,62.835,4.22382
1.07186,532.564,13.5981,67.5623,4.27264
-2.50769,572.081,12.6788,64.567,3.79558
-3.68546,529.101,11.1832,57.4264,3.65601
-0.764852,560.691,13.3193,67.0121,4.01721
-2.53322,595.16,13.1768,67.1151,3.79247
-1.3335,588.825,13.6758,69.0767,3.9428
0.0509323,521.049,12.7824,63.9518,4.12771
-4.91472,534.852,10.754,55.7103,3.51831
-3.02707,563.539,12.2317,62.5182,3.73307
-4.15457,588.838,12.2115,62.9169,3.60254
-0.574095,542.021,12.9733,65.1856,4.04264
-1.79482,561.518,12.8044,64.8825,3.88396
1.64185,577.798,15.0843,74.6593,4.35697
-4.54502,566.797,11.5694,59.7752,3.55891
-0.98451,592.541,13.9541,70.312,3.98822
-4.67696,567.975,11.5313,59.6348,3.54434
0.81235,534.203,13.5023,67.2045,4.23508
-0.846443,532.187,12.6015,63.436,4.0064
-0.306841,526.343,12.7316,63.854,4.07869
1.60903,567.006,14.7837,73.1874,4.35205
-3.63316,572.69,12.1301,62.2658,3.66205
-0.0251292,528.178,12.9186,64.6666,4.11722
-4.95707,522.892,10.4954,54.3871,3.5137
-3.74183,552.735,11.6562,59.879,3.64953
1.99982,523.251,13.8515,68.3929,4.41125
-0.441644,592.162,14.2478,71.524,4.06045
1.30635,504.505,13,64.4885,4.30703
-3.65794,510.264,10.7971,55.4327,3.65919
-0.514217,559.126,13.4144,67.3741,4.05068
-1.01094,559.401,13.1598,66.3221,3.98475
-3.02292,506.971,11.0057,56.2503,3.73357
0.123435,587.74,14.4596,72.3073,4.13776
-1.4849,572.73,13.2222,66.8556,3.92334
0.22619,551.036,13.6115,68.0183,4.15205
1.2755,534.11,13.7463,68.2049,4.30248
-1.76671,528.046,12.0546,61.0713,3.88751
-1.26377,532.408,12.3998,62.6013,3.95182
-0.340176,593.168,14.3292,71.8828,4.07417
-4.4835,576.211,11.791,60.8934,3.56573
1.39423,571.256,14.7705,73.228,4.32003
-4.7031,577.118,11.7045,60.5417,3.54146
1.54388,506.627,13.176,65.2571,4.3423
-2.39507,541.407,12.0532,61.3329,3.80934
0.733686,529.146,13.3334,66.3993,4.22379
0.305545,521.998,12.9344,64.6,4.16315
1.15861,516.109,13.2226,65.6583,4.28532
-2.66729,529.569,11.6617,59.4542,3.77621
-1.20332,541.212,12.6352,63.7627,3.95965
-3.04209,501.701,10.8829,55.6302,3.73129
-4.52705,558.606,11.4105,58.9469,3.5609
1.8228,564.55,14.8424,73.3729,4.38428
-1.66434,592.499,13.5813,68.7568,3.90047
1.57897,507.902,13.2272,65.4952,4.34755
-2.059,547.096,12.3447,62.6686,3.85085
-1.88263,535.624,12.1712,61.7119,3.87291
-4.86359,513.847,10.3533,53.6145,3.52388
-0.795552,571.58,13.5615,68.245,4.01314
-4.43804,561.199,11.5051,59.3974,3.57078
-1.30943,501.878,11.6676,58.9232,3.94591
-3.68158,558.964,11.8163,60.6755,3.65646
-2.72335,526.013,11.5574,58.9455,3.76944
-4.54004,599.854,12.2466,63.2719,3.55946
-4.01936,507.505,10.5827,54.4722,3.61783
-1.55586,523.378,12.0488,60.9525,3.91427
-0.858685,509.022,12.0471,60.6505,4.00478
1.65803,582.363,15.213,75.2882,4.35941
-1.14019,502.884,11.7698,59.3697,3.96786
0.576015,579.772,14.5192,72.3817,4.2013
0.154009,576.731,14.2058,71.0234,4.142
1.82955,590.194,15.5207,76.7223,4.3853
0.736293,509.88,12.8493,63.9871,4.22416
-2.4079,594.432,13.2269,67.3113,3.80777
-2.9707,594.717,12.9377,66.1005,3.73978
-0.331844,528.578,12.7731,64.0729,4.0753
-3.59509,582.617,12.3594,63.4255,3.66645
1.18758,552.1,14.1607,70.3027,4.28956
-2.60994,592.392,13.0752,66.6336,3.78315
0.681662,568.501,14.2959,71.2176,4.21635
-1.04724,578.087,13.5799,68.4561,3.98
1.69108,506.293,13.2429,65.5234,4.36438
-3.77077,515.139,10.8506,55.7522,3.6462
-4.78553,566.272,11.446,59.2397,3.53242
-4.14327,583.236,12.1009,62.3419,3.60381
-0.690919,524.648,12.4996,62.856,4.02704
-2.21424,574.016,12.872,65.4163,3.83159
-1.99689,588.2,13.3051,67.5149,3.8586
-0.687768,572.831,13.6493,68.6357,4.02746
-0.471668,509.742,12.2502,61.5087,4.0564
1.57664,574.118,14.9503,74.0283,4.3472
-2.57292,591.883,13.0834,66.658,3.78765
-3.48102,527.265,11.2369,57.6182,3.67969
-4.61977,553.612,11.2659,58.2385,3.55064
-3.96969,531.751,11.1106,57.1693,3.62348
-4.28327,552.441,11.397,58.7743,3.58807
-3.58803,509.366,10.8086,55.4642,3.66727
-4.56384,554.606,11.3119,58.4526,3.55682
-3.03456,559.602,12.1426,62.066,3.73218
-4.08225,505.163,10.507,54.1069,3.61071
-0.686835,561.219,13.3731,67.2464,4.02758
-2.7357,599.889,13.174,67.1967,3.76795
-2.59608,573.253,12.6598,64.5105,3.78484
-1.99813,519.578,11.7523,59.6359,3.85844
0.444005,525.51,13.0924,65.3274,4.18261
-1.27005,529.424,12.3273,62.2376,3.951
-2.0921,507.437,11.4347,58.0623,3.84673
1.60509,576.982,15.0415,74.4657,4.35146
-2.11875,541.044,12.179,61.8533,3.84342
-1.13617,581.53,13.6126,68.6636,3.96839
-3.72423,569.306,12.0141,61.7103,3.65155
-4.86963,574.72,11.5769,59.9538,3.52322
-4.93918,547.771,11.0028,57.0091,3.51565
0.514681,594.671,14.8565,74.0943,4.1926
0.86786,518.869,13.1432,65.3927,4.24307
0.648968,536.809,13.4817,67.1764,4.21168
-3.67905,521.948,11.0349,56.6622,3.65675
-2.73079,580.905,12.7596,65.0807,3.76854
-2.28837,554.998,12.4087,63.0945,3.82245
-0.0284371,568.928,13.9135,69.6484,4.11676
-3.26298,598.025,12.8575,65.8263,3.70519
-1.62878,501.292,11.5069,58.2406,3.90498
-3.19843,551.98,11.8984,60.8885,3.71279
-0.449493,507.167,12.1989,61.2422,4.05939
0.531217,554.119,13.8524,69.0787,4.19494
0.766841,556.046,14.0294,69.8495,4.22854
1.30264,515.399,13.2788,65.8732,4.30649
0.47791,586.035,14.6197,72.9313,4.1874
1.86503,590.906,15.5608,76.9025,4.39069
0.225744,576.484,14.2398,71.1585,4.15199
0.705193,528.586,13.3045,66.2678,4.21971
-4.26846,581.251,11.9986,61.87,3.58973
1.23346,574.739,14.7678,73.2938,4.2963
0.905684,537.711,13.6407,67.8503,4.24853
0.639897,544.454,13.6689,68.1131,4.21039
-0.172833,516.253,12.5537,62.9038,4.09695
-4.98659,531.735,10.66,55.252,3.51049
-3.61053,527.147,11.1757,57.3574,3.66466
-1.97018,541.458,12.2609,62.2045,3.86193
-3.71657,576.724,12.1745,62.5303,3.65243
-3.05794,502.591,10.8953,55.6997,3.72941
-0.576925,594.117,14.2186,71.4442,4.04226
-2.98138,592.298,12.8795,65.8084,3.73851
-0.331435,585.83,14.1568,71.0138,4.07535
0.516648,522.104,13.0446,65.0568,4.19288
-1.05549,534.675,12.556,63.2983,3.97892
-2.84147,526.697,11.5176,58.7917,3.75523
1.58747,535.212,13.943,69.0357,4.34882
-3.46163,562.239,11.9916,61.4797,3.68195
-0.186092,516.676,12.5574,62.9281,4.09513
-3.18743,592.407,12.7755,65.3718,3.71408
-0.813926,569.115,13.4932,67.91,4.0107
-0.149134,587.493,14.2994,71.6393,4.10019
1.89244,563.063,14.8434,73.3434,4.39486
-2.83288,590.26,12.9121,65.9056,3.75626
-1.99785,586.023,13.2554,67.2629,3.85848
-0.098523,561.462,13.6931,68.5779,4.10712
-3.38136,582.858,12.4717,63.9048,3.69131
-4.83928,560.993,11.3144,58.5815,3.52654
-1.83444,570.469,12.988,65.8309,3.87896
-4.15055,561.675,11.6501,60.0226,3.60299
-2.22949,551.648,12.3629,62.8357,3.82971
-4.14779,578.837,12.0075,61.8624,3.6033
-2.18206,583.837,13.1091,66.6062,3.83557
-3.73435,529.094,11.161,57.3321,3.65039
1.75734,533.045,13.9786,69.1327,4.37437
-1.21281,549.176,12.8163,64.6808,3.95842
-0.501314,595.234,14.288,71.7553,4.05241
-1.69319,540.338,12.3714,62.6443,3.89681
1.82163,597.919,15.719,77.7067,4.3841
-0.251051,544.032,13.1885,66.12,4.08627
-3.10484,582.025,12.5934,64.4025,3.72385
1.12635,575.793,14.7332,73.175,4.2806
1.35739,503.192,12.992,64.4265,4.31457
-1.38046,502.652,11.6527,58.8768,3.93675
-4.90014,589.991,11.8698,61.4838,3.51989
1.40746,507.071,13.1177,65.028,4.32199
-3.26341,534.886,11.4998,58.8756,3.70514
-4.30878,524.229,10.8038,55.7252,3.58521
-1.91211,543.213,12.3292,62.5255,3.86921
1.73557,567.953,14.8814,73.6085,4.37108
-0.768374,566.15,13.4472,67.6568,4.01674
-4.90101,571.993,11.5073,59.6064,3.5198
-2.72153,536.804,11.7953,60.1584,3.76966
-4.61815,502.635,10.2292,52.8787,3.55082
0.800475,544.353,13.7525,68.4551,4.23337
0.686698,555.947,13.983,69.6563,4.21707
-0.0915967,529.956,12.9282,64.7443,4.10808
-0.150192,560.562,13.6433,68.3529,4.10004
-1.98261,587.699,13.3014,67.4892,3.86038
-3.30205,534.687,11.4776,58.7781,3.7006
-0.662707,509.875,12.1612,61.1424,4.0308
-0.915757,514.756,12.1553,61.2194,3.99726
-3.32864,506.429,10.8594,55.6225,3.69748
-3.47931,529.726,11.2901,57.8905,3.67989
1.77787,561.065,14.7251,72.8147,4.37748
-2.45251,557.279,12.3781,63.0112,3.80232
-0.449219,591.251,14.2216,71.3963,4.05942
-2.16553,598.976,13.4579,68.3707,3.83762
-4.83106,569.939,11.4987,59.5322,3.52743
1.36261,562.769,14.5331,72.0666,4.31534
0.274621,533.734,13.2092,65.9862,4.15882
-3.86526,545.044,11.4367,58.8031,3.63538
-3.83859,531.212,11.1585,57.3619,3.63843
1.66568,593.412,15.5063,76.7355,4.36055
-3.50688,520.435,11.0797,56.8229,3.67668
-4.7726,566.312,11.4528,59.2696,3.53383
-2.3537,529.468,11.807,60.0624,3.81442
-1.61876,589.705,13.5418,68.5352,3.90626
-1.47817,524.124,12.1033,61.1953,3.92421
-4.3364,593.337,12.2143,63.013,3.58212
1.8379,590.931,15.5451,76.8387,4.38657
-4.64355,597.283,12.1428,62.7824,3.54802
-0.624719,528.744,12.6302,63.4838,4.03587
-2.38941,594.946,13.2482,67.4106,3.81004
-2.28515,506.318,11.3217,57.5664,3.82285
-3.04524,525.935,11.4071,58.3113,3.73092
-3.53308,539.551,11.4745,58.8587,3.67364
-2.33613,587.971,13.1208,66.7377,3.81657
-4.34216,593.84,12.2218,63.0543,3.58148
-3.87097,537.303,11.2716,57.9569,3.63473
1.84416,515.788,13.5717,67.0814,4.38752
-3.19262,521.057,11.2345,57.4885,3.71347
-0.804673,578.419,13.7188,69.041,4.01193
1.39464,554.624,14.3407,71.0969,4.32009
-2.47982,516.889,11.4684,58.3916,3.79898
-3.34719,514.451,11.0231,56.4687,3.69531
-3.61683,510.236,10.8144,55.5057,3.66394
-1.2959,519.97,12.0947,61.0744,3.94766
1.60106,563.527,14.6884,72.7198,4.35085
-0.867575,591.11,13.985,70.4109,4.00361
-2.42827,501.958,11.1601,56.8016,3.80528
-1.38028,538.899,12.4931,63.1228,3.93677
-0.995489,537.27,12.6469,63.7305,3.98678
-3.89715,596.015,12.4901,64.2338,3.63174
-4.03199,546.444,11.3888,58.6268,3.6164
-3.81612,593.068,12.4691,64.0893,3.641
0.305096,504.014,12.4886,62.3736,4.16308
-1.48274,559.764,12.924,65.3467,3.92362
1.58614,522.68,13.6158,67.4163,4.34862
0.727471,567.412,14.2942,71.1866,4.2229
-3.09782,533.217,11.5406,59.0156,3.72468
-0.651753,528.316,12.6065,63.3764,4.03226
-2.58674,556.414,12.2925,62.6349,3.78597
-2.94147,505.904,11.0186,56.2838,3.74327
0.762138,547.17,13.8029,68.7241,4.22787
-3.55819,544.841,11.5753,59.386,3.67072
-4.66134,598.141,12.1515,62.835,3.54606
0.367549,533.145,13.2428,66.1124,4.17185
1.62417,574.778,14.9952,74.2268,4.35432
1.1561,558.072,14.2963,70.9911,4.28495
-3.89808,501.819,10.5157,54.0805,3.63163
1.17752,552.501,14.1654,70.331,4.28809
-1.05128,586.289,13.7703,69.4182,3.97947
-3.6747,551.404,11.6597,59.8686,3.65725
-4.9301,597.109,11.9983,62.1629,3.51663
-4.27344,569.567,11.755,60.6162,3.58917
-1.60295,532.389,12.2333,61.9061,3.90827
-1.79454,560.676,12.7853,64.7859,3.88399
-0.624572,576.842,13.7792,69.259,4.03589
-3.57347,530.862,11.2713,57.833,3.66895
-0.855169,581.324,13.7602,69.2733,4.00525
-0.448651,585.34,14.0797,70.6839,4.0595
1.48302,546.499,14.1793,70.255,4.33322
-1.99323,568.636,12.8645,65.2772,3.85905
-3.10458,590.91,12.7858,65.3863,3.72388
0.29311,527.436,13.0628,65.2467,4.16141
-4.46666,522.603,10.7014,55.2594,3.5676
0.977013,533.825,13.5799,67.5152,4.25886
-3.81591,551.34,11.5919,59.5805,3.64103
-0.667225,566.063,13.499,67.8702,4.03019
-0.73858,555.398,13.2073,66.4365,4.0207
-1.1133,538.173,12.6092,63.5919,3.97137
-0.298832,597.95,14.4683,72.5599,4.07978
1.68909,511.232,13.371,66.1584,4.36408
-2.77771,564.222,12.3699,63.1136,3.76289
-2.47116,598.628,13.2866,67.6448,3.80004
0.929545,509.902,12.9473,64.3908,4.25198
-0.202223,554.332,13.4641,67.479,4.09293
-4.34401,521.229,10.7266,55.341,3.58127
-4.8666,503.309,10.1397,52.5096,3.52355
-0.41763,521.811,12.567,63.076,4.06369
-1.10301,506.227,11.8655,59.8372,3.97271
0.987232,561.829,14.298,71.0805,4.26034
-4.40769,569.777,11.6954,60.3666,3.57416
0.19152,512.034,12.6309,63.133,4.14722
-1.95814,555.529,12.5856,63.8463,3.86344
1.45824,576.729,14.9492,74.0821,4.32953
-4.75409,566.347,11.4622,59.3101,3.53586
-0.900669,565.568,13.3632,67.2955,3.99924
1.25858,569.813,14.6555,72.7244,4.29999
-0.876895,505.623,11.958,60.2097,4.00238
-4.51649,511.278,10.4483,53.9717,3.56207
-2.68277,597.694,13.1537,67.0682,3.77434
-1.42378,534.161,12.3618,62.4786,3.93118
-1.11569,562.165,13.17,66.4216,3.97105
-2.28267,559.205,12.5056,63.5847,3.82315
-2.82662,559.728,12.2473,62.5095,3.75702
-4.78673,565.663,11.4331,59.1736,3.53228
0.607528,539.25,13.5211,67.3914,4.20578
-3.295,535.437,11.497,58.8743,3.70143
-4.16918,567.299,11.7579,60.5858,3.60089
-2.69556,580.61,12.7712,65.1237,3.77279
-4.54038,536.924,10.9617,56.6335,3.55942
-4.28664,561.58,11.584,59.7398,3.58769
-1.44561,589.317,13.6264,68.8806,3.92838
-2.9747,523.053,11.3769,58.1276,3.73931
1.40369,500.311,12.9409,64.1532,4.32143
-0.971916,566.404,13.3452,67.2382,3.98987
-2.36437,580.744,12.9449,65.8559,3.81311
0.453632,546.629,13.6237,67.9739,4.18397
1.39128,567.463,14.6707,72.7349,4.31959
-0.508788,542.671,13.0224,65.4029,4.05141
0.59036,510.26,12.7856,63.733,4.20334
1.52761,558.808,14.5239,71.9406,4.33987
-3.65032,525.113,11.1147,57.0603,3.66007
-4.85603,581.664,11.7233,60.7059,3.52471
-3.53834,502.391,10.682,54.7954,3.67303
-4.44153,522.72,10.7147,55.3183,3.57039
-4.52721,532.505,10.8773,56.1922,3.56088
-0.935367,595.257,14.0453,70.7479,3.99468
0.709511,572.584,14.4143,71.7938,4.22033
-4.23005,543.199,11.2306,57.8941,3.59404
1.45104,591.25,15.3213,75.9298,4.32846
-1.28703,581.962,13.5414,68.3757,3.94881
-2.3476,556.4,12.4106,63.1303,3.81516
0.365821,583.325,14.4883,72.3308,4.1716
0.521201,504.733,12.6129,62.9017,4.19353
-3.38878,545.685,11.6728,59.8144,3.69044
-0.447792,540.715,13.0068,65.2969,4.05962
1.37866,509.13,13.1562,65.2315,4.31772
-3.33461,566.901,12.1532,62.252,3.69678
-4.19117,580.517,12.0211,61.9519,3.59842
-0.396185,591.002,14.2454,71.4897,4.06658
-1.71655,540.429,12.362,62.6067,3.89385
-0.572241,532.987,12.758,64.1029,4.04289
-0.436554,554.711,13.3493,67.0116,4.06113
1.92597,501.446,13.2363,65.3876,4.39997
0.826894,560.192,14.1673,70.5071,4.23717
-3.01067,573.224,12.4501,63.6272,3.73502
-3.39755,542.54,11.6014,59.4523,3.68942
-1.48742,522.72,12.0665,61.0128,3.92302
-3.31612,536.872,11.518,58.9907,3.69895
-1.98924,589.7,13.3431,67.7042,3.85955
-0.436945,538.617,12.9618,65.0666,4.06108
0.912032,541.936,13.7513,68.3974,4.24945
-3.8313,551.061,11.5788,59.5197,3.63926
-2.79832,566.931,12.419,63.3733,3.76041
-0.273417,568.033,13.7582,68.9867,4.08323
-1.82455,526.3,11.9871,60.7537,3.88021
-1.04647,583.676,13.7116,69.1198,3.9801
-0.68806,553.635,13.1917,66.3351,4.02742
0.323122,585.115,14.5084,72.4524,4.16561
-4.01562,515.964,10.7607,55.387,3.61826
1.83196,587.895,15.4617,76.4293,4.38567
0.370915,535.549,13.3043,66.4177,4.17232
0.761505,585.614,14.7724,73.5512,4.22778
1.52329,523.22,13.5966,67.3496,4.33922
-0.740189,525.916,12.5055,62.9066,4.02048
1.09264,557.962,14.2581,70.8319,4.27568
1.97729,504.689,13.3484,65.919,4.4078
1.54785,587.411,15.2793,75.6722,4.34289
-0.0750552,528.021,12.8894,64.5426,4.11035
-4.04629,588.872,12.266,63.1487,3.61478
-1.47567,571.297,13.194,66.7085,3.92453
-4.54368,521.364,10.6426,54.9862,3.55905
-4.30454,585.533,12.0693,62.2506,3.58569
1.23132,593.234,15.2417,75.6472,4.29598
-2.44171,518.369,11.5188,58.6327,3.80364
-1.82626,537.48,12.2409,62.0408,3.87999
0.93424,553.584,14.059,69.9176,4.25266
0.00441507,557.159,13.6433,68.2805,4.12129
1.12144,503.127,12.8713,63.9301,4.27988
-3.32584,594.313,12.7453,65.2811,3.69781
-4.54457,595.786,12.1613,62.8333,3.55896
-1.30737,557.512,12.962,65.4594,3.94618
-2.17929,571.635,12.8365,65.2202,3.83592
-1.16663,532.934,12.46,62.863,3.96442
-1.22183,554.345,12.9323,65.2704,3.95725
-3.99655,591.698,12.3498,63.5573,3.62042
-1.31385,536.457,12.4693,62.9739,3.94534
-4.3738,576.063,11.8407,61.102,3.57794
-2.71199,503.263,11.0626,56.4173,3.77081
-3.15547,525.676,11.351,58.0697,3.71786
-4.59546,508.516,10.3585,53.5381,3.55333
1.11583,565.013,14.4514,71.7806,4.27906
-1.01287,536.098,12.6107,63.5553,3.9845
-0.301595,504.456,12.2047,61.2092,4.0794
1.67046,550.74,14.3939,71.2285,4.36127
-0.732226,523.464,12.4511,62.6296,4.02154
-2.71094,596.115,13.1042,66.8287,3.77094
-3.00318,522.69,11.3559,58.0324,3.73592
-3.43175,593.478,12.6731,64.9602,3.68543
-2.70026,510.329,11.2232,57.2317,3.77223
-3.78589,546.49,11.5039,59.1155,3.64447
-2.39977,577.943,12.8642,65.4617,3.80877
-2.12306,536.685,12.0788,61.3462,3.84289
0.354903,571.388,14.1857,70.8257,4.17007
-4.79891,541.594,10.9412,56.6326,3.53095
-3.77884,543.724,11.449,58.8301,3.64528
0.964896,593.426,15.0889,75.0239,4.2571
-3.28511,583.025,12.5238,64.128,3.70259
0.565218,558.897,13.9905,69.7511,4.19977
-0.360695,551.223,13.3052,66.7551,4.07139
1.80264,588.712,15.4656,76.4636,4.38122
1.9,568.46,14.9901,74.0643,4.39601
1.69484,595.179,15.5701,77.0362,4.36494
-0.0553141,582.792,14.2375,71.2833,4.11306
-0.494086,514.078,12.3434,61.9866,4.05338
-4.40263,548.46,11.2601,58.118,3.57473
-1.76978,521.762,11.9097,60.3384,3.88712
1.27991,560.438,14.4264,71.5772,4.30313
-2.19928,557.37,12.5062,63.5507,3.83344
-3.10817,520.162,11.2534,57.5509,3.72345
-3.08234,569.102,12.325,63.0197,3.72651
-3.8906,585.781,12.2789,63.1447,3.63249
-0.194495,566.04,13.7526,68.9216,4.09399
0.874997,575.968,14.5937,72.6056,4.2441
-2.76901,556.992,12.2156,62.3227,3.76394
-4.5156,528.944,10.8097,55.8382,3.56217
1.67237,575.999,15.0552,74.4998,4.36156
-2.91726,547.965,11.9463,61.0123,3.74616
-0.808287,523.37,12.4114,62.4629,4.01145
-1.93316,597.418,13.5481,68.7171,3.86657
-2.59156,520.046,11.4869,58.5315,3.78538
1.48128,502.14,13.0275,64.5489,4.33296
-2.51712,536.816,11.8927,60.568,3.79443
-1.41037,549.111,12.7146,64.2556,3.93291
-1.03315,510.399,11.9965,60.4685,3.98184
1.65944,527.514,13.781,68.2004,4.35962
-0.00587136,557.415,13.644,68.289,4.11987
-0.102297,550.985,13.4355,67.2899,4.10661
-2.90715,522.291,11.3912,58.1732,3.74737
-0.835005,593.102,14.0502,70.7235,4.00791
0.953235,501.972,12.7577,63.4379,4.25541
1.81468,540.476,14.205,70.2257,4.38305
-1.13654,511.047,11.9626,60.3407,3.96834
-4.51133,516.966,10.5667,54.5815,3.56264
-4.01908,558.418,11.6445,59.9374,3.61786
-3.40673,567.927,12.1398,62.2153,3.68835
-3.98629,513.025,10.7122,55.1255,3.62159
-0.553633,525.862,12.5967,63.2844,4.04538
-2.35429,570.023,12.711,64.6618,3.81434
-2.48804,576.371,12.7839,65.0935,3.79798
-3.30802,534.921,11.4799,58.7922,3.6999
-4.36309,570.318,11.7277,60.5143,3.57914
1.14806,580.533,14.867,73.8291,4.28377
-1.74466,561.626,12.8325,65.0022,3.89029
-3.36193,501.809,10.7459,55.0541,3.69358
-2.76507,554.802,12.1695,62.0858,3.76441
-0.0820599,586.625,14.316,71.6897,4.10938
-0.59707,596.879,14.2734,71.7291,4.03957
-0.193749,567.295,13.7835,69.0759,4.09409
-3.53658,528.374,11.2353,57.6327,3.67323
-4.32571,591.142,12.1744,62.8024,3.58332
-2.28042,596.474,13.3403,67.8275,3.82343
1.18246,571.671,14.6597,72.7828,4.28881
0.513972,549.38,13.7247,68.4497,4.1925
-4.33811,579.096,11.9203,61.4971,3.58193
1.25255,567.931,14.6037,72.4702,4.2991
-4.02209,552.827,11.5265,59.3313,3.61752
-3.41038,523.024,11.1783,57.2892,3.68792
0.741471,503.805,12.6987,63.2352,4.2249
-3.79922,505.98,10.6454,54.7091,3.64294
-1.74159,598.943,13.6868,69.3282,3.89068
1.04313,533.235,13.6,67.5848,4.26846
0.574952,530.435,13.2831,66.2199,4.20115
1.42396,550.721,14.256,70.6633,4.32444
1.4292,512.213,13.2619,65.7334,4.32522
-2.58326,505.739,11.1746,56.937,3.78639
0.825374,592.709,14.9887,74.5961,4.23695
1.03433,504.889,12.8726,63.9738,4.26718
1.45869,516.934,13.3995,66.4024,4.3296
0.950239,525.734,13.3601,66.4344,4.25498
-4.39908,546.122,11.2137,57.8771,3.57512
-3.24471,522.696,11.2462,57.5696,3.70734
-1.87054,549.195,12.4856,63.3007,3.87443
0.350194,505.845,12.5562,62.6917,4.16941
-2.63478,543.417,11.9823,61.0746,3.78014
-0.182124,554.301,13.474,67.5193,4.09568
-0.674056,589.255,14.0482,70.6352,4.02928
0.313519,590.345,14.6326,73.0773,4.16427
0.361815,517.004,12.839,64.0989,4.17104
-0.0938229,525.549,12.8196,64.2012,4.10777
-1.47839,599.571,13.8455,70.0037,3.92418
-4.73518,549.694,11.1337,57.6027,3.53794
-0.0325776,555.407,13.5806,67.984,4.11619
0.87153,546.99,13.8575,68.9449,4.2436
0.768745,523.934,13.2202,65.8197,4.22881
-4.07528,583.4,12.1378,62.5013,3.6115
-0.306028,536.957,12.9888,65.1433,4.0788
-4.82225,591.382,11.9356,61.7902,3.5284
-4.06459,571.058,11.8861,61.201,3.61271
-4.61426,560.15,11.4015,58.9371,3.55125
-2.12551,515.307,11.5965,58.8978,3.84258
-2.69145,532.285,11.7102,59.7114,3.77329
-0.553302,500.957,12.0003,60.2879,4.04543
-4.27225,531.912,10.9784,56.6111,3.5893
-1.86608,503.571,11.4504,58.0506,3.87499
0.789643,556.764,14.0601,69.9914,4.23181
1.12444,543.518,13.9063,69.0691,4.28032
1.8992,575.9,15.1858,75.0318,4.39589
-2.88789,586.667,12.8051,65.3851,3.74967
-4.49308,544.501,11.1378,57.5239,3.56467
-4.68324,576.576,11.7029,60.5251,3.54365
1.72443,510.742,13.3766,66.1701,4.3694
1.12562,590.75,15.1154,75.0741,4.28049
-1.24189,529.849,12.351,62.3451,3.95465
-1.12225,555.778,13.017,65.6528,3.9702
0.925501,501.79,12.7393,63.3581,4.25139
-2.64007,595.44,13.1266,66.9098,3.7795
-1.39236,515.048,11.9344,60.3052,3.93522
-4.94631,593.177,11.9114,61.7199,3.51487
1.22927,540.204,13.8781,68.8804,4.29568
-0.819708,580.499,13.76,69.2553,4.00994
1.45562,513.648,13.3128,65.9737,4.32914
-0.412806,520.002,12.5258,62.8672,4.06434
0.5225,542.959,13.5688,67.6683,4.19371
-4.9732,507.209,10.1739,52.7273,3.51195
-1.00683,520.469,12.246,61.7147,3.98529
-3.77915,593.492,12.4967,64.2143,3.64524
-0.976334,540.986,12.7441,64.2115,3.98929
-1.76068,562.632,12.8473,65.0843,3.88827
0.692307,501.037,12.6047,62.7878,4.21787
-2.37675,578.598,12.8907,65.5858,3.81159
-3.71895,553.192,11.6766,59.9742,3.65216
-3.91684,556.881,11.6607,59.9768,3.62949
-3.91781,553.211,11.5834,59.5796,3.62938
-0.951116,589.874,13.9096,70.072,3.9926
-4.50127,507.085,10.369,53.5564,3.56376
-0.854623,521.855,12.3528,62.1879,4.00532
-3.68345,520.743,11.0075,56.5231,3.65625
-4.28203,553.593,11.4214,58.8992,3.58821
-2.81159,553.697,12.1226,61.8667,3.75882
0.149427,594.83,14.649,73.2413,4.14137
0.104461,579.802,14.2537,71.2868,4.13512
-3.34124,573.972,12.3014,63.0146,3.696
-1.87191,521.609,11.8578,60.1184,3.87425
-4.99753,517.813,10.3763,53.7855,3.50931
-2.31897,522.271,11.6627,59.314,3.81868
-0.323902,538.223,13.0102,65.2589,4.07637
-4.49356,545.063,11.1491,57.5824,3.56461
0.369467,511.933,12.7169,63.486,4.17212
-2.00333,572.122,12.9381,65.6556,3.85779
-2.0548,522.118,11.7831,59.8157,3.85137
-2.48018,569.039,12.6253,64.2822,3.79894
1.75041,569.959,14.9426,73.9037,4.37333
-0.468057,523.945,12.5933,63.23,4.05689
-1.32263,512.606,11.9108,60.1568,3.94421
-3.90247,563.902,11.8146,60.7621,3.63113
-0.165498,529.301,12.8747,64.5089,4.09795
0.24939,571.142,14.121,70.5532,4.15529
-1.33586,567.671,13.1833,66.5899,3.9425
-2.0205,587.177,13.2695,67.3451,3.85565
0.148578,569.757,14.0311,70.1522,4.14125
1.49711,531.371,13.7944,68.3413,4.33532
-3.08156,595.369,12.8942,65.93,3.7266
1.45667,539.017,13.9709,69.2345,4.3293
-3.64781,558.822,11.8294,60.7283,3.66036
0.199056,581.466,14.3479,71.7114,4.14827
-4.8961,578.013,11.6307,60.2437,3.52033
-4.22297,574.184,11.8746,61.2109,3.59484
0.64615,571.311,14.3466,71.4875,4.21128
1.99223,540.113,14.2936,70.5796,4.41009
-1.1261,531.878,12.4553,62.8217,3.9697
-4.37277,513.536,10.5559,54.4717,3.57806
-1.38153,510.625,11.837,59.8086,3.93661
-3.6449,567.909,12.0232,61.7219,3.66069
-2.89813,525.712,11.47,58.5717,3.74845
-1.62819,578.248,13.2737,67.1828,3.90506
-0.207182,531.424,12.9051,64.6799,4.09225
1.96802,568.325,15.0261,74.2086,4.40639
-2.52439,518.907,11.4926,58.5333,3.79355
-0.0112672,564.9,13.8243,69.1938,4.11913
-1.09941,516.602,12.1104,61.0708,3.97318
-1.81037,556.898,12.6912,64.3158,3.882
-2.05262,577.856,13.0421,66.2059,3.85165
0.0998212,507.44,12.4725,62.3805,4.13448
0.194272,534.79,13.1936,65.9446,4.1476
-0.852371,534.513,12.6536,63.701,4.00562
0.961747,512.662,13.0338,64.8067,4.25664
-4.70385,540.356,10.9586,56.6838,3.54138
-1.9849,528.391,11.958,60.6739,3.86009
-4.33202,594.648,12.2435,63.1615,3.58261
-4.84714,512.681,10.3367,53.5224,3.52568
1.17063,567.603,14.5487,72.2373,4.28708
-4.44478,589.696,12.086,62.3994,3.57003
-0.505719,514.633,12.3511,62.0299,4.05182
-0.502633,541.9,13.0071,65.323,4.05223
-1.44727,527.011,12.185,61.5948,3.92817
1.41821,593.221,15.3528,76.1024,4.32359
0.832416,599.139,15.1555,75.4226,4.23796
-3.37229,575.709,12.3232,63.1401,3.69237
-1.66404,541.048,12.4021,62.7867,3.9005
1.07299,551.126,14.0727,69.9197,4.27281
-2.99232,567.202,12.3284,62.9972,3.73721
-0.187459,582.675,14.1607,70.9633,4.09495
-0.495371,570.83,13.7054,68.8267,4.05321
-0.289972,521.841,12.6311,63.3425,4.08098
-0.101595,573.116,13.9756,69.9944,4.1067
-3.01387,507.027,11.0109,56.2735,3.73464
1.63362,500.336,13.0579,64.6329,4.35574
-0.10564,529.235,12.9035,64.6267,4.10615
-2.80773,507.483,11.1125,56.7103,3.75928
1.30113,502,12.9328,64.1575,4.30626
-1.54507,596.557,13.7394,69.4996,3.91565
-1.86704,501.942,11.413,57.861,3.87486
-0.722927,529.228,12.5928,63.3385,4.02278
-0.857871,579.177,13.7079,69.0114,4.00489
1.18889,538.933,13.8237,68.629,4.28975
-3.79492,595.311,12.5271,64.3772,3.64343
-1.31002,556.261,12.9316,65.3069,3.94583
1.16656,593.533,15.2109,75.5274,4.28648
-3.46183,554.984,11.8368,60.6861,3.68192
1.26766,529.737,13.6296,67.6295,4.30133
0.609344,574.645,14.4096,71.819,4.20604
-1.94039,595.374,13.4978,68.4657,3.86566
-3.86271,513.559,10.7771,55.411,3.63567
-4.55184,599.713,12.2379,63.232,3.55815
-4.77014,595.801,12.0504,62.3611,3.5341
-0.818784,537.222,12.7346,64.0941,4.01006
-0.734002,597.858,14.2196,71.5263,4.0213
-0.308807,551.21,13.3321,66.8665,4.07842
0.0289981,541.257,13.2667,66.3847,4.12468
0.383545,529.14,13.1516,65.6498,4.1741
-3.32184,507.313,10.8813,55.7322,3.69828
-1.99507,529.381,11.9755,60.7672,3.85882
-1.1982,562.191,13.1276,66.2454,3.96032
0.406893,549.423,13.6682,68.2178,4.17738
0.899546,513.711,13.0287,64.8089,4.24764
-4.03166,517.559,10.787,55.5285,3.61644
-1.91235,510.488,11.5863,58.7583,3.86918
0.0787009,585.757,14.3855,71.9587,4.13155
-2.68846,579.859,12.7583,65.0547,3.77365
-0.0924039,553.931,13.5126,67.6715,4.10796
-0.332668,550.731,13.308,66.7564,4.07518
-0.0083077,547.535,13.4009,67.0734,4.11953
-4.83895,536.853,10.8277,56.0613,3.52657
-3.31324,509.819,10.9389,56.0235,3.69929
-2.13198,520.606,11.7128,59.4909,3.84178
-1.25587,509.5,11.87,59.9232,3.95284
-4.23855,553.641,11.4426,58.9902,3.59309
-3.72205,567.133,11.9693,61.4792,3.6518
-2.57134,586.199,12.9586,66.0214,3.78784
-1.93791,598.289,13.5652,68.8065,3.86597
-0.694581,544.671,12.9748,65.2471,4.02655
-1.90977,533.926,12.1195,61.4613,3.8695
-4.85141,542.993,10.946,56.6788,3.52521
-3.08046,568.008,12.3022,62.9024,3.72674
-4.40203,519.164,10.6589,55.0148,3.57479
-0.714039,582.728,13.8707,69.7616,4.02396
-0.174931,575.445,13.9919,70.1113,4.09666
-2.70821,549.73,12.0858,61.6342,3.77127
1.44942,519.111,13.4511,66.662,4.32822
-0.312642,513.844,12.4265,62.3258,4.0779
-3.77438,516.913,10.8864,55.9375,3.64579
-1.13068,573.129,13.4189,67.6839,3.9691
-3.68058,536.792,11.348,58.2706,3.65658
-2.62161,546.763,12.0624,61.4775,3.78174
-4.41517,520.192,10.6743,55.0994,3.57333
-1.96733,553.052,12.5248,63.5424,3.86229
-4.7509,541.5,10.9607,56.7141,3.53621
-0.886657,569.502,13.4636,67.7948,4.00109
-3.25099,569.475,12.2496,62.7087,3.7066
1.03023,545.847,13.9146,69.1544,4.26658
-4.44415,545.354,11.1775,57.7085,3.5701
1.86148,586.037,15.4305,76.26,4.39015
-4.3604,520.481,10.7041,55.2312,3.57944
1.85275,592.651,15.5994,77.0992,4.38883
-2.52232,502.977,11.1407,56.7402,3.7938
0.749361,541.089,13.6427,67.9323,4.22603
-0.52368,517.709,12.4161,62.3641,4.0494
-0.538795,543.696,13.0315,65.4623,4.04737
0.404598,519.13,12.9135,64.4519,4.17706
-0.778561,573.59,13.6184,68.5231,4.01539
-1.99567,532.128,12.0374,61.0813,3.85875
-1.40047,511.316,11.8441,59.8523,3.93418
-4.60447,535.086,10.8957,56.3184,3.55233
-2.60783,579.483,12.7914,65.1862,3.78341
-4.49625,593.239,12.1332,62.6662,3.56431
-3.31439,521.901,11.1976,57.3491,3.69915
-2.86109,510.35,11.1514,56.93,3.75288
0.416888,503.513,12.531,62.5378,4.17879
0.813272,508.371,12.8499,63.9567,4.23521
1.90944,536.379,14.1493,69.9058,4.39745
0.622174,527.309,13.2292,65.9303,4.20787
-1.18724,556.92,13.0102,65.6479,3.96174
-1.69605,520.504,11.916,60.3392,3.89644
-4.81149,585.556,11.8232,61.2036,3.52957
-3.73236,520.785,10.9866,56.4355,3.65062
-3.926,578.657,12.1121,62.3031,3.62845
-1.3009,508.671,11.8295,59.7375,3.94701
-0.925946,507.272,11.9738,60.3093,3.99592
1.86034,579.187,15.2495,75.366,4.38998
-0.150825,583.778,14.208,71.1824,4.09996
0.882534,571.715,14.4902,72.087,4.24519
1.3329,550.354,14.1961,70.4095,4.31095
-1.26517,521.589,12.1472,61.3263,3.95163
0.207509,514.871,12.7088,63.5157,4.14945
1.41689,563.278,14.5771,72.2581,4.32339
-4.86243,509.737,10.271,53.1878,3.52401
-0.345989,545.768,13.1811,66.1261,4.07338
-0.183334,559.714,13.6049,68.176,4.09551
-0.199315,558.201,13.5596,67.9563,4.09333
-4.34601,547.418,11.2646,58.1176,3.58105
-1.73851,558.605,12.7666,64.6656,3.89107
0.626217,559.735,14.045,69.9938,4.20844
0.668585,569.333,14.3095,71.2917,4.21448
1.32531,525.398,13.5484,67.2002,4.30983
0.755756,599.505,15.1194,75.2818,4.22695
-4.32726,576.964,11.8817,61.293,3.58314
1.88023,579.477,15.2689,75.4519,4.393
-4.12951,563.613,11.7003,60.2721,3.60537
0.378697,543.713,13.5112,67.4472,4.17341
-2.32673,505.511,11.2849,57.3958,3.81773
1.81383,575.092,15.1143,74.7213,4.38292
1.40344,531.472,13.7468,68.1484,4.32139
1.24906,519.75,13.3629,66.3146,4.29859
1.36426,549.297,14.1862,70.3452,4.31559
-1.0236,513.763,12.0801,60.8861,3.98309
0.769113,553.266,13.9605,69.5055,4.22887
-3.02598,576.275,12.5087,63.9334,3.7332
0.435135,551.753,13.7414,68.5699,4.18136
0.993829,567.581,14.4481,71.8235,4.2613
-4.76623,569.347,11.5172,59.6,3.53453
-2.71971,502.614,11.0449,56.3302,3.76988
0.0136284,552.043,13.5229,67.6738,4.12256
0.0255119,578.577,14.1795,70.9539,4.1242
-1.75657,562.711,12.8512,65.1023,3.88879
-4.66824,532.626,10.8175,55.9397,3.5453
-1.56126,586.946,13.5093,68.3435,3.91358
-4.76562,524.592,10.6121,54.9161,3.5346
-3.81811,556.712,11.7038,60.1566,3.64077
-2.38315,591.565,13.1762,67.0414,3.8108
-4.84625,596.189,12.0209,62.2423,3.52577
0.659171,519.272,13.0465,65.0033,4.21314
1.6108,524.985,13.689,67.7674,4.35231
-1.9281,503.601,11.4228,57.9356,3.8672
-1.85887,557.382,12.6777,64.2691,3.87589
1.53141,568.385,14.775,73.1825,4.34044
-2.75429,580.859,12.7466,65.025,3.76571
-2.1691,532.579,11.9644,60.7846,3.83718
1.54079,521.184,13.5529,67.1254,4.34184
-4.23687,546.695,11.2998,58.2534,3.59328
-1.41459,566.211,13.1083,66.2474,3.93236
1.35221,550.136,14.2012,70.4253,4.31381
1.82307,513.259,13.4941,66.7072,4.38432
1.07472,551.839,14.0918,70.0141,4.27306
0.722209,578.078,14.5599,72.5124,4.22215
-3.39674,552.546,11.8158,60.5504,3.68951
-0.991489,567.265,13.3551,67.2973,3.9873
-1.54898,554.942,12.7789,64.643,3.91515
-0.243749,591.54,14.3443,71.911,4.08727
-2.57605,537.591,11.8818,60.5373,3.78727
-0.482554,501.924,12.0571,60.5438,4.05493
-4.86257,590.487,11.8979,61.6132,3.52399
-1.28255,540.4,12.5766,63.5018,3.94939
-3.45133,545.141,11.6318,59.6305,3.68314
-1.77692,574.049,13.0995,66.3695,3.88622
1.47214,555.386,14.4038,71.3726,4.3316
-4.21741,521.703,10.7917,55.6266,3.59546
1.01736,556.78,14.1862,70.5103,4.26471
1.25382,523.236,13.4551,66.7696,4.29929
-3.36678,586.113,12.5487,64.2928,3.69302
1.75635,530.602,13.914,68.8137,4.37422
-0.373784,583.642,14.0804,70.651,4.06961
0.662949,505.896,12.7123,63.3366,4.21368
0.595687,571.217,14.316,71.3591,4.2041
-2.10066,516.464,11.6341,59.0785,3.84567
-4.89481,524.838,10.5613,54.7039,3.52048
1.88205,509.098,13.4154,66.2919,4.39328
-0.60263,552.612,13.2119,66.3974,4.03882
0.0902874,515.586,12.668,63.3622,4.13316
-0.587624,551.166,13.1851,66.256,4.04083
1.21472,512.399,13.1563,65.3044,4.29354
-4.02504,579.753,12.0865,62.2149,3.61719
-3.41853,587.143,12.5446,64.2951,3.68697
1.47515,522.506,13.5527,67.1537,4.33205
1.29632,565.132,14.5565,72.2149,4.30555
-3.1362,507.473,10.9665,56.0947,3.72014
-1.63735,503.614,11.5563,58.4939,3.9039
-0.199796,587.429,14.2693,71.5134,4.09326
-3.34044,539.726,11.5679,59.2564,3.6961
-4.73233,585.671,11.8638,61.3787,3.53825
-4.30038,584.314,12.0462,62.1297,3.58615
-4.55316,542.858,11.0771,57.2348,3.558
-2.16681,592.414,13.3098,67.6188,3.83746
-4.18085,567.668,11.76,60.6016,3.59958
0.124554,586.978,14.4415,72.2162,4.13791
1.53262,576.269,14.9806,74.2005,4.34062
-0.217345,512.687,12.4451,62.3788,4.09087
-0.500583,584.11,14.0214,70.416,4.05251
1.82541,567.36,14.9178,73.7442,4.38468
1.16272,597.971,15.3224,76.0827,4.28592
-0.83406,530.398,12.5653,63.2484,4.00804
0.0744138,556.497,13.6646,68.3547,4.13096
1.4239,586.904,15.1927,75.3058,4.32443
0.0504648,531.859,13.0474,65.2776,4.12765
-0.796552,585.467,13.8905,69.9008,4.013
-0.948892,581.135,13.7048,69.0389,3.9929
-4.63743,588.135,11.9599,61.8335,3.54869
-2.9403,583.914,12.7182,64.9652,3.74341
-2.3892,545.859,12.1552,61.8493,3.81006
-2.90077,516.385,11.2653,57.5274,3.74813
1.20691,596.707,15.3164,76.0302,4.2924
0.321215,507.336,12.5788,62.8174,4.16534
0.911292,550.604,13.9708,69.4896,4.24934
0.150435,504.783,12.4319,62.1559,4.14151
0.842761,553.661,14.0108,69.7209,4.23945
0.0140616,560.999,13.7425,68.7727,4.12262
-3.06533,554.265,12.0119,61.4113,3.72853
-0.736996,566.193,13.4649,67.7313,4.02091
-0.814018,549.602,13.0305,65.5814,4.01069
-4.03147,516.408,10.7631,55.4053,3.61646
1.40063,580.006,15.0005,74.3651,4.32098
-2.14163,556.627,12.5184,63.5868,3.84058
-0.609821,558.911,13.3587,67.1384,4.03786
1.45789,579.25,15.0144,74.4052,4.32948
-0.337344,595.791,14.3942,72.2073,4.07455
-4.73809,550.163,11.1419,57.6463,3.53762
-4.49527,585.576,11.9769,61.8587,3.56442
-3.07177,567.305,12.2913,62.8427,3.72777
-2.09926,515.23,11.607,58.9401,3.84584
-3.50794,572.719,12.1923,62.5292,3.67656
-2.40135,553.967,12.3297,62.7427,3.80857
1.30452,557.457,14.3634,71.253,4.30676
-2.48769,573.864,12.7285,64.811,3.79802
-1.67666,524.867,12.0251,60.8838,3.8989
1.0059,518.643,13.2086,65.6563,4.26305
-4.54659,598.261,12.2108,63.0901,3.55873
0.153561,528.495,13.0175,65.0823,4.14194
1.53061,511.06,13.2844,65.7999,4.34032
0.197657,595.753,14.6996,73.47,4.14808
-4.30178,551.479,11.3686,58.6356,3.586
-4.09295,544.495,11.3202,58.2989,3.6095
-4.07451,528.65,10.999,56.6372,3.61158
-1.66531,570.188,13.0693,66.1655,3.90034
-3.63985,508.126,10.7597,55.2338,3.66128
1.62752,513.485,13.3978,66.3185,4.35482
0.821854,543.677,13.7469,68.4175,4.23644
-2.65258,565.309,12.4561,63.4976,3.77799
-1.71379,597.188,13.6618,69.1883,3.8942
-2.95285,559.996,12.1911,62.2783,3.74191
-3.98054,578.815,12.0887,62.2067,3.62224
-3.97258,547.716,11.4429,58.8801,3.62315
-4.85666,530.235,10.6865,55.3374,3.52464
-1.61122,522.767,12.0083,60.7707,3.90722
-4.22861,581.803,12.0294,62.0115,3.5942
-0.163173,593.229,14.431,72.3057,4.09827
-2.98464,544.883,11.8469,60.5336,3.73812
-0.792721,538.271,12.7727,64.274,4.01351
-0.923063,576.184,13.6019,68.5086,3.99629
0.213414,510.102,12.594,62.9394,4.15027
0.310393,593.983,14.7209,73.5202,4.16383
-3.26039,530.572,11.4084,58.4065,3.70549
-4.23281,538.734,11.137,57.4129,3.59373
-3.42908,519.029,11.0845,56.8163,3.68574
-2.43029,537.474,11.9488,60.8166,3.80503
-1.77186,561.37,12.8127,64.9145,3.88685
-0.670621,581.682,13.8696,69.7352,4.02974
-0.268737,518.697,12.5655,63.0045,4.08387
-2.74215,501,10.9995,56.1076,3.76717
-0.618144,555.811,13.2802,66.7479,4.03675
-4.03044,562.393,11.722,60.3412,3.61658
1.57201,509.929,13.2764,65.7418,4.34651
-2.25704,520.861,11.66,59.2749,3.82631
-4.34673,540.533,11.1226,57.3854,3.58097
-4.86838,529.67,10.67,55.2565,3.52336
-2.76577,512.468,11.2406,57.347,3.76433
0.523567,512.639,12.8116,63.8918,4.19386
-4.62909,510.17,10.3779,53.6517,3.54961
0.849967,540.161,13.673,68.0367,4.24049
-3.97433,543.882,11.362,58.4645,3.62295
-3.84273,599.077,12.5819,64.6812,3.63796
-0.689702,549.534,13.0932,65.8401,4.0272
0.968917,548.82,13.9569,69.3936,4.25768
-1.04305,571.88,13.4363,67.7304,3.98054
-4.06266,516.845,10.7586,55.3944,3.61292
-0.580215,560.321,13.4081,67.3729,4.04182
-0.197574,587.914,14.2823,71.5777,4.09357
0.345375,507.447,12.5936,62.8805,4.16873
-1.51661,510.075,11.7609,59.4798,3.91929
0.389223,515.491,12.8152,63.9681,4.1749
1.63492,580.797,15.1585,75.03,4.35593
-1.86072,572.43,13.019,66.0001,3.87566
-0.708296,573.34,13.6503,68.6507,4.02472
-1.96184,546.15,12.3712,62.7607,3.86298
-3.8185,589.518,12.3933,63.7006,3.64073
-4.79841,509.615,10.2953,53.2895,3.53101
-2.04576,582.768,13.1566,66.7838,3.8525
0.182597,533.365,13.1524,65.744,4.14598
-1.43574,585.54,13.5444,68.4613,3.92965
-1.72944,539.818,12.3417,62.5095,3.89222
-4.17012,537.188,11.1334,57.3683,3.60079
1.99849,597.226,15.8089,78.0586,4.41105
-2.35207,515.342,11.4927,58.4632,3.81462
-1.65825,567.153,13.0035,65.8287,3.90124
-4.99582,568.686,11.3965,59.0732,3.50949
-0.555786,579.584,13.8824,69.7447,4.0451
-4.57601,510.877,10.4148,53.8218,3.55548
-0.530961,553.69,13.2752,66.6827,4.04843
-0.671422,511.25,12.1898,61.2899,4.02963
-2.61486,530.167,11.6995,59.6248,3.78256
-3.28899,593.733,12.7518,65.2974,3.70213
-2.00297,579.534,13.1059,66.5069,3.85784
0.406496,546.401,13.5928,67.8418,4.17733
-3.33614,509.795,10.9282,55.9783,3.6966
-4.84149,537.022,10.83,56.0742,3.52629
0.522916,585.096,14.6221,72.9208,4.19377
0.038948,557.811,13.6778,68.4372,4.12606
0.96334,533.625,13.5675,67.4601,4.25687
-3.02805,555.615,12.0592,61.6371,3.73296
-0.411688,553.429,13.3316,66.9109,4.06449
-2.56105,542.068,11.988,61.0719,3.78909
1.63252,524.327,13.6834,67.7298,4.35557
1.31407,576.167,14.851,73.6671,4.30817
-0.247801,517.877,12.5561,62.9479,4.08672
-4.32866,500.703,10.3106,53.189,3.58299
-0.341619,505.01,12.1989,61.1966,4.07397
-1.09972,583.801,13.6856,69.0141,3.97314
-1.06046,571.526,13.4187,67.6499,3.97827
1.28543,512.349,13.1914,65.4471,4.30395
-2.96827,547.724,11.9166,60.8823,3.74007
1.25217,550.458,14.1542,70.2398,4.29905
-4.95984,541.142,10.8605,56.2801,3.5134
-3.20693,574.764,12.3853,63.3839,3.71178
-0.0652256,528.865,12.915,64.6665,4.1117
-4.08704,530.76,11.0373,56.8395,3.61016
0.382791,588.482,14.6261,73.0104,4.17399
-3.89183,529.979,11.1086,57.1271,3.63235
-3.09935,503.897,10.9054,55.7676,3.7245
1.85891,517.668,13.6289,67.3577,4.38976
1.82088,515.41,13.5495,66.9821,4.38399
-0.356695,506.964,12.2388,61.4032,4.07193
-4.90941,538.702,10.8338,56.1214,3.51888
-1.13706,573.023,13.413,67.6572,3.96827
-4.26291,529.555,10.9339,56.3779,3.59035
-1.55491,593.829,13.6712,69.1593,3.91439
-1.38382,534.789,12.396,62.6341,3.93632
0.68364,514.696,12.9439,64.4815,4.21663
-2.42595,569.747,12.6685,64.4776,3.80556
-3.7158,512.786,10.8251,55.5994,3.65252
-3.80734,515.717,10.8467,55.7468,3.64201
-3.9715,598.852,12.5118,64.3795,3.62327
-3.24515,553.103,11.9002,60.9177,3.70728
-0.909988,544.104,12.8513,64.7219,3.99802
-1.17289,516.031,12.0618,60.8567,3.96361
-4.87274,586.7,11.8168,61.1972,3.52288
1.29254,566.695,14.5947,72.4058,4.305
-1.33942,543.683,12.6244,63.7687,3.94204
-0.445157,522.334,12.5659,63.0826,4.05997
-1.8021,550.202,12.5427,63.5597,3.88304
-0.70452,534.685,12.7319,64.03,4.02522
-0.368543,528.557,12.7541,63.9937,4.07032
-1.96145,501.329,11.3562,57.6109,3.86303
1.09488,592.081,15.1313,75.1687,4.276
-4.66775,571.908,11.6155,60.0663,3.54535
-0.768685,550.669,13.0793,65.8061,4.0167
0.27048,563.116,13.9341,69.6094,4.15824
-2.51982,579.068,12.8274,65.3294,3.79411
-0.741088,551.238,13.1071,65.9335,4.02036
-0.970359,523.152,12.3269,62.1068,3.99008
-1.06556,577.274,13.5509,68.3189,3.9776
-4.25286,586.539,12.1154,62.4655,3.59148
-1.46236,523.678,12.1006,61.1749,3.92623
-4.06783,527.092,10.9696,56.4829,3.61234
-2.7343,554.677,12.1818,62.1351,3.76812
-2.8035,557.394,12.2075,62.2965,3.75979
-4.54998,545.536,11.1332,57.5234,3.55836
1.53027,501.138,13.0263,64.5218,4.34027
-1.48505,543.892,12.5564,63.489,3.92332
-4.38187,523.091,10.7484,55.4683,3.57704
-3.07084,506.912,10.9832,56.1545,3.72788
1.98004,529.126,13.9962,69.1168,4.40822
0.330719,588.149,14.588,72.8461,4.16668
-1.26777,568.188,13.231,66.7996,3.9513
-0.78353,503.945,11.9625,60.1933,4.01473
1.63602,561.589,14.6578,72.5512,4.3561
1.5663,534.221,13.9058,68.861,4.34565
0.0079671,543.666,13.3147,66.6345,4.12178
-2.94359,502.067,10.9341,55.8531,3.74302
-2.90462,522.575,11.3985,58.2096,3.74767
1.25742,573.122,14.74,73.1441,4.29982
1.42467,526.199,13.6217,67.5185,4.32454
-3.2293,587.117,12.6401,64.698,3.70915
-0.380981,585.501,14.1213,70.8595,4.06864
-4.01176,564.406,11.7729,60.5949,3.61869
-4.3377,565.485,11.6403,60.0525,3.58198
-1.1513,524.057,12.26,61.8469,3.96642
-4.22014,597.036,12.3486,63.6531,3.59516
-0.64851,578.47,13.8051,69.4002,4.03269
0.230681,574.506,14.1937,70.9257,4.15268
-2.46175,589.486,13.0886,66.6326,3.80119
1.49361,590.072,15.3162,75.8825,4.3348
0.926023,514.48,13.0617,64.9615,4.25147
-2.63508,522.203,11.5144,58.6898,3.78011
-1.0206,588.579,13.841,69.7594,3.98348
-2.72311,578.219,12.7046,64.7963,3.76947
0.854288,506.549,12.8244,63.812,4.24111
1.69851,503.269,13.1676,65.1476,4.3655
0.926936,566.507,14.3831,71.5329,4.2516
0.0656202,534.253,13.1139,65.6036,4.12974
-1.04746,541.717,12.7254,64.1487,3.97997
-0.353417,520.818,12.5749,63.0879,4.07237
-4.94944,572.546,11.4956,59.567,3.51453
-2.29131,504.274,11.2733,57.3224,3.82209
1.82617,562.038,14.7783,73.0542,4.38479
-1.97452,514.08,11.6389,59.0508,3.86139
-2.11794,526.439,11.8506,60.1852,3.84352
1.12577,587.392,15.0296,74.6477,4.28051
-2.98921,548.122,11.9152,60.8843,3.73758
1.67487,508.485,13.2918,65.7728,4.36194
-3.49876,522.368,11.1245,57.0494,3.67762
-3.66218,568.675,12.031,61.7696,3.6587
-2.75988,507.061,11.1247,56.7531,3.76504
1.70104,503.389,13.172,65.1685,4.36588
-3.2775,580.578,12.475,63.875,3.70348
1.42596,572.681,14.8257,73.4858,4.32474
-3.70104,524.91,11.0876,56.9419,3.65422
-0.558517,527.803,12.6408,63.5079,4.04473
1.05618,586.006,14.9535,74.3044,4.27036
-3.59595,565.305,11.9917,61.5391,3.66635
-0.162244,547.104,13.3095,66.6858,4.09839
0.0341769,570.608,13.989,69.9963,4.1254
1.94193,556.311,14.6936,72.5791,4.4024
-1.1836,507.333,11.8535,59.8099,3.96221
-1.18121,523.049,12.2218,61.6674,3.96252
-4.23924,551.442,11.3968,58.7545,3.59301
-4.92678,541.82,10.8888,56.4132,3.51699
0.313896,519.606,12.8794,64.3214,4.16432
-4.89165,544.627,10.9609,56.7726,3.52082
-4.79307,587.111,11.8635,61.4042,3.53159
-4.37018,557.585,11.4626,59.1492,3.57835
1.76864,508.585,13.343,65.9843,4.37608
0.1508,533.259,13.1334,65.6631,4.14156
-0.113726,506.244,12.339,61.8029,4.10504
1.78976,574.133,15.075,74.5391,4.37927
1.92936,583.979,15.4168,76.158,4.40048
0.554982,579.334,14.4963,72.2777,4.19831
-0.0349051,568.527,13.9001,69.5846,4.11587
-0.0633009,595.157,14.5349,72.7767,4.11196
-2.40499,564.162,12.5548,63.8897,3.80813
0.231243,579.931,14.3281,71.5967,4.15276
-0.527026,583.96,14.0031,70.3372,4.04895
-4.22617,587.468,12.1478,62.6203,3.59448
-2.12262,578.624,13.0229,66.1411,3.84294
-1.11634,528.302,12.3764,62.4193,3.97097
1.6357,517.77,13.5139,66.8895,4.35605
-2.99854,532.469,11.5706,59.1273,3.73647
-2.21541,553.247,12.4057,63.047,3.83145
-0.664112,576.801,13.7567,69.1648,4.03061
1.7768,522.481,13.7119,67.805,4.37731
-4.89341,576.348,11.5985,60.0756,3.52063
0.98403,546.757,13.9127,69.1664,4.25987
1.63453,533.578,13.9259,68.9291,4.35588
-0.430114,547.041,13.1681,66.0989,4.062
-2.81364,550.747,12.057,61.5329,3.75857
-0.375007,520.885,12.5658,63.0516,4.06945
1.67785,581.006,15.1893,75.1606,4.36239
-1.00043,500.55,11.7803,59.3652,3.98613
-3.19169,571.138,12.3147,63.0159,3.71358
-4.50409,518.003,10.591,54.7043,3.56344
-0.114391,523.331,12.7551,63.8875,4.10495
1.32647,591.404,15.2512,75.6455,4.31
0.592439,529.811,13.2765,66.1794,4.20363
-1.83038,581.571,13.2429,67.121,3.87948
-4.46866,514.443,10.5334,54.3929,3.56738
1.59837,524.828,13.6783,67.72,4.35045
1.87578,521.975,13.7513,67.9549,4.39232
1.39151,501.289,12.96,64.2535,4.31962
-2.9927,527.418,11.4635,58.5778,3.73716
-4.6174,535.725,10.903,56.3613,3.5509
-0.59916,530.136,12.6763,63.7041,4.03929
-2.06887,589.768,13.3023,67.5345,3.84962
1.6156,522.447,13.6254,67.4502,4.35304
-2.78567,595.301,13.0471,66.5725,3.76193
0.782428,584.508,14.7565,73.4619,4.23078
1.0172,536.145,13.6603,67.8967,4.26469
-1.0164,566.95,13.3345,67.2052,3.98404
1.39261,575.081,14.8685,73.7146,4.31979
1.77252,542.438,14.2333,70.3853,4.37667
-1.49355,571.421,13.1875,66.6838,3.92224
1.58153,580.249,15.1128,74.8307,4.34793
-0.572069,532.525,12.747,64.0478,4.04291
-1.71167,537.426,12.2957,62.2688,3.89447
-3.85611,546.172,11.4646,58.9428,3.63643
-0.265287,536.115,12.9893,65.1276,4.08434
-2.15105,516.321,11.6075,58.9641,3.83942
-4.10658,528.017,10.9716,56.5088,3.60796
-3.08018,572.046,12.3898,63.3502,3.72677
-4.62626,583.807,11.8772,61.4015,3.54993
-1.35063,583.774,13.5493,68.4458,3.9406
-3.23408,577.01,12.4201,63.5742,3.70859
-4.42949,564.482,11.5764,59.762,3.57173
-0.0827703,596.639,14.56,72.9118,4.10929
-3.77998,500.266,10.5334,54.126,3.64515
-2.55483,516.076,11.416,58.1554,3.78985
-2.16259,523.243,11.7577,59.7319,3.83799
-2.09082,561.471,12.653,64.2477,3.84689
-0.146659,538.513,13.1085,65.6719,4.10053
-4.4857,536.705,10.9816,56.7143,3.56548
-1.48787,506.761,11.6979,59.1492,3.92296
-2.03105,516.427,11.6657,59.21,3.85433
-3.73649,574.404,12.1157,62.2375,3.65014
-3.42579,592.262,12.6502,64.8399,3.68612
-4.35376,552.495,11.3655,58.6415,3.58018
1.26149,573.661,14.7562,73.2224,4.30042
-2.06052,578.919,13.062,66.3104,3.85066
-2.87918,563.793,12.3102,62.8539,3.75072
-3.01731,561.674,12.196,62.3314,3.73423
0.176749,540.682,13.3298,66.6332,4.14517
-3.46913,580.16,12.3701,63.4235,3.68107
-2.53227,529.341,11.72,59.6948,3.79259
-2.39599,515.815,11.4831,58.432,3.80923
-2.59094,595.007,13.1429,66.9698,3.78546
-0.872065,530.212,12.542,63.1478,4.00302
-1.68671,522.681,11.9702,60.6101,3.89763
-1.16419,508.221,11.8834,59.9526,3.96474
-2.73126,593.117,13.0276,66.4479,3.76849
0.529449,587.163,14.6775,73.1939,4.19469
-4.22184,588.177,12.1646,62.705,3.59496
-4.15533,562.255,11.6599,60.075,3.60245
1.34691,555.223,14.3295,71.0645,4.31302
-3.30049,516.104,11.0794,56.7382,3.70078
-2.76352,541.063,11.8689,60.5514,3.7646
-2.52341,519.144,11.4983,58.5619,3.79367
-0.0720018,594.264,14.5082,72.647,4.11077
-0.0156483,526.127,12.8732,64.4355,4.11852
-3.30847,513.917,11.0289,56.4828,3.69985
-1.89431,569.272,12.9298,65.5635,3.87144
1.61453,511.012,13.3266,65.9716,4.35287
0.6206,518.979,13.0195,64.8855,4.20764
-3.70745,556.783,11.7578,60.3866,3.65348
-1.744,578.879,13.227,67.0005,3.89038
-0.601103,583.184,13.9437,70.0742,4.03903
-1.34822,591.138,13.7216,69.3146,3.9409
-2.94313,504.368,10.9844,56.1098,3.74307
-2.26234,533.523,11.941,60.7052,3.82566
-3.77781,526.58,11.0884,56.9771,3.64539
-0.208362,575.045,13.9638,69.9863,4.09209
0.325883,535.476,13.279,66.3118,4.166
-3.72136,540.468,11.4069,58.59,3.65188
-1.7083,555.267,12.7056,64.3431,3.89489
-1.6261,508.505,11.6737,59.0838,3.90533
-0.833021,500.846,11.8657,59.7265,4.00818
-1.64537,537.77,12.3361,62.4446,3.90288
-2.50664,584.622,12.9573,65.9847,3.79571
-0.571633,542.287,12.9809,65.2227,4.04297
0.31455,587.833,14.5709,72.7687,4.16441
0.675434,581.515,14.6196,72.8333,4.21546
1.84675,541.783,14.2571,70.468,4.38791
-0.995179,598.87,14.0971,71.0382,3.98682
1.52049,542.048,14.0844,69.767,4.33881
1.41839,516.325,13.3628,66.2381,4.32361
-2.69269,541.171,11.9051,60.7058,3.77314
-2.34176,581.42,12.9717,65.9819,3.81588
-2.75198,512.715,11.2523,57.4009,3.76599
-4.4985,572.27,11.7032,60.4465,3.56406
-4.76955,566.499,11.458,59.2953,3.53417
-4.78126,562.077,11.3631,58.8092,3.53288
-3.78261,553.399,11.6509,59.8693,3.64484
-0.779887,595.667,14.1418,71.1574,4.01521
-4.90346,527.578,10.6127,54.9735,3.51953
-0.809323,534.296,12.67,63.7647,4.01131
-3.99355,518.777,10.8291,55.73,3.62076
-4.40483,535.521,10.9935,56.7428,3.57448
-1.38898,542.977,12.5832,63.5824,3.93566
-3.25807,500.446,10.7616,55.0945,3.70576
-2.67656,585.427,12.887,65.7052,3.77509
1.63862,574.849,15.0054,74.2705,4.35649
-2.00557,586.867,13.2704,67.3427,3.85751
-2.32753,538.994,12.032,61.1959,3.81763
0.391133,537.528,13.364,66.7068,4.17516
0.440505,548.27,13.6575,68.1489,4.18212
-4.18993,569.095,11.7852,60.7355,3.59855
0.608493,552.372,13.8506,69.0334,4.20592
-0.517708,598.215,14.3502,72.0761,4.05021
0.141386,509.798,12.5509,62.755,4.14025
-0.788358,591.272,14.0328,70.6129,4.01409
0.48567,563.735,14.0677,70.1738,4.1885
-0.131043,576.719,14.0471,70.367,4.10267
-3.83737,587.776,12.3473,63.4724,3.63857
-3.72742,598.407,12.6267,64.8579,3.65118
1.01793,584.921,14.9035,74.0754,4.2648
-3.26229,595.516,12.8039,65.5517,3.70527
1.40802,554.83,14.3535,71.1541,4.32207
-2.97265,593.807,12.9169,65.9951,3.73955
1.2895,574.154,14.785,73.3516,4.30455
0.875656,572.091,14.4958,72.1184,4.24419
-3.13503,586.856,12.6825,64.872,3.72027
-0.621512,536.068,12.8068,64.3699,4.0363
1.34844,593.267,15.3123,75.9375,4.31325
-3.31388,596.573,12.8,65.5555,3.69921
-2.81673,526.742,11.5301,58.8449,3.7582
-2.10652,508.346,11.4486,58.1387,3.84494
-2.9496,582.322,12.6788,64.7682,3.7423
-4.64047,514.001,10.451,54.0339,3.54836
-0.782502,500.933,11.8915,59.8356,4.01487
1.1387,524.946,13.4386,66.7396,4.2824
0.507352,535.983,13.3865,66.7662,4.19156
-2.84813,597.049,13.0526,66.6299,3.75444
0.607272,570.027,14.2926,71.2371,4.20574
-0.83135,511.608,12.1214,61.0132,4.0084
-2.40321,547.841,12.1925,62.0451,3.80835
-2.51366,539.219,11.9476,60.846,3.79486
-3.93729,598.255,12.5166,64.3889,3.62716
0.82369,570.164,14.4177,71.7549,4.23671
0.551501,543.161,13.5893,67.7571,4.19782
-4.78273,592.467,11.9768,61.9858,3.53272
0.0244503,597.897,14.6524,73.3207,4.12405
-0.649861,559.218,13.3449,67.0876,4.03251
1.46299,546.323,14.1637,70.1872,4.33024
-2.63579,551.363,12.157,61.9656,3.78002
-4.63129,525.775,10.6944,55.2887,3.54937
-3.90671,573.649,12.0167,61.8037,3.63065
-3.20729,521.574,11.239,57.5175,3.71174
0.0324304,523.033,12.8217,64.1567,4.12515
0.231699,532.266,13.1507,65.7131,4.15282
1.46987,509.042,13.2007,65.4121,4.33126
-4.13938,525.404,10.9027,56.1675,3.60425
1.8879,586.738,15.4648,76.4161,4.39417
-0.549023,560.228,13.4224,67.4303,4.046
-2.87176,541.45,11.8258,60.3778,3.7516
0.701715,541.7,13.6327,67.9042,4.21921
0.495922,503.185,12.5617,62.6574,4.18995
-3.61454,529.059,11.2144,57.5577,3.6642
-0.535505,538.067,12.8983,64.7915,4.04782
-4.88696,502.991,10.1249,52.4406,3.52133
0.0642977,565.208,13.873,69.4018,4.12956
-3.1673,510.414,11.0162,56.3616,3.71646
-3.33331,521.167,11.1733,57.2324,3.69693
-2.84826,546.89,11.956,61.032,3.75442
-2.72953,513.696,11.284,57.5535,3.76869
1.90616,505.331,13.3286,65.8523,4.39695
-1.51017,528.736,12.1943,61.6689,3.92011
-4.64735,583.827,11.8675,61.3602,3.5476
-2.00143,561.815,12.706,64.4767,3.85803
-3.06377,586.069,12.7019,64.9385,3.72872
-2.85623,589.725,12.8883,65.7949,3.75346
0.83339,545.01,13.7868,68.6107,4.2381
-1.60374,530.477,12.189,61.6821,3.90817
-0.178969,525.451,12.7743,64.0117,4.09611
-2.07383,539.917,12.1755,61.816,3.849
-0.346514,561.732,13.5664,68.0592,4.07331
-2.25317,533.653,11.9483,60.7385,3.82679
-3.30332,553.003,11.8702,60.7891,3.70045
-1.06328,567.167,13.3149,67.1278,3.9779
-0.673337,596.101,14.2119,71.4575,4.02938
0.283552,566.004,14.0127,69.9961,4.16007
-2.45762,594.733,13.2073,67.2348,3.80169
-3.64017,557.63,11.8078,60.6143,3.66124
-4.81045,538.849,10.8806,56.3237,3.52969
1.7236,547.572,14.3407,70.9397,4.36928
-3.38184,524.533,11.2235,57.5091,3.69125
-4.394,510.52,10.4849,54.1133,3.57569
-2.37474,544.52,12.1324,61.7271,3.81184
0.700785,597.058,15.0253,74.8414,4.21908
1.65377,580.094,15.1513,74.9847,4.35876
1.57338,557.679,14.5204,71.9011,4.34671
0.583379,582.391,14.589,72.7259,4.20235
-2.36065,537.374,11.9799,60.9453,3.81356
-0.22682,580.874,14.0951,70.6534,4.08958
-0.147314,540.037,13.1453,65.8564,4.10044
-1.90466,588.652,13.3645,67.7724,3.87014
0.21083,596.084,14.7153,73.5422,4.14991
-0.622624,501.485,11.9801,60.215,4.03615
-3.21151,557.828,12.0181,61.5068,3.71125
0.121729,547.154,13.4602,67.3104,4.13752
-2.53366,527.174,11.6714,59.4476,3.79242
-0.277338,554.748,13.4343,67.3646,4.0827
0.963743,531.022,13.5016,67.132,4.25693
-1.19143,562.267,13.1329,66.2691,3.9612
-2.8517,523.692,11.4472,58.4364,3.75401
-2.22428,580.132,13.0039,66.0915,3.83035
-3.64918,558.702,11.8262,60.7126,3.6602
-2.47465,565.804,12.5563,63.9284,3.79961
1.74433,506.19,13.2676,65.6223,4.37241
-4.30988,542.659,11.1831,57.6822,3.58509
-4.83676,540.952,10.9113,56.4936,3.52681
-4.15714,514.407,10.6669,54.9593,3.60225
0.560539,583.436,14.6021,72.8025,4.1991
-4.97555,596.661,11.967,62.0214,3.51169
1.10844,520.054,13.2976,66.0531,4.27798
1.71231,594.424,15.5609,76.9817,4.36758
-1.26057,518.916,12.0871,61.0213,3.95223
-2.80896,529.522,11.5946,59.1707,3.75914
0.650895,560.758,14.0843,70.1777,4.21196
-1.65309,521.596,11.9614,60.5512,3.9019
-3.58614,550.178,11.6755,59.912,3.66749
-0.868249,519.698,12.2951,61.9033,4.00352
-1.21574,522.939,12.2025,61.5847,3.95804
-1.37506,558.187,12.9429,65.3933,3.93745
-0.610818,541.731,12.9476,65.0726,4.03773
-1.2529,561.235,13.0768,66.0143,3.95322
1.83695,594.493,15.6382,77.2995,4.38643
-0.651077,576.079,13.7466,69.1076,4.03235
-0.384174,500.175,12.0618,60.5267,4.06821
-4.14863,513.984,10.6618,54.9297,3.60321
0.042456,528.126,12.9517,64.8025,4.12654
-2.57923,557.532,12.3209,62.7763,3.78688
-2.4777,568.834,12.622,64.2642,3.79924
-4.51304,564.917,11.546,59.6408,3.56245
-1.72874,529.371,12.1032,61.3011,3.89231
-2.06751,570.786,12.8749,65.3638,3.84979
-3.45273,537.735,11.4731,58.8177,3.68298
-4.76277,504.614,10.2091,52.8298,3.53491
1.42789,535.83,13.8727,68.7613,4.32502
1.61039,589.436,15.3693,76.086,4.35225
-0.362608,592.836,14.3085,71.7901,4.07113
1.32865,511.493,13.1915,65.4288,4.31032
-4.82374,552.433,11.1488,57.7178,3.52824
-1.96109,541.778,12.2726,62.2599,3.86307
-1.40666,536.54,12.4253,62.7921,3.93338
-2.63282,524.848,11.5738,58.9915,3.78038
1.29952,597.349,15.3883,76.3395,4.30602
1.78059,551.114,14.4654,71.5295,4.37789
-4.38362,596.524,12.2564,63.2514,3.57685
0.61786,507.498,12.7301,63.4445,4.20725
-4.33659,513.819,10.5773,54.5678,3.5821
-0.0292787,516.169,12.6228,63.1878,4.11664
-4.79166,520.56,10.5194,54.4464,3.53175
-4.08075,531.511,11.0557,56.9319,3.61088
-4.16681,533.417,11.0567,56.9718,3.60116
-1.33227,563.437,13.0869,66.1011,3.94296
-2.70548,565.548,12.435,63.4134,3.7716
-4.99221,530.994,10.6427,55.1645,3.50988
1.99033,586.259,15.5137,76.6051,4.4098
1.49882,574.952,14.9267,73.9504,4.33558
1.61904,532.221,13.8821,68.7196,4.35355
0.378171,568.765,14.1335,70.5537,4.17334
0.824593,570.358,14.4231,71.7813,4.23684
1.24038,520.328,13.3733,66.3699,4.29732
-2.71147,527.644,11.5988,59.1516,3.77087
-0.208542,559.529,13.5869,68.0975,4.09207
-0.714625,573.962,13.6617,68.711,4.02388
-2.8906,531.25,11.5943,59.2034,3.74935
0.368007,522.672,12.9829,64.8146,4.17191
-2.50306,557.135,12.3498,62.8898,3.79615
-1.29826,560.296,13.0315,65.8059,3.94735
-3.25146,553.127,11.8977,60.9075,3.70654
-2.70139,543.647,11.9554,60.9659,3.77209
-1.94384,592.905,13.44,68.1741,3.86523
1.86685,562.106,14.8035,73.1586,4.39097
-2.97665,522.711,11.3685,58.0858,3.73908
-2.86966,594.183,12.9787,66.2628,3.75186
-2.32658,502.537,11.2186,57.0585,3.81775
-3.80034,545.997,11.4868,59.0337,3.64281
-1.99312,547.458,12.3854,62.8463,3.85907
-3.66234,590.342,12.4893,64.1226,3.65868
-4.78916,527.905,10.6689,55.2193,3.53202
-4.42626,591.928,12.1409,62.6745,3.57209
-0.701872,582.031,13.8608,69.7059,4.02558
0.366778,507.05,12.5943,62.8749,4.17174
-1.72317,577.485,13.2061,66.8849,3.89301
1.11522,506.874,12.9641,64.3933,4.27897
-3.87313,563.42,11.8185,60.7697,3.63448
1.01857,594.2,15.1403,75.2521,4.26489
-2.98509,558.565,12.1442,62.0527,3.73807
-3.51914,588.193,12.516,64.1947,3.67526
0.64384,592.966,14.8891,74.1916,4.21095
-0.113335,564.319,13.7547,68.8936,4.10509
-1.82686,547.684,12.473,63.2174,3.87992
-4.67293,547.454,11.1165,57.488,3.54478
-1.46135,536.319,12.3932,62.6537,3.92636
-3.60078,548.555,11.6342,59.7061,3.66579
-3.3403,594.174,12.7349,65.2346,3.69612
-2.5533,595.243,13.168,67.0799,3.79003
-4.09921,574.746,11.9461,61.525,3.60879
0.411932,542.917,13.509,67.4211,4.17809
-0.0273901,573.836,14.0341,70.2516,4.1169
-3.63074,555.549,11.7682,60.407,3.66233
-2.38646,543.421,12.1022,61.5786,3.8104
0.437978,598.415,14.9052,74.3758,4.18176
0.405842,572.743,14.2478,71.1109,4.17723
-0.974403,574.261,13.529,68.1653,3.98954
0.81633,590.055,14.9163,74.2404,4.23565
-3.47559,582.439,12.4154,63.659,3.68032
-3.29594,504.798,10.8387,55.5037,3.70132
-4.98261,519.516,10.4168,53.9896,3.51093
1.36052,591.492,15.2737,75.7398,4.31504
-1.2895,533.096,12.4032,62.6293,3.94849
1.56492,503.058,13.0939,64.8412,4.34544
-3.48404,564.611,12.0313,61.6931,3.67934
-2.50326,554.903,12.3003,62.6374,3.79612
-3.46699,579.878,12.3651,63.3972,3.68132
0.479547,538.455,13.4336,67.0137,4.18763
-0.893733,524.519,12.3967,62.4254,4.00016
0.88425,586.604,14.8685,73.9684,4.24543
-0.28614,549.132,13.2937,66.6635,4.0815
1.51858,565.27,14.6867,72.7514,4.33852
-4.75983,546.934,11.0667,57.2661,3.53523
-2.60065,507.411,11.2037,57.0924,3.78428
-3.92114,554.874,11.6166,59.7521,3.629
-3.44573,507.095,10.8224,55.4792,3.6838
-3.92495,594.757,12.4497,64.0388,3.62857
-4.84271,554.839,11.1887,57.9323,3.52616
-3.56118,554.574,11.7807,60.4409,3.67038
-2.07857,546.241,12.3158,62.5302,3.84842
-2.58855,582.269,12.8628,65.5414,3.78575
-0.0329881,552.791,13.5164,67.6628,4.11613
-3.38092,538.124,11.5147,59.001,3.69136
1.85905,592.887,15.6094,77.1455,4.38978
1.78629,577.15,15.1522,74.9225,4.37875
-4.99925,520.697,10.4333,54.082,3.50912
-3.06829,578.96,12.5456,64.1412,3.72818
-2.01231,578.94,13.0876,66.4183,3.85667
-3.82355,523.497,11.0031,56.5572,3.64015
-3.71414,500.344,10.5631,54.2533,3.65271
-3.48421,591.115,12.596,64.5887,3.67932
1.18912,540.736,13.8701,68.8591,4.28979
-4.48927,579.742,11.8605,61.2547,3.56509
1.4922,585.274,15.1908,75.262,4.33459
-2.05414,573.697,12.9474,65.7261,3.85146
-0.233284,512.616,12.4356,62.3378,4.08869
-2.85659,584.211,12.7676,65.179,3.75342
-1.81333,516.829,11.7766,59.6824,3.88162
1.40519,532.832,13.7829,68.3266,4.32165
-3.97468,507.845,10.609,54.59,3.62291
-2.97402,596.371,12.9719,66.277,3.73939
-2.23928,537.047,12.0309,61.1527,3.8285
-2.92284,599.277,13.062,66.7132,3.74549
1.8118,565.679,14.8658,73.4936,4.38261
-0.737259,509.712,12.1215,60.9742,4.02087
-4.54231,592.746,12.1004,62.5174,3.55921
0.349827,584.292,14.5032,72.4133,4.16936
-0.337679,524.938,12.6822,63.6195,4.0745
-1.90717,551.829,12.5272,63.5276,3.86983
-2.30243,500.52,11.1844,56.8749,3.82072
1.67585,561.841,14.6871,72.6768,4.36208
0.606082,555.127,13.9184,69.3723,4.20557
-4.27685,543.498,11.2155,57.8353,3.58879
0.810847,528.999,13.37,66.5465,4.23486
-3.34845,549.032,11.7635,60.2621,3.69516
1.8635,511.874,13.4788,66.6136,4.39046
-1.86895,509.494,11.5838,58.7278,3.87462
0.699615,597.034,15.024,74.8356,4.21891
-0.922554,513.492,12.1222,61.0554,3.99636
-4.69608,517.615,10.5007,54.3124,3.54223
-0.652972,539.811,12.8802,64.7528,4.03209
-2.28739,529.024,11.8284,60.1436,3.82257
-3.71276,505.105,10.6643,54.7722,3.65287
0.677014,596.327,14.993,74.6923,4.21568
-1.42424,530.685,12.2811,62.0711,3.93112
0.148098,561.522,13.828,69.1372,4.14118
-2.86541,522.013,11.4042,58.2226,3.75236
1.61227,568.721,14.8303,73.4165,4.35254
-2.1989,513.404,11.5199,58.5385,3.83349
-0.729451,512.367,12.1884,61.3075,4.02191
1.18955,584.825,15.0012,74.4745,4.28985
-3.08105,566.47,12.2686,62.7308,3.72667
-4.02014,535.717,11.1707,57.4988,3.61774
-0.364386,552.623,13.337,66.9166,4.07089
-1.24634,516.848,12.0458,60.8064,3.95407
-3.67619,580.409,12.2723,63.0147,3.65708
1.2248,591.227,15.1863,75.3754,4.29502
-1.64179,599.4,13.7518,69.6092,3.90333
-1.53467,550.005,12.6725,64.098,3.91698
-4.41713,507.575,10.4146,53.7595,3.57311
1.3353,565.344,14.5841,72.3327,4.31131
-1.20595,510.682,11.9212,60.1607,3.95931
0.0220005,540.948,13.2555,66.3317,4.12371
-0.845535,541.929,12.8326,64.5992,4.00652
0.938463,579.117,14.7099,73.1524,4.25327
-1.44865,506.95,11.7205,59.2475,3.92799
-2.22394,505.449,11.33,57.5839,3.8304
-0.180138,546.642,13.2888,66.5907,4.09595
-3.35211,575.105,12.3203,63.1161,3.69473
-2.98375,515.765,11.2143,57.3005,3.73823
0.175746,561.966,13.854,69.2539,4.14503
-3.44837,503.068,10.7353,55.0338,3.68349
-1.43801,590.84,13.6658,69.0759,3.92936
-0.287553,532.193,12.8829,64.6042,4.08131
-0.482405,596.993,14.3409,72.0118,4.05495
1.06125,527.21,13.4558,66.8603,4.2711
-0.621143,575.15,13.7407,69.0636,4.03635
1.70926,559.835,14.6537,72.4951,4.36712
-3.46756,508.92,10.8518,55.6384,3.68125
1.66154,599.107,15.6526,77.4617,4.35993
-4.16768,515.864,10.6925,55.0955,3.60106
-2.26032,545.891,12.2188,62.1167,3.8259
-1.25213,597.685,13.9266,70.3035,3.95332
-1.16709,578.402,13.5228,68.2251,3.96436
-2.82893,514.032,11.2464,57.4018,3.75674
1.15279,514.22,13.1712,65.4057,4.28447
-2.91171,582.895,12.7106,64.9134,3.74682
-0.755165,537.92,12.7833,64.311,4.01849
1.52214,525.165,13.6466,67.5975,4.33905
-1.64658,567.346,13.0139,65.8763,3.90272
-1.3116,541.59,12.5897,63.5811,3.94563
0.277899,520.591,12.8856,64.3682,4.15928
0.783087,568.603,14.3554,71.4645,4.23087
-3.09364,518.584,11.2258,57.404,3.72517
-3.73564,513.574,10.833,55.648,3.65024
0.164243,543.993,13.4048,67.014,4.14343
0.291806,546.937,13.5451,67.6562,4.16122
-0.09802,577.398,14.082,70.5255,4.10719
0.344401,552.162,13.7027,68.4192,4.1686
-3.4762,582.71,12.4209,63.6873,3.68025
0.989451,566.096,14.4078,71.6255,4.26066
-0.653112,599.532,14.3051,71.9163,4.03208
1.06246,507.294,12.9481,64.337,4.27127
-1.58868,556.829,12.8022,64.7783,3.91009
-1.69723,562.145,12.8686,65.1639,3.8963
-0.0970587,563.046,13.7325,68.7747,4.10733
1.9334,563.183,14.8702,73.4555,4.4011
-4.36291,589.509,12.1225,62.551,3.57916
-4.70954,537.854,10.9053,56.4105,3.54075
-1.12103,567.445,13.2909,67.0338,3.97036
-2.28441,530.284,11.858,60.2928,3.82294
0.105052,506.284,12.4466,62.2489,4.13521
-1.04793,579.829,13.6204,68.6609,3.97991
-4.72983,541.789,10.976,56.7846,3.53853
-4.16133,570.482,11.8276,60.9418,3.60178
-1.56256,516.754,11.8931,60.1678,3.91342
-2.27991,597.795,13.3701,67.9788,3.82349
-2.88393,557.488,12.1702,62.1412,3.75015
-0.313954,513.48,12.417,62.279,4.07772
-0.302493,501.187,12.1252,60.8108,4.07928
1.94424,561.723,14.8379,73.2905,4.40275
-2.82454,560.773,12.2711,62.6305,3.75727
1.6497,595.481,15.5507,76.9636,4.35815
-3.46465,598.129,12.7555,65.3976,3.68159
-0.414904,516.904,12.4501,62.4884,4.06405
-1.90282,598.136,13.5808,68.8684,3.87037
-1.74649,520.421,11.8901,60.2295,3.89006
-2.80627,543.92,11.9111,60.785,3.75946
1.48796,565.806,14.6831,72.7487,4.33396
-0.906221,569.636,13.4563,67.7673,3.99851
-4.68678,551.531,11.193,57.8892,3.54326
-1.95778,550.066,12.462,63.2192,3.86348
-2.50815,589.523,13.0651,66.5346,3.79553
-4.70106,545.519,11.0645,57.2307,3.54169
-4.71963,574.658,11.6467,60.2502,3.53965
1.72766,595.629,15.6017,77.1758,4.36989
-4.23368,578.784,11.9646,61.6792,3.59363
1.04682,592.57,15.1155,75.1141,4.269
-1.10418,559.827,13.1213,66.1703,3.97256
-0.724191,540.582,12.8623,64.6946,4.02261
-4.29702,526.646,10.8588,56.0041,3.58653
-0.0976909,566.092,13.8064,69.1453,4.10724
-4.9899,535.978,10.7436,55.6866,3.51013
1.07666,549.267,14.0272,69.6921,4.27334
-0.2139,511.361,12.4146,62.2244,4.09134
-2.0059,589.402,13.3275,67.6328,3.85747
1.68533,581.491,15.2064,75.2416,4.36351
-0.475885,528.668,12.7029,63.7836,4.05583
1.8488,578.122,15.2146,75.1995,4.38823
1.45955,523.323,13.5656,67.2248,4.32973
-0.726861,515.113,12.255,61.6412,4.02225
-0.145106,537.369,13.0815,65.5358,4.10074
-3.87492,595.439,12.4892,64.2194,3.63428
1.32231,551.447,14.2184,70.5252,4.30939
-2.78161,519.801,11.3942,58.1371,3.76242
-3.63335,550.77,11.6658,59.8822,3.66203
-0.379105,569.992,13.7482,68.9867,4.06889
-0.887759,586.656,13.8685,69.8343,4.00095
-3.5023,550.39,11.7196,60.1026,3.67721
-2.64449,595.635,13.1286,66.9219,3.77897
-3.65286,527.798,11.1704,57.3473,3.65977
-1.87932,536.503,12.1928,61.8199,3.87332
-1.0135,546.873,12.8638,64.8314,3.98441
-2.86345,537.701,11.7479,59.9762,3.7526
-3.32029,541.47,11.6147,59.4877,3.69846
-4.24171,599.506,12.3889,63.8703,3.59273
-1.75729,534.002,12.1952,61.7794,3.8887
-3.24367,588.011,12.652,64.7656,3.70746
-2.34268,574.859,12.8248,65.2353,3.81577
1.72099,592.587,15.518,76.7651,4.36888
-3.35511,501.993,10.7528,55.0868,3.69438
-1.79955,597.08,13.6127,68.9809,3.88336
0.328613,562.294,13.9455,69.639,4.16638
1.05499,556.474,14.1992,70.5572,4.27019
-0.432564,561.147,13.5064,67.798,4.06167
-0.951702,570.083,13.4426,67.7197,3.99253
0.109693,593.978,14.6052,73.0421,4.13585
-3.69787,503.837,10.6439,54.6617,3.65458
-0.333631,517.543,12.5056,62.7317,4.07505
0.220984,550.393,13.5928,67.9274,4.15133
-4.80525,512.162,10.3439,53.5436,3.53026
1.72251,591.437,15.4889,76.62,4.36911
1.62114,586.813,15.3073,75.7736,4.35387
-0.062473,543.948,13.2848,66.5167,4.11208
-4.42248,542.161,11.1218,57.4123,3.57252
1.90895,546.538,14.417,71.2287,4.39737
-1.60427,583.494,13.4069,67.8455,3.9081
-1.95091,593.844,13.4575,68.2661,3.86435
-3.10827,565.498,12.2341,62.5666,3.72344
-4.75561,593.137,12.0036,62.1125,3.5357
0.55869,565.782,14.1592,70.5955,4.19884
-2.61347,552.167,12.1856,62.1018,3.78273
-1.84069,559.39,12.7326,64.5392,3.87818
1.12401,528.971,13.5339,67.2196,4.28026
-0.56253,552.302,13.2254,66.447,4.04419
-1.80605,576.916,13.1496,66.6371,3.88254
-4.37172,573.935,11.798,60.8805,3.57818
-1.22126,578.292,13.4912,68.0911,3.95732
-2.01044,552.52,12.4913,63.3912,3.8569
-2.94505,548.73,11.9496,61.0412,3.74284
0.389699,517.621,12.8684,64.2334,4.17496
0.571509,537.831,13.4665,67.1358,4.20066
-2.28247,592.342,13.2468,67.3531,3.82317
-2.7079,551.677,12.1288,61.8531,3.7713
-2.38805,540.416,12.0346,61.2349,3.8102
-3.34273,516.986,11.0795,56.7555,3.69583
-0.256191,558.773,13.5431,67.9001,4.08557
0.334152,515.266,12.782,63.8262,4.16716
1.637,597.887,15.6058,77.243,4.35625
1.62065,596.655,15.5638,77.0432,4.35379
-3.05565,598.431,12.9741,66.3261,3.72968
-0.505579,576.39,13.8333,69.474,4.05184
-3.31362,543.232,11.6556,59.6946,3.69924
-4.46327,504.25,10.327,53.3248,3.56798
-1.52766,557.092,12.8393,64.9389,3.91787
-4.7754,540.313,10.9258,56.5433,3.53353
1.28222,548.524,14.121,70.0608,4.30347
-1.5113,589.182,13.5878,68.7164,3.91997
-3.83311,538.757,11.3195,58.1873,3.63906
-3.65953,547.141,11.5767,59.4358,3.659
-4.89592,528.787,10.6402,55.1134,3.52035
-1.81088,570.831,13.0084,65.9238,3.88193
-0.961806,508.862,11.9942,60.4274,3.9912
-0.0338822,578.805,14.152,70.8449,4.11601
-4.69732,528.889,10.7289,55.493,3.5421
-4.56079,522.574,10.6599,55.0822,3.55716
-1.53811,568.532,13.0976,66.2497,3.91654
-1.32697,507.009,11.7787,59.4914,3.94365
-3.16147,597.655,12.9022,66.0078,3.71715
-1.05832,549.456,12.9016,65.0421,3.97855
-3.33598,502.018,10.7616,55.1246,3.69662
-0.378511,562.141,13.5592,68.0378,4.06897
-3.99756,551.432,11.5089,59.2301,3.62031
-4.00572,533.492,11.1308,57.2875,3.61938
1.22857,596.623,15.3271,76.0726,4.29558
-2.97826,570.424,12.4054,63.3845,3.73888
-2.16425,553.545,12.4378,63.1876,3.83778
-1.79823,592.934,13.5189,68.5049,3.88353
-3.76852,560.95,11.8166,60.7148,3.64646
-1.88013,520.875,11.8373,60.0176,3.87322
-1.22842,508.939,11.8699,59.9111,3.9564
-1.7147,589.17,13.4779,68.2573,3.89408
-4.97123,592.601,11.8877,61.6083,3.51216
-2.30059,528.934,11.8202,60.1072,3.82094
-0.187112,578.847,14.0679,70.4978,4.095
-0.963983,575.293,13.5589,68.3111,3.99091
0.776911,525.639,13.2675,66.0514,4.22999
-2.07451,526.167,11.8651,60.2403,3.84892
-2.18019,586.547,13.1709,66.9195,3.8358
-2.36861,546.086,12.1703,61.9171,3.81259
-0.560799,598.429,14.331,72.0006,4.04442
-1.70465,507.376,11.6114,58.8006,3.89536
0.243317,548.421,13.556,67.7331,4.15444
-3.98428,592.962,12.3823,63.7191,3.62182
-2.21579,548.722,12.304,62.5306,3.8314
-0.255525,544.658,13.2013,66.1864,4.08567
-2.52376,581.216,12.8729,65.5632,3.79363
-0.530698,584.993,14.0259,70.4531,4.04846
-3.98199,567.173,11.8449,60.9526,3.62208
0.769941,590.943,14.9117,74.2407,4.22899
-0.372684,585.938,14.1364,70.9315,4.06976
-4.03507,507.421,10.5742,54.4346,3.61605
-3.17073,531.781,11.4758,58.7143,3.71606
-1.96495,557.659,12.6304,64.0768,3.86259
1.34435,506.234,13.0639,64.7888,4.31264
-2.80845,569.366,12.4672,63.6241,3.7592
0.889759,532.893,13.51,67.2077,4.24623
0.0602679,586.788,14.4004,72.0422,4.129
-0.877904,552.955,13.0769,65.8438,4.00225
1.51943,584.191,15.1788,75.1886,4.33865
-1.38254,518.183,12.0117,60.6918,3.93648
-0.32039,593.605,14.3509,71.9821,4.07685
-0.829351,502.261,11.9009,59.9024,4.00866
-3.10979,526.043,11.3799,58.1984,3.72326
-0.476739,527.836,12.6825,63.6815,4.05572
-3.39246,556.147,11.8948,60.9537,3.69001
-3.91406,543.351,11.3786,58.5251,3.62981
-4.59959,552.579,11.2541,58.1691,3.55287
1.96694,568.632,15.0336,74.2461,4.40622
-0.546443,522.239,12.5135,62.8632,4.04635
0.282346,556.956,13.7881,68.8745,4.1599
-3.08688,569.651,12.3346,63.071,3.72597
0.393989,566.664,14.09,70.3291,4.17557
-1.66313,536.032,12.2875,62.2065,3.90062
-4.65022,540.586,10.9872,56.8101,3.54728
-0.274456,571.234,13.8352,69.3731,4.08309
0.619871,510.373,12.8032,63.808,4.20754
-4.83176,541.499,10.9246,56.5602,3.52736
-4.57969,504.828,10.2899,53.1779,3.55507
-2.02022,576.68,13.0324,66.1418,3.85568
-2.79705,512.849,11.2349,57.3303,3.76057
-3.53131,578.423,12.3021,63.1028,3.67384
-4.59992,556.597,11.3358,58.5914,3.55283
-1.73597,558.229,12.7593,64.6275,3.89139
1.54956,569.69,14.8194,73.3934,4.34315
-0.880669,534.527,12.6397,63.6437,4.00188
-2.36819,590.016,13.1495,66.8989,3.81264
-4.74327,520.299,10.5349,54.5076,3.53705
1.94564,558.432,14.7517,72.8645,4.40297
-2.42377,577.016,12.8312,65.3049,3.80583
-3.01513,526.524,11.4337,58.4349,3.73449
1.22339,585.566,15.0401,74.6504,4.29482
-4.19556,524.694,10.8632,55.9864,3.59792
-4.27109,551.76,11.3886,58.7258,3.58943
-4.71183,564.607,11.4466,59.2119,3.5405
0.101938,514.093,12.6371,63.2027,4.13477
-3.48957,549.842,11.714,60.0682,3.67869
1.70045,510.638,13.3614,66.1056,4.36579
-0.132296,577.869,14.0744,70.5043,4.10249
0.997902,521.094,13.2669,65.9496,4.26189
-2.22181,513.101,11.5025,58.4598,3.83066
-4.24274,568.756,11.7529,60.5921,3.59262
-3.96818,582.045,12.1623,62.5796,3.62365
1.95145,596.505,15.761,77.8467,4.40386
0.472575,562.099,14.0196,69.9405,4.18665
-0.757336,522.177,12.4081,62.4244,4.0182
-1.07675,526.867,12.3622,62.3305,3.97614
-0.992001,569.896,13.4168,67.6083,3.98723
-2.68817,584.966,12.8708,65.6282,3.77369
0.552857,543.858,13.6074,67.8471,4.19801
-4.43598,511.178,10.4805,54.1068,3.57101
0.751162,526.971,13.2877,66.1637,4.22629
-3.17332,512.985,11.069,56.6342,3.71575
-2.69394,527.705,11.6082,59.1927,3.77299
-1.94454,594.801,13.4826,68.3904,3.86514
-1.98847,570.351,12.9057,65.4844,3.85965
-3.62132,505.784,10.7181,55.0132,3.66342
-2.53018,558.496,12.3666,62.9869,3.79284
-1.80809,577.047,13.1515,66.6478,3.88228
0.662495,554.242,13.9269,69.3883,4.21361
-1.6862,599.304,13.7253,69.4965,3.89769
0.0968804,585.665,14.3935,71.9899,4.13407
1.88893,524.831,13.8337,68.3557,4.39433
-3.14603,515.054,11.1259,56.9141,3.71897
-2.65468,513.225,11.3075,57.6433,3.77773
-4.01198,579.258,12.0826,62.189,3.61867
-3.30814,503.933,10.8148,55.3861,3.69988
1.13384,544.254,13.9302,69.1835,4.28169
1.05448,563.419,14.3762,71.4366,4.27011
-0.560494,543.958,13.0267,65.4476,4.04446
-2.70475,507.785,11.1652,56.938,3.77168
-2.76237,524.002,11.4952,58.6443,3.76474
0.102747,574.888,14.1319,70.6786,4.13489
1.1487,572.898,14.6719,72.8595,4.28387
0.256011,529.095,13.0848,65.3732,4.15622
-2.42316,507.563,11.2871,57.4456,3.8059
0.116399,504.717,12.4136,62.0791,4.13678
1.68596,527.428,13.7929,68.2474,4.36361
-4.8814,596.843,12.0168,62.237,3.52194
-2.03892,577.383,13.0386,66.1817,3.85335
-0.446372,583.068,14.0263,70.4148,4.05981
0.447699,551.551,13.7432,68.5728,4.18313
-2.06301,595.296,13.4301,68.1807,3.85035
-4.44444,544.741,11.1648,57.6431,3.57007
-4.0456,501.637,10.4492,53.7951,3.61486
-4.66028,537.411,10.9182,56.4574,3.54618
-2.43855,581.57,12.9248,65.7881,3.80402
-1.96289,577.551,13.082,66.367,3.86285
-4.04074,531.792,11.0795,57.0382,3.61541
-2.08479,515.47,11.6191,58.9956,3.84764
-1.3077,594.711,13.8267,69.8262,3.94613
-2.87274,579.924,12.6657,64.666,3.75149
-3.01467,582.492,12.6494,64.6474,3.73455
1.93812,544.087,14.3686,70.9756,4.40182
-4.1868,591.238,12.2453,63.1052,3.59891
1.88727,503.202,13.2627,65.5351,4.39407
1.3864,521.895,13.4901,66.8837,4.31887
-4.76588,535.575,10.8342,56.0653,3.53457
1.78132,572.589,15.0296,74.3186,4.378
-1.40319,544.63,12.6144,63.7462,3.93383
-3.59818,561.819,11.9167,61.1551,3.66609
0.165562,539.082,13.2845,66.4119,4.14361
-0.33572,534.919,12.9244,64.8334,4.07477
-1.31246,527.201,12.2548,61.8902,3.94552
0.586579,560.651,14.0461,70.0184,4.2028
-0.256516,577.497,13.9967,70.1747,4.08553
-0.718977,558.283,13.2862,66.8245,4.0233
-4.93616,588.624,11.8249,61.2671,3.51597
1.1037,593.206,15.1653,75.3329,4.27729
-0.0224004,518.492,12.683,63.4864,4.11759
1.26923,559.423,14.3943,71.423,4.30156
-4.94553,580.601,11.6592,60.413,3.51495
-4.46275,587.197,12.026,62.0975,3.56803
-2.12483,575.642,12.9547,65.7954,3.84267
-0.123253,500.75,12.2005,61.1132,4.10373
-1.88881,581.982,13.2214,67.0395,3.87213
1.14239,583.166,14.9312,74.1504,4.28294
-3.38422,591.345,12.6518,64.8291,3.69098
-3.96038,585.04,12.2287,62.9181,3.62453
0.602022,575.926,14.4376,71.962,4.205
-1.89292,518.565,11.7787,59.7262,3.87161
-1.43831,539.048,12.4677,63.0202,3.92932
-1.14118,553.467,12.9532,65.3394,3.96773
-3.32385,543.709,11.661,59.7267,3.69804
0.626827,570.118,14.3058,71.2935,4.20853
1.99792,561.226,14.8556,73.352,4.41096
-0.884281,554.822,13.1178,66.0524,4.00141
-2.17273,579.621,13.0193,66.1457,3.83673
-2.95463,566.875,12.34,63.0395,3.7417
-4.90034,595.22,11.9749,62.0283,3.51987
-1.74736,530.015,12.1089,61.3381,3.88995
1.73298,532.481,13.9506,69.0055,4.37069
-0.988161,586.509,13.81,69.5879,3.98774
1.93864,500.083,13.2068,65.2365,4.4019
0.186076,557.462,13.7485,68.722,4.14646
-4.5017,514.043,10.5111,54.2905,3.56371
-3.84588,559.611,11.7516,60.4138,3.6376
1.19111,572.286,14.6805,72.8814,4.29008
-4.0039,567.386,11.8388,60.9309,3.61959
-4.00265,593.001,12.3739,63.6843,3.61973
-0.864701,548.241,12.9722,65.3107,4.00399
-1.647,595.999,13.6709,69.2024,3.90267
1.30066,533.85,13.7531,68.2271,4.30619
-4.3846,598.999,12.3067,63.5117,3.57674
-1.70255,567.687,12.9927,65.7947,3.89562
0.0198667,552.66,13.5413,67.7631,4.12342
-4.01241,535.915,11.1783,57.5348,3.61862
-1.50557,589.073,13.5884,68.7168,3.9207
1.66432,596.715,15.5918,77.1593,4.36035
1.27669,561.697,14.457,71.7305,4.30266
0.0536518,516.269,12.6665,63.3706,4.12809
1.02943,592.076,15.0926,75.0094,4.26647
-0.403207,536.208,12.9211,64.8469,4.06563
-1.78277,560.902,12.7965,64.8371,3.88548
-4.01804,594.58,12.3991,63.821,3.61798
-2.15914,555.825,12.4916,63.4585,3.83841
-0.556831,538.755,12.9039,64.8292,4.04496
-2.52494,597.006,13.222,67.3417,3.79348
-1.24834,590.726,13.7665,69.4936,3.95381
-0.0859741,543.278,13.2561,66.384,4.10885
-0.569106,545.254,13.0533,65.585,4.04331
-0.902025,594.883,14.0551,70.7806,3.99907
0.584212,590.51,14.7928,73.7418,4.20247
-2.12864,501.911,11.2937,57.3609,3.84219
-4.97727,501.367,10.0551,52.1128,3.5115
-2.65804,551.909,12.1582,61.9813,3.77733
-4.91148,531.757,10.6932,55.394,3.51866
-4.36146,527.023,10.8382,55.9235,3.57932
-4.32918,579.01,11.9229,61.5063,3.58293
-2.212,509.271,11.4211,58.0421,3.83187
-3.01206,549.468,11.9335,60.9875,3.73486
1.70751,532.231,13.9302,68.9167,4.36685
-4.38858,530.207,10.8916,56.2103,3.57629
-2.89497,553.374,12.075,61.66,3.74883
-4.84321,545.706,11.0043,56.9777,3.52611
0.908196,576.03,14.6142,72.6913,4.24889
-2.79975,596.563,13.0673,66.6825,3.76024
-0.284828,572.304,13.8554,69.4795,4.08168
-1.96876,539.622,12.22,61.9965,3.86211
-2.23689,547.679,12.2703,62.3684,3.8288
1.45203,548.826,14.2225,70.4839,4.32861
-1.96323,542.23,12.2818,62.3074,3.8628
1.16906,593.795,15.2191,75.5669,4.28685
-1.77097,579.293,13.2223,66.989,3.88697
-0.434841,582.191,14.0116,70.3352,4.06136
0.644831,522.663,13.1243,65.3974,4.21109
0.998653,512.904,13.0587,64.9147,4.262
-2.57514,581.464,12.8519,65.4798,3.78738
-3.41308,555.326,11.8674,60.8219,3.68761
0.549683,523.492,13.0962,65.2996,4.19756
-4.12823,581.453,12.0713,62.1825,3.60551
-4.14566,578.441,12.0003,61.8244,3.60354
-3.35889,516.704,11.0662,56.694,3.69394
-1.17389,560.746,13.1065,66.1278,3.96348
-4.94344,516.062,10.3641,53.7013,3.51518
-0.698923,534.198,12.7231,63.9835,4.02597
-1.57438,539.459,12.4099,62.7871,3.91191
-1.83134,551.143,12.5495,63.6072,3.87936
-3.17789,548.444,11.832,60.5397,3.71521
-0.124289,501.155,12.2099,61.1607,4.10359
-4.20371,585.363,12.1153,62.4428,3.597
-0.814393,599.403,14.2111,71.523,4.01064
-4.23966,512.864,10.5993,54.6434,3.59296
0.0584831,541.057,13.2772,66.4238,4.12876
-1.20501,558.501,13.0379,65.7959,3.95943
-1.55673,521.37,12.0022,60.7169,3.91416
-4.41499,540.915,11.0997,57.2948,3.57335
-2.27831,519.324,11.6158,59.0586,3.82369
-0.71048,528.199,12.5745,63.2411,4.02443
0.936095,552.459,14.0315,69.7797,4.25293
-4.8662,558.456,11.2509,58.2639,3.5236
-2.37549,566.857,12.6297,64.2575,3.81174
0.416287,533.171,13.2688,66.2202,4.17871
-0.364996,567.694,13.7004,68.7401,4.0708
-3.47314,558.934,11.9156,61.0949,3.6806
-1.61673,574.395,13.1913,66.7603,3.90652
-3.78076,541.344,11.398,58.5688,3.64506
-4.61645,532.31,10.8339,56.0038,3.55101
-0.67443,534.069,12.7324,64.0192,4.02923
-0.386143,517.563,12.4802,62.6267,4.06794
1.48992,505.892,13.1293,65.0493,4.33425
-1.7648,533.825,12.1875,61.7436,3.88775
0.575705,581.016,14.5502,72.5363,4.20126
0.698216,540.24,13.5941,67.7136,4.21871
-4.27278,543.688,11.2212,57.8633,3.58925
-2.81029,536.512,11.747,59.9492,3.75898
0.414486,503.492,12.5293,62.5304,4.17845
0.737912,544.708,13.7278,68.3613,4.22439
-0.611041,537.695,12.851,64.5873,4.0377
-0.892194,563.559,13.3202,67.0752,4.00036
-0.813242,530.72,12.5833,63.3299,4.01079
0.702921,547.193,13.7716,68.5955,4.21939
-2.03916,510.563,11.5295,58.5221,3.85332
-2.81535,536.167,11.7371,59.9006,3.75837
-4.06172,547.28,11.3925,58.6582,3.61303
-4.4291,586.181,12.0216,62.0601,3.57178
-3.51107,502.818,10.7029,54.8918,3.67619
1.63885,506.898,13.2318,65.4917,4.35652
1.48057,596.958,15.487,76.7357,4.33286
-4.55954,544.313,11.1039,57.376,3.5573
-4.92642,569.183,11.4388,59.263,3.51703
-4.15507,585.18,12.1354,62.525,3.60248
-1.8947,561.805,12.76,64.7027,3.87139
-0.0413936,581.046,14.2026,71.1018,4.11498
-1.01234,522.085,12.2813,61.8951,3.98457
-3.36643,572.362,12.2545,62.7852,3.69306
-1.23785,560.823,13.0751,65.9984,3.95517
-2.88881,505.979,11.0436,56.3905,3.74956
1.56145,580.47,15.1068,74.8108,4.34493
-4.40804,562.808,11.5522,59.6276,3.57412
-4.35544,560.945,11.5386,59.535,3.57999
-4.18777,584.681,12.109,62.4034,3.5988
0.802818,517.348,13.0714,65.064,4.23371
0.719318,585.92,14.7557,73.4893,4.22173
1.4616,517.393,13.413,66.4675,4.33003
-1.28732,588.998,13.705,69.2018,3.94877
-1.63986,515.837,11.8356,59.9087,3.90358
1.45169,568.235,14.7253,72.9756,4.32856
-2.58604,534.016,11.7981,60.115,3.78605
-2.93216,583.534,12.7141,64.9405,3.74438
-3.10893,526.056,11.3806,58.2016,3.72336
1.64667,511.735,13.3621,66.1332,4.3577
-3.35369,534.746,11.455,58.6837,3.69455
0.986267,538.487,13.7034,68.1252,4.2602
-3.99226,539.536,11.263,57.9626,3.62091
-3.93298,516.72,10.8127,55.6215,3.62765
-3.79505,549.026,11.553,59.3716,3.64342
-1.9373,508.034,11.5191,58.4279,3.86605
0.91628,534.926,13.5756,67.5219,4.25006
-4.19767,537.164,11.1204,57.3129,3.59768
-3.96474,530.402,11.0847,57.0337,3.62404
-2.90533,568.089,12.3909,63.2779,3.74759
-1.00151,563.333,13.2573,66.809,3.98599
-3.78657,525.458,11.0609,56.8391,3.64439
-0.595099,588.642,14.0775,70.7438,4.03983
-3.28362,531.668,11.4213,58.482,3.70276
-0.498776,551.173,13.2317,66.4492,4.05275
-4.11451,500.664,10.3998,53.5672,3.60706
-2.32553,553.284,12.352,62.8226,3.81788
-3.65144,560.255,11.858,60.8768,3.65994
1.09652,589.692,15.0712,74.8692,4.27624
-1.91602,529.619,12.0188,60.953,3.86872
-3.53224,582.355,12.3853,63.5299,3.67374
-4.46769,592.777,12.1378,62.6773,3.56749
1.97599,586.309,15.5064,76.5764,4.4076
-0.949287,596.86,14.0754,70.9062,3.99284
-2.44959,563.354,12.5145,63.7043,3.80267
-3.60359,568.156,12.0485,61.8338,3.66547
-3.6849,520.892,11.01,56.5366,3.65608
-4.65798,515.245,10.4688,54.1329,3.54643
-1.59877,581.296,13.3593,67.6022,3.9088
-3.53503,588.419,12.5128,64.1855,3.67341
-2.36039,580.208,12.935,65.8038,3.8136
-1.01066,530.843,12.4881,62.9368,3.98479
-4.17212,563.43,11.6763,60.1667,3.60056
-2.34807,551.13,12.2928,62.5314,3.81511
-3.46274,556.633,11.8715,60.8644,3.68182
-2.05832,515.395,11.6297,59.0386,3.85094
0.192959,521.88,12.8745,64.3499,4.14742
-1.20188,556.917,13.0025,65.616,3.95984
-3.51073,504.704,10.7432,55.0983,3.67623
-1.30847,563.413,13.0987,66.1499,3.94603
-3.42944,528.76,11.2922,57.8808,3.6857
-0.384503,514.416,12.4051,62.2494,4.06816
-0.0894845,556.532,13.5777,67.9958,4.10837
-3.37876,527.757,11.2939,57.8685,3.69161
-1.25938,596.325,13.8909,70.1268,3.95238
-0.677085,594.553,14.1729,71.2632,4.02888
0.53819,569.222,14.2339,70.9775,4.19593
-0.723621,500.777,11.9155,59.9321,4.02268
0.764283,575.847,14.5276,72.331,4.22817
-4.68451,505.298,10.2556,53.0406,3.54351
1.34978,507.216,13.092,64.9259,4.31345
-3.23618,564.204,12.1434,62.1589,3.70834
-1.36223,541.921,12.5721,63.5144,3.9391
-4.22087,566.924,11.7255,60.4412,3.59507
-2.23043,590.434,13.2316,67.2514,3.82959
0.299728,538.875,13.3496,66.6761,4.16233
-4.29528,570.52,11.7643,60.6734,3.58672
-4.80979,590.203,11.9179,61.6929,3.52976
0.563666,559.619,14.0077,69.8378,4.19955
-2.20008,576.749,12.9406,65.7586,3.83334
-2.94187,536.201,11.6783,59.6537,3.74322
1.81631,518.416,13.6261,67.3628,4.3833
-1.92066,524.872,11.9088,60.3974,3.86814
-2.49082,599.804,13.3022,67.7337,3.79764
1.3477,540.78,13.9572,69.2175,4.31314
0.805056,513.724,12.981,64.6129,4.23403
0.715464,502.735,12.6589,63.0479,4.22118
-1.12671,547.915,12.8306,64.7146,3.96962
1.73278,519.542,13.6114,67.3282,4.37066
-2.37091,519.39,11.5743,58.8857,3.8123
-4.47221,503.857,10.3152,53.2672,3.56698
0.0473674,508.071,12.4623,62.3517,4.12722
-4.08259,511.079,10.6299,54.7399,3.61067
-1.61636,507.879,11.6639,59.0301,3.90656
0.899118,596.69,15.133,75.2764,4.24758
1.16323,595.59,15.2617,75.7811,4.28599
1.7026,592.626,15.508,76.7249,4.36611
1.87032,501.754,13.2158,65.311,4.3915
1.9917,579.434,15.3339,75.7166,4.41001
1.94944,515.02,13.607,67.2083,4.40355
-2.51513,527.699,11.6917,59.5432,3.79468
-0.664211,558.131,13.3114,66.9259,4.0306
-2.14618,565.287,12.7108,64.5664,3.84002
-2.69608,522.246,11.4872,58.5763,3.77273
1.76729,579.409,15.2003,75.1698,4.37588
1.06592,518.814,13.2439,65.8054,4.27178
-4.90555,582.128,11.709,60.6533,3.51931
-4.07751,512.075,10.6529,54.856,3.61124
-3.89848,575.346,12.0563,62.0035,3.63159
-1.1301,529.761,12.4038,62.5635,3.96918
-2.86241,503.165,10.9938,56.126,3.75272
1.66652,599.141,15.6565,77.4784,4.36068
-3.04452,550.33,11.9366,61.0175,3.731
1.15156,587.346,15.0436,74.7039,4.28429
-2.75123,542.517,11.9067,60.7388,3.76608
1.74829,535.148,14.0288,69.3852,4.373
-2.84088,555.21,12.1414,61.9756,3.7553
-2.49747,563.815,12.5007,63.6556,3.79683
-4.03257,578.979,12.0666,62.1162,3.61633
0.0467826,556.573,13.6516,68.3026,4.12714
0.544176,563.233,14.0874,70.2443,4.19678
-1.23853,542.736,12.653,63.8685,3.95508
-0.143346,561.625,13.6729,68.4978,4.10098
0.450406,548.392,13.6659,68.186,4.18352
-2.11483,556.256,12.5234,63.6006,3.84391
1.62194,574.34,14.9824,74.1648,4.35399
-0.689363,528.617,12.595,63.3348,4.02724
-0.504439,548.761,13.1708,66.1462,4.05199
-4.73706,598.366,12.1186,62.6992,3.53773
-0.270515,592.107,14.3429,71.9172,4.08363
-0.350058,595.707,14.3849,72.1673,4.07283
-3.2936,504.585,10.8351,55.4846,3.70159
-4.88077,510.843,10.2855,53.2703,3.52201
1.81432,532.185,13.9869,69.1475,4.383
1.04734,500.723,12.7729,63.4727,4.26907
-0.0812713,539.142,13.1576,65.8886,4.10949
0.688648,551.293,13.867,69.0776,4.21735
-2.10205,590.219,13.2948,67.5123,3.8455
-2.14826,540.994,12.1635,61.7874,3.83976
0.0593887,511.267,12.5466,62.7684,4.12888
1.49944,593.527,15.4093,76.341,4.33567
-4.10752,577.35,11.9962,61.7866,3.60785
1.06075,582.202,14.8591,73.833,4.27103
-3.7429,553.447,11.6707,59.954,3.6494
-2.4476,507.265,11.2694,57.3655,3.80292
-3.22413,505.248,10.8798,55.6859,3.70976
0.401623,586.837,14.596,72.8509,4.17664
-2.81095,576.29,12.6176,64.3926,3.7589
-0.496681,514.015,12.3407,61.9737,4.05303
-4.27197,518.71,10.706,55.2065,3.58934
-0.685129,522.544,12.4524,62.6158,4.02781
-0.170007,535.793,13.0303,65.2906,4.09733
-0.102752,546.285,13.3207,66.7149,4.10654
-2.08774,588.954,13.2739,67.3993,3.84727
-4.43198,569.115,11.6702,60.2474,3.57146
-4.39027,539.072,11.0729,57.1468,3.57611
-4.32181,564.829,11.6344,60.0148,3.58375
-2.73342,562.653,12.3574,63.0305,3.76823
-3.76531,515.335,10.8571,55.7837,3.64683
-4.26648,537.153,11.0892,57.1799,3.58995
-0.516739,575.128,13.797,69.2967,4.05034
-0.0117236,510.146,12.4841,62.4862,4.11906
-0.138862,521.151,12.6898,63.5707,4.10159
0.818273,566.9,14.3321,71.3315,4.23593
1.85486,535.161,14.0873,69.6249,4.38915
1.99333,509.068,13.4726,66.5252,4.41026
1.71689,538.917,14.1103,69.8034,4.36827
0.550113,525.022,13.1348,65.4915,4.19762
-2.68356,551.117,12.1283,61.8401,3.77424
0.857576,586.463,14.8495,73.887,4.24159
-2.09273,569.921,12.8424,65.2106,3.84665
-3.08716,529.012,11.4545,58.5709,3.72594
-0.839405,520.088,12.3184,62.0082,4.00733
1.67736,548.83,14.3479,70.9972,4.36231
-4.19635,568.656,11.773,60.6756,3.59783
-1.00752,583.269,13.7232,69.1596,3.9852
-0.67488,597.297,14.2395,71.5973,4.02917
-2.43817,520.811,11.5747,58.9157,3.80407
1.93759,544.839,14.3882,71.0725,4.40174
-4.5185,582.789,11.9087,61.5164,3.56185
-2.60089,556.139,12.2795,62.5746,3.78425
-1.17733,552.448,12.9108,65.1419,3.96303
0.28829,588.612,14.5752,72.8031,4.16073
-0.0247823,576.105,14.091,70.5354,4.11726
-1.57144,567.627,13.0594,66.0718,3.91229
0.718339,553.301,13.9337,69.3957,4.22159
1.66837,520.774,13.6096,67.3483,4.36096
-4.41894,559.047,11.4699,59.2075,3.57291
-2.67173,513.313,11.3017,57.6207,3.77567
-1.95217,588.74,13.3411,67.6766,3.86419
0.453092,568.555,14.1698,70.6992,4.1839
-2.33176,597.994,13.3468,67.8851,3.81711
-3.72623,508.747,10.7353,55.1423,3.65132
-2.86447,555.574,12.1379,61.9678,3.75248
-1.58772,580.774,13.3532,67.5661,3.91021
-0.389714,594.13,14.3244,71.8833,4.06746
1.60759,528.041,13.767,68.1548,4.35183
-1.47417,522.472,12.0671,61.0105,3.92472
-3.82888,573.53,12.0521,61.9515,3.63954
-3.00608,567.795,12.3345,63.0342,3.73557
-3.04531,554.468,12.026,61.4747,3.73091
-1.73116,529.2,12.0981,61.2764,3.892
-0.613866,526.966,12.5932,63.2927,4.03732
-3.39158,527.723,11.2873,57.8401,3.69012
0.547261,514.018,12.858,64.1129,4.19722
-4.71385,545.495,11.0583,57.2037,3.54028
-0.249721,518.877,12.5793,63.0654,4.08646
1.36492,552.221,14.262,70.7212,4.31569
-0.0067603,517.603,12.6691,63.4098,4.11975
0.300254,570.649,14.137,70.6088,4.16241
1.19746,503.132,12.9097,64.0877,4.29101
-1.85469,508.768,11.5739,58.6717,3.87642
-2.11597,500.798,11.2743,57.2576,3.84377
-4.29781,579.211,11.9422,61.5923,3.58644
0.335082,523.223,12.9798,64.8137,4.16729
-3.16277,538.283,11.6198,59.448,3.717
0.34032,572.815,14.213,70.9689,4.16802
-1.6731,594.662,13.6261,68.9879,3.89936
-3.15371,534.389,11.54,59.0356,3.71807
-3.45373,595.021,12.6948,65.0815,3.68286
-1.58517,546.523,12.567,63.5867,3.91054
1.12741,579.465,14.8277,73.6442,4.28075
-1.96712,577.237,13.0727,66.3215,3.86232
0.357136,535.766,13.3025,66.4149,4.17038
-0.238408,563.864,13.6761,68.5585,4.088
-0.163585,522.137,12.7014,63.6398,4.09821
-3.48312,527.381,11.2384,57.6268,3.67944
0.454283,589.503,14.6926,73.3068,4.18406
-0.0536298,538.795,13.1635,65.9055,4.11329
0.10364,523.623,12.8722,64.3779,4.13501
1.65122,512.71,13.39,66.269,4.35838
-0.366504,587.533,14.1784,71.1389,4.0706
-2.86533,559.332,12.2196,62.3851,3.75237
-1.36636,519.539,12.0509,60.883,3.93857
0.678874,536.138,13.4806,67.1573,4.21595
0.945097,541.583,13.7601,68.4258,4.25423
-0.185029,505.541,12.2873,61.5741,4.09528
-3.7955,594.644,12.5127,64.3038,3.64337
-2.65897,540.365,11.9034,60.683,3.77722
-3.35768,544.284,11.6574,59.7225,3.69408
-1.49571,518.145,11.9569,60.4623,3.92196
1.35342,565.724,14.6042,72.4236,4.31399
0.780636,591.256,14.9259,74.3058,4.23052
1.79438,541.978,14.2333,70.3749,4.37997
-4.0637,547.584,11.3979,58.6869,3.61281
-4.96923,572.261,11.4806,59.4977,3.51238
0.23885,535.619,13.2372,66.1424,4.15382
1.02623,559.291,14.2551,70.8486,4.266
0.6059,556.032,13.941,69.485,4.20555
-0.912945,516.802,12.205,61.4684,3.99763
-2.18475,586.431,13.1659,66.8963,3.83524
-3.81733,515.286,10.8333,55.6817,3.64086
1.541,588.24,15.2968,75.7623,4.34187
-3.80386,527.474,11.0956,57.0243,3.64241
-1.80701,508.243,11.5839,58.7032,3.88242
-1.46541,517.631,11.9595,60.4625,3.92584
-1.5966,564.893,12.9835,65.6993,3.90908
1.11769,533.224,13.6393,67.7462,4.27933
1.829,516.775,13.5897,67.1771,4.38522
-2.18078,534.403,11.9998,60.9693,3.83573
-4.18241,510.642,10.5779,54.5109,3.5994
-1.2429,528.475,12.3184,62.1814,3.95452
0.798558,594.832,15.0267,74.7985,4.23309
-2.67037,562.704,12.3899,63.1679,3.77584
1.05158,529.681,13.5138,67.1526,4.26969
-1.31649,589.492,13.7006,69.1936,3.945
-4.71199,577.111,11.7001,60.5228,3.54048
-2.15052,565.186,12.7063,64.5456,3.83948
-1.02711,577.567,13.5785,68.4397,3.98263
-3.92723,559.279,11.706,60.2143,3.62831
-1.65645,556.793,12.7668,64.63,3.90147
0.0164742,591.547,14.4922,72.5232,4.12295
0.649252,531.452,13.3473,66.5066,4.21172
-2.34418,575.571,12.8399,65.3129,3.81559
1.92845,511.17,13.4942,66.6609,4.40035
-4.53337,548.856,11.2085,57.9057,3.5602
-3.69982,550.402,11.6267,59.7097,3.65436
-2.26407,538.079,12.0421,61.2201,3.82544
-2.56681,553.141,12.23,62.3075,3.78839
-1.69846,519.388,11.8893,60.205,3.89614
-3.03743,572.203,12.4146,63.4576,3.73184
-4.26863,549.846,11.3502,58.5268,3.58971
-0.740115,514.736,12.2396,61.5694,4.02049
-2.59331,596.019,13.164,67.0785,3.78517
-1.22703,588.703,13.731,69.3039,3.95658
-2.34032,590.529,13.1757,67.0187,3.81606
0.747277,530.671,13.379,66.6199,4.22574
-3.71081,556.798,11.7566,60.3815,3.65309
-2.03965,569.722,12.8652,65.3019,3.85326
1.86283,593.933,15.6392,77.2909,4.39036
-1.37451,528.06,12.2446,61.8649,3.93752
-3.89938,507.559,10.6354,54.6967,3.63148
-1.10241,511.714,11.9944,60.487,3.97279
-1.75567,531.264,12.1334,61.4658,3.8889
1.11726,536.943,13.7342,68.2177,4.27927
-3.9539,561.455,11.7388,60.3946,3.62527
-4.56809,584.898,11.9276,61.6364,3.55635
-1.16533,563.709,13.1802,66.4959,3.96459
-0.461712,520.135,12.5048,62.7831,4.05774
1.65546,555.756,14.5165,71.8425,4.35902
-4.24571,577.227,11.9266,61.4886,3.59228
1.6625,541.196,14.1401,69.9762,4.36008
-3.55857,508.553,10.8042,55.43,3.67068
-4.67992,529.048,10.7397,55.5421,3.54401
-0.626869,508.752,12.1517,61.0792,4.03558
-3.24407,511.347,11.0023,56.3208,3.70741
-3.46367,523.533,11.1651,57.2434,3.68171
-2.02721,561.882,12.6944,64.4297,3.85481
1.38663,508.789,13.1515,65.2046,4.3189
-3.22108,576.465,12.4149,63.5415,3.71012
-1.73953,506.877,11.5839,58.6755,3.89094
-1.04199,549.998,12.9227,65.1411,3.98068
1.58585,523.728,13.643,67.5509,4.34858
0.648276,539.27,13.5432,67.4828,4.21158
0.266956,543.477,13.4463,67.174,4.15775
0.221586,547.97,13.5333,67.6298,4.15141
-3.96245,514.273,10.7486,55.3036,3.6243
1.91645,574.838,15.168,74.935,4.39852
-4.72628,526.109,10.6599,55.1477,3.53892
1.92376,564.86,14.9089,73.6515,4.39963
-0.861072,525.751,12.4419,62.6389,4.00447
-3.76943,573.132,12.0728,62.0315,3.64636
-2.30722,502.583,11.2283,57.1002,3.82013
-0.609408,575.562,13.7569,69.1396,4.03791
-2.12077,562.354,12.6577,64.2852,3.84317
-3.79123,567.919,11.9524,61.4225,3.64385
-0.577271,556.504,13.3183,66.9204,4.04222
0.0790517,520.1,12.7732,63.8937,4.1316
-2.91435,588.597,12.8336,65.5427,3.74651
-4.37464,566.867,11.6513,60.1249,3.57785
-1.82742,577.335,13.148,66.6386,3.87985
-1.91475,560.918,12.7297,64.5579,3.86888
-4.74184,557.217,11.283,58.378,3.53721
-4.17396,519.856,10.7725,55.5102,3.60035
0.0280281,506.341,12.4104,62.1004,4.12455
-0.756906,571.611,13.583,68.3351,4.01826
0.624801,548.057,13.7512,68.5304,4.20824
0.776457,539.104,13.6071,67.7424,4.22992
1.57841,557.012,14.5058,71.8266,4.34746
-2.23767,523.599,11.7304,59.6247,3.8287
-1.78115,556.657,12.7005,64.3498,3.88568
0.136877,518.158,12.7545,63.7748,4.13962
0.948805,542.19,13.7775,68.5107,4.25477
-3.17248,540.87,11.6711,59.7144,3.71585
1.03386,505.839,12.8965,64.0932,4.26711
0.914561,557.932,14.1586,70.422,4.24981
-2.32406,513.366,11.4615,58.2928,3.81806
1.67288,513.643,13.4256,66.4358,4.36164
-0.588385,534.232,12.7797,64.2189,4.04073
0.696511,572.678,14.4093,71.7754,4.21847
1.17215,547.902,14.0446,69.7335,4.2873
-0.911491,531.731,12.5583,63.247,3.99782
1.11511,512.02,13.0956,65.0469,4.27896
-0.0585373,586.926,14.3366,71.7814,4.11262
-4.17456,512.296,10.6156,54.7018,3.60028
0.670118,532.75,13.3909,66.7141,4.2147
0.0122134,580.21,14.2121,71.1235,4.12236
-1.41161,509.471,11.7961,59.6145,3.93275
-1.40195,538.073,12.4632,62.9813,3.93399
-3.6045,596.873,12.657,64.9571,3.66536
-1.17836,569.252,13.3029,67.121,3.96289
-2.51564,573.068,12.6966,64.6614,3.79461
-1.39891,568.167,13.1618,66.5104,3.93438
-2.50056,514.602,11.4082,58.0934,3.79645
0.311825,594.278,14.7291,73.5601,4.16403
-0.255942,515.259,12.4886,62.613,4.08561
0.175154,526.149,12.9707,64.8389,4.14494
-0.62202,535.501,12.793,64.3007,4.03623
0.340815,556.166,13.8002,68.9073,4.16809
-1.05768,533.883,12.5363,63.1999,3.97863
-4.7486,542.061,10.9731,56.7772,3.53646
-3.29888,592.599,12.7224,65.1512,3.70097
-1.3086,578.886,13.4583,67.9662,3.94602
-3.85464,550.614,11.5585,59.4251,3.63659
-2.70207,563.264,12.3864,63.1644,3.77201
0.104363,550.775,13.5401,67.7177,4.13511
1.63826,571.054,14.9062,73.7792,4.35643
-2.38896,571.57,12.7279,64.763,3.81009
-2.21046,519.931,11.6609,59.2601,3.83206
-4.05534,520.844,10.845,55.8367,3.61375
-3.81066,591.043,12.4293,63.8821,3.64163
0.169489,553.48,13.6414,68.1943,4.14415
-4.87407,557.141,11.2208,58.1113,3.52274
-1.07576,571.184,13.4025,67.5756,3.97627
-1.62245,595.561,13.6743,69.2073,3.90579
-0.304068,592.386,14.3307,71.8726,4.07906
-2.44291,530.424,11.7861,59.9938,3.80349
-0.678736,575.6,13.7202,68.9879,4.02866
-4.35779,588.163,12.0973,62.4189,3.57973
-1.25835,536.516,12.4982,63.0955,3.95252
-0.23052,541.328,13.1335,65.8353,4.08907
-0.248694,503.552,12.2083,61.2048,4.0866
-2.02542,559.162,12.6339,64.1216,3.85504
-3.66031,570.571,12.072,61.9794,3.65891
-0.11305,573.949,13.9896,70.0699,4.10513
-0.801731,543.905,12.9018,64.9277,4.01232
-3.47031,577.621,12.3153,63.1435,3.68093
1.08616,525.51,13.4255,66.6981,4.27473
0.794738,588.519,14.8649,73.9955,4.23255
-1.39843,576.939,13.3653,67.5384,3.93444
-3.27093,528.664,11.3626,58.1762,3.70425
-1.11901,515.331,12.0713,60.8814,3.97062
-3.06487,529.405,11.4733,58.6578,3.72858
0.759874,553.037,13.9497,69.456,4.22754
-0.644507,534.844,12.766,64.1748,4.03322
-3.06681,540.867,11.7208,59.9239,3.72835
-4.90501,599.437,12.0574,62.4579,3.51936
-2.4511,536.564,11.9186,60.6718,3.80249
-3.76281,530.405,11.1758,57.4197,3.64712
-4.92419,533.059,10.7138,55.5059,3.51728
1.10013,536.126,13.7042,68.0763,4.27677
-2.33458,518.219,11.565,58.8235,3.81676
-3.79106,508.865,10.7097,55.036,3.64387
-1.46636,554.912,12.8203,64.8152,3.92572
-3.62953,542.449,11.4913,58.985,3.66247
-0.761982,539.737,12.823,64.5138,4.01759
-4.10898,534.813,11.1117,57.2315,3.60768
-1.63285,586.726,13.4658,68.1574,3.90447
-2.36208,524.551,11.6934,59.4881,3.81339
-1.66641,538.082,12.3329,62.4377,3.9002
-4.83093,566.909,11.4376,59.216,3.52745
0.54159,569.901,14.2527,71.07,4.19642
1.93385,589.573,15.5672,76.8987,4.40117
-3.02744,516.625,11.2132,57.3129,3.73303
-2.62308,574.209,12.6672,64.5604,3.78156
0.995743,598.3,15.2312,75.7155,4.26157
-2.75455,568.899,12.484,63.6855,3.76568
-1.93636,520.794,11.8089,59.8972,3.86617
1.89551,504.484,13.3007,65.7195,4.39533
-0.449811,505.524,12.1593,61.0433,4.05934
-3.25447,548.988,11.8072,60.4458,3.70619
-2.72196,557.645,12.2531,62.4931,3.76961
-1.22694,537.322,12.5326,63.2554,3.95659
-3.93423,548.299,11.4729,59.0183,3.62751
-2.147,564.32,12.6886,64.4543,3.83992
1.26725,545.313,14.0301,69.6171,4.30127
-0.963384,533.439,12.5728,63.3426,3.99099
-1.8896,525.961,11.9483,60.5847,3.87203
0.573376,507.92,12.7185,63.4058,4.20093
1.11192,518.238,13.253,65.8299,4.27849
-2.61316,505.301,11.1515,56.8314,3.78276
1.7191,539.586,14.1291,69.8951,4.3686
-3.90347,590.378,12.3688,63.613,3.63102
-0.0131882,527.363,12.9047,64.592,4.11886
1.91277,563.98,14.8793,73.5108,4.39796
-2.31284,513.583,11.4715,58.3391,3.81944
-2.56023,572.472,12.6607,64.499,3.78919
0.273727,572.982,14.18,70.8364,4.15869
0.751285,518.112,13.0644,65.0516,4.22631
-1.04923,553.275,12.996,65.5136,3.97974
-3.31539,522.55,11.2111,57.4185,3.69903
0.757453,586.268,14.7865,73.6237,4.22719
1.51502,591.711,15.3715,76.1456,4.33799
-0.0922681,551.032,13.442,67.3176,4.10798
-1.99355,561.916,12.7123,64.5051,3.85901
-2.47155,504.668,11.201,57.0267,3.79999
0.935127,582.704,14.7991,73.5976,4.25279
-4.18391,557.896,11.5561,59.5523,3.59923
-2.46253,592.846,13.1628,67.0106,3.80109
-1.64598,569.329,13.0597,66.1078,3.9028
-2.20895,500.785,11.2322,57.0807,3.83225
-3.50574,525.098,11.1795,57.3342,3.67681
0.629138,595.395,14.9415,74.4601,4.20886
-3.4339,523.665,11.1814,57.3146,3.68518
1.7946,541.099,14.2103,70.2612,4.38001
-4.7316,577.006,11.6886,60.472,3.53833
-1.55398,588.052,13.5387,68.4886,3.91451
-0.528139,593.941,14.2419,71.5368,4.04881
-0.898227,544.952,12.8773,64.8478,3.99957
1.96236,522.879,13.8215,68.2621,4.40552
-1.96026,582.101,13.1864,66.8956,3.86318
-1.75091,584.561,13.3532,67.6428,3.8895
-2.3777,558.063,12.4327,63.256,3.81147
1.90425,589.392,15.5446,76.802,4.39666
-1.20601,563.093,13.1446,66.3347,3.9593
-3.18008,550.248,11.8699,60.7344,3.71495
0.00333777,565.183,13.8392,69.2614,4.12114
-3.94046,501.16,10.4839,53.9331,3.6268
0.760677,547.201,13.8029,68.7248,4.22766
-2.9262,536.113,11.6837,59.6749,3.74509
1.02709,545.692,13.9089,69.1278,4.26613
-4.56039,553.567,11.2923,58.3498,3.5572
-2.3489,592.256,13.2097,67.1957,3.81501
-0.777512,590.624,14.0234,70.5605,4.01553
-3.61946,556.507,11.7939,60.534,3.66363
-4.42797,549.795,11.2759,58.2101,3.5719
-0.877211,554.841,13.1219,66.0698,4.00234
-2.45038,594.925,13.2154,67.2726,3.80258
1.76012,587.097,15.3977,76.1497,4.37479
-0.391842,512.107,12.3458,61.9551,4.06717
0.220795,596.478,14.7308,73.6146,4.1513
-4.7522,573.244,11.6026,60.0362,3.53607
1.48753,559.522,14.5198,71.9396,4.33389
0.889905,570.868,14.4729,71.9973,4.24625
1.29859,574.322,14.7946,73.3946,4.30589
-4.71795,548.635,11.1201,57.525,3.53983
1.01183,529.504,13.4883,67.0441,4.26391
-0.231754,521.961,12.6631,63.4774,4.0889
-2.47197,559.898,12.4265,63.2666,3.79994
-1.34582,547.24,12.7038,64.1723,3.94121
-3.90826,562.805,11.7888,60.6322,3.63047
0.0956738,504.452,12.397,62.0047,4.13391
-3.03485,531.085,11.5237,58.9026,3.73215
1.66736,547.394,14.3047,70.7886,4.36081
1.12697,545.842,13.9671,69.37,4.28069
-3.85715,585.417,12.2879,63.1759,3.63631
-1.76912,537.97,12.28,62.2142,3.8872
-0.610369,516.05,12.334,61.9888,4.03779
1.28771,581.74,14.9793,74.3165,4.30428
1.29431,520.119,13.396,66.4586,4.30526
-4.55215,527.544,10.765,55.6222,3.55812
0.0099603,558.634,13.6824,68.4736,4.12205
1.98165,599.33,15.8543,78.2913,4.40847
-1.71827,584.042,13.3587,67.6553,3.89363
-3.51495,599.07,12.7497,65.3909,3.67574
-0.258312,542.414,13.1455,65.9078,4.08529
-1.94806,517.549,11.7298,59.5011,3.8647
-4.59492,510.044,10.3898,53.6999,3.55339
-2.87713,562.311,12.2788,62.6929,3.75096
-2.10319,573.792,12.9242,65.6308,3.84535
-0.678246,560.066,13.3502,67.1271,4.02872
-2.4063,596.681,13.2778,67.5695,3.80797
-0.590534,516.732,12.36,62.1108,4.04044
-2.53998,524.298,11.6048,59.111,3.79165
0.763997,518.027,13.0687,65.0677,4.22813
-2.50258,590.636,13.0927,66.6725,3.79621
1.03153,561.285,14.3089,71.1134,4.26677
-2.25247,566.589,12.686,64.4885,3.82687
-3.37149,554.137,11.8619,60.7758,3.69247
-2.67427,521.284,11.4761,58.5106,3.77537
-4.29108,538.112,11.0979,57.2349,3.58719
-1.02162,507.355,11.9304,60.1306,3.98335
-1.53856,529.454,12.1971,61.6951,3.91648
-0.771707,573.61,13.6226,68.5409,4.0163
-2.37601,539.29,12.0153,61.1316,3.81168
-3.9786,554.515,11.5821,59.5989,3.62246
-0.0597764,506.86,12.3803,61.9867,4.11245
-0.35194,533.068,12.8714,64.5748,4.07257
1.73381,560.595,14.6876,72.6508,4.37082
0.408935,572.51,14.2437,71.0891,4.17767
-1.21168,572.422,13.3594,67.4212,3.95857
-0.624188,575.85,13.7558,69.1408,4.03594
-1.74797,594.209,13.5752,68.7658,3.88987
-3.64808,516.787,10.9395,56.1598,3.66033
-4.12727,544.45,11.3035,58.2272,3.60562
-4.57818,504.866,10.2913,53.1846,3.55524
-0.581417,512.207,12.2562,61.5853,4.04166
-2.19037,558.217,12.5297,63.666,3.83455
0.322064,581.798,14.4255,72.0392,4.16546
0.804243,532.62,13.458,66.9878,4.23391
-1.02647,543.388,12.7753,64.391,3.98272
0.312826,555.041,13.7571,68.7055,4.16417
1.90849,561.549,14.8127,73.1838,4.3973
-4.63864,572.154,11.6343,60.1509,3.54856
-2.21664,573.092,12.85,65.3059,3.8313
0.326464,525.237,13.0254,65.045,4.16608
-0.368114,589.712,14.23,71.3989,4.07038
-0.149689,509.953,12.4118,62.1828,4.10011
-4.98733,512.722,10.2786,53.2751,3.51041
-3.8232,524.198,11.018,56.6336,3.64019
0.325962,554.114,13.7412,68.62,4.16601
-4.58811,522.395,10.6444,55.0129,3.55414
0.606811,575.522,14.4301,71.9227,4.20568
-1.66718,525.434,12.0427,60.9685,3.90011
-0.873028,575.424,13.6109,68.5303,4.00289
-4.24671,502.354,10.3791,53.5109,3.59217
-0.288098,518.108,12.5417,62.8933,4.08123
-4.55108,593.871,12.119,62.6177,3.55824
1.90375,525.427,13.8573,68.4659,4.39658
-3.57249,566.409,12.0266,61.7075,3.66907
-0.565019,550.223,13.1743,66.1915,4.04386
1.06733,537.262,13.7156,68.1484,4.27198
1.97711,508.495,13.449,66.4157,4.40777
-2.23045,528.152,11.8358,60.1574,3.82959
-3.97709,504.444,10.5369,54.2201,3.62263
-1.89658,526.542,11.9582,60.6377,3.87115
-0.0426517,528.116,12.9082,64.6222,4.1148
-3.99596,584.658,12.2031,62.8023,3.62049
-0.829631,502.559,11.9078,59.9374,4.00862
0.0665975,568.113,13.9456,69.7637,4.12988
1.11257,548.963,14.0391,69.7343,4.27858
-4.88256,542.552,10.9232,56.5735,3.52181
1.32315,548.888,14.1529,70.1998,4.30951
0.924173,553.98,14.0635,69.9448,4.2512
-4.75832,527.688,10.6779,55.2538,3.5354
-3.45596,522.38,11.144,57.1319,3.6826
-3.9455,536.939,11.23,57.7737,3.62623
-3.7961,567.718,11.9459,61.3909,3.6433
-0.08406,526.349,12.844,64.3194,4.10911
-2.15472,556.153,12.5012,63.5053,3.83896
-1.71982,515.909,11.7996,59.7597,3.89343
-0.381246,578.472,13.9516,70.0081,4.0686
-4.54878,587.769,11.9956,61.979,3.55849
-2.28595,520.883,11.6471,59.2209,3.82275
-2.36795,516.026,11.5007,58.5101,3.81267
-1.47905,533.755,12.3253,62.318,3.92409
-4.81497,530.61,10.7123,55.4541,3.52919
0.32375,518.383,12.854,64.1905,4.1657
-2.03289,505.47,11.4173,57.9502,3.8541
-2.63215,526.619,11.6131,59.1919,3.78046
-1.10351,568.989,13.3363,67.2547,3.97264
-3.61924,548.235,11.6187,59.6346,3.66366
0.622579,544.737,13.6667,68.1103,4.20792
1.76473,557.838,14.6329,72.3653,4.37549
-2.00994,597.161,13.5008,68.514,3.85697
-1.74104,596.434,13.6298,69.039,3.89075
-0.00226707,524.505,12.8403,64.2648,4.12037
-3.69905,568.797,12.0156,61.7069,3.65445
-1.93441,510.99,11.5875,58.7735,3.86641
-3.90574,521.625,10.9273,56.2005,3.63076
-0.628879,550.572,13.1495,66.0956,4.03531
0.940258,568.725,14.447,71.8439,4.25353
-4.87783,584.347,11.7669,60.9413,3.52233
-1.90949,562.119,12.7596,64.7073,3.86953
-2.09573,557.175,12.5537,63.7458,3.84628
-4.87917,545.15,10.977,56.8509,3.52218
-1.29764,558.815,12.9974,65.6333,3.94743
-3.19069,506.646,10.9246,55.9021,3.7137
-2.24632,569.046,12.7442,64.7814,3.82763
-3.56946,518.743,11.0158,56.5202,3.66942
0.462085,500.614,12.481,62.2689,4.18516
-0.26096,538.032,13.0379,65.3696,4.08493
-0.364742,564.345,13.6197,68.3352,4.07084
-0.0724783,544.548,13.2942,66.5684,4.1107
1.30813,538.693,13.8819,68.8626,4.30729
0.271894,580.806,14.3726,71.7995,4.15844
-0.199551,567.073,13.775,69.036,4.0933
0.465595,528.136,13.1689,65.6997,4.18566
-2.89143,581.081,12.6814,64.7549,3.74925
-4.99392,570.049,11.4247,59.2185,3.5097
-3.48778,513.878,10.9486,56.1427,3.6789
-2.47851,551.297,12.2325,62.2814,3.79914
-2.11202,544.476,12.2596,62.2595,3.84426
1.2481,580.201,14.9166,74.0253,4.29845
-2.28381,589.982,13.1933,67.0817,3.82301
1.05877,508.284,12.9715,64.4549,4.27074
-2.43161,555.433,12.3474,62.846,3.80487
0.771543,535.112,13.5037,67.2301,4.22922
-1.83798,555.958,12.6558,64.1489,3.87852
-1.65992,519.9,11.9193,60.3408,3.90103
1.69646,583.682,15.2703,75.5521,4.36519
-2.42257,536.889,11.9395,60.7659,3.80598
-1.4714,581.11,13.4229,67.8639,3.92507
-0.97412,554.04,13.0528,65.7657,3.98958
-0.905833,512.122,12.0979,60.9259,3.99856
-0.336409,545.728,13.1851,66.1419,4.07468
1.94228,592.552,15.651,77.3081,4.40245
-3.49463,523.768,11.1562,57.2102,3.6781
1.3952,502.046,12.9815,64.3582,4.32017
-2.9732,509.733,11.0878,56.6502,3.73949
-3.34424,588.029,12.6012,64.5514,3.69565
1.46172,528.005,13.6881,67.8311,4.33005
-2.8685,582.739,12.7293,64.9891,3.75199
-2.14865,517.136,11.6269,59.0618,3.83971
1.00754,557.047,14.1875,70.5217,4.26329
-1.31856,599.955,13.9426,70.417,3.94473
-4.38795,558.869,11.4807,59.2502,3.57636
-1.43651,535.445,12.3853,62.6027,3.92955
-2.91985,581.596,12.6782,64.7512,3.74585
-3.95871,527.239,11.0213,56.705,3.62472
1.94026,511.211,13.5015,66.6915,4.40215
-3.46774,528.747,11.2745,57.8057,3.68123
1.76785,594.631,15.6,77.1461,4.37596
1.55017,556.518,14.4771,71.6978,4.34324
1.09781,529.112,13.5236,67.1807,4.27643
-3.26404,576.674,12.3979,63.4739,3.70506
-0.11256,559.46,13.6367,68.3022,4.1052
-0.769793,596.155,14.159,71.2392,4.01655
-0.37606,542.667,13.0907,65.686,4.06931
-2.45739,553.044,12.2816,62.5223,3.80172
-4.99866,505,10.1191,52.4526,3.50918
-4.73457,552.978,11.2005,57.9481,3.538
1.75587,536.467,14.0675,69.5733,4.37415
-0.782013,515.622,12.2404,61.5911,4.01493
-4.10558,594.979,12.3635,63.6773,3.60807
-0.469959,569.762,13.6935,68.7549,4.05663
-1.57295,552.718,12.7156,64.3333,3.91209
-1.5299,515.854,11.8879,60.1275,3.91759
-0.522863,543.547,13.0362,65.4784,4.04951
1.37717,551.462,14.2492,70.6519,4.3175
-1.81505,563.121,12.8306,65.0245,3.88141
-0.99893,537.822,12.6582,63.7888,3.98632
1.96379,562.673,14.8742,73.4605,4.40574
1.38093,572.544,14.7962,73.3618,4.31806
0.449474,569.134,14.1823,70.7629,4.18338
-4.78265,586.045,11.847,61.3142,3.53273
-4.96245,552.278,11.0828,57.4332,3.51312
-3.03793,519.106,11.2623,57.5681,3.73178
-0.242866,570.954,13.8456,69.4104,4.08739
-3.53029,518.839,11.0353,56.6045,3.67396
-3.07845,524.361,11.3578,58.0727,3.72697
1.47646,587.677,15.2438,75.5327,4.33224
-4.73062,524.137,10.618,54.933,3.53844
-0.0407902,506.616,12.3836,61.9952,4.11506
-4.37905,547.135,11.2437,58.0234,3.57736
-4.13994,532.11,11.0417,56.8834,3.60419
-2.43985,581.095,12.9136,65.7316,3.80386
0.843631,565.985,14.3231,71.2748,4.23958
0.115043,526.622,12.9517,64.7706,4.13659
0.266165,527.464,13.0497,65.1932,4.15764
0.868265,505.802,12.8125,63.7467,4.24313
-4.55844,581.93,11.8718,61.3435,3.55742
-4.94384,550.188,11.0492,57.2517,3.51514
-3.1796,540.489,11.6596,59.6582,3.71501
-3.0429,500.884,10.8648,55.5381,3.73119
0.853423,591.396,14.9719,74.4984,4.24099
-1.42671,534.863,12.3766,62.5548,3.93081
-1.89986,535.762,12.166,61.6928,3.87074
-4.42164,596.159,12.23,63.1322,3.57261
-0.739496,503.035,11.9617,60.1712,4.02057
0.945576,535.554,13.6072,67.6652,4.2543
-1.35545,597.393,13.8628,70.0314,3.93997
-2.72246,505.359,11.104,56.6327,3.76955
-1.27003,596.765,13.8952,70.154,3.951
0.851665,594.956,15.061,74.9427,4.24074
0.18132,585.834,14.4456,72.2084,4.1458
-2.87229,504.725,11.0235,56.2816,3.75154
1.18306,536.977,13.7704,68.367,4.2889
1.52922,549.632,14.2863,70.763,4.34011
-3.84835,537.735,11.291,58.0473,3.63731
-0.492132,587.235,14.1011,70.8122,4.05364
-4.79664,515.384,10.4126,53.896,3.5312
0.0635586,530.222,13.0139,65.1043,4.12946
-1.22237,533.043,12.4351,62.7611,3.95718
-0.188965,582.157,14.1473,70.8967,4.09474
-3.53864,555.641,11.8141,60.6027,3.67299
-4.25487,518.311,10.7053,55.1957,3.59126
-4.68329,517.512,10.5041,54.3249,3.54364
-4.89659,530.754,10.6795,55.3172,3.52028
-3.55449,531.837,11.3007,57.9758,3.67115
0.415822,518.51,12.9037,64.3982,4.17864
-0.643471,522.431,12.4702,62.6874,4.03336
-4.59648,549.294,11.1886,57.8293,3.55321
-1.60592,571.123,13.1218,66.4035,3.90789
-2.48432,549.348,12.1864,62.0492,3.79843
-1.08228,542.039,12.7154,64.1138,3.97542
-4.11989,560.67,11.6438,59.9766,3.60645
-2.4772,589.795,13.0874,66.6334,3.7993
-4.70427,508.185,10.3059,53.3082,3.54133
1.88279,513.46,13.5307,66.8615,4.39339
-0.973546,585.549,13.7954,69.5072,3.98966
-3.33492,588.582,12.6178,64.6321,3.69674
0.17273,557.584,13.7443,68.7073,4.14461
-0.866987,559.924,13.2475,66.6974,4.00369
-1.92688,580.758,13.1736,66.8147,3.86736
-0.0396281,576.832,14.1005,70.5903,4.11522
1.31195,525.575,13.5459,67.194,4.30786
-0.987843,500.544,11.786,59.389,3.98778
1.89084,549.984,14.4977,71.636,4.39462
-1.18502,561.708,13.1232,66.2171,3.96203
0.0264604,560.709,13.7421,68.7648,4.12433
1.4441,555.725,14.3969,71.3516,4.32743
-0.397366,547.751,13.2023,66.2554,4.06642
1.59452,550.963,14.3573,71.0835,4.34987
-4.7735,531.388,10.7461,55.6128,3.53373
-0.780205,545.737,12.9562,65.1922,4.01517
1.4072,571.596,14.7868,73.3023,4.32195
-0.121714,586.451,14.2894,71.576,4.10394
-0.643708,550.395,13.1376,66.0424,4.03333
-4.66699,583.788,11.8572,61.3156,3.54544
-1.51757,562.063,12.9591,65.5401,3.91916
-2.17742,511.596,11.4892,58.3736,3.83615
0.16254,500.073,12.3217,61.6001,4.14319
-0.526254,541.271,12.9798,65.197,4.04906
-0.906732,533.338,12.5986,63.4481,3.99845
-0.390224,528.83,12.7498,63.9816,4.06739
0.258195,582.588,14.4089,71.9877,4.15652
-1.25129,524.345,12.2181,61.6784,3.95343
-2.44542,587.044,13.0429,66.3923,3.80318
1.45451,572.087,14.8268,73.4771,4.32898
1.14476,514.77,13.1812,65.4587,4.28329
1.4946,528.083,13.7077,67.9129,4.33495
-2.34637,502.326,11.205,56.9972,3.81532
0.0156992,515.273,12.6232,63.1705,4.12284
-0.56674,509.697,12.2032,61.3128,4.04363
1.23732,566.341,14.5542,72.2319,4.29687
1.3556,535.633,13.8286,68.5762,4.31431
-2.54207,544.887,12.0595,61.428,3.7914
-4.05279,559.621,11.6537,59.9989,3.61404
-0.337135,553.749,13.3786,67.1125,4.07458
-0.247244,582.698,14.1279,70.828,4.08679
-0.234256,507.738,12.3168,61.7426,4.08856
-1.406,541.841,12.5484,63.414,3.93347
-4.35968,547.766,11.2655,58.128,3.57952
-1.19646,513.513,11.9918,60.5129,3.96054
1.37658,523.3,13.5212,67.0425,4.31741
-3.85907,517.014,10.8512,55.7905,3.63609
1.13161,571.062,14.6151,72.586,4.28137
1.17039,584.69,14.9865,74.4113,4.28704
-3.8686,516.356,10.8333,55.7019,3.635
-3.32117,572.71,12.2843,62.918,3.69836
-0.294548,581.696,14.0774,70.5974,4.08036
1.18182,578.791,14.842,73.6877,4.28872
-1.84734,519.087,11.8121,59.8761,3.87734
-2.41568,586.019,13.0356,66.3416,3.80682
1.90727,536.282,14.1455,69.8882,4.39712
-3.70398,584.329,12.3413,63.3815,3.65388
-3.31176,518.146,11.1182,56.9414,3.69946
-1.97561,581.974,13.1755,66.8472,3.86126
-4.38577,583.529,11.9883,61.8691,3.57661
0.103815,517.672,12.726,63.6466,4.13503
1.98399,540.502,14.2993,70.6118,4.40883
-0.369884,555.184,13.3959,67.2146,4.07014
-3.48287,556.971,11.8691,60.8607,3.67947
-3.03951,547.745,11.8829,60.741,3.7316
-3.0565,576.095,12.4894,63.8488,3.72958
-3.79048,568.993,11.9754,61.5403,3.64394
-4.12046,545.989,11.3386,58.405,3.60639
0.20408,530.334,13.0887,65.4159,4.14897
-2.0861,524.006,11.8109,59.97,3.84748
-2.02211,565.311,12.7745,64.8338,3.85545
-2.39171,534.955,11.9112,60.6087,3.80976
-3.41311,570.36,12.1886,62.4685,3.6876
-3.88574,547.643,11.4817,59.0431,3.63304
0.200098,552.35,13.63,68.1228,4.14842
-2.36386,536.663,11.9625,60.8582,3.81317
-3.15157,589.406,12.7292,65.1181,3.71832
-4.04525,526.339,10.9639,56.4448,3.6149
1.10729,522.708,13.3649,66.3879,4.27781
-4.34315,536.988,11.0513,57.0158,3.58137
-3.52465,583.504,12.4135,63.6713,3.67462
-1.54342,513.925,11.837,59.876,3.91586
-1.08823,571.469,13.4026,67.5816,3.97464
-1.8789,527.326,11.9844,60.7633,3.87338
-3.67745,590.029,12.475,64.0564,3.65694
-0.225651,512.645,12.44,62.3568,4.08974
-4.71878,543.771,11.0211,57.0134,3.53974
-3.92055,555.74,11.635,59.8465,3.62907
0.0281491,557.709,13.6695,68.4006,4.12456
1.23155,560.015,14.3884,71.4118,4.29602
-4.35587,595.846,12.2563,63.2383,3.57995
0.188433,529.432,13.0584,65.2715,4.14679
0.118858,502.397,12.3578,61.7987,4.13712
-0.207919,586.534,14.243,71.3856,4.09215
0.680628,591.845,14.8824,74.1395,4.2162
-2.16847,577.469,12.9732,65.9093,3.83726
0.521655,544.87,13.6161,67.9046,4.19359
-0.675606,562.485,13.4092,67.4229,4.02908
-3.55344,534.772,11.3636,58.2978,3.67128
-4.31072,535.538,11.036,56.9236,3.58499
1.60845,545.869,14.2322,70.4578,4.35196
0.836938,568.366,14.3796,71.5592,4.23861
-2.98192,548.597,11.929,60.9517,3.73845
-0.416553,521.345,12.5563,63.0219,4.06383
0.660844,584.249,14.68,73.1412,4.21338
-0.862025,568.517,13.4534,67.732,4.00434
-2.5271,580.178,12.8482,65.4389,3.79322
-4.21315,522.221,10.8043,55.6897,3.59594
-3.54249,558.317,11.8691,60.8867,3.67255
-0.260544,529.689,12.836,64.3568,4.08498
-4.27139,594.214,12.2647,63.2436,3.5894
-3.12811,577.418,12.482,63.8434,3.72109
-4.34514,519.91,10.699,55.1988,3.58114
1.09547,533.199,13.6269,67.6945,4.27609
-1.95634,597.413,13.5354,68.664,3.86367
-3.06297,540.797,11.7211,59.9238,3.72881
0.401522,538.381,13.3907,66.8353,4.17663
-1.49889,504.222,11.6342,58.8315,3.92155
1.0444,516.096,13.1635,65.4152,4.26865
-3.8533,524.73,11.0158,56.6342,3.63675
0.195709,532.195,13.1304,65.6277,4.1478
-3.57931,592.769,12.5828,64.5646,3.66828
-4.04895,532.404,11.0886,57.0881,3.61448
0.234168,536.587,13.2587,66.2519,4.15317
-1.43457,509.775,11.7924,59.6051,3.9298
1.32287,580.385,14.9649,74.2275,4.30947
-4.99161,501.745,10.0567,52.1269,3.50995
0.805424,578.945,14.6292,72.8169,4.23408
-3.98357,528.993,11.0468,56.8464,3.6219
-4.57919,503.323,10.2595,53.0203,3.55512
1.35425,501.728,12.9526,64.2326,4.31411
-2.06453,521.247,11.7588,59.6967,3.85016
1.46732,554.613,14.381,71.2621,4.33088
1.21919,564.308,14.4917,71.9306,4.2942
0.999469,555.067,14.1327,70.2527,4.26211
-1.72977,545.317,12.4672,63.1456,3.89218
-4.40996,578.09,11.8649,61.2428,3.57391
-3.64076,505.439,10.7024,54.9401,3.66117
-4.40385,553.081,11.3545,58.6053,3.57459
1.80398,506.668,13.3109,65.8103,4.38143
1.22455,591.301,15.188,75.3842,4.29499
-0.952009,538.804,12.7049,64.0034,3.99249
0.0915422,560.189,13.7645,68.8464,4.13333
-2.25211,510.951,11.4405,58.1566,3.82692
-3.88206,598.188,12.5433,64.5005,3.63346
-3.52341,556.977,11.8498,60.7792,3.67476
-3.14297,516.119,11.1503,57.0376,3.71934
-2.07694,502.898,11.3393,57.5717,3.84862
-0.339513,507.199,12.2528,61.466,4.07426
1.23551,505.867,12.9991,64.5151,4.2966
-0.425257,509.912,12.2767,61.6223,4.06266
-0.51466,538.551,12.9206,64.894,4.05062
-2.01167,535.105,12.097,61.3907,3.85675
1.81515,523.088,13.7483,67.9675,4.38312
0.299424,575.736,14.2626,71.2363,4.16229
-4.09352,587.62,12.2165,62.915,3.60943
1.47085,520.486,13.498,66.8847,4.33141
-4.25352,511.877,10.573,54.513,3.59141
0.503946,536.688,13.4023,66.8466,4.19108
-0.17463,512.884,12.4709,62.4896,4.0967
-2.5965,570.962,12.609,64.2518,3.78478
-2.92121,597.924,13.0334,66.5661,3.74569
-0.937177,527.635,12.4489,62.7072,3.99444
-3.06124,567.968,12.3109,62.9382,3.72902
-2.31068,545.222,12.1792,61.9375,3.8197
1.33156,507.52,13.0905,64.9267,4.31075
-3.37392,501.733,10.7391,55.0239,3.69218
-3.28304,547.853,11.7693,60.2636,3.70283
-3.13543,576.337,12.455,63.7084,3.72023
-1.87236,578.234,13.1449,66.6438,3.8742
-3.67294,522.452,11.0483,56.7285,3.65746
1.94476,511.741,13.5179,66.7703,4.40283
-4.9492,568.127,11.407,59.1078,3.51456
0.757065,528.671,13.3336,66.3898,4.22714
-3.36303,517.044,11.0716,56.7234,3.69345
-2.60922,522.305,11.5286,58.7515,3.78324
1.13317,518.557,13.2722,65.9157,4.28159
-0.888597,538.854,12.7381,64.1423,4.00084
1.03902,545.258,13.9044,69.0994,4.26786
-3.31028,581.867,12.4862,63.9471,3.69963
-2.02747,563.36,12.7277,64.5986,3.85478
0.497709,598.484,14.9418,74.5284,4.1902
-1.95119,514.269,11.6541,59.118,3.86431
-2.52871,579.761,12.8382,65.3884,3.79302
0.194768,506.604,12.4985,62.47,4.14767
-0.21888,578.174,14.0339,70.3431,4.09066
-1.93396,585.019,13.2664,67.2891,3.86647
0.914955,585.623,14.8615,73.918,4.24987
-2.1794,522.644,11.7364,59.6304,3.8359
-1.80952,549.237,12.517,63.4328,3.8821
-3.50694,555.514,11.8265,60.6528,3.67667
-4.861,518.649,10.4511,54.1202,3.52416
-0.781509,562.637,13.3568,67.2082,4.015
-1.90671,553.726,12.5705,63.747,3.86988
-3.87693,561.349,11.7733,60.5387,3.63405
-0.662383,596.271,14.2221,71.5034,4.03084
0.135643,522.469,12.86,64.3027,4.13945
-4.16613,571.35,11.8433,61.0247,3.60123
-2.33562,539.485,12.0391,61.2353,3.81664
-1.28184,561.511,13.0683,65.9841,3.94948
-2.72367,502.795,11.0471,56.3431,3.7694
-4.6783,512.581,10.4061,53.8163,3.54419
1.86387,520.261,13.6999,67.706,4.39051
0.521398,589.202,14.7238,73.4289,4.19355
1.59931,564.921,14.7238,72.8956,4.35059
1.79819,584.842,15.3612,75.9501,4.38055
-2.42116,572.94,12.7419,64.8492,3.80615
-1.04875,562.797,13.2199,66.6422,3.9798
0.307107,513.179,12.7167,63.5119,4.16337
-1.36263,588.204,13.6456,68.938,3.93905
-0.945481,522.501,12.3237,62.0801,3.99334
1.51818,594.067,15.4346,76.4567,4.33846
-2.62432,598.097,13.1935,67.2434,3.78141
-4.81481,541.266,10.9275,56.5681,3.52921
-1.31276,553.677,12.8701,64.9977,3.94548
-4.18021,583.972,12.098,62.3435,3.59965
-2.37346,550.42,12.2645,62.3985,3.81199
-0.638606,502.675,12.0009,60.3264,4.03401
0.797921,595.492,15.043,74.8799,4.233
-1.65465,526.214,12.0665,61.0841,3.9017
-2.7163,570.462,12.5376,63.9415,3.77029
-1.03676,552.319,12.9799,65.4271,3.98137
0.83767,518.483,13.118,65.2803,4.23872
-3.49887,568.025,12.0968,62.0354,3.67761
-0.85257,505.429,11.965,60.2345,4.00559
-1.43924,583.265,13.4899,68.1875,3.9292
-4.27395,547.758,11.3047,58.2942,3.58911
-0.484509,542.895,13.0403,65.4817,4.05467
0.0298528,528.308,12.9497,64.7983,4.1248
-4.87343,595.077,11.9851,62.0694,3.52281
1.17562,533.381,13.6742,67.8929,4.28781
-2.05951,581.189,13.1137,66.5727,3.85079
-4.72155,566.066,11.4717,59.3455,3.53944
-3.70799,560.071,11.827,60.7422,3.65342
-2.9412,540.018,11.7617,60.0796,3.7433
-4.33825,517.112,10.6444,54.9145,3.58191
1.20546,576.867,14.8063,73.4988,4.29219
1.72661,564.58,14.7879,73.1504,4.36973
-3.77036,509.924,10.7409,55.1886,3.64625
-1.00082,563.806,13.2688,66.8666,3.98608
-3.2233,587.763,12.6571,64.7821,3.70986
-2.46758,584.642,12.978,66.0723,3.80047
-1.89633,545.567,12.3904,62.8292,3.87119
-2.48954,514.776,11.4171,58.1342,3.7978
-1.93889,501.873,11.3787,57.7163,3.86585
-3.34917,535.609,11.4756,58.7873,3.69508
-0.110103,519.364,12.6606,63.4121,4.10554
-3.16768,553.806,11.9526,61.1523,3.71642
0.127039,593.751,14.6096,73.0554,4.13826
0.482241,519.008,12.9498,64.5991,4.18801
1.21184,564.093,14.482,71.886,4.29312
-3.23917,544.527,11.7185,59.9851,3.70799
-2.13513,526.842,11.8516,60.1972,3.84139
-0.336026,546.837,13.2121,66.2771,4.07473
-3.12445,532.218,11.5067,58.8529,3.72153
-1.07273,539.092,12.651,63.7852,3.97666
-3.17678,535.355,11.5501,59.097,3.71534
-0.753809,531.436,12.6299,63.5386,4.01867
-2.69991,584.578,12.8563,65.5593,3.77227
0.121352,540.493,13.2962,66.4901,4.13747
1.79976,539.326,14.1666,70.0427,4.38079
-4.82506,555.746,11.2151,58.0613,3.52809
-1.28502,533.019,12.4036,62.6295,3.94907
-4.09027,509.197,10.5875,54.5244,3.6098
-0.315594,503.636,12.1782,61.0819,4.0775
1.70586,517.062,13.5323,66.9489,4.3666
-4.11753,522.276,10.8475,55.874,3.60672
-1.03816,570.986,13.4179,67.6353,3.98118
-3.28825,580.275,12.4631,63.8189,3.70222
1.15814,587.57,15.0532,74.7483,4.28525
1.73253,521.905,13.6732,67.634,4.37063
0.991373,550.428,14.0101,69.6474,4.26094
0.117033,544.609,13.3951,66.9871,4.13687
-3.28473,532.614,11.4411,58.584,3.70263
-2.15255,576.172,12.9523,65.7959,3.83923
-1.44265,502.784,11.627,58.7722,3.92876
1.76571,542.914,14.242,70.4316,4.37564
0.996349,524.267,13.3468,66.3479,4.26166
-4.76486,573.475,11.6013,60.0349,3.53468
-3.07803,572.961,12.4107,63.4561,3.72702
-1.22787,591.322,13.7916,69.6103,3.95647
-0.686587,585.681,13.9561,70.1781,4.02761
-1.21522,528.436,12.3311,62.2332,3.95811
-0.461392,597.512,14.3653,72.1238,4.05778
-3.13999,596.928,12.8976,65.9745,3.71969
1.96154,555.719,14.6891,72.5475,4.4054
-0.401848,553.265,13.3328,66.9125,4.06582
1.94585,539.754,14.2584,70.4278,4.403
-0.179249,543.521,13.2134,66.2124,4.09607
-4.95737,557.915,11.1982,58.0293,3.51367
-4.73035,595.093,12.0556,62.3702,3.53847
0.428481,575.214,14.322,71.4701,4.18042
0.0780663,541.304,13.2935,66.4964,4.13147
-1.09358,550.073,12.8981,65.0401,3.97394
1.52628,542.054,14.0877,69.7807,4.33967
0.243367,550.656,13.6113,68.0093,4.15445
-3.25365,521.496,11.2163,57.4204,3.70628
-3.33971,565.7,12.1249,62.1095,3.69618
-3.10175,569.967,12.3341,63.0748,3.72421
-2.17492,557.783,12.5277,63.6489,3.83646
0.28055,511.576,12.6637,63.2589,4.15965
0.392137,505.497,12.5682,62.7339,4.1753
-0.21992,549.162,13.3292,66.8111,4.09052
-3.87208,537.056,11.266,57.9282,3.6346
-0.0268889,593.851,14.5238,72.703,4.11697
-0.355249,545.854,13.1784,66.1166,4.07212
-0.138596,533.156,12.9822,65.0357,4.10163
-0.645394,594.392,14.1868,71.3177,4.03311
-4.76037,541.792,10.9624,56.7266,3.53517
0.395743,500.29,12.4405,62.0949,4.17581
-1.27926,559.943,13.0331,65.8055,3.94981
0.69618,508.078,12.7838,63.6782,4.21842
-1.39984,598.604,13.8664,70.0713,3.93426
-4.84669,511.245,10.308,53.3733,3.52573
-0.460082,593.552,14.2708,71.6487,4.05796
-4.28842,591.327,12.1967,62.9006,3.58749
-2.44069,573.01,12.7335,64.8152,3.80376
-0.618838,515.681,12.3211,61.9273,4.03665
-4.21639,589.366,12.1919,62.8432,3.59558
-0.709808,536.748,12.7784,64.266,4.02452
-4.93968,595.735,11.966,61.9998,3.51559
-4.84972,586.525,11.8243,61.2263,3.5254
-1.54833,570.784,13.1441,66.4898,3.91523
0.951045,528.267,13.4249,66.7563,4.25509
-1.85621,579.44,13.1808,66.8183,3.87623
-0.499829,520.519,12.4953,62.7515,4.05261
-4.68046,500.578,10.1615,52.5523,3.54395
-3.85638,507.32,10.649,54.7495,3.6364
-2.02228,522.151,11.7991,59.8836,3.85543
-0.550618,585.976,14.0384,70.5257,4.04579
1.1968,523.141,13.4228,66.6349,4.29091
-3.56654,569.083,12.0862,62.0112,3.66976
-4.41942,528.764,10.8484,55.9994,3.57286
1.72993,566.14,14.8306,73.3603,4.37023
-1.00216,567.283,13.3499,67.2759,3.9859
1.44587,542.247,14.0487,69.6251,4.32769
-3.49822,567.495,12.0858,61.9789,3.67769
0.151617,571.746,14.0817,70.404,4.14167
-0.479184,522.105,12.5435,62.9851,4.05539
0.132926,558.262,13.7395,68.7019,4.13907
1.10336,550.416,14.0712,69.898,4.27724
-2.74711,588.409,12.916,65.8858,3.76658
-0.962103,571.643,13.4739,67.8819,3.99116
-0.532654,573.762,13.7555,69.0961,4.0482
-2.82803,535.07,11.7071,59.7529,3.75685
-0.694236,522.651,12.4504,62.61,4.02659
-0.146441,539.675,13.1369,65.8141,4.10056
-4.07078,528.863,11.0051,56.6671,3.612
-1.23992,546.365,12.7369,64.2925,3.9549
-4.3782,520.201,10.6906,55.1686,3.57745
1.58864,575.38,14.9901,74.2197,4.34899
1.20972,573.28,14.7166,73.0518,4.29281
0.413934,590.564,14.6958,73.3428,4.17837
-3.457,572.566,12.2141,62.6185,3.68248
1.41302,552.005,14.2832,70.8032,4.32282
1.19045,537.762,13.7945,68.4832,4.28998
-2.67752,520.914,11.4664,58.4627,3.77497
-4.2578,504.124,10.411,53.6796,3.59093
-1.58541,529.625,12.1783,61.6201,3.91051
-4.26103,578.365,11.9426,61.5781,3.59056
1.79059,595.047,15.6247,77.2564,4.3794
-2.94871,573.773,12.4931,63.8192,3.74241
-1.53396,540.044,12.4433,62.9387,3.91707
0.546021,587.949,14.7067,73.3313,4.19704
-2.84662,565.024,12.3532,63.0592,3.75462
-3.84756,523.036,10.9828,56.4621,3.6374
0.757621,564.888,14.2474,70.9391,4.22722
-1.60253,588.756,13.5287,68.4613,3.90833
-3.86166,528.333,11.0876,57.0071,3.63579
-0.824871,598.053,14.1732,71.3375,4.00925
0.478709,538.48,13.4338,67.015,4.18751
-3.54993,526.884,11.1975,57.4447,3.67168
0.269607,561.896,13.9034,69.4566,4.15812
1.79116,574.08,15.0745,74.5357,4.37949
0.801486,556.408,14.0576,69.9734,4.23351
-1.52935,583.794,13.4539,68.0478,3.91766
-2.8887,514.971,11.2399,57.3929,3.74958
-0.15456,521.684,12.6949,63.6033,4.09945
1.19826,565.935,14.5216,72.0892,4.29113
1.6371,541.703,14.1394,69.9845,4.35626
-1.27342,534.961,12.4545,62.8815,3.95057
-2.35313,584.547,13.0355,66.3119,3.81449
-2.34051,509.002,11.3566,57.7659,3.81604
0.0939989,509.171,12.5122,62.5814,4.13367
-0.44546,520.493,12.5215,62.8597,4.05993
1.6621,558.385,14.589,72.1977,4.36002
-2.14811,573.807,12.9014,65.5354,3.83978
-3.58635,565.147,11.993,61.5416,3.66746
-2.13817,573.261,12.8942,65.4945,3.84101
0.365087,532.34,13.2215,66.0073,4.1715
1.06792,559.488,14.2833,70.9689,4.27207
-2.72421,506.472,11.1277,56.7541,3.76934
-3.05051,570.982,12.3815,63.2947,3.73029
-3.15007,520.546,11.2427,57.5133,3.7185
-1.74894,519.381,11.8652,60.1044,3.88975
1.34458,555.112,14.3254,71.0448,4.31268
-2.60579,581.695,12.8412,65.4394,3.78366
1.83333,522.741,13.7489,67.962,4.38588
-2.19462,510.957,11.4669,58.2677,3.83402
0.657916,571.78,14.365,71.5733,4.21296
0.535828,547.217,13.6823,68.2284,4.1956
0.297556,580.95,14.3907,71.8771,4.16203
-3.65918,592.087,12.5278,64.319,3.65905
-0.155755,574.451,13.9783,70.0338,4.09928
-1.36134,577.413,13.396,67.6762,3.93921
1.61729,515.1,13.4346,66.5053,4.35329
-0.615763,570.15,13.6241,68.4752,4.03706
1.98328,596.483,15.7799,77.9234,4.40872
0.510653,573.976,14.3373,71.5065,4.19203
-4.31749,598.89,12.3381,63.643,3.58424
-3.52909,537.989,11.4432,58.696,3.6741
-2.27976,546.336,12.2192,62.1274,3.82351
-3.52262,538.975,11.4671,58.8163,3.67485
0.0728825,568.277,13.953,69.7982,4.13075
-2.22491,505.689,11.335,57.6094,3.83028
-0.183741,565.586,13.7474,68.8904,4.09546
1.82231,576.021,15.1437,74.8625,4.38421
-0.051372,548.231,13.3952,67.0646,4.1136
-3.90607,559.023,11.7106,60.2292,3.63072
-4.62431,564.181,11.4789,59.3412,3.55014
-0.0212864,587.996,14.3838,71.9994,4.11774
-2.33005,595.152,13.2843,67.5663,3.81732
-1.67916,588.786,13.4882,68.2927,3.89859
1.4342,549.393,14.2274,70.5162,4.32596
-4.53258,501.516,10.2421,52.9126,3.56028
0.446352,543.016,13.5298,67.5087,4.18294
-3.47778,538.357,11.4747,58.8366,3.68007
-2.11382,562.964,12.6749,64.3697,3.84403
1.5627,543.102,14.1349,69.9976,4.34511
-4.31384,534.217,11.0074,56.7773,3.58465
-4.00319,506.451,10.5677,54.3884,3.61967
-4.39969,599.631,12.3122,63.5466,3.57506
-0.149978,530.502,12.9118,64.688,4.10007
-4.32459,590.161,12.1548,62.7005,3.58344
-3.45555,540.781,11.5368,59.1453,3.68265
-4.39244,537.052,11.0305,56.9286,3.57586
-2.30616,515.086,11.5081,58.5228,3.82026
-4.511,552.755,11.2984,58.3608,3.56268
-3.61824,520.645,11.0344,56.6354,3.66377
-2.93368,535.681,11.6708,59.6121,3.7442
0.242716,554.256,13.6999,68.4525,4.15436
-1.06566,540.211,12.6809,63.9324,3.97759
-1.31239,584.353,13.5834,68.5996,3.94553
1.5178,504.119,13.0974,64.8794,4.33841
-3.1849,501.084,10.8072,55.299,3.71438
-4.78346,510.454,10.3186,53.4041,3.53264
-0.401334,574.557,13.8462,69.4888,4.06589
-3.72329,508.944,10.7407,55.1691,3.65166
-0.594156,581.09,13.8974,69.8383,4.03996
-4.83713,547.107,11.0353,57.1356,3.52677
-3.74867,570.177,12.0206,61.7543,3.64874
-0.575943,527.985,12.6364,63.4936,4.04239
-1.93485,590.15,13.3823,67.8773,3.86636
-0.188342,541.902,13.1694,65.9957,4.09483
-0.904508,536.76,12.6806,63.8598,3.99874
-4.51277,590.758,12.0743,62.3696,3.56248
-4.55994,534.336,10.9002,56.3236,3.55725
-1.24274,581.765,13.5607,68.4519,3.95454
1.85593,599.283,15.7759,77.9699,4.38931
0.291178,523.112,12.9547,64.7077,4.16114
-3.8556,586.825,12.3182,63.3312,3.63648
-4.57257,562.67,11.4723,59.2851,3.55586
-3.77616,566.367,11.927,61.2855,3.64558
0.438782,591.147,14.7246,73.4743,4.18188
-4.60065,541.133,11.0205,56.9622,3.55275
-0.810198,556.869,13.2048,66.4568,4.0112
-4.54588,551.988,11.2667,58.2117,3.55881
1.39733,589.892,15.2542,75.6246,4.32049
-4.69041,511.751,10.3841,53.7073,3.54286
-3.00843,524.426,11.3913,58.2151,3.73529
0.959965,553.474,14.0704,69.9618,4.25638
-2.8827,577.244,12.6021,64.346,3.75029
-1.68849,572.316,13.106,66.3619,3.8974
-0.64163,564.215,13.4685,67.7052,4.03361
1.50159,554.141,14.388,71.28,4.33599
-3.76633,514.877,10.847,55.7322,3.64671
-0.286472,507.479,12.2852,61.6063,4.08146
-3.07141,553.175,11.9853,61.2781,3.72781
1.88249,573.075,15.1015,74.6236,4.39335
0.981403,508.009,12.9254,64.2592,4.25949
-2.33716,538.087,12.0071,61.0735,3.81645
-1.1048,546.327,12.8045,64.5734,3.97248
1.82682,540.962,14.2245,70.3163,4.38489
1.02754,573.402,14.6155,72.6391,4.26619
-1.211,507.965,11.8554,59.8307,3.95865
-0.626368,511.09,12.2077,61.3608,4.03565
0.166379,520.694,12.8318,64.1483,4.14372
-4.45669,595.466,12.1983,62.9848,3.56871
0.570516,510.034,12.77,63.6639,4.20052
-4.64151,590.178,11.9994,62.0398,3.54824
-1.46272,546.611,12.6304,63.8532,3.92619
-4.83209,563.37,11.3657,58.8439,3.52732
-1.65574,567.942,13.0228,65.9256,3.90156
1.88427,580.763,15.3052,75.6291,4.39362
0.611552,583.134,14.6237,72.8852,4.20635
-1.49236,565.063,13.0414,65.9445,3.92239
-4.49276,502.389,10.2765,53.0755,3.5647
-2.72266,500.272,10.9921,56.0623,3.76952
-2.29613,577.684,12.9119,65.6567,3.82149
-3.68633,500.238,10.5728,54.2922,3.65591
-4.87377,576.24,11.6056,60.104,3.52277
-3.50199,562.852,11.9851,61.4641,3.67725
-3.46213,553.058,11.7955,60.4748,3.68189
-3.38758,520.077,11.1256,57.0097,3.69058
-2.38435,584.99,13.0291,66.2936,3.81066
-2.52337,577.078,12.7815,65.0973,3.79367
0.465168,564.274,14.0698,70.1943,4.1856
-2.7905,567.091,12.4264,63.4076,3.76135
-2.82527,565.726,12.3792,63.1822,3.75718
-2.50633,571.588,12.6686,64.5143,3.79575
-0.437544,599.133,14.4178,72.3756,4.061
-2.93398,581.875,12.677,64.7519,3.74416
-0.0355986,525.182,12.84,64.278,4.11577
-3.38547,510.481,10.9212,55.9617,3.69083
-2.29778,511.651,11.4352,58.1486,3.82129
-0.451732,592.74,14.256,71.5702,4.05909
-1.75864,575.649,13.1456,66.5946,3.88853
-0.487204,559.877,13.4467,67.5241,4.05431
1.4667,582.039,15.0918,74.7846,4.33079
-1.5914,558.399,12.8369,64.9551,3.90974
1.41784,527.283,13.6461,67.6427,4.32353
0.45539,550.315,13.7165,68.4361,4.18422
1.80897,584.935,15.3701,75.9884,4.38218
-4.67769,521.24,10.5821,54.7265,3.54426
1.80556,515.922,13.5549,67.0157,4.38167
-0.156922,596.985,14.5259,72.7783,4.09912
-0.782445,574.758,13.644,68.6539,4.01487
0.788171,518.832,13.1014,65.2198,4.2316
-1.59906,577.454,13.2709,67.1548,3.90877
-2.20105,528.347,11.8542,60.2381,3.83322
-3.67213,579.889,12.2633,62.9667,3.65755
-0.805665,590.855,14.0133,70.5232,4.0118
-1.49223,539.732,12.4568,62.9886,3.92241
-4.21388,511.703,10.5864,54.5667,3.59586
-2.5615,508.478,11.2449,57.2865,3.78903
-4.47565,593.7,12.1528,62.7582,3.5666
-0.335012,503.084,12.1555,60.9763,4.07487
0.737483,590.429,14.8798,74.0983,4.22433
0.410222,549.988,13.6841,68.2954,4.17785
1.02332,579.29,14.7631,73.375,4.26558
-2.19332,515.13,11.5612,58.7461,3.83418
1.61285,553.53,14.4345,71.4568,4.35262
-1.14545,568.718,13.3078,67.1304,3.96718
1.67688,534.869,13.9826,69.1902,4.36224
1.92112,503.995,13.3011,65.7098,4.39923
0.614858,559.928,14.0436,69.9922,4.20682
-3.17208,537.139,11.5908,59.3033,3.7159
-2.77663,524.563,11.5009,58.6794,3.76302
-3.24676,523.099,11.2539,57.61,3.7071
-4.3067,523.697,10.7937,55.6725,3.58544
-0.79746,506.433,12.0149,60.4629,4.01288
-0.250077,597.026,14.4737,72.5629,4.08641
1.04383,568.753,14.5062,72.0881,4.26856
0.0897335,573.596,14.093,70.4901,4.13308
-0.353969,586.577,14.1623,71.0522,4.0723
-2.73236,593.812,13.0423,66.5233,3.76835
-3.59362,559.665,11.8732,60.9299,3.66662
-1.0826,542,12.7143,64.1085,3.97537
-1.82381,593.075,13.5084,68.4636,3.8803
1.11149,597.672,15.2841,75.9191,4.27843
-2.0476,524.68,11.8443,60.1234,3.85227
-1.22422,594.543,13.8687,69.9979,3.95694
-2.43061,509.149,11.319,57.6109,3.80499
-0.0497994,512.017,12.5112,62.6378,4.11382
-1.13383,509.775,11.9341,60.1959,3.96869
0.330409,502.437,12.4619,62.2294,4.16663
0.0604583,599.777,14.7193,73.6373,4.12903
1.29503,592.699,15.2658,75.7343,4.30536
1.05936,572.18,14.6025,72.5588,4.27082
-2.153,510.064,11.466,58.2458,3.83917
-3.33538,531.816,11.4006,58.3977,3.69669
1.75478,533.421,13.987,69.1757,4.37399
-2.0082,582.951,13.1804,66.8875,3.85718
0.145131,599.688,14.7662,73.8292,4.14077
-4.61493,517.806,10.5394,54.4806,3.55118
-1.38712,558.982,12.9551,65.4606,3.9359
1.16377,540.651,13.8542,68.792,4.28607
-2.39911,575.245,12.8045,65.1575,3.80885
0.143211,524.465,12.913,64.5643,4.1405
-0.870062,521.036,12.3259,62.059,4.00328
-1.48617,517.477,11.946,60.4034,3.92318
-2.61514,574.179,12.6706,64.574,3.78252
-4.20955,554.813,11.4803,59.1724,3.59635
-1.98048,579.715,13.1218,66.577,3.86065
-1.30603,529.873,12.3201,62.2169,3.94635
1.03733,521.889,13.3076,66.1343,4.26762
-1.29619,582.073,13.5391,68.3682,3.94762
-3.90445,529.787,11.0989,57.0824,3.63091
-1.86336,532.913,12.1189,61.4385,3.87533
0.968663,592.181,15.0595,74.8756,4.25764
-2.28657,513.577,11.4834,58.389,3.82267
-4.72461,584.4,11.8418,61.2614,3.5391
-1.9237,514.641,11.6753,59.2143,3.86775
-3.22879,580.15,12.4904,63.9314,3.70921
-0.385502,598.789,14.4392,72.4569,4.06803
-2.23904,595.979,13.3513,67.8637,3.82853
-1.48664,579.961,13.3882,67.6958,3.92312
-2.03322,565.418,12.7713,64.8224,3.85406
-3.6766,587.611,12.4243,63.7957,3.65704
-4.02123,588.681,12.2745,63.1811,3.61762
-0.66115,554.178,13.2187,66.4585,4.031
-2.68053,547.301,12.0458,61.4181,3.77461
0.594725,571.043,14.3111,71.335,4.20396
1.71986,525.574,13.7626,68.0817,4.36871
-0.345698,589.549,14.2387,71.4314,4.07342
1.74124,564.056,14.7825,73.1168,4.37194
0.763054,556.118,14.0292,69.8501,4.228
1.17238,556.773,14.2721,70.863,4.28733
0.0619069,581.947,14.2825,71.4517,4.12923
1.40642,584.761,15.1269,74.9886,4.32184
-0.0692392,596.697,14.5692,72.951,4.11115
-4.17073,568.858,11.7895,60.7492,3.60072
1.86201,501.232,13.1978,65.2256,4.39023
-0.355645,560.805,13.5392,67.9267,4.07207
1.57994,503.785,13.1205,64.9662,4.34769
-0.998415,558.916,13.1549,66.2917,3.98639
-1.7714,525.051,11.984,60.7156,3.88691
-0.116396,515.069,12.5528,62.8748,4.10467
-1.60488,511.051,11.7421,59.4211,3.90803
-4.24063,555.83,11.4868,59.2193,3.59285
1.13236,554.673,14.1961,70.5046,4.28148
0.627973,550.205,13.8068,68.806,4.20869
-4.14443,545.524,11.3179,58.3086,3.60368
-3.54881,595.247,12.651,64.9004,3.67181
-2.2676,560.684,12.5462,63.7846,3.82501
-3.8411,542.355,11.3914,58.5602,3.63814
-0.988442,557.769,13.1332,66.1774,3.9877
1.91588,571.537,15.0805,74.5033,4.39843
-0.863455,540.562,12.7912,64.3985,4.00415
0.0112972,588.726,14.4202,72.1652,4.12224
1.1653,564.746,14.4725,71.8614,4.2863
0.0192438,521.937,12.7882,63.9948,4.12333
1.99672,513.043,13.5796,67.0519,4.41078
-1.9444,539.861,12.2373,62.0737,3.86516
-3.43894,528.464,11.2816,57.8301,3.68459
1.54687,588.304,15.3019,75.7848,4.34275
-4.80177,541.673,10.9415,56.6354,3.53064
-2.07078,526.505,11.8745,60.2865,3.84939
-1.37165,582.771,13.5147,68.281,3.93789
-4.23341,512.877,10.6023,54.6562,3.59366
1.06812,564.313,14.4066,71.5815,4.2721
-3.55562,538.435,11.4404,58.6928,3.67102
-1.03195,514.319,12.0892,60.9353,3.982
1.20008,562.906,14.4449,71.7075,4.2914
-1.95873,548.019,12.4151,62.982,3.86337
-1.19261,507.684,11.8575,59.8336,3.96104
-3.49072,510.97,10.8853,55.8194,3.67856
0.132,510.44,12.5621,62.8149,4.13894
1.0108,508.359,12.9492,64.3647,4.26376
-4.79988,584.408,11.8056,61.1075,3.53085
1.41941,595.884,15.4224,76.447,4.32376
-1.04886,536.521,12.6026,63.5306,3.97978
0.603745,549.69,13.7808,68.6876,4.20524
-0.48361,573.931,13.7862,69.2271,4.05479
-2.08433,561.942,12.6669,64.3154,3.8477
0.605384,528.222,13.2434,66.0087,4.20548
-3.69652,553.6,11.6958,60.0634,3.65474
-4.32297,507.386,10.4506,53.9092,3.58362
-3.3823,596.073,12.754,65.3516,3.6912
-1.92651,556.584,12.6254,64.0342,3.8674
-3.70646,568.934,12.0149,61.7066,3.6536
-2.6264,593.971,13.1014,66.7749,3.78116
-2.16046,599.987,13.4834,68.4975,3.83825
-0.271874,550.092,13.3245,66.8111,4.08344
-2.54099,505.744,11.1936,57.0172,3.79153
-2.00836,578.634,13.0827,66.3918,3.85716
0.356618,595.817,14.7932,73.8578,4.17031
0.747372,575.037,14.4975,72.1897,4.22575
-1.66783,598.412,13.7149,69.435,3.90002
-3.39787,511.662,10.941,56.0681,3.68938
-0.77885,546.038,12.9641,65.231,4.01535
1.31162,554.278,14.2855,70.8628,4.30781
-4.11699,502.422,10.4353,53.7509,3.60678
-4.11303,504.851,10.4875,54.0179,3.60723
-0.787138,528.257,12.5378,63.0897,4.01425
-2.5451,515.629,11.4105,58.1238,3.79103
0.916567,597.633,15.1672,75.4379,4.2501
-1.13278,562.558,13.1703,66.4309,3.96883
-3.27056,565.979,12.1648,62.2832,3.7043
-4.45752,582.079,11.9237,61.5672,3.56862
1.91731,575.311,15.1809,74.9986,4.39865
-4.0288,528.695,11.0204,56.7286,3.61676
-1.3414,573.348,13.3122,67.2437,3.94178
-2.81831,599.625,13.1246,66.9835,3.75801
1.42603,571.637,14.7987,73.352,4.32475
-0.0219813,505.502,12.3655,61.8967,4.11765
-4.00648,519.853,10.8459,55.8215,3.61929
-0.776343,586.957,13.937,70.1251,4.01568
-2.10747,512.774,11.5479,58.6433,3.84482
0.912286,566.48,14.3742,71.4956,4.24948
-3.16939,500.194,10.7947,55.2292,3.71621
-2.58621,560.387,12.3806,63.0832,3.78603
0.157723,507.461,12.5014,62.5005,4.14252
1.44297,500.631,12.969,64.2755,4.32726
-1.12338,523.2,12.2535,61.8022,3.97005
-2.85216,552.88,12.085,61.6925,3.75395
-3.25655,552.174,11.8747,60.7923,3.70594
-0.612669,517.96,12.3785,62.2135,4.03748
0.826178,548.755,13.8776,69.066,4.23707
-0.0348578,505.852,12.3678,61.9136,4.11588
-4.33856,512.907,10.5577,54.4674,3.58188
-0.142527,561.971,13.6817,68.5418,4.10109
0.383864,504.532,12.5401,62.5974,4.17414
1.31494,568.346,14.65,72.6692,4.3083
-0.725118,571.085,13.5876,68.3431,4.02248
-3.88231,563.896,11.8241,60.8024,3.63343
1.96298,574.874,15.1963,75.0515,4.40562
-0.262151,550.534,13.3403,66.8859,4.08476
-1.70063,586.445,13.4231,67.9731,3.89586
0.503111,567.332,14.1671,70.6615,4.19096
1.28789,528.608,13.6113,67.5293,4.30431
-0.843094,564.953,13.3791,67.3491,4.00684
-1.96665,524.276,11.8735,60.2375,3.86238
0.638955,502.149,12.6063,62.8187,4.21026
-1.72705,572.162,13.0824,66.26,3.89252
-3.40683,581.31,12.4258,63.6811,3.68834
-4.0372,552.331,11.5091,59.2481,3.61581
0.11951,554.847,13.6483,68.2519,4.13721
1.51769,571.308,14.843,73.5264,4.33839
1.23511,592.419,15.223,75.5524,4.29654
-1.51175,582.52,13.4339,67.9384,3.91991
-0.557807,597.112,14.3011,71.8492,4.04482
-1.79899,560.022,12.7681,64.7007,3.88343
0.531478,579.812,14.4949,72.2823,4.19498
-2.87515,589.802,12.8802,65.7622,3.7512
-0.54757,578.897,13.8705,69.6806,4.0462
1.05192,559.978,14.2869,70.9944,4.26974
-0.413052,587.588,14.1537,71.0377,4.0643
-1.7837,515.238,11.7543,59.5568,3.88536
-1.1507,527.057,12.3304,62.2022,3.96649
-0.885867,594.572,14.0567,70.781,4.0012
-0.165023,545.586,13.2711,66.4947,4.09801
-4.76082,531.33,10.7505,55.6304,3.53512
-4.18865,517.7,10.7214,55.2529,3.5987
-2.69696,580.337,12.7645,65.0899,3.77262
0.848841,530.015,13.4156,66.7564,4.24033
-3.02007,535.589,11.6283,59.4313,3.73391
-4.82347,564.638,11.3953,58.9935,3.52826
-4.80216,522.822,10.5605,54.6637,3.53059
-2.3869,503.762,11.2188,57.0837,3.81034
-4.90335,555.201,11.1684,57.852,3.51955
-4.86006,574.833,11.5837,59.9849,3.52427
-1.75764,551.671,12.5985,63.8228,3.88865
-1.48727,507.183,11.7079,59.1996,3.92304
-4.2588,570.486,11.781,60.7438,3.59081
-3.82428,564.148,11.8572,60.9475,3.64007
-3.65254,522.528,11.059,56.7752,3.65981
-1.74636,550.017,12.5664,63.655,3.89008
0.827936,521.439,13.1877,65.6318,4.23732
-3.11152,512.674,11.0899,56.7161,3.72306
0.75668,593.454,14.9673,74.5242,4.22708
-3.79759,570.823,12.0105,61.7236,3.64313
1.66686,590.313,15.426,76.3377,4.36073
-0.941474,585.085,13.802,69.525,3.99387
1.36221,502.937,12.9878,64.4039,4.31529
-2.07422,577.357,13.0196,66.1017,3.84896
-4.18585,540.004,11.1846,57.6387,3.59901
1.76324,510.649,13.3943,66.2406,4.37526
-2.90813,537.433,11.721,59.8577,3.74725
1.30185,530.806,13.6753,67.8406,4.30637
-4.86991,565.458,11.3902,58.9871,3.52319
-0.784911,566.526,13.4473,67.6652,4.01455
-3.80884,583.453,12.2706,63.0656,3.64184
-4.52832,588.031,12.011,62.0493,3.56076
-1.11223,549.657,12.8788,64.9512,3.97151
-3.97977,538.257,11.242,57.8493,3.62233
-1.52085,524.385,12.0888,61.14,3.91874
0.215553,582.014,14.3707,71.8173,4.15057
-0.965129,551.345,12.9939,65.4651,3.99076
-0.86486,554.08,13.1103,66.0059,4.00397
-3.57616,598.346,12.7028,65.1789,3.66864
0.893021,571.203,14.4831,72.0469,4.2467
0.689922,521.92,13.1288,65.3998,4.21753
-1.53377,511.593,11.7879,59.6233,3.91709
-1.52197,561.032,12.9331,65.4104,3.9186
-1.93121,529.085,11.9994,60.8611,3.86681
-0.205195,553.464,13.4414,67.3668,4.09253
0.351144,577.462,14.3344,71.5698,4.16954
1.24659,538.595,13.8461,68.7136,4.29823
-3.37934,531.418,11.3719,58.2688,3.69155
0.862697,568.235,14.3908,71.6023,4.24233
0.572946,519.331,13.004,64.8294,4.20086
0.767879,507.509,12.8053,63.7546,4.22869
1.021,531.745,13.5502,67.3478,4.26524
-0.567958,587.314,14.0608,70.6468,4.04346
1.46963,501.927,13.0161,64.4973,4.33123
-4.38378,547.735,11.2539,58.0778,3.57683
-0.849531,569.926,13.4934,67.9276,4.00599
-1.51501,562.49,12.9703,65.5954,3.91949
1.03283,552.654,14.0896,70.0228,4.26696
-0.308274,593.021,14.3437,71.9397,4.07849
-3.86766,512.762,10.7583,55.3159,3.63511
-1.15997,555.348,12.9875,65.5211,3.96529
-4.29632,524.353,10.8118,55.7617,3.58661
-0.783016,581.844,13.8119,69.499,4.0148
-4.20589,528.474,10.9369,56.3702,3.59676
-2.00259,554.215,12.5335,63.6021,3.85788
-1.73056,552.806,12.638,64.011,3.89207
-4.84429,500.369,10.0897,52.2422,3.52599
1.16697,574.815,14.7315,73.1465,4.28654
-1.07186,501.98,11.7805,59.3957,3.97678
-2.69103,584.052,12.8493,65.5195,3.77334
0.72034,520.461,13.1077,65.2812,4.22188
-0.181838,519.797,12.6354,63.317,4.09572
-1.41673,519.458,12.0249,60.7729,3.93209
-3.66284,572.496,12.1115,62.1832,3.65862
-2.66665,585.036,12.8835,65.6828,3.77629
-3.66904,533.83,11.2907,57.9714,3.65791
-3.14469,539.741,11.6598,59.6447,3.71913
-1.39925,596.316,13.8137,69.8048,3.93434
-0.227702,544.808,13.2195,66.2647,4.08946
-0.213085,508.3,12.3407,61.8536,4.09145
-4.49354,588.991,12.0476,62.2231,3.56461
-2.54419,526.234,11.6457,59.321,3.79114
-0.195346,528.801,12.8474,64.3855,4.09387
-0.920803,518.715,12.2464,61.68,3.99659
-2.16882,523.882,11.7691,59.7925,3.83721
-3.78574,508.08,10.6954,54.9609,3.64448
1.05027,592.673,15.1201,75.1356,4.2695
0.588132,563.52,14.1189,70.3803,4.20302
-3.39491,566.693,12.1192,62.1045,3.68973
1.10072,507.649,12.9765,64.4616,4.27685
-3.21263,563.89,12.1482,62.1729,3.71111
0.118506,591.834,14.5575,72.7994,4.13707
0.222739,520.222,12.8486,64.2075,4.15157
-4.46497,541.866,11.0966,57.2994,3.56779
-4.31213,572.206,11.7909,60.8183,3.58484
-4.08576,504.821,10.4984,54.064,3.61031
-3.18832,553.431,11.9346,61.069,3.71398
1.35097,582.247,15.0293,74.533,4.31362
0.085652,576.82,14.1699,70.8768,4.13252
-4.43633,599.019,12.2813,63.4039,3.57097
1.92704,559.973,14.7818,73.0219,4.40013
0.653736,511.827,12.8567,64.06,4.21236
-0.510532,574.089,13.7754,69.1854,4.05117
-2.68579,548.471,12.069,61.5387,3.77397
0.921586,538.494,13.669,67.9839,4.25083
-1.31622,532.546,12.3772,62.5099,3.94503
-3.7082,539.652,11.3957,58.5272,3.65339
-1.9194,564.217,12.8022,64.9276,3.86829
-1.32891,573.668,13.3263,67.3088,3.9434
-4.04009,562.892,11.7278,60.3752,3.61548
-3.69843,538.471,11.3753,58.4182,3.65452
-1.42118,536.882,12.4261,62.8022,3.93152
-1.23642,589.426,13.7427,69.3677,3.95536
0.917785,537.18,13.6336,67.8096,4.25028
-4.59283,516.756,10.5275,54.4105,3.55362
-2.93604,510.05,11.1113,56.7553,3.74392
-3.82233,522.546,10.9837,56.4567,3.64029
0.395288,538.058,13.3794,66.7816,4.17575
1.63933,503.586,13.1456,65.0647,4.3566
1.01634,505.391,12.8763,64.0003,4.26456
-0.924932,516.979,12.2034,61.4653,3.99605
-1.652,540.18,12.3881,62.7109,3.90203
1.76255,595.5,15.6195,77.2456,4.37516
-4.45838,530.552,10.8678,56.1154,3.56852
-2.49304,561.106,12.4429,63.3591,3.79737
-2.62673,524.379,11.5663,58.9507,3.78112
-0.400737,520.497,12.5437,62.9519,4.06597
-2.1275,553.827,12.4624,63.2965,3.84234
0.599003,529.63,13.2754,66.1708,4.20457
-0.82988,516.493,12.2379,61.5987,4.00859
-3.31993,550.032,11.7985,60.4291,3.6985
-1.50517,512.393,11.8197,59.7726,3.92075
-2.11913,526.026,11.8408,60.1357,3.84338
1.02003,530.354,13.5143,67.1694,4.2651
-0.343602,568.252,13.7255,68.8557,4.0737
-3.28972,550.276,11.8181,60.5166,3.70205
-4.26678,595.557,12.2947,63.3964,3.58992
-3.20177,533.957,11.5084,58.8939,3.71239
1.69439,553.24,14.4727,71.6069,4.36488
-0.576414,574.412,13.7473,69.0758,4.04233
-3.56605,567.824,12.0597,61.875,3.66981
0.124175,544.625,13.3993,67.0046,4.13786
1.94311,546.374,14.4318,71.2854,4.40258
-2.71755,592.366,13.0183,66.3938,3.77014
-4.74792,559.63,11.3291,58.6188,3.53654
-4.36212,509.629,10.4802,54.0766,3.57925
-1.91069,539.716,12.2505,62.1259,3.86938
-1.84441,599.124,13.6349,69.1149,3.87771
-1.79779,536.868,12.2408,62.0282,3.88358
-2.01458,503.04,11.3708,57.7065,3.85639
0.0507955,588.451,14.4358,72.2241,4.12769
-4.77571,530.3,10.7232,55.4948,3.53349
1.69032,521.824,13.6487,67.5317,4.36426
-2.27734,534.014,11.9448,60.7311,3.82381
-0.762501,576.612,13.6988,68.9202,4.01752
-3.06456,535.902,11.6143,59.3783,3.72862
-1.49475,559.347,12.9082,65.2723,3.92208
-0.789704,518.498,12.3049,61.9191,4.01391
-4.28104,546.78,11.2813,58.1764,3.58832
-1.06234,547.362,12.8504,64.7857,3.97802
1.68635,547.51,14.3183,70.8469,4.36366
-4.33985,533.665,10.9844,56.6693,3.58174
1.79078,525.913,13.8095,68.2811,4.37943
0.205472,595.472,14.6972,73.454,4.14917
1.87117,582.287,15.3375,75.7957,4.39162
0.815821,555.701,14.0476,69.9169,4.23558
1.81988,561.824,14.7691,73.0116,4.38384
-0.760707,504.568,11.9881,60.3127,4.01776
0.318513,519.868,12.8882,64.3635,4.16497
0.386445,566.083,14.0714,70.2399,4.1745
1.33211,552.07,14.2399,70.6271,4.31084
1.37514,537.463,13.8864,68.8538,4.3172
1.42676,595.714,15.4224,76.4433,4.32485
-0.239065,593.73,14.4001,72.1882,4.08791
1.45152,584.168,15.1381,75.0215,4.32853
1.69323,539.206,14.1049,69.7878,4.3647
-3.66117,594.165,12.5708,64.5405,3.65882
-3.51807,515.109,10.9614,56.2205,3.67538
-0.755939,537.813,12.7804,64.2965,4.01839
0.332394,596.832,14.8043,73.9255,4.16691
-1.55197,505.035,11.6283,58.8238,3.91477
0.836072,536.89,13.5828,67.5944,4.23849
-3.4089,522.198,11.1613,57.2016,3.68809
-3.37115,522.863,11.1926,57.3464,3.6925
-2.66458,585.656,12.8982,65.7569,3.77654
-1.95534,576.459,13.0612,66.2579,3.86379
-2.10026,574.041,12.9313,65.6656,3.84572
-2.75355,508.896,11.1678,56.9704,3.7658
1.58093,508.329,13.2393,65.5544,4.34784
-4.77889,594.895,12.0278,62.2479,3.53314
-3.08529,587.73,12.7269,65.076,3.72616
0.936538,517.251,13.1375,65.3336,4.25299
-1.27077,513.871,11.9648,60.4078,3.95091
-1.43949,582.212,13.4654,68.0638,3.92916
-3.27948,579.036,12.4409,63.7012,3.70325
-1.1605,553.928,12.954,65.3524,3.96522
1.84531,565.654,14.8845,73.5695,4.3877
-4.75387,544.511,11.0203,57.0238,3.53589
-4.79046,526.705,10.644,55.0913,3.53188
0.466708,539.4,13.4504,67.1034,4.18582
0.615705,524.061,13.1444,65.5105,4.20694
-1.81599,502.122,11.4403,57.979,3.88129
1.80618,537.295,14.1168,69.7933,4.38176
-0.720024,541.225,12.8797,64.7804,4.02316
0.490529,556.449,13.8885,69.2777,4.18918
-1.79352,551.154,12.5687,63.6877,3.88412
1.17812,541.934,13.8948,68.9871,4.28818
0.559334,503.543,12.6019,62.8308,4.19893
1.91624,593.341,15.656,77.3464,4.39848
-0.270413,541.353,13.1135,65.7528,4.08364
-2.53957,566.65,12.5424,63.8867,3.7917
-3.01342,565.707,12.2855,62.7872,3.7347
-2.15703,581.075,13.0601,66.346,3.83867
-1.13226,527.59,12.3519,62.3027,3.96889
-2.20279,593.095,13.3059,67.6163,3.83301
-0.548277,589.326,14.12,70.9344,4.0461
-3.33153,564.644,12.1063,62.0105,3.69714
-4.63803,585.599,11.908,61.5657,3.54863
-2.88613,556.348,12.1442,62.0096,3.74988
-3.27905,595.028,12.7848,65.4615,3.7033
-0.571294,512.632,12.2712,61.6567,4.04302
-2.99614,544.559,11.8344,60.4746,3.73675
-3.56415,560.967,11.915,61.1316,3.67003
1.16388,504.405,12.9254,64.1803,4.28609
-3.41213,510.729,10.9148,55.9393,3.68772
1.72326,571.913,14.978,74.0924,4.36923
0.86854,534.391,13.5368,67.3504,4.24317
-2.22905,586.591,13.1462,66.8168,3.82976
-3.53394,552.35,11.7463,60.2532,3.67354
-4.5539,551.286,11.2487,58.122,3.55792
-4.06067,558.352,11.6235,59.8471,3.61315
-2.19757,500.536,11.2317,57.0738,3.83365
-0.60748,546.571,13.065,65.6611,4.03817
-4.44549,505.314,10.3563,53.4692,3.56995
-3.15794,523.003,11.2922,57.7697,3.71757
-1.28882,534.409,12.434,62.7849,3.94857
-4.72379,501.428,10.1608,52.565,3.53919
1.04611,541.39,13.8096,68.625,4.2689
-4.2358,557.409,11.5217,59.3971,3.5934
-4.60517,520.096,10.5902,54.7395,3.55225
0.958067,565.118,14.3653,71.4293,4.25611
-1.51913,560.663,12.926,65.3735,3.91896
-2.19122,568.938,12.7699,64.887,3.83444
-0.595715,562.283,13.4468,67.5746,4.03975
0.114726,558.221,13.7287,68.6562,4.13655
-0.294673,544.142,13.1685,66.0394,4.08034
-4.13701,552.22,11.4603,59.0389,3.60452
0.475766,575.826,14.3638,71.6559,4.1871
-4.93698,567.363,11.3974,59.0525,3.51588
-4.42066,520.342,10.675,55.1051,3.57272
-2.30452,516.225,11.5343,58.6553,3.82046
0.136225,591.079,14.5491,72.7483,4.13953
0.504188,566.451,14.1457,70.5542,4.19112
0.861223,539.394,13.6596,67.9649,4.24211
-4.61597,518.784,10.5588,54.5816,3.55106
-1.26266,517.203,12.0462,60.8157,3.95196
0.441196,557.779,13.8948,69.3325,4.18222
-3.56056,510.618,10.8472,55.6514,3.67045
-3.98972,596.675,12.4571,64.1064,3.6212
-1.05394,581.39,13.6538,68.8321,3.97912
-4.63562,522.963,10.6353,54.985,3.54889
-3.60855,571.972,12.127,62.2388,3.66489
-2.61922,581.82,12.8371,65.4244,3.78203
-2.937,576.58,12.5602,64.1564,3.7438
-1.6475,598.665,13.7318,69.5107,3.9026
1.06401,557.465,14.2295,70.7035,4.2715
-4.35429,548.215,11.2772,58.1862,3.58012
1.76027,543.191,14.2462,70.4552,4.37482
-0.788961,586.33,13.9151,70.0213,4.01401
1.57525,521.726,13.5852,67.2697,4.34699
-2.2225,551.889,12.3717,62.8776,3.83057
1.51423,543.031,14.1065,69.8794,4.33787
-0.520157,555.26,13.3185,66.8954,4.04988
-1.34516,532.365,12.3588,62.4294,3.9413
-3.20419,536.328,11.5583,59.1506,3.71211
-0.117738,521.203,12.7016,63.6208,4.10449
-3.92527,523.162,10.9509,56.3293,3.62853
-3.62401,534.894,11.3338,58.1741,3.66311
-3.01286,545.976,11.8573,60.5984,3.73476
-3.80532,510.198,10.7315,55.1539,3.64224
-2.46504,518.274,11.5059,58.5768,3.80079
-1.27244,533.716,12.426,62.7372,3.95069
-0.717965,521.367,12.4082,62.4078,4.02344
-1.08495,507.033,11.8929,59.9679,3.97507
-4.87452,500.553,10.0809,52.2082,3.52269
-2.46223,580.324,12.8849,65.5959,3.80113
-0.775476,596.462,14.1631,71.2627,4.0158
-2.5496,546.312,12.0873,61.5732,3.79048
1.93566,577.059,15.2379,75.2708,4.40145
-2.86994,534.047,11.665,59.5559,3.75182
-3.82699,547.79,11.5121,59.1749,3.63976
0.618336,530.269,13.3015,66.2922,4.20732
-3.95179,537.98,11.249,57.8736,3.62551
-3.38669,535.593,11.4579,58.7123,3.69069
-4.37703,557.085,11.4491,59.0826,3.57758
-2.24303,504.009,11.2891,57.3836,3.82804
-1.33985,549.437,12.7578,64.4426,3.94198
0.904811,583.822,14.8099,73.6666,4.2484
1.62577,533.949,13.9308,68.9577,4.35456
1.62949,566.643,14.786,73.1888,4.35512
-1.44524,589.674,13.6349,68.9231,3.92843
-2.69892,504.925,11.1049,56.6282,3.77239
-3.99077,566.492,11.8264,60.8616,3.62108
-3.33662,578.066,12.3915,63.4737,3.69655
-1.74209,553.35,12.6447,64.0497,3.89062
0.610459,541.127,13.5697,67.6324,4.2062
-4.52882,589.009,12.0307,62.1515,3.5607
-3.73493,538.187,11.3525,58.3163,3.65032
1.35796,501.882,12.9584,64.26,4.31466
-0.38467,596.042,14.3734,72.1264,4.06814
-2.21322,553.885,12.4211,63.1244,3.83172
-1.90902,527.788,11.9805,60.7563,3.86959
-3.2037,510.706,11.0064,56.3257,3.71217
-4.47025,539.628,11.0484,57.0527,3.5672
-4.09565,526.372,10.9422,56.3533,3.60919
0.205044,529.444,13.0673,65.3082,4.14911
1.4608,537.8,13.9416,69.0873,4.32991
0.261182,531.772,13.1537,65.715,4.15694
0.180022,585.48,14.4361,72.1618,4.14562
-0.81272,575.169,13.6374,68.6351,4.01086
0.674753,583.893,14.679,73.1295,4.21536
-4.40062,502.747,10.3225,53.2776,3.57495
-4.43782,540.057,11.0718,57.1601,3.57081
-3.23281,598.791,12.8896,65.9768,3.70874
-1.53833,547.524,12.6135,63.8013,3.91651
-1.07433,584.856,13.7241,69.1964,3.97645
-3.91617,584.479,12.2389,62.9506,3.62957
-4.92008,591.415,11.8887,61.5908,3.51772
1.89612,508.134,13.3973,66.1963,4.39542
-4.42761,524.578,10.7589,55.5409,3.57194
-1.01157,553.811,13.028,65.658,3.98467
-0.28665,529.485,12.8178,64.2774,4.08143
-0.154627,508.47,12.3733,61.9921,4.09944
-2.04196,520.395,11.7502,59.6434,3.85297
0.485406,568.587,14.1886,70.7771,4.18846
-3.09421,561.029,12.1443,62.1012,3.72511
-1.36941,562.135,13.0374,65.868,3.93818
-0.881069,539.766,12.7634,64.2667,4.00183
-3.25752,530.08,11.3992,58.358,3.70583
-1.56719,557.625,12.8314,64.9167,3.91283
-1.25616,566.464,13.197,66.6222,3.9528
-3.97522,508.218,10.6165,54.6291,3.62285
-0.903924,563.365,13.3094,67.0263,3.99882
-0.696964,584.611,13.9249,70.0261,4.02623
-0.0619829,597.132,14.5839,73.0214,4.11214
0.0646947,560.77,13.7643,68.8577,4.12962
-2.94428,511.205,11.1328,56.8682,3.74294
-3.94359,512.768,10.7254,55.1766,3.62644
-1.26333,599.487,13.9624,70.4895,3.95187
-1.64593,543.726,12.4725,63.1351,3.90281
-3.9583,587.933,12.2902,63.2336,3.62477
-4.2123,540.576,11.1844,57.6487,3.59604
-4.90995,569.682,11.4566,59.3477,3.51883
-2.45795,513.085,11.394,58.0038,3.80165
-0.935824,552.03,13.0251,65.6093,3.99462
-4.87882,551.702,11.1091,57.5349,3.52222
1.01247,562.92,14.3399,71.2765,4.264
-4.52077,582.255,11.8966,61.4553,3.56159
-0.566278,557.671,13.352,67.0847,4.04369
0.523808,555.165,13.8745,69.1924,4.19389
-1.57108,576.218,13.2572,67.0727,3.91233
0.641789,500.879,12.5758,62.6655,4.21066
-4.2624,522.233,10.783,55.5993,3.59041
-3.49101,508.056,10.8231,55.5007,3.67853
-0.0740451,595.809,14.5447,72.8311,4.11049
-3.63888,552.649,11.703,60.0755,3.66139
0.584892,535.138,13.4061,66.8286,4.20256
-0.44791,597.386,14.3699,72.1402,4.0596
-2.5118,542.781,12.0274,61.2519,3.79508
-0.419325,526.546,12.6802,63.6449,4.06346
-1.94505,509.477,11.5483,58.5788,3.86508
0.640569,543.181,13.6373,67.9553,4.21049
-4.48247,565.394,11.5702,59.7523,3.56584
0.506063,565.034,14.1114,70.382,4.19138
0.195752,578.557,14.2742,71.3449,4.14781
-0.335514,535.94,12.9491,64.9576,4.0748
0.779697,527.891,13.3258,66.3404,4.23039
-3.90097,577.814,12.1068,62.2644,3.6313
0.166956,546.558,13.4695,67.3359,4.1438
-2.26287,594.266,13.3002,67.6156,3.82559
0.556829,533.451,13.3491,66.5573,4.19858
-0.051229,578.713,14.1401,70.7938,4.11362
-0.656388,560.716,13.3772,67.2529,4.03164
0.777682,527.898,13.3249,66.3369,4.2301
-3.58274,598.863,12.7104,65.2209,3.66788
-1.79546,503.381,11.4784,58.1636,3.88388
-2.74362,513.594,11.2753,57.5152,3.767
-0.0236537,537.387,13.1446,65.7973,4.11742
0.213099,525.038,12.9626,64.7817,4.15023
-1.03281,565.525,13.2924,67.0002,3.98188
-0.999468,552.115,12.9943,65.4829,3.98625
-4.90167,562.681,11.3196,58.6348,3.51973
-0.164363,542.086,13.1863,66.0697,4.0981
1.98452,551.544,14.5918,72.0555,4.40891
-4.69199,564.841,11.4607,59.2759,3.54268
0.94691,509.963,12.9576,64.4346,4.25449
1.68438,557.9,14.5889,72.1868,4.36337
1.32823,522.353,13.4714,66.8171,4.31026
-2.46357,545.146,12.1032,61.6169,3.80097
-1.56098,587.384,13.5195,68.3951,3.91362
-3.49382,521.461,11.1074,56.9597,3.6782
1.83081,556.32,14.6306,72.3218,4.38549
-1.13781,529.827,12.4016,62.5555,3.96817
-3.43607,597.172,12.7498,65.3551,3.68492
-4.42203,504.022,10.3396,53.3744,3.57257
-4.11163,552.181,11.4713,59.0849,3.60739
0.243708,591.43,14.6193,73.046,4.1545
-0.631832,546.586,13.0528,65.6108,4.03492
1.84026,529.367,13.9269,68.8387,4.38693
-1.8759,519.503,11.8081,59.8678,3.87375
-1.04182,566.147,13.3022,67.0541,3.98071
-3.22271,593.442,12.7797,65.4094,3.70993
0.538622,570.761,14.2726,71.1704,4.19599
1.67096,524.582,13.7105,67.8465,4.36135
0.165051,590.532,14.5521,72.749,4.14354
0.00595395,554.006,13.5669,67.8975,4.1215
-0.163978,537.488,13.0746,65.51,4.09816
-4.28399,546.247,11.2689,58.1139,3.58799
-2.57638,585.933,12.9501,65.9804,3.78723
0.626442,534.088,13.4016,66.7871,4.20847
-2.44634,515.375,11.4501,58.2851,3.80307
0.63265,569.465,14.2927,71.2253,4.20936
-3.77162,574.159,12.0934,62.1381,3.6461
1.00262,594.337,15.1344,75.2306,4.26257
-0.800694,545.748,12.946,65.1498,4.01245
-3.04039,531.797,11.5365,58.9707,3.73149
-4.93853,503.744,10.1187,52.4282,3.51572
1.83642,581.514,15.2965,75.6106,4.38635
-1.74332,568.828,12.9977,65.8386,3.89046
1.18317,514.211,13.1866,65.4687,4.28891
1.21381,588.663,15.1139,75.0219,4.29341
0.884955,531.285,13.4667,66.9945,4.24554
-0.375747,546.828,13.1912,66.1903,4.06935
0.227645,511.331,12.6314,63.1203,4.15226
-3.22799,575.325,12.3869,63.4013,3.7093
-1.68583,502.625,11.5113,58.2862,3.89774
1.18364,534.707,13.7125,68.0792,4.28898
-2.60751,543.741,12.0026,61.1663,3.78345
-2.49661,565.373,12.5357,63.8334,3.79693
1.1658,564.513,14.4668,71.8328,4.28637
1.87052,582.941,15.3543,75.8792,4.39153
-1.22637,506.119,11.8051,59.5831,3.95666
-3.9046,517.655,10.8447,55.7749,3.63089
0.602264,514.673,12.9022,64.3089,4.20503
1.79591,553.175,14.5282,71.8324,4.38021
-1.40262,520.934,12.0659,60.9739,3.9339
1.6956,545.508,14.2711,70.6089,4.36506
-3.58867,572.758,12.1534,62.3656,3.66719
1.5733,557.358,14.5119,71.8595,4.3467
-1.14859,508.196,11.8902,59.9804,3.96677
-1.89782,587.416,13.34,67.6453,3.871
-4.13089,594.051,12.3315,63.5241,3.60521
1.30941,593.249,15.2886,75.8398,4.30748
-2.80613,526.565,11.5311,58.8458,3.75948
-2.0413,525.92,11.8753,60.278,3.85306
-1.92198,543.735,12.3361,62.5653,3.86797
-0.617974,571.456,13.6541,68.6271,4.03677
1.99386,516.616,13.6727,67.5127,4.41034
-3.58227,551.207,11.6992,60.0318,3.66793
1.98866,546.367,14.4571,71.3887,4.40954
-4.53122,517.17,10.5623,54.5666,3.56043
-2.17868,582.735,13.0861,66.4879,3.83599
-3.59391,575.818,12.2158,62.6878,3.66659
-2.89668,508.387,11.0926,56.6442,3.74862
-2.07471,511.781,11.5406,58.5929,3.8489
-3.12145,527.312,11.402,58.3162,3.72188
-4.10576,599.012,12.4472,64.1085,3.60805
-4.97043,509.051,10.212,52.9237,3.51225
-2.08558,519.911,11.7188,59.5024,3.84754
1.76516,550.251,14.4341,71.3821,4.37555
1.96189,575.96,15.2243,75.1907,4.40545
-3.35169,598.934,12.831,65.7322,3.69478
-3.74159,518.196,10.9279,56.1378,3.64955
-2.65421,542.76,11.9585,60.9616,3.77779
-0.600835,587.704,14.0519,70.6178,4.03906
-4.17362,568.471,11.78,60.702,3.60039
1.7019,564.024,14.7591,73.0202,4.36601
-4.84817,510.018,10.2826,53.2426,3.52557
-4.92756,577.259,11.6006,60.1015,3.51691
1.65417,523.742,13.6797,67.7013,4.35883
0.396084,503.734,12.5263,62.5232,4.17586
-3.33886,551.205,11.8146,60.5198,3.69628
-4.51959,585.797,11.9696,61.8317,3.56172
-4.98795,587.003,11.7674,60.9921,3.51035
-1.91045,567.243,12.8754,65.2951,3.86941
-0.0776884,546.358,13.3356,66.7783,4.10999
1.15086,562.015,14.3944,71.4805,4.28418
1.76181,526.429,13.8075,68.2845,4.37505
0.0470714,508.681,12.4771,62.426,4.12718
1.99565,519.255,13.7435,67.8614,4.41061
1.01772,516.909,13.1705,65.4618,4.26477
-2.90903,563.095,12.2802,62.714,3.74715
-2.39364,525.095,11.6907,59.4878,3.80952
-1.20971,585.166,13.6579,68.9267,3.95882
-1.91974,513.39,11.6487,59.078,3.86825
-0.291509,575.496,13.929,69.8519,4.08077
-4.92821,511.224,10.2733,53.2251,3.51684
-4.47343,569.14,11.6511,60.1665,3.56685
-2.02452,521.127,11.7749,59.7617,3.85515
-3.50367,581.812,12.388,63.5311,3.67705
-3.33552,588.854,12.6233,64.6607,3.69667
-0.119968,558.237,13.6029,68.1365,4.10418
0.555578,593.956,14.8625,74.1034,4.1984
-1.92609,510.185,11.5731,58.6969,3.86745
-2.26936,526.78,11.7867,59.9241,3.82479
-1.15148,583.989,13.6619,68.9194,3.96639
-4.0504,509.248,10.6057,54.6025,3.61431
0.184238,569.771,14.0511,70.2352,4.14621
-1.39505,516.404,11.9645,60.4587,3.93487
1.58299,536.917,13.985,69.2457,4.34815
1.45525,565.044,14.6446,72.5742,4.32909
1.94847,540.597,14.2822,70.5438,4.4034
-2.15206,542.313,12.1913,61.9303,3.83929
0.0777884,510.456,12.5358,62.7063,4.13143
-0.904867,500.419,11.8219,59.5355,3.99869
0.363481,538.518,13.3741,66.7698,4.17128
-3.15673,543.159,11.7279,59.9984,3.71771
-1.49699,514.546,11.8733,60.0398,3.9218
0.130598,591.297,14.5512,72.7618,4.13875
-1.58968,554.388,12.7455,64.4922,3.90996
-3.07379,578.409,12.5309,64.0685,3.72753
0.651773,542.768,13.6329,67.9282,4.21208
0.386007,556.46,13.832,69.0449,4.17444
-1.30564,576.341,13.4007,67.6739,3.9464
1.05503,511.095,13.0413,64.8035,4.27019
-0.466058,523.515,12.5839,63.1822,4.05715
-1.71261,542.102,12.4022,62.8086,3.89435
1.60263,516.995,13.4764,66.7184,4.35109
-1.84414,560.255,12.7505,64.6316,3.87774
0.27608,560.007,13.8602,69.2376,4.15902
-1.72645,507.669,11.608,58.7924,3.8926
-3.69733,522.77,11.0441,56.7169,3.65465
-0.133531,562.98,13.7112,68.685,4.10232
1.69802,520.561,13.6197,67.385,4.36542
-3.24818,571.481,12.2941,62.9354,3.70693
1.05064,577.234,14.7264,73.1791,4.26955
-1.84995,538.981,12.2635,62.1655,3.87701
-3.51925,517.687,11.0157,56.4996,3.67524
-2.16624,553.768,12.4418,63.2088,3.83753
-4.28936,585,12.0657,62.2255,3.58739
-2.62926,570.394,12.5799,64.1182,3.78081
-4.8285,578.357,11.6698,60.4167,3.52771
-3.23438,555.453,11.9559,61.1984,3.70855
-1.47169,580.987,13.4199,67.8489,3.92504
-2.05064,591.995,13.3623,67.8303,3.85189
0.720477,558.347,14.0619,70.0335,4.2219
1.49617,591.732,15.3608,76.1022,4.33518
-1.99396,522.069,11.8106,59.9301,3.85896
1.94878,548.416,14.4889,71.5648,4.40345
-3.94601,558.116,11.6727,60.0513,3.62617
-3.27167,597.154,12.8342,65.7114,3.70417
-3.65107,565.462,11.9684,61.4433,3.65998
-4.0853,554.582,11.5335,59.3941,3.61036
-2.49031,522.46,11.5871,59.0005,3.7977
-2.23537,558.323,12.5095,63.5837,3.82898
-1.57392,520.07,11.964,60.5312,3.91197
-2.39041,591.175,13.1637,66.9812,3.80991
-4.57377,575.55,11.7343,60.6398,3.55572
-0.623791,517.174,12.3543,62.0965,4.03599
-3.6949,537.544,11.3573,58.3245,3.65493
-1.79588,531.764,12.1254,61.4424,3.88382
0.39006,510.588,12.6937,63.3615,4.17501
-4.10208,563.997,11.7213,60.3686,3.60846
-3.98803,536.77,11.2072,57.6736,3.62139
1.17664,547.113,14.0268,69.6431,4.28796
-1.28614,535.365,12.4576,62.9028,3.94892
1.27348,596.906,15.3613,76.2189,4.30219
1.41886,571.207,14.7834,73.2799,4.32368
-1.01712,591.947,13.9221,70.1665,3.98394
1.15446,523.853,13.4189,66.6346,4.28471
-3.92149,514.851,10.7786,55.4416,3.62896
-0.844873,515.712,12.2121,61.4754,4.00661
0.0908285,537.125,13.1975,66.0104,4.13323
0.728361,587.365,14.7973,73.692,4.22303
-4.0592,552.823,11.5091,59.2573,3.61332
-3.52885,558.598,11.8816,60.9451,3.67413
-4.75802,502.854,10.1755,52.6539,3.53543
-1.29519,552.723,12.8569,64.923,3.94775
-2.3742,509.119,11.3439,57.715,3.8119
0.497164,588.542,14.6933,73.2892,4.19012
0.48976,592.358,14.7843,73.7466,4.18908
-4.11446,501.228,10.4116,53.6277,3.60707
-0.121388,567.512,13.8281,69.2653,4.10399
-4.54471,531.361,10.8462,56.0386,3.55894
-3.09962,541.761,11.7247,59.9576,3.72447
-3.89417,547.177,11.468,58.9764,3.63208
-1.94301,550.592,12.4812,63.3104,3.86533
-2.45293,507.232,11.2662,57.3516,3.80226
0.564795,548.371,13.7268,68.4365,4.19971
1.25964,544.599,14.0076,69.5089,4.30015
-1.47996,577.167,13.3273,67.3845,3.92398
-2.75822,595.57,13.0674,66.6632,3.76524
-1.90875,594.742,13.5005,68.4643,3.86963
1.50169,523.833,13.6011,67.3817,4.336
-4.57441,596.026,12.1515,62.7958,3.55565
-1.76872,515.08,11.7577,59.5678,3.88725
-0.490552,520.521,12.4999,62.7706,4.05386
-3.36106,536.16,11.4819,58.8245,3.69368
0.426443,558.91,13.9149,69.4398,4.18014
1.59252,526.022,13.7063,67.8614,4.34958
0.137364,599.156,14.7486,73.7451,4.13969
-3.31149,525.606,11.2784,57.7617,3.69949
-4.17144,551.772,11.435,58.9231,3.60064
1.42174,594.938,15.3993,76.3314,4.32411
1.87384,593.895,15.6449,77.3133,4.39203
-4.00754,538.164,11.2274,57.7857,3.61917
-2.01243,548.747,12.405,62.9542,3.85666
-0.480533,569.089,13.6716,68.65,4.05521
-1.46528,509.361,11.7685,59.4968,3.92586
-4.98973,533.774,10.6995,55.458,3.51015
1.10448,502.256,12.8406,63.7845,4.2774
-0.836482,559.054,13.2429,66.6603,4.00772
-4.29595,517.333,10.6672,55.0158,3.58665
1.77315,569.819,14.9521,73.9396,4.37676
0.328925,554.792,13.7596,68.7106,4.16643
-2.36259,508.295,11.3308,57.6437,3.81333
-3.98641,599.146,12.5103,64.3791,3.62157
-1.89107,553.871,12.5816,63.7965,3.87185
-1.93251,502.942,11.4059,57.8514,3.86665
-3.99537,519.267,10.8385,55.7793,3.62056
-2.99371,511.029,11.1068,56.7556,3.73704
1.79267,592.946,15.5707,76.9888,4.37972
-1.26954,530.054,12.3422,62.3127,3.95107
-2.39844,537.94,11.9744,60.9334,3.80893
-4.22423,509.877,10.5442,54.3532,3.5947
-0.601652,503.242,12.032,60.4675,4.03895
-2.43939,515.859,11.4641,58.3532,3.80392
-3.36316,566.441,12.1293,62.1424,3.69344
0.241115,512.24,12.6606,63.2601,4.15414
-2.22217,513.125,11.5029,58.4618,3.83061
1.86877,513.734,13.5306,66.867,4.39126
-3.59009,558.88,11.8583,60.8516,3.66703
-3.24711,502.794,10.8169,55.3731,3.70705
-2.49638,564.255,12.511,63.7076,3.79696
1.38223,517.413,13.3721,66.3004,4.31825
-2.412,566.845,12.611,64.1787,3.80727
-0.757077,547.81,13.0174,65.4893,4.01824
-3.09561,589.746,12.7652,65.2769,3.72494
-2.65933,505.672,11.1391,56.7863,3.77717
-3.66815,597.332,12.6342,64.8693,3.65801
-0.129151,567.612,13.8264,69.26,4.10292
-1.33894,552.203,12.8225,64.7689,3.9421
-1.1257,593.988,13.9101,70.1587,3.96975
-2.21721,523.545,11.7388,59.6587,3.83123
-0.700742,569.417,13.561,68.1977,4.02573
1.15308,535.92,13.7272,68.1664,4.28451
-0.978611,530.891,12.5052,63.0086,3.98899
0.214961,514.26,12.6974,63.4556,4.15049
-2.80572,530.52,11.6179,59.2887,3.75953
-0.786256,542.415,12.8743,64.7826,4.01437
1.42332,516.579,13.3719,66.2811,4.32434
-4.83858,547.654,11.0457,57.19,3.52661
-4.5865,599.613,12.2186,63.1481,3.55432
-0.55528,570.621,13.668,68.6672,4.04516
-2.9094,578.539,12.6168,64.4332,3.7471
-4.9846,540.891,10.8445,56.2071,3.51071
1.93721,576.619,15.2272,75.2172,4.40168
0.638028,558.159,14.0119,69.8235,4.21012
-1.93212,558.484,12.6657,64.241,3.8667
-4.4482,574.912,11.7813,60.828,3.56965
-1.96426,503.486,11.4037,57.8534,3.86268
1.44762,563.767,14.6072,72.3924,4.32795
1.39278,526.918,13.6233,67.5413,4.31981
-4.90777,528.54,10.6301,55.0658,3.51906
-0.528575,540.526,12.9608,65.1023,4.04875
-4.65348,573.879,11.6623,60.3022,3.54692
-1.89893,526.007,11.9449,60.5714,3.87086
-0.751695,580.892,13.8064,69.4564,4.01895
0.704373,501.423,12.6204,62.8608,4.21959
-0.838012,544.986,12.9088,64.9796,4.00752
-1.33549,507.854,11.7943,59.5739,3.94255
0.586322,530.29,13.2854,66.2262,4.20277
-0.212561,583.935,14.1773,71.0586,4.09152
-2.42418,574.405,12.773,65.0085,3.80578
1.75641,586.178,15.3714,76.0215,4.37423
0.656076,594.403,14.9323,74.4008,4.2127
-0.0469393,507.866,12.4111,62.1358,4.11421
0.149106,510.503,12.5721,62.8575,4.14132
-3.66659,539.659,11.4151,58.6092,3.65819
-1.19178,537.435,12.5527,63.3417,3.96115
-4.6393,576.312,11.7185,60.5867,3.54849
0.72205,531.961,13.3982,66.7273,4.22212
-1.35882,554.08,12.8559,64.9468,3.93954
0.638386,526.307,13.2125,65.8396,4.21017
1.06333,521.354,13.3074,66.122,4.2714
0.468195,546.341,13.6243,67.9701,4.18603
-3.57942,536.346,11.3851,58.4189,3.66826
1.35401,557.483,14.3918,71.3699,4.31407
-3.30277,583.152,12.5176,64.1044,3.70051
-4.33358,556.091,11.4489,59.0631,3.58244
-2.43971,504.698,11.2159,57.0901,3.80388
-2.00673,531.93,12.0276,61.0363,3.85737
-3.75966,543.432,11.4517,58.8362,3.64748
1.4117,545.953,14.1259,70.0239,4.32262
-3.37898,512.641,10.9703,56.2107,3.69159
-2.49814,509.724,11.3011,57.5474,3.79675
-3.68204,587.983,12.4295,63.8245,3.65641
-2.5098,576.505,12.7757,65.0617,3.79533
-2.78721,546.916,11.9859,61.1584,3.76175
0.915367,553.73,14.0524,69.8934,4.24993
-0.996348,536.93,12.6385,63.6883,3.98666
-3.18154,549.545,11.854,60.6538,3.71478
-4.02374,537.665,11.2096,57.7009,3.61734
1.63249,503.217,13.1325,65.0028,4.35557
-4.98059,500.394,10.0342,52.0059,3.51115
-2.98324,599.208,13.0288,66.572,3.73829
-2.757,520.02,11.4103,58.2091,3.76538
0.540763,559.653,13.996,69.7902,4.1963
-2.55727,541.168,11.9698,60.978,3.78955
-2.35001,510.698,11.3901,57.9402,3.81487
0.267401,565.054,13.9804,69.842,4.15781
-3.3238,583.259,12.5093,64.0713,3.69805
-0.485699,501.355,12.0419,60.469,4.05451
-4.59151,590.315,12.0267,62.1584,3.55376
-2.01172,521.112,11.7806,59.7852,3.85674
-0.244124,528.447,12.8142,64.2403,4.08722
-4.66361,532.574,10.8185,55.943,3.54581
1.81067,588.312,15.4599,76.4313,4.38244
-1.58482,538.907,12.392,62.7013,3.91058
1.26908,539.308,13.8766,68.8545,4.30154
1.30485,597.746,15.4017,76.4034,4.30681
1.74786,530.373,13.9034,68.7652,4.37294
-1.37152,566.185,13.1302,66.338,3.9379
-2.14288,592.13,13.3161,67.6397,3.84043
0.0666328,571.794,14.0359,70.2159,4.12988
-3.1343,560.025,12.1031,61.9077,3.72036
-4.12083,523.009,10.8612,55.9462,3.60635
-0.618552,593.598,14.1829,71.2848,4.03669
0.353114,575.286,14.2815,71.3047,4.16982
-2.38686,531.81,11.8435,60.2621,3.81035
-1.50004,514.302,11.8662,60.0053,3.92141
-3.9993,594.579,12.4085,63.8608,3.62011
-0.457168,505.56,12.1566,61.0329,4.05835
-2.84545,520.679,11.3842,58.1123,3.75476
-3.9884,502.317,10.4877,53.9711,3.62135
-4.62306,517.032,10.5201,54.3843,3.55028
-2.45867,591.654,13.1383,66.8844,3.80156
-1.15767,583.283,13.642,68.8221,3.96559
-3.99507,561.013,11.71,60.2643,3.62059
-1.39294,564.576,13.0817,66.1029,3.93515
-1.09021,529.723,12.4226,62.6408,3.97438
-2.89255,545.697,11.9087,60.8095,3.74912
0.513225,548.615,13.7052,68.3527,4.1924
-0.488901,572.394,13.7465,69.0298,4.05408
1.81218,544.639,14.3131,70.7609,4.38267
-3.88299,511.568,10.7265,55.1589,3.63335
-0.561261,528.56,12.6575,63.5933,4.04436
1.61491,595.675,15.5347,76.9024,4.35293
-0.840947,550.679,13.0422,65.6521,4.00713
-2.13391,518.449,11.6633,59.2406,3.84154
1.21973,523.364,13.4405,66.7127,4.29428
-1.40911,552.79,12.8004,64.6887,3.93307
-1.40088,567.394,13.1429,66.4156,3.93413
-0.582586,596.497,14.2724,71.7171,4.0415
-2.60337,525.085,11.5927,59.0757,3.78395
-2.80704,578.649,12.6712,64.6645,3.75937
0.608898,583.799,14.6389,72.9621,4.20598
-2.36565,519.975,11.5897,58.9623,3.81295
-4.69091,548.673,11.1331,57.5812,3.5428
-0.868767,572.702,13.5488,68.2156,4.00345
-1.42513,599.589,13.8752,70.1283,3.93101
0.967647,568.923,14.4675,71.9325,4.2575
-4.77362,544.507,11.0114,56.9855,3.53372
-4.21935,540.383,11.1772,57.6146,3.59525
-3.19013,573.451,12.3654,63.2744,3.71377
-3.60406,503.459,10.6763,54.7918,3.66541
-1.57093,552.617,12.7143,64.3257,3.91235
0.750647,567.887,14.3191,71.2996,4.22622
-1.15286,543.568,12.7156,64.1462,3.96621
-1.36031,567.164,13.1587,66.4772,3.93935
1.89759,528.296,13.9297,68.826,4.39564
-1.29455,558.86,13,65.6453,3.94783
-1.70191,501.986,11.4893,58.1813,3.8957
-1.69905,595.956,13.6416,69.079,3.89607
-3.85661,531.217,11.1504,57.3279,3.63637
-2.90677,597.231,13.0258,66.5208,3.74742
-0.820137,516.836,12.2507,61.6593,4.00988
0.734342,516.394,13.0124,64.8004,4.22388
-1.11809,502.928,11.7812,59.4179,3.97074
-0.577935,568.536,13.6059,68.3658,4.04213
0.226841,534.248,13.1971,65.9475,4.15214
0.029736,580.04,14.2177,71.1431,4.12478
1.0133,592.873,15.1034,75.0712,4.26412
-0.709336,551.846,13.138,66.0747,4.02458
-1.91498,543.557,12.3356,62.5593,3.86885
-1.12859,517.22,12.1109,61.0855,3.96937
-3.57862,588.627,12.4952,64.115,3.66836
-0.850305,504.766,11.9504,60.1599,4.00589
-0.0771833,561.856,13.7142,68.6737,4.11005
-0.523213,595.201,14.2748,71.7001,4.04947
-4.58294,547.199,11.1521,57.635,3.55471
-2.61829,589.454,13.006,66.2849,3.78214
-1.87853,563.829,12.8142,64.9703,3.87342
-2.17643,558.29,12.5383,63.7036,3.83627
-1.65752,546.569,12.5319,63.4411,3.90133
-2.95294,504.656,10.9863,56.1236,3.7419
-3.49684,549.904,11.7118,60.0605,3.67785
-1.5095,540.944,12.4762,63.0942,3.9202
-2.8831,549.976,12.0066,61.3056,3.75025
-2.68206,567.083,12.4804,63.6348,3.77442
-3.41997,563.51,12.0389,61.7042,3.6868
-0.35821,580.646,14.0167,70.324,4.07172
1.37771,523.503,13.5271,67.071,4.31758
-3.65672,589.286,12.4698,64.02,3.65933
-4.68749,576.713,11.7037,60.5309,3.54318
1.81914,501.592,13.1853,65.1827,4.38373
-3.06043,519.222,11.2547,57.538,3.72911
0.109564,514.965,12.6623,63.3255,4.13583
1.24631,560.285,14.4036,71.4801,4.29819
-3.09879,546.433,11.8262,60.4763,3.72456
1.08164,576.395,14.7229,73.1459,4.27407
-2.34366,531.393,11.8547,60.3008,3.81565
-2.98186,582.585,12.6681,64.7281,3.73845
-2.00942,573.824,12.9734,65.8376,3.85703
-2.51316,506.446,11.2217,57.1489,3.79492
-2.15857,521.323,11.7164,59.5206,3.83848
-2.80149,506.397,11.0915,56.6007,3.76003
-4.34012,597.935,12.3071,63.4935,3.58171
-3.58189,512.994,10.8883,55.8707,3.66798
-0.751767,593.017,14.0945,70.9059,4.01894
-1.42052,567.568,13.1367,66.3932,3.9316
1.63795,589.455,15.3863,76.1559,4.35639
-1.7874,548.206,12.5045,63.3598,3.88489
-2.49469,579.576,12.8516,65.4411,3.79717
-4.94027,598.162,12.0144,62.2512,3.51553
