Evaporator Temperature,Compressor Flow,Cold Water,Tower Water,COP
-0.196871,524.933,32.9528,166.1,3.97663
-1.78485,589.577,35.0967,178.857,3.77862
-2.52903,545.245,31.6538,162.151,3.69102
-1.86427,564.241,33.499,170.809,3.76912
-1.58684,570.538,34.1901,173.997,3.80247
-4.83423,551.35,29.5916,154.08,3.43852
-0.168475,527.221,33.1277,166.949,3.98031
0.649545,562.629,36.3249,182.042,4.08883
1.36456,500.625,33.0936,165.046,4.18752
1.32561,539.312,35.6053,177.619,4.18205
-4.95792,551.918,29.4965,153.721,3.42572
1.59261,575.836,38.3521,190.977,4.21979
0.786978,533.584,34.6066,173.269,4.10751
0.447237,566.63,36.339,182.364,4.06157
-2.7212,588.392,33.9375,174.084,3.66891
1.01519,535.835,35.0155,175.045,4.13884
-3.22596,598.333,33.9256,174.641,3.61178
0.0937357,596.109,37.784,190.074,4.0146
-2.33515,510.688,29.8424,152.665,3.71354
1.83577,518.567,34.8149,173.079,4.25462
-0.249253,582.496,36.5026,184.06,3.96984
-1.73545,557.188,33.2238,169.255,3.78455
-0.590291,533.396,33.0481,167.032,3.9261
-3.73664,593.679,33.0821,170.915,3.55535
1.66516,531.929,35.5125,176.75,4.23013
-3.40582,532.855,30.0289,154.778,3.59175
-2.14463,589.717,34.6826,177.19,3.73588
-2.23175,570.091,33.43,170.895,3.72564
-1.08296,548.627,33.437,169.572,3.86421
-1.9855,527.569,31.1943,159.192,3.75469
1.19302,514.863,33.843,168.979,4.16351
-4.2778,511.716,27.993,145.179,3.49701
-3.83927,536.247,29.7775,153.953,3.54417
1.98825,591.218,39.8916,198.114,4.2767
-4.25066,598.068,32.7472,169.802,3.4999
-2.24488,586.083,34.3526,175.627,3.7241
-4.41615,599.619,32.6468,169.481,3.48233
-1.80627,547.034,32.5408,165.856,3.77606
-0.570503,508.262,31.5117,159.244,3.92861
0.577405,593.831,38.248,191.774,4.07907
-0.690333,516.348,31.8853,161.265,3.91341
-0.0194349,503.889,31.8189,160.19,3.99975
-1.61796,587.52,35.171,179.028,3.79871
-4.18545,576.558,31.6398,163.984,3.50686
-1.77341,560.202,33.361,169.998,3.77999
-1.8182,556.477,33.0892,168.666,3.77463
-2.27156,504.598,29.5498,151.101,3.72097
-3.55251,546.317,30.6344,158.063,3.57554
0.778023,508.905,32.9962,165.216,4.10629
-1.44684,584.43,35.1875,178.899,3.81947
-4.03922,576.297,31.7839,164.56,3.52255
-3.15104,582.835,33.131,170.461,3.62017
1.97418,592.091,39.9321,198.334,4.27465
-3.80421,554.669,30.8373,159.393,3.54799
-4.52578,506.455,27.4711,142.724,3.47076
1.84969,573.429,38.5158,191.46,4.25663
-3.12096,510.852,29.0688,149.529,3.62355
1.85224,519.031,34.8649,173.309,4.257
-2.20342,587.276,34.4707,176.18,3.72896
1.53295,565.432,37.5854,187.235,4.21131
-3.8319,577.037,32.0506,165.697,3.54497
-0.0702796,522.243,32.9222,165.802,3.9931
0.00988544,589.208,37.2427,187.458,4.00359
-0.915265,500.089,30.6502,155.259,3.88511
-3.23219,503.707,28.5542,146.997,3.61108
-3.32671,555.17,31.3707,161.604,3.60054
-4.39295,542.643,29.5682,153.474,3.48478
-1.72106,586.69,34.9999,178.284,3.78628
-4.42529,528.073,28.7424,149.222,3.48136
-0.632974,567,35.0802,177.354,3.92067
-3.29812,546.518,30.9118,159.208,3.60372
-3.31823,545.237,30.8183,158.749,3.60148
-1.76792,559.784,33.3422,169.896,3.78065
-0.156116,587.442,36.9269,186.08,3.98192
1.83675,515.775,34.6286,172.152,4.25476
-2.89609,565.351,32.416,166.484,3.64896
0.405351,525.612,33.6618,168.977,4.05596
-2.51049,536.027,31.1382,159.489,3.69317
0.938002,554.072,36.1151,180.636,4.1282
0.202496,597.981,38.0398,191.218,4.02896
-0.914488,596.605,36.5665,185.228,3.8852
-1.38633,577.965,34.8689,177.205,3.82685
-1.27794,508.363,30.7814,156.315,3.84014
0.93956,525.016,34.223,171.171,4.12842
0.981739,522.58,34.1117,170.565,4.13422
-4.19965,522.257,28.6461,148.483,3.50534
-1.57009,516.65,30.9782,157.633,3.8045
-0.989058,593.825,36.3055,184,3.87589
-1.03745,568.695,34.7129,175.987,3.86987
0.673538,551.266,35.6196,178.478,4.09208
0.495038,578.151,37.1366,186.306,4.06798
1.07092,560.728,36.7097,183.445,4.14654
-1.10547,556.382,33.8841,171.866,3.86142
-1.91383,549.84,32.5896,166.229,3.76321
0.0393886,539.429,34.1297,171.755,4.00746
-3.44248,506.534,28.5101,146.988,3.58769
1.59501,530.091,35.3082,175.817,4.22013
-0.847654,555.419,34.1183,172.746,3.89358
0.0558902,516.291,32.6837,164.459,4.00962
-3.90702,570.283,31.5944,163.426,3.53682
-4.54562,522.905,28.3441,147.28,3.46867
-0.898525,532.044,32.6269,165.253,3.8872
-1.54515,590.389,35.4292,180.251,3.80752
-3.7516,511.627,28.4954,147.233,3.55372
-1.78669,528.707,31.4713,160.384,3.7784
-1.45789,546.427,32.8872,167.217,3.81812
-4.96507,597.811,31.9414,166.47,3.42498
0.38835,515.346,32.9857,165.602,4.05368
-2.69705,515.674,29.7676,152.668,3.67168
-0.945225,580.783,35.5602,180.168,3.88136
-3.52066,564.493,31.6879,163.462,3.57905
1.40827,530.215,35.1002,175.001,4.19368
0.69125,516.895,33.4183,167.428,4.09449
1.92194,594.327,40.0143,198.812,4.26708
1.59518,575.669,38.3443,190.935,4.22015
-1.70095,536.238,32.0117,163.04,3.7887
0.612262,569.032,36.693,183.934,4.08378
-4.06898,543.611,29.9508,155.102,3.51935
-4.18431,515.191,28.2733,146.535,3.50698
0.979394,581.129,37.9306,189.663,4.1339
-2.29829,525.031,30.7187,157.107,3.71785
-0.928531,531.567,32.565,164.974,3.88345
0.0201879,577.031,36.4855,183.634,4.00494
-4.86336,599.373,32.1369,167.368,3.4355
-2.36918,521.053,30.4131,155.621,3.70957
-3.43118,526.516,29.6461,152.833,3.58894
-3.99181,570.959,31.5405,163.245,3.52766
-0.549833,597.071,37.0433,187.172,3.93125
1.46456,501.629,33.2694,165.811,4.20162
0.471177,508.647,32.6464,163.806,4.06478
-3.35925,522.061,29.4672,151.833,3.59692
-0.900909,588.134,36.0637,182.663,3.8869
-1.83877,541.479,32.1752,164.03,3.77217
-0.00489965,572.469,36.167,182.062,4.00165
-1.79859,591.02,35.1664,179.229,3.77698
0.642331,545.534,35.2128,176.478,4.08785
0.285681,569.942,36.3563,182.652,4.04
-0.688938,516.588,31.9016,161.346,3.91358
-3.41531,566.957,31.9405,164.642,3.5907
-1.69456,513.821,30.6801,156.251,3.78947
-1.06602,515.869,31.4583,159.519,3.86632
-1.07483,585.259,35.6793,180.933,3.86522
-0.0987999,524.853,33.0554,166.506,3.98938
-0.276417,564.388,35.3359,178.21,3.96633
-2.11268,528.524,31.1172,158.939,3.73964
-1.69279,507.13,30.2823,154.224,3.78968
-2.03827,503.445,29.715,151.698,3.74843
0.913655,546.445,35.5894,178.036,4.12486
-4.45224,500.046,27.1918,141.199,3.47851
-0.0614228,573.287,36.1507,182.05,3.99426
-4.30482,533.204,29.1416,151.164,3.49413
-3.42834,528.907,29.7837,153.539,3.58926
-0.60675,509.648,31.5594,159.525,3.924
-0.816585,537.107,33.0277,167.189,3.89748
-0.521143,593.419,36.8519,186.168,3.9349
-2.45077,573.188,33.3641,170.819,3.70009
-1.71533,559.958,33.4116,170.187,3.78697
-2.77483,564.293,32.4885,166.714,3.66277
1.46717,551.502,36.5802,182.308,4.20199
-4.1846,550.93,30.2344,156.699,3.50695
-2.45967,508.813,29.6081,151.598,3.69905
-4.36941,534.607,29.1538,151.297,3.48727
-1.249,578.312,35.0508,177.96,3.8437
-1.15483,559.187,33.9987,172.506,3.85531
-3.53967,501.679,28.1436,145.198,3.57696
0.781393,518.729,33.6369,168.42,4.10675
-4.24914,571.431,31.2903,162.246,3.50006
-1.88645,576.642,34.2097,174.46,3.76647
-3.17478,554.196,31.4777,161.981,3.61751
1.64577,557.505,37.1962,185.155,4.22736
-2.2018,506.44,29.7275,151.936,3.72915
-3.51278,510.732,28.6777,147.925,3.57992
-1.76312,566.376,33.7403,171.919,3.78123
0.417669,503.179,32.2382,161.817,4.0576
-3.65236,559.245,31.2529,161.368,3.56457
-0.120516,536.184,33.7447,170.003,3.98655
1.56685,527.927,35.1315,174.97,4.21612
0.864087,521.087,33.8823,169.554,4.11806
-2.08967,589.161,34.7141,177.283,3.74236
-1.49422,588.277,35.3629,179.85,3.8137
-0.472726,582.689,36.244,183.036,3.94109
-2.08734,523.18,30.8288,157.438,3.74263
-3.07068,513.053,29.2439,150.376,3.62921
-0.069821,504.017,31.7737,160.018,3.99316
-0.641917,560.001,34.6368,175.123,3.91954
-3.87432,508.464,28.201,145.839,3.54037
-4.92908,546.543,29.2382,152.343,3.4287
-2.45661,545.644,31.7546,162.585,3.69941
-3.97063,593.638,32.817,169.826,3.52994
-3.06638,553.121,31.5323,162.139,3.62969
-1.26289,528.11,31.9932,162.452,3.84199
0.0691269,584.178,36.9975,186.149,4.01136
-3.53993,572.245,32.102,165.62,3.57693
-4.8067,542.56,29.1474,151.737,3.44138
-2.91789,570.501,32.6872,167.902,3.64648
-4.72057,542.434,29.2269,152.057,3.45035
-4.80421,564.727,30.3408,157.947,3.44164
-4.42635,581.928,31.6725,164.435,3.48125
-1.08554,599.464,36.5321,185.272,3.86389
-0.28706,527.163,32.9936,166.409,3.96495
1.05909,581.62,38.0626,190.221,4.14491
0.587477,522.999,33.697,168.944,4.08043
0.303551,552.206,35.2457,177.051,4.04237
0.775251,500.406,32.4422,162.445,4.10591
1.05251,541.525,35.431,177.077,4.144
-2.16523,516.632,30.3632,155.145,3.73345
-1.81748,543.301,32.3065,164.675,3.77471
1.57509,569.344,37.8979,188.738,4.21729
1.2079,520.356,34.2209,170.849,4.16558
-3.32707,520.125,29.3901,151.402,3.6005
-2.45468,589.655,34.3181,175.708,3.69963
1.66785,550.24,36.7381,182.847,4.23052
-3.51866,529.661,29.7346,153.384,3.57927
-4.16008,525.306,28.8523,149.51,3.50957
1.18693,578.476,38.0168,189.827,4.16266
-2.83767,539.121,30.9733,159.009,3.6556
-2.79734,592.096,34.0633,174.822,3.6602
-3.64411,500.674,27.9876,144.5,3.56547
-0.859544,582.377,35.7601,181.074,3.89209
-1.37391,540.822,32.6417,165.872,3.82837
-4.5278,561.569,30.4585,158.247,3.47054
-1.90626,548.179,32.4994,165.761,3.76411
-3.63824,564.986,31.589,163.087,3.56612
-1.59834,535.892,32.1015,163.381,3.80108
-2.27772,562.007,32.9049,168.264,3.72025
1.55724,503.016,33.4632,166.672,4.21476
-0.550348,539.859,33.4932,169.234,3.93118
-2.74078,579.234,33.3872,171.284,3.66667
-1.21474,519.753,31.5378,160.086,3.84792
-3.52047,517.382,29.0435,149.82,3.57907
1.08385,514.254,33.6815,168.298,4.14834
-2.33333,597.893,34.9404,178.743,3.71375
-4.5683,595.237,32.2397,167.55,3.46629
0.820273,596.845,38.7522,193.981,4.11206
-0.133652,514.102,32.3408,162.945,3.98484
-1.88129,516.583,30.6519,156.311,3.76709
-0.827692,555.579,34.1509,172.888,3.89609
-2.26555,574.468,33.6483,172.051,3.72168
-4.0086,539.107,29.7639,154.068,3.52585
-4.92042,530.858,28.4076,148.006,3.42959
1.97046,544.494,36.7175,182.373,4.27411
0.868944,539.278,35.0708,175.495,4.11872
-2.09606,525.518,30.9575,158.105,3.7416
1.50073,586.239,38.9272,193.961,4.20674
-0.89645,548.527,33.64,170.382,3.88746
0.258854,589.592,37.5763,188.816,4.03643
1.28857,579.458,38.2091,190.656,4.17686
-4.59603,524.677,28.3911,147.577,3.46337
-3.7251,558.677,31.1439,160.888,3.55661
1.12837,590.847,38.7549,193.59,4.15451
1.07889,563.461,36.8983,184.377,4.14765
1.11418,534.142,35.0191,174.945,4.15254
-0.136932,548.201,34.4821,173.738,3.98441
-2.82171,592.236,34.0432,174.749,3.65742
0.835377,521.479,33.8757,169.554,4.11413
-2.35158,587.656,34.321,175.596,3.71163
-4.51212,505.734,27.4448,142.573,3.47219
0.334933,578.824,36.9832,185.739,4.04655
0.87394,524.491,34.1148,170.706,4.11941
-1.08911,523.591,31.9046,161.807,3.86345
-2.6413,538.203,31.1267,159.576,3.67808
-0.381804,525.497,32.7858,165.468,3.95275
-1.33694,567.378,34.2869,174.188,3.8329
-4.53834,545.595,29.5814,153.701,3.46944
1.43588,531.073,35.1889,175.411,4.19757
-2.83374,560.501,32.2059,165.332,3.65605
-1.69789,515.007,30.7474,156.598,3.78907
-0.926354,501.724,30.739,155.721,3.88372
-0.239484,541.944,33.9725,171.29,3.9711
-1.41256,572.876,34.5315,175.523,3.82365
-1.8507,550.727,32.7116,166.779,3.77074
1.33856,572.905,37.8393,188.747,4.18387
-2.25045,560.633,32.8547,167.975,3.72345
-4.81779,530.71,28.4999,148.378,3.44023
-4.06646,527.953,29.0906,150.644,3.51962
-1.65276,535.059,31.9931,162.891,3.7945
1.14559,597.525,39.2152,195.866,4.1569
-3.20487,559.704,31.758,163.459,3.61414
0.888648,576.648,37.5254,187.753,4.12142
-3.74966,530.328,29.5389,152.623,3.55393
-2.08663,510.989,30.1112,153.773,3.74272
0.421205,546.097,34.992,175.636,4.05808
0.0464228,572.027,36.2007,182.168,4.00838
-1.85762,522.835,31.0476,158.303,3.76992
-1.76508,592.832,35.314,179.94,3.78099
0.0748815,591.796,37.4872,188.605,4.01212
-2.20752,537.551,31.5476,161.245,3.72848
-3.61675,538.777,30.1457,155.612,3.56848
-2.45407,538.497,31.3414,160.466,3.6997
-0.653998,571.618,35.3411,178.699,3.91801
1.17173,575.807,37.8224,188.876,4.16054
-1.48184,596.583,35.8771,182.45,3.81521
0.383029,588.497,37.6612,189.082,4.05297
-0.551212,539.503,33.4701,169.119,3.93107
-3.08312,595.285,33.9167,174.42,3.62781
-3.11522,573.728,32.6529,167.959,3.6242
-1.17636,574.497,34.9044,177.128,3.85265
0.657747,523.354,33.7984,169.371,4.08994
-2.4078,539.357,31.4405,160.922,3.70508
1.51246,518.882,34.4679,171.728,4.2084
-4.10452,597.276,32.8676,170.25,3.51553
-3.27377,572.366,32.4006,166.847,3.60644
1.89781,593.421,39.9216,198.384,4.26358
1.21885,539.224,35.4745,177.095,4.16711
0.234344,592.328,37.72,189.569,4.03318
-1.16734,558.087,33.9176,172.11,3.85377
-4.77319,583.21,31.3672,163.254,3.44486
1.9145,532.771,35.8611,178.186,4.266
1.14399,532.343,34.9355,174.492,4.15668
-0.352393,509.95,31.8469,160.698,3.95653
0.900028,533.448,34.7272,173.739,4.12298
-2.24129,508.998,29.8379,152.542,3.72452
-4.56494,544.723,29.5072,153.345,3.46664
-4.02973,553.155,30.5174,157.992,3.52357
0.952956,524.186,34.184,170.96,4.13026
1.40258,541.876,35.8654,178.824,4.19287
-2.89301,506.353,29.0363,149.123,3.64931
0.368983,559.179,35.7684,179.596,4.0511
-3.19494,509.161,28.9,148.738,3.61525
-1.41872,597.706,36.0208,183.1,3.8229
-1.37006,526.496,31.7811,161.495,3.82884
-3.50727,578.689,32.4996,167.633,3.58053
0.798232,521.556,33.8391,169.413,4.10905
-3.0456,542.167,30.9297,159.017,3.63204
-2.28214,540.055,31.6149,161.673,3.71974
-4.76914,578.206,31.1024,161.871,3.44528
0.637215,509.224,32.8635,164.709,4.08716
1.894,585.033,39.3524,195.56,4.26303
1.92655,550.979,37.1013,184.333,4.26775
-4.80351,566.993,30.4633,158.584,3.44171
-2.373,505.336,29.4919,150.912,3.70913
0.254484,549.475,35.0144,175.948,4.03585
-2.97432,555.581,31.7716,163.264,3.64009
-0.160133,504.575,31.7135,159.814,3.9814
0.538996,588.593,37.8625,189.891,4.0739
0.197102,562.612,35.7834,179.883,4.02825
1.7144,531.376,35.533,176.794,4.23718
-0.394908,593.183,36.9925,186.717,3.95106
-4.54707,533.568,28.9206,150.277,3.46852
-0.234797,541.218,33.9323,171.082,3.97171
-4.27447,551.589,30.1777,156.505,3.49736
-3.67841,546.028,30.4873,157.444,3.56172
-3.87357,555.233,30.7958,159.257,3.54045
-0.838647,548.25,33.6881,170.557,3.89471
1.23429,597.997,39.3611,196.477,4.16926
1.3895,540.761,35.7761,178.394,4.19103
1.65237,542.753,36.2199,180.287,4.22831
-4.82952,553.227,29.6972,154.624,3.43901
-2.64511,504.467,29.1718,149.558,3.67764
-3.54913,551.049,30.9033,159.446,3.57591
-1.71008,556.943,33.2375,169.295,3.7876
1.9534,575.026,38.7547,192.513,4.27164
-1.0836,534.537,32.5776,165.214,3.86413
-4.28383,563.546,30.822,159.857,3.49637
-0.908653,587.593,36.0212,182.458,3.88593
-2.98015,574.922,32.8711,168.92,3.63943
-1.07154,520.33,31.7245,160.875,3.86563
-0.543026,530.789,32.9385,166.423,3.93211
-1.5156,574.919,34.5351,175.666,3.81111
-4.65093,552.765,29.8547,155.246,3.45762
-1.31993,568.193,34.3558,174.517,3.83498
1.68429,527.675,35.2506,175.424,4.23287
-1.53014,596.35,35.805,182.144,3.80934
-3.11849,538.05,30.619,157.5,3.62383
-3.34396,592.862,33.481,172.496,3.59862
-0.759859,521.87,32.1516,162.69,3.90462
0.0340109,505.663,31.9877,160.981,4.00675
-4.22477,592.432,32.4673,168.32,3.50266
-4.23532,533.113,29.2059,151.423,3.50153
-1.15434,548.108,33.3256,169.091,3.85537
-2.3694,551.454,32.1874,164.7,3.70955
0.309198,549.5,35.0796,176.21,4.04313
-1.21388,579.073,35.1382,178.361,3.84802
-0.255167,552.098,34.5909,174.427,3.96907
-2.06272,503.861,29.7151,151.725,3.74554
1.15851,554.628,36.4154,181.866,4.1587
-3.35718,510.668,28.8262,148.528,3.59715
-1.00429,542.864,33.1729,168.141,3.87399
-4.81322,542.795,29.1535,151.776,3.4407
-0.235817,546.848,34.284,172.857,3.97158
-1.23285,541.884,32.8607,166.822,3.84569
-0.738067,508.119,31.3272,158.495,3.90737
-1.83842,550.2,32.6938,166.673,3.77221
-2.32712,569.46,33.2858,170.271,3.71448
0.750111,508.487,32.9387,164.96,4.10249
-0.549485,513.112,31.8347,160.853,3.93129
0.502843,545.156,35.0263,175.71,4.06903
1.98705,511.846,34.5347,171.512,4.27652
-0.252117,529.679,33.1897,167.358,3.96947
1.87723,544.991,36.6388,182.096,4.26061
-2.77584,567.43,32.668,167.636,3.66266
-4.38556,535.672,29.1957,151.532,3.48556
0.713055,586.798,37.965,190.179,4.09745
-2.95663,520.198,29.766,152.939,3.64209
-3.05113,557.022,31.7711,163.349,3.63141
-4.10723,537.268,29.5626,153.133,3.51524
-2.16441,568.975,33.4404,170.867,3.73355
0.17019,530.518,33.712,169.501,4.02469
-3.96296,532.799,29.4615,152.453,3.53077
-2.66505,503.031,29.0692,149.053,3.67535
-0.275959,529.613,33.1592,167.232,3.96639
-3.58911,519.782,29.1102,150.237,3.57151
-3.26474,556.814,31.5299,162.353,3.60745
0.0649574,540.554,34.23,172.229,4.01082
-1.03993,501.04,30.5807,155.041,3.86956
-0.0716514,516.665,32.5691,164.025,3.99292
-3.5958,561.427,31.4353,162.245,3.57078
1.07876,521.591,34.1563,170.676,4.14763
-0.129008,510.622,32.1269,161.862,3.98544
-4.02617,542.689,29.9437,155.018,3.52395
-4.90517,590.552,31.6185,164.717,3.43117
1.84835,514.372,34.5475,171.736,4.25644
1.98746,505.455,34.104,169.372,4.27658
0.536792,590.764,37.9993,190.58,4.0736
-4.89741,510.269,27.3274,142.354,3.43197
-0.467014,559.282,34.7947,175.71,3.94182
-0.0927887,591.667,37.2708,187.732,3.99016
-1.761,502.987,29.9662,152.686,3.78148
-0.569615,558.16,34.6063,174.882,3.92873
-1.3402,561.532,33.93,172.379,3.8325
0.0249456,530.946,33.5769,168.989,4.00556
-4.05133,563.158,31.0464,160.755,3.52125
-2.71768,590.456,34.0606,174.711,3.66931
-2.56869,524.402,30.403,155.787,3.68644
-0.309002,588.295,36.7928,185.599,3.96212
-2.99526,530.414,30.3108,155.78,3.63772
0.232899,588.17,37.4534,188.232,4.03299
-3.57662,536.613,30.0656,155.154,3.57289
-2.47641,553.556,32.1935,164.855,3.69711
-4.40513,537.842,29.2944,152.066,3.48349
0.60989,545.331,35.162,176.262,4.08346
-2.66647,547.352,31.6289,162.18,3.67519
1.86591,585.155,39.3244,195.458,4.25897
0.534947,580.266,37.3218,187.184,4.07335
0.240865,578.229,36.8301,185.089,4.03404
-0.22381,540.22,33.882,170.816,3.97313
0.0494573,509.278,32.2329,162.198,4.00878
0.995948,528.366,34.5055,172.518,4.13618
-2.08184,524.643,30.9208,157.902,3.74328
1.30959,552.582,36.4622,181.913,4.1798
-1.94254,526.747,31.1907,159.126,3.75979
0.000122617,528.283,33.381,168.032,4.00231
1.30623,566.228,37.3585,186.389,4.17933
0.420662,519.569,33.2916,167.101,4.05801
-3.03201,581.107,33.1664,170.5,3.63357
-4.18287,573.895,31.4965,163.239,3.50714
-0.722035,517.64,31.9312,161.533,3.9094
-2.33081,517.306,30.2335,154.661,3.71405
-1.10005,555.334,33.8264,171.567,3.86209
-2.46642,581.212,33.8133,173.138,3.69827
-0.144264,503.369,31.6544,159.498,3.98346
1.03223,524.013,34.2622,171.259,4.14119
-3.69099,543.982,30.36,156.8,3.56034
-3.77832,577.509,32.1355,166.073,3.5508
-0.929938,504.189,30.8863,156.471,3.88327
-4.48017,518.166,28.1502,146.205,3.47556
-3.88697,541.395,30.0145,155.231,3.539
-1.16294,502.585,30.549,155.012,3.85431
-1.18678,517.659,31.4402,159.56,3.85137
0.569443,593.332,38.2058,191.573,4.078
-1.18818,538.681,32.7154,166.033,3.85119
1.23468,521.952,34.3561,171.493,4.16932
-2.03346,573.619,33.8624,172.866,3.749
1.47319,553.916,36.7476,183.135,4.20284
-1.4729,566.961,34.1059,173.432,3.8163
-1.02235,554.908,33.8884,171.789,3.87174
-1.77209,512.961,30.549,155.668,3.78015
-2.76307,540.974,31.1583,159.875,3.66412
1.78757,539.354,36.1533,179.791,4.24768
1.00289,504.844,32.977,164.868,4.13714
-1.91799,528.631,31.3281,159.8,3.76272
0.179587,584.283,37.1401,186.725,4.02593
1.12379,569.229,37.3313,186.484,4.15388
-0.606349,564.616,34.9637,176.733,3.92406
0.113544,571.513,36.2489,182.327,4.01721
-3.68874,590.279,32.9464,170.156,3.56059
-4.30079,530.839,29.0163,150.51,3.49456
-2.88458,517.661,29.6932,152.487,3.65027
-3.51662,526.482,29.5583,152.471,3.5795
-4.44752,553.542,30.1058,156.325,3.47901
1.56441,540.613,35.9728,179.163,4.21578
-1.20815,596.309,36.1911,183.698,3.84873
-2.44603,501.488,29.1953,149.47,3.70064
-1.76843,520.399,30.9958,157.94,3.78059
-1.47219,531.479,31.9722,162.581,3.81638
1.85081,598.105,40.1747,199.705,4.25679
-0.802142,514.68,31.6639,160.269,3.8993
-2.85251,527.937,30.3155,155.648,3.65391
-4.47621,549.958,29.8814,155.192,3.47598
1.04956,503.509,32.9405,164.633,4.14359
0.213954,584.901,37.2218,187.092,4.03048
-3.76931,575.378,32.0267,165.5,3.55179
-3.4506,510.4,28.7198,148.077,3.58679
0.249181,586.865,37.3905,187.894,4.03515
0.41053,514.026,32.9254,165.274,4.05665
0.606432,556.491,35.8774,179.853,4.083
-0.118828,572.894,36.057,181.65,3.98677
-4.49457,591.553,32.1213,166.846,3.47404
-4.74752,591.92,31.8637,165.807,3.44754
-0.566198,596.259,36.9727,186.836,3.92916
-2.84052,571.243,32.8156,168.47,3.65528
-4.65985,509.889,27.5306,143.17,3.45669
-1.92092,562.248,33.3171,169.949,3.76237
1.37878,591.223,39.1009,194.987,4.18952
-3.07035,580.363,33.0809,170.106,3.62924
0.313119,528.427,33.7387,169.47,4.04365
1.39048,548.725,36.3043,181.027,4.19117
-4.49892,584.134,31.7137,164.734,3.47359
-0.212237,554.686,34.8027,175.444,3.97463
-0.870714,504.898,30.991,156.937,3.89069
-2.16741,583.981,34.3189,175.36,3.73319
-2.6564,564.722,32.6438,167.372,3.67634
-3.26108,504.053,28.5459,146.984,3.60785
-3.55308,544.018,30.5049,157.395,3.57548
-0.607758,580.373,35.9378,181.658,3.92388
0.0478534,500.101,31.6504,159.268,4.00857
-2.17463,540.235,31.7404,162.192,3.73235
-0.269897,571.817,35.8088,180.587,3.96717
0.62508,563.673,36.3629,182.263,4.08552
-4.29315,582.484,31.8476,165.188,3.49537
-3.70853,582.567,32.494,167.843,3.55842
-2.46063,566.247,32.9491,168.706,3.69894
-4.34096,590.398,32.2276,167.215,3.49029
1.94638,520.136,35.0473,174.105,4.27062
0.333699,505.119,32.2726,162.082,4.04639
1.65047,536.534,35.8026,178.212,4.22804
-1.2579,561.999,34.052,172.9,3.8426
-2.66,531.077,30.6951,157.384,3.67593
-3.29057,526.769,29.8024,153.486,3.60457
0.88471,534.871,34.8023,174.133,4.12088
-2.55593,563.297,32.6721,167.399,3.68791
-3.92174,505.032,27.9654,144.669,3.53523
0.169738,526.595,33.4622,168.246,4.02463
-4.44784,534.282,29.0579,150.884,3.47897
-2.64521,505.818,29.2499,149.959,3.67763
-2.55381,530.262,30.7583,157.591,3.68816
-1.40636,548.095,33.0447,167.958,3.82441
-4.2317,544.718,29.8454,154.735,3.50192
-1.40849,521.398,31.4328,159.768,3.82415
-0.253521,554.473,34.7416,175.185,3.96929
0.917365,521.535,33.9712,169.937,4.12537
-2.44287,525.666,30.6061,156.69,3.701
-0.766042,576.631,35.518,179.732,3.90385
0.0978324,591.056,37.4689,188.483,4.01514
-1.12462,530.368,32.2791,163.747,3.85905
-1.92533,562.647,33.3358,170.049,3.76184
-2.25995,540.664,31.6743,161.951,3.72233
1.88534,546.953,36.7805,182.79,4.26178
-1.10493,584.116,35.5738,180.436,3.86149
1.2605,561.194,36.9706,184.511,4.17293
-0.832203,521.818,32.0708,162.362,3.89552
-2.16038,548.021,32.2132,164.592,3.73402
-1.21725,573.711,34.809,176.694,3.84761
-3.34524,533.693,30.1382,155.275,3.59848
-3.257,551.744,31.251,160.908,3.60831
-1.32645,529.938,32.0357,162.739,3.83418
-3.67967,592.14,33.0605,170.734,3.56158
-2.73024,588.25,33.9189,174,3.66787
-0.739148,538.506,33.1994,167.968,3.90724
1.20856,511.256,33.6231,167.864,4.16567
-0.128232,526.529,33.1285,166.908,3.98554
-2.38264,556.609,32.4737,166.181,3.70801
1.3338,557.952,36.8459,183.798,4.1832
-2.67828,577.177,33.339,170.962,3.67383
-0.733728,567.275,34.9794,176.967,3.90792
0.49115,511.917,32.878,164.946,4.06746
1.77597,573.756,38.4446,191.201,4.24601
-1.02224,530.278,32.3844,164.165,3.87176
-1.89181,503.378,29.8579,152.272,3.76584
1.86838,578.277,38.8652,193.173,4.25933
-0.114824,550.796,34.6708,174.662,3.98729
-3.44559,560.076,31.5203,162.511,3.58734
-1.9723,524.158,31.0064,158.218,3.75626
1.33019,563.836,37.23,185.718,4.18269
1.57703,565.576,37.6495,187.498,4.21757
1.95305,542.786,36.5814,181.718,4.27159
0.449116,542.749,34.8097,174.687,4.06182
-0.0683368,573.69,36.1677,182.145,3.99335
-1.71947,535.415,31.9427,162.71,3.78647
-1.61285,595.106,35.6312,181.364,3.79932
-4.77671,551.382,29.6518,154.33,3.4445
1.68471,544.109,36.3489,180.89,4.23293
-3.1188,549.406,31.2649,160.823,3.62379
-3.81344,575.367,31.978,165.3,3.54698
-3.07984,540.52,30.7999,158.388,3.62818
-3.87069,574.546,31.8701,164.809,3.54076
-3.08629,519.046,29.5698,152.069,3.62745
0.888924,596.376,38.8096,194.178,4.12146
-0.702513,539.493,33.301,168.44,3.91187
-0.807077,502.379,30.902,156.418,3.89868
0.140887,590.949,37.5157,188.663,4.02082
-4.21708,517.949,28.3929,147.189,3.50348
-4.92831,550.256,29.4376,153.381,3.42878
-1.72379,585.345,34.9164,177.863,3.78595
-0.551548,595.507,36.9441,186.673,3.93103
-4.43666,548.303,29.8319,154.891,3.48016
1.78199,513.985,34.4464,171.31,4.24688
1.14674,597.429,39.2104,195.84,4.15706
-4.49783,546.332,29.6624,154.078,3.4737
-2.89205,510.566,29.2788,150.367,3.64942
-4.9785,578.677,30.9048,161.083,3.4236
-4.73989,568.951,30.6353,159.407,3.44833
-3.99761,501.015,27.6712,143.224,3.52703
-2.35456,544.563,31.801,162.707,3.71128
0.391659,552.023,35.3371,177.403,4.05413
-3.65557,502.341,28.0698,144.936,3.56422
-0.794596,541.873,33.3452,168.77,3.90025
-4.88389,584.232,31.303,163.049,3.43337
-3.69531,510.212,28.4711,147.049,3.55987
-3.63384,508.475,28.4336,146.792,3.5666
-4.209,565.074,30.9847,160.616,3.50434
-1.14576,529.107,32.1796,163.266,3.85643
-0.00381019,565.076,35.7011,179.716,4.00179
1.08739,531.058,34.7861,173.813,4.14883
0.393523,575.89,36.8672,185.083,4.05437
-0.587275,541.357,33.5448,169.538,3.92648
-1.34712,555.287,33.5448,170.43,3.83165
-4.21257,526.505,28.8663,149.638,3.50396
-1.57602,578.698,34.6917,176.537,3.80378
-3.78381,518.664,28.8556,149.129,3.55021
-1.37955,514.648,31.0561,157.821,3.82768
-4.45413,523.62,28.4719,147.848,3.47831
-2.33418,593.999,34.7118,177.574,3.71366
-4.68171,593.109,31.9999,166.438,3.4544
-4.39621,535.905,29.1978,151.554,3.48444
-2.04008,519.959,30.6879,156.667,3.74822
1.63981,532.167,35.4987,176.712,4.22651
1.65591,586.446,39.1402,194.818,4.22881
-3.31081,556.786,31.479,162.144,3.60231
1.78667,518.595,34.7607,172.867,4.24755
-1.57212,564.008,33.8155,172.073,3.80425
-0.633513,547.545,33.8759,171.266,3.92061
1.6806,572.796,38.2602,190.406,4.23234
-2.76846,537.57,30.9566,158.846,3.6635
0.125575,503.758,31.9642,160.762,4.0188
-1.75199,572.398,34.1118,173.798,3.78256
0.803561,592.812,38.469,192.586,4.10978
-1.65089,597.183,35.7099,181.813,3.79473
-2.21512,598.709,35.1279,179.553,3.72759
-0.829003,512.857,31.5234,159.588,3.89592
-1.59848,591.063,35.4062,180.201,3.80106
0.770299,551.557,35.7526,179.027,4.10524
-1.51257,537.21,32.2732,164.158,3.81147
0.742313,514.723,33.3341,166.948,4.10143
-2.27541,569.907,33.3701,170.64,3.72052
-3.71496,598.077,33.3518,172.282,3.55772
-1.43439,594.098,35.7845,181.919,3.82099
-3.99702,534.153,29.502,152.7,3.5271
0.0154669,554.599,35.0617,176.474,4.00432
-1.4194,538.408,32.4464,164.932,3.82282
0.815175,507.177,32.9246,164.816,4.11136
-0.124764,548.119,34.4909,173.767,3.986
0.254961,593.2,37.8014,189.952,4.03592
-2.93031,526.577,30.1578,154.923,3.64507
-3.86182,507.925,28.1831,145.734,3.54172
-0.761287,532.815,32.8243,166.096,3.90444
0.483947,560.25,35.9736,180.485,4.06649
1.64019,508.852,33.9439,168.972,4.22657
0.773753,540.93,35.0677,175.593,4.10571
1.76629,516.256,34.5808,171.996,4.24462
-2.66427,580.198,33.5294,171.922,3.67544
1.6164,562.956,37.5237,186.822,4.22318
1.74893,521.916,34.94,173.803,4.24213
-1.70663,503.297,30.0395,153.002,3.78801
-2.32504,529.749,30.9668,158.406,3.71472
0.809379,509.258,33.0533,165.467,4.11057
-3.30409,593.185,33.5446,172.775,3.60306
-4.35949,565.396,30.8432,160.054,3.48833
-0.189666,555.507,34.8804,175.808,3.97756
-3.76096,582.578,32.4367,167.609,3.5527
-1.60889,585.811,35.0794,178.55,3.7998
1.72123,580.087,38.799,193.035,4.23816
-0.651594,583.672,36.0893,182.479,3.91831
-1.2842,526.423,31.8683,161.842,3.83937
1.41745,536.694,35.5398,177.183,4.19497
1.89437,533.316,35.8741,178.274,4.26309
-4.8923,537.598,28.7961,150,3.4325
-3.02106,557.115,31.8088,163.509,3.63481
-0.958032,549.553,33.6336,170.422,3.87976
-2.98704,513.384,29.3458,150.812,3.63865
0.174866,548.338,34.8498,175.216,4.02531
0.693583,525.88,34.0018,170.349,4.0948
-4.83601,539.342,28.9454,150.717,3.43833
-1.84518,548.324,32.5749,166.075,3.7714
-4.41067,517.853,28.2003,146.392,3.48291
-4.04278,565.955,31.2097,161.591,3.52216
-3.43319,587.721,33.0901,170.589,3.58872
-1.30504,585.155,35.399,179.798,3.83681
0.829372,583.561,37.901,189.709,4.11331
0.156678,558.573,35.4789,178.401,4.0229
-2.30865,550.53,32.1993,164.692,3.71664
-1.16489,551.975,33.5489,170.236,3.85407
1.78406,555.15,37.2078,185.04,4.24718
-1.5426,551.318,33.0874,168.334,3.80783
0.679834,535.155,34.5857,173.291,4.09294
-2.51463,585.741,34.0214,174.262,3.69269
-2.41109,561.73,32.741,167.582,3.7047
-1.61474,542.654,32.4887,165.371,3.79909
-2.88059,506.32,29.0466,149.163,3.65072
0.411151,566.258,36.2718,182.072,4.05673
-4.30261,584.65,31.9557,165.759,3.49437
1.77321,530.798,35.563,176.873,4.24562
1.93938,594.639,40.0581,199.007,4.26961
0.509712,510.79,32.8257,164.663,4.06995
1.187,508.846,33.4409,166.979,4.16267
1.40401,566.725,37.5118,187.031,4.19308
1.07046,576.22,37.7233,188.511,4.14648
-4.68609,557.426,30.0702,156.406,3.45394
1.84196,594.522,39.9224,198.463,4.25552
-2.32911,545.365,31.8752,163.057,3.71425
-4.56625,526.048,28.4943,148.082,3.4665
0.19874,553.883,35.2301,177.099,4.02846
-0.697577,509.833,31.4754,159.2,3.91249
-3.32983,535.4,30.2504,155.836,3.60019
1.54508,572.373,38.0619,189.593,4.21303
1.99232,545.927,36.8406,182.957,4.27729
0.487638,575.354,36.948,185.369,4.06699
-3.17447,554.45,31.4924,162.057,3.61754
-2.05588,502.597,29.6474,151.372,3.74635
-0.281278,598.57,37.47,188.979,3.9657
-3.56193,546.025,30.6082,157.938,3.5745
-3.56505,537.61,30.1333,155.491,3.57416
0.375232,532.487,34.068,171.051,4.05193
-0.220369,551.717,34.6071,174.467,3.97358
0.429681,512.009,32.817,164.709,4.05921
-4.18828,509.092,27.9348,144.785,3.50656
-3.72665,584.72,32.594,168.381,3.55644
-1.31567,539.645,32.6342,165.767,3.83551
-3.80273,568.338,31.5988,163.328,3.54815
-2.46003,532.308,30.9749,158.597,3.69901
1.00888,519.207,33.9219,169.585,4.13797
1.83474,590.273,39.6277,197.007,4.25447
-0.801279,533.817,32.8421,166.232,3.89941
-4.8654,570.904,30.6083,159.409,3.43529
-2.11695,507.494,29.8747,152.598,3.73914
-1.34493,543.939,32.8617,166.957,3.83192
-0.535088,578.933,35.9356,181.556,3.93313
-4.11398,557.982,30.6954,159.008,3.51451
-0.397653,583.765,36.4019,183.739,3.95071
0.83958,594.823,38.6455,193.422,4.1147
-2.85745,520.17,29.8645,153.338,3.65335
-3.01326,522.884,29.8623,153.494,3.63569
0.864377,599.485,38.9803,195.065,4.1181
-4.84074,509.678,27.3489,142.409,3.43784
-0.986164,597.563,36.5376,185.172,3.87625
-4.48132,524.541,28.4954,147.999,3.47544
-0.441127,526.906,32.8088,165.652,3.94514
-2.9761,558.197,31.9192,164.024,3.63989
-3.5541,558.647,31.3241,161.623,3.57537
-0.627222,514.657,31.8478,161.006,3.9214
-1.54574,527.44,31.651,161.03,3.80745
0.72587,582.423,37.6979,188.825,4.09919
-2.14323,551.562,32.4401,165.732,3.73604
0.236792,576.508,36.7155,184.518,4.0335
1.38987,533.891,35.3221,176.13,4.19108
-3.94445,549.569,30.408,157.33,3.53277
-3.66882,535.156,29.89,154.349,3.56277
-3.84391,597.194,33.1566,171.429,3.54367
-3.19229,583.41,33.1173,170.44,3.61555
-1.6516,532.124,31.8188,162.002,3.79464
-0.052502,592.362,37.3646,188.152,3.99542
-4.70491,588.321,31.7163,164.99,3.45198
-1.59755,522.269,31.2863,159.231,3.80117
-0.732575,524.448,32.3398,163.612,3.90807
0.374198,587.409,37.5806,188.689,4.05179
1.21799,530.024,34.8683,174.069,4.16699
-2.08294,597.636,35.2215,179.866,3.74315
-4.66892,552.308,29.8116,155.042,3.45574
0.738676,578.681,37.4716,187.675,4.10093
-4.50924,588.863,31.9591,166.021,3.4725
-0.427887,580.839,36.1829,182.672,3.94683
1.99287,585.999,39.5455,196.389,4.27737
1.31069,592.993,39.1301,195.223,4.17996
-1.90083,588.761,34.9118,178.058,3.76476
-4.81426,537.014,28.8419,150.155,3.44059
-4.87615,587.388,31.4805,163.964,3.43417
-1.59111,559.223,33.5072,170.527,3.80195
-1.43113,537.181,32.3598,164.505,3.82139
-0.767426,582.523,35.8792,181.562,3.90367
-1.24998,598.071,36.2472,184.036,3.84358
-3.09215,502.442,28.6182,147.181,3.62679
-3.44421,522.845,29.4264,151.714,3.5875
-3.48198,573.783,32.2518,166.325,3.58332
-2.23643,596.08,34.9485,178.663,3.72509
-2.77907,554.733,31.9335,163.871,3.66229
-2.82944,518.532,29.7987,152.97,3.65654
1.24346,581.066,38.2582,190.96,4.17055
-0.818238,563.869,34.6714,175.511,3.89727
-1.02778,531.346,32.4436,164.471,3.87107
0.919202,501.256,32.6522,163.337,4.12562
-1.77646,534.583,31.8321,162.21,3.77963
-4.82479,561.929,30.1691,157.076,3.4395
-2.17081,590.14,34.6769,177.193,3.73279
-2.64777,590.827,34.1627,175.149,3.67733
-0.184104,575.219,36.1249,182.073,3.97828
-2.35512,543.64,31.7465,162.428,3.71121
-1.06108,583.658,35.5981,180.504,3.86693
-2.98954,582.987,33.3216,171.247,3.63837
-4.91642,566.354,30.3112,157.919,3.43001
-0.393934,577.024,35.986,181.635,3.95119
-3.68782,535.734,29.9029,154.436,3.56069
-4.65129,519.731,28.0702,145.967,3.45758
-4.23113,545.034,29.8632,154.827,3.50198
1.02561,519.254,33.9437,169.675,4.14028
-0.21285,566.308,35.5312,179.117,3.97455
-0.711189,536.636,33.1151,167.509,3.91077
-4.97542,512.253,27.3602,142.605,3.42391
-4.00944,571.999,31.5789,163.464,3.52576
-2.59025,503.522,29.1712,149.498,3.68396
-1.4986,536.95,32.2727,164.139,3.81317
-0.730423,599.187,36.9513,186.939,3.90834
-1.63258,587.425,35.148,178.929,3.79694
-3.01809,501.946,28.6618,147.329,3.63514
0.57712,554.644,35.7237,179.117,4.07904
-2.97217,570.208,32.6104,167.571,3.64033
1.50808,520.956,34.6007,172.395,4.20778
-4.09967,515.727,28.3847,147.024,3.51605
-1.51084,545.163,32.7529,166.595,3.81168
1.91201,585.65,39.4172,195.859,4.26564
-1.85814,569.041,33.7909,172.29,3.76985
1.92029,548.57,36.9315,183.497,4.26684
-1.83581,557.949,33.1571,169.033,3.77252
-4.07851,586.093,32.2808,167.179,3.51832
-4.9539,507.361,27.119,141.326,3.42613
0.138032,510.181,32.3851,162.865,4.02044
-0.967043,537.079,32.8603,166.514,3.87864
-2.54974,565.109,32.7841,167.966,3.68863
-3.37283,526.693,29.715,153.124,3.59541
0.0269714,592.056,37.444,188.449,4.00583
-1.97404,554.44,32.7957,167.351,3.75605
-1.31491,574.927,34.7688,176.609,3.8356
-2.95452,554.619,31.7378,163.067,3.64233
1.51528,565.731,37.5834,187.247,4.2088
-1.7208,533.944,31.8535,162.257,3.78631
-0.402068,514.651,32.0874,161.966,3.95015
-4.74216,527.877,28.4214,147.889,3.44809
-1.11772,525.014,31.9607,162.124,3.8599
-1.10792,550.595,33.5289,170.068,3.86112
-3.0742,581.408,33.1361,170.395,3.62881
-4.69301,510.552,27.535,143.227,3.45322
-2.91951,501.371,28.7248,147.55,3.6463
0.619338,505.484,32.6028,163.423,4.08474
1.56911,523.874,34.8644,173.637,4.21644
-0.039976,540.732,34.1221,171.81,3.99706
-3.9551,505.078,27.9361,144.552,3.53162
1.44462,596.485,39.5345,197.062,4.19881
1.87846,517.151,34.7686,172.799,4.26079
-1.17264,573.017,34.8188,176.689,3.85311
0.138984,549.341,34.872,175.371,4.02057
-4.25204,534.421,29.2609,151.726,3.49975
-0.680271,549.32,33.9328,171.609,3.91468
0.206827,563.292,35.8382,180.146,4.02953
1.43353,502.7,33.3063,166.03,4.19724
-0.211333,532.423,33.4069,168.406,3.97475
-1.05616,575.239,35.0903,177.924,3.86754
-2.67733,504.283,29.1294,149.375,3.67394
1.00321,563.776,36.8268,184.115,4.13718
-1.07066,568.311,34.6509,175.713,3.86574
1.18858,557.082,36.6128,182.815,4.16289
-1.14358,511.191,31.0922,157.747,3.8567
-2.09221,500.594,29.4931,150.622,3.74206
-1.30285,533.682,32.2875,163.992,3.83708
-1.68322,544.655,32.5335,165.678,3.79083
-3.84407,584.731,32.4644,167.851,3.54365
-4.35286,546.668,29.8284,154.78,3.48903
-0.0016308,510.08,32.2289,162.234,4.00208
-1.22061,507.909,30.813,156.414,3.84719
-4.3675,575.011,31.3592,162.74,3.48748
-0.65051,537.849,33.2572,168.158,3.91845
-1.16979,526.891,32.0191,162.479,3.85346
-3.44609,517.784,29.1397,150.238,3.58729
-3.12506,534.46,30.4079,156.422,3.62309
1.3568,524.077,34.635,172.743,4.18643
1.26019,535.012,35.2454,175.902,4.17288
-0.958717,532.288,32.5762,165.065,3.87968
-3.84872,553.299,30.7145,158.808,3.54315
0.642739,545.561,35.215,176.488,4.08791
-1.86027,571.272,33.921,172.956,3.7696
-3.186,573.49,32.5611,167.57,3.61625
0.987484,504.735,32.9531,164.766,4.13502
-2.63902,558.194,32.2854,165.514,3.67834
1.25653,524.165,34.5266,172.319,4.17237
-1.99249,510.5,30.1779,154.012,3.75386
-2.64345,599.06,34.6438,177.61,3.67783
-0.502196,537.286,33.3871,168.643,3.93732
-0.374253,554.101,34.5791,174.51,3.95372
-4.21132,515.986,28.2908,146.654,3.5041
0.591377,579.367,37.3337,187.172,4.08096
-0.997299,543.718,33.2329,168.437,3.87486
-0.893921,572.298,35.1008,177.778,3.88778
0.323441,508.001,32.4457,162.963,4.04502
1.34121,501.579,33.1312,165.26,4.18424
-2.19799,588.866,34.5703,176.682,3.7296
-2.68872,512.052,29.5668,151.63,3.67263
-0.9613,560.495,34.2996,173.8,3.87935
-4.48332,520.448,28.2712,146.836,3.47523
-3.71698,539.262,30.0699,155.331,3.5575
-3.09632,511.804,29.1473,149.907,3.62632
-2.4123,547.134,31.8889,163.222,3.70456
0.295306,559.387,35.6944,179.315,4.04128
-3.60686,568.137,31.7991,164.135,3.56956
-2.24345,598.687,35.093,179.41,3.72427
-4.61349,523.972,28.3359,147.309,3.46154
0.145674,558.733,35.4761,178.4,4.02145
-4.79119,543.79,29.229,152.145,3.44299
-4.98293,525.728,28.0727,146.326,3.42314
1.91539,529.734,35.6577,177.174,4.26613
-2.59859,573.722,33.2289,170.303,3.68299
-0.878316,562.663,34.5279,174.857,3.88973
-3.79792,511.392,28.4373,146.982,3.54867
-0.882925,596.023,36.5694,185.202,3.88916
-4.58159,586.362,31.7446,164.992,3.46489
-2.49916,520.635,30.2556,154.956,3.69448
-4.05553,547.798,30.1953,156.353,3.52079
0.951077,576.453,37.5902,187.997,4.13
0.216936,515.145,32.786,164.792,4.03087
-4.31311,514.064,28.0875,145.705,3.49325
-3.41878,511.38,28.806,148.489,3.59031
-0.12835,500.443,31.4871,158.638,3.98553
-0.908069,548.541,33.6279,170.334,3.88601
-0.140611,506.567,31.8594,160.527,3.98393
-0.326854,585.14,36.5738,184.517,3.95982
-2.86191,557.497,32.0028,164.322,3.65284
0.417186,571.647,36.6243,183.833,4.05754
-1.84909,552.726,32.8321,167.391,3.77093
-0.735331,515.17,31.7648,160.706,3.90772
-0.983575,517.066,31.6184,160.239,3.87657
-1.77295,502.38,29.918,152.453,3.78005
-3.18043,542.489,30.8068,158.535,3.61688
-3.41669,510.024,28.7317,148.103,3.59055
-3.71395,509.01,28.386,146.629,3.55783
0.465953,555.177,35.6266,178.766,4.06408
0.882226,539.116,35.0756,175.504,4.12054
-2.70748,500.424,28.8771,148.112,3.67048
-4.56513,533.246,28.8853,150.113,3.46662
-2.49551,577.188,33.5462,171.805,3.6949
-3.95104,548.05,30.3171,156.868,3.53206
-0.612367,507.976,31.45,158.979,3.92329
-4.86464,557.318,29.8807,155.619,3.43536
-1.33569,569.642,34.4252,174.889,3.83305
0.283073,502.182,32.0311,160.925,4.03965
1.38421,594.441,39.3207,196.076,4.19029
-1.56487,592.153,35.5116,180.695,3.80513
-4.99514,587.904,31.3796,163.578,3.42188
1.8492,535.788,35.987,178.89,4.25656
1.83297,519.981,34.9067,173.539,4.25422
0.161956,575.68,36.5719,183.89,4.0236
-0.639111,562.329,34.7841,175.865,3.9199
0.47377,566.124,36.3385,182.328,4.06512
-1.58122,563.38,33.7675,171.84,3.80315
-0.615054,533.3,33.0149,166.892,3.92295
-2.7876,512.709,29.5059,151.422,3.66131
-3.07556,590.293,33.6409,172.993,3.62866
-1.20545,547.39,33.2251,168.64,3.84906
-2.27343,589.821,34.5384,176.612,3.72075
-3.57165,530.009,29.7006,153.265,3.57343
-1.66482,582.747,34.8304,177.352,3.79305
-2.78595,550.909,31.706,162.711,3.6615
-3.65868,587.596,32.8303,169.52,3.56388
1.00824,547.955,35.7994,178.972,4.13788
0.184727,587.733,37.3658,187.853,4.02661
0.444783,526.853,33.7853,169.552,4.06124
-1.06153,518.62,31.6308,160.388,3.86687
1.23793,585.966,38.5738,192.542,4.16977
-2.80096,594.383,34.1906,175.481,3.65979
-0.703975,518.277,31.9898,161.809,3.91168
-2.85512,586.971,33.7024,173.041,3.65362
-0.0172991,548.719,34.6522,174.452,4.00003
-0.755716,516.807,31.8441,161.129,3.90515
0.781214,547.435,35.4982,177.74,4.10673
1.26632,557.873,36.7588,183.447,4.17374
-2.20994,545.024,31.9836,163.476,3.7282
0.0932615,566.055,35.8785,180.489,4.01454
1.10183,508.21,33.3054,166.398,4.15083
-2.58221,581.71,33.7102,172.75,3.68488
-3.09843,523.89,29.8335,153.438,3.62608
-3.05182,580.16,33.0901,170.132,3.63133
0.958783,524.62,34.2189,171.128,4.13106
-3.52669,590.13,33.1202,170.858,3.57839
-2.9969,559.607,31.9773,164.347,3.63753
-3.44272,558.368,31.4273,162.028,3.58766
-4.3471,597.094,32.5862,169.084,3.48964
-1.81386,553.15,32.8962,167.677,3.77515
-4.74091,528.711,28.4676,148.128,3.44822
-4.58892,506.612,27.4202,142.524,3.46412
-3.85246,584.745,32.456,167.817,3.54274
-1.28676,592.903,35.8897,182.267,3.83906
-1.82136,586.524,34.8722,177.758,3.77425
-1.24151,507.02,30.7376,156.053,3.84462
0.819893,598.009,38.8272,194.357,4.11201
-1.07855,537.568,32.7678,166.173,3.86476
-1.0285,517.019,31.568,160.034,3.87098
-3.55507,598.84,33.5767,173.247,3.57526
-1.23164,558.742,33.8844,172.017,3.84583
-2.0999,591.524,34.8413,177.946,3.74115
0.109269,584.422,37.0623,186.424,4.01665
-3.21197,514.29,29.1742,150.167,3.61334
-2.98662,588.006,33.6118,172.735,3.6387
1.3349,502.698,33.1982,165.601,4.18335
1.873,521.992,35.0878,174.392,4.26
1.56991,556.388,37.0292,184.418,4.21656
-0.845484,528.212,32.4494,164.294,3.89385
1.20616,527.781,34.7071,173.279,4.16534
-1.53202,546.779,32.8267,166.995,3.80911
-2.4993,544.132,31.6209,161.949,3.69446
1.97338,566.234,38.1872,189.668,4.27454
-1.5396,527.273,31.6475,161.005,3.80819
1.3051,588.572,38.8312,193.739,4.17917
1.8235,583.715,39.173,194.761,4.25285
-4.64287,561.803,30.3512,157.819,3.45847
-4.86163,571.374,30.6375,159.557,3.43568
1.48655,571.174,37.9091,188.907,4.20473
-1.51101,587.928,35.322,179.663,3.81166
-4.61213,504.043,27.2595,141.712,3.46169
-0.741736,585.862,36.1159,182.727,3.90691
-2.82476,535.307,30.7677,157.939,3.65708
-2.33802,581.938,34.0026,173.951,3.71321
-4.65459,522.606,28.2223,146.761,3.45724
-4.59818,515.06,27.8686,144.864,3.46315
-4.37231,568.396,30.9933,160.847,3.48697
0.4291,599.941,38.4522,192.993,4.05914
-4.08917,520.97,28.6836,148.561,3.51718
-0.242093,569.015,35.6663,179.834,3.97077
-2.98626,594.377,33.9764,174.608,3.63874
-1.1294,578.568,35.207,178.606,3.85846
1.30315,597.58,39.423,196.694,4.1789
-4.97916,547.001,29.2124,152.263,3.42353
-4.19826,540.568,29.6518,153.695,3.50549
-3.44144,552.268,31.0853,160.263,3.5878
1.09765,550.485,36.0709,180.22,4.15025
-2.11458,576.089,33.9154,173.234,3.73942
-0.940876,561.775,34.4014,174.292,3.8819
-0.473948,506.815,31.5233,159.197,3.94093
-2.30168,568.32,33.2477,170.045,3.71745
-3.22454,506.417,28.7153,147.819,3.61194
-1.18775,561.448,34.0986,173.052,3.85125
-0.455348,553.741,34.4633,174.023,3.94331
-0.141086,521.862,32.8209,165.372,3.98387
-1.59624,517.084,30.977,157.656,3.80133
1.63099,530.275,35.3623,176.043,4.22526
-4.77719,572.884,30.8076,160.346,3.44445
0.390462,501.104,32.0764,161.035,4.05397
-3.14734,577.934,32.8565,169.044,3.62059
0.999926,574.903,37.5496,187.732,4.13673
0.529749,523.443,33.6612,168.831,4.07265
-4.65713,570.551,30.8088,160.214,3.45697
-1.6745,503.729,30.0977,153.264,3.79188
-2.18597,503.333,29.5609,151.068,3.73101
-1.49161,532.668,32.0228,162.86,3.81402
-1.92284,503.954,29.8608,152.32,3.76214
-4.36081,519.774,28.3532,147.134,3.48819
-0.0362324,526.795,33.2468,167.398,3.99755
0.526988,590.351,37.9605,190.398,4.07228
-1.51705,508.525,30.5454,155.374,3.81093
-0.0430695,514.474,32.4618,163.453,3.99665
-3.17353,570.557,32.4083,166.769,3.61765
-4.60596,597.237,32.3064,167.941,3.46233
-4.4071,595.455,32.4301,168.346,3.48328
-3.71454,580.87,32.3928,167.327,3.55777
-3.88879,513.814,28.4837,147.316,3.5388
-4.00015,548.01,30.2641,156.648,3.52676
-2.0902,529.214,31.1814,159.242,3.7423
-1.00348,547.468,33.4552,169.571,3.87409
-1.10147,575.033,35.0247,177.646,3.86192
-2.89443,555.63,31.8605,163.628,3.64915
0.968479,585.401,38.1956,191.003,4.1324
-1.26585,542.08,32.8363,166.736,3.84162
-2.20403,535.667,31.4408,160.695,3.72889
-2.43426,531.606,30.961,158.497,3.702
1.98538,587.936,39.6664,197,4.27628
-3.19606,557.418,31.6378,162.83,3.61512
-3.41162,550.361,31.0094,159.838,3.59111
-2.25401,530.935,31.1106,159.062,3.72303
1.03887,545.805,35.6949,178.413,4.14211
-4.08887,548.075,30.1762,156.291,3.51721
1.27177,553.675,36.4888,182.093,4.1745
-2.30037,576.281,33.7149,172.433,3.7176
-3.18266,518.041,29.4162,151.382,3.61663
-2.58818,562.499,32.5903,167.018,3.68419
-2.48399,511.87,29.7615,152.41,3.69623
-1.71926,532.864,31.7907,161.935,3.7865
-3.00444,515.573,29.4536,151.384,3.63668
-1.08871,548.014,33.3932,169.356,3.8635
0.790437,579.033,37.5586,188.045,4.10799
-1.21626,512.522,31.0975,157.853,3.84773
0.684904,504.694,32.6226,163.449,4.09362
-1.07318,562.619,34.301,173.942,3.86543
-0.0245232,571.802,36.1013,181.756,3.99908
-0.498445,593.616,36.892,186.342,3.9378
-4.83139,570.79,30.638,159.525,3.43881
-4.90227,597.21,31.9782,166.587,3.43147
-1.79009,519.564,30.9236,157.596,3.77799
0.753816,507.824,32.8998,164.761,4.10299
-1.99904,567.477,33.5387,171.172,3.75308
-0.245692,595.08,37.2957,188.054,3.9703
1.05391,539.212,35.2813,176.327,4.14419
-4.72305,555.595,29.9334,155.736,3.45009
-2.13161,523.341,30.7924,157.301,3.73741
-2.03132,531.917,31.4029,160.308,3.74926
-0.49594,579.387,36.0107,181.887,3.93812
-3.95564,587.035,32.4686,168.005,3.53156
1.20414,579.379,38.0977,190.209,4.16506
-3.59696,532.377,29.8076,153.845,3.57065
-4.176,546.078,29.9769,155.355,3.50787
-0.744755,507.594,31.2879,158.303,3.90653
-3.6273,534.348,29.8871,154.288,3.56732
-4.89811,580.233,31.0735,161.87,3.4319
-4.28807,515.085,28.1674,146.094,3.49591
-2.98789,555.155,31.7326,163.079,3.63855
-0.351632,537.133,33.5454,169.267,3.95663
-0.0563743,557.763,35.1776,177.144,3.99492
-4.10835,537.089,29.5517,153.078,3.51512
1.74979,510.524,34.1783,170.013,4.24225
-0.244447,523.81,32.8303,165.537,3.97046
-1.60746,590.707,35.3742,180.049,3.79997
1.91938,511.977,34.4669,171.253,4.26671
-4.26258,583.485,31.9357,165.609,3.49863
1.29694,587.066,38.7214,193.202,4.17803
1.34755,507.123,33.5044,167.114,4.18513
-0.0507789,570.857,36.0102,181.33,3.99565
1.78815,572.335,38.3647,190.788,4.24776
0.171821,565.774,35.9543,180.773,4.0249
-4.91404,590.969,31.6312,164.794,3.43025
-3.40164,591.677,33.3486,171.884,3.59221
-3.73384,531.618,29.6267,153.06,3.55566
0.476613,568.141,36.4714,182.992,4.06551
1.30792,549.007,36.2243,180.729,4.17957
-2.02149,589.587,34.8191,177.735,3.75042
1.56113,565.741,37.6408,187.475,4.21531
-0.459121,547.608,34.0774,172.078,3.94283
-2.36684,571.845,33.3804,170.802,3.70985
-3.18121,579.85,32.9275,169.45,3.61679
-1.69935,530.909,31.6953,161.427,3.78889
0.363837,549.272,35.1287,176.39,4.05041
-4.32125,527.491,28.8131,149.478,3.49239
-3.50957,511.767,28.739,148.238,3.58027
-4.63661,552.891,29.8762,155.342,3.45912
-2.63255,545.91,31.5817,161.899,3.67908
1.86051,517.029,34.7399,172.677,4.25819
-4.9527,584.802,31.2596,162.903,3.42626
-1.1743,525.289,31.9169,161.965,3.85291
0.307631,500.841,31.9716,160.6,4.04292
1.39863,577.09,38.1911,190.425,4.19232
-3.97936,593.431,32.7958,169.727,3.529
-4.85867,579.819,31.0934,161.928,3.43598
-1.39639,582.921,35.1561,178.677,3.82563
-0.350814,549.263,34.3039,173.094,3.95673
-1.63835,595.215,35.6072,181.274,3.79624
-2.73995,575.915,33.1968,170.307,3.66676
-4.4407,504.556,27.4479,142.517,3.47973
1.33747,506.326,33.4407,166.807,4.18371
-2.83157,598.518,34.3928,176.556,3.6563
-3.2617,585.913,33.1811,170.852,3.60779
0.934417,521.403,33.9817,169.97,4.12771
-2.51906,599.376,34.8081,178.297,3.69218
0.554502,597.835,38.4767,192.951,4.07599
-4.07928,526.899,29.0198,150.292,3.51824
-1.12877,501.939,30.5446,154.953,3.85854
1.20474,522.941,34.3873,171.684,4.16514
-0.812074,524.305,32.2453,163.223,3.89805
-3.59966,580.48,32.4979,167.733,3.57035
-3.60154,559.325,31.3115,161.612,3.57015
1.24986,571.875,37.661,187.971,4.17144
-4.09987,520.094,28.6248,148.268,3.51603
-2.5425,524.598,30.4413,155.955,3.68947
0.936847,597.353,38.9348,194.741,4.12804
0.541961,525.739,33.8226,169.626,4.0743
-0.89605,577.427,35.4129,179.361,3.88751
-1.69175,507.698,30.3173,154.401,3.7898
-4.2645,536.58,29.3665,152.288,3.49842
-2.24801,594.235,34.8267,178.055,3.72373
-1.64865,504.364,30.1618,153.563,3.795
1.8734,532.475,35.7928,177.896,4.26005
-2.57025,535.796,31.062,159.165,3.68626
1.55477,506.685,33.7045,167.877,4.21441
1.06583,529.516,34.6605,173.21,4.14584
-4.60563,554.662,30.0037,155.971,3.46237
1.9092,596.211,40.1243,199.376,4.26523
-3.04962,563.242,32.1276,165.18,3.63158
-4.9216,539.954,28.8932,150.537,3.42947
-1.09604,535.135,32.6004,165.344,3.86259
-1.50717,539.821,32.4359,164.979,3.81213
-3.72798,594.307,33.1269,171.135,3.5563
0.147708,588.793,37.3872,188.008,4.02172
-2.08323,597.952,35.2397,179.959,3.74312
-4.06846,589.053,32.455,168.07,3.5194
-0.217707,573.579,35.9816,181.393,3.97392
0.0549222,515.644,32.6417,164.249,4.0095
0.411395,522.357,33.46,167.957,4.05676
-4.51915,595.052,32.2841,167.721,3.47145
-0.696347,567.829,35.0573,177.316,3.91265
0.250647,504.555,32.1479,161.548,4.03534
-0.000266538,574.596,36.3069,182.761,4.00226
1.80995,539.045,36.1591,179.793,4.2509
0.687588,581.105,37.565,188.208,4.09399
-0.703607,524.051,32.3466,163.614,3.91173
1.13187,559.535,36.7053,183.347,4.155
-1.71126,534.575,31.9014,162.49,3.78746
-2.37964,580.709,33.8832,173.39,3.70836
-3.53704,501.762,28.1508,145.232,3.57724
-1.99966,580.271,34.2941,175.028,3.75301
1.34314,576.971,38.1135,190.109,4.18451
-0.205982,563.339,35.353,178.21,3.97544
-3.94494,598.004,33.0873,171.194,3.53272
1.22953,585.115,38.5072,192.22,4.1686
-4.87669,549.595,29.4544,153.412,3.43412
0.00100408,583.247,36.8551,185.519,4.00242
-1.18237,510.984,31.0393,157.521,3.85191
-3.99103,559.037,30.8827,159.84,3.52774
-1.28127,532.68,32.2502,163.778,3.83973
0.561107,567.809,36.5522,183.292,4.07688
-3.68322,501.65,28.0048,144.629,3.56119
-2.44252,571.531,33.277,170.363,3.70105
1.90093,553.187,37.2187,184.948,4.26403
-0.213621,557.996,35.0088,176.484,3.97445
-1.58394,547.381,32.8056,166.948,3.80282
-3.37971,570.598,32.1845,165.858,3.59465
-4.61629,536.58,29.015,150.842,3.46125
-4.50951,528.362,28.6753,148.963,3.47247
1.76115,594.966,39.8464,198.192,4.24388
-3.14885,543.449,30.8944,158.951,3.62042
1.23308,567.557,37.356,186.47,4.1691
-1.52362,522.287,31.3651,159.551,3.81013
1.92508,504.038,33.9389,168.623,4.26753
-1.45365,582.217,35.0462,178.19,3.81864
-3.49488,542.726,30.4928,157.268,3.5819
0.713525,509.586,32.97,165.157,4.09751
-3.86307,595.292,33.0294,170.795,3.54159
-4.77166,508.099,27.3289,142.235,3.44502
-0.0997456,575.907,36.2697,182.698,3.98926
-4.11376,525.127,28.8881,149.646,3.51454
-4.04663,516.867,28.499,147.56,3.52175
-0.523928,565.111,35.0907,177.274,3.93455
-4.59464,582.407,31.5164,163.821,3.46352
-2.91596,591.093,33.8693,173.972,3.6467
-3.71356,502.776,28.0387,144.835,3.55787
0.818497,507.642,32.9584,164.982,4.11182
-3.67328,544.815,30.4248,157.116,3.56228
-1.338,539.129,32.5787,165.511,3.83277
-2.12348,511.38,30.0969,153.739,3.73837
-4.50038,566.109,30.7335,159.645,3.47343
-2.56264,573.298,33.2447,170.341,3.68714
0.512214,580.298,37.2958,187.083,4.07029
-1.74142,580.481,34.6058,176.302,3.78383
-2.01279,524.412,30.9791,158.124,3.75145
-0.626036,589.563,36.4846,184.446,3.92156
-3.18702,545.305,30.9598,159.33,3.61614
0.988191,502.622,32.8159,164.079,4.13511
-0.423593,539.874,33.6359,169.808,3.94738
-0.135637,579.913,36.4784,183.794,3.98458
-2.35016,575.457,33.6101,171.957,3.71179
-2.91398,521.196,29.8662,153.407,3.64693
0.196703,579.81,36.8767,185.379,4.02819
-4.88868,535.78,28.7023,149.507,3.43288
-2.93134,558.622,31.992,164.347,3.64496
-2.41331,557.693,32.5033,166.368,3.70444
-3.75229,546.385,30.4305,157.233,3.55364
-1.95438,590.131,34.93,178.217,3.75839
-1.03525,561.239,34.2603,173.69,3.87014
-1.59504,580.779,34.7942,177.082,3.80148
0.549193,577.392,37.1545,186.327,4.07527
-2.89628,526.312,30.1774,154.987,3.64894
1.44843,513.854,34.0621,169.78,4.19934
-4.62162,555.41,30.0277,156.113,3.46069
-1.75019,564.877,33.6656,171.523,3.78278
1.00193,519.492,33.9327,169.647,4.13701
-4.07484,558.975,30.7911,159.46,3.51872
-2.14154,551.757,32.4535,165.798,3.73624
-0.793974,505.243,31.0918,157.364,3.90033
-0.318054,552.287,34.5304,174.197,3.96095
-2.23098,531.673,31.178,159.381,3.72573
1.31283,592.149,39.0771,194.956,4.18026
0.368465,518.358,33.1566,166.483,4.05103
0.525461,530.249,34.0941,171.007,4.07207
-3.29771,584.639,33.0684,170.315,3.60377
-3.80214,509.693,28.3388,146.477,3.54821
-3.37623,502.4,28.3412,146.049,3.59503
-2.11645,506.702,29.8286,152.361,3.7392
-3.13836,578.704,32.9103,169.31,3.6216
-1.11656,582.61,35.4682,179.915,3.86005
-2.33357,510.297,29.8211,152.554,3.71373
-2.87401,596.717,34.2401,175.825,3.65147
0.848989,550.788,35.7957,179.147,4.11599
0.956636,599.45,39.0969,195.526,4.13077
-0.265079,568.495,35.6065,179.561,3.96779
-0.274656,535.487,33.5284,169.092,3.96656
1.91084,525.976,35.3995,175.896,4.26547
-2.30344,546.622,31.9764,163.545,3.71724
-2.13374,556.121,32.7187,167.144,3.73716
-1.34744,599.56,36.219,184.017,3.83161
-2.95776,518.666,29.6772,152.483,3.64196
-2.89268,526.319,30.1815,155.004,3.64935
-4.39485,541.188,29.4869,153.054,3.48458
-2.55747,544.774,31.5961,161.888,3.68774
-0.283208,577.533,36.1508,182.328,3.96545
-2.83587,500.806,28.7738,147.715,3.65581
1.55807,544.319,36.2119,180.362,4.21488
-1.77555,546.615,32.5495,165.865,3.77974
-3.53178,546.663,30.6754,158.251,3.57782
-0.53363,589.37,36.5853,184.837,3.93331
-3.81364,538.092,29.906,154.59,3.54696
-3.33206,581.481,32.8515,169.239,3.59994
-3.43901,571.759,32.1851,165.93,3.58807
-4.28026,503.279,27.5291,142.775,3.49675
1.78172,517.908,34.709,172.616,4.24684
1.25769,547.371,36.0566,179.953,4.17253
0.0128775,516.686,32.662,164.398,4.00398
-3.51574,556.418,31.2398,161.145,3.57959
-1.82977,507.791,30.1825,153.862,3.77324
-2.83064,581.775,33.4318,171.622,3.65641
-4.80116,588.42,31.6171,164.587,3.44195
-2.58263,592.455,34.3324,175.938,3.68483
1.71,575.698,38.4912,191.518,4.23655
0.754154,575.948,37.3137,186.865,4.10304
0.248849,500.709,31.9009,160.309,4.0351
-2.57348,567.058,32.8707,168.438,3.68589
1.56324,550.577,36.6344,182.46,4.21561
-2.65553,503.688,29.1165,149.286,3.67644
-0.693763,566.174,34.9581,176.811,3.91297
-1.90139,531.279,31.5027,160.672,3.76469
-1.24615,586.681,35.5614,180.55,3.84405
-1.2755,582.626,35.2809,179.162,3.84044
-1.61,599.961,35.9253,182.857,3.79967
-2.72631,502.841,28.9981,148.752,3.66832
-0.471933,581.196,36.1521,182.571,3.94119
-1.8101,536.418,31.9052,162.621,3.7756
-2.67383,591.276,34.1586,175.16,3.67434
-2.74931,565.375,32.5789,167.148,3.66569
-3.56724,571.012,32.0031,165.142,3.57392
-4.27939,558.494,30.5503,158.443,3.49684
-2.40959,580.123,33.8148,173.076,3.70487
-1.99119,501.589,29.6524,151.329,3.75402
-3.49552,500.666,28.129,145.077,3.58182
-4.48231,512.545,27.8428,144.61,3.47534
-3.03775,549.723,31.369,161.267,3.63292
-1.94576,508.068,30.0814,153.47,3.75941
-3.89309,593.033,32.8704,170.009,3.53833
-2.1799,542.392,31.8614,162.817,3.73173
-2.16167,588.216,34.5744,176.658,3.73387
1.32389,557.248,36.7874,183.518,4.18181
-4.40248,593.846,32.3476,167.912,3.48377
-3.3155,550.547,31.1213,160.307,3.60179
-1.428,585.181,35.255,179.219,3.82177
-1.39263,545.467,32.9013,167.213,3.82608
1.36886,579.897,38.3393,191.202,4.18813
0.029168,591.558,37.4153,188.302,4.00612
1.10509,595.34,39.0196,194.943,4.15128
-4.32271,563.634,30.7858,159.714,3.49223
1.62521,561.61,37.4448,186.418,4.22443
-2.23374,548.791,32.1788,164.501,3.7254
-2.78264,511.667,29.4509,151.135,3.66188
-2.72024,557.906,32.1802,165.069,3.66902
0.474102,509.228,32.6868,164.006,4.06517
0.603188,521.269,33.603,168.455,4.08256
0.88134,590.742,38.4333,192.305,4.12042
-0.54099,542.889,33.6916,170.226,3.93237
-0.530237,557.099,34.5859,174.732,3.93374
-2.9164,519.064,29.7416,152.77,3.64665
0.404874,583.995,37.4002,187.744,4.05589
-0.453154,502.267,31.2621,157.856,3.9436
-2.61038,515.676,29.855,153.024,3.68164
-0.542524,593.898,36.8554,186.213,3.93218
-2.15771,598.836,35.2034,179.867,3.73434
-4.52217,512.029,27.7769,144.309,3.47114
0.146612,522.886,33.201,166.959,4.02157
0.238099,550.369,35.0523,176.158,4.03368
-4.12204,574.578,31.5996,163.702,3.51365
-4.2252,558.258,30.594,158.609,3.50261
-3.87236,562.012,31.173,161.206,3.54058
0.304353,524.862,33.5014,168.288,4.04248
-4.29723,579.106,31.6585,164.211,3.49494
0.806789,570.016,36.9937,185.196,4.11022
-3.93543,528.891,29.2729,151.448,3.53375
-4.37952,550.264,29.9972,155.686,3.4862
-4.11782,571.385,31.4285,162.811,3.5141
-2.36633,563.956,32.9205,168.448,3.70991
-3.72909,537.71,29.971,154.833,3.55618
0.971041,577.926,37.7111,188.577,4.13275
-0.130404,569.837,35.8508,180.626,3.98526
1.82371,579.027,38.8587,193.198,4.25289
-1.04243,516.85,31.543,159.922,3.86925
-1.32364,572.323,34.6012,175.769,3.83453
-2.47583,536.41,31.197,159.751,3.69718
-4.24626,586.662,32.1275,166.584,3.50037
0.428556,536.95,34.4143,172.727,4.05906
-4.79706,547.881,29.443,153.265,3.44238
-4.01436,521.33,28.7768,148.964,3.52523
-2.06341,587.853,34.6677,177.014,3.74546
1.93887,540.677,36.4224,180.945,4.26953
-3.37714,515.614,29.0857,149.886,3.59493
-0.0296909,529.509,33.4253,168.289,3.9984
-2.06162,515.513,30.4034,155.238,3.74567
-0.370276,526.142,32.8386,165.722,3.95423
-4.49764,547.872,29.7463,154.513,3.47372
-4.56563,500.028,27.0855,140.76,3.46657
1.08026,596.78,39.0819,195.287,4.14784
-2.02001,563.695,33.2916,169.936,3.7506
-3.062,588.767,33.5694,172.608,3.63019
1.96023,542.523,36.5724,181.664,4.27263
-4.95124,521.836,27.8952,145.369,3.42641
1.6633,575.088,38.3914,191.082,4.22987
-3.54402,527.622,29.5946,152.689,3.57648
-0.497642,527.259,32.769,165.515,3.93791
-0.856465,508.881,31.2504,158.235,3.89247
-3.89126,508.794,28.203,145.867,3.53853
-2.39987,564.691,32.9261,168.516,3.706
-1.19119,538.2,32.6829,165.872,3.85082
-1.11571,548.357,33.3839,169.341,3.86015
-2.429,570.927,33.257,170.244,3.70261
-4.9158,571.765,30.6015,159.431,3.43007
-1.4105,532.062,32.0736,163.026,3.8239
-3.85342,565.925,31.4104,162.412,3.54264
0.425007,574.941,36.8449,184.931,4.05859
-2.43291,552.944,32.2052,164.865,3.70216
-1.66198,550.231,32.8901,167.469,3.79339
1.25512,532.238,35.0568,174.966,4.17218
-2.98241,530.586,30.3339,155.884,3.63917
-0.245139,551.697,34.5773,174.347,3.97037
-4.65513,517.894,27.9673,145.436,3.45718
0.86587,572.875,37.2519,186.413,4.1183
-3.00913,531.298,30.3471,155.982,3.63615
-4.7268,564.964,30.4343,158.346,3.4497
0.855427,514.942,33.4732,167.516,4.11687
-1.79198,574.01,34.1619,174.102,3.77777
-2.17857,581.733,34.1739,174.633,3.73188
0.671617,596.533,38.542,193.124,4.09182
0.653965,593.313,38.3116,191.993,4.08943
0.384485,531.57,34.0198,170.798,4.05317
-1.96468,553.523,32.7518,167.116,3.75716
0.926288,576.708,37.576,187.958,4.12659
-0.283545,565.557,35.4007,178.546,3.96541
-4.27596,581.954,31.8374,165.114,3.4972
0.253705,570.719,36.3673,182.747,4.03575
1.20921,539.452,35.4782,177.125,4.16576
-2.01378,501.62,29.6317,151.247,3.75134
0.00128249,562.453,35.5414,178.906,4.00246
-4.29966,550.694,30.1028,156.145,3.49468
-0.971541,588.564,36.0049,182.455,3.87808
-1.01535,559.983,34.2064,173.393,3.87262
-1.54219,547.93,32.8845,167.301,3.80788
-1.71881,589.67,35.1803,179.201,3.78655
-2.27614,501.018,29.3357,150.011,3.72044
1.89866,529.969,35.654,177.175,4.26371
1.64264,520.44,34.7197,172.831,4.22692
-0.195938,569.824,35.772,180.309,3.97675
0.886949,594.285,38.671,193.487,4.12119
-2.51592,529.592,30.7587,157.552,3.69254
-3.4614,593.66,33.3924,172.182,3.5856
1.38156,521.809,34.5133,172.107,4.18991
-3.64327,566.913,31.6913,163.621,3.56557
-2.78638,586.27,33.7406,173.153,3.66145
-1.8959,528.695,31.3552,159.913,3.76535
-4.45553,552.987,30.0673,156.134,3.47816
-2.31269,573.215,33.5216,171.459,3.71616
-2.86602,590.812,33.9105,174.122,3.65238
1.00155,557.944,36.4439,182.202,4.13696
-4.65159,578.532,31.2456,162.48,3.45755
-3.25331,521.669,29.5513,152.153,3.60872
-4.12684,564.301,31.0293,160.753,3.51314
1.07949,521.581,34.1565,170.676,4.14773
-4.13025,518.27,28.4949,147.627,3.51277
-0.295356,577.487,36.1332,182.255,3.96388
0.905529,523.912,34.1127,170.658,4.12374
0.719811,584.907,37.8511,189.6,4.09837
-1.79168,537.582,31.9942,163.054,3.7778
-3.96631,528.929,29.2441,151.332,3.53041
1.6568,514.341,34.3288,170.869,4.22894
-3.03533,574.373,32.7783,168.509,3.63319
-1.14276,580.385,35.3018,179.103,3.8568
1.83996,591.865,39.7414,197.565,4.25523
-3.29865,539.169,30.4956,157.065,3.60366
-1.25774,551.109,33.3923,169.55,3.84262
-3.43245,505.508,28.462,146.73,3.5888
-3.96761,599.176,33.1266,171.424,3.53027
0.852365,570.966,37.1112,185.726,4.11645
-4.36585,519.946,28.3577,147.162,3.48765
-3.9497,552.51,30.5653,158.15,3.53221
-4.66243,533.863,28.8225,149.891,3.45642
-3.3127,536.48,30.329,156.222,3.6021
-0.642937,502.29,31.0663,157.072,3.91941
0.573821,541.015,34.8421,174.701,4.07859
0.779515,537.452,34.8489,174.491,4.1065
0.30626,583.462,37.2441,187.086,4.04273
0.0195878,513.134,32.4447,163.297,4.00486
-4.65055,530.494,28.6522,148.993,3.45766
0.740536,546.377,35.3819,177.207,4.10119
-2.15559,581.825,34.2058,174.768,3.73459
1.20252,525.311,34.5406,172.452,4.16483
1.42962,546.506,36.2041,180.479,4.19669
0.0614494,540.936,34.2502,172.335,4.01036
-4.59001,529.254,28.6446,148.889,3.46401
0.186615,598.737,38.0678,191.38,4.02686
1.71823,532.954,35.643,177.336,4.23773
-1.79997,566.607,33.7123,171.82,3.77681
-3.90911,508.757,28.1838,145.786,3.5366
-1.93183,525.811,31.1465,158.889,3.76107
1.08464,571.327,37.4205,186.98,4.14844
-3.63415,576.688,32.2477,166.483,3.56657
-0.152029,563.629,35.4347,178.556,3.98245
-4.49669,573.32,31.1289,161.694,3.47382
-3.05149,569.832,32.5014,167.104,3.63137
0.0581143,585.956,37.0966,186.661,4.00992
-0.80738,551.571,33.9275,171.733,3.89864
-2.67061,581.879,33.6194,172.391,3.67471
-1.84268,543.841,32.3113,164.728,3.7717
-2.31735,579.586,33.8888,173.343,3.71562
-4.58867,576.562,31.2065,162.203,3.46415
-0.394448,505.946,31.5527,159.259,3.95112
0.264368,507.9,32.3757,162.677,4.03716
1.85464,586.519,39.4014,195.856,4.25734
-3.98584,565.736,31.2584,161.778,3.5283
0.525984,550.522,35.3982,177.547,4.07214
1.17319,538.889,35.3991,176.773,4.16074
-1.73809,518.766,30.93,157.572,3.78423
1.08104,542.153,35.5055,177.415,4.14795
-2.24718,523.785,30.6986,156.949,3.72383
-4.59234,505.754,27.3706,142.269,3.46376
-4.43124,544.296,29.6194,153.781,3.48073
-0.725666,555.545,34.2653,173.345,3.90894
-0.214515,548.742,34.4272,173.553,3.97434
0.526367,559.455,35.9731,180.43,4.0722
-4.94287,537.143,28.7217,149.667,3.42727
-3.65346,529.77,29.6046,152.859,3.56445
-4.29141,574.797,31.4292,163.015,3.49556
-1.59587,578.519,34.6578,176.389,3.80138
-0.79226,526.475,32.4002,163.985,3.90054
-0.127177,587.961,36.995,186.387,3.98568
-4.95577,535.038,28.5965,149.028,3.42594
-4.97012,500.894,26.7584,139.463,3.42446
-0.938325,500.619,30.659,155.328,3.88222
-1.11311,552.673,33.6496,170.686,3.86048
-0.108836,575.931,36.2602,182.661,3.98807
1.36147,553.278,36.5705,182.39,4.18709
-2.80249,599.169,34.4642,176.886,3.65961
-0.508006,590.993,36.7173,185.471,3.93658
-4.24926,571.09,31.2715,162.149,3.50005
1.51006,533.751,35.4528,176.638,4.20806
0.649746,548.875,35.4372,177.593,4.08886
1.50498,520.822,34.5882,172.337,4.20734
0.474487,562.519,36.108,181.171,4.06522
-0.303778,539.069,33.72,170.092,3.9628
-2.95588,573.901,32.8397,168.731,3.64218
-0.909816,594.963,36.4716,184.741,3.88579
0.339178,585.908,37.4411,188.033,4.04712
-2.65169,594.145,34.35,176.114,3.67688
-4.82426,584.91,31.4036,163.503,3.43955
-0.575598,534.505,33.1331,167.444,3.92797
-4.75166,569.155,30.6339,159.413,3.4471
-3.04773,528.978,30.1751,155.14,3.6318
0.59186,568.244,36.6175,183.581,4.08103
-3.50338,572.064,32.1318,165.731,3.58096
-2.75579,559.436,32.2296,165.364,3.66495
1.26163,514.402,33.8892,169.132,4.17309
0.812684,598.892,38.8753,194.607,4.11102
-3.01907,514.11,29.3555,150.895,3.63503
-3.75096,583.844,32.5182,168.018,3.55379
-2.47815,545.942,31.7488,162.58,3.69691
-3.45771,591.052,33.2499,171.443,3.586
0.00284418,575.622,36.3755,183.102,4.00266
-3.77089,513.309,28.5702,147.64,3.55161
-2.10906,550.373,32.4075,165.526,3.74007
1.32088,578.148,38.1633,190.386,4.18139
-3.97317,598.169,33.0646,171.111,3.52967
-2.42769,557.064,32.4509,166.117,3.70277
-1.33294,595.205,35.9734,182.751,3.83339
-3.80315,550.71,30.6183,158.26,3.5481
-3.44848,549.29,30.9103,159.369,3.58702
-1.41135,509.006,30.6829,155.959,3.8238
-3.8285,552.605,30.6971,158.696,3.54534
-1.94127,564.443,33.4243,170.52,3.75995
-1.58901,532.159,31.8879,162.283,3.80221
0.0428014,503.705,31.8731,160.395,4.00791
1.54576,547.712,36.4228,181.428,4.21313
-0.684757,590.996,36.5017,184.607,3.91411
-4.2247,582.599,31.9285,165.527,3.50267
-4.0585,583.097,32.1378,166.415,3.52047
0.387426,597.249,38.2269,191.917,4.05356
-4.40122,586.148,31.9297,165.741,3.48391
-3.95947,520.375,28.7779,148.912,3.53115
-4.42737,591.013,32.1659,166.998,3.48114
-1.42474,588.565,35.4627,180.271,3.82216
-1.9876,529.291,31.2939,159.703,3.75444
-3.00206,504.712,28.8354,148.204,3.63695
-0.534734,594.764,36.9187,186.523,3.93317
-3.19438,510.357,28.9684,149.089,3.61531
-0.251545,500.282,31.3482,158.072,3.96954
-1.8905,517.1,30.6731,156.429,3.76599
1.02291,543.1,35.4993,177.454,4.1399
-2.35675,529.008,30.8904,158.05,3.71102
-2.96405,587.482,33.6076,172.686,3.64125
-0.992828,595.954,36.4311,184.641,3.87542
-0.503372,568.124,35.302,178.316,3.93717
-3.45652,529.355,29.7803,153.552,3.58614
-0.477904,517.336,32.1734,162.485,3.94043
-4.31265,502.859,27.4757,142.531,3.4933
-4.92167,568.92,30.4431,158.612,3.42946
-3.13154,543.467,30.9135,159.03,3.62236
-4.02793,568.248,31.3521,162.311,3.52376
-0.814894,559.29,34.3937,174.101,3.8977
-4.93635,588.055,31.4511,163.882,3.42795
-2.89712,558.005,31.9938,164.316,3.64884
-2.79602,513.587,29.548,151.647,3.66035
-1.80762,570.068,33.9095,172.834,3.77589
-0.236151,531.925,33.3481,168.138,3.97154
-1.00374,597.495,36.5119,185.065,3.87406
-2.94527,589.791,33.7611,173.452,3.64338
-2.15618,565.942,33.2714,169.994,3.73452
-0.677201,529.396,32.7054,165.398,3.91507
-3.05342,551.165,31.4346,161.622,3.63115
-3.6029,542.578,30.3726,156.768,3.57
0.731504,515.151,33.3499,167.04,4.09996
-3.02977,523.512,29.8814,153.611,3.63382
-1.93335,551.136,32.645,166.535,3.76089
-3.25059,524.944,29.7395,153.119,3.60903
-1.21428,599.513,36.378,184.655,3.84797
1.04855,599.084,39.1919,195.878,4.14345
-4.45103,510.31,27.7511,144.102,3.47864
-4.37636,591.309,32.2382,167.313,3.48654
1.82397,590.414,39.6231,196.999,4.25292
-4.86922,587.608,31.4998,164.056,3.43489
-2.13451,531.712,31.2818,159.805,3.73707
1.45613,519.649,34.4549,171.729,4.20043
-0.59879,594.437,36.8197,186.105,3.92502
-2.97887,542.386,31.0122,159.366,3.63957
-3.16666,500.378,28.4287,146.283,3.61842
-3.07884,537.362,30.621,157.467,3.62829
-4.60214,567.658,30.7104,159.64,3.46273
-1.56931,525.906,31.534,160.461,3.80459
-3.04914,530.258,30.2467,155.509,3.63164
0.0587021,556.525,35.234,177.288,4.00999
0.199922,542.527,34.5091,173.474,4.02862
-0.332775,592.283,37.0129,186.74,3.95906
-1.18302,501.134,30.4403,154.481,3.85183
-3.22347,525.526,29.7999,153.401,3.61206
-4.87818,587.019,31.4585,163.852,3.43396
-4.50649,566.337,30.7395,159.682,3.47279
1.98228,571.166,38.5311,191.365,4.27583
-2.482,595.871,34.6479,177.43,3.69647
-2.26492,589.897,34.5528,176.675,3.72175
-3.04711,504.509,28.7799,147.966,3.63186
-0.459683,567.9,35.3395,178.452,3.94276
0.897054,580.95,37.8159,189.196,4.12258
-0.141367,553.687,34.822,175.456,3.98384
0.04888,539.303,34.1325,171.758,4.0087
1.53237,569.608,37.8622,188.614,4.21123
-2.10177,553.651,32.6085,166.544,3.74093
0.244197,550.243,35.0514,176.146,4.03449
-0.90412,542.375,33.2542,168.437,3.8865
-0.742165,578.718,35.6749,180.497,3.90686
-0.115568,524.37,33.0066,166.279,3.98719
-4.95168,574.693,30.7203,160.091,3.42636
1.86446,518.175,34.8214,173.078,4.25876
-3.5691,528.165,29.5998,152.742,3.57371
-0.798622,567.43,34.9132,176.711,3.89974
-3.40911,514.68,29.0014,149.486,3.59139
1.04032,555.725,36.3455,181.662,4.14231
-1.75114,586.612,34.9599,178.118,3.78266
0.806398,564.975,36.666,183.556,4.11017
-2.09071,528.734,31.1526,159.096,3.74224
0.27517,537.798,34.2939,172.303,4.0386
-3.8814,584.453,32.4077,167.602,3.5396
-2.2237,510.661,29.9532,153.112,3.72658
0.977438,585.366,38.2046,191.036,4.13363
-4.63509,593.661,32.0809,166.804,3.45928
-1.11518,503.364,30.6453,155.449,3.86022
1.86212,519.204,34.8878,173.411,4.25843
0.105791,583.609,37.0065,186.147,4.01619
1.36952,574.823,38.0047,189.532,4.18822
1.13777,521.481,34.2156,170.904,4.15582
-3.0772,538.952,30.7133,157.94,3.62847
-2.72967,521.391,30.0644,154.226,3.66794
-3.74531,528.874,29.4623,152.222,3.55441
-4.32748,530.727,28.9837,150.37,3.49172
1.48487,525.887,34.9015,173.921,4.2045
1.50518,559.103,37.1308,185.004,4.20737
0.502688,542.504,34.8558,174.855,4.06901
-0.427964,596.963,37.1873,187.742,3.94682
-1.09452,563.433,34.3261,174.095,3.86278
0.315254,504.063,32.1854,161.665,4.04393
-1.24404,516.007,31.2798,158.809,3.84431
-2.00411,531.908,31.4311,160.421,3.75248
0.0408452,502.012,31.7639,159.847,4.00765
-2.71286,514.183,29.6656,152.162,3.66986
-3.05004,512.927,29.2571,150.423,3.63153
-0.823497,527.518,32.4305,164.174,3.89661
1.16914,518.26,34.0395,169.988,4.16018
-2.98745,525.689,30.0488,154.425,3.6386
-0.433028,535.883,33.3767,168.51,3.94617
0.445996,516.435,33.1186,166.204,4.0614
-4.16156,553.585,30.404,157.552,3.50942
-1.904,513.896,30.4692,155.404,3.76438
1.24123,563.882,37.1241,185.302,4.17023
-4.47857,508.742,27.6398,143.552,3.47573
-2.42139,520.65,30.3361,155.284,3.7035
-3.43425,529.309,29.8003,153.631,3.5886
1.8841,578.302,38.887,193.26,4.2616
0.947209,592.52,38.633,193.218,4.12947
-4.28556,526.38,28.7876,149.308,3.49618
-2.47303,520.924,30.2992,155.151,3.69751
-4.92324,555.827,29.7408,154.955,3.4293
0.907626,518.086,33.7357,168.77,4.12403
-4.67048,592.015,31.9532,166.182,3.45558
-1.82091,566.886,33.7051,171.808,3.7743
-3.50638,517.569,29.0679,149.931,3.58063
-0.636377,510.659,31.5908,159.717,3.92024
1.06842,517.519,33.8781,169.298,4.1462
-0.0368289,593.36,37.447,188.547,3.99747
-1.43395,592.879,35.7116,181.548,3.82104
-1.09807,545.416,33.2245,168.512,3.86234
0.52473,577.096,37.1053,186.112,4.07198
-4.4592,598.353,32.5299,168.926,3.47778
0.284419,584.493,37.2829,187.309,4.03983
-1.3968,534.157,32.2147,163.728,3.82558
-2.90633,508.601,29.152,149.731,3.6478
-0.773374,525.186,32.3413,163.665,3.90292
-3.21975,563.327,31.9475,164.451,3.61247
1.28076,573.694,37.8193,188.721,4.17576
-3.60528,558.092,31.2385,161.24,3.56974
-3.20742,598.678,33.9665,174.829,3.61385
-1.8836,577.952,34.2907,174.87,3.76681
1.36186,504.429,33.3421,166.289,4.18714
1.11064,534.993,35.0708,175.208,4.15205
-3.49601,536.903,30.1645,155.576,3.58177
-1.82434,568.151,33.7765,172.176,3.77389
-3.29561,539.886,30.5393,157.287,3.604
0.588908,560.567,36.1193,181.086,4.08063
1.91985,511.24,34.4179,171.009,4.26677
-2.11425,506.401,29.8131,152.28,3.73946
-0.309628,519.655,32.4993,163.941,3.96204
-2.63296,556.336,32.1845,164.99,3.67904
1.09089,532.006,34.8523,174.139,4.14931
-1.689,586.574,35.0306,178.401,3.79014
1.09044,557.241,36.5049,182.397,4.14925
-3.01152,580.653,33.1635,170.461,3.63588
-1.03706,598.83,36.5528,185.315,3.86991
0.384946,599.008,38.3363,192.469,4.05323
-1.53344,500.973,30.0752,152.999,3.80894
-1.91004,529.078,31.363,159.969,3.76366
-1.05509,584.18,35.6371,180.695,3.86767
-2.82368,597.557,34.3468,176.31,3.6572
-2.26665,535.176,31.3457,160.279,3.72155
0.958457,530.972,34.6328,173.199,4.13102
-2.48549,538.966,31.3354,160.471,3.69606
-0.966837,594.796,36.3919,184.41,3.87866
-1.10947,579.918,35.3127,179.117,3.86093
-4.78776,598.33,32.1643,167.42,3.44335
0.43205,562.232,36.0389,180.876,4.05953
-0.0279452,578.996,36.5513,184.026,3.99863
0.883599,556.841,36.2305,181.28,4.12073
-4.87169,522.811,28.0238,145.955,3.43464
1.47906,528.457,35.0654,174.744,4.20367
-3.5181,508.987,28.5746,147.399,3.57933
-3.4718,505.772,28.4388,146.651,3.58445
1.35128,571.851,37.7855,188.462,4.18565
-3.78749,504.539,28.0662,145.053,3.54981
-4.49424,534.781,29.0389,150.835,3.47408
0.864604,583.935,37.9695,190.006,4.11813
-0.246972,509.071,31.9038,160.868,3.97013
0.0926367,512.404,32.4773,163.379,4.01446
0.88156,557.516,36.272,181.49,4.12045
1.34952,575.466,38.0221,189.645,4.18541
-4.76134,554.423,29.8311,155.246,3.4461
-1.94223,550.998,32.627,166.453,3.75983
-3.18844,558.874,31.7286,163.289,3.61598
-3.63179,595.773,33.3176,172.003,3.56683
-2.08907,532.595,31.3818,160.264,3.74243
0.247034,525.999,33.5102,168.398,4.03486
-2.46135,537.516,31.2766,160.143,3.69886
0.57682,500.607,32.2429,161.665,4.079
1.92785,542.283,36.5174,181.43,4.26793
0.0445889,584.877,37.0117,186.251,4.00814
-1.05371,583.904,35.6218,180.616,3.86784
1.68558,564.568,37.7167,187.695,4.23305
-1.36787,588.1,35.5023,180.401,3.82911
-4.45439,520.151,28.283,146.867,3.47828
-1.43205,531.822,32.036,162.86,3.82127
0.81303,504.982,32.7798,164.093,4.11107
1.8214,510.311,34.2445,170.26,4.25255
1.60153,546.465,36.4067,181.279,4.22106
1.06283,540.262,35.3604,176.712,4.14542
-4.81545,579.722,31.1345,162.091,3.44047
0.205583,569.849,36.2539,182.237,4.02937
-0.940691,592.796,36.3012,183.917,3.88193
-2.61785,598.233,34.6259,177.487,3.68078
-4.17849,544.343,29.8791,154.851,3.5076
-0.323217,507.769,31.7416,160.134,3.96029
-2.83711,500.923,28.7793,147.745,3.65567
0.565587,503.048,32.3881,162.406,4.07748
-4.22574,554.249,30.3737,157.467,3.50256
-1.08691,589.305,35.9114,182.126,3.86372
-0.591318,567.486,35.1591,177.702,3.92597
1.60051,544.256,36.2583,180.541,4.22091
1.70428,550.116,36.7739,182.98,4.23573
1.06536,544.678,35.6524,178.168,4.14577
0.744977,561.584,36.372,182.16,4.10179
-3.75953,512.778,28.5518,147.533,3.55285
1.00117,585.15,38.2204,191.085,4.1369
-1.27742,596.245,36.1033,183.34,3.8402
-0.226304,582.821,36.5509,184.274,3.97281
1.77497,563.598,37.7627,187.811,4.24587
-4.09255,542.804,29.8823,154.773,3.51681
-2.03218,593.714,35.0502,178.928,3.74916
-2.91083,595.19,34.1099,175.201,3.64729
-2.14965,505.214,29.7077,151.779,3.73529
-0.65412,549.929,34,171.918,3.91799
0.65472,514.793,33.2422,166.587,4.08953
-3.51307,559.316,31.4054,161.996,3.57989
-0.665811,594.162,36.7204,185.689,3.91651
-4.11568,578.674,31.8318,164.897,3.51433
0.752138,597.955,38.7369,193.994,4.10276
-2.66922,583.354,33.7061,172.834,3.67487
0.0146422,525.946,33.2493,167.352,4.00421
-2.05673,519.137,30.6222,156.35,3.74625
-4.70876,530.847,28.6141,148.856,3.45158
0.677825,513.504,33.1843,166.271,4.09266
-0.265937,518.965,32.5034,163.913,3.96768
-1.83166,513.148,30.499,155.477,3.77302
-3.04406,513.785,29.312,150.699,3.63221
1.54401,506.384,33.6726,167.73,4.21288
-2.82328,541.022,31.0977,159.631,3.65724
-1.03215,517.575,31.5981,160.19,3.87053
-2.56674,546.424,31.6819,162.338,3.68667
0.655632,567.551,36.6501,183.664,4.08965
-4.86852,543.268,29.1235,151.68,3.43496
0.530964,583.781,37.5429,188.298,4.07281
-1.4336,538.044,32.4091,164.758,3.82108
-3.61796,503.349,28.1622,145.374,3.56834
-0.426661,570.66,35.5503,179.476,3.94699
-0.531955,519.588,32.2553,162.959,3.93353
-1.17516,595.545,36.1846,183.623,3.8528
-0.205424,565.79,35.5075,178.988,3.97552
-4.20196,500.182,27.4331,142.198,3.5051
-2.82063,538.178,30.937,158.803,3.65755
-2.08982,574.529,33.8518,172.88,3.74234
-0.477083,526.712,32.7574,165.434,3.94053
-3.20988,502.457,28.505,146.72,3.61358
-2.96905,571.738,32.7014,168.035,3.64068
1.00082,581.121,37.9568,189.767,4.13685
-0.763013,573.917,35.3544,178.901,3.90423
-4.2021,575.635,31.5712,163.648,3.50508
-2.75781,582.994,33.5845,172.318,3.66472
0.217651,543.148,34.569,173.753,4.03097
-2.25641,575.435,33.7153,172.383,3.72275
-2.20677,533.95,31.3371,160.168,3.72857
-4.19487,590.953,32.4194,168.036,3.50585
-3.90206,535.897,29.6944,153.592,3.53736
-2.49963,511.217,29.7079,152.152,3.69442
-2.39731,558.768,32.5835,166.76,3.7063
-3.21755,516.56,29.2974,150.807,3.61272
-0.654759,579.873,35.8506,181.276,3.91791
-0.349159,514.354,32.1254,162.099,3.95695
-1.99545,513.267,30.3384,154.835,3.75351
-2.95672,584.374,33.4381,171.806,3.64208
-1.03007,541.432,33.0569,167.583,3.87078
-0.815554,598.171,36.7839,186.202,3.89761
-4.8015,534.261,28.7067,149.437,3.44192
-3.2479,526.101,29.8078,153.468,3.60933
-0.369448,599.211,37.4002,188.741,3.95434
-1.21501,596.061,36.1677,183.588,3.84788
0.928323,511.913,33.3565,166.849,4.12687
-1.99652,577.402,34.1282,174.178,3.75338
-4.9009,545.288,29.1993,152.11,3.43161
-2.37459,558.436,32.5892,166.762,3.70894
-0.592437,567.459,35.1561,177.688,3.92582
-4.78815,542.711,29.1741,151.856,3.44331
-1.41738,535.33,32.2632,163.998,3.82306
-2.8953,542.462,31.1045,159.747,3.64905
-4.63256,558.25,30.1699,156.865,3.45955
-3.66694,549.681,30.7032,158.546,3.56297
-3.29263,515.883,29.1845,150.306,3.60434
-2.26097,547.809,32.0918,164.087,3.72221
-3.96115,572.222,31.6434,163.742,3.53097
-0.545232,514.556,31.9288,161.324,3.93183
-4.15764,519.036,28.5103,147.735,3.50984
1.75279,577.224,38.6475,192.24,4.24268
-3.02883,568.522,32.4516,166.822,3.63393
-0.838308,546.996,33.6114,170.169,3.89475
-4.72436,547.948,29.5201,153.587,3.44995
1.39966,561.339,37.15,185.232,4.19246
0.467025,508.809,32.6523,163.84,4.06422
0.972054,562.028,36.675,183.394,4.13289
-2.54863,519.924,30.1639,154.54,3.68876
-4.66577,517.611,27.9418,145.314,3.45607
-3.91273,530.363,29.3771,151.962,3.53621
-3.93868,562.052,31.1048,160.929,3.5334
-1.76003,534.03,31.8167,162.114,3.7816
-4.06049,554.556,30.5626,158.261,3.52026
-3.56703,595.863,33.3961,172.33,3.57394
0.628103,517.58,33.3927,167.372,4.08593
-0.211915,507.395,31.8359,160.487,3.97467
0.38087,521.116,33.3467,167.423,4.05268
1.16982,563.149,36.9886,184.715,4.16028
-1.81413,572.665,34.0565,173.591,3.77511
-1.80939,512.459,30.4809,155.361,3.77568
-0.246422,577.692,36.205,182.555,3.97021
-1.03353,583.148,35.5998,180.479,3.87035
1.45994,576.959,38.2596,190.687,4.20097
1.06215,532.177,34.8304,174.064,4.14533
-0.287827,551.226,34.4988,174.002,3.96485
1.2029,548.294,36.0522,179.998,4.16488
-1.88571,532.084,31.567,160.982,3.76656
-1.57536,596.164,35.7395,181.868,3.80386
-1.09541,548.259,33.4007,169.402,3.86267
-2.75288,588.907,33.9308,174.088,3.66528
1.75502,521.216,34.9001,173.597,4.243
-2.413,551.074,32.1179,164.395,3.70447
-4.65825,551.515,29.7797,154.864,3.45686
1.352,581.613,38.4314,191.683,4.18576
0.46335,587.399,37.6911,189.129,4.06373
-1.15549,578.036,35.1439,178.318,3.85523
-4.02727,556.057,30.6801,158.832,3.52384
0.0545116,504.135,31.9127,160.581,4.00944
0.310647,598.467,38.2075,191.92,4.04332
-2.93754,512.288,29.3323,150.69,3.64425
-0.923877,516.422,31.6421,160.293,3.88403
-4.10382,552.382,30.3978,157.456,3.51561
1.74611,504.873,33.7959,168.115,4.24172
-3.1598,588.503,33.4432,172.078,3.61919
-2.26219,568.71,33.3148,170.342,3.72207
1.64832,555.604,37.0725,184.536,4.22773
-0.0120389,520.712,32.8893,165.57,4.00071
-4.93828,513.432,27.4582,143.078,3.42775
0.394564,595.352,38.1145,191.343,4.05451
0.896194,534.616,34.7989,174.103,4.12246
1.92537,563.194,37.9224,188.414,4.26757
-4.30505,543.564,29.7075,154.1,3.49411
-1.60793,535.748,32.0825,163.296,3.79992
-3.83086,580.899,32.2662,166.811,3.54509
-4.22328,510.818,27.996,145.138,3.50282
-4.72795,597.97,32.211,167.591,3.44958
-0.399064,566.13,35.3005,178.181,3.95053
-4.35099,563.213,30.7331,159.472,3.48923
1.28357,576.943,38.037,189.804,4.17616
-0.325947,557.924,34.8737,175.938,3.95994
-4.84412,584.933,31.3834,163.421,3.43749
-0.31923,516.094,32.2663,162.776,3.9608
-1.27184,533.279,32.2967,164.003,3.84089
-2.81775,575.118,33.0637,169.717,3.65787
0.212549,584.02,37.1641,186.803,4.03029
-0.611357,576.533,35.6957,180.439,3.92342
0.722599,551.08,35.6654,178.648,4.09875
-1.2073,559.583,33.963,172.388,3.84883
1.74521,548.66,36.7259,182.691,4.2416
-1.53185,518.466,31.127,158.348,3.80913
-4.33078,552.389,30.1633,156.493,3.49137
0.6388,530.427,34.2337,171.575,4.08737
-4.95328,585.062,31.2729,162.973,3.4262
-2.05157,506.752,29.8968,152.641,3.74686
0.808491,543.643,35.2841,176.635,4.11045
-1.5683,525.394,31.5044,160.309,3.80471
1.5558,523.711,34.8383,173.523,4.21455
-3.67165,518.792,28.9732,149.618,3.56246
0.630669,526.922,33.9983,170.404,4.08627
-2.78058,526.486,30.3059,155.52,3.66212
1.17486,592.441,38.919,194.348,4.16098
-2.60828,548.938,31.783,162.903,3.68188
1.62975,596.218,39.7582,197.929,4.22508
-2.28169,586.483,34.3334,175.574,3.71979
-2.22153,577.377,33.8689,173.126,3.72684
-1.71723,525.148,31.3325,159.599,3.78674
0.981074,563.006,36.7497,183.757,4.13413
-4.19862,522.635,28.6678,148.595,3.50545
-3.60567,540.062,30.2289,156.029,3.56969
1.60536,566.716,37.7606,188.015,4.2216
-0.157449,518.135,32.5687,164.12,3.98174
0.870364,584.527,38.0152,190.227,4.11892
-1.46343,500.31,30.106,153.082,3.81745
-1.58837,562.724,33.7201,171.607,3.80228
-0.0567199,596.632,37.6286,189.487,3.99487
1.86963,541.405,36.3886,180.862,4.25951
-4.63988,518.409,28.0098,145.641,3.45878
0.224033,546.752,34.8057,174.936,4.03181
-4.44041,589.196,32.0526,166.425,3.47976
-0.890023,528.775,32.4356,164.275,3.88827
-2.37811,519.354,30.3048,155.077,3.70853
-3.0916,509.15,29.0008,149.149,3.62685
-0.390831,555.086,34.6214,174.744,3.95159
-2.99382,586.377,33.5105,172.223,3.63788
0.0984538,504.31,31.9704,160.823,4.01522
-2.83389,577.578,33.187,170.369,3.65604
0.27684,553.954,35.3261,177.487,4.03882
-3.92224,528.404,29.259,151.362,3.53518
-1.67827,589.065,35.1921,179.21,3.79143
1.61868,508.339,33.8857,168.707,4.2235
-4.25465,575.204,31.491,163.293,3.49947
-3.11803,515.984,29.3637,151.043,3.62388
-3.39823,565.604,31.8827,164.325,3.59259
-0.110877,544.554,34.2824,172.701,3.9878
1.84388,510.904,34.3096,170.558,4.25579
-0.0886227,593.047,37.3629,188.19,3.99071
-3.69278,525.723,29.3392,151.53,3.56014
-0.125053,559.634,35.2151,177.417,3.98596
-0.76443,519.535,32.0028,161.942,3.90405
1.78537,527.923,35.3844,175.97,4.24737
1.7788,554.74,37.1739,184.878,4.24642
-3.17649,509.593,28.9426,148.938,3.61732
0.976222,575.073,37.5314,187.671,4.13346
-1.03633,513.755,31.3605,158.99,3.87
-0.691533,542.273,33.4848,169.357,3.91325
-1.23342,569.889,34.5583,175.441,3.84561
-4.5218,505.923,27.446,142.589,3.47118
1.41345,546.899,36.2108,180.533,4.19441
-3.42519,583.924,32.8853,169.524,3.5896
-1.80327,546.464,32.5102,165.697,3.77641
0.00634345,528.877,33.4254,168.248,4.00312
-0.706992,584.254,36.0585,182.393,3.9113
-0.263075,500.365,31.3414,158.05,3.96805
-1.8747,563.102,33.4196,170.417,3.76788
-2.04049,584.278,34.4834,176.045,3.74817
-3.30288,513.831,29.0583,149.667,3.60319
-0.169028,533.744,33.5369,169.013,3.98024
-2.59561,578.18,33.4905,171.64,3.68334
-4.83263,569.87,30.5873,159.262,3.43869
-1.22758,510.342,30.9534,157.134,3.84633
-4.86577,540.045,28.9535,150.791,3.43525
-0.907279,500.173,30.6635,155.318,3.88611
-1.27412,579.437,35.0895,178.188,3.84061
-0.632393,509.563,31.5272,159.391,3.92075
1.74474,580.621,38.8647,193.331,4.24153
-3.77513,531.691,29.5891,152.91,3.55115
-3.49515,536.146,30.1228,155.36,3.58187
1.6797,555.12,37.0784,184.526,4.23221
-0.652118,500.454,30.9432,156.46,3.91825
-3.57733,511.679,28.6678,147.942,3.57281
-0.921578,574.591,35.2089,178.359,3.88432
-4.59853,537.792,29.0982,151.256,3.46311
-2.26144,520.873,30.5133,156.017,3.72216
-3.90899,557.271,30.8714,159.688,3.53661
-0.382203,585.525,36.5304,184.368,3.9527
-4.73939,549.871,29.6084,154.063,3.44838
0.622762,548.451,35.3782,177.33,4.0852
-0.960707,593.437,36.3162,184.018,3.87943
0.659108,532.076,34.3632,172.2,4.09013
-3.97565,551.527,30.4838,157.758,3.5294
-2.58462,598.564,34.684,177.743,3.6846
-0.195688,544.747,34.1979,172.375,3.97678
-0.448397,554.924,34.545,174.427,3.94421
-1.63161,581.808,34.8131,177.223,3.79706
1.71627,501.097,33.5103,166.728,4.23745
-0.0808047,559.418,35.2534,177.555,3.99173
-1.86308,529.944,31.464,160.432,3.76926
-0.240955,563.693,35.3341,178.157,3.97091
-2.31464,531.66,31.0894,159.021,3.71594
-0.980089,525.377,32.1303,162.83,3.87701
1.68287,509.574,34.0398,169.4,4.23267
-0.0415853,589.246,37.1815,187.216,3.99685
-3.74239,504.114,28.0857,145.107,3.55472
0.177123,549.138,34.9033,175.482,4.0256
-0.354657,551.547,34.4421,173.796,3.95624
-4.14974,517.43,28.4298,147.31,3.51068
-2.3534,592.772,34.6177,177.116,3.71141
0.739104,514.813,33.3364,166.964,4.10099
-0.957468,515.035,31.5217,159.72,3.87983
0.174501,527.816,33.5451,168.657,4.02526
0.75788,527.037,34.1492,171.012,4.10355
-0.134063,535.116,33.6623,169.603,3.98479
-3.12742,597.592,33.9971,174.888,3.62282
-1.99027,548.094,32.4026,165.364,3.75412
-3.32616,500.136,28.2615,145.586,3.6006
0.487889,500.698,32.1539,161.317,4.06702
-1.68373,502.096,29.9909,152.73,3.79077
-3.44176,595.453,33.5157,172.794,3.58777
-1.36455,591.609,35.7182,181.494,3.82952
-3.66528,554.038,30.9483,159.81,3.56315
-4.70208,587.8,31.6913,164.857,3.45228
-2.13586,572.807,33.698,172.149,3.73691
0.9789,516.627,33.72,168.61,4.13383
-1.07633,562.745,34.305,173.966,3.86504
-3.54593,536.391,30.0845,155.218,3.57627
-2.27445,525.296,30.7589,157.287,3.72064
1.48676,541.812,35.9607,179.197,4.20476
-1.42581,500.413,30.1502,153.267,3.82203
-3.43497,548.589,30.885,159.224,3.58852
1.30874,531.292,35.0563,174.901,4.17968
1.562,569.523,37.8935,188.732,4.21543
-0.411237,581.507,36.2447,182.962,3.94897
0.944247,571.418,37.2534,186.322,4.12906
1.62495,553.565,36.9081,183.746,4.22439
-4.77947,592.51,31.8605,165.829,3.44421
1.33624,515.809,34.0656,169.926,4.18354
-2.68493,525.324,30.337,155.576,3.67307
0.462149,516.953,33.1695,166.441,4.06357
1.95043,501.154,33.7727,167.769,4.27121
1.45014,507.613,33.6502,167.725,4.19958
0.708662,559.408,36.1876,181.281,4.09685
-0.921437,578.721,35.4622,179.642,3.88433
-1.7982,585.439,34.8348,177.539,3.77702
1.72707,509.687,34.0968,169.634,4.239
-2.50856,515.775,29.9637,153.471,3.69339
-3.85223,581.171,32.2578,166.792,3.54277
0.698796,518.194,33.5106,167.882,4.09551
-1.19924,547.613,33.2455,168.736,3.84983
-0.707572,501.246,30.9349,156.477,3.91123
-1.03839,523.469,31.9513,161.988,3.86975
-2.90177,515.973,29.5791,151.92,3.64831
-0.425878,574.301,35.7781,180.625,3.94709
0.286207,505.351,32.2366,161.954,4.04007
-4.8503,521.012,27.9479,145.538,3.43685
-1.48849,536.726,32.2702,164.115,3.8144
-3.44641,577.204,32.4834,167.477,3.58725
-4.35817,576.431,31.4466,163.183,3.48847
-3.29169,552.192,31.2396,160.889,3.60444
0.920339,517.626,33.7199,168.676,4.12577
-4.53562,590.36,32.0114,166.324,3.46972
0.966993,565.219,36.877,184.411,4.13219
-4.24319,595.683,32.625,169.159,3.50069
-1.11376,586.074,35.6825,180.998,3.86039
1.9655,586.544,39.5467,196.431,4.27339
-1.56394,533.13,31.9729,162.688,3.80524
0.431658,536.967,34.4189,172.747,4.05948
1.51904,562.925,37.4016,186.337,4.20934
-1.05912,535.564,32.6669,165.639,3.86717
-4.91538,583.926,31.2528,162.824,3.43011
-3.01606,532.004,30.3803,156.16,3.63537
-0.196445,538.749,33.8206,170.474,3.97668
-1.45589,539.25,32.4574,165.03,3.81837
0.0733437,530.536,33.605,169.075,4.01192
-2.09327,562.074,33.1141,169.116,3.74193
-3.79158,555.766,30.9116,159.763,3.54936
-2.04934,598.207,35.295,180.199,3.74713
-0.770874,592.371,36.4816,184.614,3.90324
-4.06217,517.232,28.504,147.603,3.52008
-2.63075,504.089,29.1641,149.504,3.67929
-3.1159,539.1,30.6814,157.819,3.62412
-2.50352,573.881,33.345,170.784,3.69397
-1.04477,520.919,31.7889,161.171,3.86896
-4.95527,517.832,27.6774,144.237,3.42599
1.4726,509.205,33.7807,168.35,4.20276
-3.00466,503.418,28.7589,147.814,3.63666
-2.07748,556.689,32.8143,167.566,3.7438
-3.56359,565.891,31.72,163.677,3.57432
-3.48495,503.791,28.3148,146.025,3.58299
0.62426,505.097,32.5832,163.319,4.08541
1.7636,524.526,35.1316,174.739,4.24424
-2.40713,538.301,31.3796,160.61,3.70516
0.634651,577.308,37.2542,186.719,4.08681
-0.494382,531.151,33.0144,166.751,3.93832
0.178876,580.115,36.8743,185.39,4.02584
-4.47899,502.126,27.2799,141.683,3.47569
0.768249,556.481,36.0693,180.616,4.10496
-2.76525,561.113,32.3159,165.817,3.66387
1.65853,508.689,33.9535,168.999,4.22919
-4.76231,572.234,30.7884,160.229,3.44599
1.15163,584.079,38.3403,191.489,4.15774
-3.42045,524.287,29.5314,152.23,3.59013
0.40432,532.88,34.126,171.308,4.05582
-2.02153,563.927,33.3036,169.999,3.75042
-0.775783,532.758,32.8049,166.014,3.90262
-4.89271,588.912,31.5442,164.315,3.43246
-3.11999,562.382,32.002,164.616,3.62366
-4.50527,593.401,32.2098,167.319,3.47292
0.799501,557.788,36.1914,181.188,4.10922
-3.47505,539.154,30.3125,156.316,3.58409
-3.03984,559.793,31.9414,164.212,3.63268
-2.44953,598.212,34.8222,178.282,3.70023
0.906068,534.481,34.8014,174.104,4.12381
-2.44859,564.031,32.8335,168.1,3.70034
-4.8677,573.872,30.765,160.228,3.43505
-0.701627,510.436,31.5083,159.371,3.91198
-4.9737,568.653,30.3744,158.314,3.42409
-4.88759,520.927,27.9076,145.367,3.43299
0.918634,534.675,34.8285,174.224,4.12554
0.556529,515.592,33.1858,166.416,4.07626
-2.20352,557.131,32.7012,167.136,3.72895
-4.21069,598.275,32.8033,170.045,3.50416
-1.27709,521.015,31.5484,160.209,3.84024
-4.71897,587.918,31.6793,164.814,3.45051
-2.36129,555.92,32.4569,166.07,3.71049
-4.62201,501.565,27.1163,140.977,3.46065
-2.08643,568.351,33.4916,171.036,3.74274
-4.91359,598.559,32.038,166.912,3.4303
-1.5905,566.459,33.9415,172.736,3.80203
1.54229,530.14,35.2503,175.591,4.21263
1.39983,524.321,34.7003,173.018,4.19249
-2.48263,507.931,29.5338,151.242,3.69639
-0.583064,565.195,35.0268,177.023,3.92702
0.0964704,587.195,37.2224,187.245,4.01496
-1.37221,538.107,32.4796,165.047,3.82858
-2.43553,523.993,30.5163,156.222,3.70186
0.0419298,500.126,31.6457,159.251,4.00779
0.982465,586.352,38.2754,191.383,4.13432
1.70962,524.84,35.0904,174.597,4.23649
-0.693161,552.764,34.1308,172.626,3.91305
-4.69462,529.477,28.5541,148.529,3.45305
1.39375,528.503,34.9701,174.37,4.19163
0.928201,569.589,37.1146,185.648,4.12685
1.48952,531.039,35.2488,175.646,4.20515
0.787743,539.634,34.9999,175.237,4.10762
0.698447,568.889,36.7885,184.304,4.09546
-3.18941,537.725,30.5269,157.105,3.61587
-3.43008,512.818,28.876,148.861,3.58906
-3.82023,530.558,29.4807,152.398,3.54624
0.822305,566.785,36.8029,184.221,4.11234
-0.0864561,576.384,36.3157,182.913,3.99099
-1.16915,554.272,33.6837,170.925,3.85354
-2.79472,535.696,30.8213,158.181,3.6605
-4.56863,515.507,27.921,145.106,3.46625
-0.254126,521.833,32.6958,164.87,3.96921
-0.636613,511.341,31.6328,159.929,3.92021
-2.913,544.156,31.1829,160.17,3.64704
-3.29123,591.151,33.4442,172.242,3.60449
1.10504,534.604,35.0388,175.055,4.15127
-2.76401,569.662,32.8096,168.349,3.66401
-1.87517,505.203,29.9829,152.892,3.76782
-0.0744063,576.254,36.3221,182.93,3.99256
-3.08843,515.92,29.3896,151.144,3.62721
-1.15656,565.749,34.3957,174.523,3.8551
-0.70944,572.786,35.3479,178.802,3.91099
-1.71789,540.645,32.2564,164.306,3.78666
-4.61745,501.902,27.1388,141.089,3.46113
-3.02121,524.809,29.9642,154.027,3.63479
1.07544,516.019,33.7877,168.838,4.14717
-1.95836,506.213,29.9589,152.858,3.75791
-4.34907,551.324,30.0863,156.114,3.48943
-4.76243,556.72,29.9535,155.884,3.44598
-2.56936,539.745,31.2919,160.343,3.68637
0.067709,550.043,34.8341,175.265,4.01118
-3.73215,538.942,30.0366,155.175,3.55584
-0.24764,518.774,32.5112,163.931,3.97005
-0.327954,527.933,32.9969,166.472,3.95968
0.608036,518.678,33.4414,167.639,4.08321
-1.81181,585.6,34.8285,177.523,3.77539
-1.28899,567.473,34.3478,174.439,3.83878
-0.793133,565.903,34.8256,176.261,3.90043
-2.41019,586.165,34.1663,174.876,3.7048
1.31441,553.72,36.543,182.311,4.18048
0.578771,508.172,32.7323,164.117,4.07926
-3.45808,542.813,30.5358,157.449,3.58596
-1.7643,532.807,31.7392,161.724,3.78109
-2.47267,562.506,32.7181,167.537,3.69755
-1.97055,515.178,30.4769,155.515,3.75647
-1.23131,545.66,33.0914,167.992,3.84587
0.583139,594.874,38.3225,192.14,4.07985
-1.96906,569.787,33.7092,172.006,3.75664
0.873003,562.414,36.5803,183.044,4.11928
-3.45017,547.359,30.7998,158.801,3.58684
-1.79248,592.895,35.2852,179.827,3.77771
-3.54382,532.742,29.882,154.171,3.5765
1.60221,535.859,35.7008,177.763,4.22115
1.69766,501.62,33.5248,166.821,4.23478
-4.15911,533.207,29.2872,151.763,3.50968
-3.67028,509.264,28.4424,146.875,3.56261
-1.6144,588.849,35.2547,179.45,3.79914
-4.49172,584.459,31.7392,164.858,3.47434
-3.15385,501.567,28.5086,146.682,3.61986
1.38767,528.061,34.9338,174.196,4.19077
-1.25885,578.589,35.0561,177.999,3.84249
-0.334245,505.263,31.5733,159.297,3.95887
0.285882,518.213,33.0567,166.075,4.04002
-1.36205,590.516,35.6552,181.171,3.82982
-3.68506,567.838,31.6978,163.703,3.56099
1.09153,552.873,36.22,180.973,4.1494
-2.37925,514.293,30.0083,153.561,3.7084
-2.86829,502.109,28.817,147.971,3.65212
-2.84531,586.103,33.6638,172.83,3.65473
-4.47836,512.127,27.8239,144.508,3.47575
-4.67866,557.054,30.0578,156.333,3.45472
-0.13434,510.288,32.1002,161.733,3.98475
-3.3422,511.544,28.8903,148.843,3.59882
-4.38112,592.754,32.3117,167.7,3.48603
-3.03058,537.743,30.6929,157.783,3.63373
0.778579,541.251,35.0941,175.72,4.10637
-1.03056,524.882,32.0459,162.459,3.87072
0.351247,538.582,34.4306,172.9,4.04873
0.961468,533.307,34.7886,173.974,4.13143
-0.24167,598.373,37.5071,189.115,3.97082
1.19897,597.003,39.2499,195.969,4.16434
-1.20793,536.445,32.558,165.257,3.84876
-4.66423,533.736,28.8138,149.848,3.45623
0.2839,513.153,32.7318,164.445,4.03976
0.693433,543.595,35.147,176.087,4.09478
-4.6829,589.583,31.8083,165.443,3.45428
-3.25992,517.999,29.3368,151.055,3.60798
-1.49054,526.249,31.6381,160.902,3.81415
-4.61105,520.739,28.1634,146.41,3.4618
-1.87697,523.827,31.0863,158.521,3.7676
-4.4876,569.287,30.9196,160.596,3.47478
0.782962,584.006,37.8718,189.622,4.10697
-1.91747,540.591,32.0375,163.418,3.76278
-1.30366,566.251,34.257,173.996,3.83698
-4.11275,547.564,30.1235,156.045,3.51465
-2.60225,591.361,34.2462,175.521,3.68257
0.0861439,529.912,33.5797,168.933,4.0136
0.957436,597.33,38.9597,194.839,4.13088
-2.69789,506.512,29.2378,149.952,3.67158
-2.58791,594.461,34.4424,176.509,3.68423
0.255893,554.638,35.3451,177.608,4.03604
-3.0522,546.564,31.1735,160.278,3.63129
-2.89119,558.585,32.0334,164.513,3.64952
-0.839021,503.435,30.9339,156.614,3.89466
-4.65374,597.366,32.2605,167.76,3.45733
-0.398147,575.355,35.8769,181.089,3.95065
0.370515,526.161,33.658,168.998,4.0513
-4.74363,533.14,28.7034,149.358,3.44794
-4.51023,576.351,31.279,162.489,3.47239
-3.07648,536.493,30.5739,157.222,3.62855
0.663095,529.779,34.2194,171.475,4.09067
-4.08657,544.01,29.9547,155.142,3.51746
0.0352979,553.999,35.0468,176.375,4.00692
0.379734,538.288,34.4443,172.935,4.05253
1.08838,581.025,38.0604,190.172,4.14896
0.0165547,527.712,33.3631,167.923,4.00446
1.44501,557.918,36.9788,184.322,4.19886
-4.82635,596.579,32.0278,166.755,3.43934
-1.61379,566.075,33.892,172.512,3.79921
1.7764,516.783,34.6276,172.217,4.24608
-1.36059,562.968,33.9935,172.725,3.83
-0.837563,572.944,35.2067,178.244,3.89485
0.0567524,552.932,35.0043,176.135,4.00974
-3.51511,566.602,31.8123,164.097,3.57966
-3.12478,590.63,33.604,172.863,3.62312
0.852826,540.231,35.114,175.731,4.11651
-1.97254,501.867,29.6875,151.489,3.75623
-3.39205,594.318,33.5084,172.696,3.59328
-4.11632,543.124,29.8756,154.764,3.51426
-2.19485,547.568,32.1492,164.305,3.72997
1.38389,544.584,36.0224,179.629,4.19024
-4.90398,572.645,30.661,159.728,3.43129
-2.64952,559.722,32.3622,165.92,3.67713
-1.45806,590.769,35.5558,180.786,3.8181
-2.92947,575.02,32.9332,169.179,3.64517
-4.93787,578.26,30.9256,161.145,3.42779
-0.316746,525.12,32.8333,165.634,3.96112
1.70603,564.519,37.7388,187.779,4.23598
0.0206415,556.988,35.2188,177.258,4.005
-1.4401,569.216,34.2792,174.274,3.82029
-3.53459,561.849,31.5246,162.635,3.57751
-2.69505,523.506,30.2217,154.995,3.67191
-4.32656,528.644,28.8709,149.784,3.49182
-3.8963,506.709,28.0826,145.249,3.53798
0.21266,588.89,37.4741,188.362,4.03031
0.734591,527.97,34.1832,171.21,4.10038
-3.94845,590.338,32.6593,168.983,3.53234
-1.34103,573.868,34.6744,176.161,3.8324
0.0365438,531.019,33.5945,169.064,4.00708
-3.42156,587.838,33.1098,170.677,3.59001
-2.81391,571.199,32.8426,168.577,3.65831
-4.89943,598.034,32.0254,166.83,3.43176
-3.44079,575.994,32.4215,167.152,3.58788
0.801223,583.541,37.8645,189.562,4.10946
-1.84333,519.865,30.8861,157.463,3.77162
-4.77872,561.791,30.2095,157.235,3.44429
-1.27495,544.373,32.9652,167.401,3.84051
0.96285,584.483,38.1286,190.675,4.13162
-0.23225,533.166,33.4303,168.548,3.97204
-4.63337,524.604,28.3508,147.407,3.45946
1.9784,579.596,39.0948,194.17,4.27527
-2.04159,517.752,30.556,155.996,3.74804
0.13366,556.728,35.3347,177.704,4.01986
0.322266,561.091,35.8351,179.989,4.04487
-4.80049,569.598,30.6064,159.325,3.44202
0.0517802,542.923,34.365,172.924,4.00908
-2.06845,542.724,32.0008,163.402,3.74487
-4.45123,533.543,29.0143,150.661,3.47862
-0.0160586,596.838,37.6926,189.756,4.00019
-1.64028,575.944,34.4522,175.396,3.79601
1.78314,530.685,35.567,176.881,4.24704
-2.35105,569.009,33.2326,170.027,3.71169
-2.91202,551.277,31.592,162.27,3.64715
-1.50613,566.019,34.0113,172.991,3.81226
-3.26661,500.992,28.3672,146.07,3.60724
-0.549144,564.982,35.0532,177.116,3.93133
-0.0601246,553.028,34.8747,175.623,3.99443
1.70327,517.719,34.607,172.2,4.23558
-3.78186,573.748,31.9223,164.975,3.55042
1.22219,504.43,33.1891,165.682,4.16757
-3.06777,565.969,32.2632,165.899,3.62954
-1.44502,548.736,33.0405,167.981,3.81969
-0.442539,560.125,34.8756,176.089,3.94496
-1.3835,599.362,36.1632,183.78,3.8272
-1.18192,563.129,34.2073,173.597,3.85196
-1.43062,581.524,35.0316,178.087,3.82145
0.419375,565.09,36.2068,181.735,4.05783
-2.72446,554.087,31.9553,163.92,3.66854
-3.42635,574.439,32.3498,166.765,3.58947
0.800131,560.047,36.3387,181.925,4.10931
-1.56628,509.653,30.5626,155.514,3.80496
0.429227,591.007,37.8798,190.12,4.05915
-1.4599,527.11,31.7225,161.297,3.81788
1.29753,548.405,36.1722,180.481,4.17811
-3.98133,597.532,33.0203,170.891,3.52879
-1.38447,576.752,34.7979,176.842,3.82708
-4.16855,509.394,27.9702,144.948,3.50867
-1.01793,536.527,32.7707,166.119,3.87229
1.90262,537.656,36.1758,179.764,4.26428
-2.56633,515.483,29.8883,153.147,3.68671
-3.7988,566.948,31.5257,162.945,3.54857
-0.470302,567.18,35.2822,178.176,3.9414
-4.03835,578.655,31.9149,165.237,3.52264
-2.0174,595.767,35.1889,179.617,3.75091
-0.127758,578.045,36.3704,183.24,3.98561
-4.69792,518.402,27.9537,145.41,3.45271
0.0652116,515.401,32.6375,164.216,4.01085
-3.27496,553.421,31.3269,161.32,3.60631
-4.3907,590.022,32.1522,166.884,3.48502
-3.61417,598.83,33.5086,172.968,3.56876
-4.2273,588.345,32.2406,167.148,3.50239
-0.0105105,501.334,31.6669,159.415,4.00091
1.85328,556.293,37.3692,185.756,4.25715
1.11596,566.556,37.1464,185.57,4.15279
-1.34545,533.329,32.2201,163.698,3.83186
0.919184,572.528,37.2949,186.561,4.12561
-1.13699,540.091,32.8573,166.694,3.85752
1.86546,557.202,37.4452,186.119,4.25891
-3.90395,522.562,28.9536,149.763,3.53716
-3.98903,562.307,31.0655,160.783,3.52796
-4.45278,567.535,30.8612,160.254,3.47845
-4.668,587.62,31.7186,164.959,3.45584
-1.02933,563.907,34.43,174.543,3.87088
1.18116,586.807,38.557,192.532,4.16185
0.88185,500.584,32.5682,162.958,4.12049
-3.56033,583.516,32.7116,168.79,3.57468
-3.64144,512.743,28.6649,147.994,3.56577
-1.78041,569.883,33.9295,172.903,3.77915
1.17687,549.125,36.0759,180.148,4.16126
-0.385808,519.789,32.4253,163.653,3.95223
-4.82174,502.061,26.9578,140.353,3.43982
-4.46882,528.261,28.7098,149.099,3.47676
-4.03753,510.03,28.1308,145.644,3.52273
-1.50249,571.839,34.3652,174.786,3.8127
-4.09136,561.508,30.9132,160.111,3.51694
-3.1563,528.598,30.0425,154.576,3.61958
1.29286,537.328,35.4361,176.814,4.17746
-0.901198,568.027,34.8304,176.417,3.88687
-2.40515,560.291,32.6637,167.18,3.70539
0.616029,549.616,35.4455,177.675,4.08429
-2.68118,561.469,32.4285,166.297,3.6735
-3.37813,562.945,31.7545,163.641,3.59482
-1.46411,576.847,34.7108,176.497,3.81737
1.82534,595.824,39.988,198.811,4.25312
-2.59183,530.866,30.7537,157.61,3.68377
-4.2483,598.266,32.7607,169.869,3.50015
-1.21708,510.979,31.003,157.374,3.84763
-4.03095,502.139,27.7017,143.416,3.52344
-1.9506,567.062,33.5688,171.268,3.75884
-1.12355,529.319,32.2164,163.428,3.85918
0.413556,531.402,34.0418,170.875,4.05705
0.788468,557.847,36.182,181.155,4.10772
-4.28608,560.132,30.6329,158.879,3.49613
-4.57664,511.623,27.7031,143.981,3.46541
-2.84685,511.902,29.4004,150.944,3.65456
0.177689,527.243,33.5123,168.488,4.02568
0.349099,544.766,34.8234,174.875,4.04844
-1.50809,535.822,32.1946,163.753,3.81202
-4.10694,586.755,32.2859,167.24,3.51527
-4.58463,586.584,31.7533,165.041,3.46457
-1.87115,579.864,34.4185,175.506,3.7683
-4.93234,554.013,29.6345,154.411,3.42836
1.57292,529.637,35.2524,175.565,4.21699
-1.79046,571.891,34.0375,173.466,3.77795
-4.40167,571.889,31.1524,161.707,3.48386
-4.41731,526.431,28.6608,148.79,3.4822
-1.9304,526.557,31.1922,159.12,3.76124
-0.497558,595.174,36.99,186.835,3.93792
-0.299739,509.709,31.8878,160.845,3.96332
-2.90844,567.873,32.547,167.171,3.64756
-3.32784,585.085,33.0599,170.307,3.60041
1.70659,564.281,37.7236,187.703,4.23606
1.28329,514.247,33.9032,169.177,4.17612
-1.65502,593.508,35.4852,180.674,3.79423
-3.32049,576.159,32.5636,167.742,3.60123
-1.98205,558.996,33.0563,168.69,3.7551
1.64948,536.833,35.8214,178.307,4.22789
1.40457,542.678,35.9208,179.097,4.19316
0.00229917,558.014,35.2621,177.498,4.00259
-3.07702,573.922,32.7063,168.188,3.62849
-3.61253,568.004,31.7855,164.071,3.56894
-3.85747,582.489,32.3252,167.147,3.5422
-4.52133,572.736,31.071,161.422,3.47123
0.456279,522.214,33.5006,168.109,4.06278
-3.22405,577.565,32.7501,168.588,3.61199
-2.60551,508.92,29.4688,151.039,3.6822
-1.00179,525.221,32.0975,162.688,3.8743
0.516142,562.196,36.1371,181.265,4.07082
-3.40073,597.572,33.6819,173.6,3.59232
1.89037,571.436,38.4332,190.997,4.26251
1.60582,581.36,38.7369,192.876,4.22167
0.20792,594.004,37.7935,189.974,4.02968
-2.96785,507.924,29.0526,149.285,3.64082
-2.55888,576.766,33.45,171.388,3.68757
0.839344,524.979,34.1075,170.709,4.11467
-0.57512,528.844,32.7827,165.673,3.92803
0.0514675,585.245,37.0434,186.402,4.00904
-3.33693,510.593,28.8418,148.587,3.5994
1.96079,585.717,39.4848,196.13,4.27271
-4.99147,536.455,28.6371,149.277,3.42226
1.45039,561.276,37.2079,185.457,4.19962
-2.37065,562.728,32.844,168.062,3.7094
1.29564,583.044,38.4545,191.872,4.17785
1.46842,590.655,39.1788,195.257,4.20217
-3.58702,579.404,32.4516,167.48,3.57174
-3.66136,579.984,32.402,167.312,3.56358
1.99709,520.458,35.1274,174.443,4.27799
-0.824022,580.824,35.7071,180.761,3.89655
-2.45862,577.349,33.5975,172.023,3.69918
0.441798,537.746,34.4804,173.043,4.06084
0.294204,547.603,34.9412,175.532,4.04113
-0.538408,566.164,35.1391,177.536,3.9327
0.620241,508.318,32.7866,164.343,4.08486
0.486126,558.752,35.88,180.013,4.06678
-4.16043,535.742,29.4251,152.479,3.50954
0.562982,547.159,35.2251,176.635,4.07713
-0.620465,530.563,32.8395,166.012,3.92226
-0.265821,503.402,31.5287,158.998,3.9677
-3.99295,564.378,31.1757,161.358,3.52754
-0.503982,524.192,32.5715,164.525,3.9371
0.947828,530.731,34.605,173.072,4.12955
1.27718,537.209,35.4099,176.702,4.17526
1.97077,599.933,40.4564,200.943,4.27416
-0.19296,587.633,36.8936,185.959,3.97713
-1.04847,582.326,35.5318,180.153,3.8685
-2.10511,551.912,32.5024,166.006,3.74054
0.385228,502.997,32.1919,161.621,4.05327
1.37755,544.423,36.0043,179.547,4.18935
-4.53891,597.465,32.3931,168.311,3.46938
-4.671,573.606,30.959,161.012,3.45552
-1.17522,582.237,35.376,179.52,3.85279
0.633035,546.814,35.2846,176.849,4.08659
1.14324,523.559,34.3582,171.61,4.15658
1.93249,578.766,38.9801,193.66,4.26861
-3.51608,597.704,33.5575,173.1,3.57956
-3.09891,512.183,29.1663,150.007,3.62603
-1.27994,564.35,34.1692,173.521,3.83989
-1.86443,556.131,33.0173,168.353,3.7691
-0.658656,559.19,34.5674,174.792,3.91742
-4.35678,518.953,28.3123,146.917,3.48861
-1.4148,500.769,30.1829,153.421,3.82338
-1.11459,582.404,35.458,179.861,3.86029
-1.28039,587.252,35.5553,180.561,3.83984
-4.89871,526.615,28.2015,146.909,3.43184
-1.94316,566.329,33.5338,171.081,3.75972
1.90574,552.214,37.1592,184.647,4.26473
-2.99727,518.527,29.6295,152.281,3.63749
0.941032,511.528,33.3454,166.78,4.12862
-2.71915,523.567,30.2006,154.913,3.66914
1.9019,503.088,33.8491,168.203,4.26418
-0.689908,541.507,33.4394,169.125,3.91346
-2.46424,533.414,31.0348,158.908,3.69852
0.907129,501.559,32.659,163.384,4.12396
0.646428,545.176,35.1945,176.381,4.08841
0.273389,509.997,32.5192,163.388,4.03836
-0.511046,532.9,33.1048,167.227,3.93619
-3.09773,536.133,30.5314,157.027,3.62616
-2.53767,558.408,32.4085,166.027,3.69002
0.728822,596.989,38.6445,193.562,4.09959
-1.04409,520.766,31.7803,161.127,3.86904
1.54628,525.263,34.9306,173.994,4.2132
-3.0246,578.572,33.03,169.79,3.63441
0.492309,591.197,37.9712,190.497,4.06761
-4.17534,572.486,31.4272,162.871,3.50794
-2.3031,531.174,31.073,158.925,3.71728
-4.61256,580.187,31.377,163.117,3.46164
-4.14069,508.123,27.927,144.695,3.51165
-4.45791,563.679,30.6461,159.142,3.47791
-3.87283,546.791,30.3283,156.838,3.54053
-3.12231,586.912,33.3953,171.786,3.6234
1.02779,500.82,32.741,163.661,4.14058
-2.10939,523.52,30.826,157.448,3.74003
-2.66781,576.701,33.3233,170.87,3.67503
-3.13452,518.232,29.4752,151.634,3.62203
-0.992368,501.493,30.6571,155.377,3.87548
1.3156,526.887,34.7736,173.482,4.18065
-4.52384,537.065,29.1333,151.358,3.47096
-1.6321,595.364,35.6236,181.35,3.797
-0.931221,534.805,32.7604,165.967,3.88311
-3.2368,524.114,29.7064,152.934,3.61057
-1.03948,590.608,36.048,182.758,3.86961
-3.08511,595.317,33.9163,174.42,3.62758
-4.39732,523.9,28.5426,148.155,3.48432
1.77627,578.201,38.7428,192.684,4.24606
0.403082,571.377,36.5899,183.679,4.05565
-2.51196,540.025,31.3689,160.673,3.693
-2.68942,575.121,33.2077,170.303,3.67255
1.28114,502.238,33.1091,165.217,4.17582
-3.85021,515.849,28.6341,148.053,3.54298
-2.76688,546.695,31.4838,161.549,3.66368
-2.06017,594.589,35.0688,179.057,3.74584
-4.67662,586.21,31.6332,164.524,3.45493
-1.81231,577.792,34.3635,175.154,3.77533
-0.450859,530.928,33.0485,166.874,3.94389
-4.27515,566.86,31.0125,160.835,3.49729
1.29016,532.493,35.1141,175.211,4.17708
-2.26988,517.536,30.3092,154.982,3.72117
-1.78853,546.816,32.5473,165.869,3.77818
-2.51994,534.623,31.0467,159.031,3.69207
0.389399,559.662,35.8235,179.848,4.05382
-1.02289,511.445,31.2335,158.332,3.87168
-2.19586,546.115,32.0628,163.864,3.72985
-2.92457,517.22,29.6277,152.194,3.64573
-2.11548,539.797,31.7779,162.317,3.73931
1.87132,532.373,35.7836,177.852,4.25975
-1.75515,569.467,33.9335,172.893,3.78218
-0.486069,555.621,34.545,174.472,3.93938
0.581792,576.442,37.1334,186.18,4.07967
-0.182563,536.857,33.7174,169.938,3.97848
-4.75311,518.912,27.9282,145.334,3.44695
-4.62764,592.827,32.044,166.603,3.46006
0.800592,553.715,35.9284,179.87,4.10937
-4.48531,533.353,28.9702,150.469,3.47502
0.408636,555.907,35.6058,178.732,4.0564
-4.84854,583.144,31.2827,162.901,3.43703
-2.46536,560.183,32.5911,166.878,3.69839
-4.92691,593.565,31.7561,165.46,3.42892
0.287782,587.2,37.4598,188.193,4.04028
-4.37738,582.375,31.75,164.78,3.48643
-1.36366,560.734,33.8551,172.026,3.82963
-2.39354,557.005,32.4849,166.251,3.70674
-4.79469,571.813,30.7315,159.97,3.44263
-3.92948,506.22,28.0238,144.979,3.53439
-2.27675,542.479,31.7626,162.422,3.72037
1.79381,583.087,39.0927,194.401,4.24858
1.91877,562.089,37.8398,188.012,4.26662
-1.65942,588.038,35.153,178.988,3.7937
0.640902,532.09,34.3434,172.122,4.08766
-3.96652,594.899,32.8913,170.206,3.53039
0.17412,535.875,34.0569,171.23,4.02521
-3.29529,597.438,33.7952,174.055,3.60404
-3.23345,571.077,32.3719,166.652,3.61094
0.185536,566.769,36.034,181.157,4.02672
-0.341303,559.482,34.9532,176.358,3.95796
0.801901,542.139,35.1788,176.116,4.10955
0.966693,554.759,36.1942,180.997,4.13215
1.20639,574.882,37.8048,188.744,4.16537
0.446872,596.744,38.2699,192.054,4.06152
-1.93964,509.636,30.1805,153.969,3.76014
0.0723822,525.795,33.3036,167.559,4.01179
-4.64764,555.296,29.9948,155.971,3.45797
1.40579,549.046,36.3438,181.205,4.19333
-4.65441,573.913,30.9932,161.17,3.45726
-1.20405,534.179,32.4247,164.576,3.84923
1.06457,536.672,35.1274,175.546,4.14567
-0.608954,581.751,36.0217,182.084,3.92372
-2.45003,571.525,33.2682,170.327,3.70017
-0.572965,566.706,35.1322,177.544,3.9283
-4.09102,571.798,31.48,163.047,3.51698
-4.56318,591.761,32.0571,166.594,3.46682
-3.20584,535.691,30.3945,156.442,3.61403
1.87877,531.656,35.7441,177.647,4.26083
-4.5823,571.286,30.9277,160.747,3.46482
-2.13321,564.066,33.1868,169.534,3.73722
-1.98019,562.093,33.2416,169.633,3.75532
-3.57305,527.303,29.5476,152.477,3.57328
-4.60282,537.399,29.0727,151.128,3.46266
-4.06332,558.782,30.7926,159.455,3.51996
-3.62636,530.942,29.6975,153.309,3.56742
-3.52522,522.328,29.3164,151.233,3.57855
-0.621452,561.272,34.7391,175.616,3.92214
0.938883,523.327,34.1121,170.617,4.12832
-4.5443,578.829,31.3769,163.037,3.46881
-1.47524,590.78,35.5359,180.706,3.81601
-3.80564,551.722,30.6719,158.54,3.54783
-1.38125,573.988,34.6349,176.01,3.82748
1.5541,577.502,38.4144,191.337,4.21431
1.02455,510.054,33.3411,166.664,4.14013
-1.67261,568.439,33.9663,172.961,3.79211
-3.0524,516.284,29.4463,151.398,3.63127
-1.15957,539.517,32.7975,166.417,3.85473
-4.18952,530.878,29.129,150.976,3.50643
0.179986,501.465,31.8762,160.26,4.02598
-0.314692,541.563,33.8637,170.83,3.96139
-1.96553,522.492,30.9148,157.744,3.75706
-3.47605,522.595,29.3805,151.511,3.58398
0.424949,568.434,36.4279,182.838,4.05858
1.78734,540.845,36.2529,180.287,4.24765
-2.96245,507.588,29.0387,149.208,3.64143
-0.811818,544.751,33.5031,169.589,3.89808
-3.62669,527.054,29.4797,152.185,3.56739
-4.98753,595.856,31.8124,165.825,3.42267
-1.97134,532.692,31.5122,160.798,3.75637
1.69976,554.099,37.0346,184.283,4.23508
-4.08767,512.535,28.2206,146.161,3.51734
-3.16035,502.692,28.5663,146.985,3.61913
-2.3142,519.82,30.3975,155.482,3.71599
0.708247,561.241,36.3057,181.874,4.09679
-4.12348,545.934,30.0228,155.535,3.5135
-0.39887,513.531,32.021,161.628,3.95056
1.43977,594.562,39.4007,196.401,4.19812
0.234983,569.985,36.2979,182.422,4.03326
1.03554,509.218,33.2985,166.439,4.14165
-3.61973,572.816,32.0469,165.429,3.56815
0.879074,537.95,34.9961,175.109,4.12011
-0.88335,530.48,32.5475,164.834,3.8891
-1.88356,509.58,30.2341,154.183,3.76682
0.2712,595.011,37.9372,190.613,4.03807
-3.15614,514.523,29.2428,150.461,3.6196
1.12985,523.395,34.3322,171.496,4.15472
-0.918661,503.122,30.8325,156.187,3.88468
-2.93103,552.642,31.6499,162.589,3.64499
-2.11014,538.766,31.7229,162.03,3.73994
0.100824,540.081,34.2408,172.241,4.01554
-0.312877,528.352,33.0396,166.67,3.96162
-2.55622,554.384,32.1548,164.749,3.68788
-1.93093,566.371,33.5501,171.149,3.76118
-2.68408,510.279,29.4691,151.124,3.67316
1.85949,575.685,38.6798,192.262,4.25805
-1.1376,578.243,35.1776,178.467,3.85744
-0.837092,588.288,36.1501,183.02,3.89491
-1.6279,589.103,35.254,179.463,3.7975
-4.99066,570.753,30.4689,158.825,3.42234
-1.85654,540.485,32.0969,163.651,3.77004
1.12896,504.839,33.1141,165.412,4.15459
0.0528155,574.094,36.3392,182.857,4.00922
-3.30934,544.586,30.7908,158.597,3.60247
-2.41257,565.454,32.9564,168.687,3.70452
-3.15033,572.386,32.5378,167.408,3.62025
-3.62599,584.516,32.6945,168.78,3.56746
-1.72587,588.414,35.0971,178.785,3.7857
-4.5029,518.393,28.1406,146.178,3.47317
-1.08771,543.09,33.0943,167.839,3.86362
-0.802502,552.428,33.9858,172.022,3.89925
-1.06718,564.208,34.4047,174.461,3.86617
0.684075,527.71,34.1094,170.899,4.09351
0.137674,514.307,32.6466,164.181,4.02039
-1.27983,573.271,34.7094,176.265,3.83991
-4.60692,566.202,30.6266,159.21,3.46223
-3.00513,585.293,33.4357,171.852,3.6366
-2.70598,541.513,31.2497,160.28,3.67065
-4.73846,535,28.8086,149.9,3.44848
-0.69144,582.259,35.9541,181.845,3.91327
0.0442196,530.769,33.5872,169.019,4.00809
1.3003,559.426,36.9025,184.122,4.1785
1.22726,568.981,37.4425,186.909,4.16828
-0.427586,544.349,33.9102,171.197,3.94687
-2.86074,599.998,34.4439,176.854,3.65298
-0.788638,537.838,33.1035,167.54,3.901
-1.192,577.697,35.0804,178.041,3.85072
-0.780662,519.099,31.9587,161.737,3.902
-4.69373,558.967,30.1454,156.806,3.45315
-4.67351,555.762,29.9933,155.992,3.45526
-0.868317,534.115,32.787,166.029,3.89099
-3.10674,531.104,30.2358,155.516,3.62515
-2.23819,555.711,32.5797,166.555,3.72488
1.70423,520.181,34.7727,173.023,4.23572
-0.469879,584.959,36.3887,183.763,3.94146
-2.13683,568.055,33.4173,170.717,3.7368
-2.29962,564.415,33.0215,168.886,3.71769
-2.05228,550.719,32.4899,165.881,3.74678
0.182911,558.789,35.5235,178.594,4.02637
0.129527,592.568,37.6042,189.123,4.01932
1.9221,512.29,34.4911,171.37,4.2671
0.786891,557.02,36.1265,180.879,4.1075
-3.02472,504.218,28.7851,147.969,3.63439
-2.71131,531.195,30.6488,157.203,3.67004
0.280142,572.114,36.4881,183.321,4.03926
-2.46474,535.391,31.1494,159.495,3.69847
1.42554,502.957,33.3146,166.08,4.19611
0.112017,561.308,35.5998,179.064,4.01701
1.14815,567.594,37.2539,186.067,4.15726
1.78931,567.373,38.0336,189.14,4.24793
-3.97661,508.274,28.0923,145.382,3.5293
-4.40681,533.707,29.0675,150.89,3.48331
-3.44779,501.122,28.2004,145.396,3.5871
-3.81451,512.263,28.4697,147.166,3.54687
-3.59236,563.253,31.5413,162.788,3.57116
0.258475,552.272,35.1973,176.862,4.03638
1.26391,548.547,36.1415,180.369,4.17341
0.948086,545.803,35.588,177.988,4.12959
-4.87544,591.11,31.6807,165.006,3.43425
0.975138,514.109,33.5514,167.771,4.13331
-3.277,573.077,32.4373,167.04,3.60608
-0.734705,508.979,31.3837,158.777,3.9078
-1.74865,530.922,31.6436,161.219,3.78296
-1.06435,512.92,31.2803,158.614,3.86652
1.59599,570.109,37.9749,189.095,4.22027
0.682966,555.241,35.8876,179.81,4.09336
-3.73732,514.841,28.6883,148.215,3.55528
-1.46763,536.278,32.2659,164.069,3.81694
1.07956,579.361,37.9404,189.584,4.14774
1.45425,501.662,33.2602,165.777,4.20016
-4.56683,506.795,27.4509,142.66,3.46644
1.07216,526.187,34.4498,172.15,4.14672
1.30294,593.902,39.1801,195.482,4.17887
-4.98864,518.339,27.6727,144.247,3.42255
-0.22214,504.047,31.6151,159.385,3.97335
-3.69123,509.033,28.4092,146.725,3.56031
-4.1482,567.79,31.1984,161.653,3.51085
-2.42622,590.284,34.3878,176.03,3.70294
-3.03673,548.041,31.2741,160.778,3.63304
-3.12656,599.338,34.0974,175.403,3.62292
-3.12073,549.789,31.2847,160.927,3.62358
-0.313825,534.093,33.3976,168.477,3.9615
-0.749985,551.369,33.9802,171.931,3.90587
-2.59023,511.359,29.6253,151.825,3.68396
-3.53163,567.984,31.872,164.424,3.57784
-4.96087,540.751,28.8968,150.598,3.42541
-1.2309,502.175,30.4547,154.606,3.84592
0.572175,577.626,37.1978,186.515,4.07837
1.25334,567.759,37.3943,186.635,4.17193
-3.25804,505.642,28.6388,147.459,3.60819
-3.6276,598.916,33.4982,172.93,3.56729
1.99766,571.808,38.5939,191.657,4.27807
-2.68906,502.646,29.0234,148.843,3.67259
-4.4777,575.855,31.287,162.493,3.47582
-0.301099,516.244,32.2951,162.902,3.96314
-2.31777,526.452,30.7816,157.45,3.71557
-0.135149,584.146,36.7453,185.138,3.98464
-2.16975,505.52,29.7056,151.79,3.73292
-1.4022,541.192,32.633,165.861,3.82492
-2.25177,596.898,34.9783,178.835,3.72329
1.08245,525.893,34.4422,172.1,4.14814
-2.01329,558.215,32.9754,168.314,3.75139
-0.032064,551.955,34.8395,175.412,3.99809
-3.58164,545.272,30.5455,157.637,3.57233
-3.97732,561.002,31.0058,160.461,3.52922
-3.5963,559.171,31.3085,161.591,3.57072
-3.32527,534.741,30.2179,155.664,3.6007
-3.7527,546.902,30.4589,157.38,3.5536
-4.82032,533.879,28.6676,149.254,3.43996
-2.6261,596.551,34.5189,176.948,3.67983
-1.44666,589.975,35.5215,180.598,3.81949
-0.983905,596.298,36.463,184.792,3.87653
-3.68912,585.542,32.6816,168.788,3.56054
-1.8899,515.527,30.5804,155.955,3.76606
-3.45991,554.691,31.2021,160.887,3.58576
-4.99302,519.833,27.7483,144.646,3.4221
-4.0611,599.244,33.0248,171.011,3.52019
-1.85855,593.515,35.2437,179.698,3.7698
-3.28994,554.882,31.3936,161.68,3.60464
-3.18779,586.296,33.2862,171.304,3.61605
0.721083,559.262,36.1931,181.293,4.09854
-3.94874,594.606,32.8951,170.204,3.53231
1.40613,591.468,39.1523,195.208,4.19337
-0.670018,500.954,30.9557,156.542,3.91598
-0.418003,592.525,36.9231,186.395,3.9481
-1.77035,500.059,29.7824,151.759,3.78036
-1.12546,546.033,33.2316,168.58,3.85895
0.970793,541.743,35.3498,176.769,4.13271
-3.4706,574.419,32.3001,166.561,3.58458
-2.16672,512.951,30.1453,154.033,3.73328
-0.0471966,545.411,34.4091,173.263,3.99611
0.900504,594.18,38.6815,193.522,4.12305
0.929165,539.054,35.126,175.7,4.12699
-3.93817,533.627,29.5322,152.792,3.53345
-1.83644,586.001,34.8234,177.528,3.77245
-0.28853,584.256,36.5651,184.424,3.96476
-1.86737,549.751,32.6353,166.409,3.76875
0.228173,567.232,36.1145,181.508,4.03236
-4.44333,578.955,31.4924,163.52,3.47945
-3.11076,577.937,32.8975,169.212,3.6247
-2.20726,531.958,31.2197,159.568,3.72851
-1.47965,563.993,33.9197,172.493,3.81548
0.402539,599.737,38.4054,192.793,4.05558
-0.896747,555.25,34.052,172.469,3.88742
-3.62242,545.604,30.5217,157.559,3.56785
-2.47957,598.026,34.776,178.084,3.69675
-1.72139,527.564,31.4723,160.316,3.78624
-1.02979,550.106,33.5868,170.269,3.87082
1.47929,596.669,39.5918,197.301,4.20371
-3.10549,562.815,32.0425,164.807,3.62529
-2.7988,593.16,34.1228,175.13,3.66004
1.67351,579.54,38.7016,192.612,4.23133
-0.521772,514.716,31.9637,161.475,3.93482
-2.50224,539.378,31.3416,160.522,3.69412
-4.98177,500.761,26.7406,139.382,3.42326
1.20513,555.187,36.5081,182.272,4.16519
-2.46697,598.507,34.8189,178.287,3.69821
0.461406,586.677,37.6423,188.886,4.06347
-1.10104,555.684,33.8466,171.671,3.86197
-1.01589,517.735,31.6251,160.309,3.87255
-3.71518,526.514,29.3609,151.666,3.55769
0.547933,588.09,37.8413,189.773,4.0751
-1.81922,545.181,32.4164,165.237,3.77451
-3.13373,597.866,34.0053,174.938,3.62212
-0.0851777,530.058,33.3983,168.217,3.99116
-3.05607,555.134,31.6581,162.774,3.63086
-0.919096,514.501,31.5294,159.717,3.88463
0.942762,502.891,32.7842,163.971,4.12886
-0.745805,596.455,36.7639,186.011,3.9064
-3.12281,592.657,33.7216,173.465,3.62334
1.47153,501.658,33.2789,165.85,4.20261
-1.07815,503.877,30.7145,155.76,3.86481
-1.32213,564.806,34.1484,173.467,3.83471
-1.97729,503.25,29.7645,151.887,3.75567
0.0672359,514.82,32.6029,164.04,4.01112
-2.18284,589.145,34.6044,176.837,3.73138
0.612937,582.533,37.5645,188.301,4.08387
0.267584,533.841,34.033,171.001,4.03759
-3.87828,545.427,30.247,156.424,3.53994
-4.02285,526.753,29.0677,150.479,3.52431
-3.05513,525.215,29.9529,154.005,3.63096
-1.43248,599.27,36.0984,183.512,3.82122
-2.55866,566.03,32.8276,168.199,3.6876
0.0363355,568.998,35.9969,181.155,4.00706
-0.871175,514.007,31.5496,159.767,3.89063
-1.00592,579.551,35.4129,179.497,3.87379
-0.72328,511.536,31.5534,159.623,3.90924
-2.54168,520.382,30.1975,154.705,3.68956
-3.91543,593.52,32.8723,170.046,3.53591
-3.21525,515.312,29.2289,150.453,3.61298
-2.37735,567.705,33.127,169.518,3.70862
-4.93315,596.6,31.9116,166.277,3.42828
-3.08916,529.191,30.1448,155.029,3.62713
-1.38739,507.226,30.6001,155.512,3.82673
-0.666958,586.931,36.2722,183.423,3.91637
1.53317,521.853,34.6888,172.805,4.21134
-2.31369,500.512,29.2689,149.708,3.71605
-4.7162,571.349,30.7895,160.182,3.4508
-3.52747,546.482,30.6698,158.217,3.5783
0.500068,544.33,34.9701,175.431,4.06866
-4.05628,515.098,28.3921,147.017,3.52071
-0.0787949,581.162,36.6261,184.467,3.99199
-4.48647,569.292,30.9211,160.603,3.4749
0.874222,545.401,35.4752,177.512,4.11945
-3.0371,538.686,30.7399,158.032,3.63299
0.241928,592.941,37.7685,189.804,4.03419
-2.93343,560.7,32.1087,164.949,3.64472
-1.58004,542.981,32.5462,165.623,3.80329
1.65297,589.541,39.3429,195.831,4.22839
-2.55431,597.274,34.6448,177.504,3.6881
-3.38382,556.623,31.3918,161.778,3.59419
-1.62169,509.836,30.5167,155.341,3.79825
1.2301,567.344,37.3383,186.385,4.16868
-0.284578,537.029,33.6139,169.535,3.96527
-1.17229,503.774,30.6117,155.34,3.85315
-2.95408,587.401,33.6143,172.708,3.64238
0.703365,552.679,35.7461,179.076,4.09613
0.875333,529.767,34.4595,172.429,4.1196
-3.04684,501.405,28.603,147.056,3.6319
-1.90386,543.922,32.2497,164.484,3.7644
-0.0147657,577.634,36.4813,183.657,4.00036
-3.96063,534.023,29.5315,152.813,3.53102
1.75386,509.847,34.1376,169.806,4.24284
-3.64461,526.351,29.4224,151.908,3.56542
-3.80718,578.524,32.1603,166.235,3.54766
1.25621,582.866,38.3929,191.615,4.17233
-1.01945,513.706,31.3752,159.046,3.87211
-0.949458,560.099,34.2889,173.732,3.88083
-4.56217,569.391,30.8464,160.301,3.46693
-0.508303,555.782,34.5294,174.42,3.93654
1.09296,560.214,36.7027,183.382,4.1496
-1.18276,592.54,35.9929,182.66,3.85186
1.12477,550.916,36.1315,180.489,4.15401
-1.34974,558.893,33.7597,171.525,3.83133
-2.80684,587.706,33.7999,173.482,3.65912
-1.62884,503.659,30.1398,153.429,3.79739
-3.77242,504.944,28.1032,145.228,3.55145
-4.76694,593.569,31.9312,166.182,3.44551
-4.07011,505.933,27.8738,144.347,3.51923
-0.787963,530.149,32.631,165.148,3.90108
-1.656,555.154,33.191,168.994,3.79411
-1.91101,566.844,33.6006,171.383,3.76355
-3.32237,596.675,33.721,173.706,3.60102
1.69918,540.56,36.129,179.778,4.235
-4.64939,571.489,30.8676,160.512,3.45778
-4.18514,534.475,29.3308,152.016,3.50689
-3.28184,500.857,28.3449,145.97,3.60554
1.70022,550.451,36.7913,183.072,4.23515
-0.71741,556.231,34.3171,173.597,3.90998
0.121159,518.761,32.9113,165.531,4.01821
-3.92254,500.91,27.7364,143.485,3.53514
-3.96569,579.505,32.0411,165.805,3.53048
-3.7061,554.106,30.9091,159.654,3.55869
-4.56161,578.116,31.3196,162.76,3.46699
0.0810776,574.427,36.3944,183.099,4.01294
-3.5112,531.209,29.8291,153.863,3.58009
0.0522636,527.889,33.4139,168.138,4.00915
0.709015,530.314,34.306,171.855,4.0969
-2.50179,584.297,33.9522,173.892,3.69417
1.35957,583.751,38.5823,192.426,4.18682
-1.13175,558.564,33.987,172.42,3.85817
0.814037,585.415,38.0022,190.235,4.11121
-4.62121,574.273,31.048,161.417,3.46073
-2.82285,529.844,30.4556,156.335,3.65729
-4.89914,507.626,27.1842,141.611,3.43179
-1.67776,529.085,31.6093,160.965,3.79149
-0.694997,574.544,35.4734,179.419,3.91282
-4.98681,543.759,29.0316,151.329,3.42274
-2.67119,547.627,31.6397,162.241,3.67464
-2.92388,560.763,32.1227,165.01,3.6458
-2.09733,598.391,35.2488,180.023,3.74145
-3.14349,544.917,30.9835,159.403,3.62102
-1.36145,567.521,34.2674,174.118,3.8299
-2.82756,568.869,32.6935,167.828,3.65676
1.21528,560.367,36.8611,184.021,4.16661
1.44722,503.222,33.3559,166.261,4.19917
-3.88257,516.773,28.6538,148.189,3.53947
-3.03316,574.26,32.7743,168.486,3.63344
0.661099,564.192,36.4397,182.603,4.0904
0.811559,539.5,35.0187,175.303,4.11087
-1.01758,513.528,31.3664,158.999,3.87234
-4.71721,514.884,27.7456,144.347,3.4507
0.619076,540.128,34.8371,174.622,4.08471
-0.453743,592.304,36.8654,186.15,3.94352
0.14683,572.779,36.3693,182.891,4.0216
-3.90052,542.571,30.0658,155.511,3.53753
1.96872,555.005,37.4242,185.885,4.27386
-4.20044,501.19,27.4898,142.491,3.50526
-1.93854,587.669,34.8028,177.549,3.76027
-2.68326,583.873,33.7201,172.923,3.67326
-1.32226,566.582,34.2557,174.012,3.8347
0.471375,513.172,32.937,165.264,4.0648
-0.39254,591.758,36.9066,186.28,3.95137
-4.83818,520.628,27.9389,145.479,3.43811
-0.770265,547.058,33.6917,170.495,3.90331
-3.69448,553.118,30.8662,159.419,3.55996
-4.02564,524.717,28.9526,149.886,3.52401
-4.57369,530.315,28.7181,149.254,3.46572
1.9256,516.958,34.8094,172.947,4.26761
-1.4631,524.066,31.5359,160.352,3.81749
-3.2531,517.291,29.3035,150.876,3.60875
-4.57036,595.504,32.252,167.616,3.46607
0.700251,516.659,33.413,167.391,4.09571
-1.32852,598.538,36.1801,183.795,3.83393
-2.06513,546.416,32.2221,164.528,3.74526
-2.96817,529.496,30.2861,155.624,3.64078
-4.78467,542.566,29.1698,151.829,3.44367
-2.06595,579.047,34.1454,174.35,3.74516
-2.90949,578.545,33.1575,170.308,3.64744
-0.947405,500.351,30.6333,155.208,3.88109
-3.85401,520.53,28.8902,149.382,3.54257
-2.42224,571.721,33.3108,170.512,3.7034
1.8022,510.421,34.2303,170.211,4.24979
-1.38689,565.921,34.1416,173.51,3.82679
-4.7078,507.329,27.3473,142.266,3.45168
-1.09117,534.659,32.5767,165.219,3.86319
-0.498079,578.058,35.9256,181.46,3.93785
-3.23184,579.265,32.8379,169.049,3.61112
-0.860548,502.571,30.8586,156.256,3.89196
-1.32357,588.799,35.5973,180.829,3.83454
-2.13638,586.153,34.4826,176.158,3.73685
-3.92811,524.35,29.0288,150.177,3.53454
1.54753,581.245,38.6551,192.544,4.21338
-1.15334,561.888,34.1646,173.346,3.8555
-4.42579,535.615,29.1524,151.351,3.48131
-4.57939,534.637,28.9465,150.447,3.46512
1.9113,535.122,36.0156,178.957,4.26554
-2.5979,511.284,29.6133,151.771,3.68307
0.58529,585.555,37.7248,189.14,4.08014
-3.1608,586.407,33.323,171.461,3.61908
1.56222,547.076,36.4002,181.295,4.21546
-3.35487,500.968,28.2809,145.716,3.59741
0.237696,515.953,32.86,165.141,4.03362
-4.50732,589.781,32.0111,166.289,3.4727
1.51473,591.844,39.3175,195.887,4.20872
-3.01105,534.879,30.5497,157.025,3.63594
-2.23637,509.24,29.8571,152.634,3.7251
-3.23705,511.509,28.9917,149.255,3.61054
-0.708584,551.022,34.0058,172.012,3.9111
-3.00137,595.973,34.0502,175.006,3.63703
1.83163,503.561,33.8029,168.053,4.25403
-0.237967,523.755,32.8339,165.548,3.9713
0.6572,539.4,34.834,174.561,4.08987
0.503716,551.261,35.4196,177.682,4.06915
-3.35622,578.884,32.6779,168.373,3.59726
-4.01977,532.556,29.391,152.15,3.52464
-0.978873,567.649,34.717,175.937,3.87716
-3.41577,518.457,29.2077,150.556,3.59065
0.12051,580.348,36.8177,185.179,4.01813
-2.60427,576.057,33.3577,170.97,3.68234
-4.62887,542.494,29.3221,152.453,3.45993
0.604356,532.604,34.335,172.123,4.08271
0.217154,557.821,35.5023,178.445,4.0309
-1.0126,511.02,31.2184,158.244,3.87296
-1.24449,581.014,35.2199,178.813,3.84425
-3.13218,500.222,28.4531,146.373,3.62229
1.10607,560.468,36.7352,183.529,4.15142
0.168709,500.165,31.7817,159.797,4.02449
0.187556,521.576,33.1629,166.72,4.02698
-4.46814,578.759,31.455,163.355,3.47683
-1.1419,528.25,32.1316,163.018,3.85691
-4.74627,594.888,32.0249,166.645,3.44767
-1.57759,588.063,35.2513,179.386,3.80359
-0.664573,507.283,31.3525,158.542,3.91667
-3.80589,511.17,28.4173,146.886,3.5478
-3.36849,529.919,29.9014,154.081,3.59589
-3.6463,526.977,29.4557,152.082,3.56524
-3.14665,591.479,33.6273,173.009,3.62066
-2.40732,599.844,34.967,178.971,3.70514
-2.61123,528.969,30.6238,156.965,3.68154
-4.03616,566.518,31.2478,161.781,3.52288
-3.02362,577.184,32.9519,169.387,3.63452
0.236316,579.592,36.9113,185.503,4.03344
0.356886,567.737,36.3012,182.287,4.04948
-0.863971,586.253,35.9928,182.258,3.89153
-1.55982,529.641,31.7681,161.641,3.80574
-1.55348,537.966,32.2743,164.21,3.80651
-2.27188,591.709,34.6507,177.185,3.72094
-4.23785,578.02,31.6633,164.167,3.50126
-3.11226,535.385,30.4738,156.747,3.62453
1.0221,570.575,37.2942,186.428,4.13979
-0.681591,578.052,35.706,180.579,3.91451
0.838231,527.392,34.263,171.489,4.11452
-4.62021,507.102,27.4173,142.54,3.46084
-1.12011,577.473,35.1513,178.312,3.85961
1.89138,563.987,37.9334,188.512,4.26265
-0.917593,544.898,33.3939,169.16,3.88481
-2.51094,592.068,34.3931,176.161,3.69312
-2.86305,533.93,30.6487,157.371,3.65271
-4.939,534.713,28.5956,149.005,3.42767
1.47417,573.678,38.0598,189.673,4.20298
-1.08176,571.132,34.81,176.534,3.86436
-3.78473,584.057,32.4927,167.926,3.55011
0.834781,548.281,35.6161,178.265,4.11404
-3.903,562.419,31.163,161.189,3.53726
-2.67972,517.732,29.9039,153.349,3.67366
-1.93079,555.654,32.9154,167.911,3.76119
0.754632,544.028,35.2462,176.51,4.1031
-1.45907,580.463,34.9343,177.627,3.81798
-2.60733,532.134,30.8111,157.921,3.68199
-2.70661,580.71,33.511,171.878,3.67058
0.00692293,582.888,36.8396,185.433,4.0032
-4.49235,508.189,27.5967,143.342,3.47428
1.0987,579.787,37.9922,189.818,4.15039
-4.63894,580.264,31.3528,163.022,3.45888
1.74344,510.381,34.1616,169.937,4.24134
1.19534,505.666,33.241,165.971,4.16383
-0.0255837,554.567,35.0119,176.272,3.99894
-2.36179,574.909,33.565,171.741,3.71044
-4.96274,502.562,26.8543,139.955,3.42522
-3.34142,552.848,31.2239,160.864,3.5989
1.50039,585.919,38.9055,193.853,4.20669
-3.74405,556.359,30.9947,160.139,3.55454
-2.53268,544.054,31.5808,161.781,3.6906
1.10698,504.238,33.0507,165.12,4.15154
-4.62951,528.218,28.5499,148.438,3.45986
-4.10082,554.653,30.5259,158.116,3.51593
-0.494736,547.029,34.001,171.735,3.93828
-3.77547,555.535,30.9157,159.766,3.55112
1.18505,589.297,38.7255,193.369,4.1624
0.725007,526.332,34.0664,170.636,4.09907
-4.21692,585.694,32.1067,166.441,3.5035
-4.67381,505.786,27.296,141.964,3.45523
0.590142,557.15,35.9005,179.988,4.08079
-4.03468,564.545,31.1406,161.224,3.52304
-4.09197,591.728,32.5762,168.725,3.51688
-2.75609,516.089,29.7321,152.549,3.66492
-2.9362,562.878,32.2305,165.577,3.64441
-3.45192,578.49,32.5497,167.826,3.58664
-3.03428,594.079,33.9042,174.296,3.63331
1.45698,593.709,39.3665,196.208,4.20055
1.65074,505.814,33.753,168.009,4.22807
-2.19127,542.451,31.8527,162.785,3.73039
-1.08086,511.416,31.1713,158.079,3.86447
-4.66193,518.606,27.9992,145.609,3.45647
0.802637,505.06,32.7736,164.074,4.10965
0.173189,573.969,36.4768,183.398,4.02508
-4.58056,580.835,31.4465,163.441,3.465
-0.655462,520.271,32.165,162.641,3.91782
0.841076,543.887,35.3379,176.866,4.11491
-1.28326,599.25,36.2782,184.236,3.83948
-3.09592,550.944,31.3767,161.373,3.62637
-1.83369,507.76,30.1767,153.836,3.77278
0.116006,533.282,33.8268,170.141,4.01754
-3.35658,553.01,31.217,160.846,3.59722
-0.433667,507.091,31.5828,159.454,3.94609
0.775798,554.2,35.9304,179.911,4.10599
1.07988,574.995,37.6548,188.156,4.14779
-4.9948,567.121,30.2706,157.797,3.42192
-0.145782,592.692,37.2696,187.794,3.98326
1.62785,550.91,36.7346,182.879,4.22481
-1.22532,537.633,32.6111,165.547,3.84661
-4.40343,581.394,31.6683,164.387,3.48367
0.345647,509.17,32.5443,163.434,4.04798
0.869257,535.466,34.8232,174.256,4.11876
1.50218,504.521,33.5026,166.931,4.20695
-3.02185,548.931,31.3407,161.103,3.63472
-1.18043,565.429,34.3488,174.313,3.85215
-3.94429,536.292,29.6735,153.53,3.53279
-2.03499,523.421,30.8975,157.732,3.74882
-0.712671,555.987,34.3075,173.543,3.91058
-1.27818,521.828,31.5965,160.454,3.84011
-0.920003,518.354,31.7646,160.909,3.88451
-2.37276,560.114,32.6891,167.272,3.70916
-2.425,571.252,33.2804,170.36,3.70308
-4.42264,533.029,29.0148,150.633,3.48164
-4.318,555.565,30.35,157.448,3.49273
-1.77003,593.293,35.3356,180.056,3.7804
-1.44776,576.473,34.7074,176.459,3.81936
-1.1218,522.488,31.8026,161.326,3.8594
-0.166203,507.631,31.8992,160.756,3.98061
-4.95446,545.36,29.1495,151.908,3.42608
-1.00121,559.133,34.1706,173.194,3.87438
-1.3503,531.552,32.1076,163.131,3.83126
-4.28143,582.831,31.8794,165.339,3.49662
-3.94072,552.712,30.5858,158.246,3.53318
-4.55612,573.325,31.0659,161.435,3.46757
1.85378,503.548,33.8266,168.146,4.25722
1.9768,538.718,36.3356,180.468,4.27504
0.616335,520.94,33.5964,168.407,4.08433
-1.73993,589.978,35.1737,179.193,3.78401
-0.467622,553.847,34.4559,174,3.94174
-2.79413,573.959,33.0235,169.482,3.66057
-1.90525,555.688,32.9457,168.036,3.76423
-3.0447,566.414,32.3139,166.132,3.63214
-4.56654,558.941,30.2757,157.341,3.46647
-4.03956,518.02,28.5695,147.918,3.52251
-1.12759,590.491,35.9348,182.295,3.85868
0.3388,540.444,34.5354,173.441,4.04707
-0.419654,557.296,34.7259,175.305,3.94789
0.535498,554.658,35.6754,178.926,4.07342
0.767403,555.216,35.9863,180.201,4.10484
-3.01188,570.306,32.5721,167.422,3.63584
0.567739,518.121,33.3609,167.281,4.07777
-1.37025,523.639,31.6085,160.618,3.82882
-0.0110917,578.264,36.5255,183.875,4.00084
1.1624,598.122,39.2761,196.148,4.15924
-3.04641,580.514,33.1164,170.26,3.63194
-1.69481,564.141,33.6844,171.552,3.78944
-2.68188,536.654,30.9946,158.944,3.67342
-4.35234,512.376,27.9577,145.073,3.48908
0.579644,561.299,36.1553,181.279,4.07938
0.816299,515.552,33.4695,167.543,4.11152
-2.06112,568.746,33.5435,171.271,3.74573
-3.00184,573.109,32.7434,168.29,3.63698
-2.68253,511.109,29.5185,151.376,3.67334
1.57439,588.646,39.1819,195.133,4.2172
1.51615,507.95,33.7458,168.126,4.20893
-0.400137,503.964,31.4231,158.611,3.95039
-1.58626,590.419,35.3822,180.063,3.80254
-0.468507,566.647,35.2511,178.017,3.94163
-4.22767,548.917,30.0796,155.945,3.50235
-2.64263,507.796,29.3668,150.555,3.67792
-4.75923,522.125,28.0953,146.21,3.44632
0.84006,588.468,38.2332,191.358,4.11477
-2.03566,530.204,31.2972,159.773,3.74874
-0.654544,597.118,36.917,186.668,3.91794
-0.254738,548.325,34.355,173.237,3.96913
-4.98621,589.878,31.4946,164.167,3.4228
-0.435827,542.073,33.7592,170.444,3.94582
-4.1946,591.987,32.4764,168.331,3.50588
-1.28072,596.525,36.1163,183.41,3.8398
-2.73509,599.831,34.581,177.402,3.66732
-3.26863,539.259,30.5318,157.218,3.60701
-1.30319,543.868,32.9034,167.12,3.83704
-1.58074,541.136,32.4348,165.057,3.80321
-2.8987,573.484,32.8795,168.867,3.64866
-1.80887,581.759,34.6034,176.372,3.77574
-3.41508,594.456,33.4899,172.629,3.59072
-1.00807,531.581,32.4794,164.63,3.87352
-1.38818,546.406,32.9629,167.521,3.82663
-4.62278,587.376,31.7547,165.093,3.46057
-2.35495,563.474,32.9049,168.355,3.71123
-2.18864,547.316,32.1411,164.256,3.7307
1.20891,537.956,35.3795,176.632,4.16572
0.334366,564.976,36.0977,181.292,4.04648
-3.66944,567.802,31.7127,163.762,3.5627
0.108603,508.892,32.2718,162.328,4.01656
-2.13004,582.565,34.2788,175.109,3.7376
-1.78518,552.853,32.9103,167.715,3.77858
-1.02374,516.998,31.5718,160.047,3.87157
-4.05737,502.568,27.7004,143.436,3.5206
-1.7761,550.846,32.8008,167.147,3.77967
-0.977091,577.431,35.3173,178.977,3.87738
-2.77024,516.367,29.7338,152.573,3.6633
-1.66731,543.065,32.4559,165.264,3.79275
-4.30709,561.117,30.6647,159.068,3.49389
-0.179747,527.449,33.1296,166.972,3.97885
1.50095,534.455,35.4889,176.829,4.20677
0.514445,568.268,36.5253,183.215,4.07059
0.563469,525.967,33.8613,169.796,4.07719
0.92868,544.263,35.4649,177.395,4.12692
0.0905473,590.391,37.4176,188.235,4.01418
1.07118,519.155,33.9883,169.845,4.14658
-2.70433,579.085,33.4197,171.408,3.67084
-2.87956,521.517,29.9195,153.644,3.65084
-4.79203,594.594,31.9588,166.355,3.4429
-2.65751,540.521,31.2436,160.194,3.67621
1.1792,527.228,34.64,172.975,4.16158
-1.15901,521.007,31.6729,160.71,3.8548
-3.04812,533.938,30.4576,156.593,3.63175
-3.73824,553.333,30.8322,159.293,3.55518
-0.408366,546.139,34.0435,171.847,3.94934
1.56588,583.88,38.8537,193.51,4.21599
-4.23256,556.46,30.4878,158.066,3.50183
-1.67483,510.395,30.4957,155.291,3.79184
-4.571,585.09,31.6873,164.682,3.466
-4.60195,556.86,30.1264,156.604,3.46275
-1.58731,557.749,33.4232,170.095,3.80241
1.43331,507.752,33.6408,167.697,4.19721
0.872473,547.616,35.6172,178.225,4.11921
-2.65671,504.994,29.1908,149.668,3.67631
-4.35632,536.767,29.2847,151.962,3.48866
1.75806,547.251,36.647,182.283,4.24344
-4.08371,547.832,30.1681,156.244,3.51776
-0.663053,563.409,34.823,176.09,3.91686
0.724648,583.334,37.7553,189.114,4.09902
1.45896,531.625,35.2522,175.699,4.20083
-4.40611,588.358,32.0447,166.344,3.48339
-3.44945,579.304,32.5982,168.073,3.58692
1.82189,582.209,39.0698,194.25,4.25262
-3.37441,541.993,30.5766,157.566,3.59524
-1.98619,520.41,30.7703,157.029,3.75461
-0.745203,531.587,32.7662,165.784,3.90647
-3.3209,523.247,29.5727,152.336,3.60119
-1.55902,568.736,34.1139,173.576,3.80584
-3.27684,525.742,29.7582,153.244,3.6061
-2.73538,525.277,30.2826,155.351,3.66729
-2.10285,594.322,35.0026,178.773,3.7408
-3.25541,538.811,30.5202,157.143,3.60849
-4.58104,505.06,27.3436,142.117,3.46495
1.88946,598.197,40.2319,199.937,4.26238
0.0561877,576.664,36.506,183.692,4.00966
1.95993,516.764,34.8355,173.037,4.27259
-0.495501,562.575,34.9664,176.612,3.93818
0.466348,509.187,32.6758,163.959,4.06413
-4.67494,578.452,31.2163,162.354,3.45511
-1.71435,574.201,34.2625,174.52,3.78709
0.22165,573.673,36.5166,183.538,4.0315
-3.75479,544.964,30.3488,156.813,3.55337
1.84772,553.713,37.1891,184.868,4.25635
0.984994,572.564,37.3784,186.896,4.13467
0.600605,516.939,33.3211,167.044,4.08221
-2.92441,572.439,32.791,168.443,3.64574
-3.86035,560.954,31.1271,160.955,3.54188
0.751862,523.8,33.9326,169.935,4.10273
1.879,581.619,39.1035,194.343,4.26086
0.584422,531.179,34.2206,171.573,4.08002
-0.440195,575.989,35.8661,181.087,3.94526
-3.76254,527.766,29.3833,151.833,3.55252
-3.89444,511.139,28.3299,146.526,3.53819
0.665867,536.244,34.6401,173.58,4.09104
-3.48345,596.033,33.5008,172.768,3.58316
-0.865454,574.79,35.2872,178.687,3.89135
-0.959825,586.167,35.8724,181.768,3.87954
-0.500821,511.632,31.7944,160.596,3.9375
-0.716587,552.885,34.1116,172.556,3.91009
0.625592,598.952,38.6394,193.673,4.08559
0.531823,517.389,33.2742,166.887,4.07293
-2.81709,557.401,32.0459,164.491,3.65795
-4.69858,556.698,30.018,156.149,3.45264
0.545392,588.981,37.8954,190.048,4.07476
-1.62537,524.098,31.3665,159.671,3.79781
1.28718,581.415,38.3363,191.293,4.17666
-1.14933,590.3,35.897,182.131,3.85599
1.67138,558.663,37.3049,185.664,4.23102
0.537119,558.745,35.9402,180.252,4.07364
-1.69763,574.217,34.2828,174.603,3.7891
-2.92223,552.483,31.6502,162.58,3.64599
-3.78361,539.875,30.0359,155.228,3.55023
-3.11833,569.853,32.429,166.811,3.62385
-4.15172,555.306,30.5087,158.084,3.51047
-0.279248,591.171,37.0093,186.653,3.96596
-4.53529,596.911,32.3671,168.172,3.46976
-0.810782,547.408,33.6676,170.421,3.89821
-2.32047,565.436,33.058,169.097,3.71526
-4.16223,577.143,31.6971,164.254,3.50934
-2.77803,555.093,31.9554,163.982,3.66241
-3.82809,591.649,32.8665,169.91,3.54539
0.530198,584.551,37.5915,188.543,4.07271
1.24224,513.618,33.816,168.788,4.17037
0.869619,551.376,35.8583,179.435,4.11881
-0.203808,524.856,32.9403,166.046,3.97573
-4.59618,534.693,28.9329,150.394,3.46336
-4.68848,560.421,30.2292,157.236,3.4537
-1.4575,572.293,34.4444,175.134,3.81817
-3.27571,544.58,30.8257,158.739,3.60622
1.60069,500.051,33.3135,165.878,4.22094
0.95474,594.089,38.7449,193.768,4.1305
1.50918,547.124,36.34,181.06,4.20794
-2.24785,564.657,33.0934,169.193,3.72375
-3.12828,510.007,29.0135,149.252,3.62273
-2.81284,521.304,29.9749,153.856,3.65843
-2.62471,517.453,29.9434,153.492,3.67999
-3.24271,535.327,30.3359,156.181,3.60991
-0.0974121,525.709,33.1108,166.783,3.98956
-4.9528,586.426,31.3463,163.354,3.42625
-2.41641,575.392,33.5313,171.634,3.70408
-2.46937,533.811,31.0526,159.005,3.69793
-0.879709,536.231,32.9043,166.637,3.88956
-0.454769,539.758,33.5937,169.631,3.94339
-0.396938,571.248,35.6222,179.802,3.9508
-0.422146,587.014,36.5746,184.642,3.94757
0.289402,504.678,32.1971,161.752,4.04049
1.59189,572.949,38.1589,190.016,4.21968
1.27944,578.772,38.1524,190.385,4.17558
-3.34513,568.777,32.1195,165.483,3.59849
-2.3417,592.851,34.636,177.195,3.71278
-4.46383,599.085,32.5645,169.111,3.47729
0.568845,535.507,34.4816,172.9,4.07792
-4.40318,594.363,32.375,168.055,3.4837
-4.90886,561.618,30.0656,156.631,3.43079
-2.70437,561.79,32.4216,166.288,3.67084
-3.24898,525.81,29.7902,153.378,3.60921
-4.76361,547.862,29.4758,153.399,3.44586
-0.597859,536.642,33.2408,168.014,3.92513
-4.23876,583.434,31.9589,165.701,3.50117
-1.64377,561.12,33.5615,170.866,3.79559
-4.8731,539.425,28.9129,150.588,3.43449
-3.43648,541.796,30.501,157.245,3.58835
-1.46059,568.094,34.1881,173.835,3.81779
-0.515815,564.802,35.081,177.215,3.93558
0.251082,532.542,33.9316,170.511,4.0354
-1.54036,573.802,34.4394,175.209,3.8081
-3.18449,507.408,28.8106,148.267,3.61642
-2.08374,532.823,31.4009,160.356,3.74306
-3.02262,568.622,32.4641,166.879,3.63463
1.54729,551.875,36.7015,182.814,4.21334
0.325069,525.858,33.588,168.699,4.04524
-3.36459,587.287,33.1429,170.779,3.59633
0.196326,545.071,34.6669,174.271,4.02814
1.19137,525.383,34.5326,172.425,4.16328
1.20668,529.81,34.8412,173.947,4.16541
-3.35068,576.402,32.544,167.676,3.59787
-3.13746,590.306,33.5712,172.709,3.6217
1.15203,582.611,38.2445,191.009,4.1578
-3.73103,577.218,32.1711,166.201,3.55596
-1.88175,518.092,30.741,156.766,3.76704
0.515079,509.062,32.7206,164.129,4.07068
0.33198,558.559,35.6849,179.222,4.04616
1.83881,569.454,38.2352,190.079,4.25506
0.261407,562.972,35.8827,180.303,4.03677
0.682077,549.698,35.5283,178.011,4.09324
-1.66691,598.361,35.7611,182.094,3.7928
-1.12813,594.02,36.1489,183.382,3.85861
-3.8098,558.041,31.0188,160.338,3.54738
-2.12411,574.129,33.7891,172.601,3.73829
1.69713,512.419,34.2459,170.41,4.23471
1.33342,517.099,34.1476,170.338,4.18315
1.96723,533.459,35.9696,178.661,4.27365
-2.02469,562.6,33.2217,169.585,3.75004
-4.31458,542.33,29.6305,153.711,3.49309
-1.64682,592.765,35.4506,180.487,3.79522
0.017749,512.837,32.424,163.195,4.00462
-1.50736,599.881,36.0445,183.333,3.81211
-0.325617,516.741,32.2999,162.953,3.95998
-4.66872,588.552,31.7682,165.217,3.45576
0.45291,514.975,33.0325,165.764,4.06233
-1.49629,517.889,31.1295,158.322,3.81345
-2.60847,522.512,30.2528,155.06,3.68186
-4.64999,538.826,29.1028,151.335,3.45772
1.94375,542.94,36.5807,181.726,4.27024
-0.277703,591.183,37.012,186.664,3.96616
-2.89356,520.285,29.8346,153.223,3.64925
-0.952328,501.793,30.7165,155.635,3.88047
1.61983,555.63,37.0395,184.407,4.22366
1.4834,527.793,35.0263,174.545,4.20429
-0.159048,544.428,34.2196,172.441,3.98154
0.266751,546.963,34.8686,175.2,4.03748
0.517318,570.548,36.6754,183.964,4.07098
-4.45478,546.229,29.7006,154.229,3.47824
-2.39783,541.995,31.6049,161.752,3.70624
-0.75838,532.533,32.8102,166.021,3.90481
-1.57508,533.358,31.9747,162.709,3.80389
-3.57778,555.055,31.0976,160.481,3.57276
-2.66538,567.027,32.767,168.014,3.67531
0.364562,555.167,35.5065,178.287,4.05051
0.246347,572.353,36.4625,183.235,4.03477
-2.46083,522.897,30.4265,155.79,3.69892
-3.76031,570.533,31.7668,164.146,3.55277
-2.87469,509.089,29.2113,150.002,3.65139
-4.94192,584.342,31.2465,162.822,3.42737
1.22566,528.686,34.789,173.665,4.16806
-1.75408,502.68,29.9549,152.621,3.78231
1.99355,540.914,36.5037,181.283,4.27747
-0.438663,526.952,32.8143,165.677,3.94545
-2.59922,557.333,32.279,165.435,3.68292
-0.464372,537.204,33.4241,168.786,3.94216
-4.0337,569.174,31.397,162.55,3.52314
-2.70887,593.765,34.2617,175.732,3.67032
1.85524,577.31,38.7836,192.784,4.25743
-0.944676,583.387,35.7203,180.979,3.88143
-1.33084,576.118,34.8222,176.9,3.83365
-0.379817,561.256,35.0191,176.737,3.953
-1.31091,501.631,30.3403,154.11,3.83609
-4.1621,516.208,28.3507,146.913,3.50936
-1.96261,535.167,31.6679,161.583,3.75741
-2.01648,532.856,31.474,160.654,3.75102
0.830388,523.811,34.0215,170.289,4.11344
-3.13252,521.642,29.6711,152.64,3.62225
1.8032,516.857,34.663,172.362,4.24993
0.902487,586.231,38.1665,190.943,4.12332
-4.73275,568.662,30.6273,159.357,3.44908
-1.25022,582.879,35.3262,179.36,3.84355
-3.68829,501.915,28.0148,144.685,3.56064
0.673042,516.695,33.3852,167.283,4.09201
-3.22943,597.521,33.8756,174.388,3.61139
-0.889801,562.912,34.5299,174.881,3.88829
-4.28448,516.181,28.2308,146.419,3.4963
-0.000216941,558.847,35.3119,177.752,4.00226
-4.52997,508.844,27.5967,143.38,3.47032
-2.5646,557.343,32.3173,165.591,3.68691
-1.67624,572.597,34.2106,174.21,3.79167
1.25682,550.866,36.2858,181.098,4.17241
1.84085,523.686,35.1645,174.811,4.25536
-1.0736,533.071,32.499,164.805,3.86537
1.89304,566.5,38.1046,189.361,4.26289
-4.98114,568.582,30.3629,158.262,3.42332
-1.6483,554.978,33.189,168.975,3.79504
1.64605,589.337,39.3204,195.728,4.2274
-1.98278,508.955,30.0964,153.586,3.75501
-2.88122,501.049,28.7436,147.607,3.65065
-4.8945,517.273,27.7053,144.32,3.43227
-2.90598,587.942,33.7001,173.09,3.64784
-1.31784,570.059,34.471,175.1,3.83524
-3.40036,510.767,28.7895,148.384,3.59236
-1.40437,523.288,31.5512,160.364,3.82465
-0.799737,540.535,33.2572,168.331,3.8996
-1.8334,512.05,30.432,155.137,3.77281
-2.03544,589.069,34.7721,177.512,3.74877
-3.67063,516.566,28.8499,148.98,3.56257
-0.298789,562.065,35.1643,177.372,3.96344
-0.428396,587.551,36.6005,184.78,3.94677
1.39649,570.642,37.7617,188.287,4.19202
-2.11726,514.09,30.2627,154.58,3.7391
1.4533,584.475,38.7495,193.138,4.20003
-2.40024,546.984,31.8932,163.23,3.70596
-2.89577,514.382,29.494,151.476,3.649
-0.519579,576.526,35.8047,180.876,3.9351
0.123043,577.068,36.6127,184.145,4.01846
-1.179,511.151,31.053,157.586,3.85233
-1.53561,554.59,33.2916,169.365,3.80868
-1.48341,528.227,31.7646,161.538,3.81502
-4.71471,571.413,30.7944,160.206,3.45096
-2.24613,532.91,31.2346,159.687,3.72395
-1.56335,530.917,31.8409,162.015,3.80531
1.26567,527.385,34.7492,173.419,4.17365
-3.98745,574.521,31.742,164.283,3.52813
-4.35399,504.485,27.5256,142.832,3.48891
-3.96133,597.205,33.0247,170.89,3.53095
0.203791,589.962,37.5313,188.66,4.02913
-0.280595,521.8,32.665,164.744,3.96579
-0.956218,588.513,36.0202,182.513,3.87999
-1.32959,516.562,31.2238,158.618,3.8338
-0.15341,566.439,35.6098,179.44,3.98227
-3.54771,530.961,29.7781,153.64,3.57607
0.42325,577.159,36.9849,185.636,4.05835
-4.20627,520.279,28.5311,147.894,3.50464
1.75459,555.382,37.1873,184.975,4.24294
-0.365686,561.326,35.04,176.826,3.95482
-0.11291,551.24,34.701,174.812,3.98754
-0.911881,544.274,33.362,168.992,3.88553
0.57022,535.724,34.4972,172.976,4.07811
1.25976,501.275,33.0224,164.808,4.17282
-2.85953,584.808,33.5733,172.383,3.65311
0.403471,516.014,33.045,165.883,4.0557
-0.931593,532.754,32.6344,165.329,3.88306
-2.30478,515.893,30.1774,154.346,3.71709
-1.62114,556.218,33.2936,169.475,3.79832
1.94335,506.134,34.1004,169.405,4.27018
-2.19985,542.268,31.8327,162.693,3.72938
-0.74791,595.78,36.7197,185.79,3.90613
-0.879196,547.415,33.5912,170.114,3.88962
-4.71523,558.626,30.1048,156.618,3.4509
-1.9003,529.925,31.4235,160.267,3.76482
-4.50385,555.496,30.1538,156.637,3.47307
0.501067,521.469,33.5025,168.067,4.06879
-2.41956,550.142,32.0565,164.088,3.70371
-4.34438,580.378,31.6769,164.362,3.48993
-3.38203,507.425,28.619,147.486,3.59439
1.48721,535.83,35.5641,177.22,4.20483
-2.88383,590.971,33.8991,174.086,3.65035
-2.79283,545.789,31.404,161.169,3.66072
-0.107921,520.656,32.7811,165.134,3.98819
-0.404061,552.259,34.4299,173.793,3.94989
1.88864,555.993,37.3925,185.827,4.26226
-4.12762,585.207,32.178,166.705,3.51305
-1.60739,559.841,33.5259,170.642,3.79998
0.736613,588.269,38.0898,190.774,4.10065
0.705882,544.438,35.216,176.418,4.09647
0.889368,597.65,38.8931,194.595,4.12152
0.892131,514.429,33.4804,167.51,4.1219
-3.17425,510.09,28.973,149.092,3.61757
0.114455,521.085,33.0514,166.243,4.01733
0.351626,561.042,35.8669,180.112,4.04878
1.73878,573.209,38.3611,190.833,4.24067
-0.340085,518.827,32.4146,163.548,3.95812
-2.83899,594.012,34.1254,175.192,3.65545
-3.96708,538.306,29.7618,154.012,3.53033
-0.659784,596.392,36.8657,186.415,3.91727
-4.37288,533.272,29.0775,150.905,3.48691
0.92991,559.015,36.4276,182.209,4.12709
-4.31153,578.126,31.5894,163.87,3.49342
1.21765,592.175,38.9565,194.479,4.16694
-3.51961,518.013,29.0798,150.007,3.57917
1.97275,565.543,38.1399,189.434,4.27445
0.684542,500.792,32.37,162.184,4.09357
-0.0947957,519.873,32.7461,164.943,3.9899
-3.59206,581.502,32.5635,168.063,3.57119
-2.8647,512.869,29.4381,151.156,3.65253
1.17375,509.079,33.4416,166.997,4.16082
1.07585,555.866,36.3973,181.878,4.14723
0.371532,570.805,36.5151,183.342,4.05144
-0.210548,513.826,32.2409,162.527,3.97485
-4.93432,518.031,27.7079,144.375,3.42816
-2.39765,574.662,33.51,171.502,3.70626
-1.22895,560.316,33.9829,172.515,3.84617
1.9804,576.852,38.9123,193.261,4.27556
0.0435669,518.721,32.8241,165.18,4.00801
-2.7463,542.82,31.2824,160.493,3.66604
-0.258968,522.284,32.7188,164.991,3.96858
-4.20116,544.243,29.8505,154.728,3.50518
0.5949,550.346,35.4677,177.813,4.08144
-4.85508,593.748,31.8444,165.834,3.43636
-3.6783,538.579,30.0715,155.296,3.56173
-1.37839,538.33,32.4864,165.088,3.82783
0.374424,544.307,34.8233,174.845,4.05182
0.993493,515.957,33.6924,168.455,4.13584
-0.152975,552.035,34.7048,174.879,3.98233
-2.27389,580.69,34.0032,173.876,3.7207
-3.58422,589.538,33.0224,170.422,3.57205
0.931009,590.138,38.4571,192.359,4.12724
-1.82609,592.338,35.2123,179.497,3.77368
1.74308,559.313,37.4364,186.228,4.24129
-3.72364,595.913,33.2214,171.618,3.55677
-4.82191,541.207,29.0595,151.296,3.4398
-1.58348,565.324,33.8814,172.422,3.80288
0.941406,518.503,33.8005,169.055,4.12867
-4.58203,589.045,31.8894,165.745,3.46484
0.107504,518.386,32.8726,165.351,4.01642
1.66585,599.152,40.0012,199.091,4.23023
-0.764081,511.953,31.5362,159.581,3.90409
1.4764,546.5,36.2594,180.698,4.2033
-1.25976,589.988,35.7456,181.501,3.84237
-1.56179,594.335,35.6461,181.376,3.8055
-3.13631,576.357,32.7791,168.633,3.62183
0.94947,588.491,38.3731,191.915,4.12978
-0.585681,576.547,35.7272,180.566,3.92668
0.0862647,530.105,33.592,168.995,4.01362
0.850708,563.186,36.6035,183.188,4.11622
0.808154,598.249,38.8277,194.375,4.11041
-2.56302,539.239,31.2692,160.219,3.6871
-3.66003,579.604,32.3822,167.208,3.56373
-2.65593,589.334,34.067,174.668,3.6764
-2.63856,562.443,32.5316,166.776,3.67839
-3.49787,540.825,30.3829,156.704,3.58157
-2.21341,595.744,34.9559,178.672,3.72779
-2.44472,596.548,34.731,177.809,3.70079
1.58434,588.221,39.1664,195.043,4.21861
-4.09643,520.542,28.6529,148.409,3.5164
-0.544319,543.501,33.7259,170.403,3.93195
1.04535,592.514,38.7579,193.714,4.14301
-1.53105,500.066,30.0231,152.732,3.80923
-3.79021,505.17,28.0988,145.224,3.54951
-2.09461,582.779,34.3324,175.339,3.74177
1.38442,569.232,37.6535,187.762,4.19032
-2.30974,525.797,30.7517,157.288,3.71651
-1.22835,533.792,32.3749,164.351,3.84624
-2.63699,567.55,32.8287,168.297,3.67857
-0.0266569,572.45,36.1396,181.952,3.9988
0.923501,594.05,38.7024,193.596,4.12621
1.55344,548.481,36.4832,181.719,4.21422
0.931959,522.955,34.0801,170.465,4.12737
0.903953,527.55,34.3477,171.836,4.12352
0.115838,502.087,31.8479,160.188,4.01751
1.95383,550.358,37.0927,184.257,4.2717
-3.91985,597.695,33.0986,171.222,3.53543
-3.20136,550.924,31.2636,160.91,3.61453
0.877652,557.986,36.2978,181.625,4.11992
-0.991237,572.327,34.9886,177.328,3.87562
1.49299,565.336,37.5297,187.007,4.20564
1.2308,585.075,38.5061,192.213,4.16878
-1.41361,599.864,36.157,183.786,3.82352
1.56287,562.52,37.4287,186.416,4.21556
-3.85158,520.579,28.8954,149.406,3.54284
0.596299,508.204,32.7533,164.203,4.08163
-4.50663,541.429,29.3874,152.659,3.47277
-2.19014,537.909,31.5872,161.427,3.73052
-2.38608,524.925,30.6217,156.707,3.70761
-1.26854,573.415,34.7312,176.362,3.84129
-3.61012,526.687,29.4758,152.147,3.56921
1.07619,563.072,36.8695,184.237,4.14727
-1.57836,509.558,30.5445,155.435,3.8035
1.18221,519.768,34.1532,170.541,4.162
-2.08523,506.461,29.8458,152.416,3.74288
-3.94164,590.883,32.697,169.171,3.53308
-1.89214,536.879,31.8446,162.405,3.7658
1.77236,591.722,39.6437,197.169,4.2455
1.33069,597.774,39.4716,196.9,4.18276
-2.02425,503.315,29.7214,151.716,3.75009
-4.43981,570.688,31.0465,161.201,3.47982
1.01368,522.44,34.1385,170.662,4.13863
-1.31919,592.865,35.8485,182.099,3.83507
-0.100956,526.258,33.1415,166.942,3.9891
-2.07924,520.368,30.6715,156.626,3.74359
-4.6872,598.638,32.2921,167.964,3.45383
-3.81952,531.066,29.5096,152.547,3.54632
1.02407,516.812,33.7823,168.87,4.14006
1.65966,542.345,36.2013,180.185,4.22935
-0.485225,525.028,32.6438,164.869,3.93949
-1.5788,534.905,32.0634,163.165,3.80344
-1.79419,564.339,33.5838,171.158,3.7775
0.506593,530.175,34.068,170.898,4.06953
-3.92001,540.472,29.9296,154.828,3.53542
-1.24322,519.838,31.5128,159.991,3.84441
-0.231343,588.109,36.8764,185.921,3.97216
1.94014,575.254,38.7533,192.523,4.26971
1.23737,533.152,35.0964,175.185,4.16969
-1.74517,523.403,31.1991,158.951,3.78338
-0.966148,576.924,35.2993,178.872,3.87875
-1.38845,501.687,30.2649,153.81,3.8266
-4.23192,557.601,30.551,158.393,3.5019
0.076086,509.131,32.2521,162.265,4.01228
-4.39701,572.385,31.1844,161.867,3.48435
0.153341,595.381,37.8126,190.14,4.02246
-0.88047,513.465,31.5066,159.559,3.88946
-3.2487,534.096,30.2599,155.796,3.60924
-0.340988,518.361,32.3845,163.397,3.958
-2.03709,567.564,33.5009,171.024,3.74857
-1.62498,545.625,32.6553,166.231,3.79786
-2.94775,569.068,32.5722,167.346,3.6431
-2.84272,522.053,29.9876,153.954,3.65503
0.856919,557.555,36.2449,181.386,4.11707
-1.95959,559.111,33.0881,168.826,3.75777
-2.03429,524.484,30.961,158.055,3.74891
-0.574612,587.329,36.4088,183.997,3.92809
0.331809,544.735,34.8015,174.786,4.04614
-0.182676,554.461,34.8229,175.51,3.97847
-4.74935,577.716,31.0971,161.82,3.44735
-3.76569,557.858,31.0553,160.476,3.55218
-0.6005,514.386,31.8595,161.035,3.9248
1.47341,522.844,34.6865,172.863,4.20287
-4.63681,586.052,31.6679,164.658,3.4591
-2.48054,562.545,32.7117,167.514,3.69664
-4.40429,555.962,30.2821,157.192,3.48358
-4.71671,502.759,27.0927,140.95,3.45075
-4.67267,563.581,30.4162,158.191,3.45535
-0.847283,510.142,31.3374,158.666,3.89363
-3.32828,545.781,30.8385,158.864,3.60036
1.24603,532.701,35.0767,175.077,4.1709
-2.06961,567.835,33.4801,170.957,3.74473
-0.111937,590.569,37.178,187.289,3.98767
1.7108,553.238,36.9905,184.05,4.23666
-0.515362,571.924,35.5239,179.452,3.93564
-0.860197,503.469,30.9142,156.537,3.89201
-2.78996,510.105,29.3537,150.644,3.66105
-3.50089,571.222,32.0872,165.498,3.58123
-4.43395,560.864,30.5182,158.451,3.48044
0.307047,549.508,35.0776,176.202,4.04284
1.03782,568.413,37.1722,185.798,4.14196
-3.88113,513.01,28.4465,147.116,3.53963
-4.71436,550.951,29.6921,154.47,3.45099
-0.99975,531.539,32.4858,164.654,3.87456
-4.04172,545.322,30.073,155.705,3.52228
0.866125,589.253,38.3172,191.744,4.11834
-1.76372,592.918,35.3207,179.972,3.78116
-4.12228,566.633,31.1624,161.437,3.51362
-4.69915,519.452,28.0091,145.699,3.45258
-3.01058,550.652,31.451,161.658,3.63599
1.08904,521.271,34.1469,170.617,4.14906
0.0571103,565.002,35.7688,179.981,4.00978
-0.582819,549.257,34.0394,172.033,3.92705
0.369337,537.015,34.351,172.479,4.05114
-0.856333,598.535,36.7562,186.113,3.89249
-3.92417,596.444,33.0244,170.843,3.53497
-4.42487,590.477,32.1394,166.858,3.4814
-2.94381,548.951,31.4249,161.447,3.64354
-1.71747,574.003,34.2471,174.446,3.78671
0.452514,579.657,37.181,186.583,4.06227
1.77478,516.474,34.605,172.107,4.24584
-4.5973,558.655,30.2284,157.129,3.46324
-4.20778,534.49,29.3089,151.928,3.50447
-0.605943,582.906,36.0968,182.46,3.92411
-1.0738,594.476,36.2424,183.788,3.86535
-1.71184,552.2,32.9525,167.845,3.78739
-3.86221,594.295,32.9751,170.513,3.54168
-4.67203,557.735,30.1013,156.552,3.45541
0.141583,554.529,35.2044,177.039,4.02091
-4.27651,545.716,29.8543,154.83,3.49714
0.899834,568.017,36.9775,184.998,4.12296
-2.71683,577.14,33.2934,170.775,3.66941
-4.86893,502.286,26.9262,140.236,3.43492
-2.84162,587.528,33.7498,173.268,3.65515
-4.69429,536.331,28.9241,150.453,3.45309
1.11836,568.941,37.3057,186.363,4.15312
-0.104068,576.047,36.2733,182.721,3.98869
-4.36391,505.102,27.5499,142.968,3.48786
0.765529,565.047,36.6212,183.382,4.10459
1.5486,503.477,33.4844,166.787,4.21353
-1.81635,532.092,31.6412,161.283,3.77485
-3.07443,544.88,31.054,159.689,3.62879
-2.22067,576.873,33.8404,172.979,3.72694
-1.65521,589.154,35.2247,179.348,3.79421
-4.38827,532.254,29.0067,150.554,3.48528
-0.0264232,570.811,36.0364,181.432,3.99883
-1.85363,591.189,35.1114,179.018,3.77039
-0.359739,536.66,33.5068,169.082,3.95559
-4.82724,586.78,31.5007,164.012,3.43924
-4.77052,578.705,31.1278,162.005,3.44514
-2.18373,500.936,29.4224,150.357,3.73128
-0.970495,500.079,30.593,155.028,3.87821
-0.797181,542.698,33.3931,169.016,3.89992
-3.97508,520.85,28.7889,148.985,3.52946
-0.975543,537.243,32.861,166.528,3.87758
0.735964,501.08,32.4437,162.496,4.10056
-3.84679,517.985,28.756,148.68,3.54336
-1.40301,589.632,35.5529,180.702,3.82482
1.12035,526.929,34.5532,172.611,4.1534
1.14506,571.025,37.4754,187.177,4.15683
1.56975,563.728,37.5175,186.85,4.21653
-0.209499,567.396,35.6034,179.477,3.97499
1.34168,544.569,35.9714,179.426,4.18431
-3.92764,585.323,32.4048,167.642,3.53459
-2.84865,502.276,28.8458,148.098,3.65435
-1.63791,527.082,31.5318,160.526,3.7963
0.585683,532.615,34.3145,172.042,4.08019
-1.98673,556.175,32.8843,167.818,3.75454
-1.54623,501.848,30.1148,153.214,3.80739
-2.90035,501.215,28.7345,147.58,3.64847
0.880034,591.81,38.5012,192.646,4.12024
-3.41101,591.388,33.3217,171.757,3.59118
0.29821,513.316,32.7577,164.559,4.04166
0.415144,596.886,38.2387,191.94,4.05727
-3.00589,505.603,28.8826,148.451,3.63652
-0.862351,577.335,35.4471,179.493,3.89174
-0.496416,540.273,33.5792,169.606,3.93806
0.42242,541.705,34.712,174.229,4.05824
-1.14329,535.101,32.5468,165.126,3.85674
-2.34687,590.106,34.4696,176.35,3.71217
0.154695,552.911,35.117,176.584,4.02264
-3.32434,516.317,29.1776,150.304,3.6008
-4.1012,517.925,28.5042,147.644,3.51589
1.73627,592.857,39.6727,197.362,4.24031
-3.67801,508.63,28.3995,146.662,3.56176
-3.00947,582.005,33.243,170.867,3.63611
1.66319,524.636,35.0232,174.318,4.22985
-3.23172,561.086,31.8075,163.744,3.61114
-0.668634,570.263,35.2401,178.206,3.91615
-4.33514,570.776,31.1627,161.683,3.49091
-1.93935,507.117,30.0315,153.209,3.76017
-0.259854,520.321,32.5949,164.367,3.96847
-1.62016,513.326,30.7272,156.41,3.79844
1.49211,567.249,37.6556,187.636,4.20552
-4.2186,553.535,30.342,157.295,3.50332
-2.80968,501.77,28.8548,148.104,3.65879
-4.37562,560.431,30.5555,158.579,3.48662
-3.81018,568.206,31.5835,163.257,3.54734
-0.00546043,510.912,32.2774,162.483,4.00158
-0.331041,534.33,33.3932,168.476,3.95928
-2.87567,533.98,30.6385,157.332,3.65128
-2.1106,589.918,34.7342,177.412,3.73989
0.508289,533.675,34.2949,172.034,4.06976
-3.48216,556.236,31.2653,161.238,3.5833
-3.69964,593.039,33.0882,170.901,3.55939
-0.403472,583.558,36.3819,183.645,3.94997
-3.30681,561.166,31.731,163.437,3.60275
1.47996,565.639,37.5337,187.044,4.2038
1.12167,548.22,35.9509,179.591,4.15358
-1.52702,562.716,33.7891,171.885,3.80972
1.67422,506.141,33.8009,168.221,4.23143
-4.55275,508.352,27.5485,143.154,3.46792
-1.32725,531.23,32.1129,163.133,3.83409
-2.37173,548.705,32.0244,163.869,3.70928
-0.415051,501.608,31.2607,157.807,3.94848
-0.57382,541.808,33.5878,169.74,3.92819
0.229129,576.907,36.7316,184.609,4.03249
-4.5366,581.419,31.5256,163.801,3.46962
-1.22628,554.123,33.6103,170.62,3.84649
-1.71296,541.077,32.2876,164.459,3.78725
-3.60954,527.865,29.5423,152.489,3.56927
-0.668369,512.59,31.6764,160.185,3.91619
-2.62105,546.652,31.637,162.169,3.68041
0.399292,533.486,34.1591,171.481,4.05515
-4.62376,528.326,28.5613,148.492,3.46047
-4.67222,571.762,30.8582,160.489,3.45539
0.644319,552.948,35.6937,178.885,4.08812
-4.72876,599.753,32.3062,168.087,3.44949
-4.78979,515.939,27.7333,144.358,3.44314
-4.53844,519.012,28.14,146.212,3.46942
-4.30781,557.116,30.4453,157.931,3.49381
-3.60599,535.452,29.9706,154.696,3.56966
1.88654,569.397,38.2913,190.297,4.26195
-4.82099,565.842,30.3832,158.186,3.43989
-4.96795,573.162,30.6213,159.594,3.42468
-3.41176,582.023,32.7932,169.033,3.59109
-1.73498,551.417,32.8802,167.503,3.78461
-0.806102,573.586,35.2832,178.593,3.8988
-3.5144,591.779,33.2267,171.392,3.57974
1.8928,562.815,37.8564,188.128,4.26286
0.776211,542.241,35.1555,176.03,4.10605
-3.78157,556.953,30.9882,160.147,3.55045
-4.25562,599.601,32.8256,170.215,3.49937
-3.35292,599.103,33.8231,174.27,3.59762
-1.3113,550.443,33.2921,169.104,3.83604
1.03466,535.874,35.0406,175.147,4.14153
-1.11101,588.274,35.8197,181.691,3.86074
-1.83203,533.553,31.7114,161.658,3.77297
-1.81197,543.439,32.3207,164.741,3.77537
-0.405138,589.958,36.7789,185.651,3.94975
1.21574,563.053,37.0383,184.906,4.16668
1.24257,541.653,35.6621,178.003,4.17042
-0.409228,566.178,35.2916,178.149,3.94923
1.19191,529.63,34.8124,173.821,4.16335
1.44217,546.637,36.2277,180.582,4.19846
-2.34124,578.642,33.8063,172.951,3.71283
1.1998,548.491,36.0615,180.048,4.16445
-3.405,547.909,30.8782,159.155,3.59184
-3.14217,534.931,30.417,156.488,3.62117
-2.0794,558.635,32.9269,168.144,3.74357
0.873658,567.145,36.8888,184.587,4.11937
-4.17272,541.417,29.7244,154.043,3.50822
1.09828,523.65,34.3132,171.437,4.15034
0.138611,501.454,31.8317,160.082,4.02052
0.498628,541,34.7545,174.351,4.06846
-1.56675,505.418,30.3081,154.22,3.8049
-4.23454,579.782,31.7634,164.682,3.50162
-4.08582,580.57,31.9686,165.571,3.51754
-4.53593,514.57,27.9016,144.971,3.46969
-1.59439,593.388,35.5504,180.929,3.80156
-0.18057,508.511,31.9392,160.973,3.97874
-3.22242,546.306,30.9794,159.471,3.61218
-4.28277,511.524,27.9777,145.105,3.49648
1.43387,511.644,33.8993,168.985,4.19729
-1.48578,589.675,35.457,180.318,3.81473
-1.06274,549.606,33.5193,169.966,3.86672
1.01141,586.564,38.3258,191.598,4.13832
0.35965,577.597,36.9351,185.466,4.04985
-0.153962,507.348,31.8944,160.718,3.9822
-1.09422,524.031,31.9259,161.921,3.86282
-4.32809,531.901,29.0472,150.7,3.49166
1.75137,555.374,37.1828,184.956,4.24248
-1.65022,549.961,32.8869,167.439,3.79481
-4.81567,590.683,31.7228,165.155,3.44045
1.02167,574.162,37.5281,187.597,4.13973
-2.80822,537.513,30.9117,158.66,3.65896
-4.20478,544.695,29.8716,154.841,3.50479
-3.65465,538.387,30.085,155.34,3.56432
0.655055,510.219,32.9472,165.109,4.08958
-1.63494,547.148,32.7355,166.65,3.79665
0.292156,530.637,33.8563,170.084,4.04086
-3.92584,558.843,30.9407,160.066,3.53479
-4.54313,529.152,28.6852,149.05,3.46893
-4.17866,570.854,31.3341,162.392,3.50759
1.1173,550.479,36.0939,180.311,4.15298
-2.71373,583.329,33.654,172.621,3.66976
-2.07603,590.069,34.7836,177.621,3.74397
0.771861,598.632,38.806,194.315,4.10545
-4.72563,584.417,31.4834,163.803,3.44982
-3.64676,526.643,29.4366,151.984,3.56518
-3.62319,535.626,29.9628,154.675,3.56777
-4.13541,510.783,28.0783,145.474,3.51222
-0.268307,566.619,35.4852,178.953,3.96738
0.795976,586.782,38.0682,190.589,4.10874
0.151963,552.239,35.0711,176.356,4.02228
-2.66148,565.269,32.6697,167.511,3.67576
-0.330025,593.621,37.1,187.175,3.95941
0.270809,517.776,33.0123,165.869,4.03802
-0.0890034,573.373,36.1229,181.945,3.99066
-0.658341,553.891,34.2402,173.137,3.91746
-0.405269,579.414,36.1214,182.332,3.94973
-2.48484,579.881,33.7149,172.656,3.69614
-3.40771,589.915,33.2424,171.344,3.59154
0.482705,552.958,35.5039,178.13,4.06632
-1.26016,599.793,36.3391,184.516,3.84232
-0.389806,557.959,34.8018,175.653,3.95172
-0.324556,564.737,35.3011,178.093,3.96012
0.158638,598.705,38.0304,191.229,4.02316
-0.550891,571.365,35.4471,179.108,3.93111
-2.57329,537.874,31.1793,159.77,3.68591
1.28402,505.086,33.3001,166.166,4.17622
-0.0422397,527.655,33.2944,167.645,3.99676
-4.8027,565.17,30.3662,158.077,3.44179
-1.54702,591.766,35.5097,180.663,3.80729
1.04588,531.228,34.7497,173.68,4.14308
1.67545,597.159,39.8808,198.478,4.2316
0.922103,587.647,38.2835,191.503,4.12602
-2.84349,559.235,32.1226,164.916,3.65494
0.931414,538.964,35.1228,175.681,4.1273
0.110916,575.062,36.4708,183.446,4.01686
-2.69475,566.595,32.7095,167.754,3.67194
1.08546,501.668,32.8589,164.186,4.14856
0.842424,591.452,38.4301,192.34,4.11509
-4.65313,525.102,28.3585,147.468,3.45739
0.793916,528.784,34.3032,171.742,4.10846
-3.35837,520.056,29.355,151.254,3.59702
-0.949978,500.588,30.6452,155.271,3.88077
1.97551,527.589,35.5835,176.734,4.27485
-4.91194,593.641,31.7765,165.548,3.43047
-1.49017,574.85,34.5604,175.764,3.8142
1.99094,542.875,36.6329,181.927,4.27709
-1.74988,506.528,30.1884,153.806,3.78282
-0.604578,528.488,32.7285,165.432,3.92428
-4.28873,549.577,30.0529,155.874,3.49584
-4.6195,582.649,31.5027,163.779,3.46091
-2.41916,554.033,32.2836,165.25,3.70376
-4.7109,532.322,28.6915,149.261,3.45135
0.0682464,559.197,35.4144,178.185,4.01125
-2.21122,508.434,29.8351,152.496,3.72805
0.314182,520.028,33.2037,166.781,4.04379
0.253075,558.904,35.6136,178.961,4.03567
-3.79223,558.612,31.0692,160.578,3.54929
-0.420659,519.643,32.3786,163.457,3.94776
-4.69014,587.472,31.6866,164.818,3.45352
-0.259459,532.974,33.3879,168.366,3.96852
-3.82468,570.233,31.6805,163.775,3.54576
-4.39215,594.35,32.3865,168.101,3.48487
-1.14043,581.602,35.3786,179.49,3.85709
-1.24586,533.97,32.3667,164.329,3.84408
-1.33789,506.177,30.5875,155.395,3.83278
-1.98383,593.544,35.0972,179.107,3.75489
-3.54789,508.795,28.5349,147.225,3.57605
-1.06185,538.819,32.8624,166.634,3.86683
0.281608,538.311,34.3339,172.497,4.03946
-0.0503563,520.616,32.8414,165.373,3.9957
-3.12208,559.326,31.8259,163.713,3.62342
-1.18923,504.205,30.6205,155.402,3.85106
-1.40817,519.574,31.3232,159.21,3.82419
0.229866,512.52,32.6329,164.008,4.03259
-1.21677,529.931,32.1531,163.212,3.84767
-3.31924,576.385,32.5778,167.813,3.60137
-3.38927,582.903,32.8679,169.391,3.59359
-2.09164,569.441,33.5499,171.34,3.74213
-3.03927,585.51,33.4095,171.758,3.63275
-2.80402,570.389,32.8071,168.383,3.65944
-1.66938,591.19,35.3296,179.9,3.7925
-3.59323,577.806,32.3552,166.99,3.57106
-1.04135,557.375,34.0175,172.466,3.86938
-4.10403,551.026,30.323,157.068,3.51558
-1.13287,504.808,30.715,155.822,3.85803
0.854753,553.108,35.9533,179.929,4.11678
-3.00648,562.9,32.155,165.271,3.63645
-2.2681,598.711,35.0653,179.299,3.72138
1.53545,504.235,33.5203,166.981,4.21166
-1.39387,585.391,35.308,179.446,3.82593
-2.82424,566.656,32.57,167.19,3.65713
1.28956,584.542,38.5456,192.334,4.17699
-1.46989,583.701,35.1165,178.567,3.81666
-0.561887,551.658,34.212,172.88,3.92971
-2.4058,501.434,29.2318,149.615,3.70531
1.29063,572.766,37.7704,188.465,4.17715
0.387084,541.157,34.6363,173.891,4.05351
-0.471068,591.624,36.8018,185.851,3.9413
1.55132,501.538,33.3584,166.157,4.21392
-4.87969,584.893,31.3429,163.252,3.43381
0.633815,570.631,36.8224,184.555,4.0867
-1.29139,595.967,36.0696,183.187,3.83849
-3.75456,567.438,31.6006,163.281,3.5534
-4.35165,524.088,28.5975,148.392,3.48916
0.0641496,543.326,34.4046,173.108,4.01071
-0.94295,524.793,32.1345,162.809,3.88164
-0.295679,570.476,35.6942,180.041,3.96384
1.58274,531.408,35.3816,176.197,4.21838
-1.14994,571.003,34.7228,176.174,3.85592
1.22162,530.124,34.879,174.119,4.1675
-2.8215,525.695,30.2185,155.116,3.65745
-4.06989,505.937,27.8742,144.349,3.51925
-0.861388,552.596,33.9293,171.806,3.89186
1.03578,520.121,34.0118,170.003,4.14168
-0.993528,518.222,31.6785,160.555,3.87533
-1.5737,510.888,30.629,155.86,3.80406
-4.3426,556.876,30.396,157.714,3.49012
-2.87433,563.744,32.3477,166.108,3.65143
-2.69019,562.111,32.4557,166.447,3.67246
1.98777,545.089,36.7786,182.654,4.27663
-4.96539,561.923,30.0235,156.475,3.42495
-0.174244,529.755,33.2805,167.726,3.97956
-2.9397,575.097,32.9262,169.156,3.64401
-1.84343,588.263,34.9496,178.18,3.77161
1.56531,570.603,37.9695,189.107,4.2159
-2.51745,565.624,32.8498,168.264,3.69236
-4.19219,553.775,30.3826,157.476,3.50614
1.24533,542.142,35.6976,178.177,4.17081
-4.04348,573.357,31.6172,163.702,3.52209
-1.45524,580.846,34.9618,177.763,3.81845
-2.54333,590.919,34.2889,175.667,3.68937
1.06989,548.114,35.8827,179.313,4.1464
0.555431,513.325,33.0386,165.679,4.07611
-3.00999,523.445,29.8977,153.673,3.63605
1.48933,502.826,33.3759,166.314,4.20513
-4.52928,591.502,32.0804,166.675,3.47039
-1.96636,594.355,35.1659,179.436,3.75696
-2.88712,547.094,31.3788,161.146,3.64998
-2.49776,525.631,30.5474,156.449,3.69464
0.962005,542.28,35.3745,176.903,4.1315
-0.910341,593.086,36.3559,184.155,3.88572
0.13324,543.062,34.4668,173.34,4.01981
0.845246,505.539,32.8509,164.413,4.11548
-0.554981,575.196,35.68,180.29,3.93059
-4.78689,577.405,31.0404,161.569,3.44344
-2.308,585.643,34.2538,175.199,3.71671
-2.67544,580.036,33.5074,171.823,3.67416
0.786068,532.957,34.5649,173.061,4.10739
-3.3304,560.089,31.6447,163.02,3.60013
1.79667,569.188,38.1645,189.781,4.24899
-2.70695,542.217,31.2893,160.484,3.67054
-2.85016,550.028,31.5866,162.171,3.65418
1.61792,505.87,33.7203,167.884,4.22339
-2.88208,544.121,31.2136,160.292,3.65055
0.52921,516.893,33.2394,166.716,4.07258
-0.897844,512.27,31.415,159.114,3.88729
-3.30382,553.753,31.315,161.291,3.60309
-0.731849,529.534,32.6542,165.202,3.90816
1.3923,583.418,38.6019,192.481,4.19143
1.12654,578.457,37.9399,189.521,4.15426
1.90121,563.804,37.9334,188.5,4.26408
-1.99624,538.255,31.8146,162.369,3.75342
-1.77493,521.122,31.0321,158.132,3.77981
-1.70705,568.256,33.9161,172.747,3.78796
-0.191218,587.07,36.8604,185.79,3.97736
0.357845,569.614,36.4224,182.894,4.04961
-0.229934,506.578,31.7656,160.153,3.97234
-1.80114,504.752,30.0308,153.058,3.77667
-2.99318,597.324,34.1368,175.441,3.63795
-3.54833,545.242,30.5784,157.769,3.576
0.721209,506.12,32.7541,164.067,4.09856
-2.96867,563.643,32.2388,165.658,3.64073
-4.87714,517.977,27.7595,144.584,3.43407
1.05654,504.592,33.0189,165.017,4.14455
1.57087,537.216,35.7544,178.068,4.2167
-4.75347,590.697,31.7914,165.438,3.44692
-1.73084,502.113,29.9445,152.543,3.7851
-0.102889,548.806,34.5593,174.086,3.98885
-0.705328,554.485,34.2232,173.107,3.91151
-4.10519,564.79,31.0792,160.987,3.51546
0.950569,580.003,37.821,189.153,4.12993
0.644582,517.046,33.3765,167.272,4.08816
-3.32478,534.476,30.2033,155.588,3.60075
-3.10339,508.595,28.9576,148.939,3.62553
-4.28072,590.507,32.3,167.519,3.4967
-0.661969,531.829,32.8724,166.225,3.917
1.56794,530.119,35.2787,175.702,4.21628
-0.464008,504.345,31.38,158.463,3.94221
-3.82549,549.652,30.5362,157.861,3.54567
-1.33456,558.103,33.7291,171.352,3.83319
-3.37684,595.948,33.6177,173.24,3.59497
-2.08052,571.9,33.7075,172.131,3.74344
-4.91965,542.93,29.0544,151.375,3.42967
-0.261234,507.887,31.8145,160.434,3.96829
-3.24028,560.6,31.7706,163.565,3.61018
-2.068,538.137,31.7309,162.023,3.74492
-0.144595,556.586,35.0006,176.359,3.98342
0.317791,560.091,35.7659,179.647,4.04427
-0.902315,557.56,34.1873,173.161,3.88673
-4.26194,532.024,29.1197,151.005,3.4987
-3.89704,590.064,32.7014,169.14,3.5379
-2.19438,567.217,33.3034,170.203,3.73002
-3.51013,556.204,31.2338,161.107,3.58021
-1.42227,599.747,36.1395,183.708,3.82247
-1.68056,505.954,30.2246,153.916,3.79115
1.87753,547.992,36.8409,183.1,4.26065
-3.55088,505.168,28.3286,146.164,3.57572
0.265029,595.04,37.9313,190.591,4.03725
0.147102,581.278,36.9093,185.606,4.02164
-0.0345304,532.644,33.6178,169.264,3.99777
-1.23405,550.065,33.3555,169.335,3.84554
1.94176,530.7,35.7537,177.619,4.26995
-1.07944,525.504,32.0315,162.44,3.86465
-1.56886,538.881,32.3125,164.421,3.80465
-2.09139,578.274,34.0706,173.999,3.74215
-0.269318,582.454,36.4756,183.949,3.96724
0.215784,546.592,34.7861,174.847,4.03072
-2.12383,574.07,33.786,172.584,3.73833
1.77956,547.26,36.6736,182.388,4.24653
1.62282,523.43,34.8964,173.734,4.22409
-4.30383,525.134,28.7015,148.881,3.49424
-4.41681,575.973,31.3587,162.795,3.48226
-2.86762,587.874,33.74,173.249,3.65219
1.48831,599.071,39.763,198.142,4.20498
-3.88639,524.818,29.0961,150.481,3.53906
-2.75245,520.566,29.9937,153.888,3.66533
-4.63982,509.423,27.5243,143.117,3.45878
-4.37857,595.252,32.4507,168.418,3.4863
-4.31659,528.752,28.8866,149.855,3.49288
-3.40439,569.339,32.0866,165.382,3.59191
0.0307596,598.045,37.8276,190.375,4.00632
-0.0763223,552.699,34.8351,175.444,3.99231
1.78834,581.445,38.9756,193.826,4.24779
-3.45211,544.915,30.6603,158.084,3.58662
-0.357491,565.413,35.3047,178.151,3.95587
-0.536336,525.469,32.6156,164.784,3.93297
-2.11985,533.033,31.3751,160.264,3.7388
0.763203,506.078,32.7969,164.234,4.10427
-1.66283,543.133,32.4648,165.304,3.79329
-2.67941,553.319,31.9597,163.891,3.6737
-1.32804,501.307,30.3032,153.94,3.83399
1.25717,586.29,38.6196,192.746,4.17246
0.227287,544.853,34.6886,174.343,4.03224
-1.07196,592.113,36.1006,183.066,3.86558
0.624078,505.052,32.5801,163.304,4.08538
1.23633,517.426,34.06,170.013,4.16955
-0.282107,554.283,34.6967,174.993,3.96559
1.28214,544.977,35.9278,179.281,4.17596
-4.52962,504.075,27.3384,142.038,3.47035
-0.585053,594.154,36.819,186.084,3.92676
0.837055,564.132,36.6485,183.43,4.11436
-2.92933,566.418,32.4407,166.649,3.64519
-4.95807,534.757,28.5792,148.94,3.4257
1.21422,561.397,36.9276,184.355,4.16646
-4.84117,523.642,28.0978,146.309,3.4378
-4.91069,517.989,27.7282,144.456,3.4306
-2.21974,545.676,32.0113,163.628,3.72705
-0.608607,579.122,35.8593,181.263,3.92377
-3.78119,522.973,29.098,150.378,3.55049
-4.07979,552.867,30.4495,157.697,3.51819
1.29033,521.509,34.39,171.598,4.1771
-0.992858,537.605,32.8641,166.563,3.87542
-0.0338164,544.861,34.3897,173.15,3.99786
-2.79213,505.154,29.0666,149.173,3.6608
-4.93998,508.906,27.2146,141.81,3.42757
-1.75609,521.534,31.0763,158.337,3.78207
0.721487,576.884,37.334,187.008,4.09859
-4.25911,577.965,31.6374,164.057,3.499
0.84973,584.953,38.017,190.263,4.11609
0.400306,595.61,38.1383,191.455,4.05528
-4.22234,568.341,31.1497,161.486,3.50292
-2.80212,554.534,31.8972,163.711,3.65966
-3.48535,590.732,33.2007,171.223,3.58295
-4.95037,570.908,30.5193,159.042,3.4265
-4.24002,532.147,29.1483,151.13,3.50103
0.685847,549.816,35.5403,178.066,4.09375
-2.19734,503.183,29.5408,150.977,3.72968
-2.29432,598.042,34.9951,178.974,3.71831
0.144262,513.703,32.6155,164.017,4.02126
-0.74546,589.443,36.3321,183.826,3.90644
-1.55844,509.267,30.5475,155.429,3.80591
-3.6236,599.342,33.5265,173.072,3.56773
1.15347,574.368,37.7052,188.314,4.158
-4.22106,523.266,28.6805,148.684,3.50306
-3.50132,502.417,28.2218,145.562,3.58118
-4.48289,541.826,29.4329,152.869,3.47528
-2.38864,514.186,29.9926,153.491,3.70731
1.32922,585.904,38.6859,192.982,4.18256
-4.88681,551.096,29.5246,153.789,3.43307
-2.51848,564.671,32.7933,167.976,3.69224
-3.91647,506.651,28.0601,145.154,3.5358
-3.68746,585.817,32.6988,168.875,3.56073
0.57806,513.452,33.0716,165.819,4.07916
0.759027,593.134,38.4333,192.465,4.1037
0.0718189,596.266,37.7665,190.014,4.01172
0.42397,588.111,37.6876,189.162,4.05845
-3.31837,537.79,30.3972,156.58,3.60147
0.088202,569.791,36.1092,181.656,4.01387
-4.11963,572.965,31.5135,163.253,3.51391
-4.26582,507.202,27.7575,143.945,3.49828
-1.63328,583.669,34.9225,177.782,3.79686
0.152363,594.042,37.7264,189.708,4.02233
0.211497,562.795,35.8121,180.009,4.03015
-3.49986,565.507,31.7673,163.847,3.58135
-4.69332,530.151,28.5917,148.724,3.45319
-3.78915,574.491,31.9557,165.156,3.54963
-3.39558,588.389,33.1701,170.957,3.59289
1.53703,518.753,34.4872,171.796,4.21189
-4.99346,555.598,29.6569,154.596,3.42205
-3.0305,561.95,32.0746,164.886,3.63374
-0.429152,513.002,31.9557,161.332,3.94667
1.11026,561.151,36.7851,183.773,4.152
-2.83663,524.425,30.13,154.679,3.65572
-0.145204,588.25,36.991,186.389,3.98334
0.435431,521.46,33.4291,167.774,4.05998
-3.69693,577.846,32.2434,166.535,3.55969
1.31867,525.602,34.6923,173.073,4.18108
-0.490222,543.012,33.7564,170.494,3.93885
-1.16878,574.341,34.9038,177.116,3.85359
-2.03783,570.917,33.698,172.031,3.74849
-1.32024,532.172,32.1775,163.452,3.83495
0.458417,512.283,32.8659,164.922,4.06306
-0.450157,505.746,31.4817,158.961,3.94398
-3.48815,518.615,29.1448,150.308,3.58264
1.4147,546.194,36.1656,180.306,4.19458
-0.0733278,557.853,35.1635,177.094,3.9927
-3.8605,585.301,32.4779,167.94,3.54187
-0.0898567,585.774,36.9032,185.876,3.99054
1.81841,563.972,37.8417,188.149,4.25212
-0.257771,541.151,33.9021,170.957,3.96874
0.0260203,569.785,36.0344,181.356,4.0057
1.85237,557.716,37.4637,186.227,4.25702
1.77103,549.825,36.8351,183.203,4.2453
1.29356,531.951,35.0822,175.048,4.17756
-4.14131,578.552,31.7972,164.748,3.51158
-0.586556,538.5,33.3686,168.647,3.92657
-0.0476948,568.63,35.8734,180.637,3.99605
-1.56581,546.221,32.756,166.675,3.80502
0.876443,503.107,32.7266,163.756,4.11975
-0.460738,585.284,36.42,183.91,3.94262
0.191701,500.404,31.8211,159.97,4.02753
1.75817,594.536,39.8136,198.034,4.24346
-0.277901,585.487,36.6551,184.865,3.96614
-1.19463,524.455,31.8445,161.621,3.8504
-3.35234,595.112,33.5984,173.111,3.59769
0.059625,583.074,36.916,185.751,4.01012
-1.69094,516.834,30.8638,157.183,3.7899
-1.49952,597.403,35.9051,182.614,3.81306
-0.401689,571.688,35.644,179.918,3.95019
-4.1583,581.726,31.9531,165.576,3.50977
0.401963,550.632,35.2601,177.004,4.0555
1.88739,528.204,35.5221,176.533,4.26208
-2.33882,537.075,31.3804,160.537,3.71311
-3.46952,594.025,33.4038,172.251,3.5847
-4.74161,514.799,27.7178,144.228,3.44815
1.08436,585.56,38.3524,191.636,4.14841
-4.13624,583.094,32.0524,166.064,3.51213
-4.59511,509.57,27.5745,143.332,3.46347
-4.62841,587.02,31.7293,164.968,3.45998
-2.49832,567.962,33.0069,169.046,3.69458
0.783489,515.657,33.4401,167.432,4.10704
1.71589,591.462,39.5528,196.792,4.23739
-3.02411,511.837,29.2206,150.208,3.63446
-3.39448,561.501,31.6555,163.149,3.59301
0.511873,538.194,34.5894,173.507,4.07025
-2.62899,592.201,34.2639,175.645,3.67949
0.076645,594.426,37.656,189.452,4.01235
1.70484,542.194,36.245,180.348,4.23581
-4.30835,559.644,30.5829,158.645,3.49376
-0.542195,554.863,34.4334,173.975,3.93222
-2.60421,575.613,33.332,170.838,3.68235
-2.02279,584.976,34.5452,176.338,3.75027
-3.98872,520.73,28.7688,148.896,3.52799
1.35152,563.223,37.2157,185.62,4.18569
1.50827,539.332,35.8214,178.477,4.20781
-0.612758,534.139,33.0694,167.165,3.92324
1.02818,571.464,37.3598,186.748,4.14063
-2.3101,526.478,30.7911,157.49,3.71647
0.818913,588.385,38.2011,191.225,4.11188
-3.29335,545.503,30.8594,158.933,3.60426
-3.1832,596.793,33.8874,174.392,3.61657
0.88823,562.982,36.6356,183.302,4.12137
-4.79578,527.535,28.3508,147.578,3.44251
-2.73651,546.003,31.4763,161.476,3.66716
-2.13073,552.916,32.5335,166.194,3.73751
0.103119,599.547,38.0138,191.217,4.01584
-1.59395,541.243,32.4268,165.032,3.80161
-4.40449,572.62,31.1892,161.901,3.48356
-1.953,586.585,34.7217,177.153,3.75855
-0.366932,542.373,33.8554,170.849,3.95466
-2.94978,515.161,29.4846,151.486,3.64287
-1.62329,563.239,33.7114,171.605,3.79806
-4.7232,561.356,30.2437,157.35,3.45007
-1.82327,501.955,29.8421,152.12,3.77402
-3.46704,579.487,32.589,168.046,3.58497
-4.3548,531.092,28.9765,150.362,3.48882
-4.73616,531.716,28.634,148.989,3.44872
-1.39043,582.997,35.1677,178.729,3.82635
-4.60072,503.947,27.2649,141.728,3.46288
-4.01627,594.66,32.8223,169.909,3.52502
1.37584,542.13,35.8506,178.782,4.18911
-0.731194,508.276,31.344,158.572,3.90824
-3.19978,551.872,31.3191,161.194,3.61471
1.0319,556.397,36.3793,181.842,4.14115
-1.86229,509.543,30.2535,154.259,3.76936
-0.832641,576.468,35.4291,179.364,3.89546
0.161262,574.73,36.5107,183.584,4.02351
-4.78485,586.765,31.5458,164.197,3.44365
1.41233,524.473,34.7247,173.125,4.19425
-1.43711,537.878,32.3953,164.692,3.82066
-0.26404,563.499,35.2948,177.987,3.96793
0.0629389,523.722,33.1619,166.857,4.01055
-4.10341,533.18,29.3415,151.984,3.51565
-2.91714,509.864,29.2137,150.059,3.64657
-2.41747,542.214,31.5967,161.732,3.70395
-4.66967,566.168,30.5589,158.929,3.45566
0.891003,530.773,34.5428,172.827,4.12175
0.365405,594.084,37.9965,190.789,4.05062
-3.88735,597.31,33.114,171.262,3.53896
-2.50733,551.822,32.0591,164.203,3.69353
-1.84176,596.867,35.4628,180.794,3.77181
-1.53591,557.321,33.4552,170.197,3.80864
-1.68482,554.048,33.0928,168.528,3.79064
1.48306,506.894,33.639,167.632,4.20424
-4.33084,567.016,30.962,160.637,3.49137
-3.58102,567.867,31.8119,164.171,3.5724
-1.67177,515.327,30.7935,156.804,3.79221
-2.8346,544.927,31.3101,160.735,3.65595
-4.73602,545.511,29.377,152.855,3.44873
-4.80479,559.834,30.0774,156.576,3.44158
-0.579073,547.479,33.9334,171.493,3.92752
-1.85491,510.321,30.3073,154.525,3.77024
-2.59743,576.233,33.3756,171.053,3.68313
0.922696,554.195,36.1049,180.604,4.1261
-4.02868,531.028,29.2977,151.677,3.52368
-0.509902,522.803,32.4788,164.063,3.93634
0.596792,511.354,32.9569,165.223,4.08169
-3.02855,599.047,34.1943,175.78,3.63396
-2.42267,535.843,31.22,159.81,3.70335
-3.21832,529.853,30.0505,154.685,3.61263
0.472205,597.085,38.3239,192.292,4.06491
0.598238,574.783,37.0467,185.724,4.08189
0.699848,530.444,34.304,171.856,4.09565
-1.09288,515.576,31.4122,159.315,3.86298
0.958049,571.555,37.2794,186.434,4.13096
-1.40872,549.67,33.137,168.43,3.82412
-0.789336,563.21,34.6643,175.44,3.90091
0.867469,593.578,38.6001,193.158,4.11852
-2.02105,582.926,34.4262,175.729,3.75047
-4.54973,580.045,31.437,163.356,3.46824
-0.0856466,563.078,35.4783,178.694,3.99109
-3.14364,563.663,32.0492,164.886,3.621
0.274072,577.887,36.8489,185.142,4.03845
-1.86833,501.273,29.7565,151.731,3.76864
-4.89527,520.954,27.9017,145.344,3.43219
-2.97509,511.403,29.2444,150.278,3.64
-1.06767,559.097,34.0925,172.878,3.86611
0.746297,592.792,38.395,192.29,4.10197
1.59149,505.831,33.6884,167.755,4.21963
-4.78215,520.338,27.9771,145.619,3.44393
0.0943571,562.896,35.6796,179.487,4.01468
-4.65657,596.332,32.2015,167.456,3.45703
-2.70915,560.393,32.3357,165.854,3.67029
-4.94533,594.241,31.7722,165.565,3.42702
0.312602,514.804,32.8684,165.098,4.04358
-0.407744,561.759,35.0179,176.765,3.94942
-4.12409,532.939,29.3076,151.83,3.51343
-0.740708,529.224,32.6255,165.067,3.90704
-3.91159,595.522,32.9875,170.637,3.53633
-3.44964,579.043,32.5833,167.996,3.5869
-3.36158,591.02,33.3569,171.878,3.59666
1.58715,559.34,37.2468,185.48,4.21901
1.23941,595.375,39.1951,195.641,4.16998
1.43731,595.131,39.4353,196.577,4.19777
0.582613,529.019,34.0794,170.867,4.07978
0.897693,596.781,38.8472,194.355,4.12266
1.6693,549.879,36.7158,182.734,4.23073
1.87204,538.294,36.1824,179.834,4.25986
-0.866485,556.354,34.1542,172.951,3.89122
-0.754404,545.394,33.607,170.048,3.90531
-0.623116,523.902,32.4244,163.916,3.92193
-0.00701495,505.991,31.9648,160.911,4.00137
-0.24066,592.231,37.1233,187.178,3.97095
0.0328842,587.271,37.1487,186.956,4.0066
-3.69365,578.317,32.2734,166.685,3.56005
-2.36992,507.457,29.6188,151.558,3.70949
-4.1688,531.493,29.1834,151.235,3.50864
-4.63361,532.869,28.7972,149.728,3.45943
0.664705,565.874,36.5527,183.165,4.09088
-2.17577,532.452,31.2819,159.851,3.73221
-2.25741,560.061,32.8135,167.773,3.72263
0.690332,501.471,32.4201,162.428,4.09436
-0.903538,551.195,33.7957,171.179,3.88657
-0.0561052,512.885,32.3475,162.892,3.99495
-0.463282,515.063,32.0477,161.834,3.9423
0.216098,573.531,36.5009,183.465,4.03076
-0.833522,576.621,35.4374,179.408,3.89535
-3.02928,582.113,33.2269,170.808,3.63388
-1.97657,502.031,29.6932,151.522,3.75575
-2.22656,517.681,30.362,155.205,3.72625
0.197948,506.145,32.1929,161.832,4.02836
-0.499063,502.32,31.2176,157.681,3.93772
1.75253,545.292,36.5092,181.604,4.24265
-1.55218,599.647,35.9763,183.044,3.80667
0.496963,532.68,34.2181,171.662,4.06824
0.533973,543.801,34.9753,175.417,4.07322
0.079489,529.172,33.5254,168.667,4.01273
-3.19511,594.534,33.7455,173.677,3.61523
-0.964202,523.582,32.0376,162.342,3.87899
1.78238,586.322,39.2948,195.421,4.24694
-2.92093,505.477,28.9586,148.753,3.64614
-0.952879,567.85,34.7595,176.12,3.8804
-3.05729,515.994,29.4249,151.293,3.63072
-3.5297,529.462,29.7123,153.28,3.57805
-1.13479,512.514,31.1819,158.192,3.85779
-3.93106,579.155,32.0597,165.86,3.53422
-2.95959,525.199,30.0491,154.396,3.64176
-3.13562,532.583,30.2903,155.828,3.6219
-2.4523,525.927,30.6116,156.728,3.69991
-1.80417,500.943,29.8011,151.89,3.77631
-2.44643,572.888,33.3516,170.749,3.70059
-1.48159,518.162,31.1613,158.467,3.81524
0.182258,540.496,34.3598,172.744,4.02628
-4.79386,592.031,31.8191,165.63,3.44271
-1.54761,511.808,30.7111,156.25,3.80722
1.17859,590.797,38.8158,193.828,4.1615
-3.61371,525.988,29.4331,151.93,3.56881
-3.0042,531.06,30.3386,155.933,3.63671
-2.29367,560.235,32.7835,167.662,3.71839
-0.227925,582.554,36.5322,184.182,3.9726
-4.42077,548.797,29.875,155.097,3.48184
-1.88107,567.51,33.674,171.722,3.76712
0.454826,525.241,33.6932,169.078,4.06258
-1.46491,506.689,30.4883,155.028,3.81727
0.342262,571.164,36.5027,183.316,4.04753
-4.09743,524.538,28.8719,149.545,3.51629
-1.35101,504.624,30.4803,154.864,3.83118
-3.53917,557.535,31.2777,161.367,3.57701
0.629476,548.183,35.3688,177.275,4.08611
-4.76338,538.989,28.9986,150.915,3.44588
1.82836,529.596,35.5467,176.726,4.25355
-1.11481,514.749,31.3388,158.966,3.86027
-3.57808,581.547,32.5816,168.14,3.57273
-2.40252,555.798,32.4046,165.851,3.70569
1.2869,505.259,33.3146,166.236,4.17662
-1.91179,534.724,31.6958,161.668,3.76345
-4.2422,503.146,27.5577,142.885,3.5008
-2.56414,577.196,33.469,171.492,3.68697
0.670698,563.168,36.3852,182.318,4.0917
0.872846,548.803,35.6948,178.613,4.11926
0.386588,592.73,37.9366,190.46,4.05345
-1.37763,542.583,32.7439,166.396,3.82792
-1.40781,505.269,30.4612,154.828,3.82423
-4.8618,593.32,31.8141,165.684,3.43566
-0.0495333,587.13,37.0382,186.505,3.99581
1.51727,564.595,37.5104,186.881,4.20909
-4.9942,552.24,29.477,153.659,3.42198
1.7903,534.414,35.8254,178.157,4.24807
0.0228259,577.671,36.5292,183.851,4.00528
1.38302,562.782,37.2251,185.628,4.19012
1.89393,579.671,38.9917,193.768,4.26302
-2.72586,522.754,30.1469,154.645,3.66838
-2.6985,568.482,32.8143,168.296,3.67151
0.316385,546.16,34.8747,175.172,4.04408
-2.20647,556.948,32.6872,167.068,3.7286
-2.98599,587.237,33.5686,172.512,3.63877
0.536299,585.587,37.6657,188.907,4.07353
-2.65299,532.458,30.7823,157.824,3.67674
-0.0382972,500.212,31.5669,158.942,3.99728
-2.45913,589.004,34.2751,175.493,3.69912
-2.44903,529.513,30.8237,157.811,3.70029
1.31893,543.177,35.8526,178.861,4.18111
-0.616903,518.853,32.1186,162.363,3.92271
0.56961,573.38,36.9212,185.131,4.07802
-3.76005,508.63,28.3203,146.337,3.5528
1.04379,533.865,34.9198,174.532,4.14279
-1.46105,526.667,31.6946,161.157,3.81774
-3.09024,510.632,29.0866,149.588,3.62701
1.66028,501.201,33.4556,166.518,4.22944
0.714941,536.931,34.7409,174.026,4.0977
-4.30535,595.095,32.5235,168.708,3.49408
-3.53071,567.338,31.8367,164.241,3.57794
-1.55631,535.249,32.1083,163.368,3.80617
-4.14605,501.443,27.5549,142.772,3.51108
-1.2541,523.025,31.6945,160.926,3.84307
-2.93494,542.398,31.0591,159.558,3.64455
-2.84329,510.152,29.3034,150.442,3.65496
0.978044,569.019,37.1385,185.704,4.13371
-0.817321,568.88,34.9806,177.075,3.89739
-2.6571,545.581,31.5366,161.696,3.67626
-2.43069,530.577,30.9048,158.205,3.70242
-1.14919,538.065,32.7206,166.015,3.85601
-4.05446,533.837,29.4268,152.373,3.52091
-0.0198114,564.254,35.6303,179.379,3.9997
-3.85864,549.081,30.47,157.555,3.54207
-0.362378,507.718,31.697,159.952,3.95525
-3.7105,514.901,28.7179,148.34,3.55821
-0.601306,549.56,34.0371,172.043,3.9247
-0.067768,592.288,37.3409,188.053,3.99343
-3.3171,524.207,29.6308,152.631,3.60161
-2.95732,504.956,28.8931,148.455,3.64201
-1.80836,542.615,32.2756,164.507,3.77581
-2.59947,500.53,28.9889,148.573,3.68289
0.423811,585.701,37.5329,188.386,4.05843
-3.39086,539.959,30.4447,156.905,3.59341
-0.642465,529.692,32.7616,165.643,3.91947
-3.66173,559.045,31.2318,161.269,3.56354
1.67936,540.854,36.1252,179.783,4.23216
-3.30998,598.897,33.8608,174.411,3.6024
-0.236608,555.74,34.8406,175.664,3.97148
-4.32529,573.393,31.3161,162.468,3.49196
-2.0271,588.928,34.7736,177.509,3.74976
1.09522,597.012,39.1165,195.44,4.14991
-1.01697,506.726,30.9515,156.896,3.87241
-0.808693,535.47,32.9357,166.714,3.89848
-3.81477,557.615,30.9899,160.194,3.54684
0.910438,576.376,37.5347,187.772,4.12441
-3.4596,565.61,31.8166,164.055,3.58579
0.0737826,514.576,32.5945,163.99,4.01198
-0.107068,566.742,35.6838,179.755,3.9883
-4.50313,568.862,30.8801,160.409,3.47314
0.921764,590.543,38.4717,192.445,4.12597
-1.20118,542.833,32.9532,167.255,3.84959
-4.73423,597.737,32.1915,167.497,3.44892
-1.57971,530.394,31.792,161.785,3.80333
-2.91359,555.032,31.8055,163.368,3.64697
0.833089,522.128,33.9153,169.754,4.11381
-4.84756,539.688,28.9524,150.766,3.43714
-2.26584,541.284,31.7043,162.111,3.72164
-3.63186,505.78,28.2848,146.021,3.56682
0.0752568,510.066,32.3104,162.559,4.01217
-0.487984,512.073,31.8354,160.789,3.93914
1.59972,538.427,35.869,178.604,4.2208
0.876104,507.529,33.0138,165.194,4.1197
-2.45418,529.487,30.8168,157.781,3.69969
-4.81956,570.508,30.6353,159.497,3.44004
-1.34409,546.455,33.0146,167.733,3.83202
-0.43401,522.762,32.5585,164.38,3.94605
0.347482,523.536,33.4646,168.053,4.04823
-3.34301,568.956,32.1319,165.545,3.59873
-4.12157,508.053,27.9414,144.75,3.5137
0.544766,561.498,36.1264,181.177,4.07467
1.98006,579.463,39.088,194.134,4.27551
-3.10282,579.768,33.0106,169.784,3.62559
1.97115,544.226,36.7003,182.286,4.27421
-0.897354,590.502,36.2132,183.416,3.88735
-3.79832,599.806,33.3534,172.391,3.54863
-1.48306,525.27,31.5872,160.635,3.81506
-2.23146,597.758,35.0528,179.19,3.72567
0.704699,532.015,34.4111,172.387,4.09631
-3.73974,547.997,30.5333,157.75,3.55501
-4.60845,530.757,28.7078,149.237,3.46207
-2.74218,500.256,28.8335,147.925,3.66651
-1.2492,532.607,32.2805,163.895,3.84367
-3.76696,504.377,28.0769,145.087,3.55204
-2.57047,577.572,33.4836,171.575,3.68624
-4.46741,545.359,29.6405,153.931,3.47691
1.11225,575.75,37.7446,188.563,4.15227
0.26392,597.872,38.1104,191.493,4.03711
-3.18282,525.206,29.8229,153.475,3.61661
-3.96198,517.818,28.634,148.17,3.53088
-4.84683,559.344,30.0077,156.26,3.43721
0.663929,515.618,33.3056,166.895,4.09078
-0.467333,580.24,36.0982,182.293,3.94178
-3.71601,587.18,32.743,169.138,3.5576
1.44089,551.954,36.5785,182.332,4.19828
-3.76878,589.648,32.8216,169.607,3.55184
-2.66946,569.516,32.9063,168.733,3.67484
1.61336,539.702,35.9701,179.09,4.22274
-0.435122,589.078,36.6874,185.227,3.94591
-0.366214,558.859,34.8853,176.046,3.95475
1.52079,536.173,35.6263,177.49,4.20958
-3.19371,552.802,31.3783,161.492,3.61539
0.106491,537.654,34.0933,171.493,4.01628
-2.28152,511.945,29.97,153.26,3.71981
-0.110321,593.743,37.3798,188.303,3.98788
1.06138,560.385,36.6757,183.287,4.14522
-2.5162,528.495,30.6947,157.224,3.69251
-4.26794,546.385,29.8996,155.056,3.49806
-2.40676,542.25,31.6102,161.789,3.7052
0.133889,556.107,35.2955,177.507,4.01989
0.912986,533.777,34.7635,173.906,4.12476
1.97149,595.119,40.1327,199.334,4.27426
-1.32833,582.979,35.2399,179.019,3.83395
-4.20252,541.309,29.6882,153.888,3.50504
-2.92155,542.829,31.0979,159.742,3.64607
-0.301703,500.903,31.3348,158.058,3.96306
-3.58571,500.565,28.0372,144.696,3.57189
-4.95501,547.403,29.2582,152.475,3.42602
-4.74556,566.131,30.4775,158.592,3.44774
-4.17912,527.108,28.9324,149.946,3.50754
-2.92879,549.701,31.4839,161.733,3.64525
-4.93488,579.988,31.0212,161.64,3.4281
1.1596,554.059,36.3794,181.685,4.15885
-1.40515,560.886,33.8172,171.883,3.82456
-1.45134,524.705,31.5868,160.598,3.81892
-2.46977,546.144,31.7696,162.677,3.69788
1.92791,562.358,37.8693,188.147,4.26794
-1.76647,569.507,33.923,172.853,3.78083
-1.78632,563.921,33.5678,171.067,3.77845
-0.935099,508.106,31.1209,157.665,3.88263
-0.216124,511.973,32.1186,161.917,3.97413
-0.405573,535.186,33.3638,168.413,3.9497
1.81744,517.455,34.7194,172.626,4.25198
-2.83249,587.688,33.7695,173.357,3.65619
-2.33103,598.177,34.9597,178.838,3.71402
-3.83408,568.4,31.5685,163.207,3.54474
-1.97855,555.523,32.8548,167.658,3.75551
1.34654,517.199,34.1689,170.43,4.18499
-4.31343,514.957,28.136,145.957,3.49322
-0.186265,509.413,31.9898,161.235,3.978
-3.31112,543.251,30.7135,158.201,3.60228
-0.614235,583.613,36.1306,182.641,3.92305
1.82755,534.446,35.8713,178.341,4.25344
-4.04164,521.679,28.7692,148.954,3.52229
-0.925139,579.795,35.5236,179.958,3.88387
-1.54809,588.068,35.2865,179.528,3.80716
-4.46484,561.954,30.5451,158.626,3.47718
1.60425,509.466,33.9447,169.017,4.22144
0.999297,503.711,32.8991,164.482,4.13664
-2.02901,506.851,29.9253,152.763,3.74953
-3.88067,560.891,31.102,160.848,3.53968
-0.0401725,562.216,35.4776,178.635,3.99703
1.09948,564.702,37.0047,184.883,4.1505
-4.66631,515.415,27.8227,144.696,3.45601
-2.1261,524.26,30.8521,157.6,3.73806
-0.67971,524.965,32.4289,164.003,3.91475
-1.99208,555.07,32.8131,167.461,3.75391
0.499383,575.479,36.9704,185.466,4.06857
0.0461292,595.104,37.6608,189.516,4.00834
1.61119,599.492,39.9521,198.919,4.22243
-0.00354158,529.575,33.4585,168.426,4.00183
-0.936642,530.716,32.504,164.674,3.88243
1.1496,572.02,37.5462,187.525,4.15746
0.458894,520.238,33.3767,167.485,4.06313
-0.565535,530.385,32.8888,166.198,3.92925
-0.451978,593.115,36.918,186.413,3.94375
-2.86738,570.128,32.7218,168.02,3.65222
-1.45074,549.972,33.1085,168.334,3.819
-0.943855,545.983,33.431,169.379,3.88153
-0.837395,536.63,32.9754,166.948,3.89487
1.16478,520.172,34.1601,170.596,4.15957
-2.11958,583.757,34.3611,175.517,3.73883
-0.620189,563.322,34.8675,176.263,3.9223
1.06719,518.425,33.936,169.589,4.14603
-3.83551,583.368,32.3983,167.499,3.54458
-4.08187,555.475,30.5909,158.431,3.51796
0.201791,508.834,32.368,162.708,4.02887
1.62475,557.167,37.148,184.941,4.22437
-4.61446,570.197,30.8347,160.301,3.46144
-4.75448,573.835,30.8828,160.711,3.44681
-4.00602,506.407,27.961,144.733,3.52613
1.44678,516.675,34.2472,170.704,4.19911
-0.345132,556.127,34.7392,175.283,3.95747
-1.72563,571.896,34.1121,173.768,3.78573
-1.51835,514.867,30.925,157.306,3.81077
-4.3527,530.983,28.9727,150.34,3.48905
-1.68167,518.93,30.9985,157.859,3.79102
-1.87584,551.624,32.7372,166.938,3.76774
-4.06502,519.602,28.6318,148.267,3.51977
-2.10459,585.231,34.4652,176.03,3.7406
0.269006,586.555,37.3953,187.893,4.03778
-3.99332,573.582,31.6838,163.988,3.52749
-3.51227,563.396,31.6354,163.181,3.57998
1.44116,503.833,33.3898,166.437,4.19832
1.52366,590.422,39.2345,195.462,4.20999
-4.19381,568.645,31.1967,161.697,3.50597
-4.62035,561.203,30.3422,157.747,3.46082
-2.30837,580.737,33.9664,173.73,3.71667
-0.800267,573.459,35.2822,178.581,3.89954
1.2399,529.401,34.8524,173.964,4.17005
1.10793,559.756,36.6908,183.305,4.15167
-0.426511,577.79,35.9947,181.719,3.94701
-1.17684,515.925,31.3453,159.067,3.85259
-1.4806,546.179,32.8472,167.04,3.81536
1.75885,505.884,33.8778,168.508,4.24355
1.03633,598.684,39.1499,195.685,4.14176
-2.86376,564.158,32.3831,166.277,3.65263
0.561328,521.545,33.5743,168.359,4.07691
-4.89552,588.487,31.5184,164.184,3.43217
-4.47146,549.241,29.8473,155.009,3.47648
-1.61523,557.44,33.3733,169.874,3.79904
1.59343,543.316,36.1872,180.196,4.2199
-4.94174,527.414,28.2026,146.96,3.42739
0.678491,502.762,32.4908,162.796,4.09275
-2.2527,566.241,33.1808,169.645,3.72318
-2.02842,557.372,32.9088,167.992,3.7496
-3.14103,512.132,29.1218,149.823,3.6213
-2.62508,580.223,33.5753,172.11,3.67994
0.815352,532.277,34.5542,172.973,4.11139
-3.84447,564.429,31.3369,162.022,3.54361
-2.1467,577.492,33.9612,173.507,3.73563
-4.44572,581.168,31.6102,164.134,3.4792
-2.01494,563.385,33.279,169.866,3.7512
-3.11975,541.367,30.8064,158.466,3.62369
1.34011,510.806,33.7395,168.295,4.18409
-1.76198,571.705,34.0591,173.541,3.78136
-3.89227,517.125,28.6638,148.251,3.53842
1.96935,596.264,40.2071,199.707,4.27395
-0.241262,526.626,33.0103,166.441,3.97087
-2.4433,534.308,31.1088,159.264,3.70095
-4.93199,569.916,30.4855,158.845,3.4284
0.635876,564.869,36.453,182.701,4.08698
-2.61741,546.073,31.6074,162.013,3.68083
0.0624798,560.517,35.4912,178.578,4.01049
-3.5427,578.926,32.4738,167.542,3.57662
-1.04343,592.634,36.1669,183.366,3.86912
-2.25375,508.505,29.7965,152.344,3.72306
-3.2359,571.864,32.4138,166.871,3.61067
-3.15225,529.189,30.0802,154.766,3.62004
-0.92829,521.552,31.9517,161.867,3.88348
-4.02219,539.418,29.7673,154.1,3.52438
0.50622,541.299,34.7824,174.482,4.06948
1.74037,589.832,39.4755,196.375,4.2409
-0.0490864,532.479,33.5912,169.147,3.99587
-1.39192,528.134,31.8566,161.903,3.82617
-2.55021,507.43,29.4375,150.82,3.68858
-1.40721,516.42,31.1341,158.248,3.8243
-3.0751,544.379,31.0248,159.539,3.62871
-2.05649,581.849,34.3216,175.238,3.74628
0.68148,539.522,34.8699,174.712,4.09316
-4.68869,523.209,28.2218,146.795,3.45367
-4.69118,529.7,28.5695,148.606,3.45341
0.647243,564.385,36.4355,182.599,4.08852
-2.34468,526.715,30.769,157.416,3.71243
-3.75139,519.051,28.9091,149.371,3.55374
1.83924,598.881,40.2116,199.904,4.25512
-4.06759,578.923,31.8978,165.183,3.5195
-1.8332,589.622,35.0424,178.64,3.77283
1.14294,577.164,37.8756,189.178,4.15654
-0.933225,563.752,34.5313,174.941,3.88286
-1.30993,517.105,31.2772,158.868,3.83621
-2.42869,519.66,30.271,154.958,3.70265
-1.44081,567.067,34.149,173.612,3.82021
1.44032,501.024,33.2027,165.505,4.1982
-4.26013,506.274,27.7121,143.704,3.49889
0.706758,547.954,35.4445,177.561,4.09659
-0.841892,509.327,31.293,158.435,3.8943
1.24413,518.319,34.1276,170.342,4.17064
0.590697,592.462,38.1766,191.399,4.08087
0.80385,579.974,37.6363,188.417,4.10982
-2.5954,507.385,29.3899,150.624,3.68336
-2.56911,599.193,34.7387,178.004,3.68639
-4.81389,598.876,32.1648,167.454,3.44063
-3.33826,550.28,31.0822,160.131,3.59925
-0.73171,546.043,33.6725,170.353,3.90818
-1.62716,531.144,31.7863,161.809,3.79759
1.16738,527.582,34.6497,173.038,4.15994
1.89219,514.322,34.594,171.916,4.26277
-1.79683,567.622,33.7762,172.142,3.77719
-3.81648,558.96,31.0628,160.573,3.54665
-4.08504,521.429,28.7129,148.708,3.51762
-4.08109,569.487,31.3634,162.431,3.51805
-3.85129,579.348,32.1577,166.273,3.54287
-1.75372,531.848,31.6934,161.478,3.78236
-3.2258,511.814,29.0201,149.389,3.6118
-3.81165,589.125,32.7446,169.26,3.54718
-4.8558,571.11,30.6295,159.508,3.43628
1.45385,538.372,35.6937,177.906,4.20011
-2.67341,511.119,29.5282,151.415,3.67439
0.0485139,567.902,35.9421,180.864,4.00866
0.616616,512.364,33.0437,165.635,4.08437
1.95803,507.539,34.2116,169.94,4.27231
1.21298,544.984,35.8465,178.959,4.16629
0.932449,552.995,36.0383,180.259,4.12744
-0.433327,574.187,35.7621,180.554,3.94614
-0.0210825,568.067,35.8695,180.585,3.99953
-3.89389,507.679,28.1387,145.537,3.53825
-1.75937,509.242,30.3405,154.591,3.78168
-4.61908,523.312,28.2948,147.101,3.46096
-2.92634,599.811,34.3567,176.488,3.64553
0.0361235,529.717,33.5116,168.648,4.00703
0.542558,581.577,37.4155,187.645,4.07438
0.717804,588.506,38.0815,190.757,4.09809
-3.91817,536.572,29.7155,153.719,3.53562
1.90475,585.222,39.379,195.678,4.26459
-4.88279,591.105,31.6724,164.972,3.43349
-0.0869496,560.28,35.3005,177.8,3.99092
-4.54718,510.091,27.648,143.665,3.46851
-3.69058,564.451,31.5028,162.702,3.56038
1.52354,508.702,33.804,168.408,4.20997
-3.28107,512.914,29.028,149.487,3.60562
1.6816,553,36.9391,183.83,4.23248
-3.91917,514.997,28.5197,147.534,3.53551
-0.563923,532.498,33.0215,166.867,3.92945
-0.435363,574.023,35.7495,180.492,3.94587
0.716996,564.117,36.5023,182.848,4.09798
-1.43859,523.374,31.5201,160.245,3.82048
-4.05979,579.328,31.9286,165.333,3.52034
-4.93741,570.615,30.5173,159.017,3.42784
-3.04263,528.837,30.1722,155.12,3.63237
-0.591743,595.928,36.9207,186.606,3.92591
-2.04528,550.927,32.5098,165.975,3.74761
-4.11227,556.824,30.6334,158.686,3.5147
-2.19197,548.188,32.1888,164.504,3.73031
-1.4538,559.7,33.6907,171.297,3.81862
-4.77446,598.236,32.174,167.454,3.44473
-3.78696,531.986,29.5936,152.946,3.54986
-1.17973,529.131,32.1445,163.126,3.85224
-4.60337,535.996,28.9963,150.731,3.4626
1.17952,513.883,33.7636,168.598,4.16163
-4.10818,553.412,30.4499,157.731,3.51514
0.0946738,565.125,35.8213,180.199,4.01473
-1.48118,596.858,35.8944,182.537,3.81529
-3.56803,552.14,30.9446,159.681,3.57383
-4.63725,541.486,29.2592,152.135,3.45905
1.74919,531.699,35.5952,177.062,4.24217
-1.01515,513.944,31.3943,159.138,3.87264
-1.24971,572.914,34.7228,176.296,3.84361
-0.798552,560.923,34.5129,174.685,3.89975
-4.6309,596.567,32.2426,167.639,3.45972
-0.20122,548.928,34.4541,173.673,3.97606
-3.0732,595.061,33.9154,174.401,3.62892
-0.137157,583.587,36.7076,184.951,3.98438
-1.81565,520.756,30.9679,157.85,3.77493
-4.11185,528.145,29.0561,150.514,3.51474
-4.97898,548.948,29.3166,152.806,3.42355
0.210324,524.811,33.3938,167.855,4.03
-1.19839,512.576,31.1193,157.944,3.84993
1.92892,536.256,36.1128,179.419,4.26809
-0.548688,562.4,34.8936,176.308,3.93139
-3.34377,556.561,31.4311,161.934,3.59864
-1.9019,555.855,32.9594,168.102,3.76463
-3.41937,557.597,31.4088,161.906,3.59025
-2.67474,521.639,30.1346,154.527,3.67424
-2.25586,597.846,35.0291,179.099,3.72281
-0.831641,544.648,33.4745,169.468,3.89559
-4.90465,517.42,27.7035,144.321,3.43122
-2.66724,562.874,32.525,166.775,3.6751
-1.53225,587.26,35.2567,179.357,3.80908
-3.9307,540.116,29.8989,154.682,3.53426
-4.88103,549.559,29.4481,153.384,3.43367
-4.81606,505.684,27.1576,141.388,3.44041
1.29519,515.28,33.9846,169.569,4.17778
-0.630092,588.813,36.4333,184.191,3.92104
-2.55646,575.328,33.3693,170.972,3.68785
-2.55775,501.844,29.106,149.129,3.6877
-1.98302,518.684,30.6715,156.521,3.75498
-4.12639,540.834,29.7394,154.07,3.51318
0.303443,523.134,33.3901,167.73,4.04236
0.988586,511.12,33.3712,166.855,4.13517
1.19402,509.287,33.4776,167.154,4.16365
-2.25453,568.043,33.2843,170.177,3.72297
-0.652601,547.226,33.8346,171.08,3.91819
-1.64245,521.648,31.202,158.852,3.79575
-4.25389,525.23,28.7558,149.109,3.49955
-2.5062,548.405,31.8619,163.191,3.69366
-3.68391,534.8,29.8548,154.183,3.56112
-4.37122,544.758,29.7055,154.162,3.48708
1.33234,503.911,33.2755,165.989,4.18299
-4.57553,569.109,30.817,160.164,3.46553
-2.52466,507.35,29.4582,150.899,3.69153
0.377996,577.083,36.9246,185.39,4.0523
-1.63615,570.664,34.1411,173.807,3.79651
1.93662,505.712,34.0645,169.234,4.2692
-2.97841,509.539,29.1346,149.717,3.63963
1.95708,517.552,34.8854,173.288,4.27217
1.74257,567.408,37.9776,188.921,4.24122
-2.1183,564.112,33.2061,169.616,3.73898
0.251819,508.776,32.4181,162.904,4.0355
-2.01018,521.521,30.811,157.263,3.75176
-1.67984,502.509,30.0195,152.871,3.79124
-4.76828,531.686,28.6008,148.851,3.44537
-2.57216,575.53,33.3634,170.96,3.68604
1.09399,528.518,34.6273,173.012,4.14974
-4.30411,519.887,28.4144,147.392,3.49421
1.71752,522.979,34.975,174.014,4.23763
-1.52901,554.785,33.3107,169.454,3.80948
-2.66891,507.949,29.3495,150.495,3.67491
-3.27256,577.752,32.7069,168.423,3.60657
-3.42334,598.337,33.6991,173.717,3.58981
-0.0617427,552.23,34.8224,175.362,3.99421
-1.07978,571.281,34.8214,176.589,3.86461
1.32775,559.857,36.9643,184.396,4.18235
0.927328,510.204,33.2441,166.288,4.12673
-2.73694,597.662,34.4538,176.752,3.66711
-1.67104,570.341,34.0818,173.547,3.7923
1.41614,534.982,35.4249,176.611,4.19479
-3.68458,589.144,32.8877,169.847,3.56104
-1.54113,578.327,34.7101,176.587,3.80801
-2.82833,549.778,31.5956,162.193,3.65667
-0.517976,569.765,35.3867,178.763,3.93531
-1.05978,599.329,36.5555,185.357,3.86709
1.11659,545.04,35.7364,178.526,4.15288
-3.93012,575.192,31.8413,164.729,3.53432
1.64544,506.524,33.7944,168.222,4.22732
-0.47207,512.978,31.9086,161.141,3.94117
-2.19372,565.227,33.1873,169.609,3.7301
-1.87999,518.601,30.7731,156.927,3.76724
0.254121,512.611,32.6649,164.142,4.0358
1.61686,553.355,36.8842,183.638,4.22324
0.960346,568.766,37.1003,185.536,4.13128
-1.02866,510.528,31.1716,158.024,3.87096
-0.26647,594.42,37.2285,187.742,3.96761
-3.26224,513.159,29.0604,149.635,3.60773
-2.36451,506.27,29.5549,151.225,3.71012
-0.36544,557.151,34.7796,175.511,3.95485
-1.87794,546.68,32.4415,165.433,3.76749
-2.37134,523.233,30.5381,156.263,3.70932
0.251615,503.025,32.0514,161.062,4.03547
-4.49142,595.413,32.3343,167.949,3.47438
-3.64111,531.602,29.7195,153.438,3.5658
0.682322,509.514,32.9313,164.999,4.09327
-4.70835,562.171,30.303,157.642,3.45162
-2.5307,583.9,33.896,173.639,3.69083
-1.37301,586.278,35.3862,179.818,3.82848
-1.47475,541.72,32.5855,165.702,3.81607
0.459792,572.429,36.7262,184.291,4.06325
0.953785,546.437,35.636,178.221,4.13037
1.12878,563.382,36.9539,184.593,4.15457
-2.29269,546.823,31.9997,163.653,3.7185
-3.95118,589.085,32.5869,168.612,3.53205
0.851211,591.957,38.474,192.548,4.11629
1.65897,506.034,33.7768,168.119,4.22925
-1.69324,534.94,31.9425,162.679,3.78963
-2.30768,523.057,30.5935,156.477,3.71675
-3.32963,580.912,32.8221,169.084,3.60021
-3.8272,586.402,32.576,168.408,3.54548
-3.59442,585.89,32.8066,169.321,3.57093
0.87753,568.838,37.0036,185.156,4.1199
0.51705,588.231,37.8117,189.664,4.07094
-4.29061,531.885,29.0836,150.849,3.49564
-2.47022,567.771,33.0271,169.117,3.69783
-2.05568,587.979,34.6841,177.088,3.74638
-0.00277085,590.328,37.2979,187.752,4.00193
-0.99419,558.111,34.1161,172.91,3.87525
-4.50096,538.678,29.2438,151.907,3.47337
-4.27418,580.254,31.7463,164.64,3.49739
1.94762,595.648,40.137,199.387,4.2708
1.92082,550.971,37.0938,184.303,4.26691
-0.233962,510.776,32.0245,161.463,3.97182
-2.75861,597.285,34.4069,176.538,3.66463
-3.68665,573.557,32.0154,165.345,3.56082
-2.29695,504.001,29.4896,150.82,3.718
-4.15564,529.991,29.114,150.862,3.51005
1.64802,596.281,39.7863,198.044,4.22769
1.97771,503.645,33.971,168.723,4.27517
-1.38598,543.209,32.7725,166.551,3.8269
-2.95905,547.867,31.3467,161.063,3.64182
-2.03186,528.916,31.2252,159.401,3.74919
-4.38909,587.186,31.9995,166.089,3.48519
-3.63861,565.811,31.6347,163.323,3.56608
-3.39109,552.842,31.1709,160.648,3.59338
-1.34666,562.204,33.9632,172.555,3.83171
1.24774,521.443,34.3374,171.385,4.17114
-4.86125,526.758,28.2455,147.099,3.43572
-4.53419,587.091,31.8357,165.41,3.46987
-1.29392,511.757,30.9704,157.292,3.83818
-4.63166,583.345,31.5271,163.92,3.45964
-1.36563,560.6,33.8448,171.976,3.82939
1.48142,590.655,39.1955,195.323,4.20401
1.92902,557.722,37.5585,186.602,4.2681
1.18167,579.712,38.0914,190.207,4.16193
-4.79437,502.579,27.0109,140.602,3.44266
-0.215807,543.769,34.1137,171.974,3.97417
-1.9915,555.364,32.8311,167.552,3.75398
0.853131,581.896,37.8226,189.286,4.11656
-2.26472,548.479,32.1269,164.271,3.72177
-3.46868,580.542,32.6465,168.345,3.58479
-0.978258,528.09,32.2982,163.678,3.87724
-0.289637,511.699,32.023,161.516,3.96462
-0.232521,546.802,34.2849,172.857,3.97201
0.398398,551.945,35.34,177.41,4.05503
-1.06489,576.903,35.1816,178.397,3.86646
-0.809688,504.418,31.0247,157.042,3.89835
-4.13121,587.744,32.3136,167.412,3.51267
0.632044,520.433,33.5812,168.312,4.08646
-2.44376,593.698,34.5661,176.964,3.7009
-3.9315,585.645,32.4184,167.717,3.53417
-1.67011,582.975,34.8378,177.396,3.79241
-2.76958,516.682,29.7526,152.669,3.66337
-3.42191,579.132,32.619,168.148,3.58997
-3.46515,517.825,29.1231,150.172,3.58518
-0.326795,558.833,34.9295,176.221,3.95983
-2.18517,518.289,30.4401,155.56,3.73111
-1.2122,581.716,35.3006,179.183,3.84823
0.528213,508.984,32.7298,164.161,4.07244
-1.73145,543.25,32.3971,165.038,3.78503
-0.715645,551.707,34.04,172.193,3.91021
0.0887873,570.58,36.16,181.91,4.01395
1.75051,571.021,38.2293,190.163,4.24236
-2.36742,531.743,31.0389,158.822,3.70978
-3.9011,550.673,30.5142,157.831,3.53746
-0.0990793,517.789,32.6102,164.264,3.98934
-0.111325,538.998,33.9321,170.936,3.98775
0.944642,507.839,33.1089,165.593,4.12911
-3.62498,573.498,32.0793,165.603,3.56757
-4.90435,535.926,28.6946,149.484,3.43125
-4.13802,551.52,30.3149,157.065,3.51194
-3.26131,505.629,28.6349,147.443,3.60783
1.99916,544.035,36.7211,182.355,4.27829
-4.54156,595.748,32.297,167.815,3.4691
-3.9401,514.097,28.4495,147.193,3.53324
-3.71832,547.024,30.5014,157.561,3.55735
-2.80303,540.089,31.0654,159.443,3.65955
-3.03637,513.806,29.3209,150.736,3.63308
1.08991,589.611,38.6248,192.99,4.14917
-1.94701,507.224,30.0301,153.21,3.75926
-4.49716,566.18,30.7408,159.679,3.47377
-2.80908,551.834,31.7344,162.883,3.65886
0.808626,584.584,37.9415,189.938,4.11047
1.94054,554.447,37.352,185.561,4.26977
-1.5065,508.046,30.5274,155.271,3.81221
0.587846,550.474,35.4677,177.821,4.08048
1.7781,518.805,34.765,172.899,4.24632
0.915036,599.417,39.0412,195.302,4.12505
0.744717,535.647,34.6919,173.746,4.10175
-0.515455,534.653,33.2088,167.757,3.93563
-1.27062,529.287,32.0562,162.781,3.84104
-0.821466,532.638,32.7475,165.776,3.89687
-0.292373,519.488,32.5075,163.963,3.96427
1.89466,509.231,34.2543,170.225,4.26313
-2.4821,562.505,32.7077,167.495,3.69645
-1.16564,535.343,32.5372,165.103,3.85398
-3.65734,581.659,32.5,167.813,3.56402
-0.347805,503.328,31.4382,158.63,3.95712
0.445392,563.065,36.1082,181.208,4.06132
-1.84856,509.973,30.2931,154.445,3.771
-2.40083,560.98,32.7086,167.404,3.70589
-0.6553,515.685,31.8816,161.208,3.91784
0.922911,544.93,35.5016,177.586,4.12613
-3.47478,514.984,28.9539,149.31,3.58412
-0.0455837,591.495,37.3185,187.911,3.99633
1.91799,532.031,35.8154,177.955,4.26651
-1.74926,518.331,30.8925,157.393,3.78289
1.20111,544.324,35.7891,178.687,4.16463
1.06945,570.211,37.3287,186.54,4.14634
-1.91143,572.699,33.9472,173.151,3.7635
0.585604,549.625,35.4104,177.536,4.08018
-0.59828,581.426,36.0144,182.034,3.92508
-1.97974,549.856,32.5183,165.942,3.75537
0.998593,536.713,35.0537,175.255,4.13655
0.908467,539.549,35.1343,175.766,4.12414
0.477798,524.632,33.6797,168.983,4.06567
0.288896,510.467,32.5658,163.605,4.04042
-1.47726,578.76,34.8106,177.02,3.81577
-3.8671,518.554,28.7677,148.762,3.54115
-2.93254,549.431,31.4644,161.638,3.64482
1.72597,558.486,37.36,185.869,4.23884
0.975322,567.454,37.033,185.18,4.13334
-2.24666,593.79,34.8022,177.928,3.72389
-4.2135,500.163,27.4212,142.148,3.50386
1.21692,538.569,35.4291,176.87,4.16684
-1.27681,586.751,35.5291,180.424,3.84028
-4.3294,531.238,29.0097,150.507,3.49152
1.57792,561.642,37.3887,186.198,4.2177
-3.63481,557.268,31.1611,160.874,3.5665
-4.88488,500.489,26.8152,139.674,3.43327
-1.51578,558.759,33.5642,170.728,3.81108
-3.28786,599.458,33.918,174.679,3.60487
0.440396,527.975,33.8524,169.893,4.06065
-0.704143,569.353,35.1422,177.755,3.91166
-3.05956,503.424,28.7059,147.598,3.63046
-1.63632,535.271,32.0234,163.027,3.79649
-2.10534,575.834,33.9109,173.2,3.74051
-2.52261,591.442,34.3432,175.92,3.69177
-0.176077,536.275,33.6881,169.782,3.97932
0.0350972,505.716,31.9922,161.002,4.00689
-3.42546,525.284,29.5825,152.499,3.58957
-3.63763,535.635,29.9485,154.617,3.56619
-3.05995,545.835,31.1237,160.031,3.63042
-3.11015,551.727,31.4062,161.54,3.62477
1.29108,575.801,37.9711,189.465,4.17721
0.530685,589.888,37.9353,190.267,4.07278
0.366077,555.773,35.5471,178.489,4.05071
0.0251293,546.091,34.5349,173.811,4.00559
-1.58586,523.076,31.3469,159.527,3.80259
-2.5672,533.232,30.9165,158.417,3.68661
-4.70613,502.307,27.0782,140.864,3.45185
-3.95634,575.66,31.8387,164.747,3.53149
-1.74042,598.871,35.7033,181.892,3.78395
-0.729262,555.899,34.2831,173.439,3.90849
-4.33728,585.748,31.9778,165.915,3.49068
-4.03326,531.869,29.3396,151.898,3.52319
-2.11118,578.727,34.0746,174.043,3.73982
-0.589681,515.446,31.9367,161.413,3.92617
-3.93329,526.682,29.1527,150.824,3.53398
-2.24336,584.037,34.2344,175.021,3.72428
-1.14132,570.84,34.7229,176.164,3.85698
-4.42357,536.7,29.2137,151.667,3.48154
-1.7151,565.648,33.7514,171.918,3.787
0.588715,533.374,34.3669,172.301,4.0806
1.57757,568.774,37.8631,188.561,4.21765
-4.00471,573.543,31.6693,163.926,3.52627
1.0557,550.695,36.0348,180.091,4.14444
-4.58388,580.257,31.4116,163.264,3.46465
-2.19252,538.226,31.6032,161.512,3.73024
-3.88618,531.011,29.4396,152.257,3.53908
-3.20325,546.583,31.0152,159.634,3.61432
-3.23135,543.272,30.798,158.547,3.61118
-2.94603,598.969,34.2856,176.147,3.64329
0.20441,508.453,32.3466,162.598,4.02921
-2.17025,560.648,32.9445,168.34,3.73286
-2.0509,541.377,31.9403,163.073,3.74694
1.2427,597.362,39.3302,196.311,4.17044
1.36766,582.875,38.5347,192.178,4.18796
-2.92347,558.727,32.0065,164.412,3.64585
-4.50223,555.561,30.159,156.662,3.47324
-3.04373,515.186,29.3923,151.111,3.63225
0.499641,554.126,35.5989,178.586,4.0686
1.80934,536.39,35.9803,178.905,4.25082
-4.05747,519.968,28.6594,148.402,3.52058
-1.15683,598.081,36.361,184.495,3.85506
-2.14762,598.384,35.1887,179.78,3.73552
-2.76447,523.864,30.1714,154.813,3.66396
-4.82144,540.984,29.048,151.235,3.43985
-1.63033,524.628,31.393,159.811,3.79721
0.732195,507.69,32.8676,164.623,4.10005
0.726968,530.883,34.3632,172.121,4.09934
-1.44621,549.746,33.0999,168.285,3.81955
-0.206417,552.508,34.6728,174.782,3.97539
-2.29486,538.625,31.5177,161.19,3.71825
-3.03153,558.835,31.8957,163.968,3.63362
-1.44187,543.693,32.7403,166.452,3.82008
0.378908,520.508,33.3057,167.22,4.05242
-4.67481,527.078,28.444,147.936,3.45512
-4.88953,567.79,30.4162,158.436,3.43279
-0.765643,550.445,33.9055,171.572,3.9039
-3.51707,547.164,30.7189,158.459,3.57945
-1.35416,539.148,32.5622,165.446,3.83079
0.0867344,593.459,37.6073,189.194,4.01368
-4.25443,564.604,30.9109,160.285,3.4995
-1.53909,588.256,35.3084,179.629,3.80825
-2.50121,590.618,34.3202,175.776,3.69424
-2.53572,582.089,33.7852,173.078,3.69025
-0.84121,503.818,30.9552,156.724,3.89439
-3.11037,593.645,33.7921,173.812,3.62474
0.844065,507.366,32.9683,165.002,4.11531
-1.6573,563.965,33.7163,171.67,3.79396
-1.42132,561.694,33.8476,172.056,3.82258
-3.26291,573.626,32.4839,167.263,3.60765
-0.786525,576.094,35.4607,179.467,3.90127
-0.152607,500.681,31.4767,158.612,3.98237
-3.4631,540.408,30.3954,156.73,3.58541
-3.82122,579.937,32.2234,166.578,3.54614
-3.96601,520.243,28.7642,148.848,3.53044
-0.0582041,526.81,33.2234,167.306,3.99468
-1.53299,510.387,30.6408,155.876,3.809
-2.92016,597.827,34.2502,175.934,3.64623
-0.461154,502.752,31.2839,157.974,3.94257
-2.49348,507.884,29.5203,151.185,3.69514
-4.26945,584.104,31.9621,165.753,3.4979
-3.18176,549.358,31.1954,160.537,3.61673
0.2372,519.555,33.0889,166.292,4.03356
-1.7589,524.776,31.2665,159.309,3.78173
-2.41467,545.637,31.7992,162.766,3.70428
-0.698141,513.673,31.7118,160.397,3.91242
-1.83558,576.332,34.2499,174.603,3.77255
-4.23218,557.882,30.5661,158.472,3.50187
-3.67708,568.57,31.7473,163.949,3.56186
-2.35968,598.719,34.9576,178.863,3.71068
-4.32673,530.451,28.9694,150.295,3.4918
-2.43219,573.446,33.4001,170.981,3.70224
-3.58934,580.45,32.5076,167.771,3.57149
1.82668,507.815,34.0829,169.451,4.25331
0.102089,509.025,32.2732,162.342,4.0157
-2.76921,516.971,29.7697,152.756,3.66342
0.97178,540.03,35.2391,176.215,4.13285
1.76899,589.605,39.4975,196.447,4.24501
-4.94694,571.951,30.5787,159.348,3.42685
-2.31149,565.687,33.0827,169.213,3.7163
1.48467,555.456,36.8637,183.699,4.20447
0.208258,546.633,34.7799,174.825,4.02972
-0.158296,527.266,33.1418,167.009,3.98163
0.163035,500.022,31.7666,159.727,4.02374
0.33558,597.197,38.1579,191.638,4.04664
0.435614,527.351,33.807,169.671,4.06001
-4.02099,558.827,30.8396,159.65,3.52451
-4.55452,520.017,28.1789,146.431,3.46773
-1.53643,599.369,35.9786,183.035,3.80858
-4.56068,520.788,28.2148,146.624,3.46709
0.784976,504.15,32.6954,163.702,4.10724
1.54317,595.41,39.5914,197.214,4.21276
-4.29374,599.479,32.7761,170.004,3.49531
-2.3231,556.551,32.5356,166.429,3.71495
-3.00765,543.169,31.0267,159.473,3.63632
0.00061739,509.43,32.1902,162.037,4.00237
1.63051,558.692,37.2567,185.475,4.22519
-1.80451,533.696,31.7493,161.82,3.77627
-3.32342,500.558,28.288,145.72,3.60091
-0.552422,579.337,35.9399,181.6,3.93092
-0.8228,593.449,36.4847,184.696,3.8967
-4.60264,583.36,31.5593,164.054,3.46268
-0.780952,549.647,33.839,171.254,3.90197
-4.36848,567.113,30.9274,160.501,3.48737
-1.77932,561.653,33.4407,170.411,3.77928
1.28568,544.666,35.9115,179.195,4.17645
1.36723,503.114,33.2611,165.878,4.1879
1.01457,592.042,38.6877,193.403,4.13875
-1.33907,566.739,34.2459,173.982,3.83264
-0.876574,580.997,35.655,180.563,3.88995
-2.90583,513.979,29.4608,151.316,3.64785
1.54937,575.445,38.2716,190.632,4.21364
1.9996,570.667,38.5193,191.284,4.27835
-4.16536,597.565,32.8152,170.052,3.50901
-3.13782,597,33.9514,174.666,3.62166
-0.872106,586.501,35.9982,182.295,3.89051
1.85119,522.559,35.1007,174.482,4.25685
1.0482,560.239,36.6502,183.176,4.1434
-1.17822,502.038,30.5001,154.78,3.85242
-2.64909,509.121,29.437,150.922,3.67718
-1.8806,578.212,34.3096,174.962,3.76717
-3.9374,561.442,31.0724,160.76,3.53354
1.1004,548.573,35.9488,179.607,4.15063
-4.08135,512.43,28.2209,146.156,3.51802
-3.31203,576.07,32.568,167.754,3.60217
-3.81767,513.418,28.5308,147.485,3.54652
0.855044,527.853,34.312,171.715,4.11682
-1.6757,539.157,32.2133,164.038,3.79174
-1.72419,525.44,31.3426,159.658,3.7859
-1.9595,504.955,29.8832,152.474,3.75778
-0.160916,559.809,35.1842,177.304,3.98129
-4.37997,545.761,29.7512,154.409,3.48616
-4.68493,508.609,27.4378,142.713,3.45407
0.80742,573.036,37.1905,186.18,4.1103
-1.61148,525.424,31.4605,160.134,3.79949
1.76501,545.192,36.5175,181.63,4.24444
0.486259,575.107,36.9304,185.282,4.0668
0.134844,591.601,37.5495,188.841,4.02002
-0.625438,543.026,33.6054,169.889,3.92163
-3.45243,531.414,29.9003,154.166,3.58659
-2.40841,532.689,31.0511,158.93,3.70501
-1.37478,527.882,31.8597,161.9,3.82827
-4.56942,546.796,29.6149,153.91,3.46617
-4.65399,519.76,28.0691,145.964,3.4573
-4.54762,533.768,28.9309,150.332,3.46846
-0.871469,586.651,36.0081,182.345,3.89059
0.583559,567.505,36.5598,183.302,4.07991
-3.93908,511.297,28.2955,146.395,3.53335
-4.63014,589.852,31.8805,165.756,3.4598
0.550955,534.735,34.4115,172.569,4.07551
-4.18625,584.467,32.073,166.23,3.50678
1.65166,538.278,35.9203,178.797,4.22821
0.715867,514.153,33.2681,166.648,4.09783
-3.19362,561.551,31.875,164.048,3.6154
-3.57562,528.077,29.5883,152.69,3.573
-0.971031,511.186,31.2719,158.47,3.87814
-1.82038,592.485,35.2278,179.569,3.77437
-1.03491,590.627,36.0546,182.786,3.87018
-4.43957,532.356,28.9614,150.374,3.47985
-1.0865,514.64,31.3618,159.052,3.86377
0.282194,536.301,34.2064,171.855,4.03953
1.48601,510.861,33.9056,168.957,4.20466
1.40914,556.673,36.8527,183.738,4.1938
-2.53632,510.474,29.6279,151.781,3.69018
-4.43127,540.572,29.4167,152.729,3.48073
-0.168808,571.155,35.8879,180.86,3.98027
-4.74272,575.281,30.9731,161.168,3.44804
0.163543,557.478,35.4174,178.083,4.02381
-0.0590136,583.458,36.795,185.292,3.99457
-2.65709,520.762,30.1019,154.34,3.67626
-4.40014,545.572,29.7205,154.272,3.48402
0.755507,554.375,35.9176,179.872,4.10322
-3.72927,517.861,28.8645,149.117,3.55616
-0.300255,560.478,35.0633,176.864,3.96325
-3.95444,542.481,30.0056,155.259,3.53169
0.718819,526.655,34.0803,170.713,4.09823
-4.77807,531.563,28.5846,148.777,3.44435
0.827794,529.356,34.3787,172.08,4.11309
-2.17769,502.296,29.5082,150.79,3.73199
1.49054,594.903,39.4893,196.775,4.2053
0.328205,544.327,34.7713,174.638,4.04566
-2.58917,556.044,32.2152,165.097,3.68408
1.43198,514.86,34.1102,170.039,4.19702
-2.27307,548.465,32.1171,164.23,3.7208
-0.321338,510.18,31.8943,160.902,3.96053
0.224168,589.291,37.5139,188.547,4.03183
-4.10972,506.047,27.8424,144.225,3.51497
-2.32173,555.304,32.4642,166.062,3.71511
-1.62447,545.813,32.6671,166.29,3.79792
1.71119,560.611,37.4839,186.505,4.23672
-1.59461,590.895,35.4008,180.168,3.80153
-3.30165,542.092,30.6578,157.904,3.60333
-3.06395,532.998,30.3877,156.25,3.62997
-0.209136,577.302,36.2255,182.612,3.97503
-2.18067,594.723,34.9345,178.522,3.73164
-3.92454,502.41,27.8175,143.907,3.53493
-3.31502,573.408,32.4141,166.965,3.60184
1.69182,553.598,36.9915,184.078,4.23395
-1.1645,506.907,30.8101,156.338,3.85412
-0.329113,578.19,36.1366,182.314,3.95953
-0.0188486,592.452,37.4121,188.348,3.99982
-4.99652,537.346,28.6797,149.505,3.42174
-4.59772,577.128,31.2274,162.323,3.4632
1.73897,520.178,34.8122,173.179,4.2407
-3.77333,580.768,32.3223,167.032,3.55135
-2.81427,512.381,29.4603,151.217,3.65827
0.278444,532.651,33.9694,170.669,4.03903
-3.63741,546.921,30.5798,157.876,3.56621
-2.6065,583.014,33.758,173.024,3.68208
-0.738881,563.265,34.7262,175.692,3.90727
-0.0534322,529.061,33.3707,168.042,3.9953
-3.29942,565.869,32.0049,164.839,3.60358
-0.753408,589.754,36.3416,183.884,3.90544
-1.9475,569.703,33.7287,172.08,3.7592
0.794494,531.532,34.4821,172.637,4.10854
0.570614,569.996,36.7046,184.044,4.07816
1.23053,522.788,34.4064,171.749,4.16874
-2.47367,583.287,33.9257,173.722,3.69743
0.248426,580.072,36.9567,185.716,4.03505
-1.91693,550.765,32.641,166.495,3.76284
-4.13475,596.227,32.776,169.812,3.51229
-2.00266,518.079,30.6154,156.256,3.75265
0.686804,514.612,33.2658,166.669,4.09388
1.47023,545.055,36.1562,180.191,4.20242
1.23561,515.371,33.924,169.335,4.16945
0.348508,576.788,36.8697,185.152,4.04836
-0.614744,567.481,35.1313,177.59,3.92299
-2.83203,554.295,31.8512,163.509,3.65625
-1.77917,582.863,34.7037,176.847,3.7793
-3.84202,516.926,28.7019,148.395,3.54387
-0.304843,508.534,31.8088,160.453,3.96266
-0.909104,562.748,34.4976,174.741,3.88588
-0.763886,517.179,31.8583,161.211,3.90412
-1.96002,598.609,35.4251,180.751,3.75772
-4.23829,542.586,29.7219,154.102,3.50122
0.83504,558.393,36.2732,181.554,4.11408
-1.9064,536.056,31.7806,162.095,3.7641
-2.06,579.506,34.1794,174.516,3.74586
-0.690528,512.002,31.6167,159.907,3.91338
1.4819,565.565,37.5311,187.029,4.20407
0.966387,559.744,36.5191,182.622,4.13211
1.34298,544.286,35.9543,179.339,4.18449
-0.219452,544.231,34.1386,172.104,3.9737
-1.32428,540.362,32.6682,165.95,3.83445
-1.34337,584.566,35.318,179.434,3.83211
-3.70573,580.013,32.3547,167.12,3.55873
-1.15787,593.606,36.0877,183.11,3.85494
-1.43098,501.781,30.2274,153.665,3.8214
-4.36569,540.547,29.4814,152.994,3.48767
-1.68089,589.656,35.2243,179.378,3.79111
-2.48507,526.91,30.6349,156.883,3.69611
1.21534,598.692,39.3823,196.608,4.16662
-0.884374,573.954,35.2136,178.337,3.88897
0.228728,565.144,35.9822,180.843,4.03244
-4.29211,568.117,31.0632,161.118,3.49548
-2.01831,511.421,30.2061,154.184,3.7508
-2.52997,554.028,32.1627,164.759,3.69091
-3.14435,518.982,29.508,151.813,3.62092
0.172237,572.662,36.3926,182.976,4.02496
-4.78754,559.362,30.0698,156.517,3.44337
1.23677,574.142,37.794,188.651,4.16961
-3.93279,523.563,28.9806,149.933,3.53403
-0.237024,536.569,33.6383,169.602,3.97142
-0.818065,549.514,33.7889,171.044,3.8973
-1.01473,573.906,35.0576,177.707,3.87269
-0.344306,509.447,31.8241,160.574,3.95757
1.74409,587.509,39.3249,195.621,4.24144
0.360238,543.979,34.786,174.674,4.04993
0.903105,588.75,38.3313,191.766,4.12341
-0.0540519,563.302,35.5297,178.914,3.99522
-3.47742,562.166,31.6037,162.978,3.58382
-1.63703,566.12,33.8682,172.419,3.7964
0.323952,503.795,32.1776,161.616,4.04509
-0.79414,527.648,32.4703,164.342,3.90031
-4.19338,570.053,31.2744,162.1,3.50601
-4.925,581.148,31.0938,162.007,3.42912
-4.57333,525.386,28.4515,147.868,3.46576
0.16599,580.181,36.8627,185.348,4.02413
-0.280171,518.207,32.4405,163.612,3.96584
0.511276,585.821,37.6496,188.858,4.07016
-1.0427,595.739,36.3573,184.33,3.86921
1.27924,507.974,33.4852,167.095,4.17555
-2.16769,539.839,31.7245,162.103,3.73316
-4.55643,550.858,29.8482,155.108,3.46753
-0.772294,534.728,32.93,166.643,3.90306
-0.221425,590.085,37.0125,186.595,3.97344
-3.19196,572.707,32.5101,167.314,3.61558
-0.747575,563.446,34.7272,175.708,3.90617
-1.66262,505.999,30.2454,154.003,3.79331
-1.17144,538.843,32.7436,166.157,3.85326
-4.59043,514.831,27.8636,144.83,3.46396
-0.182962,530.448,33.3144,167.907,3.97843
-3.2001,569.427,32.315,166.32,3.61467
-3.24725,553.798,31.3778,161.55,3.6094
-4.54076,566.513,30.7129,159.584,3.46918
-3.66746,522.728,29.1972,150.77,3.56292
-0.798063,567.287,34.9051,176.67,3.89981
-0.695091,518.284,31.9997,161.85,3.9128
0.139054,552.541,35.0752,176.392,4.02058
-3.80851,541.664,30.1099,155.638,3.54752
1.11904,514.069,33.7085,168.392,4.15322
-3.78548,571.406,31.7881,164.286,3.55003
-2.42453,570.24,33.222,170.06,3.70313
-0.297101,509.727,31.8917,160.862,3.96366
-3.81251,599.938,33.3446,172.363,3.54708
-1.61338,513.621,30.7518,156.528,3.79926
1.22541,507.994,33.4271,166.867,4.16803
-0.534208,572.625,35.5451,179.582,3.93324
-0.315793,519.522,32.4843,163.873,3.96125
0.00874816,512.014,32.3622,162.894,4.00344
-2.07618,558.42,32.9178,168.093,3.74395
-2.44444,518.787,30.204,154.633,3.70082
-3.45346,578.486,32.5478,167.817,3.58647
-2.06074,589.12,34.7455,177.408,3.74578
-4.32161,530.701,28.9881,150.386,3.49235
1.02971,549.058,35.8968,179.433,4.14084
-0.543785,577.779,35.8536,181.153,3.93202
-0.729714,560.453,34.5634,174.858,3.90843
-1.9922,591.912,34.9908,178.575,3.7539
-3.14419,573.202,32.591,167.674,3.62094
1.64909,599.678,40.0143,199.178,4.22784
-3.86662,556.08,30.85,159.529,3.5412
-3.95291,593.787,32.8451,169.95,3.53186
1.64218,595.59,39.7325,197.785,4.22685
-0.322721,555.101,34.701,175.063,3.96035
-3.64169,595.266,33.278,171.811,3.56574
-4.43852,599.892,32.6366,169.455,3.47996
-4.68649,561.291,30.2782,157.489,3.4539
1.07032,569.205,37.264,186.215,4.14646
0.176253,506.75,32.2081,161.933,4.02549
-3.16558,572.412,32.5225,167.347,3.61854
-3.59876,506.828,28.3754,146.455,3.57045
-4.45071,572.036,31.1082,161.534,3.47867
-1.63471,565.539,33.8361,172.253,3.79668
-3.13962,574.817,32.6878,168.167,3.62145
1.31516,571.103,37.6911,188.038,4.18058
-1.88549,573.151,34.0037,173.408,3.76659
-4.00121,566.549,31.2868,161.943,3.52664
-1.88414,582.384,34.553,176.208,3.76675
1.30734,517.24,34.1276,170.269,4.17949
-2.29579,512.83,30.0074,153.467,3.71814
-3.58476,579.474,32.458,167.51,3.57199
-1.57869,563.544,33.7802,171.902,3.80346
-2.1846,545.447,32.0358,163.713,3.73117
-1.86863,510.368,30.2961,154.482,3.7686
-2.90747,565.026,32.385,166.337,3.64767
0.821513,507.276,32.9379,164.875,4.11223
-4.07907,517.371,28.4952,147.575,3.51826
0.187037,540.729,34.3801,172.84,4.02691
-0.967482,587.771,35.9613,182.228,3.87858
-4.31238,560.245,30.6115,158.798,3.49333
-1.23655,554.949,33.6488,170.828,3.84523
-3.538,528.383,29.6434,152.934,3.57714
0.135311,572.5,36.3377,182.746,4.02008
-2.64635,527.481,30.5014,156.376,3.6775
-4.06411,503.904,27.7677,143.792,3.51987
-0.123507,555.923,34.9835,176.248,3.98616
-4.24344,528.883,28.9661,150.189,3.50067
-2.50389,583.11,33.8808,173.529,3.69393
0.457663,514.555,33.0108,165.65,4.06296
-1.57588,538.445,32.2788,164.258,3.8038
0.416001,545.487,34.9469,175.415,4.05738
-2.22018,538.102,31.5665,161.355,3.727
-3.09003,597.73,34.0481,175.104,3.62703
1.7013,507.962,33.9527,168.946,4.2353
-4.56768,506.44,27.4309,142.557,3.46635
1.50632,551.387,36.6197,182.457,4.20753
0.992099,522.338,34.1075,170.533,4.13565
-0.260053,517.944,32.4458,163.616,3.96844
-4.4437,525.66,28.5931,148.466,3.47941
-2.57971,569.268,32.9919,169.066,3.68517
1.11371,513.521,33.6666,168.189,4.15248
-2.84635,542.057,31.1329,159.838,3.65462
-4.22839,562.484,30.8223,159.796,3.50227
1.17583,565.502,37.1505,185.516,4.16111
-2.83118,539.24,30.987,159.072,3.65634
0.559519,584.945,37.6534,188.816,4.07666
1.44648,577.818,38.2996,190.904,4.19907
-3.64373,578.185,32.3209,166.872,3.56552
-1.41249,564.446,34.0235,172.94,3.82366
-4.81641,523.944,28.1379,146.492,3.44037
0.338066,562.21,35.9254,180.423,4.04697
-4.70753,573.506,30.9149,160.824,3.45171
0.598277,532.3,34.3086,171.997,4.08189
-3.23493,541.947,30.7191,158.145,3.61078
-3.57882,511.205,28.6399,147.799,3.57265
-2.93438,507.619,29.0681,149.329,3.64461
1.64476,598.182,39.9088,198.659,4.22722
-1.62479,591.544,35.4038,180.221,3.79788
-0.44738,527.135,32.8162,165.697,3.94434
0.554289,525.953,33.8501,169.75,4.07596
0.602607,526.761,33.9564,170.227,4.08248
-2.38512,513.608,29.9624,153.332,3.70772
-4.64636,522.479,28.2234,146.758,3.4581
-3.40521,507.109,28.5786,147.302,3.59182
0.247714,517.922,32.9964,165.815,4.03495
-2.46717,592.399,34.4633,176.467,3.69819
-1.9015,516.049,30.5995,156.065,3.76468
-2.0186,541.689,31.9935,163.308,3.75077
-1.50284,598.8,35.985,183.025,3.81266
-4.74424,570.586,30.7187,159.846,3.44788
-1.92336,536.741,31.803,162.228,3.76208
0.173504,592.449,37.6516,189.305,4.02513
-1.1342,588.936,35.8322,181.783,3.85786
-0.836172,583.626,35.8648,181.575,3.89502
0.24736,518.485,33.0319,165.994,4.03491
-1.88493,582.305,34.5474,176.18,3.76666
-0.388008,526.39,32.8347,165.722,3.95195
-2.65246,561.614,32.4684,166.468,3.6768
1.14572,551.157,36.1722,180.667,4.15692
-3.30892,515.131,29.1258,150.021,3.60252
-2.9604,580.026,33.1851,170.511,3.64166
1.65012,557.339,37.1904,185.12,4.22799
0.272059,505.647,32.2404,161.989,4.03819
-0.975181,561.173,34.3251,173.947,3.87762
-4.5426,525.867,28.5076,148.126,3.46899
0.437449,532.96,34.1687,171.484,4.06025
0.943012,543.186,35.4114,177.111,4.12889
0.119365,506.811,32.1513,161.71,4.01798
1.00074,500.711,32.7047,163.509,4.13684
-3.82382,580.305,32.241,166.672,3.54585
-1.14068,549.589,33.431,169.609,3.85706
-0.721248,507.722,31.3203,158.442,3.9095
0.552448,599.225,38.5636,193.389,4.07571
1.13742,551.968,36.2155,180.894,4.15577
-1.20689,535.081,32.4764,164.841,3.84888
-4.84004,526.203,28.2363,147.029,3.43792
0.724341,520.429,33.6836,168.719,4.09898
1.43174,538.541,35.6789,177.859,4.19699
1.42499,546.773,36.2162,180.545,4.19603
-2.73878,580.529,33.4641,171.677,3.6669
-2.9354,576.318,33.0009,169.534,3.6445
1.99409,588.333,39.7046,197.177,4.27755
-2.39646,519.121,30.2725,154.931,3.7064
-0.579575,557.129,34.5309,174.513,3.92746
0.131372,586.985,37.2522,187.35,4.01956
-3.8364,548.497,30.4607,157.483,3.54449
-1.85253,520.214,30.8973,157.53,3.77052
0.712972,500.988,32.4131,162.368,4.09744
-4.26426,596.313,32.6359,169.242,3.49845
-2.12665,520.998,30.6596,156.617,3.738
-2.63679,538.659,31.1578,159.731,3.6786
1.98604,585.738,39.519,196.267,4.27638
-2.59723,530.818,30.7454,157.573,3.68315
0.059221,538.712,34.1069,171.616,4.01006
-0.71433,549.756,33.9211,171.59,3.91037
-3.04863,516.522,29.4636,151.483,3.63169
1.02448,582.571,38.0813,190.359,4.14012
-4.21891,503.115,27.578,142.966,3.50329
-3.34896,528.192,29.8237,153.659,3.59806
0.951447,518.702,33.8247,169.165,4.13005
0.234757,558.149,35.5439,178.633,4.03323
0.539913,591.813,38.0707,190.934,4.07402
-0.181215,587.496,36.8994,185.974,3.97866
1.55898,563.012,37.4566,186.56,4.215
0.933495,573.058,37.3471,186.804,4.12758
-1.7859,510.48,30.3871,154.858,3.7785
-4.46578,541.532,29.4341,152.857,3.47708
1.96645,591.269,39.8665,198.019,4.27353
-0.22418,568.318,35.6439,179.699,3.97309
1.70375,556.863,37.2243,185.222,4.23565
1.38002,541.682,35.8259,178.654,4.1897
-0.925337,539.268,33.0403,167.378,3.88385
-3.28593,533.103,30.1655,155.351,3.60508
-4.48416,513.838,27.9113,144.968,3.47514
-1.14386,577.642,35.1337,178.251,3.85667
-4.08052,521.692,28.7318,148.801,3.51811
-0.107587,548.23,34.5176,173.881,3.98823
-3.72703,506.093,28.2108,145.737,3.5564
0.730776,554.564,35.9005,179.816,4.09986
-4.18733,511.016,28.0413,145.336,3.50666
-3.48598,513.364,28.8518,148.795,3.58288
1.27649,599.865,39.539,197.308,4.17516
0.852077,514.39,33.4336,167.322,4.11641
-1.9168,584.665,34.6503,176.744,3.76286
-2.07172,559.249,32.9716,168.363,3.74448
1.24319,509.554,33.5494,167.457,4.17051
-2.79035,598.78,34.4559,176.829,3.661
-0.3615,533.802,33.3264,168.173,3.95536
0.628657,592.12,38.2025,191.479,4.086
1.27616,583.117,38.4346,191.798,4.17512
-0.899449,515.759,31.6273,160.191,3.88709
-1.98168,528.441,31.2498,159.471,3.75514
-3.21787,590.2,33.4736,172.305,3.61268
-4.35912,529.876,28.9059,150,3.48837
1.58064,568.359,37.8392,188.438,4.21808
-2.66207,536.591,31.0117,159.01,3.67569
-3.47654,503.625,28.3136,146.01,3.58392
-0.95149,522.612,31.9918,162.096,3.88058
0.0952969,509.211,32.2777,162.372,4.01481
-0.641355,505.861,31.2888,158.195,3.91961
-4.78058,512.526,27.5586,143.439,3.44409
-2.14008,569.73,33.5122,171.205,3.73641
-1.42985,585.442,35.2685,179.29,3.82154
-1.1862,530.956,32.2484,163.661,3.85144
-0.529072,592.822,36.8051,185.942,3.93389
-0.0437295,525.355,33.1476,166.907,3.99657
-0.791467,599.786,36.9129,186.823,3.90064
1.82463,545.938,36.6391,182.162,4.25302
-0.314529,552.177,34.5276,174.179,3.96141
-1.09653,578.628,35.2495,178.78,3.86253
-4.98089,528.779,28.2376,147.184,3.42335
-0.116681,570.637,35.9175,180.945,3.98705
-2.52118,557.227,32.358,165.75,3.69193
-4.68361,577.839,31.174,162.144,3.4542
-1.89521,526.665,31.2355,159.302,3.76543
-0.446757,575.234,35.8113,180.819,3.94442
-2.02628,559.884,33.0596,168.759,3.74985
-1.32994,585.264,35.3761,179.713,3.83376
-2.81898,572.042,32.8855,168.803,3.65773
-2.58563,550.294,31.8859,163.405,3.68449
-1.45647,596.426,35.8982,182.525,3.8183
1.92149,591.635,39.8324,197.909,4.26701
-4.41835,573.54,31.2245,162.1,3.48209
0.149939,564.683,35.859,180.321,4.02201
-1.69233,537.696,32.108,163.521,3.78974
-3.36528,505.207,28.5101,146.908,3.59625
1.61182,538.148,35.8647,178.567,4.22252
0.598916,551.769,35.5641,178.291,4.08198
-3.8381,527.001,29.2653,151.304,3.5443
1.90351,527.496,35.4933,176.371,4.26441
-0.840272,598.31,36.7621,186.123,3.89451
1.38888,550.211,36.4006,181.509,4.19094
-1.56746,514.487,30.8512,156.984,3.80482
-0.890454,534.361,32.7778,166.008,3.88821
-2.78476,520.684,29.9677,153.789,3.66164
-1.80513,586.35,34.8809,177.782,3.77619
0.604725,586.962,37.8398,189.692,4.08276
-1.29379,516.458,31.255,158.737,3.83819
-3.21718,570.453,32.3544,166.543,3.61276
-1.95369,538.937,31.9006,162.76,3.75847
0.520038,576.591,37.0671,185.926,4.07134
-0.106034,552.574,34.7929,175.266,3.98844
-2.57992,547.965,31.7571,162.738,3.68515
-2.46853,565.798,32.9142,168.537,3.69803
0.457379,515.834,33.0925,166.06,4.06293
-0.0956462,593.316,37.3711,188.241,3.98979
-1.81309,517.364,30.7688,156.832,3.77524
-1.97567,547.894,32.4068,165.368,3.75586
-4.3513,500.432,27.307,141.695,3.4892
-1.01422,550.379,33.621,170.424,3.87276
0.973338,514.953,33.6045,168.039,4.13307
1.89956,592.639,39.8713,198.132,4.26384
0.249978,565.583,36.0355,181.085,4.03525
-1.8322,538.609,32.0117,163.189,3.77295
-1.52429,596.048,35.7939,182.08,3.81005
-2.14053,541.862,31.8725,162.829,3.73636
-2.35733,599.555,35.0091,179.124,3.71096
-1.7222,559.479,33.3753,170.01,3.78614
-1.49474,559.295,33.6201,170.987,3.81364
-4.32045,590.184,32.2385,167.247,3.49247
0.455508,588.778,37.7698,189.534,4.06267
-3.10761,593.877,33.8084,173.893,3.62505
-3.46087,549.781,30.9249,159.458,3.58565
-3.65766,539.921,30.1676,155.77,3.56399
-3.85506,564.902,31.3518,162.111,3.54246
-3.94318,572.46,31.6759,163.889,3.53291
-1.34809,523.136,31.6015,160.558,3.83153
0.300829,568.902,36.3082,182.391,4.04201
1.09586,555.901,36.4236,181.984,4.15
1.4904,509.599,33.8267,168.559,4.20528
-4.46919,535.482,29.1019,151.135,3.47672
1.507,557.579,37.0318,184.509,4.20763
-2.67219,569.584,32.9072,168.741,3.67453
-1.41752,587.865,35.4291,180.091,3.82305
-1.50234,520.804,31.2983,159.187,3.81272
-2.59352,583.593,33.8064,173.256,3.68358
-1.14668,591.311,35.9616,182.456,3.85632
-0.902952,505.678,31.0055,157.046,3.88665
1.47791,573.815,38.0736,189.737,4.20351
1.62836,546.345,36.4308,181.366,4.22488
-4.36671,523.12,28.53,148.057,3.48756
0.240055,528.683,33.6734,169.226,4.03394
-0.742637,525.84,32.4148,164.002,3.9068
-3.81184,581.958,32.346,167.2,3.54716
-3.01953,525.824,30.0238,154.331,3.63498
-1.84601,590.789,35.0967,178.933,3.7713
0.572586,573.004,36.9007,185.025,4.07842
-0.866044,551.067,33.8302,171.309,3.89127
1.39809,575.155,38.0624,189.784,4.19224
-2.2964,574.965,33.6424,172.058,3.71807
1.81168,532.993,35.7552,177.782,4.25115
-4.17296,532.794,29.2507,151.588,3.5082
-2.90016,558.274,32.0059,164.382,3.6485
-1.09768,538.265,32.7893,166.304,3.86239
1.37133,526.409,34.8059,173.578,4.18847
-1.52024,574.463,34.5023,175.505,3.81054
0.940591,540.023,35.2024,176.068,4.12856
-2.90372,532.775,30.5404,156.859,3.64809
-1.92391,584.586,34.6373,176.687,3.76201
1.81708,569.976,38.2429,190.145,4.25193
1.95129,540.333,36.414,180.888,4.27133
-3.3498,519.69,29.3429,151.182,3.59797
-1.54062,521.165,31.2798,159.136,3.80807
-3.30736,503.828,28.4883,146.736,3.60269
-2.13546,533.314,31.3751,160.282,3.73696
1.97912,594.749,40.1178,199.25,4.27537
-3.70446,525.412,29.3102,151.393,3.55887
-3.64527,513.749,28.7174,148.269,3.56535
1.2891,510.931,33.6911,168.112,4.17693
1.78049,565.674,37.9086,188.53,4.24666
-2.90397,530.833,30.4287,156.286,3.64806
1.40685,548.333,36.2978,180.975,4.19348
0.738295,595.617,38.5677,193.166,4.10088
-4.86764,598.086,32.0632,166.989,3.43505
-0.634152,549.445,33.9927,171.858,3.92053
-4.07628,562.862,31.0037,160.563,3.51856
-0.815808,521.454,32.066,162.32,3.89758
-4.62817,538.468,29.1052,151.324,3.46001
-1.97694,507.068,29.9907,153.041,3.75571
-3.86933,500.334,27.7548,143.526,3.54091
-2.41145,540.29,31.491,161.184,3.70465
-1.48454,550.792,33.1203,168.433,3.81488
-3.24648,528.651,29.9537,154.217,3.60949
-1.09182,548.507,33.4198,169.495,3.86311
0.715565,515.425,33.3501,167.059,4.09779
-2.52155,536.269,31.1406,159.514,3.69189
1.29662,553.234,36.4896,182.066,4.17798
1.42142,598.242,39.6206,197.522,4.19553
-1.88529,553.764,32.8537,167.544,3.76661
-4.27973,555.586,30.3909,157.617,3.4968
-2.09995,572.31,33.7095,172.165,3.74114
0.391848,599.641,38.3856,192.707,4.05415
-0.10438,503.617,31.7121,159.745,3.98865
1.14728,507.189,33.2883,166.262,4.15714
-2.30386,535.231,31.3096,160.135,3.7172
-4.38131,599.039,32.6541,169.477,3.48601
-1.13084,523.825,31.8743,161.7,3.85828
-1.37795,594.625,35.8841,182.354,3.82788
-3.40148,530.039,29.8746,153.978,3.59223
-3.04129,568.872,32.4579,166.869,3.63252
-0.545143,572.225,35.5073,179.405,3.93184
-2.64883,593.685,34.3267,175.991,3.67721
-2.85721,531.4,30.5095,156.649,3.65338
-4.28748,565.255,30.9116,160.326,3.49598
-1.75161,577.46,34.4139,175.337,3.78261
0.159528,511.288,32.4785,163.311,4.02328
-1.65003,554.189,33.1399,168.727,3.79483
-1.14821,549.726,33.4309,169.618,3.85613
1.555,534.818,35.5762,177.199,4.21444
-4.64819,581.666,31.4186,163.375,3.45791
1.06431,533.563,34.9236,174.527,4.14563
-4.13656,544.12,29.9097,154.963,3.51209
-0.292869,595.84,37.2847,188.059,3.9642
1.6629,510.271,34.064,169.543,4.22981
-3.70388,546.606,30.4931,157.502,3.55893
1.47233,588.737,39.0565,194.643,4.20272
-3.29134,558.207,31.5802,162.643,3.60448
-0.414398,504.922,31.4679,158.853,3.94856
-4.57438,517.496,28.0232,145.643,3.46565
-1.33138,551.606,33.3401,169.371,3.83358
0.139714,569.03,36.1227,181.66,4.02066
-4.97061,579.344,30.9488,161.304,3.42441
1.13491,543.398,35.6503,178.074,4.15542
-2.12196,513.635,30.2311,154.423,3.73855
0.688363,592.008,38.2708,191.744,4.09409
-1.28563,547.847,33.1637,168.422,3.83919
-1.82286,551.012,32.7591,166.989,3.77407
-4.58381,550.218,29.7856,154.813,3.46466
-3.76502,556.27,30.9676,160.022,3.55225
1.77395,599.093,40.1397,199.634,4.24572
1.62016,536.715,35.779,178.131,4.22371
0.935795,598.499,39.0081,195.109,4.1279
-4.47719,544.938,29.6077,153.771,3.47588
-3.9003,593.588,32.8931,170.135,3.53755
-0.505031,567.987,35.2915,178.266,3.93696
-2.05804,504.23,29.7415,151.855,3.7461
-2.06695,510.365,30.0944,153.666,3.74504
1.39769,535.801,35.4576,176.796,4.19218
-2.35998,574.101,33.5199,171.507,3.71065
0.67673,527.477,34.086,170.791,4.09251
0.722998,567.725,36.7431,184.046,4.0988
-0.374421,588.876,36.749,185.461,3.9537
-4.39629,553.574,30.1603,156.551,3.48443
-2.59987,539.564,31.2491,160.158,3.68285
-3.46343,521.656,29.3403,151.29,3.58537
-2.31859,590.96,34.5524,176.739,3.71547
-0.7662,547.941,33.7506,170.789,3.90383
-1.43608,577.372,34.7751,176.789,3.82078
1.15489,537.678,35.2983,176.291,4.1582
1.5169,511.962,34.0132,169.458,4.20903
0.632503,562.426,36.2913,181.895,4.08652
0.307898,598.569,38.2105,191.938,4.04295
-4.3769,546.493,29.7943,154.63,3.48648
-4.42397,555.31,30.2263,156.924,3.4815
-0.813552,560.777,34.4867,174.571,3.89786
0.129653,534.717,33.9332,170.66,4.01933
-4.9424,540.404,28.8966,150.577,3.42732
-1.21935,589.598,35.7703,181.576,3.84735
-0.71721,545.966,33.684,170.394,3.91001
-1.1995,591.517,35.9106,182.263,3.84979
-0.746391,541.275,33.3621,168.8,3.90632
-3.30961,561.455,31.7443,163.509,3.60244
0.321468,530.42,33.8753,170.146,4.04476
1.43533,542.299,35.9321,179.117,4.19749
1.22277,513.937,33.8153,168.807,4.16766
-0.344123,505.966,31.6069,159.477,3.9576
0.991183,514.413,33.589,167.941,4.13553
0.691747,531.005,34.3311,172.001,4.09455
-0.870622,544.214,33.4043,169.158,3.8907
-2.83844,534.799,30.7242,157.731,3.65552
-4.03275,519.199,28.6411,148.282,3.52325
-0.398515,518.432,32.327,163.171,3.9506
-0.415846,567.779,35.3836,178.621,3.94838
-2.48853,537.478,31.2456,160.015,3.69571
0.3019,539.2,34.4137,172.873,4.04215
-2.8275,532.844,30.6232,157.201,3.65676
-3.58364,582.75,32.6428,168.462,3.57212
1.54178,591.164,39.3073,195.801,4.21256
-2.18412,583.428,34.2671,175.115,3.73123
-4.19993,595.04,32.638,169.175,3.50531
-0.783578,567.402,34.9291,176.773,3.90164
-3.16188,583.506,33.1569,170.607,3.61896
1.7022,598.619,40.0135,199.103,4.23543
-1.86132,504.254,29.9405,152.662,3.76947
1.1368,527.914,34.6366,173.008,4.15568
-4.42313,590.113,32.1216,166.763,3.48159
0.671227,540.637,34.9301,175.026,4.09177
1.98116,506.573,34.1724,169.719,4.27567
-1.85077,505.725,30.0385,153.15,3.77073
-3.29666,586.617,33.1815,170.896,3.60389
-0.240237,508.872,31.8985,160.834,3.97101
-1.60683,562.599,33.6917,171.485,3.80005
-1.60272,588.207,35.2302,179.31,3.80055
1.10968,559.586,36.6818,183.257,4.15192
-2.17267,538.9,31.664,161.8,3.73258
-1.60525,535.81,32.0891,163.326,3.80024
-4.92209,585.807,31.3462,163.318,3.42942
-2.71891,529.784,30.5595,156.754,3.66917
0.382446,583.958,37.37,187.621,4.05289
0.0542314,542.146,34.3186,172.687,4.00941
-3.8266,510.717,28.3721,146.674,3.54555
-4.5179,559.947,30.3808,157.832,3.47159
-4.79742,527.152,28.3286,147.465,3.44234
-0.393067,559.497,34.8939,176.122,3.9513
1.03535,581.94,38.0537,190.207,4.14162
-4.15222,515.143,28.3017,146.649,3.51042
-3.62181,593.738,33.2151,171.462,3.56792
-0.481752,539.897,33.5722,169.554,3.93994
-1.6,524.046,31.3901,159.762,3.80088
-0.87331,540.767,33.1898,168.075,3.89036
-0.756405,559.682,34.4851,174.494,3.90506
-0.873666,516.511,31.7007,160.534,3.89032
-3.1989,507.569,28.8057,148.257,3.61481
-3.6897,526.445,29.3826,151.751,3.56048
-2.11303,512.158,30.1533,154.016,3.7396
0.661458,500.998,32.3586,162.152,4.09044
-3.48165,528.42,29.7023,153.177,3.58336
-4.0476,563.216,31.0536,160.788,3.52165
0.49563,520.159,33.4123,167.621,4.06806
-2.64611,508.592,29.4094,150.777,3.67753
-3.75197,520.976,29.0157,149.922,3.55368
1.79658,582.184,39.0357,194.114,4.24898
1.78359,566.891,37.9941,188.951,4.24711
0.271444,510.122,32.525,163.42,4.0381
-2.52614,537.351,31.1986,159.816,3.69136
-3.70759,506.901,28.2745,146.047,3.55853
-0.0230722,592.267,37.3952,188.268,3.99927
0.500909,584.833,37.5732,188.489,4.06877
1.05832,514.495,33.6689,168.264,4.1448
-4.56966,566.567,30.6855,159.474,3.46614
0.520335,594.92,38.2458,191.838,4.07138
0.352167,576.793,36.8745,185.171,4.04885
-4.37624,555.751,30.2997,157.252,3.48655
-3.83286,512.036,28.4393,147.028,3.54487
-1.9356,571.33,33.8386,172.626,3.76062
-3.14608,587.637,33.4096,171.888,3.62073
-2.40916,583.653,34.0211,174.132,3.70492
0.635334,591.585,38.1764,191.34,4.0869
-2.75666,506.867,29.2002,149.821,3.66485
1.1412,512.314,33.618,167.915,4.15629
-0.41635,569.803,35.5091,179.256,3.94831
0.286762,560.934,35.783,179.77,4.04014
-1.13139,590.85,35.952,182.388,3.85821
1.02986,535.966,35.0411,175.155,4.14086
-2.27258,545.431,31.94,163.324,3.72085
0.778997,522.903,33.9049,169.765,4.10643
-0.759048,579.144,35.6811,180.549,3.90473
0.767155,546.205,35.402,177.275,4.10481
-1.9761,552.814,32.6973,166.851,3.75581
1.46544,593.091,39.3365,196.047,4.20175
-1.7873,553.064,32.9205,167.77,3.77833
0.467832,566.447,36.3521,182.404,4.06433
-3.76438,578.337,32.1968,166.373,3.55232
1.51071,501.303,33.2983,165.903,4.20816
0.819345,556.242,36.1148,180.78,4.11193
-4.29665,520.253,28.4417,147.525,3.495
-1.47307,510.974,30.7378,156.305,3.81628
0.150973,542.34,34.4413,173.19,4.02215
-1.73891,513.251,30.6004,155.894,3.78413
-0.480104,567.259,35.2756,178.154,3.94015
-2.55048,505.007,29.2966,150.099,3.68854
-0.10467,511.612,32.2152,162.28,3.98861
-2.14548,517.145,30.4136,155.381,3.73578
-0.0177505,517.533,32.6823,164.535,3.99997
-3.88818,518.59,28.749,148.688,3.53887
-2.20562,548.922,32.2171,164.664,3.7287
-0.554502,587.512,36.4445,184.152,3.93065
-3.37797,583.195,32.897,169.528,3.59484
-4.54942,501.033,27.155,141.105,3.46827
-0.389371,527.694,32.9145,166.127,3.95178
-4.66565,515.442,27.8248,144.706,3.45608
0.468522,581.139,37.2958,187.139,4.06442
-1.43513,598.291,36.0362,183.2,3.8209
-3.28447,584.198,33.0584,170.247,3.60524
-3.30606,563.469,31.862,164.111,3.60284
-0.373617,513.068,32.019,161.59,3.9538
-3.133,538.821,30.6478,157.665,3.6222
-2.71019,566.572,32.6911,167.678,3.67017
1.56824,543.312,36.157,180.076,4.21632
-4.14747,545.131,29.9541,155.205,3.51092
0.355013,586.893,37.5237,188.428,4.04923
-2.50168,532.26,30.9286,158.406,3.69419
1.37333,531.191,35.1243,175.163,4.18876
-2.20128,518.989,30.4647,155.703,3.72921
-4.07252,572.988,31.5655,163.468,3.51897
-1.70048,536.218,32.011,163.036,3.78875
-3.54322,551.747,30.9486,159.674,3.57656
1.59376,535.779,35.6856,177.697,4.21995
-3.74331,567.814,31.6337,163.439,3.55462
0.469364,503.72,32.3282,162.212,4.06453
-0.501494,580.239,36.057,182.128,3.93741
1.1598,578.438,37.9803,189.68,4.15888
-3.20039,524.331,29.7555,153.147,3.61464
-3.49238,530.085,29.7851,153.615,3.58217
1.55738,525.205,34.9395,174.025,4.21478
-2.58182,506.881,29.3742,150.529,3.68493
0.0271777,502.657,31.7903,159.995,4.00585
-1.56911,514.773,30.8667,157.065,3.80462
-3.45887,557.527,31.3627,161.714,3.58588
1.62054,531.45,35.4284,176.385,4.22377
-4.41799,593.309,32.3012,167.689,3.48213
0.842071,540.701,35.1321,175.834,4.11504
-3.77963,501.458,27.9024,144.198,3.55066
0.591172,570.527,36.7638,184.315,4.08093
-1.65912,597.932,35.7449,182.001,3.79374
-0.0954331,535.945,33.7577,170.04,3.98982
-2.31544,514.166,30.0656,153.785,3.71584
-4.99243,584.302,31.1902,162.588,3.42216
-1.61737,573.306,34.3208,174.699,3.79878
-1.25051,500.679,30.344,154.065,3.84351
-2.79116,579.057,33.3201,171.001,3.66091
1.79396,589.76,39.5403,196.626,4.2486
-1.22473,594.548,36.0642,183.075,3.84669
-2.87158,539.08,30.9354,158.852,3.65174
-1.89342,588.427,34.9007,177.992,3.76564
-2.88341,551.371,31.6281,162.422,3.6504
-2.93521,585.405,33.5215,172.208,3.64452
1.84624,516.058,34.6584,172.289,4.25613
-4.74974,505.189,27.1928,141.504,3.4473
-2.21463,527.83,30.9697,158.299,3.72765
0.47628,527.774,33.8797,169.989,4.06546
-4.79546,596.766,32.0718,166.947,3.44255
1.61849,509.684,33.9752,169.152,4.22347
0.92678,538.874,35.1115,175.63,4.12666
-1.24673,582.08,35.2819,179.131,3.84398
-3.15694,529.673,30.103,154.888,3.61951
-3.91446,599.694,33.2154,171.819,3.53602
-1.55085,568.906,34.1335,173.666,3.80683
1.96093,566.811,38.2105,189.8,4.27273
-3.55919,537.247,30.119,155.411,3.57481
-4.09346,589.016,32.4253,167.945,3.51672
0.903478,584.499,38.055,190.384,4.12346
-2.77084,563.561,32.4507,166.515,3.66323
-4.91348,527.377,28.228,147.063,3.43031
-4.62094,540.078,29.1995,151.806,3.46076
-2.58316,541.117,31.3568,160.69,3.68477
0.112544,585.371,37.1266,186.743,4.01708
-4.70537,589.023,31.7537,165.185,3.45193
-0.913537,549.376,33.6729,170.569,3.88532
-1.28535,594.786,36.0054,182.853,3.83923
-0.142276,590.537,37.1385,187.128,3.98372
-3.27175,556.162,31.4855,162.132,3.60666
-1.53531,549.937,33.0126,167.945,3.80871
-0.507363,539.035,33.49,169.168,3.93666
0.0237743,510.111,32.2581,162.353,4.00541
-1.19079,555.253,33.7189,171.129,3.85087
-1.88893,585.079,34.7073,177.001,3.76618
-4.53946,546.552,29.6321,153.966,3.46932
-3.9105,554.018,30.6897,158.75,3.53645
-1.08403,557.058,33.9496,172.173,3.86408
-2.4019,505.848,29.493,150.948,3.70577
-1.30333,591.24,35.7692,181.676,3.83702
-2.0309,589.527,34.8045,177.672,3.74931
-1.78201,556.289,33.1184,168.772,3.77896
-0.759318,541.834,33.3821,168.916,3.90469
0.846579,567.139,36.8554,184.454,4.11566
1.00784,500.039,32.6684,163.32,4.13782
-4.76874,559.504,30.0968,156.637,3.44533
-4.9194,530.899,28.4107,148.021,3.4297
1.51227,513.548,34.1134,169.962,4.20838
-3.77387,500.529,27.8561,143.953,3.55129
-0.487779,548.623,34.108,172.267,3.93917
-4.18314,533.999,29.3067,151.889,3.50711
-0.749276,554.003,34.1433,172.756,3.90596
-3.05759,584.161,33.3118,171.278,3.63068
-0.807881,530.309,32.6191,165.111,3.89858
0.139942,584.849,37.1272,186.711,4.02069
-1.06816,568.448,34.6622,175.767,3.86605
-3.07224,505.069,28.7873,148.03,3.62903
1.66612,574.617,38.3635,190.939,4.23027
-3.82957,593.329,32.9581,170.386,3.54523
0.36415,585.728,37.4606,188.099,4.05045
-0.638,513.861,31.7872,160.711,3.92004
1.73748,512.343,34.2862,170.564,4.24049
-3.25274,512.702,29.0439,149.539,3.60879
-2.55928,514.888,29.861,152.999,3.68753
-2.77438,535.555,30.8344,158.226,3.66282
-3.54336,539.384,30.255,156.095,3.57655
-3.17903,515.63,29.2829,150.692,3.61703
1.87233,544.278,36.585,181.834,4.2599
-4.55688,541.095,29.3187,152.357,3.46749
-3.49146,514.06,28.8855,148.975,3.58227
1.95961,567.7,38.2688,190.091,4.27254
-4.75605,531.155,28.5843,148.752,3.44665
1.59765,588.964,39.233,195.357,4.2205
-1.666,543.598,32.4892,165.432,3.79291
-4.67531,525.675,28.3678,147.54,3.45507
-1.52753,516.552,31.0166,157.782,3.80966
-2.09917,550.038,32.3985,165.468,3.74124
-3.15422,570.897,32.4489,166.955,3.61982
-3.93642,571.692,31.6407,163.699,3.53364
-4.90297,506.959,27.145,141.41,3.4314
-2.04366,513.786,30.3198,154.792,3.7478
-2.13788,597.292,35.1361,179.498,3.73667
0.333047,588.372,37.5909,188.794,4.0463
-0.834674,590.711,36.3019,183.786,3.89521
-1.45447,582.97,35.0906,178.416,3.81854
-4.47679,565.666,30.7343,159.622,3.47592
-4.65266,572.533,30.9205,160.79,3.45744
-2.63734,534.821,30.9353,158.591,3.67853
1.82587,503.014,33.7598,167.845,4.2532
-1.00548,540.173,33.0072,167.303,3.87384
-2.32282,562.347,32.8748,168.163,3.71498
0.982775,532.295,34.747,173.741,4.13437
-2.11089,525.492,30.9405,158.035,3.73985
-4.15794,505.761,27.7808,143.956,3.5098
1.65465,519.186,34.6497,172.469,4.22863
0.796586,595.003,38.6023,193.262,4.10883
0.735041,535.755,34.6878,173.737,4.10044
-1.97813,507.002,29.9856,153.016,3.75557
-3.4662,590.244,33.1949,171.17,3.58507
-3.66838,501.18,27.9927,144.551,3.56282
0.729655,596.795,38.633,193.504,4.0997
-4.89305,502.46,26.9132,140.193,3.43242
-0.555394,546.688,33.9111,171.352,3.93054
-4.61252,563.226,30.4598,158.349,3.46165
0.314987,548.957,35.0517,176.062,4.0439
-4.15051,567.706,31.1913,161.62,3.5106
-0.19857,591.824,37.1498,187.258,3.9764
1.14457,575.747,37.7846,188.722,4.15676
0.599475,591.369,38.1172,191.09,4.08206
0.695798,592.723,38.3265,192.013,4.0951
0.859177,525.523,34.1652,170.975,4.11738
-3.79194,514.224,28.6007,147.82,3.54932
1.38125,546.292,36.1323,180.18,4.18987
1.25305,577.153,38.0126,189.721,4.17189
1.53435,563.687,37.4711,186.664,4.21151
1.15034,581.192,38.1492,190.536,4.15756
-4.47384,573.574,31.1671,161.866,3.47623
0.0839933,596.83,37.8175,190.255,4.01332
-2.50466,598.133,34.7528,177.996,3.69384
-2.09701,599.224,35.2983,180.276,3.74149
-3.87952,528.343,29.2984,151.52,3.5398
0.0822163,574.351,36.391,183.081,4.01309
-0.046475,552.048,34.8287,175.375,3.99621
-0.785787,504.401,31.0485,157.136,3.90136
-0.51202,580.79,36.0786,182.25,3.93607
-4.5135,588.366,31.9275,165.862,3.47205
0.0920451,552.342,35.0079,176.111,4.01438
1.73502,501.831,33.58,167.054,4.24013
-3.91588,554.359,30.7029,158.824,3.53586
-3.23646,558.446,31.6527,162.953,3.6106
-1.81145,535.457,31.8466,162.324,3.77543
-0.603818,573.941,35.5442,179.664,3.92438
-2.81139,587.921,33.807,173.524,3.6586
-4.31693,589.952,32.2297,167.198,3.49284
-1.72535,593.244,35.3858,180.256,3.78576
-3.79684,540.79,30.0732,155.436,3.54879
-2.53474,511.291,29.6769,152.03,3.69036
-1.65127,588.717,35.2033,179.234,3.79468
-4.90656,514.751,27.5587,143.569,3.43102
0.641013,528.397,34.1052,170.928,4.08767
-0.889497,551.944,33.8575,171.475,3.88833
1.7288,518.051,34.6584,172.425,4.23924
-0.321942,551.8,34.4955,174.026,3.96045
-3.39456,513.287,28.9373,149.14,3.593
-1.32156,511.501,30.9262,157.098,3.83478
1.58138,547.085,36.4238,181.389,4.21819
1.72964,597.255,39.9583,198.791,4.23936
-2.00725,525.232,31.0333,158.395,3.75211
-0.372132,543.751,33.9355,171.26,3.95399
1.7794,525.137,35.1908,175.015,4.24651
-3.91218,506.803,28.0726,145.214,3.53626
-1.8036,559.376,33.2779,169.61,3.77637
1.59038,533.808,35.5504,177.028,4.21947
-1.52846,572.441,34.3714,174.849,3.80954
-1.74778,580.727,34.613,176.347,3.78307
0.373682,503.313,32.1998,161.673,4.05172
-1.8983,556.849,33.0223,168.418,3.76506
1.4641,518.344,34.3774,171.333,4.20156
-2.21248,538.959,31.625,161.646,3.7279
1.84142,588.933,39.5464,196.594,4.25544
-3.16294,541.484,30.768,158.316,3.61884
-1.70515,505.704,30.1846,153.739,3.78819
-2.10254,555.841,32.7367,167.199,3.74084
-3.181,578.306,32.8401,169,3.61681
-0.45827,558.105,34.7316,175.381,3.94294
-0.960482,507.017,31.0278,157.221,3.87946
-2.40104,534.193,31.1466,159.41,3.70586
-0.0136661,509.464,32.1771,161.987,4.0005
-1.77818,502.77,29.936,152.55,3.77942
-0.734436,513.911,31.6881,160.317,3.90783
-0.701124,557.8,34.4326,174.162,3.91204
-0.0794999,597.878,37.6787,189.769,3.9919
0.593005,501.827,32.3388,162.128,4.08118
-1.95735,588.317,34.8192,177.656,3.75803
-4.3944,509.396,27.7552,144.065,3.48463
-0.220773,586.244,36.7723,185.383,3.97353
-0.863005,565.407,34.7141,175.781,3.89165
1.36549,553.387,36.5826,182.445,4.18765
-1.02418,551.63,33.6862,170.766,3.87152
1.81794,505.465,33.9154,168.628,4.25205
-0.218621,525.62,32.9721,166.222,3.97381
1.05266,537.094,35.1412,175.629,4.14402
-2.32494,556.831,32.55,166.504,3.71473
-0.891586,578.224,35.4671,179.63,3.88807
0.73317,567.616,36.7484,184.06,4.10018
-0.333401,511.562,31.9679,161.287,3.95898
1.94907,554.932,37.3951,185.765,4.27101
-4.10628,543.823,29.9243,155.006,3.51534
-3.43798,534.549,30.0915,155.136,3.58819
1.74073,511.845,34.2565,170.413,4.24095
-3.60177,564.015,31.5739,162.967,3.57012
-1.4432,501.365,30.19,153.487,3.81991
-3.36771,506.391,28.5746,147.242,3.59598
-2.3559,593.718,34.67,177.387,3.71112
0.735289,543.414,35.184,176.222,4.10047
1.04285,589.044,38.5278,192.567,4.14266
-4.08423,545.349,30.0309,155.533,3.51771
0.419034,597.929,38.3105,192.295,4.05779
0.943396,507.299,33.0723,165.411,4.12894
0.534453,543.454,34.9536,175.307,4.07328
-1.36761,544.248,32.8554,166.951,3.82914
-2.89788,587.477,33.6827,172.991,3.64876
0.895214,588.122,38.2804,191.522,4.12232
-1.62391,581.325,34.7932,177.112,3.79799
-1.60463,503.409,30.1493,153.452,3.80032
-2.70772,504.094,29.0886,149.197,3.67045
-1.28809,524.151,31.7266,161.126,3.83889
0.127171,554.708,35.1989,177.029,4.01901
-3.06754,580.816,33.1099,170.252,3.62956
-3.22663,524.557,29.7418,153.105,3.6117
0.758671,597.616,38.7233,193.918,4.10365
-3.6721,526.125,29.3823,151.73,3.56241
-3.88427,513.994,28.498,147.386,3.53929
-2.87765,526.183,30.1891,155.026,3.65105
-3.43231,531.283,29.9134,154.212,3.58882
-3.50503,528.963,29.7092,153.238,3.58077
0.100088,546.721,34.6609,174.355,4.01544
-4.51408,540.813,29.3465,152.454,3.47199
-2.57097,547.068,31.7147,162.511,3.68618
-4.23077,530.128,29.0469,150.594,3.50202
-4.25019,510.803,27.9695,145.028,3.49995
-3.99265,552.082,30.4969,157.844,3.52757
-4.91301,579.666,31.0273,161.646,3.43036
-1.23241,502.813,30.4918,154.796,3.84574
-4.09879,503.168,27.6943,143.447,3.51615
-0.094189,530.339,33.406,168.267,3.98998
-0.993756,599.674,36.6574,185.789,3.87531
0.933822,544.922,35.5138,177.634,4.12763
1.71501,558.667,37.3586,185.876,4.23727
-4.29569,515.998,28.21,146.323,3.4951
-1.88923,526.563,31.2358,159.297,3.76614
-4.88453,562.387,30.1319,156.949,3.4333
-0.672154,559.062,34.5439,174.69,3.91571
-1.32131,547.375,33.0955,168.117,3.83482
0.362314,573.396,36.6696,184.13,4.05021
-2.79388,565.223,32.5211,166.903,3.6606
-2.23295,538.744,31.5906,161.493,3.7255
0.0753774,514.949,32.6198,164.116,4.01219
0.885294,591.892,38.5132,192.7,4.12096
-0.715812,540.177,33.3284,168.594,3.91018
1.34402,575.893,38.0434,189.758,4.18464
-1.97108,514.299,30.4244,155.247,3.7564
0.477177,558.76,35.8699,179.973,4.06558
-2.58677,539.232,31.2438,160.115,3.68436
-1.57636,579.357,34.7308,176.736,3.80374
0.570954,556.431,35.8314,179.665,4.0782
-2.29937,595.229,34.8246,178.108,3.71772
1.28266,595.019,39.2275,195.746,4.17603
-1.44046,531.269,31.9936,162.654,3.82025
-3.96265,575.98,31.8495,164.81,3.53081
-4.77746,561.484,30.1943,157.154,3.44442
-0.473127,598.356,37.218,187.955,3.94104
-1.03477,540.424,32.9902,167.25,3.8702
1.03093,544.393,35.5933,177.914,4.14101
0.460779,513.928,32.974,165.462,4.06338
-3.35555,534.613,30.1795,155.499,3.59733
-2.26622,588.557,34.4728,176.268,3.7216
0.437687,508.256,32.5851,163.536,4.06029
-0.675875,550.182,33.991,171.898,3.91524
-3.73467,586.57,32.6882,168.877,3.55557
-2.97108,517.643,29.6053,152.128,3.64046
1.54842,572.168,38.0525,189.542,4.2135
-2.23503,599.742,35.1649,179.767,3.72525
1.46111,588.476,39.0248,194.5,4.20114
-0.565378,528.053,32.7443,165.468,3.92927
-1.87273,596.616,35.411,180.569,3.76811
-2.83683,501.799,28.8299,148.004,3.6557
-3.47003,526.987,29.6335,152.809,3.58464
-0.562239,582.331,36.1138,182.491,3.92967
0.78448,558.15,36.1969,181.234,4.10717
-1.17577,533.61,32.4209,164.524,3.85272
-0.894819,584.34,35.8383,181.514,3.88767
-1.56042,551.284,33.0656,168.244,3.80567
0.942547,547.509,35.6927,178.518,4.12883
0.857781,556.47,36.1755,181.037,4.11719
0.973717,512.815,33.4654,167.343,4.13312
-3.94288,557.306,30.8377,159.552,3.53294
-0.191699,547.493,34.3749,173.262,3.9773
-1.58234,541.616,32.4618,165.197,3.80301
-4.18139,592.33,32.5099,168.489,3.50729
-2.27655,523.147,30.6309,156.635,3.72039
1.98527,534.15,36.0375,178.977,4.27627
0.305809,524.918,33.5066,168.312,4.04267
-2.07779,577.712,34.0531,173.893,3.74376
-0.218101,528.004,33.1222,166.978,3.97387
1.16298,534.354,35.0894,175.239,4.15932
-1.63953,596.587,35.6879,181.686,3.7961
-2.11243,571.498,33.6475,171.863,3.73967
0.781902,545.816,35.394,177.217,4.10682
-2.30104,506.606,29.638,151.583,3.71753
0.803165,523.956,34.0003,170.215,4.10972
-3.41458,591.663,33.3331,171.82,3.59078
-1.35573,561.874,33.933,172.412,3.8306
-4.74128,587.053,31.6085,164.472,3.44819
-2.63334,517.59,29.9426,153.497,3.67899
-2.2269,573.281,33.6226,171.873,3.72621
-4.21575,546.599,29.9648,155.336,3.50362
-2.21059,521.234,30.5869,156.337,3.72812
-1.23461,589.189,35.7273,181.377,3.84547
-4.00153,539.545,29.7953,154.223,3.52661
-1.30176,505.182,30.5644,155.239,3.83721
1.94657,589.882,39.7471,197.452,4.27065
-2.71834,580.443,33.4822,171.745,3.66924
-0.459051,577.207,35.9194,181.38,3.94284
-4.34553,589.681,32.1834,166.991,3.48981
1.5336,570.727,37.9382,188.991,4.2114
-3.00016,549.913,31.4199,161.486,3.63717
-3.28041,552.094,31.246,160.909,3.6057
-0.17525,513.344,32.2485,162.526,3.97943
-0.977621,558.521,34.1601,173.113,3.87732
-0.561525,556.435,34.5087,174.379,3.92976
-1.27616,596.758,36.1359,183.504,3.84036
-1.93653,574.444,34.0219,173.563,3.76051
-3.38326,575.505,32.4573,167.268,3.59425
1.09447,552.831,36.2208,180.973,4.14981
-1.7158,569.26,33.966,173.012,3.78691
-2.0361,505.917,29.8631,152.452,3.74869
-2.992,591.207,33.7886,173.65,3.63809
1.88135,519.024,34.8978,173.438,4.2612
0.24816,576.306,36.7165,184.509,4.03501
-2.65518,595.661,34.4336,176.547,3.67648
-3.42133,548.343,30.8855,159.211,3.59003
0.321014,588.084,37.5575,188.641,4.0447
1.73141,591.317,39.5633,196.824,4.23962
-0.719479,507.609,31.3152,158.414,3.90972
-2.95763,511.264,29.2538,150.308,3.64198
-2.88695,540.39,30.9944,159.172,3.65
-4.78008,535.029,28.7691,149.739,3.44415
-1.35446,565.877,34.1762,173.646,3.83075
1.07832,512.153,33.5377,167.586,4.14757
1.50674,506.255,33.6228,167.524,4.20759
-2.10595,570.227,33.5801,171.511,3.74044
-2.5552,533.597,30.9502,158.576,3.688
-4.96616,541.847,28.9501,150.882,3.42487
-4.87228,556.037,29.8042,155.229,3.43457
-2.0983,521.386,30.7118,156.853,3.74134
-4.15365,555.929,30.541,158.253,3.51026
-0.647079,554.498,34.2906,173.379,3.91889
1.89936,507.043,34.1124,169.514,4.26381
0.19728,528.727,33.6285,169.05,4.02827
-0.997028,505.233,30.8809,156.516,3.8749
-4.80753,578.513,31.078,161.788,3.44129
-3.94146,525.984,29.106,150.591,3.5331
1.07346,559.473,36.6306,183.046,4.1469
-4.62506,505.885,27.347,142.18,3.46033
0.614227,529.659,34.1563,171.216,4.08405
-2.414,503.528,29.3458,150.207,3.70436
-0.877697,570.218,34.9922,177.208,3.88981
-0.00993775,541.77,34.2218,172.276,4.00099
-3.09727,575.179,32.7555,168.465,3.62621
-4.73911,563.373,30.3358,157.847,3.44841
-1.0686,585.375,35.6938,180.999,3.866
-3.8927,565.493,31.3443,162.116,3.53838
-1.61031,522.854,31.3079,159.355,3.79963
-3.11616,588.606,33.4987,172.31,3.62409
0.195177,579.273,36.8407,185.2,4.02799
-1.15247,560.138,34.0592,172.81,3.8556
-0.424976,519.146,32.343,163.282,3.94721
-4.31772,531.126,29.0152,150.523,3.49276
1.57553,557.543,37.1129,184.828,4.21736
0.727179,529.791,34.2928,171.767,4.09937
-2.93673,590.448,33.8085,173.685,3.64435
0.418123,576.863,36.9596,185.515,4.05767
-0.394258,524.485,32.7091,165.095,3.95115
-0.228772,589.414,36.9614,186.347,3.97249
-2.29317,579.316,33.9007,173.375,3.71845
1.68688,529.04,35.3448,175.89,4.23324
-3.54446,552.436,30.986,159.868,3.57643
-3.53339,575.334,32.2825,166.544,3.57765
-0.558194,569.356,35.314,178.444,3.93018
-1.67681,581.606,34.7482,176.948,3.79161
-4.72824,553.323,29.8057,155.077,3.44954
-3.3992,513.075,28.9208,149.059,3.59249
-2.38085,562.821,32.8381,168.044,3.70821
-3.99052,562.362,31.067,160.792,3.5278
-0.767079,574.422,35.3807,179.039,3.90371
-0.927582,528.099,32.3535,163.901,3.88357
-2.45525,542.986,31.6014,161.799,3.69957
-1.47772,593.546,35.6994,181.541,3.81571
-2.42083,547.668,31.9109,163.344,3.70356
1.83372,598.807,40.1993,199.85,4.25433
-3.8324,549.021,30.494,157.65,3.54492
-4.43423,549.673,29.9089,155.288,3.48041
-1.73435,556.737,33.1982,169.122,3.78468
-0.520813,535.814,33.2749,168.098,3.93495
-3.07935,545.721,31.0968,159.914,3.62823
-3.2077,506.498,28.7364,147.909,3.61382
-0.0332173,534.838,33.7577,169.967,3.99794
1.6874,576.001,38.4829,191.506,4.23331
0.223364,582.797,37.0995,186.465,4.03172
0.513806,526.053,33.8112,169.602,4.07051
-3.11252,531.271,30.2394,155.541,3.6245
-2.07328,565.829,33.3578,170.337,3.74429
1.73332,538.438,36.0276,179.232,4.23989
0.126255,551.921,35.021,176.135,4.01889
1.25198,504.778,33.2446,165.926,4.17174
1.28633,514.072,33.895,169.133,4.17654
-0.387496,552.131,34.4409,173.828,3.95202
-4.6921,566.56,30.5566,158.943,3.45332
-4.00885,560.782,30.9603,160.261,3.52582
-3.34461,528.124,29.8243,153.657,3.59855
-4.88208,572.012,30.6501,159.646,3.43356
-3.56998,589.227,33.0209,170.397,3.57362
-3.00254,573.388,32.7585,168.369,3.6369
-2.91436,561.904,32.1985,165.388,3.64688
-0.503592,530.813,32.9833,166.605,3.93715
0.235739,533.644,33.9845,170.794,4.03337
-0.702051,586.187,36.1838,183.021,3.91192
-4.79081,531.872,28.5888,148.812,3.44303
0.859373,533.254,34.668,173.491,4.11741
-0.178229,532.871,33.4718,168.695,3.97904
1.04076,500.506,32.7345,163.614,4.14237
-2.39417,542.402,31.6325,161.889,3.70666
-2.93274,539.941,30.9207,158.845,3.6448
-4.09234,520.012,28.6277,148.275,3.51684
-3.95328,518.651,28.6886,148.444,3.53182
0.211767,504.169,32.0819,161.259,4.03019
0.451129,590.404,37.8686,190.035,4.06209
0.992818,546.579,35.6913,178.45,4.13575
1.88077,541.907,36.4357,181.082,4.26112
-2.15875,574.434,33.7677,172.533,3.73421
-3.98518,594.676,32.8581,170.056,3.52837
-4.72399,525.944,28.335,147.421,3.44999
-4.26055,554.17,30.3333,157.297,3.49884
-4.91496,539.805,28.8918,150.523,3.43016
-2.53638,550.889,31.9736,163.798,3.69017
0.673895,599.162,38.7147,193.987,4.09213
-1.1708,505.592,30.7237,155.906,3.85334
-1.68303,502.455,30.013,152.842,3.79086
-4.28994,585.791,32.0319,166.14,3.49572
-2.25942,534.515,31.3146,160.112,3.72239
-0.39096,504.9,31.4911,158.944,3.95157
0.22468,576.996,36.7319,184.616,4.0319
-1.60181,548.309,32.8415,167.151,3.80066
-0.476322,530.827,33.0142,166.729,3.94063
-1.4233,516.335,31.1122,158.154,3.82234
-4.1659,524.463,28.8003,149.247,3.50895
-2.19524,538.318,31.6057,161.528,3.72992
-0.735919,579.729,35.7448,180.842,3.90765
0.189949,551.459,35.0657,176.283,4.0273
-3.32768,510.836,28.8646,148.695,3.60043
1.68877,539.474,36.0441,179.368,4.23351
-4.72958,566.363,30.5067,158.726,3.44941
1.19576,517.677,34.0311,169.915,4.16389
1.20815,562.986,37.0247,184.847,4.16562
0.16164,550.829,34.9928,175.951,4.02356
-2.29209,550.133,32.1941,164.646,3.71857
-1.46941,577.329,34.7337,176.62,3.81672
-3.20224,577.559,32.774,168.685,3.61443
-1.53454,592.32,35.5577,180.892,3.80881
-2.24041,577.345,33.8455,173.029,3.72462
-4.61862,598.8,32.3769,168.323,3.46101
-0.666464,576.486,35.6273,180.162,3.91643
-2.00894,534.531,31.581,161.192,3.75191
-4.7678,507.012,27.2741,141.945,3.44542
1.50419,535.603,35.569,177.224,4.20723
-4.94775,520.776,27.8419,145.087,3.42677
-3.03012,561.749,32.0636,164.829,3.63378
0.275321,583.619,37.2159,186.984,4.03862
-2.58132,544.095,31.5313,161.583,3.68498
-3.93957,505.547,27.9769,144.747,3.5333
-4.91911,572.175,30.6199,159.531,3.42973
1.8479,533.572,35.8366,178.144,4.25637
-3.24578,522.132,29.585,152.318,3.60956
-3.13874,516.544,29.375,151.123,3.62155
1.96898,589.219,39.7316,197.345,4.2739
-3.27482,508.635,28.7919,148.265,3.60632
0.887718,510.304,33.2071,166.148,4.1213
-0.246201,520.747,32.6364,164.561,3.97023
-1.16786,506.279,30.7684,156.13,3.8537
-4.44182,539.913,29.3702,152.499,3.47961
-3.91043,584.271,32.3656,167.419,3.53645
-4.05405,504.412,27.8052,143.976,3.52095
-2.15352,570.404,33.5367,171.346,3.73483
-0.219023,552.397,34.6513,174.688,3.97375
1.14997,511.886,33.5996,167.813,4.15751
-3.64231,581.314,32.4974,167.781,3.56567
-0.72081,577.874,35.6484,180.336,3.90955
-2.64813,548.582,31.7196,162.624,3.67729
-1.73627,569.934,33.9829,173.122,3.78445
-1.09689,599.044,36.4927,185.087,3.86248
-2.60178,553.509,32.0547,164.288,3.68263
-3.61523,572.125,32.0132,165.25,3.56864
-4.47205,575.763,31.288,162.492,3.47642
-4.20758,563.039,30.8746,160.043,3.5045
-2.58961,566.967,32.8476,168.338,3.68403
-3.7335,552.861,30.8109,159.177,3.55569
1.74379,516.232,34.5536,171.887,4.24139
-1.6378,512.27,30.6458,156.015,3.79631
-2.59205,510.859,29.5945,151.669,3.68375
-3.13028,529.947,30.1458,155.079,3.6225
-1.13566,562.34,34.2123,173.567,3.85768
1.97628,535.202,36.0978,179.288,4.27496
-0.587048,525.591,32.5681,164.602,3.92651
-2.77723,597.319,34.3872,176.46,3.6625
-2.31116,564.771,33.0294,168.94,3.71634
-3.34319,559.822,31.6159,162.886,3.59871
-2.0639,511.819,30.1832,154.116,3.7454
1.76903,534.569,35.8107,178.11,4.24502
-3.55626,585.216,32.8115,169.3,3.57513
-1.93518,581.703,34.4534,175.762,3.76067
-4.34053,509.894,27.8336,144.416,3.49034
0.206372,587.643,37.3869,187.932,4.02947
-4.08969,562.692,30.9801,160.456,3.51712
-0.781212,567.306,34.9259,176.754,3.90193
1.30213,581.706,38.3744,191.464,4.17876
-2.24736,557.259,32.6603,166.978,3.72381
-1.80411,579.298,34.4625,175.649,3.77631
-2.20235,534.356,31.3656,160.308,3.72909
-2.7517,564.719,32.5385,166.943,3.66542
-0.443919,547.727,34.1021,172.185,3.94478
-4.96299,505.277,26.9992,140.711,3.4252
-3.08438,553.938,31.5596,162.3,3.62767
-2.26308,533.061,31.2256,159.66,3.72197
-4.12493,550.17,30.2543,156.736,3.51334
0.190448,511.571,32.5299,163.535,4.02737
-0.0806678,577.706,36.4061,183.361,3.99174
-3.53746,534.85,30.0067,154.808,3.5772
-2.16343,565.819,33.256,169.924,3.73366
-0.136501,568.645,35.7686,180.219,3.98447
1.43505,569.545,37.7371,188.114,4.19745
0.772374,536.596,34.7851,174.18,4.10552
-0.607949,588.587,36.4462,184.228,3.92385
-0.539795,545.915,33.8808,171.181,3.93253
-1.87386,526.329,31.2381,159.291,3.76798
0.268218,595.58,37.9697,190.78,4.03768
-1.08337,591.215,36.0321,182.733,3.86416
-1.91863,515.452,30.5465,155.813,3.76264
-0.679443,574.982,35.5189,179.63,3.91478
-1.84492,520.836,30.9422,157.751,3.77143
-0.170697,533.089,33.4939,168.798,3.98002
-0.657663,563.848,34.8565,176.253,3.91754
-3.20652,566.778,32.1576,165.518,3.61395
-1.02914,557.808,34.0578,172.656,3.8709
-3.98556,573.601,31.6932,164.028,3.52833
-2.35138,564.763,32.9842,168.756,3.71165
-1.43009,570.997,34.3981,174.865,3.82151
-4.14539,522.396,28.7069,148.741,3.51115
-4.55914,598.019,32.4007,168.375,3.46725
-1.55923,587.717,35.2522,179.368,3.80581
-4.68532,564.298,30.4417,158.337,3.45403
-0.436093,548.853,34.1811,172.575,3.94578
1.44596,558.296,37.005,184.451,4.19899
-4.6168,542.382,29.3282,152.471,3.4612
-1.39143,503.496,30.371,154.352,3.82623
0.460179,506.071,32.4692,162.93,4.0633
-0.626604,547.129,33.858,171.168,3.92148
-1.00512,545.838,33.3537,169.059,3.87389
1.29613,564.958,37.2623,185.922,4.17792
0.52481,530.176,34.0886,170.98,4.07199
0.493238,573.105,36.8103,184.671,4.06774
1.38832,536.733,35.5083,177.06,4.19086
-4.0099,543.221,29.9897,155.238,3.52571
0.430874,544.545,34.9037,175.181,4.05937
-4.74476,507.747,27.3352,142.24,3.44782
-2.30899,524.547,30.6793,156.917,3.7166
-1.77857,550.545,32.7802,167.044,3.77937
-3.85432,532.739,29.5675,152.884,3.54254
1.89168,541.748,36.438,181.08,4.2627
-1.33634,594.219,35.9097,182.431,3.83297
-2.67278,593.263,34.2746,175.753,3.67446
-4.64226,530.193,28.6441,148.942,3.45853
-1.16359,547.367,33.2703,168.821,3.85423
-4.50348,571.236,31.0086,161.077,3.4731
1.37217,585.478,38.7125,193.059,4.18859
-1.0231,537.627,32.8323,166.436,3.87165
1.48775,535.218,35.5241,177.02,4.2049
-2.62797,587.308,33.982,174.198,3.67961
0.00204145,582.147,36.7869,185.174,4.00256
1.05745,511.909,33.4987,167.414,4.14468
1.04197,507.164,33.1713,165.795,4.14254
-0.217141,552.693,34.672,174.791,3.974
0.685264,567.324,36.6713,183.734,4.09367
-3.72561,532.273,29.6715,153.282,3.55656
-0.581813,599.874,37.1775,187.891,3.92717
-3.90314,565.33,31.3241,162.023,3.53724
-1.23693,513.198,31.1169,157.974,3.84518
-2.81609,544.193,31.2876,160.598,3.65806
-0.360752,500.688,31.2598,157.744,3.95546
-4.77219,549.319,29.5455,153.771,3.44497
-1.9697,528.552,31.269,159.555,3.75657
-2.17373,582.667,34.2344,174.936,3.73245
-0.627834,503.23,31.1401,157.429,3.92133
-4.87154,537.193,28.7949,149.971,3.43465
-4.37529,511.096,27.866,144.62,3.48665
-1.86189,573.991,34.0806,173.772,3.76941
-0.772568,544.892,33.5557,169.81,3.90302
-2.79569,549.745,31.6286,162.325,3.66039
-4.3998,525.471,28.6257,148.589,3.48405
-3.93185,584.158,32.3357,167.289,3.53414
0.452201,576.889,37.003,185.69,4.06223
-3.07466,559.027,31.8601,163.834,3.62876
-3.95224,590.482,32.6631,169.007,3.53193
0.176043,575.395,36.5709,183.868,4.02546
0.892743,533.405,34.7161,173.692,4.12198
0.489627,564.375,36.2453,181.841,4.06725
-2.02352,598.396,35.3369,180.38,3.75018
1.68358,511.722,34.1841,170.117,4.23277
-4.70588,531.339,28.6435,149.006,3.45188
1.01106,579.424,37.8588,189.264,4.13827
-0.415356,537.531,33.4991,169.107,3.94844
-4.15982,502.831,27.6181,143.114,3.5096
-3.94255,511.82,28.3211,146.531,3.53298
-3.7069,515.298,28.7436,148.469,3.5586
-0.580999,542.877,33.646,170.042,3.92728
-0.33922,569.541,35.5841,179.539,3.95823
-0.234525,550.564,34.5185,174.038,3.97175
0.450598,538.546,34.5418,173.341,4.06202
0.0976271,583.692,37.0017,186.134,4.01511
-1.30067,566.666,34.2856,174.137,3.83735
-2.75314,521.297,30.0351,154.101,3.66525
-4.93352,519.824,27.8046,144.878,3.42824
-1.95492,574.113,33.9813,173.378,3.75832
-2.81041,547.399,31.4779,161.569,3.65871
-3.62779,506.331,28.3196,146.197,3.56727
1.63202,517.711,34.5256,171.877,4.2254
0.9168,581.243,37.8597,189.389,4.12529
-4.99958,555.884,29.666,154.65,3.42142
-3.92985,581.155,32.1717,166.438,3.53435
-3.86882,514.195,28.5242,147.505,3.54096
0.827463,580.466,37.6976,188.693,4.11304
-3.66984,524.23,29.2787,151.193,3.56266
1.31976,513.097,33.8681,168.96,4.18123
-1.19661,596.882,36.2399,183.931,3.85015
-0.869085,541.985,33.2693,168.472,3.89089
-0.251877,594.629,37.2597,187.881,3.9695
-1.86527,578.787,34.3614,175.208,3.769
1.2515,539.579,35.5361,177.363,4.17167
-3.61633,500.241,27.9899,144.483,3.56852
0.337379,558.412,35.6819,179.201,4.04688
0.375959,555.94,35.5694,178.589,4.05203
-0.615938,542.514,33.5843,169.772,3.92284
0.709796,558.466,36.1281,180.982,4.097
-3.7035,505.53,28.202,145.668,3.55897
-4.06381,557.106,30.6997,158.974,3.5199
-1.34439,596.09,36.013,182.967,3.83199
1.08266,584.124,38.2562,191.158,4.14817
-4.32888,553.659,30.2346,156.861,3.49158
-0.802008,548.026,33.7155,170.653,3.89932
-3.36739,573.717,32.374,166.82,3.59602
-0.315218,523.116,32.7096,165.009,3.96132
-1.84245,510.038,30.3032,154.49,3.77173
-1.70156,528.435,31.5452,160.665,3.78862
-4.70986,592.559,31.9394,166.156,3.45146
-4.70034,581.349,31.3454,163.055,3.45246
0.5971,507.912,32.7354,164.112,4.08173
1.00979,521.758,34.0896,170.422,4.13809
-1.76266,563.594,33.5751,171.076,3.78128
0.366903,592.349,37.8875,190.239,4.05082
1.9675,570.348,38.4572,191.017,4.27369
-3.4975,581.919,32.6919,168.613,3.58161
-1.26498,538.773,32.6369,165.723,3.84173
-2.25888,529.035,30.9941,158.472,3.72246
-4.21966,570.625,31.2777,162.147,3.50321
-2.99456,534.779,30.561,157.065,3.6378
-4.39366,568.614,30.9825,160.816,3.48471
-1.26801,564.875,34.2146,173.738,3.84136
-0.721277,546.066,33.6856,170.407,3.90949
-0.844199,505.125,31.0324,157.118,3.89401
-3.60496,509.143,28.499,147.099,3.56977
0.443769,554.327,35.546,178.389,4.0611
-0.545855,565.006,35.0585,177.138,3.93175
0.672797,599.428,38.7305,194.067,4.09198
1.90276,527.19,35.4718,176.265,4.2643
-2.47389,576.679,33.5411,171.753,3.69741
0.180556,595.198,37.8352,190.218,4.02606
1.00691,575.471,37.5954,187.952,4.1377
-2.56349,550.87,31.9432,163.673,3.68704
-1.68155,543.578,32.471,165.358,3.79103
-3.69712,511.033,28.5152,147.279,3.55967
-3.22229,580.054,32.8933,169.323,3.61219
-2.76033,523.017,30.1269,154.58,3.66443
1.87484,535.092,35.9705,178.777,4.26026
1.28511,558.452,36.8197,183.728,4.17637
-2.23278,525.769,30.8299,157.604,3.72552
-4.26625,578.993,31.6859,164.317,3.49824
0.069877,517.022,32.7452,164.753,4.01146
1.00489,561.421,36.6751,183.354,4.13742
-0.54711,569.052,35.3081,178.401,3.93159
-4.92989,561.737,30.0502,156.575,3.42861
-3.68251,535.374,29.8882,154.354,3.56127
-4.24124,511.692,28.0267,145.316,3.5009
-1.09723,549.039,33.4461,169.635,3.86244
-0.226396,546.008,34.2422,172.634,3.9728
-4.7333,578.949,31.1807,162.237,3.44902
-4.59095,513.61,27.7971,144.484,3.46391
-4.97969,543.604,29.0305,151.315,3.42347
1.91044,504.059,33.924,168.565,4.26541
-4.94742,519.625,27.7807,144.768,3.4268
-0.771442,508.589,31.3212,158.501,3.90316
0.108354,551.51,34.9741,175.921,4.01653
-3.80771,516.667,28.7211,148.458,3.5476
0.676284,526.861,34.0457,170.589,4.09245
0.303074,505.909,32.2903,162.205,4.04231
-3.84963,504.388,27.9985,144.766,3.54305
-4.92377,554.492,29.6689,154.581,3.42925
-0.0708215,581.863,36.68,184.728,3.99303
-0.357749,528.026,32.97,166.37,3.95584
-1.41996,599.182,36.1082,183.546,3.82275
-3.28881,570.459,32.2762,166.224,3.60476
1.71943,523.225,34.9937,174.105,4.2379
-4.51894,586.875,31.8407,165.417,3.47148
-1.77066,554.772,33.0406,168.362,3.78032
-0.0836589,596.455,37.5838,189.296,3.99135
-1.7338,534.119,31.85,162.254,3.78475
0.181409,510.337,32.4417,163.101,4.02617
0.732334,532.395,34.4672,172.635,4.10007
-0.916049,528.035,32.3621,163.932,3.88501
-4.64082,581.372,31.4107,163.325,3.45868
-0.347679,553.624,34.5799,174.482,3.95714
-3.4376,599.539,33.7504,173.999,3.58823
-4.95605,573.479,30.6508,159.734,3.42591
-0.21113,536.022,33.6329,169.545,3.97478
-0.83558,517.211,31.784,160.914,3.8951
1.95346,553.841,37.327,185.421,4.27165
1.76213,549.169,36.7804,182.941,4.24403
-0.53013,574.679,35.6775,180.246,3.93376
0.974797,585.458,38.2073,191.053,4.13327
-2.65345,527.552,30.4981,156.367,3.67668
0.284995,591.231,37.7134,189.471,4.03991
-3.69316,584.464,32.6169,168.459,3.5601
-3.05481,526.068,30.0019,154.257,3.631
0.412484,598.91,38.365,192.577,4.05691
0.168381,589.355,37.4486,188.29,4.02445
-1.78832,580.215,34.5354,176.001,3.77821
-2.46798,530.792,30.8784,158.111,3.69809
-1.39742,548.539,33.0813,168.134,3.8255
-1.49757,524.982,31.5545,160.485,3.8133
-1.39789,508.293,30.6537,155.796,3.82544
-2.24006,537.828,31.5293,161.187,3.72466
-0.36197,530.953,33.1481,167.274,3.9553
-0.70029,590.056,36.4247,184.237,3.91215
1.39565,548.135,36.2714,180.856,4.1919
-1.40344,523.71,31.5775,160.498,3.82476
-2.28297,507.265,29.6946,151.853,3.71964
1.4935,579.111,38.4447,191.566,4.20572
-1.70574,594.906,35.5083,180.855,3.78812
0.157385,584.866,37.1498,186.802,4.023
1.74004,504.356,33.7545,167.916,4.24085
-0.985756,567.661,34.7097,175.908,3.8763
-1.25528,519.712,31.4925,159.901,3.84292
-4.16357,564.78,31.0167,160.73,3.5092
-2.86935,518.905,29.7799,152.916,3.652
-2.28056,567.055,33.1973,169.763,3.71992
-0.524305,595.795,36.9956,186.898,3.9345
-3.78318,506.159,28.1605,145.535,3.55028
-4.80589,520.638,27.9705,145.609,3.44146
-0.712036,571.782,35.2828,178.476,3.91066
-0.32856,520.072,32.5049,163.991,3.9596
1.33324,524.027,34.6049,172.62,4.18312
0.309522,584.065,37.2867,187.296,4.04317
-0.885122,504.316,30.9404,156.697,3.88888
-0.950428,573.886,35.1318,178.004,3.88071
0.485109,567.683,36.4523,182.885,4.06665
-4.46528,548.69,29.8237,154.88,3.47713
-3.16623,585.308,33.2544,171.114,3.61847
-1.87669,573.381,34.0274,173.518,3.76764
-1.35492,580.605,35.0651,178.164,3.8307
-4.54808,590.596,32.0106,166.335,3.46841
1.78378,553.314,37.0844,184.426,4.24714
-1.96342,573.19,33.917,173.06,3.75731
-0.727248,549.968,33.9196,171.598,3.90874
-4.00796,598.674,33.0533,171.094,3.52592
-2.17593,577.108,33.9052,173.256,3.73219
-4.85628,569.142,30.5234,158.956,3.43623
1.93312,572.868,38.5836,191.689,4.2687
0.145989,590.822,37.5139,188.648,4.02149
-4.88874,581.359,31.1439,162.225,3.43287
1.77012,511.659,34.2772,170.481,4.24517
-4.69261,502.734,27.1137,141.035,3.45326
-4.96018,567.354,30.3191,158.01,3.42549
-3.17296,500.573,28.4337,146.316,3.61771
-2.78109,526.872,30.3276,155.632,3.66206
1.09232,505.021,33.086,165.313,4.14951
-3.6427,564.082,31.5336,162.806,3.56563
-3.18541,583.498,33.13,170.497,3.61632
-4.13269,597.728,32.8608,170.248,3.51251
-2.51121,532.81,30.9506,158.529,3.69308
-2.41104,560.658,32.6786,167.263,3.7047
0.185828,545.047,34.6532,174.215,4.02675
-2.15654,525.533,30.8953,157.854,3.73447
1.53193,510.908,33.96,169.175,4.21116
-3.60011,548.264,30.6938,158.423,3.5703
0.548277,590.889,38.0219,190.678,4.07515
-3.49339,506.696,28.4699,146.833,3.58206
1.47976,513.119,34.0484,169.676,4.20377
-3.79878,578.954,32.1934,166.396,3.54858
-0.93751,598.615,36.6615,185.738,3.88232
-0.388895,522.072,32.5644,164.359,3.95184
1.29777,582.657,38.4317,191.755,4.17815
1.95933,583.747,39.3502,195.463,4.2725
1.4746,571.696,37.9289,189.02,4.20304
-0.622404,527.653,32.6573,165.093,3.92202
0.580031,504.518,32.4982,162.942,4.07943
1.68375,581.054,38.8158,193.167,4.23279
1.47056,587.54,38.9749,194.238,4.20247
-3.90177,580.586,32.171,166.402,3.53739
-2.4888,593.939,34.5276,176.823,3.69568
-4.47103,552.521,30.0261,155.937,3.47653
-2.53812,591.579,34.3332,175.888,3.68997
-4.25676,526.772,28.8374,149.535,3.49925
-2.91101,504.707,28.9242,148.566,3.64726
1.16009,565.15,37.1082,185.324,4.15892
0.317078,587.159,37.4935,188.325,4.04417
-2.48709,534.239,31.0589,159.057,3.69588
1.25366,516.596,34.0248,169.818,4.17197
-1.30237,562.624,34.0391,172.887,3.83714
0.268717,526.13,33.5427,168.536,4.03774
-1.49972,539.086,32.3999,164.787,3.81304
-2.24894,568.913,33.3416,170.463,3.72362
1.50978,521.738,34.6545,172.661,4.20802
-4.20874,530.968,29.1148,150.923,3.50437
1.00877,580.281,37.912,189.533,4.13795
-0.20179,557.283,34.9779,176.314,3.97599
1.7282,579.149,38.7451,192.758,4.23916
-0.281695,567.182,35.5046,179.067,3.96565
1.02905,537.456,35.1375,175.638,4.14075
-3.0079,519.686,29.6851,152.578,3.63629
-4.93328,505.368,27.0316,140.85,3.42826
-4.52251,533.512,28.942,150.362,3.4711
-3.16047,547.856,31.1326,160.19,3.61911
-0.799069,561.344,34.5383,174.814,3.89969
0.695054,536.962,34.72,173.946,4.095
-4.78881,599.316,32.2162,167.691,3.44324
0.293911,572.904,36.5552,183.641,4.04109
-3.41739,502.134,28.2866,145.81,3.59047
0.431392,503.694,32.2859,162.042,4.05944
1.59694,502.497,33.4724,166.673,4.2204
-4.38077,510.87,27.8484,144.535,3.48607
-0.875321,595.725,36.5604,185.147,3.89011
-4.1182,534.168,29.381,152.205,3.51406
0.143338,569.41,36.1512,181.798,4.02114
1.40036,538.46,35.6367,177.686,4.19256
-1.05694,549.93,33.5456,170.092,3.86744
-3.63016,547.559,30.623,158.091,3.56701
0.363016,521.706,33.3647,167.534,4.0503
-0.423394,506.519,31.5579,159.317,3.94741
-4.45026,543.429,29.5529,153.457,3.47872
-1.67925,547.086,32.6831,166.435,3.79131
-3.47262,560.605,31.5211,162.546,3.58435
-3.47817,508.159,28.5669,147.318,3.58374
-0.800885,539.595,33.1981,168.033,3.89946
-3.58735,513.856,28.7801,148.531,3.57171
-4.28706,576.9,31.5488,163.631,3.49602
-4.88548,573.143,30.7072,159.947,3.43321
0.350566,508.166,32.4854,163.133,4.04864
1.7167,594.109,39.7309,197.677,4.23751
0.427315,515.646,33.0475,165.868,4.0589
0.324784,532.805,34.0314,170.926,4.0452
1.86841,549.192,36.9105,183.457,4.25933
-0.419039,518.116,32.2852,162.984,3.94797
-0.556544,556.66,34.5284,174.473,3.93039
-2.7855,599.629,34.5104,177.103,3.66155
-2.33908,577.924,33.7668,172.746,3.71308
-0.495031,512.227,31.8375,160.807,3.93824
-4.56198,505.13,27.3653,142.211,3.46695
0.689435,528.826,34.1876,171.285,4.09424
-4.81228,527.432,28.3293,147.484,3.4408
-1.81431,547.822,32.5788,166.06,3.77509
-0.468775,567.499,35.3039,178.283,3.9416
1.68017,520.798,34.7864,173.119,4.23228
-2.67401,551.591,31.8657,163.402,3.67432
0.35593,536.972,34.333,172.404,4.04935
1.14193,513.935,33.7251,168.449,4.1564
-4.59345,506.364,27.4025,142.436,3.46365
-1.67402,567.572,33.9129,172.691,3.79194
-1.45695,520.11,31.3043,159.168,3.81824
-3.60889,505.229,28.2761,145.953,3.56934
-1.06527,532.673,32.4838,164.718,3.86641
0.108035,519.632,32.9522,165.751,4.01649
-3.6325,551.629,30.8482,159.256,3.56675
-1.46678,586.495,35.2882,179.436,3.81704
0.558347,589.231,37.9278,190.193,4.0765
-4.70271,584.632,31.5198,163.965,3.45221
-3.68603,515.82,28.7931,148.703,3.56088
-0.522116,544.152,33.7913,170.708,3.93478
0.952549,574.038,37.4346,187.217,4.1302
0.478237,532.663,34.1958,171.572,4.06572
-4.51426,516.386,28.0208,145.568,3.47197
-4.36438,585.87,31.9547,165.827,3.48781
1.53739,560.724,37.2779,185.697,4.21194
-2.6585,545.444,31.5271,161.649,3.6761
-3.9818,561.704,31.0399,160.642,3.52874
-3.1769,598.856,34.0118,175.025,3.61727
0.329658,587.584,37.5363,188.524,4.04585
-1.52213,580.751,34.8778,177.417,3.81031
-1.10332,514.276,31.3221,158.869,3.86169
-0.445834,523.043,32.5631,164.417,3.94453
-4.38953,539.794,29.4163,152.682,3.48514
-2.40201,539.448,31.4519,160.974,3.70575
-2.91902,502.529,28.7916,147.893,3.64636
-1.92873,584.863,34.6481,176.747,3.76144
-1.84951,576.449,34.2408,174.574,3.77088
-2.75846,547.542,31.5416,161.836,3.66464
-0.644926,551.883,34.1313,172.571,3.91916
1.23253,533.163,35.0916,175.167,4.16902
-3.4658,550.465,30.9582,159.636,3.58511
0.326781,540.071,34.4978,173.266,4.04547
-1.09151,521.25,31.7594,161.074,3.86315
-1.69502,514.179,30.701,156.358,3.78941
-1.55794,545.11,32.698,166.37,3.80597
0.312128,525.248,33.5347,168.446,4.04352
-4.30159,571.18,31.2205,161.945,3.49448
-0.328262,508.449,31.7788,160.327,3.95964
-0.18996,514.846,32.327,162.938,3.97752
-3.96166,596.209,32.9692,170.603,3.53091
0.482921,521.423,33.4794,167.973,4.06635
-0.907588,523.633,32.1014,162.602,3.88607
-2.92765,586.042,33.5665,172.431,3.64538
-1.09509,583.689,35.5595,180.351,3.86271
0.973033,536.353,35.0007,175.021,4.13302
-4.50481,551.008,29.9092,155.367,3.47297
-0.573285,586.225,36.3419,183.658,3.92826
-0.395705,504.653,31.4708,158.847,3.95096
-3.10933,588.972,33.5273,172.449,3.62486
1.87991,513.231,34.5067,171.496,4.26099
-3.39387,520.038,29.3185,151.104,3.59308
-4.65243,586.139,31.6556,164.613,3.45746
-0.70872,512.827,31.6484,160.088,3.91108
0.580407,570.268,36.734,184.179,4.07948
-3.24183,512.239,29.0284,149.448,3.61001
-0.159724,564.049,35.4521,178.653,3.98145
0.562335,506.785,32.6252,163.598,4.07704
-4.80838,560.309,30.0991,156.693,3.4412
0.374711,546.196,34.9445,175.453,4.05186
1.1877,518.475,34.0745,170.141,4.16277
-2.21276,547.577,32.1303,164.229,3.72787
-0.839556,530.82,32.6161,165.131,3.8946
1.12233,553.223,36.2798,181.233,4.15367
0.488898,596.611,38.3146,192.224,4.06716
0.0113583,597.266,37.7539,190.03,4.00378
-3.25718,552.923,31.3176,161.252,3.60829
-4.21633,595.657,32.6535,169.275,3.50356
-0.35499,542.732,33.8913,171.016,3.9562
-4.00237,560.871,30.9721,160.315,3.52652
-4.35759,554.576,30.2549,156.999,3.48853
0.820549,517.053,33.5717,168.049,4.1121
-1.45001,586.382,35.3013,179.482,3.81908
0.00723274,542.622,34.2951,172.625,4.00324
1.72144,506.94,33.9067,168.694,4.23819
-2.16195,582.096,34.2144,174.819,3.73384
-0.892029,590.373,36.2117,183.402,3.88802
1.71433,522.038,34.9085,173.686,4.23717
-2.31566,524.697,30.6812,156.934,3.71582
0.430154,576.993,36.9827,185.616,4.05928
-3.94533,554.967,30.7057,158.872,3.53268
-3.75003,520.008,28.9637,149.651,3.55389
-4.18182,503.803,27.6507,143.306,3.50725
-2.74668,536.483,30.9168,158.618,3.66599
-4.47416,566.807,30.7991,159.955,3.4762
-3.68116,531.788,29.6894,153.326,3.56142
1.16615,563.056,36.978,184.667,4.15976
-0.692256,502.162,31.0073,156.827,3.91316
-1.87639,569.62,33.8045,172.382,3.76767
1.09115,597.15,39.1202,195.464,4.14935
-4.75669,583.186,31.3837,163.32,3.44658
-2.8603,585.464,33.61,172.572,3.65303
1.0336,599.052,39.1704,195.791,4.14138
-4.91125,560.356,29.9955,156.269,3.43054
-3.86609,549.897,30.5075,157.758,3.54126
-1.33664,595.167,35.9666,182.721,3.83294
0.0872331,523.938,33.2023,167.033,4.01375
-3.97106,533.672,29.5016,152.67,3.5299
1.86724,593.501,39.887,198.253,4.25916
1.80606,597.472,40.0733,199.261,4.25034
-4.87106,518.06,27.7698,144.632,3.4347
0.0119874,547.243,34.5927,174.117,4.00386
-1.75221,591.425,35.2454,179.574,3.78254
-0.193832,580.591,36.4504,183.727,3.97702
0.342508,528.287,33.7626,169.556,4.04756
-0.828181,585.705,36.0021,182.26,3.89603
-2.93168,510.136,29.2149,150.081,3.64492
0.201258,516.711,32.8685,165.225,4.0288
1.9699,513.015,34.5942,171.827,4.27403
1.43709,559.121,37.0488,184.681,4.19774
-4.44598,586.247,31.8861,165.567,3.47917
-2.81927,576.797,33.1585,170.205,3.6577
-2.46194,533.535,31.0443,158.954,3.69879
-2.02788,548.04,32.3585,165.182,3.74967
-3.7258,551.641,30.751,158.859,3.55654
0.118142,520.701,33.0311,166.136,4.01782
0.159767,539.908,34.2969,172.454,4.02331
-2.97053,579.447,33.1406,170.294,3.64052
-0.46649,589.277,36.6614,185.136,3.94189
-3.82075,534.072,29.6754,153.406,3.54619
0.805889,534.184,34.6672,173.55,4.1101
-1.26682,519.379,31.4602,159.75,3.84151
-1.21996,516.344,31.3254,159.014,3.84727
1.16508,527.183,34.6209,172.896,4.15962
-0.0010441,504.423,31.8721,160.438,4.00215
1.49594,576.827,38.2962,190.823,4.20606
-2.71552,514.463,29.6791,152.234,3.66956
-4.28163,572.136,31.2941,162.303,3.4966
-0.588058,586.711,36.3541,183.738,3.92638
-1.04586,556.938,33.9857,172.31,3.86882
-0.093405,547.739,34.503,173.791,3.99008
-0.983264,560.271,34.2607,173.63,3.87661
0.0879026,508.38,32.2172,162.076,4.01383
-1.05318,567.103,34.5975,175.421,3.86791
-2.68086,556.996,32.1705,164.973,3.67353
-0.421484,583.819,36.3763,183.64,3.94765
-1.28831,543.609,32.9041,167.107,3.83886
-4.33562,523.608,28.587,148.32,3.49086
-1.57724,590.749,35.4127,180.207,3.80363
-1.17362,587.808,35.7164,181.245,3.85299
-4.19413,551.497,30.2556,156.82,3.50593
-0.790547,577.601,35.5486,179.917,3.90076
-3.64399,546.969,30.5756,157.861,3.56549
-2.79112,581.636,33.4685,171.763,3.66091
1.45334,536.983,35.6009,177.444,4.20004
-2.17661,541.821,31.8314,162.66,3.73211
0.256514,580.923,37.0209,186.028,4.03612
-1.61564,551.102,32.9935,167.941,3.79899
-3.08387,539.967,30.7642,158.209,3.62772
-4.22918,555.807,30.4556,157.896,3.50219
-4.22967,566.085,31.0182,160.813,3.50214
0.515856,522.628,33.5934,168.506,4.07078
-1.46586,515.538,31.0198,157.731,3.81715
0.507014,564.56,36.278,181.984,4.06959
-1.33511,517.759,31.2904,158.963,3.83312
-0.2337,584.447,36.6439,184.752,3.97185
0.101577,599.972,38.0388,191.345,4.01563
-4.00192,553.365,30.5581,158.171,3.52657
-2.74311,531.487,30.6326,157.156,3.6664
1.62325,576.415,38.4294,191.322,4.22415
0.707216,584.187,37.7888,189.304,4.09665
-2.92744,565.198,32.3729,166.299,3.6454
-2.82115,592.037,34.0324,174.693,3.65749
-4.29365,536.487,29.3322,152.141,3.49532
1.53885,578.973,38.4929,191.748,4.21215
1.84223,533.798,35.8451,178.193,4.25556
-2.13065,585.713,34.4633,176.053,3.73752
0.0355576,521.541,32.9937,166.042,4.00695
-4.81932,586.158,31.4759,163.874,3.44007
-1.0253,542.209,33.1096,167.845,3.87138
0.74908,500.131,32.3963,162.244,4.10235
-2.22863,508.54,29.8238,152.456,3.726
-1.80588,505.073,30.0451,153.136,3.7761
-0.980567,503.666,30.8021,156.099,3.87695
-0.474815,504.891,31.4027,158.589,3.94082
-4.97164,559.647,29.8955,155.815,3.4243
-2.39538,566.048,33.0102,168.941,3.70652
-1.12926,524.759,31.9328,161.995,3.85847
-4.79243,549.109,29.5136,153.628,3.44286
-0.482157,523.738,32.5669,164.477,3.93988
-0.733444,538.32,33.1943,167.936,3.90796
-4.40935,577.282,31.4379,163.198,3.48304
-4.04843,529.066,29.1698,151.036,3.52156
-2.96469,571.664,32.7019,168.033,3.64118
-2.24166,578.143,33.8908,173.262,3.72448
-0.85081,510.056,31.3284,158.624,3.89318
-1.85429,576.95,34.265,174.703,3.77031
-4.01474,511.925,28.2573,146.276,3.52519
-2.96321,537.914,30.7728,158.119,3.64135
1.40542,542.806,35.9303,179.144,4.19327
-3.35709,599.003,33.8127,174.221,3.59716
1.57893,575.245,38.2956,190.713,4.21784
-2.14114,558.464,32.8484,167.815,3.73629
-3.8414,504.45,28.0098,144.816,3.54394
1.91755,520.513,35.0395,174.1,4.26644
-4.74498,580.119,31.2312,162.513,3.4478
-0.534446,547.633,33.9935,171.744,3.93321
-4.64904,569.373,30.7537,159.919,3.45782
1.64035,500.201,33.367,166.1,4.22659
-0.077487,581.499,36.6489,184.58,3.99216
-0.797564,521.941,32.1155,162.55,3.89988
-3.33431,535.075,30.2274,155.723,3.59969
-3.85199,509.452,28.2773,146.21,3.54279
-1.10236,593.013,36.1187,183.196,3.86181
-3.14913,508.62,28.9142,148.763,3.62039
-1.16323,548.048,33.3121,169.032,3.85427
-3.44508,503.439,28.3333,146.079,3.5874
-4.58013,552.156,29.8943,155.373,3.46504
-4.4728,590.904,32.1099,166.761,3.47634
-3.9394,500.693,27.7084,143.358,3.53332
-1.8348,526.033,31.2615,159.368,3.77264
-2.45498,584.266,34.0041,174.101,3.6996
-4.48611,565.861,30.7351,159.637,3.47494
-3.33729,596.287,33.682,173.523,3.59936
-3.05898,501.513,28.5974,147.04,3.63053
-1.0844,511.322,31.1618,158.035,3.86403
-3.55902,500.108,28.0371,144.668,3.57482
-0.302946,580.668,36.3232,183.222,3.9629
1.62881,528.821,35.2628,175.551,4.22494
-2.58105,574.516,33.2946,170.618,3.68502
-0.711035,594.689,36.6976,185.631,3.91079
-2.47195,590.645,34.3557,175.922,3.69763
-4.55145,580.495,31.4595,163.475,3.46806
-3.66346,534.486,29.858,154.178,3.56335
-0.805233,536.796,33.0211,167.142,3.89891
-3.18224,589.425,33.4701,172.244,3.61667
-3.94213,523.878,28.9888,149.985,3.53302
-1.25539,599.024,36.2984,184.303,3.84291
-2.2347,509.824,29.893,152.816,3.72529
1.18074,562.513,36.9602,184.559,4.1618
-4.68795,579.572,31.2628,162.611,3.45375
0.828214,570.041,37.0215,185.308,4.11315
-4.64848,569.001,30.7342,159.817,3.45788
-0.710302,594.512,36.6876,185.579,3.91088
1.62393,528.207,35.2162,175.324,4.22425
-3.51756,506.723,28.448,146.745,3.57939
-2.27219,562.208,32.9228,168.349,3.7209
-2.85115,569.312,32.6929,167.853,3.65407
-4.85177,515.549,27.6535,144.006,3.4367
-0.928919,524.723,32.1453,162.848,3.8834
0.0229526,519.618,32.8584,165.375,4.0053
-4.01755,507.24,27.9959,144.926,3.52488
-2.64152,509.344,29.4574,151.019,3.67805
-2.43642,557.042,32.44,166.071,3.70175
-4.04623,525.107,28.9537,149.914,3.52179
-1.32431,563.948,34.0941,173.193,3.83445
0.222422,593.884,37.8041,190.008,4.0316
-2.20942,563.197,33.0506,168.929,3.72826
-1.78003,536.474,31.9408,162.769,3.7792
-4.70527,520.725,28.0719,146.032,3.45194
-0.933652,530.323,32.4832,164.565,3.88281
-2.34342,522.254,30.5097,156.088,3.71258
-3.95783,554.717,30.6788,158.747,3.53133
-0.230889,591.353,37.0803,186.949,3.97222
-3.46542,512.959,28.8492,148.76,3.58515
-1.81864,545.915,32.4607,165.463,3.77457
-3.1299,511.79,29.1133,149.767,3.62255
1.12336,525.779,34.4812,172.247,4.15382
-4.73767,564.634,30.4051,158.206,3.44856
0.35941,506.712,32.402,162.704,4.04982
-1.66822,551.19,32.9405,167.733,3.79264
0.988034,571.592,37.3187,186.593,4.13509
-1.69842,592.939,35.3996,180.292,3.789
-1.04985,539.6,32.9233,166.929,3.86832
-2.3424,523.262,30.5697,156.393,3.7127
0.0400973,500.218,31.6496,159.273,4.00755
-1.30666,533.135,32.2503,163.807,3.83661
-3.29979,565.356,31.9755,164.688,3.60354
-3.24318,564.689,31.9993,164.745,3.60985
-0.632225,561.186,34.7214,175.539,3.92077
-3.18405,558.696,31.7232,163.256,3.61647
-1.19038,517.09,31.4018,159.369,3.85092
-0.139427,570.086,35.8557,180.662,3.98409
-2.39855,581.118,33.8854,173.424,3.70616
-1.50172,513.72,30.8733,157.025,3.81279
-2.92569,511.006,29.2707,150.361,3.6456
0.22944,563.141,35.8555,180.205,4.03253
-0.0831088,524.435,33.0463,166.442,3.99142
-4.55252,570.072,30.8935,160.535,3.46794
-0.735197,502.531,30.9857,156.764,3.90774
-4.50829,567.213,30.7852,159.922,3.4726
-4.38314,587.446,32.0202,166.189,3.48582
-3.33104,572.536,32.3473,166.64,3.60006
-4.03009,543.934,30.0083,155.357,3.52353
0.658584,529.202,34.177,171.268,4.09005
-1.90573,579.523,34.3583,175.241,3.76418
1.40481,599.781,39.7009,197.944,4.19319
-2.61281,550.84,31.8882,163.448,3.68136
-2.62122,524.036,30.3279,155.459,3.68039
-3.7318,514.898,28.6969,148.254,3.55588
-4.03572,565.594,31.1973,161.519,3.52293
-4.52341,552.968,29.9964,155.841,3.47101
0.901092,506.246,32.9576,164.885,4.12313
-4.13762,550.461,30.2571,156.765,3.51198
1.2133,565.996,37.2289,185.86,4.16633
0.432385,512.626,32.8595,164.919,4.05957
1.66813,546.718,36.5034,181.678,4.23056
-2.44813,557.802,32.4714,166.245,3.70039
-2.28769,528.53,30.9345,158.199,3.71909
0.055444,534.271,33.8215,170.185,4.00957
1.83239,576.699,38.7135,192.465,4.25414
-2.62587,505.705,29.2625,150.003,3.67985
-1.51612,569.869,34.2311,174.121,3.81104
0.784172,508.037,32.9467,164.961,4.10713
0.14462,563.649,35.7869,179.965,4.02131
1.16829,553.308,36.3404,181.48,4.16006
-0.432107,530.627,33.0504,166.861,3.94629
1.15904,574.315,37.7086,188.324,4.15878
0.67825,563.553,36.4192,182.479,4.09272
-3.7018,569.67,31.782,164.157,3.55916
-4.76985,559.005,30.0688,156.492,3.44521
0.854095,580.573,37.7378,188.86,4.11669
-3.67937,592.843,33.1001,170.938,3.56161
0.113878,503.884,31.9598,160.753,4.01726
-0.317278,522.264,32.6541,164.731,3.96105
-3.48982,553.048,31.078,160.281,3.58245
-1.38553,506.557,30.5617,155.315,3.82695
-2.78367,519.745,29.9148,153.516,3.66176
-3.87547,555.805,30.8254,159.412,3.54024
-2.12854,540.394,31.799,162.44,3.73777
-4.65537,515.752,27.8514,144.833,3.45716
1.4622,529.393,35.108,174.977,4.20129
-0.591752,555.478,34.4146,173.94,3.92591
-4.54631,507.054,27.4842,142.813,3.4686
-4.41155,515.23,28.0566,145.647,3.48281
1.05293,528.9,34.6054,172.951,4.14405
-2.221,515.708,30.252,154.637,3.7269
0.289755,560.041,35.7295,179.498,4.04054
-4.10944,505.657,27.8212,144.115,3.515
-4.06802,599.24,33.0167,170.978,3.51945
-2.68604,519.412,29.9945,153.82,3.67294
1.86986,558.001,37.5043,186.407,4.25954
1.69948,573.512,38.3318,190.738,4.23504
0.0421301,574.561,36.3559,182.954,4.00782
1.10544,510.825,33.4807,167.27,4.15133
-4.35194,502.051,27.3948,142.151,3.48913
-0.821241,557.524,34.2778,173.523,3.8969
-0.767673,583.278,35.9254,181.796,3.90364
1.24104,535.964,35.2858,176.126,4.17021
-4.75911,544.942,29.3232,152.6,3.44633
-2.66079,502.864,29.0637,149.021,3.67584
-0.639545,516.739,31.9636,161.605,3.91984
-1.52952,580.973,34.8825,177.45,3.80942
-3.97306,507.148,28.0334,145.074,3.52968
-2.08156,560.361,33.0262,168.653,3.74332
0.301651,521.776,33.3014,167.286,4.04212
1.4914,526.588,34.9556,174.183,4.20542
0.686417,553.482,35.778,179.256,4.09383
0.630115,554.962,35.8069,179.47,4.0862
-3.25407,505.144,28.6144,147.33,3.60864
-2.22833,596.493,34.9822,178.825,3.72604
-3.91474,533.745,29.5624,152.923,3.53599
-0.897098,546.748,33.5302,169.827,3.88738
-3.15936,509.489,28.9535,148.976,3.61924
-4.95968,501.118,26.7799,139.565,3.42554
-0.941384,530.36,32.4771,164.543,3.88184
0.119934,500.151,31.7294,159.587,4.01805
-3.87392,596.507,33.0846,171.094,3.54041
1.99525,541.657,36.5559,181.54,4.27772
1.95175,542.703,36.5743,181.684,4.2714
-3.03596,556.017,31.7301,163.121,3.63312
1.31389,522.194,34.4619,171.929,4.18041
1.51141,554.544,36.8355,183.526,4.20825
0.630019,577.832,37.2824,186.865,4.08619
-0.779027,586.215,36.0927,182.656,3.90221
-1.58262,585.629,35.0994,178.62,3.80298
0.6177,536.286,34.5877,173.374,4.08452
-4.82757,502.313,26.9659,140.401,3.43921
-3.32931,511.103,28.8781,148.766,3.60025
-0.513151,516.123,32.0603,161.953,3.93593
-0.50472,583.383,36.2485,183.099,3.937
1.26815,585.296,38.5681,192.474,4.174
1.37071,599.266,39.6223,197.598,4.18839
-4.53135,524.476,28.4432,147.78,3.47017
0.412199,571.705,36.622,183.828,4.05687
-3.57163,555.046,31.1036,160.505,3.57344
1.31325,553.82,36.5483,182.339,4.18032
0.170506,579.733,36.8398,185.227,4.02473
-1.37056,504.684,30.464,154.802,3.82878
-3.83904,585.592,32.5179,168.121,3.5442
-0.190391,596.816,37.4733,188.878,3.97747
-1.21786,519.44,31.5155,159.977,3.84753
-1.42928,554.955,33.4326,169.956,3.82161
-2.33742,550.328,32.1563,164.505,3.71328
-2.89857,561.719,32.2051,165.403,3.64868
-2.67571,554.768,32.0474,164.336,3.67413
-4.77645,544.782,29.2971,152.483,3.44452
1.14603,588.818,38.6443,193.014,4.15697
0.578456,538.863,34.7088,174.027,4.07922
-4.0206,538.784,29.7339,153.926,3.52455
0.793533,511.747,33.1975,166.206,4.10841
0.160913,503.663,31.9957,160.881,4.02346
0.128083,537.315,34.0962,171.482,4.01913
1.73026,589.323,39.4284,196.154,4.23945
0.302344,544.711,34.766,174.642,4.04221
-1.74386,555.464,33.1117,168.693,3.78354
-4.46998,576.069,31.3069,162.587,3.47664
0.677632,517.421,33.4372,167.539,4.09264
1.98666,567.534,38.2915,190.17,4.27647
-3.20866,586.706,33.2859,171.327,3.61371
-3.41658,562.771,31.7032,163.421,3.59056
-0.296459,528.812,33.0865,166.888,3.96374
-2.24563,597.042,34.994,178.907,3.72401
-2.99042,540.82,30.9106,158.857,3.63827
-1.49268,508.491,30.5683,155.464,3.81389
-4.20133,577.762,31.6887,164.256,3.50516
-4.7805,525.446,28.2534,147.055,3.4441
-1.73779,525.344,31.3226,159.571,3.78427
-0.0425729,515.912,32.5531,163.912,3.99672
-3.05624,560.88,31.9857,164.458,3.63084
-2.96168,573.548,32.8131,168.6,3.64152
-1.94594,505.049,29.9025,152.558,3.75939
-1.59219,518.242,31.0506,158.026,3.80182
0.183381,558.032,35.4759,178.354,4.02643
-2.55693,516.441,29.9534,153.47,3.6878
-2.98542,599.991,34.2983,176.261,3.63883
0.712649,540.377,34.9611,175.132,4.09739
-3.37053,522.146,29.4608,151.812,3.59567
-2.72787,519.592,29.9625,153.701,3.66814
1.36611,565.619,37.3919,186.481,4.18774
-3.38952,522.383,29.4551,151.803,3.59356
-0.478946,505.412,31.4307,158.735,3.9403
0.983732,500.326,32.6612,163.31,4.1345
-2.83343,545.875,31.3659,161.019,3.65609
-3.69558,575.767,32.1289,165.942,3.55984
0.508738,566.209,36.3861,182.524,4.06982
-4.94304,548.034,29.3039,152.7,3.42725
-2.0504,570.078,33.6342,171.721,3.747
-0.133133,560.912,35.2861,177.784,3.98491
-1.93703,514.199,30.4533,155.358,3.76045
-4.24812,555.062,30.395,157.603,3.50017
-0.795846,575.209,35.3951,179.147,3.90009
-1.75491,598.655,35.6731,181.756,3.78221
-1.93411,514.715,30.4869,155.526,3.7608
-2.269,568.965,33.3221,170.387,3.72127
-2.41504,586.106,34.1572,174.836,3.70424
1.55254,590.246,39.2601,195.551,4.21409
1.77143,518.973,34.7686,172.924,4.24536
-0.0803255,527.667,33.253,167.48,3.99179
-2.1919,566.484,33.2631,169.994,3.73032
-2.44203,545.902,31.7852,162.725,3.7011
-1.40941,558.356,33.6598,171.088,3.82404
-2.99881,527.63,30.1481,154.948,3.63732
-1.78447,557.571,33.192,169.15,3.77867
-3.56181,506.181,28.3748,146.414,3.57452
-0.806747,579.947,35.6737,180.571,3.89872
-1.48705,526.829,31.6767,161.095,3.81458
-3.53682,556.69,31.2328,161.132,3.57727
0.336764,588.77,37.621,188.94,4.0468
-3.22497,506.161,28.7004,147.742,3.61189
-4.56587,541.802,29.348,152.519,3.46654
1.77433,559.26,37.4712,186.362,4.24578
-2.08717,572.27,33.7217,172.212,3.74265
-3.69938,548.84,30.6224,158.165,3.55942
-2.87538,554.147,31.7959,163.275,3.65131
1.93681,534.752,36.0208,178.952,4.26923
0.285136,564.835,36.0298,181.013,4.03992
-4.17018,596.057,32.727,169.6,3.50849
-0.69196,503.928,31.1167,157.38,3.9132
-4.34137,593.921,32.4194,168.211,3.49025
-3.22724,578.497,32.7994,168.846,3.61164
1.81032,565.281,37.9194,188.546,4.25096
-2.80068,541.104,31.1262,159.752,3.65982
1.16203,582.46,38.2472,191.01,4.15919
-4.50985,574.279,31.167,161.907,3.47243
0.45443,537.772,34.4965,173.109,4.06253
0.190724,513.625,32.6608,164.192,4.0274
-2.91853,504.761,28.92,148.552,3.64641
1.14082,519.355,34.0796,170.221,4.15624
-0.15236,534.856,33.6254,169.439,3.98241
-2.77332,512.067,29.4832,151.291,3.66295
-2.60618,567.315,32.8493,168.366,3.68212
-3.01518,513.52,29.3256,150.738,3.63547
-3.69005,580.66,32.4081,167.377,3.56044
-2.4273,560.141,32.6305,167.036,3.70281
-3.49311,572.132,32.1468,165.797,3.58209
-4.90901,573.216,30.6863,159.865,3.43077
-0.214151,512.803,32.1729,162.188,3.97438
-3.88858,583.195,32.3301,167.209,3.53882
-4.8103,588.631,31.6185,164.605,3.441
-0.519905,566.972,35.211,177.877,3.93506
-2.91773,582.849,33.3949,171.537,3.6465
1.21276,529.86,34.8515,173.992,4.16626
-3.94719,561.603,31.0709,160.764,3.53248
-4.80303,541.204,29.0782,151.372,3.44176
1.44368,551.179,36.5305,182.089,4.19867
-1.63673,583.72,34.9215,177.781,3.79644
-1.62674,561.099,33.5794,170.937,3.79765
0.164678,583.358,37.063,186.356,4.02396
1.69884,522.817,34.9427,173.875,4.23495
-0.699476,525.478,32.4392,164.077,3.91225
-2.79631,562.134,32.3407,165.98,3.66032
-3.30238,578.618,32.7227,168.54,3.60325
-4.04517,599.465,33.0549,171.148,3.52191
-4.50712,575.84,31.2546,162.359,3.47272
-4.5783,512.482,27.748,144.216,3.46524
-4.98537,516.114,27.557,143.641,3.42289
0.790917,575.576,37.335,186.924,4.10805
-3.15505,501.651,28.5122,146.701,3.61972
-2.62965,546.395,31.6129,162.056,3.67942
-4.75076,554.721,29.8579,155.374,3.4472
1.42452,541.692,35.8791,178.866,4.19597
0.430342,532.435,34.127,171.283,4.0593
0.320696,596.098,38.0689,191.21,4.04466
-4.11322,560.459,30.8324,159.717,3.5146
-1.10689,544.37,33.151,168.149,3.86125
-3.62918,513.056,28.6944,148.133,3.56711
-1.35979,536.409,32.3907,164.58,3.8301
-4.48466,525.252,28.5308,148.186,3.47509
-0.193444,539.761,33.8875,170.808,3.97707
-1.89585,561.539,33.3032,169.848,3.76535
-4.48857,585.947,31.8234,165.292,3.47468
0.932601,583.918,38.0537,190.34,4.12746
-3.76107,523.46,29.145,150.6,3.55269
1.64061,563.151,37.5665,187.005,4.22663
-3.10096,566.277,32.2445,165.841,3.6258
-3.90511,594.792,32.9544,170.458,3.53703
-0.130561,593.766,37.3561,188.21,3.98524
-1.73402,531.591,31.6991,161.485,3.78472
-0.00642824,588.731,37.1925,187.226,4.00145
-4.2038,561.685,30.8044,159.675,3.5049
0.6797,500.111,32.3208,161.942,4.09292
0.398437,513.397,32.8719,165.02,4.05503
-3.23096,514.599,29.1729,150.181,3.61122
-4.49965,593.862,32.241,167.474,3.47351
-2.77368,521.414,30.021,154.051,3.6629
-3.5699,568.803,31.8764,164.491,3.57363
0.418578,576.424,36.9321,185.376,4.05773
-1.54153,506.633,30.4067,154.695,3.80796
-0.488777,515.517,32.0487,161.867,3.93904
-4.23631,545.208,29.8675,154.854,3.50143
1.05988,599.726,39.2485,196.146,4.14502
-1.02089,587.169,35.8604,181.784,3.87193
-4.26761,581.059,31.7974,164.897,3.49809
-4.70234,511.368,27.5702,143.419,3.45225
-1.22943,559.595,33.9386,172.29,3.84611
-1.37105,508.376,30.6863,155.933,3.82872
-3.96509,584.307,32.3073,167.182,3.53054
1.16425,547.326,35.9428,179.499,4.1595
1.86352,522.806,35.1316,174.621,4.25863
-0.986338,539.43,32.9829,167.158,3.87623
-3.55003,560.547,31.435,162.191,3.57581
0.456932,533.266,34.2103,171.67,4.06287
-1.51467,547.53,32.8909,167.302,3.81122
-4.72865,540.629,29.1215,151.518,3.4495
-1.35362,518.886,31.339,159.23,3.83086
-4.05226,582.936,32.1357,166.397,3.52114
-2.39021,574.667,33.5187,171.538,3.70712
-2.05299,542.302,31.9926,163.343,3.74669
-3.44026,577.37,32.4995,167.553,3.58794
-4.32072,585.84,32.0009,166.015,3.49244
1.54278,521.433,34.6719,172.709,4.2127
-4.58684,537.102,29.0725,151.11,3.46434
1.35314,506.592,33.4755,166.963,4.18592
1.30563,562.734,37.1272,185.236,4.17925
-0.320731,591.45,36.9757,186.536,3.96061
-1.52259,528.416,31.7343,161.427,3.81026
-4.20306,597.478,32.7682,169.854,3.50498
-0.796457,535.024,32.9217,166.629,3.90001
-0.817753,580.927,35.7209,180.823,3.89734
-4.31616,557.421,30.4533,157.981,3.49293
-1.55654,592.999,35.5723,180.993,3.80614
-0.248382,560.053,35.0972,176.972,3.96995
0.668689,576.289,37.2304,186.556,4.09142
-4.63465,549.881,29.7155,154.504,3.45933
-1.20239,517.299,31.4018,159.382,3.84944
-0.943761,582.947,35.6945,180.847,3.88154
-2.77552,588.096,33.8581,173.743,3.66269
-1.80682,547.687,32.5791,166.052,3.77599
1.70293,593.772,39.6904,197.494,4.23554
0.183522,520.041,33.0609,166.212,4.02645
1.93057,597.763,40.257,200.006,4.26833
1.52471,550.491,36.5823,182.248,4.21014
0.0798331,510.514,32.3437,162.722,4.01277
-4.47653,570.251,30.9837,160.917,3.47595
-4.66467,596.466,32.1998,167.457,3.45618
-1.4763,506.191,30.4467,154.828,3.81588
-0.383162,544.973,33.9993,171.595,3.95257
-2.74403,585.517,33.7456,173.127,3.66629
-1.4015,512.784,30.9208,157.157,3.825
-4.61017,583.056,31.5347,163.935,3.46189
-4.25033,518.803,28.4073,147.299,3.49993
-1.93582,501.343,29.6932,151.479,3.76059
-2.5186,500.316,29.0558,148.832,3.69223
0.92534,595.149,38.7763,193.964,4.12646
-2.01934,565.555,33.4022,170.5,3.75068
-4.62997,548.434,29.6421,154.117,3.45982
-0.0103713,530.345,33.4996,168.641,4.00093
0.0713052,544.462,34.4847,173.503,4.01165
-1.3819,511.371,30.8559,156.806,3.8274
0.434411,508.973,32.6275,163.753,4.05985
-4.6951,507.306,27.358,142.308,3.453
-3.84902,554.227,30.7657,159.073,3.54311
1.28048,514.666,33.9277,169.302,4.17572
-0.908461,575.021,35.2507,178.555,3.88596
-3.54695,537.717,30.1579,155.598,3.57615
1.72298,561.254,37.5415,186.776,4.23841
-2.62379,558.342,32.3105,165.625,3.68009
0.88418,595.597,38.7528,193.9,4.12081
1.60335,559.64,37.2866,185.658,4.22132
-4.85916,572.256,30.6874,159.814,3.43593
-3.99148,583.625,32.2405,166.868,3.52769
-1.53065,599.455,35.9908,183.09,3.80928
1.83728,539.779,36.2408,180.166,4.25484
0.462495,511.465,32.8178,164.676,4.06361
-2.95358,574.843,32.8962,169.018,3.64244
0.443284,592.35,37.9836,190.622,4.06104
-0.367582,543.073,33.8984,171.067,3.95458
-1.36387,549.792,33.1942,168.668,3.8296
-2.76643,526.835,30.3406,155.683,3.66373
-3.39997,560.206,31.5766,162.749,3.5924
-0.458697,546.255,33.9936,171.655,3.94289
0.280996,566.156,36.1091,181.416,4.03937
-0.851599,542.257,33.3054,168.635,3.89308
0.994494,515.039,33.6336,168.16,4.13598
-4.34896,550.638,30.049,155.92,3.48944
-4.37791,597.768,32.5887,169.133,3.48637
-0.470834,531.12,33.0384,166.845,3.94133
-1.48392,514.988,30.968,157.487,3.81496
0.422083,559.787,35.8703,180.043,4.0582
0.647587,560.529,36.187,181.354,4.08856
-4.32597,540.168,29.5008,153.051,3.49188
0.652764,532.109,34.3581,172.182,4.08927
-1.92126,596.251,35.3316,180.225,3.76233
-1.36549,500.004,30.1866,153.387,3.8294
-4.48965,507.037,27.5367,143.028,3.47456
-1.59787,519.419,31.1152,158.361,3.80114
-0.178485,520.538,32.6969,164.79,3.97901
-1.13853,541.632,32.9493,167.163,3.85733
-2.58196,516.879,29.9535,153.498,3.68491
-3.7124,581.239,32.4157,167.443,3.558
0.980296,545,35.5734,177.876,4.13402
-3.51409,544.444,30.5693,157.684,3.57978
0.755207,512.6,33.2108,166.316,4.10318
-0.946254,519.437,31.803,161.133,3.88123
0.210654,520.667,33.1305,166.531,4.03004
1.57023,532.248,35.423,176.418,4.2166
1.91002,586.366,39.4628,196.088,4.26535
-1.3131,541.541,32.7518,166.361,3.83582
-3.67493,517.504,28.8981,149.233,3.5621
-0.316224,518.172,32.3994,163.445,3.96119
0.242103,560.446,35.6989,179.403,4.03421
-3.20305,539.568,30.6174,157.586,3.61434
-0.636199,508.828,31.4777,159.145,3.92027
-3.06841,576.301,32.8515,168.925,3.62946
-0.00949545,512.446,32.3699,162.953,4.00105
-4.61362,552.144,29.8593,155.229,3.46153
1.95904,564.852,38.0761,189.135,4.27246
-2.17824,559.773,32.8842,168.042,3.73192
1.60622,522.598,34.822,173.382,4.22172
0.443078,518.522,33.2492,166.863,4.06101
-4.49483,574.709,31.2064,162.094,3.47402
-4.073,571.147,31.4635,162.94,3.51892
-1.94144,566.828,33.5653,171.239,3.75993
-4.61521,521.043,28.1759,146.479,3.46136
-1.26866,595.534,36.0708,183.164,3.84128
0.191978,557.354,35.4429,178.177,4.02757
1.18981,589.743,38.7609,193.539,4.16306
1.20148,519.471,34.1554,170.53,4.16469
-2.87598,516.274,29.6222,152.114,3.65124
-4.07989,568.967,31.3361,162.288,3.51818
-2.48821,517.726,30.0977,154.136,3.69575
1.97219,551.253,37.1754,184.645,4.27437
-1.20925,579.694,35.1814,178.574,3.84859
1.36971,562.245,37.1733,185.386,4.18825
-1.48387,574.775,34.5632,175.771,3.81496
-0.159333,579.095,36.3982,183.42,3.9815
-1.93007,597.584,35.4001,180.585,3.76128
-4.0188,575.535,31.764,164.433,3.52475
1.26092,555.979,36.6275,182.799,4.17299
0.862921,574.583,37.3593,186.955,4.1179
-4.6605,536.788,28.9822,150.72,3.45662
-1.84048,594.303,35.312,180.024,3.77196
-1.13942,556.226,33.8362,171.663,3.85722
0.33139,510.163,32.5924,163.691,4.04608
1.9497,585.778,39.4746,196.094,4.2711
-3.19406,527.423,29.9374,154.076,3.61535
-0.848257,592.789,36.4131,184.366,3.8935
1.21242,586.989,38.6087,192.75,4.16621
-3.91117,539.19,29.8676,154.498,3.53637
-0.270988,518.956,32.4974,163.888,3.96703
-2.97377,590.573,33.7733,173.549,3.64015
1.78272,513.965,34.4459,171.306,4.24698
1.90804,551.121,37.0884,184.292,4.26506
-0.947151,582.896,35.6873,180.814,3.88112
-3.17023,579.086,32.8965,169.277,3.61802
-2.74578,593.152,34.1836,175.377,3.66609
-1.41911,575.297,34.6698,176.234,3.82285
1.49529,551.791,36.6333,182.538,4.20597
-4.01718,548.412,30.2687,156.691,3.52492
-0.878701,510.961,31.3548,158.788,3.88968
-2.19715,512.373,30.0805,153.735,3.7297
-4.84302,582.171,31.2364,162.654,3.43761
0.255281,587.869,37.462,188.246,4.03596
1.22259,591.923,38.9463,194.421,4.16763
-3.50857,503.906,28.2985,145.965,3.58038
-2.6503,552.669,31.9536,163.826,3.67704
0.627544,579.976,37.4176,187.547,4.08585
0.245328,514.174,32.755,164.605,4.03464
0.558944,516.156,33.2247,166.608,4.07658
1.38068,513.109,33.9369,169.233,4.18979
-3.68026,588.965,32.8826,169.816,3.56151
-3.26975,514.238,29.1141,149.919,3.60689
1.93485,552.628,37.2226,184.925,4.26895
-4.97719,561.076,29.9661,156.189,3.42373
-4.2081,564.821,30.9718,160.548,3.50444
1.36707,527.061,34.844,173.773,4.18787
-3.33891,589.383,33.2902,171.507,3.59918
-3.30665,563.635,31.8708,164.157,3.60277
-2.18976,504.257,29.6114,151.329,3.73057
-0.146135,549.951,34.5816,174.25,3.98322
-4.75474,558.058,30.0334,156.291,3.44678
-1.62588,579.102,34.6578,176.425,3.79775
-2.08096,563.943,33.238,169.734,3.74339
-4.82646,577.279,30.9915,161.36,3.43933
-1.17795,508.665,30.903,156.824,3.85246
-1.87305,512.12,30.3956,154.994,3.76807
1.11996,523.786,34.3467,171.579,4.15334
-4.97599,503.866,26.9117,140.268,3.42385
-2.73204,538.037,31.0218,159.14,3.66767
-0.509354,570.366,35.4342,178.992,3.93641
-2.03378,556.053,32.8251,167.571,3.74897
-3.15923,531.095,30.1815,155.294,3.61925
-2.6441,588.446,34.0292,174.46,3.67776
0.370219,559.272,35.7758,179.632,4.05126
-2.79915,549.611,31.6172,162.27,3.66
-1.19998,565.156,34.3097,174.139,3.84974
-1.39076,562.304,33.9191,172.384,3.82631
-1.7318,582.05,34.7105,176.824,3.78499
-3.48084,518.579,29.15,150.328,3.58345
0.833624,542.967,35.2695,176.532,4.11389
-2.69379,592.921,34.2305,175.553,3.67205
1.01053,561.488,36.6862,183.403,4.13819
0.382293,579.941,37.1127,186.329,4.05287
-0.428711,542.707,33.8066,170.675,3.94673
1.5553,549.402,36.5467,182.033,4.21448
-4.4059,517.311,28.1754,146.258,3.48341
-3.83437,504.94,28.0437,144.984,3.54471
-1.07523,513.427,31.2998,158.725,3.86517
-2.04226,577.721,34.0944,174.061,3.74796
-4.02466,532.331,29.3737,152.065,3.52412
1.10255,515.731,33.7991,168.864,4.15093
-3.49191,505.342,28.3952,146.447,3.58222
0.427688,560.332,35.9119,180.245,4.05895
-1.44232,584.366,35.189,178.901,3.82002
0.618699,582.635,37.5782,188.363,4.08465
-0.843649,501.852,30.8319,156.102,3.89408
-3.80364,594.124,33.0315,170.734,3.54805
-0.890871,545.168,33.4403,169.364,3.88816
-0.58536,542.695,33.6298,169.966,3.92672
-0.0133497,548.287,34.6295,174.332,4.00054
-0.540461,518.324,32.1677,162.526,3.93244
-4.23716,583.031,31.9386,165.593,3.50134
-3.91927,507.988,28.1314,145.526,3.5355
-0.445097,524.43,32.6503,164.856,3.94463
-3.87511,580.917,32.2186,166.617,3.54028
0.204827,584.235,37.1682,186.834,4.02927
-1.3563,566.623,34.2191,173.867,3.83053
-4.36975,554.602,30.2438,156.954,3.48724
-2.0709,576.361,33.9814,173.518,3.74458
-2.81582,587.337,33.7684,173.331,3.65809
-4.74689,541.859,29.1695,151.787,3.4476
-0.617361,524.223,32.4505,164.042,3.92266
-1.39458,548.85,33.1032,168.242,3.82585
-2.57408,523.172,30.3262,155.4,3.68582
-4.0055,545.827,30.1381,156.002,3.52618
-1.88817,593.724,35.221,179.62,3.76627
-1.56816,587.343,35.2192,179.211,3.80473
-4.0629,559.555,30.8356,159.677,3.52
-3.91082,546.808,30.2899,156.682,3.53641
-0.173626,507.999,31.9144,160.841,3.97964
-0.500383,525.315,32.6452,164.893,3.93756
0.298541,559.3,35.6927,179.302,4.04171
0.865638,573.095,37.2659,186.484,4.11827
1.24161,522.424,34.395,171.679,4.17029
-1.58666,548.086,32.8448,167.151,3.80249
-1.75456,572.033,34.0871,173.675,3.78225
-3.34962,597.554,33.7394,173.834,3.59799
1.61426,585.129,38.9988,194.169,4.22287
-1.68436,525.543,31.3907,159.859,3.7907
0.900822,585.499,38.1168,190.696,4.12309
-3.24377,575.222,32.5955,167.815,3.60979
-2.53499,565.092,32.7994,168.027,3.69033
1.87421,533.922,35.8911,178.383,4.26017
-4.71978,527.341,28.4144,147.829,3.45043
-2.06457,567.846,33.4865,170.984,3.74532
-0.827394,597.91,36.7533,186.062,3.89612
-0.695547,565.319,34.9032,176.536,3.91275
-3.61731,584.651,32.7117,168.858,3.56842
0.687223,594.517,38.4316,192.55,4.09394
-1.25499,597.088,36.1815,183.709,3.84296
-3.39701,581.856,32.8002,169.052,3.59273
-0.754577,587.674,36.212,183.23,3.90529
-0.842725,539.348,33.1366,167.77,3.8942
-0.777714,509.898,31.3953,158.883,3.90237
-4.85811,547.671,29.3701,152.952,3.43604
1.13622,584.38,38.3406,191.51,4.1556
-1.4808,531.457,31.9617,162.537,3.81534
0.666466,517.508,33.4305,167.518,4.09112
-4.68207,523.436,28.2405,146.885,3.45437
-4.28503,548.897,30.0195,155.697,3.49624
-0.165326,543.826,34.1746,172.222,3.98072
-2.22461,515.221,30.2197,154.476,3.72648
0.540937,588.904,37.8849,190.001,4.07416
-4.85707,501.717,26.9066,140.122,3.43615
-4.31515,576.573,31.5007,163.414,3.49303
-3.0489,503.256,28.7066,147.591,3.63166
-3.83555,540.227,30.0023,155.112,3.54458
-4.65566,523.987,28.2958,147.145,3.45713
-0.454438,536.337,33.3812,168.558,3.94343
0.43356,531.683,34.0824,171.055,4.05973
1.49659,501.571,33.3006,165.93,4.20615
-4.1989,559.116,30.6686,158.966,3.50542
-3.54528,573.441,32.1632,165.943,3.57634
-2.64459,543.877,31.4514,161.245,3.6777
-4.03331,580.325,32.0125,165.737,3.52318
-1.05644,568.507,34.6794,175.84,3.86751
0.398844,515.254,32.9912,165.618,4.05509
-3.57431,515.301,28.8738,149.001,3.57314
-4.85233,560.64,30.0715,156.599,3.43664
-0.0849122,583.24,36.7496,185.096,3.99119
-2.38473,516.944,30.1574,154.33,3.70776
1.08525,587.544,38.4835,192.29,4.14853
-2.95346,540.294,30.9192,158.86,3.64245
-4.83755,556.804,29.8809,155.59,3.43817
0.824294,517.595,33.611,168.242,4.11261
1.52935,592.529,39.3819,196.189,4.2108
-1.64217,566.929,33.9108,172.642,3.79578
1.43044,516.715,34.2314,170.645,4.1968
1.07793,500.389,32.767,163.735,4.14751
0.26429,588.925,37.5405,188.629,4.03715
1.13432,584.629,38.3546,191.582,4.15534
1.14774,529.119,34.7282,173.453,4.1572
-3.08071,535.576,30.5173,156.936,3.62808
-1.92422,539.832,31.9852,163.159,3.76197
-4.66107,565.691,30.5422,158.833,3.45656
-3.39846,526.601,29.6839,152.992,3.59257
0.260197,531.65,33.885,170.266,4.03661
1.21047,504.564,33.1851,165.675,4.16594
-2.00013,565.821,33.4395,170.667,3.75295
-4.24442,503.624,27.5818,143.012,3.50056
1.85337,551.789,37.0668,184.252,4.25716
-3.27792,593.653,33.6009,173.033,3.60598
-1.3578,556.1,33.5819,170.631,3.83034
-0.894404,591.772,36.2947,183.825,3.88772
-1.69597,520.754,31.0926,158.354,3.7893
-2.47654,584.324,33.9828,174.018,3.6971
-2.97563,565.835,32.3565,166.271,3.63994
-4.36339,570.699,31.1284,161.538,3.48791
0.469867,531.244,34.0952,171.077,4.0646
-3.13388,506.167,28.7896,148.106,3.6221
-2.86654,522.186,29.971,153.895,3.65232
-0.439373,584.534,36.3992,183.778,3.94536
-1.17716,527.086,32.023,162.507,3.85255
-1.86623,527.726,31.329,159.747,3.76889
0.807054,543.297,35.26,176.516,4.11026
-0.833857,549.145,33.7484,170.857,3.89531
-1.36296,588.9,35.5565,180.67,3.82971
-0.0638538,508.062,32.0351,161.328,3.99394
-0.318514,551.975,34.5103,174.097,3.96089
1.74943,592.928,39.6946,197.453,4.2422
0.0399036,564.054,35.6884,179.598,4.00752
0.621498,540.844,34.886,174.865,4.08503
-2.62239,599.392,34.6877,177.809,3.68025
-1.9564,556.667,32.947,168.103,3.75815
-1.87003,524.41,31.1282,158.727,3.76843
-2.63842,518.439,29.9866,153.728,3.67841
-4.92296,549.482,29.4016,153.188,3.42933
-2.08387,543.775,32.0462,163.651,3.74304
-4.41044,574.109,31.264,162.296,3.48293
-1.68533,530.375,31.6783,161.325,3.79058
-0.873998,573.463,35.1957,178.234,3.89027
0.0695886,521.109,33.0037,166.054,4.01143
0.232443,563.402,35.8757,180.303,4.03293
-3.97656,566.536,31.3125,162.047,3.5293
-1.76743,578.433,34.4536,175.558,3.78071
-2.2861,551.663,32.2902,165.13,3.71927
0.166116,539.559,34.2819,172.371,4.02415
-2.30564,500.303,29.2646,149.678,3.71699
1.42052,508.521,33.6775,167.895,4.1954
0.263411,592.781,37.7852,189.86,4.03704
-4.93588,517.902,27.6996,144.333,3.42799
-1.76575,511.639,30.4768,155.293,3.78091
1.45999,501.535,33.2581,165.759,4.20098
-0.57843,503.413,31.2028,157.692,3.92761
-3.00106,572.253,32.6953,168.042,3.63706
1.43827,527.525,34.9566,174.25,4.19791
-2.76117,561.526,32.3441,165.957,3.66433
1.95545,584.384,39.3881,195.657,4.27194
-0.779665,512.561,31.5572,159.704,3.90213
-3.95984,536.677,29.6791,153.576,3.53111
-0.122478,517.649,32.576,164.118,3.98629
1.86083,589.774,39.6282,196.975,4.25824
-4.28966,517.149,28.2787,146.673,3.49574
0.745301,500.477,32.4147,162.341,4.10183
-4.76663,504.335,27.1312,141.2,3.44555
-1.06314,513.599,31.3229,158.829,3.86667
-3.81524,514.144,28.5735,147.703,3.54679
-4.0971,593.968,32.6938,169.341,3.51633
-0.559258,552.107,34.2428,173.033,3.93005
-1.979,529.311,31.3041,159.745,3.75546
-3.28193,511.389,28.9408,149.039,3.60553
-2.03458,565.759,33.3972,170.492,3.74887
0.550319,529.471,34.0721,170.868,4.07542
-4.82073,575.921,30.9247,161.005,3.43992
1.52427,556.619,36.989,184.275,4.21008
-3.0881,549.736,31.3163,161.053,3.62725
-2.99742,523.32,29.9033,153.688,3.63748
1.73832,584.594,39.1224,194.621,4.24061
1.26271,522.99,34.4563,171.96,4.17324
-1.56073,571.823,34.2971,174.51,3.80563
-0.185358,543.291,34.1183,171.962,3.97812
-4.95171,565.531,30.2305,157.539,3.42636
-3.81238,523.732,29.1092,150.47,3.5471
-2.74283,532.881,30.7132,157.569,3.66643
-3.60743,529.603,29.6417,153,3.5695
-1.82912,513.227,30.5063,155.512,3.77332
-3.93493,505.457,27.9763,144.739,3.5338
-3.35441,589.24,33.2646,171.394,3.59746
-2.7823,598.389,34.4428,176.752,3.66192
-3.93142,573.303,31.7353,164.183,3.53418
-4.82973,575.163,30.8744,160.754,3.43899
0.308127,590.334,37.6851,189.299,4.04298
-2.94702,583.232,33.3837,171.515,3.64318
-2.84606,565.514,32.4804,166.756,3.65465
1.98208,511.455,34.5027,171.359,4.2758
1.50273,594.093,39.4513,196.57,4.20702
0.358375,596.053,38.1136,191.386,4.04968
-2.12919,590.737,34.7607,177.57,3.7377
1.53458,543.145,36.1059,179.862,4.21154
-1.29449,557.435,33.734,171.329,3.83811
-0.475158,503.4,31.3096,158.119,3.94078
-4.88594,598.814,32.082,167.109,3.43316
-1.41398,582.283,35.0969,178.398,3.82348
-1.68118,573.311,34.2476,174.404,3.79108
-2.96283,513.632,29.3841,150.983,3.64139
-1.96806,579.306,34.2735,174.885,3.75676
-2.66974,540.188,31.2115,160.043,3.67481
-3.06873,506.984,28.8998,148.605,3.62943
1.72469,567.319,37.9493,188.803,4.23865
-3.13034,509.436,28.979,149.077,3.6225
-4.41274,540.657,29.44,152.83,3.48269
-3.54132,537.751,30.1655,155.631,3.57677
1.1426,535.955,35.1709,175.67,4.15649
-4.99296,522.413,27.8861,145.364,3.42211
0.589746,598.202,38.5452,193.248,4.08074
-4.1641,570.713,31.342,162.416,3.50914
1.53788,583.064,38.7637,193.098,4.21201
1.35999,581.38,38.4261,191.647,4.18688
-3.44195,546.6,30.7657,158.616,3.58775
-0.683862,516.201,31.8831,161.247,3.91423
-2.61997,533.912,30.9008,158.394,3.68053
-3.73829,512.508,28.5574,147.54,3.55517
-4.34063,580.907,31.7098,164.529,3.49033
1.72525,550.303,36.8117,183.143,4.23873
-1.39751,571.734,34.4801,175.243,3.82549
-1.82535,555.607,33.0296,168.37,3.77377
-2.56968,579.221,33.5802,172.068,3.68633
0.392769,501.392,32.0972,161.137,4.05427
-0.483049,581.884,36.1815,182.734,3.93977
-1.52822,583.227,35.0193,178.145,3.80957
-4.6036,552.906,29.9108,155.485,3.46258
-0.867378,513.954,31.5504,159.766,3.8911
0.986416,570.335,37.2347,186.175,4.13487
-1.06778,590.935,36.0338,182.722,3.8661
-1.54472,523.479,31.4144,159.825,3.80757
-3.12418,520.42,29.61,152.316,3.62319
-2.76056,530.185,30.5395,156.697,3.6644
-4.39883,596.722,32.5083,168.742,3.48416
-0.75528,576.327,35.512,179.689,3.9052
-4.42033,539.574,29.3734,152.492,3.48188
1.30086,562.288,37.0919,185.067,4.17858
-3.47251,579.626,32.5908,168.062,3.58437
-2.52049,578.098,33.5708,171.961,3.69201
-2.10431,552.452,32.5351,166.172,3.74063
-0.336838,571.192,35.6901,180.071,3.95853
-1.2973,553.169,33.4727,170.005,3.83776
-1.93262,507.86,30.0824,153.461,3.76097
1.12288,564.495,37.0197,184.929,4.15375
-4.22811,581.785,31.8802,165.28,3.5023
1.29805,572.626,37.7704,188.455,4.17819
-1.67595,503.972,30.1108,153.332,3.79171
-2.78953,551.4,31.7304,162.841,3.66109
-0.794838,528.815,32.5414,164.702,3.90022
-2.7468,514.021,29.6223,151.976,3.66598
-2.33038,520.353,30.4121,155.574,3.7141
1.1992,515.61,33.899,169.252,4.16437
-1.56425,563.978,33.8226,172.1,3.8052
1.74867,515.434,34.5058,171.643,4.24209
0.254657,589.109,37.5403,188.64,4.03588
1.03687,571.472,37.371,186.793,4.14183
0.207265,587.549,37.382,187.906,4.02959
-2.54725,514.326,29.8405,152.882,3.68892
0.566913,576.15,37.0963,186.013,4.07766
0.08041,519.763,32.9303,165.672,4.01285
-3.30133,535.87,30.3063,156.093,3.60337
-1.14616,551.818,33.5604,170.272,3.85638
0.811859,500.652,32.4974,162.681,4.11091
-3.12585,561.764,31.9605,164.41,3.623
-2.24924,543.955,31.8786,162.984,3.72359
-4.52034,573.418,31.1091,161.618,3.47133
-3.43278,575.812,32.4201,167.135,3.58876
-0.955476,589.482,36.0805,182.817,3.88008
1.71365,516.983,34.5697,172.002,4.23707
-3.59913,542.035,30.3461,156.627,3.57041
-4.28901,505.376,27.6356,143.336,3.49581
1.59297,597.054,39.7658,198.016,4.21984
-2.71982,504.288,29.0879,149.206,3.66907
-0.126212,583.218,36.6978,184.888,3.98581
-2.39121,550.056,32.0821,164.187,3.70701
-4.14496,504.772,27.7388,143.725,3.51119
-1.31816,556.157,33.63,170.828,3.8352
-4.44271,506.153,27.5329,142.96,3.47952
0.336927,533.092,34.0635,171.073,4.04682
-1.49655,567.366,34.1032,173.446,3.81342
-1.16111,503.355,30.5977,155.257,3.85454
-0.486652,539.484,33.541,169.402,3.93931
-1.79275,587.818,34.9828,178.286,3.77767
0.990587,521.338,34.0405,170.199,4.13544
-2.24527,520.905,30.5318,156.094,3.72405
-0.175896,515.459,32.3807,163.193,3.97935
-2.20438,507.451,29.7843,152.229,3.72885
0.252238,589.929,37.5895,188.891,4.03555
-1.09912,525.441,32.0066,162.336,3.86221
-2.61085,538.218,31.1596,159.711,3.68158
-2.79991,548.637,31.5603,161.98,3.65991
-2.05693,585.581,34.5412,176.36,3.74623
0.549362,552.126,35.5288,178.174,4.07529
-0.430739,560.337,34.9025,176.211,3.94647
1.08793,551.902,36.1521,180.638,4.1489
-3.82616,595.696,33.0934,171.081,3.5456
-2.32799,589.725,34.4693,176.326,3.71438
-3.31764,581.628,32.8759,169.347,3.60155
-2.04349,506.085,29.8656,152.473,3.74782
0.811178,548.867,35.6263,178.345,4.11082
-4.24091,552.064,30.2383,156.782,3.50094
-2.70358,541.295,31.2396,160.225,3.67093
0.858039,521.406,33.8963,169.631,4.11723
-4.00728,563.658,31.1207,161.09,3.52599
1.67204,558.536,37.2972,185.624,4.23112
1.25026,593.259,39.0697,195.001,4.1715
-4.74553,556.303,29.9485,155.839,3.44774
-4.43729,540.435,29.4032,152.665,3.48009
0.55727,553.974,35.6571,178.808,4.07636
1.1399,572.996,37.5983,187.797,4.15611
-0.88011,590.076,36.2079,183.368,3.88951
-1.98159,544.52,32.2008,164.324,3.75515
-2.71612,596.924,34.4356,176.632,3.66949
-3.09142,558.305,31.8009,163.549,3.62687
-1.30691,560.791,33.923,172.303,3.83658
1.48528,586.089,38.8975,193.833,4.20455
0.848289,524.385,34.079,170.556,4.11589
-0.0308078,559.515,35.3181,177.821,3.99826
-2.01449,557.638,32.94,168.135,3.75125
-1.34895,503.746,30.4294,154.603,3.83143
-3.07276,596.738,34.0115,174.895,3.62897
-3.25458,538.366,30.4958,157.017,3.60858
-2.95827,512.407,29.3185,150.641,3.64191
0.691399,521.31,33.7039,168.859,4.09451
0.0659492,547.211,34.6527,174.355,4.01095
-2.48173,551.189,32.0501,164.127,3.6965
-3.12936,500.862,28.4922,146.572,3.62261
-0.307524,553.49,34.6178,174.625,3.96231
-0.920196,531.937,32.5967,165.125,3.88449
1.60199,524.147,34.9203,173.877,4.22112
-2.54714,530.156,30.759,157.588,3.68893
-1.14872,507.24,30.8466,156.506,3.85607
-2.54619,597.208,34.6504,177.523,3.68904
-3.17004,560.372,31.8336,163.807,3.61804
-0.276315,597.842,37.4306,188.774,3.96634
1.04517,531.974,34.7976,173.92,4.14298
-2.58414,562.437,32.5911,167.017,3.68466
0.82557,534.418,34.7049,173.716,4.11279
-3.11702,570.321,32.4571,166.954,3.62399
-2.86622,555.322,31.8733,163.662,3.65235
-4.14301,554.154,30.4545,157.793,3.5114
-1.22325,531.345,32.232,163.619,3.84687
1.26685,510.599,33.6445,167.904,4.17382
-3.388,599.47,33.8035,174.212,3.59373
1.75171,584.062,39.104,194.512,4.24253
-3.61169,579.839,32.4487,167.494,3.56903
1.75325,555.026,37.1618,184.849,4.24275
-0.367916,513.666,32.0625,161.802,3.95453
-2.87339,519.18,29.7916,152.981,3.65154
-0.929386,503.584,30.8498,156.286,3.88334
-4.90251,575.426,30.8115,160.51,3.43144
1.63667,526.465,35.1148,174.804,4.22607
-3.52495,544.268,30.5481,157.587,3.57858
0.327343,574.222,36.6799,184.225,4.04554
0.895927,544.414,35.4363,177.292,4.12242
-2.71257,544.4,31.4093,161.106,3.6699
-0.10875,549.363,34.5876,174.236,3.98808
1.60783,521.171,34.7287,172.916,4.22195
0.137051,566.686,35.9707,180.898,4.02031
-3.03893,564.264,32.1975,165.528,3.63279
0.475613,596.092,38.2644,191.989,4.06537
0.122934,548.601,34.8065,175.06,4.01845
-0.958902,533.96,32.6784,165.583,3.87965
-1.47015,591.967,35.6134,181.094,3.81663
1.0769,537.96,35.2261,176.024,4.14737
-2.89046,544.196,31.209,160.278,3.6496
-3.59084,568.42,31.8323,164.288,3.57132
-3.09252,505.384,28.7854,148.042,3.62675
-1.38473,539.962,32.5779,165.561,3.82705
-2.87736,540.065,30.9859,159.118,3.65109
-2.81778,525.171,30.1922,154.977,3.65787
-3.25962,565.633,32.0349,164.947,3.60802
-2.48596,596.891,34.7026,177.715,3.69601
-3.24957,590.153,33.435,172.144,3.60914
0.163719,588.307,37.3762,187.933,4.02383
1.93792,559.537,37.6917,187.252,4.26939
1.7629,539.361,36.1244,179.678,4.24414
1.6165,595.994,39.7259,197.786,4.22319
-1.34873,517.268,31.2464,158.754,3.83145
1.84637,550.192,36.951,183.686,4.25615
-4.85266,505.986,27.1397,141.332,3.43661
-1.1938,500.196,30.3724,154.148,3.8505
-0.319782,586.512,36.6681,184.984,3.96073
0.442663,530.617,34.0243,170.753,4.06095
0.7927,522.87,33.9181,169.815,4.1083
-2.98853,576.778,32.9679,169.428,3.63848
-4.91681,593.304,31.7532,165.432,3.42997
-3.17825,597.465,33.9313,174.612,3.61712
0.156078,531.149,33.7363,169.639,4.02282
-1.70818,573.083,34.2029,174.209,3.78783
-2.40894,586.555,34.1905,174.999,3.70495
-4.15292,590.41,32.436,168.072,3.51034
-2.85825,564.135,32.3878,166.295,3.65326
1.54452,564.911,37.565,187.118,4.21295
-4.27914,539.025,29.4856,152.921,3.49686
-0.670379,530.625,32.7887,165.812,3.91593
-3.62537,596.2,33.3488,172.156,3.56753
-2.04089,577.74,34.0972,174.073,3.74813
-0.201931,542.85,34.0718,171.747,3.97597
0.513165,589.092,37.8621,189.922,4.07042
0.809662,571.477,37.092,185.684,4.11061
1.62799,539.465,35.9716,179.08,4.22483
-0.610175,538.531,33.3442,168.551,3.92357
-2.32951,515.473,30.1277,154.118,3.7142
-4.4569,582.241,31.6564,164.388,3.47802
-2.72559,565.212,32.5957,167.206,3.66841
0.894374,541.56,35.2487,176.355,4.12221
0.969616,580.289,37.8635,189.341,4.13255
1.64113,506.137,33.7638,168.074,4.2267
-1.13332,579.967,35.2875,179.019,3.85797
-3.98702,500.356,27.6448,143.077,3.52817
1.52009,589.039,39.138,194.986,4.20948
1.07423,541.598,35.4611,177.202,4.147
1.161,503.788,33.0801,165.206,4.15905
-1.19299,538.165,32.6788,165.853,3.8506
-1.18459,555.11,33.7172,171.113,3.85164
-4.8882,527.744,28.2722,147.267,3.43293
-2.83433,552.123,31.7239,162.858,3.65598
-2.31198,579.277,33.8769,173.276,3.71625
-4.67074,558.922,30.1667,156.891,3.45555
-0.371233,538.725,33.6229,169.681,3.95411
-3.11379,594.344,33.8279,174.001,3.62436
-3.80655,584.106,32.4712,167.841,3.54773
1.433,500.516,33.1611,165.306,4.19716
-4.10998,519.677,28.592,148.109,3.51494
-1.06412,554.221,33.7992,171.387,3.86655
0.344912,516.247,32.9958,165.702,4.04788
-1.37413,505.699,30.5216,155.099,3.82835
-0.0967225,517.358,32.5856,164.137,3.98965
-2.41528,590.89,34.4358,176.262,3.70421
-2.54906,558.715,32.4139,166.068,3.68871
-4.70947,502.972,27.1109,141.037,3.4515
1.67109,548.864,36.6502,182.406,4.23098
-3.80909,520.907,28.9554,149.671,3.54745
-0.161688,500.041,31.427,158.371,3.98119
-0.825632,566.684,34.8359,176.353,3.89635
1.08965,506.029,33.1491,165.631,4.14914
-2.04854,537.686,31.7251,161.972,3.74722
-2.693,558.039,32.2175,165.229,3.67214
1.6701,510.434,34.0829,169.63,4.23084
-3.22075,546.656,31.0009,159.58,3.61236
-2.8397,556.722,31.9823,164.191,3.65537
-1.9488,581.209,34.4084,175.549,3.75905
-4.04721,533.907,29.438,152.423,3.52169
-2.34302,582.915,34.054,174.22,3.71262
1.90048,582.316,39.178,194.685,4.26397
-0.777096,558.739,34.4032,174.104,3.90245
0.743831,532.327,34.4759,172.665,4.10163
-3.6456,544.062,30.4114,157.015,3.56531
-3.7749,501.383,27.9027,144.194,3.55118
-1.35739,508.952,30.7351,156.166,3.83039
1.58789,579.901,38.6169,192.302,4.21911
-0.257877,578.04,36.213,182.61,3.96872
0.906588,551.784,35.9287,179.742,4.12389
1.46355,513.96,34.086,169.882,4.20148
-2.64844,574.704,33.2297,170.366,3.67726
-3.59535,567.712,31.7877,164.063,3.57083
-3.76662,507.958,28.2765,146.118,3.55208
-2.90987,520.62,29.8374,153.255,3.64739
-2.19059,512.177,30.0757,153.703,3.73047
-1.85157,556.872,33.0756,168.635,3.77064
-1.05758,545.228,33.2581,168.635,3.86736
0.965838,507.543,33.1127,165.588,4.13203
1.91682,502.923,33.8546,168.213,4.26634
-1.92778,587.46,34.803,177.537,3.76155
-3.36904,567.515,32.0222,165.01,3.59583
-2.29163,554.429,32.446,165.934,3.71863
1.41986,529.901,35.0928,174.951,4.19531
0.341927,586.833,37.5036,188.344,4.04749
0.959199,588.749,38.4023,192.048,4.13112
1.55777,557.594,37.0947,184.759,4.21483
0.0851489,523.062,33.1445,166.744,4.01347
-0.229398,523.1,32.8022,165.378,3.97241
1.42664,587.486,38.915,193.997,4.19627
0.972418,584.317,38.1298,190.669,4.13294
-2.42819,515.9,30.0524,153.839,3.70271
-2.59263,589.615,34.1562,175.048,3.68368
1.19373,580.828,38.1799,190.633,4.16361
-4.17747,543.261,29.8207,154.547,3.50771
0.395211,523.308,33.503,168.191,4.0546
-2.03034,515.561,30.4382,155.382,3.74937
-1.37548,562.278,33.9349,172.446,3.82818
-0.273082,528.99,33.1233,167.047,3.96676
-0.0880864,528.508,33.2974,167.712,3.99078
-0.977867,599.899,36.6906,185.937,3.87729
-1.57938,581.227,34.8393,177.292,3.80337
-3.13116,563.288,32.0415,164.832,3.6224
1.76693,533.646,35.7464,177.793,4.24472
-4.3097,503.918,27.5364,142.843,3.49361
-4.01369,538.921,29.7485,153.994,3.5253
0.847652,572.475,37.2035,186.194,4.11581
-0.198314,562.551,35.3126,177.997,3.97644
-1.10092,564.128,34.3611,174.28,3.86199
-2.93938,512.144,29.3223,150.64,3.64405
-1.55131,531.258,31.8742,162.171,3.80677
1.38248,525.69,34.7711,173.391,4.19004
-3.87866,594.556,32.971,170.512,3.5399
-1.4602,543.12,32.6856,166.195,3.81784
1.32624,579.153,38.2364,190.744,4.18214
-4.49546,599.443,32.5487,169.068,3.47395
0.379966,583.138,37.3144,187.345,4.05256
-0.272226,568.288,35.5851,179.461,3.96687
-3.06419,571.19,32.5648,167.445,3.62994
-2.02507,506.101,29.8851,152.553,3.75
0.770906,500.346,32.4336,162.407,4.10532
0.339685,562.832,35.9671,180.63,4.04719
-2.13886,568.61,33.4477,170.874,3.73656
1.22382,520.709,34.262,171.036,4.1678
-0.210688,597.785,37.5089,189.083,3.97483
1.36084,589.16,38.9414,194.215,4.187
0.0389677,541.288,34.2469,172.345,4.0074
-0.0822877,536.075,33.7807,170.14,3.99153
0.735659,512.915,33.2097,166.333,4.10052
-3.92399,528.013,29.2357,151.243,3.53499
-0.646108,524.073,32.4101,163.87,3.91901
0.425836,506.059,32.4315,162.778,4.0587
-2.7884,570.757,32.8455,168.562,3.66122
-4.4613,557.555,30.3097,157.399,3.47755
-4.60899,509.482,27.5566,143.253,3.46201
-1.58953,563.755,33.7806,171.916,3.80214
-1.30401,591.068,35.758,181.62,3.83694
-1.82102,534.34,31.7699,161.944,3.77429
-2.40438,587.651,34.2596,175.347,3.70548
-4.3155,506.66,27.6807,143.598,3.493
-2.75056,549.524,31.6642,162.456,3.66555
-0.0946159,591.371,37.2499,187.629,3.98992
-3.48901,577.898,32.4754,167.486,3.58254
-4.44854,556.253,30.2521,157.086,3.4789
1.36684,556.206,36.7705,183.381,4.18784
-0.285268,576.039,36.0548,181.846,3.96518
-2.60474,594.806,34.4429,176.532,3.68229
-0.604305,567.924,35.171,177.778,3.92432
-4.05821,554.31,30.5515,158.2,3.52051
-1.71404,523.413,31.2324,159.086,3.78712
-0.66357,565.935,34.9786,176.878,3.9168
0.187798,536.009,34.0809,171.335,4.02702
-0.214832,570.204,35.7733,180.34,3.9743
-0.584137,534.384,33.1162,167.368,3.92688
-0.11583,557.494,35.0913,176.781,3.98716
-1.20088,597.518,36.2732,184.106,3.84962
-3.74891,505.396,28.1509,145.451,3.55401
0.499111,558.231,35.8619,179.906,4.06853
0.595832,502.87,32.4091,162.477,4.08156
-2.54026,528.984,30.6982,157.268,3.68972
-1.89397,548.504,32.5322,165.914,3.76558
-2.07998,526.465,31.0301,158.458,3.7435
-2.93066,559.366,32.0354,164.569,3.64503
-3.31939,588.29,33.2505,171.279,3.60135
-1.70643,531.465,31.7209,161.565,3.78804
1.26976,539.61,35.5595,177.458,4.17422
0.30463,562.996,35.9358,180.516,4.04252
0.31941,543.837,34.7298,174.441,4.04448
-1.72725,566.53,33.7902,172.13,3.78553
1.58353,549.486,36.5863,182.195,4.21849
-4.81081,590,31.6914,164.986,3.44095
-1.26096,541.249,32.7913,166.502,3.84223
-1.09316,577.591,35.1902,178.476,3.86295
1.94087,515.499,34.7286,172.528,4.26982
-0.526396,556.195,34.5342,174.466,3.93423
0.188754,561.411,35.6971,179.459,4.02714
-1.16242,525.872,31.965,162.196,3.85437
0.120303,592.274,37.5741,188.983,4.0181
-0.192115,574.099,36.0449,181.68,3.97724
1.41576,544.112,36.029,179.624,4.19473
1.80494,515.291,34.56,171.848,4.25018
-3.3748,593.947,33.5071,172.668,3.59519
-0.529433,564.063,35.0192,176.92,3.93385
1.14158,511.675,33.5764,167.707,4.15635
-3.16591,551.232,31.3187,161.154,3.6185
-2.61237,596.54,34.5343,177.01,3.68141
-2.97935,546.512,31.2476,160.577,3.63952
-3.57048,594.113,33.2942,171.808,3.57356
0.353376,571.292,36.5243,183.411,4.04901
-2.29983,502.152,29.3786,150.255,3.71767
-3.04158,588.126,33.5561,172.515,3.63249
-3.0776,516.378,29.4265,151.323,3.62843
-3.75819,529.801,29.5009,152.436,3.553
1.52182,563.95,37.4732,186.69,4.20973
-2.6869,570.376,32.9366,168.909,3.67284
-2.24381,539.013,31.5947,161.526,3.72422
0.149556,506.49,32.1631,161.736,4.02196
-3.08474,595.463,33.925,174.465,3.62762
-2.42649,540.705,31.4992,161.243,3.70291
-2.87639,561.021,32.1892,165.296,3.6512
-0.117454,502.375,31.6201,159.296,3.98695
-4.79009,513.193,27.5854,143.589,3.4431
-3.98274,578.35,31.9587,165.398,3.52864
1.56656,524.091,34.8759,173.698,4.21608
-2.88816,506.006,29.0212,149.04,3.64986
-1.61986,533.53,31.9369,162.568,3.79848
-0.808812,591.534,36.384,184.168,3.89846
-3.83367,524.045,29.1055,150.473,3.54478
-4.18234,555.481,30.4865,158.003,3.50719
-0.129428,517.316,32.5475,163.982,3.98539
0.0830643,564.36,35.759,179.9,4.0132
-4.48898,511.984,27.806,144.426,3.47463
1.99592,597.444,40.3218,200.241,4.27781
-3.21109,576.856,32.7243,168.44,3.61344
1.88136,533.915,35.899,178.414,4.2612
-3.35013,503.072,28.4042,146.347,3.59793
-2.3737,599.949,35.0128,179.164,3.70905
1.19565,557.325,36.6373,182.928,4.16387
-4.51724,554.34,30.0772,156.254,3.47166
-0.646694,590.926,36.5438,184.771,3.91893
-0.913858,579.018,35.4893,179.77,3.88528
-2.74345,541.182,31.191,160.021,3.66636
-1.94536,530.032,31.3823,160.107,3.75946
-3.06137,595.917,33.9778,174.708,3.63026
-3.01562,531.649,30.3604,156.057,3.63542
-4.42119,542.457,29.5294,153.303,3.48179
-2.7892,504.173,29.013,148.895,3.66113
-2.19551,508.19,29.8366,152.486,3.72989
1.89072,551.683,37.1051,184.397,4.26256
-2.72507,515.941,29.7548,152.633,3.66847
-2.94215,580.083,33.2089,170.611,3.64373
-1.07891,569.876,34.7368,176.159,3.86472
-0.376332,556.248,34.7106,175.176,3.95345
-1.60219,545.09,32.6483,166.168,3.80061
1.12195,520.216,34.1148,170.419,4.15362
-2.94091,516.765,29.5853,151.993,3.64387
-2.25078,583.52,34.1955,174.831,3.72341
-3.2646,513.692,29.0882,149.78,3.60746
1.40136,592.988,39.2468,195.685,4.1927
-2.74558,513.372,29.586,151.789,3.66612
-4.17967,586.937,32.2158,166.963,3.50748
1.1512,566.803,37.2058,185.823,4.15768
-1.64055,536.372,32.0847,163.344,3.79598
1.7084,595.34,39.8023,198.044,4.23632
-4.23499,591.377,32.3982,167.974,3.50157
0.228324,581.366,37.0145,186.032,4.03238
-2.63636,596.423,34.4996,176.862,3.67865
0.333611,516.796,33.0185,165.829,4.04638
-2.05003,593.124,34.9943,178.665,3.74704
-2.82039,526.152,30.2459,155.256,3.65757
-4.96126,580.665,31.0293,161.712,3.42537
-2.22052,569.7,33.4197,170.829,3.72696
1.6138,597.016,39.7905,198.111,4.2228
-2.48105,520.233,30.2508,154.912,3.69658
-1.80066,560.788,33.3652,170.052,3.77673
-3.6064,540.151,30.2331,156.052,3.56961
-0.430999,533.038,33.2018,167.625,3.94643
-1.37637,581.993,35.1237,178.488,3.82807
-1.24538,512.435,31.0619,157.704,3.84414
-4.87582,523.108,28.0358,146.022,3.43421
0.52199,584.743,37.5936,188.564,4.07161
-2.66281,540,31.2079,160.017,3.67561
-2.79655,513.727,29.5555,151.687,3.66029
-0.887292,516.824,31.7054,160.574,3.88861
1.16862,521.137,34.2278,170.929,4.16011
1.86459,533.477,35.8498,178.19,4.25878
-1.64338,556.526,33.2871,169.469,3.79564
-3.33791,599.768,33.8779,174.534,3.59929
-0.743318,564.993,34.8276,176.211,3.90671
-0.7069,550.083,33.9497,171.726,3.91131
-0.0128009,522.915,33.0276,166.268,4.00061
-3.84726,527.538,29.2859,151.42,3.54331
-4.71552,561.323,30.2498,157.373,3.45087
1.87692,543.808,36.5589,181.699,4.26056
-2.96645,594.37,33.9988,174.699,3.64098
-3.02337,567.115,32.3773,166.433,3.63454
-3.34628,589.474,33.287,171.499,3.59836
-3.835,553.337,30.731,158.878,3.54464
-1.00914,517.117,31.5945,160.146,3.87339
-1.95916,584.884,34.6138,176.61,3.75782
-1.31059,505.792,30.5923,155.39,3.83613
-0.490772,582.804,36.2293,182.985,3.93878
-3.14826,597.543,33.9703,174.776,3.62048
1.43133,528.233,34.9955,174.452,4.19693
-4.94475,509.376,27.2353,141.923,3.42708
-2.55548,582.115,33.7641,172.994,3.68797
-2.32864,524.372,30.6487,156.783,3.7143
-1.64122,549.097,32.8452,167.216,3.7959
-3.97395,592.244,32.7363,169.412,3.52959
-2.0173,515.461,30.4457,155.406,3.75092
1.33794,525.903,34.7341,173.259,4.18378
-2.3196,569.499,33.2965,170.317,3.71536
-0.653464,545.454,33.7241,170.522,3.91808
-0.191744,540.135,33.9129,170.934,3.97729
-0.791165,582.509,35.8499,181.443,3.90068
-1.48909,549.35,33.0286,167.972,3.81433
1.01889,558.886,36.5264,182.593,4.13935
1.18049,592,38.8973,194.233,4.16176
-2.87847,590.033,33.8515,173.834,3.65096
1.6975,582.14,38.906,193.598,4.23476
-2.70233,518.821,29.9439,153.578,3.67107
1.08783,580.077,37.9976,189.859,4.14889
0.994292,541.914,35.3884,176.934,4.13595
-2.17379,516.729,30.3601,155.138,3.73244
-4.31847,537.891,29.384,152.437,3.49268
-1.59072,572.993,34.3327,174.728,3.802
-0.773434,587.136,36.1561,182.971,3.90291
-2.26713,589.176,34.5079,176.448,3.72149
1.60699,585.108,38.9881,194.125,4.22183
1.17356,526.931,34.614,172.852,4.1608
-3.2483,569.45,32.2634,166.111,3.60928
1.11964,559.576,36.6932,183.302,4.1533
-4.66389,527.245,28.4637,148.027,3.45627
-3.22983,563.309,31.9355,164.401,3.61135
-4.83528,582.591,31.2672,162.806,3.43841
-3.97773,568.615,31.4261,162.637,3.52918
-0.420429,522.586,32.5622,164.384,3.94779
1.33646,575.513,38.0089,189.596,4.18357
-0.324959,591.393,36.9669,186.498,3.96006
0.747766,535.541,34.6885,173.725,4.10217
-1.7263,578.834,34.5251,175.873,3.78565
-1.43769,512.87,30.8885,157.033,3.82059
0.408333,547.695,35.0795,176.09,4.05636
1.29457,590.978,38.9764,194.477,4.1777
-0.649311,533.79,33.0075,166.894,3.9186
-1.91844,514.447,30.4871,155.51,3.76266
-4.27239,543.964,29.7626,154.35,3.49758
-1.145,557.686,33.9186,172.088,3.85653
-3.8611,586.134,32.5235,168.176,3.5418
-2.30424,564.099,32.9979,168.771,3.71715
0.279354,517.521,33.0055,165.825,4.03916
1.34079,553.921,36.5881,182.503,4.18418
-1.73705,565.769,33.7337,171.854,3.78436
-4.17944,506.204,27.7848,143.998,3.5075
-1.63555,511.144,30.5808,155.682,3.79658
-3.04221,540.006,30.8099,158.397,3.63242
-0.162342,586.262,36.845,185.675,3.98111
1.71875,546.302,36.5363,181.78,4.2378
-4.69672,570.122,30.7438,159.922,3.45283
-4.48055,519.989,28.2489,146.718,3.47552
0.107615,558.62,35.4241,178.185,4.01643
-3.52632,543.172,30.4852,157.264,3.57843
-0.982419,573.23,35.0541,177.65,3.87672
-0.0699262,553.42,34.888,175.702,3.99315
-0.728801,539.189,33.253,168.228,3.90854
-4.91803,530.346,28.3825,147.873,3.42984
-0.0577523,541.604,34.157,172.006,3.99474
-2.19349,503.841,29.5832,151.189,3.73013
-0.0756399,502.349,31.6625,159.464,3.9924
0.425355,529.538,33.9356,170.328,4.05863
-3.46047,521.781,29.3503,151.339,3.5857
-1.64312,545.268,32.614,166.041,3.79567
-0.395857,506.378,31.5781,159.389,3.95094
-2.72858,500.428,28.8567,148.029,3.66806
-1.11123,596.512,36.321,184.234,3.86071
1.93358,529.425,35.6582,177.155,4.26876
-0.465695,529.245,32.9274,166.279,3.94199
-3.90772,578.367,32.0415,165.739,3.53675
-3.36384,599.61,33.8392,174.366,3.59641
-4.82316,585.358,31.4288,163.633,3.43967
-1.50387,538.242,32.3447,164.511,3.81253
-2.63049,573.232,33.1647,170.012,3.67932
0.0983944,579.612,36.7441,184.837,4.01522
0.490134,574.23,36.8788,185.019,4.06732
-2.49702,553.376,32.1607,164.711,3.69473
-4.49835,548.769,29.7943,154.763,3.47365
-1.82197,506.303,30.102,153.443,3.77418
-2.70612,518.625,29.9287,153.504,3.67064
-3.74646,540.865,30.1291,155.669,3.55428
-2.87087,547.461,31.4171,161.325,3.65182
-0.353055,529.436,33.0632,166.835,3.95645
0.316507,587.785,37.5328,188.523,4.0441
-1.9556,532.21,31.5003,160.72,3.75824
-1.59723,559.547,33.5198,170.598,3.80121
1.58669,547.016,36.4256,181.391,4.21894
-2.2701,530.544,31.0708,158.877,3.72114
-0.200629,537.068,33.7104,169.923,3.97614
-2.14342,599.914,35.2837,180.26,3.73602
0.904204,505.911,32.9392,164.789,4.12356
-3.54482,549.679,30.831,159.068,3.57639
-2.14404,539.179,31.711,162.008,3.73595
-3.50012,549.949,30.8931,159.338,3.58132
-1.43909,511.604,30.8108,156.639,3.82042
-0.207459,593.006,37.213,187.588,3.97525
-4.14158,512.083,28.1438,145.82,3.51156
1.31361,585.007,38.6068,192.608,4.18037
1.10107,596.406,39.0843,195.271,4.15072
0.592079,528.636,34.0654,170.785,4.08106
-4.12557,549.186,30.1995,156.453,3.51327
0.388006,572.803,36.6629,184.064,4.05364
-2.62829,572.447,33.1217,169.789,3.67957
1.57755,549.072,36.5515,182.029,4.21764
1.18546,557.877,36.6613,183.061,4.16245
-3.01869,562.3,32.1075,165.041,3.63507
-0.310355,516.139,32.2786,162.829,3.96195
0.755043,582.964,37.7694,189.145,4.10316
-3.6562,591.898,33.0734,170.772,3.56415
0.123657,533.226,33.8318,170.157,4.01854
1.48895,579.758,38.4819,191.758,4.20507
-4.6953,543.038,29.2848,152.331,3.45298
-2.27122,512.042,29.9861,153.331,3.72101
-3.11477,506.998,28.8556,148.426,3.62425
-1.97765,508.399,30.0687,153.439,3.75562
-0.594842,557.62,34.5438,174.596,3.92552
0.156447,549.546,34.9053,175.517,4.02287
0.697715,509.103,32.9215,164.932,4.09536
-0.824181,527.956,32.4567,164.307,3.89653
-1.60864,543.589,32.5513,165.682,3.79983
-0.853769,553.943,34.0207,172.259,3.89281
-4.88908,527.125,28.2382,147.09,3.43283
-2.70969,589.602,34.0206,174.496,3.67023
-2.29893,589.554,34.4931,176.412,3.71777
-4.09691,519.277,28.5828,148.047,3.51635
-4.57772,575.742,31.1738,162.021,3.4653
-1.23958,515.6,31.2598,158.702,3.84486
0.483411,509.763,32.7313,164.218,4.06642
-3.64288,554.645,31.0059,160.082,3.56561
1.90136,552.283,37.1584,184.648,4.2641
-0.27181,549.833,34.4299,173.635,3.96692
-3.05024,548.277,31.2733,160.789,3.63151
1.85848,546.992,36.7507,182.675,4.2579
-2.08814,564.361,33.2546,169.827,3.74254
1.23177,573.049,37.7158,188.267,4.16891
-1.90758,570.766,33.8371,172.585,3.76396
-1.09196,577.051,35.1587,178.315,3.8631
0.456646,512.324,32.8666,164.927,4.06283
-1.319,522.873,31.6165,160.601,3.8351
-3.47196,504.069,28.3429,146.156,3.58443
1.15518,508.39,33.3759,166.69,4.15824
-3.27323,506.99,28.7003,147.792,3.6065
-4.03684,575.482,31.7415,164.338,3.52281
1.38562,566.678,37.486,186.925,4.19049
-0.979668,559.088,34.1925,173.28,3.87706
-2.43683,572.637,33.3478,170.719,3.70171
-3.06316,585.003,33.3535,171.499,3.63006
1.15774,558.952,36.6984,183.28,4.15859
-0.119289,512.844,32.2771,162.608,3.98671
0.847264,510.254,33.1595,165.955,4.11575
1.17833,523.968,34.4248,171.902,4.16146
1.21102,514.527,33.841,168.949,4.16602
-2.16234,534.629,31.424,160.562,3.73379
-1.51743,529.833,31.8248,161.882,3.81088
-0.82552,510.209,31.3643,158.778,3.89636
-0.0142067,575.581,36.3523,183.007,4.00043
1.31011,569.297,37.5658,187.419,4.17988
0.528721,588.858,37.8666,189.925,4.07251
0.964563,503.81,32.8678,164.365,4.13186
-1.75925,571.445,34.0467,173.475,3.78169
-1.3148,504.756,30.5253,155.054,3.83561
1.07435,535.322,35.0503,175.149,4.14702
-1.51536,579.687,34.8218,177.124,3.81113
0.484824,588.017,37.7576,189.435,4.06661
0.494264,555.86,35.7039,179.12,4.06788
-4.34993,543.402,29.6531,153.867,3.48934
-3.69212,553.837,30.9089,159.636,3.56022
-3.41252,599.762,33.7918,174.181,3.59101
-0.0288115,532.838,33.6364,169.351,3.99852
1.57466,501.417,33.376,166.218,4.21723
0.282738,593.581,37.8605,190.213,4.03961
1.66054,536.151,35.7889,178.132,4.22947
-1.06891,501.89,30.6029,155.184,3.86596
0.574476,565.7,36.4326,182.675,4.07868
1.09206,574.502,37.6376,188.055,4.14947
-1.34055,581.554,35.1394,178.523,3.83246
-3.8583,517.49,28.7173,148.492,3.54211
-3.41029,508.889,28.674,147.799,3.59125
0.124878,528.181,33.5131,168.553,4.01871
-1.60034,531.638,31.8445,162.076,3.80084
-4.97393,570.735,30.4854,158.892,3.42407
0.127636,550.861,34.9553,175.803,4.01907
-4.6038,506.789,27.4158,142.516,3.46256
-0.630781,560.802,34.6993,175.426,3.92095
-2.07342,514.205,30.3142,154.795,3.74428
-3.57226,507.139,28.4184,146.649,3.57337
-0.854476,578.167,35.5076,179.789,3.89272
-4.6099,582.817,31.5221,163.869,3.46192
-0.176893,506.422,31.8119,160.328,3.97922
-2.32095,570.513,33.3543,170.614,3.7152
-1.3878,568.373,34.2885,174.258,3.82668
0.742992,558.508,36.1705,181.153,4.10152
1.84173,592.581,39.7918,197.814,4.25548
-2.95115,549.365,31.4408,161.537,3.64271
0.130781,589.64,37.42,188.195,4.01948
-4.87038,536.178,28.7416,149.693,3.43477
-2.29063,551.52,32.2769,165.068,3.71874
-2.0785,502.617,29.626,151.286,3.74368
-1.68792,541.612,32.3467,164.731,3.79027
1.50864,530.299,35.2219,175.489,4.20786
0.841184,570.172,37.0459,185.414,4.11492
-0.109556,510.67,32.1506,161.96,3.98798
-0.66794,549.31,33.9461,171.662,3.91624
-2.3827,526.017,30.6889,157.047,3.708
-3.15575,575.8,32.7258,168.382,3.61964
-1.31687,522.387,31.5893,160.461,3.83536
-4.06595,575.782,31.7265,164.294,3.51967
-1.12975,511.156,31.1045,157.794,3.85841
1.05085,586.313,38.3592,191.714,4.14377
-0.0833776,563.913,35.5336,178.97,3.99139
-1.66952,570.301,34.0811,173.542,3.79248
0.158893,501.263,31.8411,160.106,4.02319
0.055295,544.387,34.4616,173.406,4.00955
-0.064235,552.489,34.8359,175.433,3.99389
-4.28679,527.974,28.8735,149.755,3.49605
-1.09371,580.993,35.3969,179.524,3.86288
-3.75882,559.352,31.1458,160.936,3.55293
0.704281,558.332,36.1128,180.912,4.09626
-4.12668,549.443,30.2125,156.521,3.51315
-2.32364,554.161,32.3953,165.712,3.71489
1.60939,567.186,37.7969,188.191,4.22218
0.288569,593.671,37.8735,190.271,4.04038
-4.45508,504.264,27.4186,142.379,3.47821
-3.46416,512.568,28.8284,148.652,3.58529
0.302713,560.117,35.7497,179.584,4.04226
-2.55072,582.782,33.8082,173.214,3.68852
-4.42458,527.047,28.6872,148.935,3.48143
-3.29636,593.815,33.589,172.995,3.60392
0.795059,503.535,32.6664,163.546,4.10862
-2.75043,588.83,33.9292,174.077,3.66556
-4.06666,572.192,31.5279,163.267,3.5196
-3.55598,502.2,28.1572,145.285,3.57516
-4.85847,590.004,31.6398,164.773,3.43601
-3.99814,531.704,29.3656,151.995,3.52698
1.94131,510.651,34.4024,170.907,4.26988
0.51037,552.311,35.4949,178.051,4.07004
-3.2336,551.713,31.2741,161.001,3.61092
0.887225,502.219,32.6804,163.514,4.12123
-2.25708,513.456,30.0833,153.813,3.72267
-2.94858,559.99,32.0516,164.673,3.643
-0.563027,541.728,33.5949,169.763,3.92957
-0.546647,598.3,37.1235,187.573,3.93165
-0.248936,573.181,35.9193,181.118,3.96988
-0.820394,515.369,31.6869,160.406,3.897
-2.04405,536.991,31.6888,161.782,3.74775
1.55114,565.016,37.5803,187.186,4.21389
-1.94081,546.168,32.3426,165.001,3.76
0.387746,596.751,38.1954,191.758,4.0536
-2.86911,561.743,32.2386,165.541,3.65202
-3.53569,513.039,28.7848,148.502,3.57739
-1.44085,543.629,32.7375,166.436,3.8202
-3.25006,506.597,28.7006,147.769,3.60909
0.802014,529.326,34.3475,171.954,4.10957
-2.05885,556.965,32.8512,167.733,3.746
-4.45014,520.289,28.2946,146.923,3.47873
-3.1867,547.989,31.1125,160.116,3.61617
-3.58456,599.519,33.581,173.306,3.57201
-4.64697,547.297,29.5634,153.727,3.45804
0.780385,541.442,35.1086,175.79,4.10661
-0.786975,528.957,32.5587,164.781,3.90121
-3.4407,521.795,29.3708,151.423,3.58789
1.033,518.572,33.9074,169.485,4.1413
-2.50528,571.87,33.2262,170.178,3.69377
-4.27058,504.471,27.6035,143.151,3.49778
-3.91322,527.778,29.2334,151.22,3.53615
-4.70328,555.369,29.9415,155.756,3.45215
-3.41446,534.321,30.1027,155.168,3.59079
-2.43764,559.066,32.5565,166.669,3.70161
-1.39487,543.664,32.7902,166.651,3.82581
1.92294,544.683,36.673,182.21,4.26722
-3.17152,539.984,30.6738,157.841,3.61788
-0.11712,521.912,32.8501,165.492,3.98699
-2.10701,503.981,29.6778,151.581,3.74031
-0.25281,520.406,32.6079,164.425,3.96938
-3.21548,574.613,32.5922,167.765,3.61295
0.346246,565.442,36.1417,181.499,4.04806
-3.54217,582.76,32.6894,168.654,3.57668
1.74664,508.785,34.0583,169.42,4.2418
-2.63154,572.634,33.1289,169.83,3.6792
0.791436,531.001,34.4442,172.45,4.10812
-1.97352,581.67,34.407,175.573,3.75611
0.860461,569.579,37.0309,185.315,4.11756
-2.255,546.105,31.9984,163.602,3.72291
0.0103963,595.123,37.6172,189.343,4.00365
-4.11069,535.848,29.481,152.714,3.51487
-2.18305,581.436,34.1513,174.523,3.73136
1.02266,534.443,34.9332,174.625,4.13987
-4.59178,575.492,31.1452,161.889,3.46382
-3.70194,571.215,31.868,164.602,3.55914
-3.71163,544.906,30.3902,156.979,3.55808
-2.04712,590.442,34.8395,177.871,3.74739
-4.38421,513.949,28.013,145.393,3.48571
-1.50077,558.4,33.5595,170.686,3.81291
1.33972,590.124,38.978,194.426,4.18403
-4.07733,512.588,28.2334,146.217,3.51845
-2.23872,546.204,32.0217,163.703,3.72482
-0.80422,567.939,34.938,176.844,3.89904
-3.23529,586.192,33.2267,171.055,3.61074
1.75401,525.85,35.2092,175.136,4.24286
-4.38707,544.008,29.6485,153.884,3.4854
-1.56463,524.893,31.4782,160.172,3.80516
-2.07037,512.975,30.2448,154.438,3.74464
-2.14577,587.246,34.5359,176.442,3.73574
0.136556,552.635,35.0783,176.411,4.02025
-3.34622,511.149,28.8641,148.712,3.59837
-1.50125,532.036,31.9745,162.625,3.81285
1.96334,562.325,37.9111,188.31,4.27308
-2.10395,508.967,29.9746,153.094,3.74067
-0.960073,551.306,33.7387,170.957,3.87951
-3.63569,553.489,30.9488,159.779,3.5664
-1.8637,516.746,30.6798,156.434,3.76919
0.324391,590.046,37.687,189.287,4.04515
1.7259,593.085,39.6744,197.384,4.23883
-1.45194,570.705,34.3553,174.674,3.81885
-1.23753,599.966,36.3772,184.68,3.84511
-3.65823,523.895,29.2716,151.144,3.56393
-2.30938,582.389,34.0618,174.219,3.71655
-0.795343,523.069,32.1873,162.91,3.90015
-0.279719,598.819,37.4875,189.065,3.9659
-1.97524,574.195,33.9629,173.309,3.75591
-2.76819,544.873,31.3775,161.005,3.66353
-4.21039,549.894,30.1509,156.295,3.5042
0.639967,556.647,35.9273,180.062,4.08753
-4.13336,530.234,29.1495,151.022,3.51244
-4.9742,543.798,29.0463,151.392,3.42404
0.360944,505.194,32.3065,162.223,4.05002
0.891202,545.674,35.5128,177.68,4.12177
-1.92001,556.604,32.9836,168.247,3.76248
0.159207,517.992,32.9041,165.451,4.02324
-4.16457,576.006,31.6321,163.92,3.50909
-4.33599,571.969,31.2269,162.017,3.49082
1.52512,599.828,39.8615,198.584,4.2102
-0.721748,506.385,31.2373,158.022,3.90943
-0.531862,560.378,34.7876,175.753,3.93354
-2.83997,503.824,28.9432,148.589,3.65534
-4.12308,515.122,28.3287,146.758,3.51354
0.954168,506.83,33.0535,165.305,4.13043
0.603948,560.085,36.1061,181.002,4.08266
-4.7483,509.641,27.4338,142.757,3.44745
-2.48676,557.732,32.4251,166.053,3.69591
1.9584,572.79,38.6104,191.79,4.27236
-2.933,587.207,33.6272,172.749,3.64477
-4.50085,580.17,31.4964,163.608,3.47338
1.96428,592.977,39.9789,198.58,4.27322
-3.31646,585.945,33.1212,170.609,3.60168
1.38035,504.212,33.3481,166.297,4.18974
0.160216,567.741,36.0655,181.346,4.02337
-1.33412,535.291,32.351,164.35,3.83324
0.714001,554.851,35.8992,179.83,4.09758
-4.19235,529.14,29.0308,150.47,3.50612
-1.66239,537.256,32.1141,163.518,3.79334
-1.52672,550.619,33.063,168.191,3.80976
-3.63591,535.065,29.9184,154.46,3.56637
-0.228202,591.505,37.0932,187.01,3.97256
-3.61132,577.131,32.2976,166.714,3.56907
-4.31483,535.935,29.2808,151.897,3.49307
-0.140578,538.674,33.8788,170.702,3.98394
1.43092,583.274,38.6415,192.628,4.19687
-0.491393,582.26,36.1948,182.811,3.9387
-0.25073,543.239,34.0409,171.648,3.96965
-3.80951,583.639,32.442,167.694,3.54741
0.0575439,582.71,36.8904,185.624,4.00984
0.0720146,500.465,31.6988,159.486,4.01174
-3.95479,558.075,30.8677,159.721,3.53165
1.10126,569.658,37.3317,186.515,4.15075
-0.0479329,559.749,35.3128,177.815,3.99602
-0.379606,545.67,34.0468,171.83,3.95303
-3.73322,529.248,29.4953,152.38,3.55572
-1.02015,573.622,35.0339,177.593,3.87202
-2.89914,517.695,29.6805,152.438,3.64861
0.339961,534.832,34.1781,171.645,4.04722
-0.424379,510.947,31.8328,160.706,3.94728
-2.16375,519.78,30.5497,156.096,3.73363
0.648399,550.156,35.5183,178.001,4.08867
-4.17789,526.789,28.9161,149.86,3.50767
-4.72096,512.899,27.6351,143.776,3.45031
1.68231,541.961,36.2026,180.164,4.23259
-3.35092,547.709,30.9237,159.328,3.59785
-2.66038,581.588,33.6142,172.352,3.67589
-4.53681,575.651,31.2126,162.175,3.4696
1.5265,552.04,36.6874,182.769,4.21039
-4.96455,511.708,27.3413,142.496,3.42503
-3.58979,524.62,29.3804,151.633,3.57144
-1.25904,530.662,32.152,163.254,3.84246
1.96594,583.335,39.3309,195.359,4.27346
-3.61579,564.599,31.5915,163.074,3.56858
0.774775,536.627,34.79,174.201,4.10585
-2.01774,584.813,34.5415,176.313,3.75087
-0.173205,594.281,37.3355,188.161,3.9797
1.2844,544.179,35.8779,179.029,4.17627
-4.25604,555.835,30.4292,157.789,3.49933
-0.0845604,589.38,37.1369,187.046,3.99124
-0.187729,537.084,33.7258,169.986,3.97781
-4.90627,520.596,27.8719,145.2,3.43105
1.18559,506.745,33.3012,166.283,4.16247
-1.99941,558.126,32.9856,168.35,3.75304
-2.98987,587.461,33.577,172.56,3.63833
-3.33278,569.71,32.1857,165.81,3.59986
1.25128,574.587,37.8414,188.869,4.17164
-0.655911,560.196,34.6327,175.119,3.91777
-0.209579,508.823,31.928,160.949,3.97498
-1.62312,581.633,34.8126,177.21,3.79808
-4.09813,576.139,31.7113,164.253,3.51622
-1.70745,571.399,34.1032,173.701,3.78792
-1.95024,565.517,33.4778,170.803,3.75888
1.77532,560.981,37.5878,186.941,4.24592
-4.15306,514.346,28.2571,146.418,3.51033
-4.61845,574.626,31.07,161.528,3.46102
-1.64893,547.05,32.7142,166.558,3.79497
0.377151,508.412,32.5298,163.326,4.05219
-1.27436,566.725,34.3194,174.277,3.84058
-4.47298,548.667,29.8146,154.841,3.47632
0.534861,520.302,33.4649,167.84,4.07334
1.38476,514.283,34.0191,169.639,4.19036
-3.71763,593.954,33.1189,171.082,3.55743
-4.12268,501.051,27.5553,142.751,3.51358
0.481478,525.076,33.7123,169.143,4.06616
-0.126598,507.939,31.9606,161.022,3.98576
-0.156593,533.053,33.5074,168.849,3.98186
0.349577,596.728,38.1457,191.558,4.04851
-3.52837,534.427,29.9923,154.723,3.5782
-3.12702,511.163,29.0805,149.596,3.62287
-2.55809,552.532,32.0454,164.191,3.68767
0.453791,566.747,36.3545,182.433,4.06244
-2.85555,567.034,32.5572,167.161,3.65357
-0.413873,577.701,36.0043,181.752,3.94863
-3.61295,582.428,32.5922,168.236,3.56889
-2.21625,549.572,32.2436,164.812,3.72746
-2.83074,557.832,32.0558,164.558,3.65639
-2.10793,531.508,31.2979,159.857,3.7402
-3.10732,550.23,31.324,161.114,3.62508
-3.40612,551.355,31.0712,160.151,3.59172
-3.13344,522.67,29.7287,152.937,3.62215
-2.53562,575.734,33.4164,171.188,3.69026
-2.4452,522.162,30.3997,155.636,3.70073
-1.60338,584.782,35.0242,178.263,3.80047
-3.96387,575.404,31.8164,164.64,3.53067
0.741052,543.359,35.1871,176.231,4.10126
1.9363,585.99,39.4715,196.097,4.26916
0.99745,586.478,38.3025,191.5,4.13639
-0.536896,548.195,34.0256,171.909,3.9329
1.27296,553.458,36.4759,182.027,4.17467
1.87662,518.638,34.8664,173.288,4.26052
0.716592,503.29,32.566,163.13,4.09793
-3.99421,597.61,33.01,170.854,3.5274
-4.1351,522.005,28.6955,148.671,3.51225
-0.370797,533.859,33.3197,168.15,3.95416
0.436832,555.135,35.5896,178.616,4.06017
1.27462,558.681,36.8221,183.753,4.1749
-3.301,518.659,29.3332,151.081,3.6034
-4.76178,569.055,30.6179,159.341,3.44605
0.726693,511.131,33.0844,165.715,4.0993
1.01371,544.059,35.5512,177.725,4.13863
-3.1262,593.612,33.7721,173.729,3.62296
-4.2919,598.927,32.7481,169.857,3.49551
-0.524921,519.629,32.2654,163.002,3.93442
1.23617,519.298,34.1831,170.628,4.16953
-0.278927,557.071,34.8749,175.888,3.966
1.37314,594.251,39.2938,195.957,4.18873
-2.04282,568.082,33.5249,171.154,3.7479
-1.25732,518.204,31.399,159.429,3.84267
-2.22785,538.053,31.5555,161.307,3.7261
0.0521698,578.132,36.594,184.14,4.00914
-1.97915,522.309,30.8898,157.631,3.75544
-1.81488,501.898,29.8472,152.137,3.77502
0.571949,538.95,34.7069,174.026,4.07834
-4.96649,501.777,26.8089,139.723,3.42483
-1.85124,543.834,32.3016,164.689,3.77068
-0.484865,510.795,31.7593,160.401,3.93954
-4.32435,579.372,31.6437,164.166,3.49206
-0.511468,557.711,34.6456,175.01,3.93614
1.82992,509.525,34.2013,170.035,4.25378
-2.53292,508.644,29.5251,151.251,3.69057
-3.15297,514.745,29.2585,150.539,3.61996
-4.00072,522.76,28.8691,149.428,3.5267
1.34809,516.044,34.0944,170.056,4.18521
-0.477465,518.308,32.2343,162.792,3.94048
-2.68011,531.768,30.7142,157.504,3.67362
-3.6229,521.766,29.1877,150.673,3.5678
-4.61567,509.441,27.5481,143.215,3.46131
0.444342,566.323,36.3158,182.251,4.06118
-0.346365,574.973,35.9149,181.217,3.95731
-3.26573,561.836,31.8132,163.813,3.60734
-2.3383,587.76,34.3425,175.69,3.71317
-2.33291,595.942,34.8269,178.161,3.7138
-3.87006,520.685,28.883,149.361,3.54083
-1.55024,575.863,34.5516,175.793,3.8069
-4.33695,508.95,27.7854,144.163,3.49072
-1.7788,554.285,33.0026,168.178,3.77935
-1.67185,536.366,32.0506,163.206,3.7922
1.55312,539.894,35.9117,178.872,4.21417
1.35885,575.626,38.0444,189.744,4.18672
-2.92712,555.914,31.8415,163.568,3.64544
-0.769301,531.467,32.7325,165.64,3.90343
-2.56514,598.768,34.7187,177.897,3.68685
-4.12918,521.721,28.6857,148.614,3.51289
-0.968608,501.93,30.7082,155.61,3.87844
-3.7862,585.164,32.5526,168.238,3.54995
-3.55998,520.453,29.1767,150.549,3.57472
-3.78939,530.741,29.5219,152.578,3.5496
1.42738,529.552,35.0783,174.87,4.19637
-2.8589,547.827,31.4509,161.485,3.65319
-4.69561,530.78,28.6234,148.891,3.45295
1.76414,561.595,37.6151,187.091,4.24431
-3.57497,561.065,31.4373,162.231,3.57307
-1.9006,562.153,33.3343,170.012,3.76479
1.96529,561.264,37.842,187.964,4.27336
1.43644,545.553,36.149,180.197,4.19765
-0.462698,570.991,35.5282,179.409,3.94237
-0.849173,570.888,35.0667,177.55,3.89339
1.0602,520.581,34.0693,170.262,4.14506
0.637081,509.159,32.8592,164.688,4.08714
-3.93377,511.001,28.2843,146.332,3.53393
-0.58013,552.493,34.243,173.058,3.92739
-1.61212,538.004,32.2131,163.965,3.79941
0.308601,564.433,36.0322,180.996,4.04305
-3.13181,561.895,31.9615,164.421,3.62233
-0.350582,586.7,36.6423,184.892,3.95676
1.33911,542.23,35.8139,178.644,4.18394
0.0211926,501.602,31.7173,159.634,4.00507
-4.70903,561.145,30.247,157.351,3.45155
0.710667,573.984,37.133,186.015,4.09712
1.20727,509.354,33.4966,167.234,4.16549
-2.17012,554.062,32.5577,166.364,3.73288
-3.38445,543.863,30.6716,158.067,3.59412
-0.828623,573.269,35.2372,178.388,3.89597
-3.74944,516.084,28.7457,148.524,3.55395
-1.33187,585.122,35.3652,179.66,3.83352
-3.12906,553.097,31.464,161.859,3.62264
-3.69406,542.597,30.2795,156.388,3.56
-3.6709,572.052,31.9485,164.981,3.56254
-2.61594,588.525,34.0662,174.615,3.681
-1.76921,576.587,34.3415,174.99,3.7805
-0.0366245,596.01,37.6145,189.39,3.9975
-2.10359,547.594,32.2498,164.714,3.74071
-2.1855,541.381,31.796,162.489,3.73107
-3.21666,550.556,31.2265,160.736,3.61282
-0.478623,505.275,31.4226,158.694,3.94034
1.91512,507.729,34.1762,169.813,4.26609
-0.934372,506.551,31.0264,157.186,3.88272
-3.92344,529.259,29.3052,151.602,3.53505
-1.49596,595.98,35.8238,182.197,3.81349
-0.858138,589.032,36.1704,183.15,3.89226
1.75943,506.822,33.9412,168.823,4.24364
-4.59423,542.319,29.3475,152.547,3.46356
-3.78228,571.23,31.7817,164.249,3.55037
-4.77139,581.034,31.2521,162.653,3.44505
0.0922936,510.883,32.3805,162.893,4.01441
0.974287,589.214,38.4518,192.276,4.1332
-2.97685,539.845,30.869,158.628,3.6398
-0.748681,504.371,31.0851,157.281,3.90603
-3.19661,596.178,33.8371,174.15,3.61506
-4.90747,534.973,28.6405,149.206,3.43093
1.292,501.983,33.1042,165.18,4.17734
1.31997,506.776,33.451,166.879,4.18126
-0.422497,552.928,34.4505,173.919,3.94752
-2.21389,534.591,31.3672,160.329,3.72773
-2.31487,567.864,33.2062,169.849,3.71591
-2.4706,564.661,32.8458,168.189,3.69779
-2.98075,522.059,29.8481,153.386,3.63936
-4.59209,528.171,28.584,148.576,3.46379
1.81872,533.024,35.7655,177.826,4.25217
-1.05561,527.858,32.2007,163.271,3.86761
-1.45332,517.749,31.166,158.46,3.81868
-2.33482,532.141,31.0963,159.079,3.71358
-1.29159,513.999,31.1085,157.991,3.83846
-2.80424,532.164,30.6083,157.098,3.65942
1.60997,597.538,39.8203,198.265,4.22226
-3.78834,518.95,28.8671,149.192,3.54971
-0.822709,510.701,31.3975,158.943,3.89671
-0.271151,516.337,32.3331,163.06,3.96701
-1.03068,585.326,35.7361,181.166,3.87071
0.960892,583.847,38.0847,190.458,4.13135
-3.91766,526.653,29.1667,150.879,3.53567
-1.30024,537.808,32.54,165.271,3.8374
-1.25645,543.287,32.9197,167.149,3.84278
1.62674,501.504,33.439,166.473,4.22465
-2.40461,570.891,33.2823,170.345,3.70545
1.74744,508.247,34.0233,169.244,4.24192
-4.3066,583.375,31.8816,165.38,3.49394
-4.80877,519.128,27.8866,145.175,3.44116
-2.32607,525.345,30.7083,157.084,3.7146
-4.33304,599.113,32.7122,169.72,3.49113
1.57609,533.005,35.4802,176.696,4.21744
-4.0567,521.895,28.7663,148.955,3.52067
-2.14245,515.044,30.2931,154.762,3.73613
-1.57795,513.688,30.7925,156.697,3.80355
-1.92459,507.512,30.0699,153.389,3.76193
-2.96122,526.303,30.1106,154.714,3.64157
-0.874218,551.665,33.8576,171.458,3.89025
-4.55765,519.483,28.147,146.268,3.4674
-3.48714,516.214,29.0108,149.616,3.58275
-4.86426,512.624,27.4848,143.141,3.4354
0.582476,561.632,36.1802,181.4,4.07976
-2.24999,541.464,31.7318,162.234,3.7235
-2.3805,596.948,34.8297,178.235,3.70826
0.259788,525.762,33.5093,168.379,4.03656
-0.830188,590.382,36.2872,183.706,3.89577
1.53508,568.282,37.7775,188.189,4.21161
0.600029,502.609,32.3967,162.411,4.08213
0.898221,532.519,34.6647,173.429,4.12274
-0.592825,562.659,34.8583,176.184,3.92577
0.376415,565.762,36.1983,181.746,4.05209
1.52086,584.596,38.8438,193.519,4.20959
0.744406,562.186,36.4103,182.353,4.10171
-0.527685,562.641,34.933,176.482,3.93407
1.04011,524.586,34.3086,171.482,4.14228
-2.73661,526.735,30.3654,155.778,3.66714
-3.9591,553.982,30.6368,158.531,3.53119
1.87568,530.874,35.6879,177.372,4.26038
-4.47534,507.391,27.5694,143.183,3.47607
-2.83551,506.475,29.0999,149.389,3.65585
-3.19138,544.431,30.9056,159.056,3.61565
0.817993,515.504,33.4683,167.534,4.11175
-1.75253,561.403,33.456,170.457,3.7825
-4.30295,506.756,27.6978,143.674,3.49433
-4.75677,595.621,32.0528,166.802,3.44657
0.886269,533.976,34.7458,173.849,4.1211
-2.08877,509.346,30.0122,153.27,3.74246
-0.0459572,517.448,32.6463,164.386,3.99628
-2.81469,519.55,29.8721,153.331,3.65822
-2.84937,566.009,32.5052,166.887,3.65427
-3.7712,524.951,29.218,150.988,3.55158
1.22993,576.629,37.9491,189.434,4.16865
0.783981,572.358,37.1177,185.845,4.10711
-1.46203,527.682,31.7546,161.463,3.81762
-1.75711,549.103,32.7179,166.702,3.78195
1.47136,567.859,37.6703,187.736,4.20258
-1.68645,542.663,32.4111,165.058,3.79044
1.7393,567.527,37.9814,188.944,4.24075
-0.869872,531.352,32.6157,165.164,3.89079
-2.78202,504.918,29.063,149.143,3.66195
-2.3314,598.116,34.9557,178.818,3.71398
-4.26171,569.263,31.1582,161.576,3.49872
-3.66309,576.929,32.2294,166.422,3.56339
-1.20033,567.654,34.4609,174.907,3.84969
-3.20065,558.95,31.7198,163.257,3.61461
-0.567242,500.802,31.0526,156.921,3.92903
-3.80807,540.275,30.0331,155.241,3.54757
0.985227,593.281,38.7312,193.659,4.1347
-0.541603,540.878,33.5661,169.593,3.9323
-3.33077,537.555,30.3712,156.459,3.60009
0.58033,553.775,35.6715,178.852,4.07947
-1.97209,573.563,33.9291,173.132,3.75628
-2.25969,554.779,32.5015,166.18,3.72236
-4.29504,562.936,30.7768,159.636,3.49517
-0.0576337,567.238,35.7737,180.147,3.99475
0.265058,534.367,34.0637,171.158,4.03726
-1.41097,571.667,34.4605,175.159,3.82385
1.79613,578.462,38.7856,192.871,4.24891
-0.313228,512.463,32.0457,161.657,3.96158
-0.817046,523.215,32.1729,162.862,3.89742
-4.43185,565.988,30.7992,159.907,3.48067
1.17285,596.142,39.1596,195.552,4.1607
0.288075,500.49,31.9285,160.404,4.04031
1.3217,532.658,35.1615,175.41,4.1815
-3.56864,556.025,31.1616,160.801,3.57377
-3.41372,575.609,32.4296,167.162,3.59087
-4.03503,588.395,32.4558,168.034,3.523
-0.762593,518.047,31.9131,161.486,3.90428
0.750337,592.807,38.4011,192.315,4.10252
-4.62451,579.821,31.3444,162.962,3.46039
-1.01111,523.996,32.0126,162.268,3.87314
-0.166659,552.407,34.7123,174.933,3.98055
-3.78512,561.681,31.2475,161.491,3.55006
-2.09414,549.153,32.3519,165.225,3.74183
-1.69546,595.833,35.5759,181.186,3.78936
-1.42718,512.149,30.8559,156.855,3.82187
-1.77314,594.666,35.4137,180.458,3.78002
-4.36453,559.951,30.5409,158.49,3.48779
-3.19724,575.455,32.6602,168.093,3.61499
-2.97162,545.772,31.2135,160.393,3.64039
-3.09703,591.818,33.7033,173.34,3.62624
-4.3739,584.153,31.8508,165.299,3.4868
-2.17704,581.402,34.1562,174.54,3.73206
-3.5637,507.712,28.4588,146.849,3.57431
-1.58467,522.983,31.3426,159.504,3.80273
-3.86413,511.309,28.3686,146.695,3.54147
-0.69283,518.099,31.9907,161.801,3.91309
-0.296903,504.588,31.5704,159.242,3.96368
-1.35932,521.513,31.4917,160.012,3.83016
-1.68242,584.941,34.9408,177.936,3.79093
-3.37574,522.735,29.4888,151.962,3.59509
-3.92882,525.899,29.1138,150.618,3.53446
-4.38974,521.619,28.4257,147.54,3.48512
0.826508,522.019,33.9008,169.69,4.11291
-3.27621,506.92,28.6934,147.76,3.60617
1.7017,572.604,38.2739,190.447,4.23536
-0.92799,544.237,33.3418,168.908,3.88351
-0.990379,550.088,33.63,170.442,3.87573
1.79174,562.256,37.6935,187.446,4.24828
-1.65805,535.356,32.0051,162.958,3.79387
-0.669249,571.716,35.3292,178.658,3.91608
0.52749,523.195,33.6428,168.741,4.07235
1.06929,576.196,37.7203,188.497,4.14632
0.762676,598.341,38.7754,194.173,4.1042
-2.62415,560.571,32.4391,166.285,3.68005
-0.0389165,543.538,34.3004,172.706,3.9972
0.998008,550.412,35.9477,179.726,4.13647
-0.744217,569.304,35.0922,177.551,3.9066
-4.35021,532.568,29.0617,150.799,3.48931
-0.955283,543.059,33.2393,168.421,3.8801
-1.80184,545.406,32.4488,165.382,3.77659
-1.85964,556.426,33.0401,168.464,3.76967
-1.94633,585.423,34.6607,176.834,3.75934
-3.43988,574.568,32.3422,166.742,3.58798
-0.15519,570.449,35.8598,180.701,3.98204
-0.0595818,551.149,34.7568,175.029,3.9945
-0.62347,552.376,34.1862,172.823,3.92188
1.14669,529.983,34.7837,173.731,4.15706
-1.07107,542.936,33.1033,167.866,3.86569
0.876824,522.088,33.9617,169.936,4.1198
-1.74702,578.527,34.4828,175.682,3.78316
-1.69696,505.018,30.152,153.564,3.78918
-3.40432,583.765,32.8996,169.573,3.59192
-2.54828,557.192,32.3264,165.619,3.6888
-2.62016,544.642,31.5216,161.577,3.68051
-0.43958,501.349,31.219,157.624,3.94533
-4.05001,591.939,32.6345,168.977,3.52139
-0.420155,516.412,32.1778,162.443,3.94782
0.483771,539.846,34.6633,173.911,4.06647
-2.12961,591.961,34.8322,177.936,3.73765
-1.3383,590.102,35.6585,181.158,3.83273
-4.97687,533.192,28.4772,148.428,3.42376
-4.1244,566.754,31.1668,161.463,3.5134
-3.42454,519.236,29.2428,150.746,3.58968
1.82048,597.1,40.0673,199.212,4.25242
-3.05867,518.037,29.54,151.886,3.63056
1.41126,535.34,35.4429,176.707,4.1941
-0.194875,553.355,34.7393,175.103,3.97688
1.45745,524.748,34.7945,173.42,4.20062
1.8952,589.908,39.6819,197.196,4.26321
0.667012,560.41,36.2026,181.408,4.0912
-1.05948,597.223,36.4273,184.707,3.86713
-2.99303,530.976,30.3453,155.955,3.63797
-3.42075,582.723,32.8226,169.196,3.5901
-4.04455,588.638,32.4586,168.06,3.52197
-3.25874,570.419,32.3069,166.347,3.60812
-3.41071,591.79,33.3447,171.875,3.59121
1.26187,595.184,39.2116,195.694,4.17312
1.08693,512.553,33.5735,167.754,4.14876
-2.37202,587.373,34.2808,175.416,3.70924
-4.44699,527.199,28.6735,148.887,3.47906
-1.85237,541.34,32.1522,163.928,3.77054
-1.05292,587.062,35.8154,181.596,3.86794
-3.16696,516.17,29.3256,150.899,3.61839
-0.126864,530.096,33.3545,168.045,3.98572
0.198461,518.37,32.971,165.743,4.02843
-0.0791639,551.928,34.7833,175.186,3.99194
-0.480976,586.398,36.4647,184.161,3.94004
1.85139,568.823,38.2086,189.931,4.25688
-1.08113,536.86,32.7218,165.943,3.86444
-0.298425,555.953,34.7823,175.444,3.96349
-3.74524,592.213,32.9908,170.453,3.55441
1.36916,507.21,33.534,167.237,4.18817
0.611328,593.781,38.2877,191.929,4.08366
-3.79649,535.688,29.7899,153.971,3.54883
-4.58528,523.8,28.354,147.374,3.4645
-0.35943,530.028,33.0931,166.994,3.95563
1.32166,598.757,39.5247,197.177,4.1815
-1.35839,599.856,36.2236,184.054,3.83027
0.976415,555.199,36.2345,181.187,4.13349
-4.22335,542.544,29.7347,154.152,3.50281
-2.3245,541.421,31.6496,161.898,3.71478
-1.73672,537.502,32.0486,163.269,3.7844
-3.57383,531.706,29.7934,153.747,3.57319
-4.41374,502.866,27.3813,142.143,3.48258
0.874719,597.253,38.8484,194.391,4.11951
-1.73275,577.519,34.4392,175.443,3.78487
-0.629785,521.075,32.2423,163.003,3.92108
-1.84152,524.657,31.1727,158.922,3.77184
-0.676627,509.28,31.4632,159.116,3.91514
-1.10919,581.77,35.4259,179.691,3.86096
-0.0392509,558.796,35.2629,177.553,3.99715
-0.99597,513.742,31.4021,159.157,3.87503
1.72794,570.5,38.1661,189.878,4.23912
0.985417,545.757,35.6289,178.147,4.13473
0.203358,544.846,34.6606,174.231,4.02907
1.85023,570.061,38.2902,190.338,4.25671
-3.75561,529.36,29.479,152.32,3.55328
-4.59921,579.394,31.3485,162.954,3.46304
-1.15209,575.132,34.9714,177.438,3.85565
-1.71872,527.841,31.4916,160.411,3.78656
1.76982,585.023,39.1916,194.924,4.24513
1.60484,554.134,36.9216,183.838,4.22153
-4.26734,579.281,31.7004,164.394,3.49812
-4.125,567.099,31.1851,161.558,3.51333
-3.52114,561.319,31.5092,162.54,3.579
-4.2374,505.585,27.6958,143.596,3.50131
0.770577,535.862,34.7355,173.934,4.10528
-3.9783,574.623,31.7576,164.353,3.52912
-2.5406,550.166,31.927,163.564,3.68969
-0.518946,509.458,31.6402,159.837,3.93519
1.1436,527.041,34.5871,172.753,4.15663
-0.349519,501.963,31.3512,158.193,3.9569
-0.774135,559.144,34.4316,174.244,3.90283
1.97803,571.931,38.5773,191.6,4.27521
1.37194,519.67,34.3609,171.358,4.18856
-2.84017,547.762,31.4671,161.547,3.65532
0.563978,557.968,35.9221,180.129,4.07726
-1.41798,539.782,32.5308,165.359,3.82299
-0.144061,555.851,34.955,176.129,3.98348
-2.14512,535.407,31.4879,160.869,3.73582
-0.155597,558.385,35.1009,176.878,3.98198
-0.404356,584.919,36.4657,184.069,3.94985
0.277105,534.947,34.1142,171.398,4.03886
-3.41705,548.785,30.9149,159.357,3.59051
-0.50678,569.91,35.409,178.861,3.93674
-2.69435,570.95,32.9614,169.045,3.67199
-2.72064,522.182,30.1192,154.497,3.66897
1.34135,550.432,36.3583,181.356,4.18426
-4.30318,526.225,28.7618,149.193,3.49431
1.06355,587.244,38.4363,192.082,4.14552
1.51109,572.579,38.0331,189.493,4.20821
-1.24208,575.057,34.8616,176.991,3.84455
0.845831,561.047,36.4586,182.469,4.11556
-0.0170251,509.314,32.164,161.925,4.00006
-2.3204,549.255,32.112,164.259,3.71526
-4.56429,514.594,27.8757,144.866,3.46671
-0.987278,530.643,32.4446,164.43,3.87611
1.67385,595.901,39.7947,198.052,4.23138
-2.91531,597.22,34.2211,175.778,3.64678
-2.32245,543.618,31.7803,162.564,3.71502
-4.43291,556.306,30.2712,157.167,3.48055
1.93029,501.072,33.7449,167.653,4.26829
-4.50472,512.479,27.8179,144.504,3.47297
-2.5268,533.48,30.9732,158.662,3.69128
-4.30573,546.868,29.8874,155.034,3.49404
-3.31876,526.876,29.78,153.401,3.60142
-3.20535,559.918,31.7696,163.519,3.61408
0.433322,581.035,37.2457,186.932,4.0597
1.28289,510.692,33.6684,168.006,4.17606
-3.12329,556.007,31.6357,162.736,3.62329
-4.52539,565.854,30.6934,159.465,3.4708
-4.21538,551.411,30.2289,156.705,3.50366
-4.8402,521.788,27.9992,145.795,3.4379
-2.88661,519.952,29.8225,153.154,3.65004
0.27263,537.578,34.2769,172.221,4.03826
0.582007,548.489,35.333,177.153,4.0797
1.53092,577.267,38.3696,191.144,4.21102
0.0344764,524.923,33.2065,167.114,4.00681
-2.92813,537.587,30.7907,158.172,3.64532
-0.597405,514.893,31.8942,161.207,3.92519
-2.76182,572.407,32.9702,169.17,3.66426
-3.72044,536.358,29.9045,154.48,3.55712
0.0492413,593.556,37.5667,189.038,4.00875
-3.14525,550.8,31.3161,161.117,3.62082
-2.47534,557.253,32.4097,165.961,3.69724
-1.92148,506.09,29.9888,152.972,3.7623
-2.49235,536.499,31.1847,159.707,3.69527
0.111621,585.751,37.1496,186.859,4.01696
-1.54609,536.823,32.2137,163.893,3.80741
-2.84733,538.654,30.9364,158.83,3.6545
-4.94138,571.452,30.5579,159.233,3.42743
-4.46006,508.709,27.6555,143.614,3.47768
0.362357,572.212,36.594,183.75,4.05021
1.80065,581.725,39.0102,193.981,4.24956
0.551986,500.983,32.2406,161.681,4.07565
-4.63319,560.484,30.29,157.49,3.45948
1.90329,577.09,38.83,192.952,4.26438
-1.05462,593.063,36.1795,183.444,3.86773
-0.716222,589.663,36.3811,184.037,3.91013
-3.74699,583.745,32.5171,168.008,3.55422
-0.761777,512.199,31.5537,159.667,3.90438
0.901418,523.761,34.0982,170.591,4.12318
-3.8803,546.856,30.3241,156.825,3.53972
-0.0484513,556.089,35.0813,176.65,3.99595
0.835882,591.688,38.4371,192.384,4.1142
-0.793523,548.678,33.7652,170.895,3.90038
-1.48976,562.126,33.7959,171.876,3.81425
0.33261,581.233,37.1342,186.501,4.04624
-1.10198,562.476,34.2592,173.765,3.86185
0.272754,597.941,38.126,191.56,4.03828
0.0990507,599.84,38.0272,191.29,4.0153
1.48236,533.301,35.3907,176.362,4.20414
-2.04453,538.361,31.7692,162.192,3.74769
-2.60276,531.121,30.7572,157.639,3.68251
-1.19373,563.015,34.1869,173.508,3.85051
-4.53288,560.27,30.3827,157.859,3.47001
-2.98016,559.213,31.9729,164.305,3.63943
-0.984392,504.601,30.8553,156.373,3.87647
0.0209585,501.223,31.6931,159.513,4.00504
-3.80143,587.881,32.6868,168.95,3.54829
-0.452673,517.794,32.229,162.738,3.94366
-2.89978,543.392,31.1531,160.002,3.64854
0.759412,551.841,35.7581,179.068,4.10376
-0.0201763,593.694,37.4889,188.736,3.99965
-3.28543,506.128,28.6397,147.492,3.60514
-0.388154,553.913,34.5513,174.387,3.95193
-2.44816,521.385,30.3514,155.392,3.70039
-4.74304,589.194,31.7219,165.064,3.448
0.666562,520.208,33.605,168.392,4.09114
0.0433918,520.994,32.9678,165.903,4.00798
0.250345,554.548,35.3329,177.553,4.0353
-1.52514,587.03,35.2513,179.321,3.80995
-0.0384216,580.025,36.6035,184.302,3.99726
-1.97781,501.801,29.6783,151.448,3.7556
-1.15847,561.314,34.1239,173.146,3.85486
-2.41451,580.966,33.8583,173.305,3.7043
-1.60103,598.489,35.848,182.453,3.80075
-3.61763,549.064,30.7203,158.579,3.56838
-2.03679,545.081,32.1741,164.251,3.74861
-0.8641,507.891,31.1816,157.895,3.89152
-0.918462,595.691,36.5056,184.924,3.88471
-1.62182,593.668,35.5344,180.883,3.79824
-1.86261,597.431,35.4715,180.865,3.76932
-3.40088,542.868,30.5984,157.708,3.5923
-2.90307,506.766,29.0501,149.204,3.64817
0.553226,597.337,38.443,192.783,4.07581
-2.05358,511.552,30.1779,154.078,3.74662
0.537578,502.985,32.354,162.266,4.0737
0.567295,503.43,32.4145,162.536,4.07771
-1.23031,588.688,35.702,181.243,3.846
-3.15836,575.226,32.6903,168.202,3.61935
0.581204,506.042,32.5977,163.439,4.07959
-1.20877,555.119,33.6904,171.006,3.84865
-0.0605417,577.649,36.4268,183.44,3.99437
0.717409,543.904,35.1949,176.298,4.09804
0.224846,576.693,36.7128,184.52,4.03192
-4.76742,581.592,31.2864,162.826,3.44546
-0.695808,595.401,36.7602,185.928,3.91271
-2.12709,526.091,30.9589,158.147,3.73794
-0.351162,504.963,31.5368,159.131,3.95669
1.10664,509.716,33.4094,166.912,4.1515
-3.59103,526.678,29.4945,152.222,3.5713
-0.299207,583.127,36.4815,184.016,3.96338
-1.70373,501.58,29.9399,152.492,3.78836
-1.96835,520.573,30.7984,157.153,3.75673
-3.46008,515.739,29.0108,149.588,3.58574
-0.325163,594.566,37.165,187.497,3.96004
0.708088,559.444,36.1893,181.29,4.09677
-1.53679,533.593,32.0299,162.947,3.80853
-1.83913,519.348,30.8598,157.324,3.77212
0.664828,506.053,32.6887,163.802,4.0909
-1.98351,576.151,34.0691,173.86,3.75493
-4.19291,591.416,32.4469,168.176,3.50606
0.23093,550.993,35.0838,176.325,4.03273
-0.243467,532.383,33.3687,168.251,3.97059
-4.78544,507.34,27.2752,141.969,3.44359
0.0332562,511.513,32.3569,162.84,4.00665
-4.26983,577.619,31.6068,163.911,3.49786
-4.80706,537.159,28.8569,150.225,3.44134
1.00733,514.397,33.6059,168.007,4.13775
-2.89746,534.911,30.6693,157.514,3.6488
-2.14036,528.159,31.0667,158.712,3.73638
-3.96835,574.474,31.7601,164.354,3.53019
-1.15815,536.093,32.591,165.367,3.8549
-3.77731,504.294,28.0624,145.022,3.55092
1.56074,514.162,34.2086,170.381,4.21525
-2.98086,538.15,30.7679,158.113,3.63935
-3.00547,534.13,30.5126,156.829,3.63657
-1.89161,572.077,33.933,173.055,3.76586
1.78586,510.813,34.2382,170.269,4.24744
1.64428,583.467,38.9264,193.769,4.22715
-0.901642,520.142,31.8937,161.543,3.88681
-1.6569,531.808,31.7943,161.883,3.79401
1.69477,512.946,34.2784,170.574,4.23437
-3.17382,568.44,32.2877,166.149,3.61762
-4.24864,592.138,32.4247,168.128,3.50011
-0.869407,543.762,33.3779,169.023,3.89085
-0.645933,532.053,32.9038,166.366,3.91903
-0.215278,548.681,34.4225,173.53,3.97424
1.72028,596.222,39.8769,198.399,4.23802
-0.987157,593.539,36.2903,183.92,3.87613
-2.00178,523.336,30.927,157.846,3.75276
-2.13284,526.238,30.9616,158.167,3.73727
1.67716,528.386,35.2898,175.628,4.23185
1.25885,598.973,39.4572,196.924,4.1727
-3.77686,509.665,28.3617,146.569,3.55096
-4.95906,571.324,30.5324,159.121,3.4256
-3.70959,598.914,33.4047,172.548,3.55831
-3.31251,554.727,31.3608,161.537,3.60212
-1.50457,551.577,33.1452,168.584,3.81245
1.64785,570.683,38.078,189.542,4.22766
1.9825,510.082,34.4106,170.9,4.27586
-2.21471,545.438,32.0028,163.579,3.72764
-2.28423,508.879,29.7878,152.331,3.71949
1.86911,503.578,33.8456,168.223,4.25944
-0.256807,557.977,34.9574,176.277,3.96886
-1.69974,512.173,30.5763,155.728,3.78884
1.60628,574.19,38.2597,190.5,4.22173
-1.184,507.86,30.8478,156.551,3.85171
-2.91026,575.637,32.99,169.448,3.64735
-2.64191,541.149,31.2964,160.447,3.67801
-2.19963,582.603,34.2008,174.795,3.72941
-0.456931,540.691,33.6494,169.915,3.94311
-2.24133,525.144,30.7844,157.381,3.72451
-1.70308,566.52,33.8171,172.238,3.78844
-2.57567,583.991,33.8498,173.457,3.68564
1.37473,553.453,36.598,182.511,4.18895
-3.89537,554.928,30.7559,159.075,3.53809
-3.10431,564.528,32.1412,165.314,3.62542
-4.71024,541.495,29.1866,151.836,3.45142
-1.46822,547.781,32.9573,167.586,3.81687
-2.63098,586.173,33.9128,173.847,3.67927
-0.122786,501.522,31.5608,159.003,3.98625
1.78902,542.757,36.3831,180.932,4.24789
1.49846,529.53,35.159,175.188,4.20642
-4.24681,538.347,29.4811,152.863,3.50031
-4.41769,516.237,28.1055,145.907,3.48216
-0.476178,500.499,31.1281,157.204,3.94065
0.148179,588.155,37.3473,187.807,4.02178
-3.14944,597.683,33.9769,174.811,3.62035
0.269366,538.575,34.3368,172.525,4.03783
1.92722,503.205,33.8852,168.353,4.26784
-2.60023,582.632,33.7431,172.94,3.68281
-1.87087,552.002,32.7651,167.075,3.76833
-0.55729,504.382,31.2849,158.084,3.9303
1.1359,536.212,35.18,175.723,4.15556
-4.30847,527.095,28.8041,149.418,3.49374
-0.996426,583.734,35.6798,180.838,3.87497
-3.0008,533.429,30.4774,156.642,3.63709
-3.34664,558.122,31.5162,162.376,3.59832
-4.09799,508.145,27.969,144.869,3.51623
1.76673,587.8,39.3736,195.834,4.24469
-3.3849,596.438,33.6361,173.345,3.59407
1.16135,588.6,38.6495,193.02,4.1591
-1.60627,504.241,30.1974,153.699,3.80012
-0.860867,590.09,36.2321,183.466,3.89192
-2.30666,564.278,33.0057,168.814,3.71687
-2.75014,581.432,33.5033,171.891,3.6656
-0.267045,540.448,33.8476,170.693,3.96754
-2.70166,583.868,33.6988,172.836,3.67115
-4.17182,550.738,30.237,156.698,3.50832
0.401106,587.565,37.6241,188.872,4.05539
-0.6085,569.178,35.2437,178.151,3.92378
-0.848805,539.636,33.1475,167.832,3.89343
0.970003,549.717,35.8692,179.367,4.13261
-0.0662713,570.924,35.9958,181.277,3.99362
1.57162,596.387,39.6935,197.685,4.2168
0.761798,523.194,33.9045,169.783,4.10408
-4.65862,575.418,31.07,161.575,3.45682
-0.469408,548.347,34.1116,172.264,3.94152
-3.25588,577.263,32.6977,168.356,3.60844
1.44039,559.094,37.0511,184.688,4.19821
1.7359,541.004,36.2024,180.098,4.24026
-0.912101,551.436,33.8007,171.215,3.8855
-1.7632,514.125,30.6275,156.058,3.78122
-2.55256,585.137,33.9427,173.905,3.6883
-0.299882,545.992,34.1575,172.294,3.9633
-2.28887,519.847,30.4251,155.595,3.71895
1.74157,545.651,36.5201,181.672,4.24107
1.28015,575.684,37.9497,189.373,4.17568
-3.48018,583.647,32.8083,169.193,3.58352
-3.30766,554.023,31.3262,161.353,3.60266
-2.77239,522.515,30.0857,154.381,3.66305
-2.9674,587.317,33.5943,172.622,3.64087
1.98565,556.894,37.5724,186.6,4.27632
0.955461,510.711,33.308,166.576,4.1306
-1.019,574.345,35.0794,177.823,3.87216
1.63332,520.033,34.6819,172.654,4.22559
-4.34739,597.17,32.59,169.104,3.48961
1.52263,536.199,35.6301,177.507,4.20984
-2.38394,572.338,33.3899,170.871,3.70785
-1.83605,542.904,32.2628,164.473,3.77249
0.872078,591.16,38.4488,192.395,4.11915
0.864962,527.995,34.3325,171.806,4.11818
-4.05468,506.061,27.8955,144.444,3.52088
-3.03381,553.395,31.5828,162.361,3.63336
-0.421757,564.086,35.1465,177.432,3.94762
-0.886333,525.819,32.2583,163.372,3.88873
-2.25485,527.286,30.8959,157.966,3.72293
-4.00451,530.592,29.2979,151.651,3.52629
0.0890634,591.717,37.4998,188.65,4.01399
1.89601,555.281,37.3536,185.625,4.26332
1.09934,572.376,37.5074,187.395,4.15048
-0.408936,595.308,37.1077,187.316,3.94926
1.64294,553.987,36.958,183.973,4.22696
1.5846,567.036,37.7561,188.019,4.21865
-1.23562,585.399,35.4962,180.205,3.84534
-2.95016,521.191,29.8293,153.257,3.64282
1.23826,583.631,38.4205,191.777,4.16982
-1.91626,592.705,35.1274,179.177,3.76292
-3.55786,599.382,33.6039,173.391,3.57495
-2.47252,586.474,34.1124,174.677,3.69756
1.82962,530.488,35.6081,177.03,4.25374
1.71518,542.427,36.2729,180.474,4.23729
-0.680796,571.082,35.2764,178.405,3.91461
1.4125,513.337,33.9876,169.45,4.19427
-3.32268,547.935,30.9661,159.515,3.60099
-1.09887,559.078,34.0558,172.729,3.86224
-3.44888,502.366,28.2693,145.753,3.58698
-1.84098,543.48,32.2917,164.626,3.7719
-3.7391,521.189,29.0403,150.035,3.55508
-1.21862,511.07,31.0069,157.395,3.84744
-1.18888,500.855,30.4174,154.371,3.85111
-0.933814,576.603,35.3178,178.926,3.88279
1.8203,557.399,37.403,185.965,4.25239
1.64368,548.085,36.5652,182.016,4.22707
-0.0216638,581.688,36.7289,184.912,3.99945
-4.5482,508.578,27.5651,143.235,3.4684
-3.39627,574.674,32.3961,166.968,3.59281
-0.0993589,555.732,34.9995,176.299,3.98931
-2.24847,519.47,30.4444,155.65,3.72368
1.54892,549.041,36.5151,181.883,4.21358
0.0851579,517.24,32.7756,164.889,4.01347
-4.48675,574.712,31.2151,162.13,3.47487
-2.22604,514.536,30.1781,154.264,3.72631
-4.62359,549.538,29.7083,154.454,3.46048
-3.60455,557.472,31.2046,161.064,3.56982
1.24557,504.146,33.196,165.69,4.17084
-3.10517,541.026,30.8023,158.428,3.62533
-4.98881,564.697,30.1475,157.148,3.42253
-4.64419,574.573,31.0397,161.401,3.45833
1.604,572.954,38.1745,190.078,4.22141
-2.49861,533.656,31.0129,158.834,3.69454
-0.30798,515.361,32.2325,162.594,3.96225
-4.11895,571.92,31.4567,162.958,3.51398
1.42009,539.711,35.7427,178.191,4.19534
1.73757,533.286,35.6878,177.536,4.2405
0.700946,584.795,37.8203,189.47,4.0958
-1.37966,580.14,35.008,177.904,3.82767
0.917904,511.469,33.3161,166.659,4.12544
0.455937,547.588,35.128,176.276,4.06273
-2.09512,504.966,29.7477,151.926,3.74171
-1.4332,500.914,30.1729,153.39,3.82113
0.220016,500.006,31.8257,159.962,4.03128
-4.74899,584.414,31.4581,163.698,3.44738
0.996941,571.607,37.3307,186.641,4.13632
-3.70249,550.81,30.729,158.719,3.55908
-3.81677,543.007,30.176,155.989,3.54662
1.9697,552.82,37.278,185.157,4.274
-0.289189,521.612,32.6439,164.647,3.96468
-0.776677,591.592,36.4266,184.343,3.90251
-4.1468,509.806,28.0137,145.151,3.511
1.85174,586.097,39.3693,195.7,4.25693
-2.15098,519.882,30.5689,156.18,3.73513
-0.820748,507.082,31.177,157.825,3.89696
0.941613,525.705,34.2702,171.405,4.1287
-0.409619,559.449,34.8717,176.03,3.94918
-1.44989,502.042,30.224,153.667,3.8191
0.309872,531.032,33.9014,170.291,4.04321
-2.00506,534.052,31.5568,161.064,3.75237
-3.82607,579.709,32.2054,166.49,3.54561
1.31712,596.646,39.3795,196.458,4.18086
-0.578626,516.575,32.0184,161.814,3.92758
1.12805,557.863,36.591,182.781,4.15447
1.32427,546.673,36.0897,180.037,4.18186
-0.109271,580.546,36.5502,184.123,3.98801
1.4777,591.167,39.2247,195.474,4.20348
-4.74603,507.623,27.3273,142.2,3.44769
-4.24769,515.167,28.2108,146.277,3.50021
1.40222,558.654,36.9754,184.359,4.19282
-4.40959,567.048,30.8804,160.303,3.48302
-3.78884,500.374,27.8333,143.85,3.54966
-0.605712,536.036,33.1946,167.79,3.92414
-2.78782,543.673,31.2876,160.566,3.66129
-4.96886,512.247,27.3661,142.629,3.42459
-3.97366,548.151,30.2993,156.8,3.52962
-0.645125,507.654,31.3958,158.74,3.91913
1.81129,521.149,34.9602,173.83,4.2511
0.948972,525.616,34.2727,171.409,4.12971
-2.05784,561.006,33.0906,168.954,3.74612
-1.11048,526.441,32.0553,162.596,3.8608
1.99135,574.334,38.7563,192.472,4.27715
1.50738,581.257,38.6048,192.346,4.20768
0.448486,506.114,32.4594,162.893,4.06173
-0.822362,570.91,35.0995,177.684,3.89676
-1.87832,528.275,31.3489,159.861,3.76744
-4.47438,518.252,28.1605,146.252,3.47617
-1.51376,589.345,35.4038,180.083,3.81133
1.26578,599.235,39.4835,197.046,4.17367
1.83849,534.735,35.9036,178.489,4.25502
-3.2638,582.29,32.9736,169.786,3.60755
-0.619193,591.358,36.6041,185.041,3.92242
1.61531,580.508,38.6922,192.641,4.22302
1.63168,576.491,38.4451,191.39,4.22535
-0.633372,566.785,35.0664,177.285,3.92062
-3.94653,527.942,29.2093,151.13,3.53255
-3.97607,597.344,33.0157,170.861,3.52936
-3.05304,577.479,32.9358,169.34,3.6312
-2.00768,516.375,30.5096,155.722,3.75206
-2.72771,565.848,32.63,167.385,3.66816
0.279951,574.607,36.6469,184.119,4.03923
-1.80527,576.496,34.2945,174.794,3.77617
-1.73579,523.846,31.2353,159.125,3.78451
1.07723,584.263,38.2584,191.176,4.14742
-3.42648,592.427,33.3627,171.987,3.58946
-0.0816576,578.603,36.4613,183.64,3.99161
-3.88495,537.149,29.7811,154.022,3.53922
-0.024055,517.803,32.6925,164.594,3.99914
-3.66075,584.79,32.6712,168.701,3.56365
-4.29271,502.23,27.4601,142.43,3.49542
-0.410904,597.179,37.2219,187.895,3.94901
-2.38539,590.23,34.432,176.206,3.70769
1.37036,535.956,35.4359,176.721,4.18834
-3.84062,549.09,30.4893,157.635,3.54403
1.20948,505.28,33.2311,165.906,4.1658
-1.1809,544.785,33.0942,167.947,3.85209
1.46829,552.253,36.6314,182.562,4.20215
-3.65913,515.698,28.8127,148.776,3.56383
0.505427,578.165,37.1503,186.362,4.06938
-0.806352,571.858,35.1766,178.054,3.89877
-4.948,596.337,31.8813,166.137,3.42674
-4.51623,562.06,30.4972,158.435,3.47176
1.41906,584.082,38.6799,192.835,4.1952
-4.64676,586.606,31.687,164.769,3.45806
1.20378,594.84,39.1139,195.283,4.16501
1.42195,562.02,37.2224,185.565,4.19561
-0.503102,528.55,32.8432,165.896,3.93721
-1.23736,590.221,35.7865,181.681,3.84513
-0.631046,509.292,31.5118,159.312,3.92092
-0.743244,525.852,32.4149,164.004,3.90672
0.068982,504.107,31.9263,160.634,4.01135
-2.20511,524.183,30.7656,157.245,3.72876
-3.17744,547.703,31.106,160.072,3.61721
-1.18986,594.471,36.1016,183.221,3.85099
-4.28243,560.532,30.6586,159.008,3.49651
-4.34277,503.891,27.5038,142.707,3.4901
-0.613124,579.227,35.8604,181.274,3.92319
-2.94622,550.687,31.5217,161.948,3.64327
1.88496,564.173,37.938,188.543,4.26173
-2.34925,517.189,30.2079,154.55,3.7119
0.589394,554.553,35.7323,179.146,4.08069
-1.6172,580.561,34.7552,176.911,3.7988
1.63007,590.169,39.3552,195.923,4.22512
-2.69955,576.228,33.2602,170.584,3.67139
0.0705754,588.141,37.2504,187.419,4.01155
0.829675,551.273,35.8043,179.214,4.11335
-0.294095,534.37,33.4369,168.653,3.96404
-4.67948,571.441,30.8332,160.367,3.45464
-1.29235,541.349,32.7629,166.394,3.83837
-3.95767,536.426,29.6674,153.513,3.53134
-2.55202,596.004,34.5738,177.138,3.68837
-2.63755,580.032,33.5501,171.996,3.67851
-1.27884,523.084,31.6719,160.838,3.84003
-4.80939,566.795,30.4465,158.503,3.4411
-1.39105,526.072,31.7332,161.275,3.82628
0.179273,550.937,35.0201,176.067,4.02589
1.07178,547.44,35.8407,179.101,4.14666
-3.64952,580.098,32.4214,167.398,3.56488
1.33103,533.727,35.2429,175.805,4.18281
-2.31599,508.402,29.728,152.059,3.71578
-4.99032,595.566,31.7938,165.731,3.42238
-4.842,526.284,28.2388,147.044,3.43771
-3.60269,529.161,29.6218,152.892,3.57002
-2.99977,569.197,32.5221,167.15,3.63721
-1.00643,516.874,31.5825,160.083,3.87373
-1.08907,591.998,36.0729,182.948,3.86346
0.674992,594.766,38.4321,192.569,4.09228
1.83095,547.937,36.7809,182.859,4.25393
-0.172346,534.189,33.5612,169.139,3.97981
-3.9837,596.516,32.9614,170.589,3.52853
-0.875739,587.046,36.0272,182.447,3.89006
-0.557468,509.404,31.5962,159.657,3.93027
-4.52406,591.087,32.0636,166.582,3.47094
-2.17518,594.973,34.9557,178.623,3.73228
1.69655,591.746,39.5467,196.788,4.23462
-1.27172,543.874,32.9385,167.262,3.8409
-3.37193,556.567,31.4014,161.814,3.59551
0.238442,530.608,33.7942,169.835,4.03372
-4.26533,590.675,32.3262,167.637,3.49834
0.804433,508.619,33.0065,165.238,4.1099
-2.48322,507.159,29.4884,151.01,3.69633
-0.615526,564.677,34.9568,176.709,3.92289
1.26404,572.278,37.7052,188.173,4.17342
0.782044,580.722,37.6577,188.552,4.10684
-0.72846,500.091,30.8421,156.03,3.90859
-4.20717,512.752,28.1175,145.751,3.50454
1.56421,534.901,35.5925,177.269,4.21575
-4.17619,562.1,30.8562,159.912,3.50785
-2.43183,583.514,33.9869,173.985,3.70229
0.319189,503.097,32.1279,161.372,4.04446
-2.01954,504.341,29.7867,152.045,3.75065
-0.741439,557.389,34.361,173.848,3.90695
-4.83779,586.216,31.4591,163.807,3.43815
-2.20486,541.893,31.8053,162.559,3.72879
-0.827274,577.845,35.52,179.818,3.89614
-2.50509,581.281,33.7732,172.979,3.69379
-0.725949,522.57,32.2312,163.055,3.9089
-0.71379,596.173,36.7858,186.081,3.91044
-0.850453,580.854,35.6774,180.644,3.89323
-4.89982,580.129,31.0662,161.833,3.43172
-0.682219,546.545,33.7591,170.733,3.91443
-4.87497,504.182,27.0222,140.742,3.4343
-3.61103,574.734,32.1638,166.022,3.5691
-2.68526,588.444,33.9818,174.267,3.67303
-4.37073,532.724,29.0498,150.759,3.48713
-4.99461,502.689,26.8317,139.87,3.42194
-2.7247,528.716,30.4919,156.413,3.66851
-0.338743,544.186,34.0005,171.548,3.95829
-0.192546,566.982,35.5976,179.426,3.97719
-1.26586,553.63,33.5359,170.289,3.84162
0.833864,552.773,35.9067,179.721,4.11392
-1.42862,555.663,33.4759,170.176,3.82169
-3.16233,574.149,32.6247,167.87,3.61891
-1.68709,526.707,31.4574,160.202,3.79037
-4.08951,502.846,27.6853,143.391,3.51714
-2.74474,571.956,32.9632,169.114,3.66621
-4.80452,514.628,27.6489,143.933,3.4416
-0.682629,585.387,36.1578,182.865,3.91438
1.0543,540.71,35.3797,176.819,4.14424
-3.60138,594.934,33.3051,171.902,3.57017
-2.67865,565.096,32.6408,167.382,3.67379
1.33678,586.907,38.7618,193.351,4.18362
-3.62206,580.192,32.457,167.549,3.56789
-4.86703,561.037,30.0776,156.647,3.43512
0.105944,550.102,34.882,175.461,4.01621
-1.89487,592.648,35.1493,179.262,3.76547
-1.29057,532.968,32.2576,163.826,3.83859
0.829186,538.424,34.9693,175.034,4.11328
-0.13215,555.338,34.9366,176.022,3.98503
-2.61673,508.457,29.4308,150.856,3.68091
1.86741,568.177,38.1853,189.794,4.25919
1.22822,514.209,33.8393,168.921,4.16842
1.72525,590.081,39.4726,196.381,4.23873
-4.45388,556.576,30.2642,157.154,3.47834
-1.4047,518.226,31.2456,158.812,3.82461
-0.600145,554.992,34.3749,173.749,3.92484
-2.71459,515.639,29.7479,152.586,3.66967
0.00409359,510.916,32.2879,162.525,4.00283
-4.0881,586.673,32.3022,167.302,3.51729
-2.31925,524.018,30.6377,156.716,3.7154
-2.40275,505.196,29.4542,150.75,3.70567
-4.82905,586.639,31.4912,163.964,3.43906
-4.16327,515.947,28.3352,146.834,3.50923
-4.97635,548.069,29.2723,152.572,3.42382
-2.18936,505.927,29.7098,151.832,3.73061
-2.9518,529.867,30.3242,155.801,3.64264
-3.51375,582.538,32.7086,168.719,3.57981
-3.28652,558.978,31.6291,162.889,3.60502
-2.64711,562.706,32.5374,166.815,3.67741
-0.948564,511.58,31.3196,158.686,3.88094
-0.518382,598.037,37.1421,187.63,3.93526
-1.03889,518.716,31.6607,160.515,3.86969
-4.45886,529.322,28.7773,149.439,3.47781
-1.56212,514.78,30.8744,157.096,3.80546
0.923073,548.98,35.7656,178.906,4.12615
-2.0037,540.86,31.9605,163.123,3.75253
-2.45705,561.136,32.6557,167.199,3.69936
-0.283775,590.873,36.9851,186.537,3.96538
0.587196,593.499,38.239,191.716,4.0804
1.35644,574.459,37.9642,189.348,4.18638
-0.0670442,574.028,36.1906,182.259,3.99352
1.16784,546.707,35.9064,179.313,4.16
-3.50455,564.733,31.7188,163.602,3.58083
-3.77215,558.047,31.059,160.503,3.55148
1.26883,508.771,33.5263,167.312,4.17409
1.49104,502.708,33.3699,166.282,4.20537
-2.15186,529.653,31.1425,159.112,3.73502
0.427089,511.399,32.7751,164.501,4.05887
-4.64512,550.488,29.7376,154.631,3.45823
0.920033,592.382,38.5893,193.035,4.12573
-1.15702,582.134,35.3913,179.575,3.85504
-3.41963,578.322,32.576,167.923,3.59022
-1.65359,588.919,35.2126,179.284,3.7944
0.799108,536.018,34.7784,174.115,4.10917
-0.942673,563.113,34.4812,174.698,3.88168
-1.73453,571.36,34.0699,173.563,3.78466
0.797163,581.749,37.7431,188.96,4.1089
-1.29653,560.929,33.9431,172.393,3.83785
0.56594,553.074,35.6094,178.558,4.07753
-1.56789,529.955,31.7783,161.702,3.80476
-2.78279,531.051,30.5664,156.859,3.66186
-4.2066,591.979,32.4626,168.274,3.5046
1.20191,574.787,37.793,188.691,4.16475
-2.56554,526.206,30.5109,156.336,3.68681
0.372938,593.027,37.9384,190.487,4.05162
-3.29209,562.041,31.7963,163.757,3.6044
-4.46165,583.006,31.6929,164.582,3.47752
-3.28047,584.137,33.0594,170.248,3.60569
1.80025,501.475,33.6282,167.22,4.24951
-2.47869,519.996,30.2394,154.851,3.69685
0.436309,552.366,35.4114,177.722,4.0601
-2.65209,576.051,33.3034,170.749,3.67684
-2.28098,569.829,33.3592,170.591,3.71987
-3.77268,563.781,31.3776,162.15,3.55142
0.793154,517.182,33.5497,167.97,4.10836
-4.49705,503.026,27.3119,141.868,3.47378
0.178015,548.611,34.8708,175.318,4.02572
-0.297441,506.838,31.7105,159.949,3.96361
-3.89664,592.166,32.8184,169.744,3.53795
-4.89685,585.609,31.3628,163.375,3.43203
-4.57744,571.558,30.9475,160.845,3.46533
-3.76479,524.273,29.1865,150.819,3.55228
-2.63955,548.197,31.7066,162.547,3.67828
0.902126,588.211,38.295,191.586,4.12327
-3.66589,599.663,33.4963,172.967,3.56309
-1.02816,542.609,33.1309,167.956,3.87102
-3.92644,501.644,27.7733,143.68,3.53472
-1.84676,515.764,30.6389,156.207,3.77121
-4.04261,586.012,32.316,167.319,3.52218
-1.61942,572.238,34.2544,174.364,3.79853
-2.34871,563.857,32.9342,168.498,3.71196
-1.0394,598.451,36.5268,185.186,3.86962
-0.771175,517.402,31.8643,161.249,3.9032
-3.62483,567.127,31.7232,163.764,3.56759
-0.922291,563.341,34.5187,174.864,3.88423
-1.37923,545.003,32.8881,167.131,3.82772
-2.75515,527.277,30.3776,155.86,3.66502
-2.92196,568.228,32.5525,167.215,3.64602
-4.23061,510.582,27.9761,145.042,3.50204
-4.30606,580.702,31.7361,164.625,3.494
-1.41614,578.741,34.8809,177.303,3.82321
-3.51985,543.851,30.53,157.488,3.57914
-0.371707,554.39,34.6,174.613,3.95405
-2.15547,561.834,33.0306,168.763,3.7346
-4.37944,599.218,32.6659,169.536,3.48621
-0.044533,536.06,33.8222,170.305,3.99646
0.575179,523.292,33.7021,168.984,4.07877
0.518808,556.453,35.7711,179.426,4.07118
0.672369,559.57,36.1547,181.161,4.09192
-0.413371,508.762,31.7083,160.065,3.94869
0.155393,519.507,32.9961,165.918,4.02273
-1.47692,521.278,31.3536,159.44,3.81581
-2.50896,519.374,30.1724,154.541,3.69334
-3.87465,592.071,32.8377,169.818,3.54033
-1.1187,521.671,31.7561,161.087,3.85978
-2.05403,530.515,31.2961,159.788,3.74657
-1.63009,551.339,32.9916,167.948,3.79724
0.0223571,504.672,31.9126,160.616,4.00522
-1.98535,541.666,32.0279,163.446,3.75471
0.702653,522.621,33.8012,169.334,4.09603
-2.15436,512.139,30.1102,153.84,3.73473
-3.62136,518.892,29.0285,149.85,3.56797
-1.32105,580.864,35.1206,178.404,3.83485
-0.8572,565.964,34.7549,175.981,3.89238
0.167202,586.123,37.2418,187.252,4.02429
1.94743,555.82,37.453,186.054,4.27077
-3.58506,520.897,29.1767,150.576,3.57196
-1.33058,566.199,34.223,173.855,3.83368
1.60012,543.737,36.2232,180.367,4.22086
-2.57823,598.543,34.6903,177.767,3.68534
-3.15728,546.88,31.0806,159.918,3.61947
-2.15763,568.808,33.4382,170.848,3.73435
-4.89765,578.085,30.959,161.273,3.43195
-4.81102,587.97,31.5822,164.417,3.44093
-2.41621,545.494,31.7892,162.716,3.7041
-0.431515,581.825,36.24,182.964,3.94637
-1.35126,541.238,32.6916,166.1,3.83115
-1.96079,574.962,34.0248,173.607,3.75762
-2.67686,524.318,30.2872,155.311,3.67399
0.348086,559.059,35.7359,179.459,4.04831
-2.49583,543.201,31.5705,161.687,3.69486
-1.86984,575.658,34.1704,174.239,3.76846
-0.513796,529.029,32.8613,166,3.93584
-4.82991,519.091,27.8643,145.082,3.43897
-4.36496,518.3,28.2688,146.7,3.48775
-3.11671,562.264,31.9989,164.596,3.62403
-3.06599,526.632,30.0226,154.376,3.62974
-1.57189,534.456,32.0439,163.058,3.80428
-3.36505,511.425,28.8612,148.717,3.59628
-3.5772,541.32,30.3287,156.513,3.57282
0.908707,563.713,36.708,183.639,4.12418
-0.681073,528.854,32.6677,165.212,3.91458
-4.82697,528.567,28.3759,147.742,3.43927
-4.14918,578.546,31.7883,164.711,3.51074
-1.16777,598.822,36.3927,184.67,3.85371
-3.8448,587.434,32.6137,168.624,3.54357
-4.06148,536.549,29.5693,153.118,3.52015
-1.00706,521.243,31.8488,161.433,3.87365
0.402863,564.438,36.1453,181.447,4.05562
-1.5506,589.463,35.3672,179.942,3.80686
1.97866,579.78,39.1075,194.233,4.27531
-3.47992,538.3,30.2595,156.048,3.58355
0.539724,575.185,37.0008,185.568,4.07399
-2.04555,531.882,31.3857,160.236,3.74757
1.27035,583.113,38.427,191.767,4.17431
-2.04977,542.424,32.0033,163.394,3.74707
-1.91328,552.185,32.7292,166.941,3.76328
-3.09525,542.441,30.8932,158.885,3.62644
0.567922,513.737,33.0789,165.867,4.0778
-0.726638,517.276,31.9039,161.4,3.90882
0.919673,582.828,37.9665,189.92,4.12568
-2.16317,518.675,30.4854,155.767,3.73369
-1.19018,591.741,35.9354,182.378,3.85094
-0.11513,516.23,32.4947,163.699,3.98725
1.6697,542.974,36.2552,180.442,4.23078
0.687851,582.985,37.6869,188.819,4.09402
-0.50888,597.36,37.1118,187.465,3.93647
-4.41647,548.457,29.8609,155.019,3.48229
0.134203,558.59,35.4535,178.301,4.01994
0.923886,562.529,36.6493,183.326,4.12626
-2.86398,580.366,33.3132,171.053,3.65261
-4.88354,582.476,31.2093,162.56,3.43341
-4.33496,556.012,30.3568,157.502,3.49093
-1.07741,554.985,33.8308,171.562,3.8649
-1.90346,512.727,30.4005,155.052,3.76445
0.597397,524.768,33.8221,169.559,4.08177
-4.33234,534.265,29.1721,151.352,3.49121
-3.81932,566.396,31.473,162.697,3.54634
-3.17161,511.451,29.0529,149.5,3.61786
-0.799446,519.401,31.9572,161.751,3.89964
-0.535764,554.886,34.4422,174.012,3.93304
-0.0123809,588.168,37.1495,187.018,4.00067
-2.51266,575.693,33.44,171.282,3.69292
-2.49166,513.359,29.8404,152.822,3.69535
1.39889,537.038,35.5408,177.21,4.19235
0.0412558,522.916,33.0871,166.505,4.0077
-4.1472,565.165,31.0552,160.91,3.51095
-3.2139,542.648,30.7808,158.439,3.61313
-3.46653,567.76,31.9301,164.648,3.58503
1.92343,517.932,34.8725,173.263,4.26729
-4.69814,548.366,29.5692,153.813,3.45269
-3.48479,598.744,33.6516,173.548,3.58301
0.117481,589.306,37.3823,188.022,4.01773
-0.0911812,523.674,32.9895,166.165,3.99037
0.185098,568.572,36.1481,181.731,4.02666
-2.39189,507.287,29.5869,151.418,3.70693
1.43878,555.059,36.7817,183.348,4.19798
-3.48252,576.761,32.4186,167.186,3.58326
-4.98,554.736,29.6246,154.413,3.42344
-4.44977,501.315,27.2632,141.567,3.47877
-3.75347,583.74,32.5096,167.977,3.55351
-2.35288,572.607,33.4406,171.093,3.71147
-4.56718,514.91,27.8901,144.943,3.4664
-0.407069,550.77,34.3337,173.311,3.9495
-1.20306,508.235,30.8509,156.587,3.84936
-1.6914,542.631,32.4038,165.026,3.78985
-3.23307,539.367,30.5748,157.4,3.61098
0.129173,570.944,36.2316,182.22,4.01927
1.71159,592.159,39.5939,197.002,4.23678
-2.28937,507.172,29.6827,151.8,3.71889
-0.685946,575.142,35.5211,179.649,3.91396
-2.23194,511.329,29.984,153.279,3.72562
-1.72783,538.645,32.1264,163.655,3.78546
-1.02043,500.385,30.5606,154.918,3.87198
1.95424,570.194,38.4302,190.9,4.27176
-3.27855,506.931,28.6918,147.753,3.60591
-4.32778,550.645,30.0712,156.012,3.49169
-2.7732,585.573,33.7156,173.009,3.66296
1.29157,534.556,35.2518,175.896,4.17728
-2.81301,506.72,29.1361,149.551,3.65841
-3.58044,592.19,33.1752,171.206,3.57247
1.73811,587.145,39.2928,195.47,4.24058
1.72396,502.773,33.6309,167.319,4.23855
-1.61843,542.891,32.4988,165.426,3.79865
1.63305,543.045,36.2163,180.292,4.22555
-1.44338,594.156,35.7772,181.893,3.81989
-3.38044,592.062,33.3944,172.094,3.59457
-1.46789,519.193,31.2376,158.841,3.81691
-4.16833,530.435,29.1258,150.936,3.50869
0.808952,511.736,33.2137,166.27,4.11051
-0.376611,543.241,33.8986,171.079,3.95342
-1.61504,502.642,30.0928,153.176,3.79906
-3.66445,549.45,30.6929,158.49,3.56325
-4.20531,521.206,28.5829,148.162,3.50474
1.12525,561.978,36.8575,184.116,4.15408
1.78476,596.038,39.9491,198.672,4.24728
-2.83597,523.186,30.0595,154.316,3.6558
-2.00093,589.841,34.8582,177.909,3.75286
-2.41067,586.47,34.1835,174.965,3.70475
1.71315,533.105,35.6471,177.363,4.237
-4.56913,543.022,29.4108,152.849,3.4662
-0.418738,532.027,33.1524,167.361,3.94801
0.346879,502.472,32.1175,161.289,4.04815
-1.27367,569.708,34.5008,175.198,3.84066
1.6551,578.296,38.5952,192.106,4.2287
-1.20748,527.019,31.9864,162.355,3.84881
-1.2844,592.199,35.85,182.062,3.83934
-0.363193,573.893,35.8274,180.796,3.95514
-4.56257,507.8,27.5093,142.96,3.46689
0.492891,575.878,36.988,185.563,4.06769
0.830718,573.136,37.2256,186.326,4.11349
-3.27002,501.091,28.3695,146.085,3.60686
-4.94107,543.782,29.0785,151.524,3.42746
-4.29029,500.286,27.3561,141.888,3.49568
-1.3581,591.291,35.7067,181.428,3.83031
1.40152,535.001,35.4091,176.55,4.19272
-2.72912,556.369,32.0818,164.574,3.668
-0.875969,562.757,34.5364,174.897,3.89003
-2.82231,523.346,30.0827,154.42,3.65735
1.91294,560.842,37.7487,187.567,4.26577
-1.10841,507.191,30.8853,156.659,3.86106
-0.885609,510.462,31.317,158.604,3.88882
0.461201,594.695,38.1565,191.467,4.06344
-3.73536,511.9,28.5263,147.376,3.55549
-2.6468,529.219,30.6014,156.89,3.67745
-4.57622,578.179,31.3074,162.713,3.46545
-1.14581,500.456,30.437,154.425,3.85643
1.26507,551.6,36.344,181.379,4.17357
-4.80052,549.766,29.5408,153.778,3.44202
-0.358302,506.313,31.6136,159.527,3.95577
0.296862,503.062,32.1019,161.266,4.04148
-4.4708,517.324,28.1135,146.004,3.47655
-0.924585,556.676,34.1077,172.784,3.88394
-2.05335,584.756,34.4967,176.128,3.74665
-3.73715,524.212,29.2107,150.914,3.5553
-2.4271,513.769,29.9294,153.208,3.70284
-2.83236,560.797,32.2244,165.426,3.65621
-3.03547,578.869,33.0347,169.828,3.63318
-1.54943,554.588,33.276,169.302,3.807
-1.52457,586.624,35.2276,179.2,3.81002
1.5449,545.742,36.2908,180.771,4.213
-3.7502,524.144,29.1939,150.841,3.55387
-0.363661,562.788,35.1336,177.295,3.95508
1.79804,555.275,37.2332,185.149,4.24919
-0.994705,508.154,31.0618,157.431,3.87519
-3.27819,579.561,32.803,168.924,3.60595
-3.21131,541.969,30.745,158.252,3.61342
-0.489748,580.058,36.0599,182.128,3.93891
0.208902,541.575,34.4589,173.21,4.02981
1.0648,585.317,38.3117,191.459,4.1457
-2.88532,542.007,31.0889,159.656,3.65018
-0.613783,569.805,35.2763,178.322,3.92311
-0.242175,550.384,34.4984,173.945,3.97076
-1.2645,502.951,30.4674,154.706,3.84179
1.77723,589.813,39.5221,196.558,4.2462
-4.60531,540.304,29.2273,151.934,3.4624
-4.52466,553.363,30.0166,155.947,3.47087
-3.75759,553.161,30.8024,159.16,3.55307
-1.03787,518.546,31.6514,160.466,3.86981
1.84571,531.254,35.6784,177.36,4.25606
-4.53905,516.615,28.0094,145.534,3.46936
-3.7959,598.935,33.3077,172.152,3.54889
-1.27262,543.911,32.9397,167.269,3.84079
-1.89086,525.215,31.1541,158.882,3.76595
-2.82981,544.824,31.3093,160.725,3.6565
-3.51697,576.201,32.3492,166.869,3.57946
-3.2513,544.901,30.8694,158.937,3.60895
1.35622,500.832,33.0982,165.078,4.18635
1.76156,503.143,33.6972,167.606,4.24394
0.905115,572.074,37.2481,186.345,4.12368
-2.38096,595.677,34.755,177.853,3.7082
-1.74566,556.173,33.1519,168.9,3.78332
0.36045,582.18,37.2291,186.941,4.04996
0.744056,512.329,33.1809,166.179,4.10166
0.766049,537.235,34.8193,174.359,4.10466
-3.54663,521.317,29.2384,150.853,3.57619
-0.473697,555.694,34.5638,174.552,3.94097
-1.09832,576.114,35.0942,177.995,3.86231
-0.327654,551.731,34.4846,173.978,3.95972
-0.204118,508.838,31.9347,160.977,3.97569
-2.88922,527.988,30.2808,155.51,3.64974
-2.72743,535.208,30.8635,158.322,3.6682
0.727844,578.845,37.4688,187.675,4.09946
-4.45614,534.433,29.0579,150.893,3.4781
-0.466415,574.654,35.7517,180.542,3.9419
-4.89035,515.669,27.6233,143.889,3.4327
1.11919,521.492,34.1954,170.824,4.15324
1.72048,579.139,38.7346,192.715,4.23805
-1.78601,549.921,32.7348,166.822,3.77848
1.10625,537.404,35.2237,175.977,4.15144
1.62711,565.475,37.7048,187.71,4.2247
-0.819416,551.688,33.9211,171.714,3.89713
-2.57735,564.933,32.7433,167.789,3.68544
-0.842224,509.38,31.2959,158.45,3.89426
-2.26395,539.112,31.5791,161.469,3.72186
-1.23322,515.184,31.2412,158.601,3.84564
-0.00328407,512.17,32.3592,162.892,4.00186
1.26847,530.532,34.9598,174.467,4.17404
-4.70397,574.447,30.9693,161.103,3.45208
-2.57682,568.2,32.9332,168.762,3.6855
-0.499487,522.522,32.4726,164.02,3.93767
0.31555,531.721,33.9518,170.537,4.04397
1.25928,500.636,32.9798,164.596,4.17276
-1.83962,541.89,32.1987,164.151,3.77207
0.739436,595.424,38.5567,193.109,4.10104
-3.21399,550.894,31.2485,160.846,3.61312
-2.67804,547.74,31.6389,162.244,3.67386
-0.812587,548.908,33.7579,170.88,3.89799
-0.33816,556.271,34.7562,175.361,3.95836
1.74649,523.773,35.0615,174.41,4.24178
1.68807,577.637,38.593,192.053,4.23341
-0.934631,516.503,31.6357,160.273,3.88268
-4.60451,545.576,29.5134,153.42,3.46249
0.525234,548.399,35.2608,176.859,4.07204
-2.81506,561.415,32.2788,165.685,3.65818
-0.881421,597.962,36.6902,185.812,3.88934
-3.32512,516.43,29.1832,150.334,3.60072
1.58968,521.004,34.6968,172.779,4.21937
-3.39958,516.921,29.1372,150.175,3.59244
-1.81259,505.424,30.0592,153.215,3.7753
-4.45933,527.457,28.6754,148.91,3.47776
-2.00877,599.583,35.4246,180.809,3.75193
-0.981747,587.296,35.9151,182.012,3.8768
-4.64861,592.221,31.9883,166.338,3.45786
1.06648,500.155,32.7393,163.609,4.14593
-1.79519,521.742,31.0478,158.235,3.77738
1.41336,551.259,36.4993,181.971,4.19439
0.764605,571.832,37.0598,185.58,4.10446
-1.71692,554.487,33.0834,168.517,3.78678
-1.0452,510.131,31.1301,157.831,3.8689
-3.97885,537.491,29.7048,153.73,3.52906
-0.44453,592.023,36.8592,186.107,3.9447
-1.24057,510.74,30.9641,157.202,3.84473
-4.08446,520.15,28.643,148.346,3.51768
1.53642,519.287,34.522,171.97,4.2118
-4.46205,523.454,28.4552,147.769,3.47747
-1.19596,542.949,32.966,167.314,3.85023
-3.67248,514.119,28.7114,148.267,3.56237
-0.0183965,556.851,35.1645,177.032,3.99988
-1.76155,578.779,34.481,175.691,3.78142
-2.02573,543.653,32.1018,163.869,3.74992
1.67996,580.41,38.768,192.934,4.23225
-4.39686,569.243,31.0134,160.979,3.48437
-1.34605,575.342,34.7576,176.59,3.83178
0.220272,563.025,35.8372,180.124,4.03131
1.4523,502.254,33.2974,165.964,4.19989
0.293505,596.979,38.0908,191.356,4.04104
0.63759,540.609,34.8894,174.863,4.08721
-4.78424,590.642,31.7549,165.285,3.44371
-2.88482,500.262,28.6949,147.361,3.65024
0.748376,532.136,34.4687,172.624,4.10225
-3.4226,509.602,28.7021,147.957,3.58989
-2.74499,584.428,33.6817,172.801,3.66618
-2.08254,594.345,35.028,178.877,3.7432
0.276379,543.37,34.6505,174.093,4.03876
0.817455,594.879,38.6209,193.328,4.11168
-3.27425,538.338,30.4739,156.926,3.60639
-1.98992,510.77,30.1965,154.105,3.75417
-1.29942,541.364,32.7561,166.368,3.8375
0.898179,569.666,37.0828,185.526,4.12273
0.371349,589.857,37.7336,189.461,4.05141
-1.17204,529.074,32.1493,163.142,3.85318
1.27747,501.681,33.0684,165.018,4.1753
-3.40388,594.81,33.5226,172.784,3.59197
-4.74717,509.753,27.4409,142.793,3.44757
-4.96213,526.411,28.1293,146.6,3.42528
1.59542,531.333,35.3914,176.231,4.22019
-0.318926,549.148,34.3332,173.203,3.96084
-4.57519,594.19,32.1755,167.224,3.46556
-4.34829,570.412,31.1288,161.523,3.48951
-2.38198,539.663,31.4858,161.124,3.70808
0.451653,555.887,35.6553,178.927,4.06216
1.403,531.896,35.2053,175.532,4.19293
-1.10717,518.841,31.596,160.262,3.86121
-1.05424,502.191,30.6363,155.338,3.86778
1.25584,509.634,33.5687,167.539,4.17228
0.645599,554.501,35.7955,179.394,4.08829
-1.69667,592.609,35.3819,180.2,3.78921
0.51773,535.007,34.3912,172.506,4.07103
-0.669056,574.695,35.5135,179.589,3.9161
-2.019,594.598,35.1179,179.257,3.75072
-2.67525,540.224,31.2077,160.03,3.67418
1.10858,527.192,34.5571,172.644,4.15176
0.870764,587.082,38.1819,191.061,4.11897
-1.35012,581.444,35.1214,178.444,3.83128
-2.25534,578.736,33.91,173.377,3.72287
-3.01793,589.087,33.6379,172.907,3.63516
-1.2568,511.337,30.9834,157.318,3.84274
0.984609,517.378,33.7753,168.88,4.13462
1.88834,509.868,34.29,170.409,4.26221
1.97959,547.475,36.9296,183.415,4.27544
-4.49086,538.602,29.2497,151.927,3.47444
1.8046,571.729,38.3448,190.668,4.25013
0.167559,562.856,35.7639,179.821,4.02434
-2.63009,549.503,31.7922,162.976,3.67937
-1.78795,560.441,33.3589,170.004,3.77825
0.615164,500.812,32.2971,161.895,4.08418
-4.00392,571.624,31.5642,163.381,3.52635
-1.26631,574.283,34.7864,176.639,3.84157
-3.80508,505.224,28.0875,145.181,3.54789
0.83116,562.865,36.559,182.989,4.11355
-1.29337,575.489,34.8279,176.883,3.83824
-1.42964,536.553,32.3236,164.319,3.82157
1.22648,572.848,37.696,188.175,4.16817
1.55997,589.111,39.1942,195.213,4.21514
1.32757,538.831,35.5758,177.47,4.18233
-0.846913,522.775,32.1139,162.597,3.89367
0.397335,599.68,38.3951,192.748,4.05488
0.508624,568.301,36.5204,183.198,4.06981
-0.635791,568.812,35.189,177.908,3.92032
-1.72821,530.567,31.6442,161.199,3.78542
-4.53752,542.507,29.4148,152.835,3.46952
0.761129,503.21,32.6088,163.295,4.10399
-2.2987,542.237,31.725,162.254,3.7178
-2.04463,592.624,34.9712,178.54,3.74768
-1.5552,564.475,33.8627,172.293,3.8063
-0.553053,505.8,31.3773,158.546,3.93084
-2.88577,541.178,31.0409,159.41,3.65013
-4.91845,500.117,26.7643,139.442,3.4298
-3.08939,531.993,30.3042,155.849,3.6271
1.56388,557.607,37.103,184.793,4.2157
-3.73009,548.815,30.589,158.027,3.55607
-0.488267,572.34,35.5819,179.712,3.9391
-0.702989,502.947,31.0446,157.027,3.91181
-2.33632,579.01,33.8335,173.083,3.71341
-4.9502,588.4,31.4546,163.916,3.42652
-4.53348,550.269,29.8398,155.038,3.46995
-2.74146,567.086,32.6862,167.689,3.66659
-0.785543,521.699,32.1135,162.526,3.90139
-3.67454,572.155,31.9503,164.994,3.56214
-2.32818,527.337,30.8225,157.671,3.71436
-0.437284,561.8,34.986,176.64,3.94563
1.13211,544.079,35.6917,178.284,4.15503
0.730935,524.511,33.9552,170.072,4.09988
1.62203,567.606,37.8406,188.393,4.22398
1.73079,569.213,38.0836,189.463,4.23953
1.91365,506.583,34.0975,169.424,4.26588
-3.0266,588.433,33.5907,172.675,3.63418
-4.85761,514.907,27.6135,143.804,3.43609
-4.61069,554.407,29.9847,155.878,3.46184
-4.21517,516.288,28.3036,146.724,3.50368
0.773328,537.307,34.8323,174.415,4.10565
-0.593351,548.913,34.0061,171.877,3.92571
-2.01119,598.59,35.363,180.498,3.75164
-3.35138,590.044,33.3134,171.641,3.59779
-3.43545,518.376,29.1836,150.453,3.58847
-2.57783,527.156,30.5533,156.567,3.68539
-0.105485,504.634,31.775,160.063,3.98851
-2.89956,554.205,31.7732,163.186,3.64856
-3.54016,535.444,30.0373,154.968,3.5769
-4.68101,579.248,31.2528,162.551,3.45448
0.0334769,526.172,33.2844,167.508,4.00668
0.189524,536.31,34.1019,171.439,4.02724
-4.75515,509.976,27.4454,142.824,3.44674
-2.98868,548.512,31.3521,161.124,3.63846
-1.94171,591.789,35.0431,178.779,3.75989
0.414688,571.628,36.6201,183.815,4.05721
-2.27585,547.977,32.0855,164.072,3.72047
-2.58951,533.001,30.8798,158.253,3.68404
-0.865184,587.36,36.0592,182.596,3.89138
-1.10585,548.318,33.3926,169.374,3.86137
-0.176421,559.734,35.1614,177.208,3.97928
-0.375343,542.369,33.8457,170.81,3.95358
-4.73651,503.847,27.1329,141.179,3.44868
-0.936413,598.699,36.668,185.769,3.88246
0.310997,513.448,32.78,164.657,4.04336
-3.54624,587.503,32.9509,170.008,3.57623
-3.91225,538.238,29.8138,154.221,3.53626
1.95069,503.484,33.9301,168.55,4.27125
1.10891,509.109,33.3721,166.723,4.15181
-4.65678,570.542,30.8087,160.213,3.45701
-3.19709,552.974,31.3845,161.527,3.61501
-0.757699,564.327,34.7698,175.936,3.9049
-2.87105,594.017,34.0886,175.043,3.6518
-2.85549,533.765,30.6471,157.354,3.65358
1.9738,576.02,38.8477,192.949,4.2746
-1.91926,511.99,30.3407,154.764,3.76256
-4.10283,550.9,30.3173,157.037,3.51571
1.71271,599.29,40.0721,199.38,4.23694
-1.36315,584.505,35.2909,179.321,3.82969
1.75974,598.667,40.0924,199.418,4.24368
1.30543,544.207,35.9046,179.137,4.17922
0.566593,526.835,33.9207,170.09,4.07762
-0.0902792,525.8,33.1244,166.844,3.99049
0.956879,577.293,37.6522,188.3,4.1308
1.85715,555.935,37.3499,185.655,4.25771
1.43957,504.277,33.4174,166.577,4.19809
-3.45721,555.495,31.2502,161.131,3.58606
-2.8705,588.337,33.7633,173.372,3.65187
-4.12139,563.589,30.9959,160.574,3.51372
-1.33759,579.202,35.0007,177.815,3.83282
0.844311,595.479,38.6942,193.659,4.11535
-4.59379,583.103,31.555,164.021,3.46361
-2.61186,536.461,31.0568,159.185,3.68147
-4.05342,553.29,30.5002,157.93,3.52102
1.99749,517.135,34.9035,173.331,4.27804
-3.2195,576.814,32.7126,168.389,3.6125
-3.75509,512.798,28.5572,147.556,3.55334
-3.54718,569.145,31.9203,164.691,3.57613
0.19459,517.58,32.9165,165.474,4.02791
1.70891,550.152,36.7819,183.014,4.23639
0.646734,557.662,36.0009,180.422,4.08845
-2.53204,515.705,29.9359,153.354,3.69067
-2.61157,588.833,34.0891,174.727,3.6815
0.524276,569.163,36.5947,183.551,4.07191
-0.78449,554.788,34.1515,172.839,3.90152
-0.763381,544.665,33.552,169.78,3.90418
-0.841446,556.749,34.2071,173.189,3.89436
-2.1611,524.173,30.8107,157.427,3.73394
-2.80059,531.082,30.5498,156.794,3.65983
-3.52221,571.315,32.0692,165.43,3.57888
-1.67858,595.702,35.5883,181.228,3.79139
1.29334,511.794,33.7527,168.414,4.17752
-4.01138,510.747,28.1954,145.952,3.52555
1.22306,517.164,34.0279,169.868,4.1677
-1.36516,556.184,33.5787,170.623,3.82944
-4.52645,511.895,27.7655,144.254,3.47069
-0.541205,513.263,31.8528,160.936,3.93235
-3.42089,556.685,31.3558,161.635,3.59008
-2.24955,584.331,34.2445,175.08,3.72355
-2.07192,526.671,31.0507,158.555,3.74445
-3.48857,588.843,33.0909,170.66,3.58259
0.0875831,547.5,34.6959,174.546,4.01379
-4.00337,590.588,32.612,168.804,3.52641
1.0736,561.866,36.7874,183.83,4.14691
1.32985,577.436,38.1276,190.196,4.18264
1.37381,588.536,38.9168,194.076,4.18882
-3.07896,574.631,32.7446,168.387,3.62828
-4.14228,599.3,32.9364,170.652,3.51148
1.6901,532.926,35.6082,177.197,4.2337
-0.307725,514.586,32.1843,162.35,3.96229
-0.545912,598.599,37.1429,187.67,3.93175
-1.98705,567.978,33.5818,171.378,3.75451
0.867162,585.8,38.094,190.626,4.11848
0.890269,507.773,33.0452,165.335,4.12165
-2.87359,570.135,32.7153,167.994,3.65152
1.44326,582.691,38.6185,192.498,4.19861
0.789944,519.671,33.7076,168.764,4.10792
0.689201,533.386,34.4821,172.761,4.09421
0.910491,592.88,38.6096,193.149,4.12442
0.344809,536.811,34.31,172.302,4.04787
-2.12129,571.278,33.6246,171.757,3.73863
1.10411,521.988,34.2109,170.919,4.15114
0.357681,579.842,37.0761,186.177,4.04959
-4.33138,565.682,30.8885,160.257,3.49131
-1.42283,542.261,32.6749,166.097,3.8224
0.0132589,540.455,34.165,171.963,4.00403
1.01946,508.111,33.2085,166.007,4.13943
-2.9022,566.039,32.4488,166.659,3.64826
-1.98892,530.711,31.3764,160.125,3.75428
1.66868,562.046,37.5274,186.775,4.23064
-4.52644,588.377,31.914,165.807,3.47069
-2.28899,543.552,31.8123,162.69,3.71893
-3.47852,533.897,30.0134,154.777,3.5837
-3.78761,559.75,31.1374,160.925,3.54979
-0.119864,568.818,35.7992,180.353,3.98663
1.4092,597.481,39.5544,197.208,4.19381
-4.91454,532.915,28.5234,148.603,3.4302
-0.931614,506.306,31.0142,157.121,3.88306
-4.87064,548.651,29.4099,153.174,3.43474
1.91324,563.131,37.9031,188.334,4.26582
0.557377,517.961,33.3392,167.184,4.07637
-0.352804,515.418,32.188,162.419,3.95648
-3.31444,596.746,33.7341,173.764,3.60191
-4.22148,593.627,32.5365,168.675,3.50301
-3.15244,594.057,33.7673,173.736,3.62002
-3.25926,564.175,31.9527,164.524,3.60806
-1.1748,555.637,33.7603,171.32,3.85284
1.60667,531.309,35.4029,176.275,4.22179
1.14911,529.582,34.7601,173.611,4.15739
-4.73145,529.35,28.5112,148.345,3.44921
-1.91517,597.407,35.4074,180.604,3.76305
-1.47027,548.163,32.978,167.693,3.81662
-0.631469,582.46,36.0385,182.197,3.92087
-3.11186,577.514,32.8722,169.083,3.62457
-1.4664,556.984,33.513,170.409,3.81709
-1.41836,564.943,34.0467,173.065,3.82294
-0.0258696,583.66,36.8483,185.518,3.9989
1.09007,524.879,34.3845,171.803,4.1492
-0.206844,569.511,35.7393,180.158,3.97533
-4.83504,557.885,29.9415,155.903,3.43843
-1.16613,592.476,36.0091,182.721,3.85392
-3.70503,595.138,33.1992,171.481,3.55881
-0.957063,588.546,36.0213,182.519,3.87988
1.81625,566.139,37.9844,188.861,4.25181
-4.35522,501.174,27.3438,141.89,3.48878
-1.95161,514.829,30.4757,155.488,3.75872
0.409561,594.226,38.0613,191.056,4.05652
-1.12412,590.592,35.9451,182.343,3.85911
-2.48129,527.3,30.6614,157.015,3.69655
-4.92077,512.933,27.448,143.007,3.42956
-3.16139,555.291,31.5542,162.36,3.61901
-4.73568,593.993,31.9883,166.442,3.44877
-1.21924,545.972,33.1237,168.142,3.84736
0.0843175,565.35,35.8232,180.221,4.01336
-4.68012,595.784,32.1459,167.196,3.45457
1.18615,555.42,36.5006,182.258,4.16255
-3.19645,522.099,29.6328,152.511,3.61508
1.87262,567.226,38.1279,189.502,4.25994
0.171425,529.26,33.6335,169.105,4.02485
-0.4247,549.492,34.2339,172.828,3.94724
0.343377,551.604,35.2539,177.044,4.04768
0.170931,575.534,36.5735,183.887,4.02479
-2.80306,500.829,28.8071,147.852,3.65955
1.99458,503.473,33.9782,168.739,4.27762
-3.35288,591.933,33.4183,172.184,3.59763
-0.939261,503.197,30.8159,156.124,3.88211
0.821017,574.939,37.3307,186.865,4.11216
0.665705,593.381,38.3308,192.074,4.09102
-2.68677,566.473,32.7113,167.754,3.67286
-1.66132,547.886,32.7506,166.758,3.79347
1.70736,519.367,34.7219,172.766,4.23617
-4.01293,514.476,28.3998,147.012,3.52538
1.63527,565.754,37.7335,187.843,4.22587
-0.438245,591.284,36.8209,185.906,3.94551
-2.56754,532.047,30.8475,158.063,3.68658
-4.47168,513.474,27.9035,144.914,3.47646
-0.252455,579.165,36.29,182.992,3.96943
-4.86048,524.956,28.1496,146.599,3.4358
0.701888,551.899,35.6939,178.816,4.09593
-4.9835,552.421,29.4974,153.754,3.42308
-3.60826,506.62,28.3546,146.357,3.56941
-3.70019,530.05,29.5732,152.747,3.55933
-3.57545,582.223,32.6223,168.347,3.57302
-3.88957,584.71,32.413,167.639,3.53871
-1.72227,539.975,32.2117,164.083,3.78613
-2.18221,538.205,31.613,161.55,3.73145
-3.12865,506.586,28.8185,148.25,3.62269
1.91039,597.063,40.1832,199.667,4.2654
-3.28287,505.124,28.5853,147.21,3.60542
-1.5239,519.166,31.1774,158.596,3.8101
-3.29904,538.84,30.4766,156.967,3.60362
-2.20174,510.493,29.9655,153.152,3.72916
-1.91288,544.339,32.2646,164.571,3.76332
-2.13603,551.853,32.4651,165.851,3.73689
1.53566,552.234,36.7113,182.877,4.21169
-1.98436,551.611,32.6171,166.451,3.75483
-3.84239,535.198,29.7161,153.639,3.54383
-1.84882,572.516,34.008,173.386,3.77097
-2.5539,522.631,30.3155,155.323,3.68815
-0.516321,515.74,32.0331,161.819,3.93552
1.52822,541.63,35.9976,179.331,4.21064
-0.963585,543.347,33.2477,168.473,3.87907
0.00936114,577.421,36.4971,183.706,4.00352
-4.96715,557.742,29.7983,155.304,3.42477
-0.85913,506.945,31.1287,157.622,3.89214
-1.63335,589.93,35.297,179.689,3.79685
-3.66619,545.732,30.4834,157.41,3.56306
1.44796,530.507,35.1654,175.28,4.19928
-3.23811,588.884,33.376,171.827,3.61042
-3.02821,570.74,32.5789,167.476,3.634
-1.28355,519.181,31.4306,159.618,3.83945
-4.09164,590.188,32.4918,168.288,3.51691
-0.151105,519.264,32.6466,164.505,3.98257
1.36529,543.62,35.9367,179.224,4.18762
0.890763,548.377,35.6882,178.558,4.12171
-4.67024,594.125,32.0673,166.775,3.4556
-4.46075,559.08,30.3932,157.832,3.47761
-4.21796,532.292,29.1783,151.261,3.50339
0.909478,503.559,32.7917,164.046,4.12428
-0.616534,548.577,33.959,171.666,3.92276
-1.69033,585.311,34.9537,178.011,3.78998
0.211984,517.29,32.9171,165.457,4.03022
-1.01395,551.426,33.6852,170.749,3.87279
-0.0452694,508.236,32.0658,161.462,3.99637
-4.86678,565.447,30.3143,157.88,3.43514
-0.596602,588.946,36.4822,184.396,3.92529
-4.28473,546.055,29.8644,154.892,3.49627
1.35044,570.406,37.6889,187.982,4.18554
-2.15396,525.332,30.8863,157.805,3.73478
0.262528,576.758,36.7628,184.724,4.03692
-3.87761,598.254,33.1773,171.577,3.54001
-2.397,586.748,34.2155,175.112,3.70634
-2.73859,525.358,30.284,155.362,3.66692
-0.0958248,551.538,34.7395,174.985,3.98977
-1.63411,561.057,33.5686,170.89,3.79676
-3.56322,598.576,33.5526,173.133,3.57436
-3.68007,583.081,32.5542,168.12,3.56154
-3.13092,540.432,30.7416,158.145,3.62243
-3.1393,514.133,29.2373,150.415,3.62149
-4.27797,569.961,31.1791,161.703,3.49699
-1.2486,532.414,32.2694,163.838,3.84375
-1.63928,558.28,33.3966,170.021,3.79613
-2.17156,562.94,33.0777,169.023,3.73271
-4.10306,542.32,29.8449,154.591,3.51569
-4.93554,581.316,31.0916,162.007,3.42803
-2.85938,526.252,30.2117,155.123,3.65313
1.77863,570.007,38.1967,189.965,4.2464
1.78881,597.713,40.0667,199.251,4.24786
-3.84538,595.608,33.0669,170.967,3.54351
1.51287,521.065,34.6134,172.453,4.20846
-0.968341,562.369,34.4062,174.349,3.87847
-2.6272,593.347,34.3323,175.993,3.6797
-0.948112,590.722,36.1653,183.237,3.881
-0.138277,545.28,34.2969,172.806,3.98424
-1.70904,577.101,34.4417,175.427,3.78772
-2.46631,542.026,31.5337,161.465,3.69828
-0.826675,546.704,33.6065,170.13,3.89621
-0.43914,555.26,34.5765,174.575,3.94539
-2.54374,532.705,30.9105,158.36,3.68932
-0.00892191,581.176,36.7121,184.812,4.00112
-3.53531,575.438,32.2862,166.565,3.57744
1.54191,599.308,39.849,198.499,4.21258
-1.18857,506.07,30.7344,155.98,3.85114
1.63753,534.379,35.6436,177.436,4.22619
-2.96015,527.234,30.165,154.992,3.64169
1.7287,524.78,35.1084,174.664,4.23923
1.32101,572.187,37.77,188.424,4.1814
-3.58037,508.739,28.5002,147.08,3.57247
-1.09066,552.589,33.6698,170.762,3.86326
-0.288818,545.621,34.1469,172.228,3.96473
-3.3875,584.175,32.9416,169.769,3.59378
1.35586,509.305,33.6578,167.87,4.1863
-1.56531,531.834,31.8937,162.287,3.80508
1.44546,582.958,38.639,192.597,4.19892
1.42829,558.378,36.9889,184.393,4.1965
0.860223,543.973,35.3659,176.982,4.11753
-3.10318,552.395,31.4516,161.766,3.62555
-4.15232,573.158,31.4889,163.164,3.51041
-2.32351,505.856,29.5716,151.267,3.7149
-2.33374,596.903,34.882,178.444,3.71371
0.863688,567.948,36.9288,184.799,4.118
-2.93804,515.565,29.5195,151.652,3.6442
1.99507,552.557,37.2914,185.192,4.27769
0.304071,595.687,38.0217,190.995,4.04244
1.39094,535.402,35.4233,176.633,4.19123
-4.73997,552.836,29.7675,154.891,3.44832
-0.0295321,587.333,37.0757,186.668,3.99842
-2.7551,520.106,29.9645,153.741,3.66503
-1.14704,587.745,35.7444,181.354,3.85628
-0.909491,596.359,36.5576,185.176,3.88583
-2.85296,530.062,30.4371,156.273,3.65386
1.82862,525.655,35.2825,175.413,4.25359
-4.75237,555.43,29.8944,155.565,3.44703
0.0846322,540.801,34.268,172.397,4.0134
1.83047,553.88,37.1793,184.84,4.25386
-3.36946,589.172,33.2437,171.304,3.59579
-3.52303,575.823,32.3213,166.732,3.57879
1.21175,569.628,37.4659,187.045,4.16612
-3.2448,545.129,30.8892,159.032,3.60967
-4.07064,540.889,29.7991,154.318,3.51917
-0.276804,556.557,34.8452,175.735,3.96628
0.902035,578.755,37.6792,188.506,4.12326
-4.8878,522.093,27.9699,145.691,3.43297
-0.479591,515.8,32.0761,161.995,3.94021
1.22145,563.137,37.0509,184.961,4.16747
-2.58532,532.728,30.8684,158.19,3.68452
-3.65662,534.277,29.8533,154.146,3.5641
-3.56592,586.72,32.885,169.691,3.57406
-1.01,547.34,33.4401,169.502,3.87328
-4.19167,514.432,28.2246,146.29,3.5062
1.28829,526.114,34.6913,173.103,4.17682
-0.221473,521.73,32.7249,164.98,3.97344
-0.148168,583.311,36.6768,184.81,3.98295
-1.4854,556.549,33.4655,170.19,3.81478
-1.82212,587.859,34.9507,178.159,3.77416
-2.74897,578.745,33.3498,171.102,3.66573
0.573443,559.598,36.0383,180.7,4.07854
-4.17237,583.252,32.0215,165.947,3.50826
-3.19561,529.412,30.0487,154.651,3.61518
-3.55364,523.78,29.3695,151.538,3.57542
-1.82798,511.955,30.4319,155.131,3.77346
0.765639,517.07,33.5119,167.812,4.1046
-2.99567,579.852,33.1356,170.298,3.63767
-0.649613,510.935,31.594,159.747,3.91856
-4.24725,549.212,30.0756,155.945,3.50026
-4.77816,561.864,30.214,157.257,3.44435
-0.601954,593.362,36.7492,185.753,3.92461
-3.97235,589.76,32.6007,168.709,3.52976
-2.07527,549.642,32.4013,165.455,3.74406
-1.02463,548.535,33.4967,169.806,3.87146
-4.36888,513.551,28.006,145.34,3.48733
-0.0165353,539.905,34.0965,171.653,4.00013
-1.70762,555.558,33.1576,168.885,3.7879
-1.52168,577.062,34.6567,176.292,3.81037
-3.83608,525.883,29.2051,150.991,3.54452
-1.62977,560.508,33.5407,170.743,3.79728
0.352517,502.082,32.0985,161.188,4.0489
1.00238,596.418,38.958,194.771,4.13707
0.250891,540.514,34.4393,173.062,4.03538
-2.02987,587.211,34.6689,176.979,3.74943
-3.0946,540.34,30.7742,158.272,3.62652
-3.21301,516.468,29.2967,150.799,3.61323
-4.13609,573.24,31.5109,163.259,3.51214
-1.3082,550.325,33.2885,169.082,3.83642
-2.53934,508.427,29.5061,151.16,3.68983
-3.10717,599.172,34.1104,175.446,3.6251
-4.79616,518.513,27.8656,145.053,3.44247
-1.58316,599.201,35.9122,182.757,3.80291
-0.44213,574.601,35.7774,180.642,3.94501
0.843576,536.193,34.8409,174.375,4.11525
0.597564,521.628,33.6199,168.546,4.0818
-4.29882,545.947,29.8442,154.802,3.49477
1.15407,526.859,34.5871,172.74,4.15808
-3.941,562.031,31.1012,160.913,3.53315
-0.432383,585.047,36.4397,183.973,3.94626
-2.99114,564.573,32.2674,165.831,3.63819
1.59087,586.647,39.0699,194.554,4.21954
-0.857725,594.035,36.4781,184.707,3.89232
-4.81749,587.842,31.5683,164.352,3.44026
1.96617,571.771,38.5515,191.487,4.27349
1.07752,587.684,38.4828,192.297,4.14746
1.57127,501.547,33.3809,166.246,4.21675
-2.06205,540.903,31.9003,162.882,3.74562
-3.21482,536.012,30.4034,156.498,3.61303
-1.38232,561.77,33.8964,172.258,3.82734
1.16966,568.491,37.3393,186.466,4.16025
1.79175,508.045,34.0593,169.373,4.24828
-3.78804,598.448,33.2895,172.049,3.54975
-1.21028,502.825,30.5152,154.891,3.84847
1.24731,525.302,34.591,172.651,4.17108
0.501504,591.943,38.0307,190.783,4.06885
-4.58524,519.653,28.1296,146.207,3.46451
-2.95243,518.264,29.6595,152.387,3.64257
-3.57334,559.541,31.3537,161.798,3.57325
0.774206,516.037,33.4544,167.515,4.10577
-0.975939,509.658,31.1733,157.975,3.87753
-4.34647,528.528,28.8449,149.67,3.48971
0.630981,514.465,33.1949,166.377,4.08632
-4.59301,502.719,27.2057,141.413,3.46369
-3.8874,579.83,32.1448,166.25,3.53895
-0.831906,592.309,36.4035,184.297,3.89556
-1.58424,590.801,35.4075,180.189,3.80278
1.57947,506.86,33.7436,168.044,4.21792
0.131336,568.847,36.1011,181.561,4.01956
-4.71321,502.188,27.0652,140.803,3.45111
1.08059,567.107,37.1392,185.579,4.14788
1.11826,552.64,36.2367,181.023,4.15311
-4.98184,581.921,31.0744,161.971,3.42325
1.18476,509.935,33.51,167.326,4.16236
-3.02674,514.54,29.3723,150.99,3.63416
-2.62554,505.564,29.2546,149.962,3.67989
-4.96678,550.111,29.391,153.18,3.4248
0.939473,584.679,38.112,190.622,4.1284
-4.79973,502.915,27.024,140.676,3.4421
0.927681,557.026,36.2953,181.55,4.12678
1.45275,575.266,38.1383,190.092,4.19995
-0.59852,521.071,32.2757,163.137,3.92505
-1.31719,557.037,33.6843,171.103,3.83532
-3.222,564.743,32.0253,164.854,3.61222
-1.49742,517.257,31.0904,158.124,3.81331
-1.89944,587.058,34.8124,177.55,3.76493
-3.71024,555.788,30.9986,160.12,3.55824
-1.62764,568.512,34.022,173.191,3.79754
1.39314,569.021,37.6503,187.735,4.19154
-0.596678,598.753,37.0896,187.466,3.92528
-4.74405,513.379,27.6391,143.82,3.4479
-4.78633,553.858,29.7752,154.982,3.4435
1.42283,552.145,36.5694,182.309,4.19573
-4.94853,532.201,28.452,148.267,3.42669
-0.10637,585.85,36.8877,185.819,3.98839
-1.66857,565.83,33.815,172.186,3.7926
-4.12361,589.949,32.4432,168.074,3.51348
-1.04699,526.96,32.1552,163.031,3.86868
0.542888,572.418,36.8267,184.691,4.07442
-0.121206,562.56,35.4038,178.362,3.98646
0.74847,500.6,32.4261,162.394,4.10227
-2.08124,545.686,32.1616,164.238,3.74335
-0.367227,583.159,36.401,183.696,3.95462
1.41525,519.292,34.3849,171.428,4.19466
1.94523,532.714,35.8934,178.31,4.27045
1.98888,546.186,36.8539,183.027,4.27679
-2.02933,531.625,31.3878,160.228,3.74949
0.0972706,504.989,32.0122,161.035,4.01507
1.57259,510.223,33.9598,169.128,4.21694
-4.94403,581.041,31.0678,161.893,3.42715
-2.94823,585.337,33.5028,172.128,3.64304
-3.80016,503.075,27.9727,144.583,3.54843
1.01214,529.9,34.6242,173.092,4.13842
-2.18713,506.847,29.7661,152.117,3.73088
1.75766,533.377,35.7175,177.66,4.24338
-3.89108,518.542,28.7435,148.662,3.53855
-1.77516,587.629,34.9922,178.312,3.77978
-3.05413,547.271,31.2118,160.477,3.63107
0.652961,504.932,32.6035,163.389,4.08929
1.76946,505.042,33.8332,168.274,4.24508
0.290936,576.819,36.8014,184.881,4.0407
-3.4786,586.495,32.9701,170.025,3.58369
-1.08606,591.616,36.0533,182.844,3.86383
-2.58364,536.229,31.0731,159.237,3.68472
-1.06009,557.069,33.9775,172.286,3.86705
-2.07652,572.865,33.7689,172.44,3.74391
-1.0213,513.28,31.3473,158.907,3.87188
0.0500322,501.614,31.7484,159.759,4.00885
1.68308,514.439,34.365,171.018,4.2327
-3.4385,504.858,28.4196,146.517,3.58813
-0.171714,556.21,34.9455,176.114,3.97989
-3.27545,573.704,32.4745,167.23,3.60625
1.53923,577.213,38.3765,191.167,4.2122
-2.69063,564.505,32.5934,167.154,3.67241
-2.36543,573.063,33.4531,171.172,3.71001
-3.19767,556.283,31.5717,162.491,3.61495
-2.53438,548.167,31.8177,162.997,3.6904
-3.77766,597.424,33.2443,171.802,3.55088
-1.53117,559.906,33.6157,171.008,3.80922
1.48393,597.777,39.6714,197.692,4.20436
-2.14487,555.552,32.673,166.923,3.73585
-4.43077,518.455,28.2136,146.482,3.48078
-3.70309,577.977,32.244,166.545,3.55902
0.0634165,556.731,35.2526,177.376,4.01061
-2.31033,560.63,32.7882,167.706,3.71644
1.70677,564.266,37.7228,187.699,4.23609
-2.96343,572.837,32.7704,168.383,3.64132
-1.73905,598.421,35.6781,181.762,3.78412
0.651987,589.786,38.0813,190.841,4.08916
-2.21099,580.168,34.0448,174.012,3.72807
-3.12044,562.55,32.0111,164.663,3.62361
1.02238,554.798,36.2633,181.274,4.13983
-3.74126,526.985,29.3611,151.695,3.55485
-0.760301,533.558,32.8712,166.332,3.90457
-3.87602,595.355,33.0184,170.754,3.54018
-4.10135,518.007,28.5086,147.667,3.51587
-4.71841,529.549,28.5347,148.454,3.45057
0.882872,596.361,38.8008,194.142,4.12063
-3.07213,519.1,29.5871,152.143,3.62904
-0.120814,599.557,37.7326,190.094,3.98651
0.795591,522.655,33.9074,169.758,4.10869
-0.0736032,513.974,32.3973,163.163,3.99267
-2.94263,527.122,30.1765,155.032,3.64368
-4.11868,554.366,30.4915,157.958,3.51401
-2.74981,546.117,31.4687,161.452,3.66563
-1.06653,576.081,35.1295,178.135,3.86625
-4.93704,533.62,28.5391,148.709,3.42787
-2.04319,524.885,30.9753,158.138,3.74785
-2.68158,574.685,33.1913,170.209,3.67345
-3.45029,558.37,31.4193,161.996,3.58682
-3.29728,537.978,30.4296,156.724,3.60382
-1.70277,574.266,34.2797,174.594,3.78848
-3.38983,517.799,29.1963,150.47,3.59352
1.79927,522.144,35.0131,174.108,4.24936
-2.02876,534.302,31.5464,161.037,3.74956
0.37264,539.828,34.5347,173.398,4.05158
-3.6736,517.885,28.9206,149.348,3.56224
-3.50303,510.603,28.68,147.927,3.581
-3.65512,594.603,33.2258,171.558,3.56427
-2.74845,505.081,29.1054,149.326,3.66579
-1.29983,591.287,35.7762,181.707,3.83745
-4.07372,575.371,31.6955,164.142,3.51884
-3.23915,581.376,32.9494,169.632,3.6103
1.3158,565.237,37.3048,186.11,4.18067
1.83537,524.132,35.1881,174.935,4.25457
-0.726412,589.739,36.3735,184.011,3.90885
1.63127,561.564,37.4492,186.432,4.2253
1.44272,513.486,34.0312,169.633,4.19854
-4.21395,535.461,29.356,152.178,3.50382
1.54347,542.907,36.1006,179.825,4.2128
-3.55552,506.356,28.3907,146.489,3.57521
-2.94299,537.934,30.795,158.211,3.64364
-4.47478,503.371,27.3515,142.051,3.47613
-0.118472,594.841,37.4388,188.611,3.98682
-4.27891,545.234,29.8254,154.683,3.49689
-4.0397,583.29,32.1691,166.555,3.5225
-0.747344,552.776,34.0699,172.382,3.9062
0.83009,582.64,37.8421,189.413,4.1134
-4.7322,503.994,27.1448,141.236,3.44913
-1.42576,598.228,36.0438,183.226,3.82204
-0.736104,599.596,36.9694,187.038,3.90762
-2.12976,551.054,32.4249,165.639,3.73763
-2.46308,539.58,31.3948,160.75,3.69866
-4.31965,534.586,29.2023,151.495,3.49256
-3.33243,532.553,30.0869,154.997,3.5999
-4.46056,529.277,28.7732,149.419,3.47763
-4.41333,505.216,27.5096,142.809,3.48262
-0.0317448,578.006,36.4842,183.693,3.99814
0.660177,596.166,38.5037,192.947,4.09027
-2.82218,539.515,31.0122,159.191,3.65737
1.93084,535.656,36.0746,179.227,4.26837
-0.656569,524.338,32.4152,163.907,3.91768
-4.20499,553.088,30.3316,157.226,3.50477
-2.90346,558.314,32.0046,164.379,3.64812
-0.34702,551.246,34.4321,173.736,3.95722
-3.15321,562.462,31.9706,164.493,3.61993
-0.114054,521.419,32.8225,165.35,3.98739
-2.54529,571.429,33.1557,169.864,3.68914
-2.05188,558.142,32.9283,168.119,3.74682
0.10053,581.398,36.8599,185.417,4.0155
-1.6802,516.129,30.8327,157.013,3.7912
-3.17115,505.77,28.7306,147.842,3.61792
-1.46918,512.278,30.8202,156.72,3.81675
1.27323,526.572,34.7043,173.186,4.17471
-4.33933,594.911,32.4757,168.501,3.49047
1.49984,568.789,37.7674,188.183,4.20662
0.329384,509.577,32.5527,163.494,4.04581
-3.52716,506.97,28.4525,146.779,3.57833
-3.5093,558.776,31.3791,161.856,3.5803
-3.40193,512.694,28.8966,148.938,3.59218
0.861677,557.704,36.2604,181.457,4.11773
-3.75077,555.097,30.9174,159.747,3.55381
-3.50249,535.416,30.0743,155.118,3.58106
0.336347,565.856,36.1563,181.584,4.04674
-2.32938,503.778,29.4443,150.622,3.71422
1.99001,519.739,35.0707,174.17,4.27696
-1.29034,529.648,32.0569,162.806,3.83861
-3.43756,569.645,32.0676,165.323,3.58823
-3.95929,538.126,29.7598,153.993,3.53117
-3.9096,543.97,30.134,155.874,3.53654
-0.515083,584.608,36.3121,183.433,3.93568
1.26294,532.902,35.1095,175.22,4.17327
-2.28684,552.703,32.3502,165.438,3.71919
0.859981,513.139,33.361,166.95,4.11749
-4.9565,508.445,27.1745,141.618,3.42587
-1.39884,581.968,35.0957,178.373,3.82533
-3.36812,509.529,28.7512,148.153,3.59593
-2.60883,572.402,33.1409,169.864,3.68181
-4.48702,599.357,32.5534,169.082,3.47484
-0.418345,577.829,36.0069,181.771,3.94806
0.631338,567.878,36.6418,183.653,4.08636
1.20577,578.591,38.048,189.959,4.16528
-3.80055,564.459,31.3855,162.222,3.54838
0.231964,596.918,38.0092,191.026,4.03286
-3.47923,516.446,29.0317,149.716,3.58362
1.38899,591.037,39.1017,194.978,4.19096
-1.5586,522.995,31.3707,159.618,3.80589
-2.52544,595.583,34.5804,177.138,3.69144
1.18649,546.062,35.886,179.188,4.1626
1.39004,559.562,37.0207,184.6,4.19111
-4.95455,546.35,29.2023,152.184,3.42607
0.277611,558.85,35.6392,179.059,4.03892
-2.80495,580.015,33.3597,171.22,3.65933
-4.32412,584.788,31.9397,165.702,3.49208
-3.74588,576.045,32.0894,165.797,3.55434
1.02067,570.313,37.2753,186.335,4.13959
-3.82176,596.355,33.135,171.291,3.54608
1.90637,532.92,35.8616,178.198,4.26482
-2.93845,527.994,30.2307,155.306,3.64415
-4.99633,538.789,28.7569,149.907,3.42176
-3.03274,583.575,33.3064,171.221,3.63349
1.22055,590.549,38.8532,193.96,4.16735
-3.83667,586.423,32.5666,168.37,3.54446
-4.98021,559.66,29.8874,155.782,3.42342
-2.76145,542.953,31.274,160.467,3.6643
-2.99003,541.161,30.9304,158.959,3.63831
-2.75396,533.702,30.749,157.765,3.66516
-3.39645,540.251,30.4554,156.966,3.59279
0.979692,501.906,32.7599,163.808,4.13394
1.98983,531.525,35.8658,178.119,4.27693
-0.323349,543.531,33.977,171.411,3.96027
0.504794,520.641,33.4534,167.817,4.06929
0.846896,595.275,38.6842,193.606,4.1157
-3.50892,513.904,28.8596,148.86,3.58035
0.834311,558.813,36.2996,181.687,4.11398
0.621784,501.296,32.3354,162.079,4.08507
0.396838,502.056,32.1441,161.368,4.05482
-3.18977,539.007,30.5993,157.478,3.61583
-2.59281,597.853,34.6332,177.493,3.68366
0.71122,524.753,33.9487,170.063,4.0972
-4.57694,502.411,27.204,141.388,3.46538
1.51189,592.592,39.3635,196.12,4.20832
1.73466,505.495,33.8248,168.272,4.24008
1.69522,534.642,35.7289,177.791,4.23443
-1.99768,529.447,31.2925,159.707,3.75325
-0.00802514,539.412,34.0749,171.535,4.00124
1.795,596.12,39.968,198.752,4.24875
-2.99789,547.259,31.2707,160.716,3.63742
-4.26474,502.285,27.4894,142.553,3.4984
-0.14292,568.666,35.7623,180.195,3.98363
-0.321631,548.516,34.2906,172.991,3.96049
-0.852067,575.048,35.3189,178.83,3.89303
0.836576,548.159,35.6102,178.234,4.11429
-4.86286,543.32,29.132,151.718,3.43555
-0.907036,565.04,34.6405,175.462,3.88614
-0.68363,588.119,36.3254,183.713,3.91425
-4.46626,551.313,29.9653,155.616,3.47703
-4.15654,573.179,31.4855,163.151,3.50995
-3.22526,513.413,29.1113,149.858,3.61186
1.50389,547.877,36.3837,181.284,4.20719
0.93307,573.518,37.3765,186.952,4.12752
-2.5008,557,32.3671,165.773,3.69429
-4.08302,535.887,29.511,152.84,3.51784
-2.71317,592.493,34.1833,175.335,3.66983
-1.29859,500.716,30.2974,153.879,3.8376
-4.51384,555.893,30.165,156.706,3.47201
-0.18654,535.316,33.6161,169.432,3.97797
-3.16958,589.642,33.4969,172.366,3.61809
-0.158746,546.958,34.379,173.244,3.98158
-2.18129,597.754,35.1119,179.429,3.73156
1.93138,537.415,36.1937,179.818,4.26844
0.545687,591.123,38.0336,190.74,4.0748
1.44437,568.553,37.6829,187.833,4.19877
-4.64163,506.924,27.3876,142.407,3.45859
-3.10912,569.098,32.3961,166.631,3.62488
-2.81243,522.043,30.0178,154.076,3.65848
-4.49598,534.399,29.0164,150.72,3.4739
0.728684,598.545,38.7451,194.066,4.09957
-4.81864,508.138,27.287,142.064,3.44014
-4.07579,546.131,30.0826,155.792,3.51862
-1.78143,537.614,32.0071,163.108,3.77903
-4.01494,517.246,28.5508,147.795,3.52516
-0.967848,578.113,35.3699,179.232,3.87854
1.26641,545.014,35.9117,179.219,4.17375
0.737627,539.699,34.9462,175.028,4.10079
1.27384,516.297,34.0278,169.809,4.17479
1.55226,530.852,35.3092,175.873,4.21405
-1.39006,525.418,31.6948,161.078,3.8264
-3.72845,527.62,29.4093,151.93,3.55625
-1.20482,536.507,32.5652,165.29,3.84914
-2.71709,538.214,31.0476,159.256,3.66938
-2.0046,580.418,34.2971,175.05,3.75242
-2.71418,546.648,31.5373,161.764,3.66971
0.376861,571.115,36.5414,183.468,4.05215
-4.92881,500.919,26.7977,139.627,3.42873
0.134909,535.174,33.9681,170.83,4.02003
-4.48514,561.663,30.5081,158.456,3.47504
1.41413,512.536,33.9363,169.192,4.1945
-2.26085,594.26,34.8131,178.001,3.72223
0.465653,555.486,35.6461,178.864,4.06404
-3.53607,541.853,30.4011,156.841,3.57735
1.04708,517.085,33.8259,169.061,4.14324
1.85658,591.873,39.7636,197.654,4.25763
-3.15083,547.014,31.095,159.985,3.6202
-4.6001,504.831,27.3133,141.979,3.46295
-2.30696,515.211,30.1353,154.133,3.71683
0.0622216,593.353,37.57,189.038,4.01046
-3.29086,571.035,32.3065,166.383,3.60453
-4.52574,510.445,27.6875,143.848,3.47076
-4.31186,572.751,31.2954,162.345,3.49338
-1.56563,531.578,31.878,162.207,3.80504
-2.58494,588.364,34.0926,174.713,3.68457
1.7085,531.369,35.5256,176.764,4.23633
-0.881858,593.857,36.4378,184.534,3.88929
-2.8499,506.468,29.0853,149.329,3.65421
-4.63201,585.96,31.6681,164.654,3.4596
0.0773036,549.159,34.7891,175.028,4.01244
-4.75013,543.282,29.2429,152.172,3.44726
-4.95891,563.892,30.1354,157.051,3.42562
-2.36871,551.78,32.2071,164.801,3.70963
0.0302366,581.222,36.7628,185.017,4.00626
-0.0548897,574.64,36.2438,182.511,3.99511
0.942243,544.021,35.465,177.379,4.12878
-2.31715,545.592,31.9014,163.177,3.71564
-1.82957,557.206,33.1199,168.836,3.77327
1.55048,521.718,34.6997,172.839,4.2138
1.1539,519.075,34.0759,170.187,4.15806
-1.99089,555.377,32.8325,167.559,3.75405
-3.21878,589.829,33.4516,172.192,3.61258
-3.39014,597.457,33.6875,173.617,3.59349
0.641304,552.019,35.6302,178.571,4.08771
-4.88641,564.105,30.222,157.421,3.43311
-2.6934,520.472,30.0482,154.104,3.67209
0.35876,511.969,32.7374,164.389,4.04973
1.88052,538.709,36.2204,180.012,4.26108
-0.342483,565.896,35.3525,178.375,3.95781
-1.67389,553.134,33.0504,168.299,3.79196
-3.58541,561.071,31.4265,162.188,3.57192
-0.123857,510.014,32.0941,161.691,3.98611
0.111266,533.589,33.8409,170.218,4.01691
-1.98093,533.468,31.5479,160.992,3.75523
-2.75156,521.655,30.0573,154.213,3.66543
-3.37305,501.892,28.3156,145.913,3.59539
-3.14134,549.327,31.2365,160.703,3.62126
-3.37531,511.835,28.8743,148.795,3.59514
-3.54558,505.94,28.377,146.408,3.5763
-1.85014,545.618,32.4087,165.234,3.77081
-3.59789,502.076,28.1102,145.085,3.57055
-1.13522,557.287,33.9055,172.01,3.85774
1.87509,522.312,35.1117,174.508,4.2603
-0.91818,570.701,34.9745,177.168,3.88474
-2.06539,511.445,30.1596,153.998,3.74523
-4.9853,586.692,31.3255,163.284,3.4229
-0.451128,522.076,32.4972,164.09,3.94386
-4.84506,521.687,27.9892,145.747,3.4374
-3.95353,538.116,29.7651,154.014,3.53179
-2.94024,568.225,32.5321,167.132,3.64395
-1.38336,501.671,30.2691,153.826,3.82722
-4.71129,550.824,29.6883,154.448,3.45131
0.593563,591.566,38.1225,191.124,4.08126
-3.55957,594.414,33.3234,171.946,3.57476
-3.35579,565.658,31.9318,164.528,3.5973
0.140436,502.512,31.9008,160.427,4.02076
-2.22521,594.851,34.8896,178.348,3.72641
-0.688607,559.816,34.5715,174.849,3.91363
-3.92661,501.282,27.7531,143.576,3.5347
-2.15512,523.382,30.7704,157.215,3.73464
-1.74225,546.26,32.5647,165.905,3.78373
-1.89256,534.563,31.7068,161.703,3.76575
-0.321175,586.281,36.652,184.904,3.96055
-3.6202,561.015,31.3862,162.019,3.5681
-0.363443,558.07,34.8393,175.81,3.95511
1.81377,536.401,35.9863,178.929,4.25145
-1.19878,566.285,34.3797,174.492,3.84988
-4.02424,510.924,28.1929,145.952,3.52416
1.20208,542.201,35.6506,177.994,4.16477
-3.82535,535.28,29.7379,153.733,3.54569
-0.0875336,563.177,35.4823,178.717,3.99085
-0.392222,537.339,33.5129,169.15,3.95141
-3.97961,576.144,31.8402,164.782,3.52897
-0.0666615,509.409,32.117,161.743,3.99357
-0.76675,518.4,31.9304,161.579,3.90376
1.95741,560.301,37.7673,187.603,4.27222
-3.38589,576.934,32.535,167.672,3.59396
-4.18366,524.397,28.7792,149.156,3.50705
-0.0176522,552.462,34.8882,175.64,3.99998
-4.42536,577.8,31.4489,163.273,3.48135
-0.0906083,504.397,31.7757,160.051,3.99045
-2.35922,588.185,34.3431,175.719,3.71073
-2.43351,522.004,30.4025,155.637,3.70209
-1.63531,522.158,31.24,159.037,3.79661
-0.719756,503.092,31.0362,157.003,3.90969
-4.04774,504.513,27.8168,144.029,3.52163
-4.67579,514.531,27.766,144.41,3.45502
-0.642629,548.714,33.9379,171.591,3.91945
-0.380124,568.182,35.4509,178.917,3.95296
-3.64052,569.316,31.8286,164.326,3.56587
-1.08489,579.267,35.3021,179.033,3.86397
-4.51766,592.804,32.1637,167.094,3.47161
-1.9678,575.387,34.0419,173.703,3.75679
1.44883,523.841,34.7245,173.081,4.1994
1.7556,542.681,36.338,180.749,4.24309
-3.23036,593.14,33.6261,173.105,3.61129
-4.19096,590.23,32.3841,167.848,3.50627
-3.73082,505.372,28.1669,145.515,3.55599
-0.544651,551.471,34.2201,172.901,3.93191
-3.39587,533.402,30.0699,154.979,3.59285
-3.51355,576.244,32.3554,166.896,3.57984
-1.51947,596.693,35.8384,182.301,3.81064
-4.96831,573.798,30.6549,159.77,3.42465
-2.36707,545.303,31.8308,162.873,3.70982
-2.91262,587.285,33.6549,172.866,3.64708
0.790146,557.123,36.1371,180.928,4.10795
-0.767807,596.4,36.7335,185.885,3.90362
-2.13252,575.59,33.8655,173.001,3.7373
-3.76413,580.552,32.3204,167.012,3.55235
0.907862,578.287,37.656,188.382,4.12406
-1.82344,537.546,31.958,162.905,3.774
-0.364239,529.799,33.0735,166.9,3.95501
-3.879,580.597,32.1966,166.507,3.53986
-2.23715,529.169,31.0247,158.605,3.725
-4.75768,539.442,29.0286,151.066,3.44648
-0.637676,548.606,33.9368,171.579,3.92008
-0.602987,531.968,32.9457,166.529,3.92448
-1.24371,533.332,32.3303,164.142,3.84435
-0.15796,540.792,33.9923,171.294,3.98168
-2.70388,594.981,34.3376,176.115,3.67089
-0.443549,514.993,32.0644,161.896,3.94483
-0.485968,545.424,33.9111,171.27,3.9394
0.642434,501.114,32.3457,162.108,4.08787
-4.16262,551.041,30.2632,156.824,3.5093
-2.22892,570.145,33.4363,170.924,3.72597
0.586894,593.911,38.2652,191.848,4.08036
0.0172511,593.888,37.5477,188.984,4.00455
-3.40228,570.818,32.1722,165.821,3.59214
-4.02402,542.93,29.9592,155.096,3.52419
-4.0532,546.712,30.1379,156.053,3.52104
-4.58715,524.763,28.4044,147.637,3.46431
-3.89331,525.932,29.151,150.772,3.53831
1.04783,527.103,34.4821,172.34,4.14335
-2.62198,521.178,30.1617,154.608,3.6803
-4.6383,564.396,30.4961,158.567,3.45894
-4.21193,503.723,27.6179,143.166,3.50403
-4.11935,550.288,30.2665,156.793,3.51394
-4.03065,512.336,28.2646,146.33,3.52347
0.0439928,582.715,36.8741,185.56,4.00806
-4.79366,534.243,28.7134,149.464,3.44273
-3.05367,512.549,29.232,150.297,3.63113
-0.168089,515.544,32.3944,163.254,3.98036
1.54659,586.764,39.0209,194.367,4.21324
1.78124,564.998,37.8643,188.308,4.24677
-2.23348,574.648,33.6953,172.253,3.72544
-4.46372,509.669,27.7042,143.871,3.4773
-3.51183,530.745,29.8024,153.726,3.58002
-4.50017,563.458,30.5898,158.898,3.47345
-3.91725,588.091,32.5696,168.482,3.53572
1.00021,531.319,34.7033,173.502,4.13677
-1.05134,567.784,34.6412,175.641,3.86814
-3.92087,584.887,32.3882,167.548,3.53532
-4.12965,545.864,30.0126,155.489,3.51283
-0.773793,558.551,34.3954,174.061,3.90287
1.85794,523.012,35.139,174.664,4.25782
-0.52692,543.574,33.75,170.505,3.93417
1.3194,587.848,38.8017,193.573,4.18118
-1.49093,534.573,32.1381,163.446,3.8141
-1.4548,544.805,32.793,166.734,3.8185
-4.63057,520.061,28.108,146.142,3.45975
-4.57888,526.098,28.4847,148.046,3.46517
1.41054,527.806,34.9433,174.217,4.194
0.634246,550.299,35.5109,177.981,4.08676
-3.68684,588.023,32.8226,169.514,3.56079
-1.39592,557.301,33.6114,170.826,3.82568
1.74714,577.17,38.6367,192.194,4.24187
-4.25646,574.862,31.4703,163.188,3.49928
1.00559,576.774,37.6789,188.371,4.13751
-1.4274,549.281,33.0928,168.227,3.82184
-4.80232,596.123,32.0297,166.736,3.44183
-1.32932,585.068,35.365,179.655,3.83383
1.46897,564.404,37.4382,186.582,4.20225
0.265988,566.301,36.1004,181.391,4.03738
0.396368,586.889,37.5749,188.632,4.05475
1.38362,564.038,37.3089,186.045,4.1902
0.645403,526.456,33.9848,170.32,4.08827
-3.02232,550.121,31.4082,161.451,3.63466
1.08366,559.265,36.6293,183.027,4.14831
0.233632,562.826,35.8404,180.124,4.03309
-4.76443,557.183,29.9764,156.005,3.44577
-0.230952,566.543,35.5245,179.105,3.97221
1.83416,553.961,37.1892,184.885,4.25439
0.667729,575.936,37.2065,186.437,4.09129
-2.10559,596.069,35.1023,179.285,3.74048
-3.13716,544.383,30.9598,159.274,3.62173
1.10779,540.771,35.4462,177.087,4.15166
0.643214,515.262,33.2598,166.689,4.08797
-0.0881663,565.294,35.615,179.385,3.99077
-4.07239,585.381,32.2483,167.004,3.51898
-2.73801,509.191,29.3526,150.583,3.66698
1.12052,592.531,38.8553,194.101,4.15342
-4.5319,528.538,28.6629,148.922,3.47011
1.34033,504.163,33.3009,166.107,4.18412
-0.926078,572.853,35.0971,177.798,3.88375
-4.43911,553.067,30.0886,156.226,3.4799
0.840486,534.698,34.7402,173.875,4.11483
1.3251,516.14,34.0749,169.986,4.18198
0.930665,536.74,34.9769,174.952,4.12719
-1.37605,509.825,30.7686,156.356,3.82811
-1.13834,595.058,36.1996,183.653,3.85735
-3.63694,537.441,30.0502,155.141,3.56626
-2.42361,524.244,30.5432,156.347,3.70324
-1.2392,563.487,34.1635,173.444,3.8449
-3.84501,553.739,30.7428,158.951,3.54355
-0.0590659,556.9,35.1201,176.858,3.99456
1.09615,574.296,37.6293,188.008,4.15004
-3.7659,528.276,29.4083,151.966,3.55216
-1.78892,553.665,32.9545,167.945,3.77813
-2.56383,527.501,30.5877,156.728,3.687
1.73518,521.502,34.8965,173.603,4.24016
-0.0681319,590.008,37.1967,187.327,3.99338
-1.88636,563.505,33.4304,170.486,3.76648
-1.35603,524.605,31.6819,160.975,3.83056
-2.70081,589.363,34.0169,174.466,3.67124
0.579185,548.991,35.362,177.301,4.07931
-3.15457,591.525,33.621,172.986,3.61978
-0.720288,573.17,35.3587,178.87,3.90962
-1.00782,554.893,33.904,171.851,3.87355
-2.35797,517.408,30.2118,154.579,3.71088
-4.97304,544.097,29.0634,151.48,3.42416
-1.86575,517.913,30.747,156.778,3.76894
0.00170511,535.349,33.8292,170.286,4.00251
-0.151601,530.115,33.3282,167.941,3.9825
-3.37005,581.003,32.7821,168.926,3.59572
-4.17706,547.053,30.0293,155.628,3.50776
-1.16943,597.448,36.3072,184.238,3.85351
-1.23593,501.436,30.4048,154.357,3.84531
-3.49738,563.746,31.671,163.348,3.58162
-3.41597,527.118,29.6954,153.07,3.59062
-3.87819,500.835,27.7742,143.636,3.53995
-4.12589,507.783,27.9224,144.656,3.51324
-1.23077,525.715,31.8824,161.853,3.84594
-3.88365,517.954,28.7182,148.523,3.53936
-4.27019,560.826,30.6875,159.145,3.49782
-2.15,526.363,30.951,158.132,3.73524
-1.74589,590.156,35.1773,179.219,3.78329
-1.11037,591.854,36.0385,182.8,3.86081
1.93447,509.941,34.3469,170.639,4.26889
-3.03829,528.768,30.1727,155.117,3.63286
-3.22009,591.878,33.5663,172.785,3.61244
-1.17058,511.62,31.0902,157.766,3.85337
-0.938872,572.647,35.0695,177.674,3.88215
1.77372,513.681,34.4167,171.171,4.24569
1.52568,562.846,37.4046,186.343,4.21028
-1.83922,547.445,32.5292,165.835,3.77211
1.37839,540.957,35.7761,178.407,4.18947
-3.02606,547.533,31.2565,160.675,3.63424
-4.68925,534.979,28.8561,150.095,3.45361
-2.12617,548.875,32.3006,165,3.73805
-4.134,580.643,31.9201,165.376,3.51237
1.01683,506.26,33.0847,165.391,4.13906
1.39602,554.434,36.6886,182.936,4.19195
-1.13195,506.288,30.806,156.282,3.85814
-4.8819,560.986,30.0595,156.569,3.43358
1.26479,597.675,39.3795,196.528,4.17353
-0.700154,558.095,34.4519,174.258,3.91216
-0.650743,525.157,32.4721,164.189,3.91842
-1.53281,509.756,30.6031,155.684,3.80902
-3.61016,569.634,31.8793,164.553,3.5692
-0.0689297,586.924,37.0013,186.344,3.99328
-0.0611169,552.551,34.8435,175.467,3.9943
1.693,586.793,39.2111,195.122,4.23411
-1.66564,509.316,30.4406,155.001,3.79295
-1.34212,513.144,31.0042,157.516,3.83226
0.144854,504.79,32.0502,161.173,4.02134
-3.30448,535.511,30.2827,155.975,3.60301
0.256875,584.359,37.2403,187.13,4.03617
0.912658,519.499,33.8333,169.253,4.12472
0.168856,570.131,36.2277,182.151,4.02451
-2.49516,552.608,32.118,164.49,3.69494
-2.58038,586.385,33.9832,174.146,3.68509
-1.72447,573.521,34.2103,174.267,3.78587
-4.54892,514.76,27.8995,144.973,3.46832
-2.19849,581.559,34.1408,174.487,3.72954
-3.59851,582.911,32.6353,168.441,3.57048
-3.00736,565.203,32.2856,165.944,3.63635
-2.08511,556.651,32.8036,167.521,3.7429
-0.141771,538.764,33.8831,170.725,3.98378
-0.311361,520.717,32.5638,164.269,3.96182
-4.03801,524.611,28.9345,149.806,3.52268
-0.280648,554.516,34.713,175.073,3.96578
-0.969572,524.285,32.0748,162.537,3.87832
-0.48954,571.261,35.5133,179.367,3.93894
-3.27213,582.54,32.9784,169.821,3.60662
1.39172,501.266,33.1656,165.375,4.19134
0.263255,548.274,34.9481,175.604,4.03702
-1.83696,526.08,31.2621,159.373,3.77238
0.491775,525.483,33.7499,169.32,4.06754
-1.9806,563.798,33.3419,170.146,3.75527
1.39708,545.19,36.0782,179.891,4.1921
-1.58178,583.347,34.9636,177.928,3.80308
-0.932109,563.201,34.4988,174.775,3.883
-1.39155,564.655,34.06,173.1,3.82622
-4.92597,549.172,29.382,153.089,3.42902
0.878507,520.225,33.8424,169.337,4.12003
-0.913139,589.314,36.1212,182.97,3.88537
-3.62443,586.8,32.824,169.447,3.56763
-2.20299,593.475,34.835,178.041,3.72901
-2.45142,574.689,33.4508,171.263,3.70001
-3.74088,556.142,30.986,160.09,3.55489
-3.43459,571.787,32.1915,165.958,3.58856
-1.45897,546.529,32.8921,167.243,3.81799
-3.73272,559.866,31.2021,161.197,3.55578
-2.37991,594.699,34.6992,177.566,3.70832
0.509696,583.967,37.5285,188.253,4.06995
-3.50606,598.377,33.6067,173.342,3.58066
-0.582095,554.522,34.3665,173.685,3.92714
-3.71102,586.026,32.6842,168.828,3.55815
1.79526,510.872,34.2527,170.331,4.24879
-3.55043,562.951,31.5694,162.884,3.57577
0.239782,521.968,33.2454,167.075,4.0339
-2.02323,523.284,30.9016,157.74,3.75022
-0.463689,596.402,37.1082,187.389,3.94225
0.680994,598.012,38.6495,193.651,4.09309
-2.81641,508.016,29.2073,149.92,3.65803
1.50957,534.52,35.5033,176.89,4.20799
-2.23578,500.82,29.364,150.113,3.72517
-0.778149,532.449,32.7833,165.908,3.90232
-0.48137,516.489,32.117,162.204,3.93999
-4.51995,508.409,27.5826,143.297,3.47137
-2.3923,535.819,31.2506,159.933,3.70688
-4.53707,536.044,29.0648,151.016,3.46957
-2.79459,531.841,30.5997,157.043,3.66052
-0.730758,533.345,32.8904,166.395,3.9083
-1.28966,506.374,30.6489,155.655,3.8387
-1.46867,579.428,34.8608,177.265,3.81681
-1.53639,549.916,33.0101,167.934,3.80858
-4.81873,519.899,27.9185,145.352,3.44013
-0.724409,532.889,32.8693,166.281,3.9091
-4.25714,593.485,32.489,168.471,3.49921
-3.69242,570.039,31.8127,164.305,3.56018
-0.842584,578.075,35.516,179.817,3.89422
-2.61439,518.538,30.0167,153.857,3.68117
-4.65922,565.258,30.5207,158.719,3.45675
-2.62753,527.403,30.5163,156.432,3.67966
-1.54987,563.578,33.815,172.044,3.80695
-3.42966,560.355,31.5531,162.662,3.58911
1.63541,532.462,35.5133,176.79,4.22589
-1.22408,558.36,33.8698,171.935,3.84676
-3.69152,508.251,28.3653,146.499,3.56028
-2.25021,532.228,31.1903,159.466,3.72347
0.246628,536.314,34.1669,171.698,4.03481
1.52602,502.522,33.3961,166.373,4.21033
1.13058,530.084,34.7718,173.691,4.15482
-2.17193,537.358,31.5741,161.34,3.73266
-3.34766,542.31,30.6222,157.772,3.59821
0.479978,548.06,35.1863,176.54,4.06596
-1.86947,535.289,31.7745,162.022,3.7685
1.43007,549.278,36.3882,181.397,4.19675
-2.10892,505.597,29.7711,152.06,3.74009
-4.62262,506.508,27.3829,142.364,3.46059
-1.3729,543.003,32.7744,166.545,3.8285
-2.26875,543.083,31.8065,162.637,3.7213
1.93154,502.786,33.8617,168.232,4.26847
-1.25166,595.14,36.0675,183.126,3.84337
1.47591,547.118,36.2999,180.9,4.20323
-2.85985,577.975,33.1806,170.367,3.65308
-3.5408,581.535,32.6222,168.305,3.57683
1.39928,596.384,39.4688,196.795,4.19241
-0.254611,588.235,36.8557,185.847,3.96915
-1.07049,597.508,36.4313,184.742,3.86576
1.36354,531.854,35.1568,175.337,4.18738
-0.713173,501.714,30.958,156.6,3.91052
-2.77223,537.996,30.9772,158.956,3.66307
-0.803049,531.481,32.6965,165.497,3.89919
-1.90437,593.194,35.1704,179.382,3.76434
-4.01068,545.459,30.1124,155.874,3.52562
-3.03256,584.288,33.3473,171.431,3.63351
-0.05026,502.726,31.7129,159.69,3.99571
-3.10235,533.364,30.3689,156.196,3.62564
1.81681,509.704,34.1986,170.037,4.25189
-1.35674,501.506,30.2862,153.884,3.83047
-0.942352,516.278,31.6137,160.17,3.88172
-3.8467,563.002,31.2553,161.602,3.54337
-3.3907,596.596,33.6383,173.364,3.59343
-3.0623,523.919,29.8717,153.596,3.63015
0.257409,549.823,35.04,176.073,4.03624
1.87455,515.438,34.6489,172.209,4.26022
-0.856816,570.724,35.0477,177.464,3.89243
-3.42752,562.886,31.6979,163.406,3.58935
1.79327,584.485,39.1858,194.864,4.2485
-1.49539,504.498,30.3255,154.232,3.81356
-4.25338,564.287,30.8947,160.2,3.49961
-1.9859,526.085,31.1061,158.742,3.75464
1.64303,592.669,39.5388,196.819,4.22697
-3.14249,572.185,32.535,167.384,3.62113
-0.206375,579.617,36.3741,183.358,3.97539
-2.96131,560.896,32.0896,164.883,3.64156
-0.0781305,564.625,35.5847,179.221,3.99207
1.80757,584.016,39.1727,194.781,4.25056
-0.672769,588.976,36.3915,184.034,3.91563
-3.86671,540.463,29.9836,155.049,3.54119
-3.79414,538.614,29.955,154.821,3.54908
-1.61776,560.97,33.5819,170.939,3.79873
0.494361,572.957,36.8022,184.629,4.06789
1.4664,528.511,35.0543,174.704,4.20188
-1.865,505.535,30.0128,153.034,3.76903
-2.81196,556.074,31.9751,164.122,3.65853
0.301421,583.949,37.2692,187.218,4.04209
0.880836,595.321,38.7306,193.793,4.12035
-0.738019,503.238,31.0263,156.972,3.90738
0.297102,540.324,34.48,173.212,4.04152
0.203032,541.554,34.4509,173.177,4.02903
1.61571,555.404,37.0195,184.312,4.22308
0.356135,589.138,37.6687,189.154,4.04938
0.608212,533.886,34.4221,172.555,4.08324
-0.784228,553.759,34.0884,172.52,3.90155
0.856231,520.604,33.8421,169.362,4.11698
-3.61883,577.885,32.3315,166.897,3.56825
-1.59014,519.891,31.1516,158.538,3.80207
1.72216,568.296,38.0115,189.115,4.23829
-4.41105,578.966,31.5278,163.666,3.48286
0.712237,566.854,36.6737,183.712,4.09734
0.0483995,524.179,33.1748,166.939,4.00864
-4.43444,551.937,30.0319,155.926,3.48039
-3.29275,548.977,31.0566,159.948,3.60432
-3.46809,579.206,32.572,167.96,3.58486
1.98485,596.803,40.264,199.968,4.27621
1.65258,536.91,35.8302,178.347,4.22834
-3.76345,536.343,29.8599,154.297,3.55243
1.81522,500.032,33.5479,166.804,4.25166
-2.25632,549.005,32.1669,164.466,3.72276
-2.69806,550.76,31.7918,163.051,3.67156
-0.637532,582.274,36.0197,182.11,3.9201
-0.452162,559.777,34.8427,175.935,3.94372
-2.92064,504.637,28.9108,148.507,3.64617
-1.35186,553.439,33.4279,169.841,3.83107
-4.31607,592.425,32.3657,167.902,3.49294
-1.83715,531.358,31.5755,160.971,3.77236
-2.36143,594.297,34.6973,177.534,3.71048
-2.63389,522.784,30.2425,155.035,3.67893
1.9874,565.49,38.1546,189.489,4.27658
0.5944,557.195,35.9085,180.023,4.08137
-0.905568,557.894,34.2041,173.25,3.88632
-4.05993,539.801,29.75,154.052,3.52032
-1.22378,531.975,32.2696,163.811,3.8468
-2.17311,513.797,30.1886,154.261,3.73253
-4.84219,564.966,30.3141,157.851,3.43769
-2.48994,534.207,31.054,159.035,3.69555
0.971689,527.751,34.4378,172.208,4.13284
-0.49313,570.591,35.4674,179.139,3.93848
-1.32472,516.636,31.2334,158.662,3.8344
-0.0321469,582.062,36.7397,184.98,3.99808
-3.89567,505.293,28.0047,144.846,3.53805
-4.99799,536.708,28.6442,149.322,3.42159
1.27085,533.987,35.1902,175.614,4.17438
0.672084,594.205,38.3922,192.373,4.09188
0.702449,598.464,38.7062,193.906,4.09601
-1.82836,519.826,30.8994,157.515,3.77341
1.03259,510.23,33.3615,166.757,4.14124
-4.63592,598.643,32.3492,168.2,3.45919
-1.70995,503.342,30.0388,153.002,3.78761
-4.07655,515.843,28.4135,147.149,3.51853
-3.36258,566.284,31.9598,164.68,3.59655
-1.57263,573.734,34.398,175.038,3.80419
-4.80556,587.827,31.5804,164.402,3.4415
-2.3943,526.824,30.7239,157.239,3.70665
-1.93918,562.754,33.3266,170.019,3.76019
0.0315666,581.338,36.7718,185.061,4.00643
-4.17433,515.217,28.2844,146.582,3.50805
-0.297951,561.436,35.1259,177.177,3.96355
-4.11683,514.136,28.2805,146.502,3.51421
1.43907,564.881,37.4329,186.593,4.19802
-1.39662,518.629,31.2783,158.969,3.8256
1.60834,589.569,39.2871,195.612,4.22203
-2.82003,525.99,30.237,155.209,3.65761
0.142634,533.011,33.8395,170.174,4.02105
-1.33398,569.47,34.4168,174.844,3.83326
-0.592707,575.114,35.63,180.084,3.92579
1.19028,586.488,38.5476,192.473,4.16312
-3.69456,509.789,28.4482,146.93,3.55995
-1.34155,533.639,32.2431,163.81,3.83233
-3.21228,537.755,30.505,157.018,3.61331
0.97578,517.486,33.7725,168.876,4.1334
0.107177,570.43,36.1725,181.951,4.01637
-0.939918,559.86,34.2852,173.702,3.88202
1.28477,566.877,37.3748,186.498,4.17632
1.32682,553.853,36.5668,182.414,4.18222
-4.85081,587.265,31.5013,164.042,3.4368
-2.84751,511.271,29.3635,150.755,3.65448
-0.422739,558.576,34.8021,175.694,3.94749
-3.48632,530.693,29.8254,153.816,3.58284
1.53965,595.263,39.577,197.147,4.21226
-1.06979,590.236,35.9887,182.496,3.86585
-1.66493,557.818,33.3403,169.765,3.79304
-1.63889,573.25,34.2926,174.582,3.79618
-2.29069,581.288,34.0189,173.976,3.71874
1.13802,565.713,37.1181,185.401,4.15585
1.30768,501.025,33.0581,164.932,4.17953
-2.73198,560.412,32.3119,165.758,3.66767
1.49996,504.645,33.5084,166.962,4.20663
-3.40948,580.746,32.7238,168.673,3.59135
0.507788,548.969,35.2771,176.962,4.0697
-0.669741,587.102,36.2794,183.463,3.91601
-4.02325,529.702,29.23,151.32,3.52427
-4.26004,519.339,28.4273,147.412,3.4989
-4.67337,592.645,31.984,166.345,3.45527
-4.75277,520.985,28.0402,145.916,3.44699
-0.0646032,564.196,35.5736,179.148,3.99384
-2.44734,513.293,29.8812,152.983,3.70049
1.83946,503.643,33.8171,168.115,4.25516
-2.13124,505.442,29.7396,151.923,3.73745
-0.10684,502.223,31.6217,159.293,3.98833
-2.54767,566.428,32.8629,168.367,3.68887
-2.38138,517.128,30.1716,154.399,3.70815
0.538009,545.96,35.1189,176.132,4.07376
-3.42397,577.781,32.5406,167.746,3.58974
-1.67333,554.761,33.1482,168.796,3.79202
1.55595,514.785,34.2447,170.566,4.21457
-2.985,514.916,29.4354,151.27,3.63888
-1.8875,557.347,33.0638,168.618,3.76635
-2.53087,596.626,34.6346,177.423,3.69081
-2.22341,556.083,32.6178,166.733,3.72662
-0.939535,502.723,30.7866,155.976,3.88207
-1.25279,575.542,34.8785,177.09,3.84323
-4.36913,594.271,32.4077,168.184,3.4873
-3.18499,525.371,29.8301,153.514,3.61637
-2.43719,586.849,34.175,174.954,3.70166
-0.737498,511.48,31.535,159.545,3.90745
-1.82011,530.226,31.5263,160.701,3.7744
0.470809,587.109,37.6818,189.073,4.06473
0.291484,560.429,35.7563,179.63,4.04077
0.0185531,526.292,33.2755,167.48,4.00472
-1.99469,549.216,32.4641,165.683,3.7536
-1.882,556.642,33.0281,168.429,3.76701
0.451461,535.364,34.3387,172.321,4.06213
0.00518503,530.001,33.4952,168.601,4.00297
-0.854233,580.345,35.6416,180.467,3.89275
1.77196,556.592,37.2896,185.462,4.24544
-4.51458,508.561,27.5959,143.361,3.47194
-1.2299,543.791,32.9796,167.422,3.84605
-4.56129,540.509,29.2826,152.174,3.46702
0.822691,504.864,32.7826,164.097,4.11239
0.488448,500.186,32.1217,161.155,4.0671
-1.8572,567.079,33.6755,171.7,3.76997
-1.4263,573.752,34.5684,175.727,3.82197
1.98297,570.327,38.4753,191.087,4.27593
-4.65749,531.201,28.6836,149.163,3.45694
1.44148,567.467,37.6073,187.459,4.19836
1.10215,532.073,34.8696,174.213,4.15087
-3.9099,501.766,27.7957,143.779,3.53651
-4.07558,556.391,30.648,158.72,3.51864
0.814469,582.231,37.796,189.203,4.11127
-2.964,586.419,33.5468,172.373,3.64126
1.38749,564.629,37.3528,186.259,4.19075
-0.00571217,552.563,34.9084,175.727,4.00154
-1.16372,523.552,31.8226,161.475,3.85421
-2.18697,599.261,35.1936,179.854,3.73089
0.393237,569.386,36.4505,182.991,4.05434
-0.453011,558.476,34.7608,175.522,3.94361
-1.9296,543.441,32.1932,164.226,3.76133
-4.27721,507.777,27.7781,144.063,3.49707
-2.24075,544.829,31.9389,163.282,3.72458
1.35519,575.519,38.0327,189.691,4.1862
-2.90107,527.218,30.2245,155.234,3.64839
-1.66346,510.831,30.5334,155.471,3.79321
-1.12503,580.676,35.3405,179.277,3.859
-2.19281,529.819,31.1093,158.988,3.73021
-2.94665,563.441,32.2512,165.696,3.64322
-1.20884,584.202,35.4554,179.965,3.84864
-1.29533,501.968,30.3765,154.278,3.838
-4.2944,515.653,28.1924,146.23,3.49524
-2.59099,599.521,34.732,177.997,3.68387
0.436166,577.854,37.0453,185.922,4.06008
0.493945,577.61,37.1006,186.127,4.06783
-3.74442,530.182,29.536,152.602,3.5545
0.621168,506.171,32.6491,163.653,4.08499
0.8418,585.616,38.0501,190.439,4.115
0.193368,569.425,36.2122,182.043,4.02775
-2.71035,509.982,29.4258,150.929,3.67015
-4.65178,528.594,28.5484,148.454,3.45753
-2.56204,598.654,34.7157,177.877,3.68721
-0.682996,516.918,31.9283,161.475,3.91434
-3.26597,507.518,28.7373,147.975,3.60731
0.911006,589.478,38.3887,192.043,4.12449
-2.43341,593.463,34.5646,176.943,3.7021
0.300525,571.066,36.4459,183.084,4.04197
-0.169867,561.909,35.3057,177.927,3.98013
-1.12064,527.812,32.1278,162.975,3.85954
1.97175,526.991,35.5387,176.516,4.2743
-2.01089,595.83,35.2003,179.667,3.75168
-1.51217,538.927,32.3768,164.684,3.81152
-3.306,564.706,31.932,164.472,3.60285
1.2288,532.442,35.0398,174.913,4.1685
-3.71747,549.018,30.6135,158.139,3.55745
-4.67749,584.604,31.5456,164.07,3.45484
-4.95208,572.731,30.615,159.543,3.42632
0.0258656,505.286,31.9552,160.826,4.00568
0.00307908,575.881,36.3922,183.186,4.00269
-2.10681,579.126,34.1031,174.184,3.74033
-3.65055,553.8,30.9506,159.805,3.56477
-3.22844,513.071,29.0888,149.745,3.6115
-2.69192,522.619,30.1737,154.746,3.67226
-4.04962,546.278,30.1176,155.944,3.52143
-4.72219,541.713,29.1864,151.848,3.45018
-0.673006,509.295,31.4679,159.136,3.9156
0.419525,514.514,32.9665,165.471,4.05785
-4.35347,568.792,31.0349,161.041,3.48897
-4.6674,563.087,30.395,158.074,3.4559
-3.81527,547.804,30.4441,157.373,3.54678
-0.340719,509.986,31.8616,160.759,3.95803
0.317286,553.115,35.3199,177.407,4.0442
-2.68643,534.553,30.8684,158.302,3.67289
-1.82889,529.999,31.5035,160.595,3.77335
-0.552119,502.205,31.1553,157.423,3.93096
-3.84299,560.056,31.0957,160.773,3.54377
1.73659,512.259,34.2796,170.532,4.24036
-3.15805,512.571,29.1299,149.883,3.61939
-0.37695,558.14,34.828,175.769,3.95337
-0.344956,540.317,33.7518,170.301,3.95749
-2.96712,505.252,28.9005,148.502,3.6409
-1.11413,582.136,35.4423,179.78,3.86035
-1.50911,517.328,31.0824,158.097,3.81189
-0.41242,569.86,35.5173,179.292,3.94882
-2.37899,599.31,34.9693,178.947,3.70843
-0.188114,523.578,32.8773,165.71,3.97776
-3.99985,511.434,28.2445,146.194,3.52679
-0.997965,541.55,33.0996,167.763,3.87478
0.97995,576.194,37.6091,188.055,4.13398
-4.07843,523.473,28.8319,149.318,3.51833
-2.16132,548.663,32.25,164.781,3.73391
-1.5963,540.623,32.3871,164.833,3.80132
-4.31427,539.507,29.4765,152.912,3.49313
-2.2929,566.831,33.1704,169.64,3.71848
-2.1209,505.236,29.7378,151.902,3.73867
0.690979,577.771,37.3537,187.145,4.09445
-1.36628,579.541,34.9875,177.783,3.82931
-3.96891,520.292,28.7641,148.851,3.53013
1.91816,576.977,38.8413,192.989,4.26653
1.80527,547.498,36.7205,182.59,4.25023
-3.63433,558.643,31.2384,161.273,3.56655
-2.66341,530.527,30.6598,157.207,3.67554
-4.87834,590.614,31.651,164.855,3.43395
0.367944,545.21,34.8736,175.105,4.05096
-0.752595,532.012,32.7843,165.884,3.90554
-4.55577,555.237,30.0862,156.344,3.4676
-0.866645,559.687,34.3587,173.986,3.8912
-3.84334,574.752,31.9112,164.99,3.54373
-3.20107,585.05,33.2005,170.879,3.61456
-4.55533,522.934,28.3362,147.249,3.46765
-2.50927,584.21,33.9385,173.831,3.69331
1.4171,527.846,34.9534,174.26,4.19492
-4.41402,519.056,28.2626,146.719,3.48255
1.60294,579.493,38.6088,192.242,4.22126
-3.71795,519.722,28.9794,149.699,3.55739
-4.3303,525.27,28.6829,148.812,3.49142
-0.264198,517.445,32.41,163.44,3.96791
0.481961,529.71,34.0104,170.638,4.06622
-4.42335,553.008,30.1016,156.276,3.48156
-2.65445,590.559,34.1395,175.038,3.67657
1.86612,535.241,35.9702,178.786,4.259
0.837548,539.388,35.0416,175.387,4.11442
-1.63144,593.574,35.5173,180.808,3.79708
-4.11042,545.798,30.0287,155.551,3.5149
1.27011,590.361,38.9044,194.15,4.17427
-1.92765,574.893,34.0587,173.74,3.76157
0.0783433,570.515,36.1433,181.839,4.01258
-4.42828,578.86,31.5035,163.56,3.48104
-0.882167,580.399,35.6117,180.35,3.88925
-3.38518,516.884,29.1494,150.223,3.59404
-2.58773,593.523,34.3883,176.232,3.68425
0.918263,530.472,34.5543,172.853,4.12549
-0.457639,540.101,33.6119,169.726,3.94302
0.964328,519.808,33.9112,169.583,4.13182
-3.47453,500.501,28.1398,145.112,3.58414
-1.00465,508.177,31.0529,157.396,3.87395
1.56922,517.193,34.4199,171.423,4.21646
-0.104919,518.996,32.6798,164.621,3.98858
-3.20398,599.421,34.0126,175.062,3.61424
1.80876,598.647,40.1556,199.667,4.25073
-2.00482,501.358,29.6252,151.205,3.7524
-0.887902,554.826,34.0361,172.378,3.88853
-2.0671,538.643,31.7617,162.18,3.74502
-3.74467,567.443,31.6115,163.326,3.55447
0.116798,507.552,32.1955,161.935,4.01764
-1.85339,537.498,31.9229,162.761,3.77042
-0.568469,572.069,35.4701,179.246,3.92887
-3.38283,511.646,28.8562,148.71,3.5943
-1.05006,598.475,36.5152,185.141,3.8683
-4.572,513.331,27.8,144.48,3.4659
1.1615,504.547,33.1304,165.457,4.15912
-4.94878,545.615,29.1688,152.003,3.42666
-2.73296,569.323,32.8245,168.389,3.66756
-3.42693,511.2,28.7879,148.404,3.58941
-4.92937,529.71,28.3375,147.65,3.42867
-4.48386,583.943,31.7197,164.748,3.47517
1.40878,518.932,34.3538,171.28,4.19375
0.863291,520.825,33.8644,169.465,4.11795
-2.11165,509.114,29.9754,153.106,3.73976
-0.914825,537.509,32.9441,166.878,3.88516
1.69598,506.02,33.817,168.277,4.23454
-4.90133,590.878,31.6401,164.825,3.43157
-2.71578,544.172,31.3927,161.024,3.66953
-0.595478,518.688,32.1313,162.404,3.92544
0.943957,577.538,37.6521,188.316,4.12902
-4.41983,570.286,31.0458,161.174,3.48194
1.59814,547.648,36.4814,181.655,4.22057
-2.34559,596.232,34.8289,178.188,3.71232
-2.20953,552.705,32.4348,165.781,3.72824
-4.18879,535.191,29.3664,152.205,3.5065
-4.67874,509.956,27.5163,143.115,3.45471
-3.06701,528.723,30.1408,154.984,3.62962
-0.190988,510.427,32.0484,161.535,3.97739
1.52741,558.29,37.1039,184.843,4.21052
-3.50095,502.889,28.2487,145.7,3.58123
-2.93868,596.813,34.1707,175.548,3.64413
0.0799273,515.011,32.6287,164.156,4.01278
1.47468,556.817,36.9419,184.101,4.20305
-3.13676,595.087,33.8438,174.111,3.62178
-1.90788,559.254,33.1542,169.103,3.76392
-3.36229,568.882,32.1067,165.437,3.59658
0.948486,570.248,37.1824,185.961,4.12964
-0.935529,537.522,32.9221,166.791,3.88257
0.670925,517.721,33.4492,167.606,4.09173
-2.30588,508.418,29.7391,152.105,3.71696
-4.20086,522.37,28.6511,148.51,3.50521
-4.55089,587.823,31.8572,165.541,3.46812
1.78708,522.347,35.0127,174.12,4.24761
-3.59049,572,32.0331,165.324,3.57136
-4.15001,551.422,30.2971,156.986,3.51065
-3.40305,587.37,33.1042,170.626,3.59206
-3.58119,505.635,28.3255,146.179,3.57238
-2.85853,515.798,29.6125,152.045,3.65323
1.81321,585.677,39.2914,195.363,4.25137
-2.83496,579.322,33.2859,170.878,3.65591
-4.24967,518.425,28.3873,147.194,3.5
0.0893604,573.34,36.3355,182.793,4.01403
1.25543,539.992,35.5679,177.517,4.17222
1.58022,509.358,33.9107,168.875,4.21802
0.866447,584.127,37.9843,190.078,4.11838
-0.408181,562.406,35.0577,176.967,3.94936
1.38711,576.653,38.1477,190.223,4.1907
-4.89193,599.705,32.1232,167.33,3.43254
-1.11849,598.156,36.4123,184.706,3.85981
1.75352,516.863,34.6069,172.141,4.24279
-0.457779,574.717,35.7659,180.603,3.943
0.422777,557.5,35.7246,179.311,4.05829
0.921227,542.628,35.3496,176.828,4.1259
-3.26923,589.281,33.3633,171.799,3.60695
-2.2078,574.053,33.6895,172.192,3.72845
0.360991,517.352,33.0841,166.127,4.05003
-1.70007,540.327,32.2567,164.287,3.7888
-2.12052,548.427,32.2805,164.89,3.73872
1.55194,594.388,39.5348,196.921,4.214
-1.26366,526.943,31.9217,162.09,3.84189
1.75209,545.027,36.4909,181.514,4.24258
-1.71331,504.095,30.0804,153.217,3.78721
-1.54737,547.776,32.8696,167.231,3.80725
-0.352194,560.16,34.9828,176.521,3.95656
-2.10111,543,31.9819,163.343,3.74101
-3.40568,595.931,33.5838,173.101,3.59177
1.78578,549.803,36.8515,183.265,4.24742
-2.40369,584.514,34.0775,174.414,3.70556
-4.13862,594.619,32.6833,169.336,3.51187
-4.89815,532.947,28.5412,148.678,3.4319
-0.0304337,510.926,32.2514,162.38,3.99831
-4.54139,563.492,30.5485,158.73,3.46911
-0.819136,579.352,35.6223,180.326,3.89716
-1.78971,546.727,32.5406,165.837,3.77804
-4.16729,507.057,27.8431,144.288,3.5088
-0.775973,584.753,36.0063,182.216,3.90259
0.287296,567.913,36.2288,182.009,4.04021
-0.971295,546.863,33.4542,169.528,3.87811
0.814861,549.206,35.6526,178.472,4.11132
0.381685,595.908,38.1338,191.457,4.05279
-3.08758,577.91,32.9218,169.309,3.62731
0.7887,512.455,33.2381,166.415,4.10775
-4.97213,583.303,31.1586,162.399,3.42425
-0.564352,547.337,33.9412,171.515,3.9294
1.00401,595.286,38.8862,194.409,4.13729
-4.14283,568.592,31.2482,161.905,3.51142
-2.46037,581.341,33.8277,173.204,3.69897
-3.50807,585.131,32.8605,169.495,3.58044
1.02661,546.239,35.7089,178.497,4.14042
1.80225,525.003,35.2083,175.074,4.24979
-3.77586,576.805,32.099,165.881,3.55107
-4.67428,571.099,30.8202,160.294,3.45518
-3.84608,547.347,30.3868,157.111,3.54343
-0.25722,520.615,32.6161,164.472,3.96881
-0.0547846,502.073,31.667,159.464,3.99512
1.90775,586.059,39.4392,195.974,4.26502
-0.769027,566.262,34.8758,176.486,3.90347
-0.816257,590.468,36.3094,183.8,3.89752
0.347891,593.299,37.9244,190.449,4.04828
0.56286,561.383,36.1406,181.226,4.07711
0.130251,526.404,33.4063,168.01,4.01941
1.31744,544.701,35.9514,179.356,4.1809
0.627143,536.842,34.6344,173.597,4.0858
-0.201004,507.403,31.848,160.536,3.97609
-3.7674,593.908,33.0603,170.839,3.55199
-0.372487,536.848,33.5044,169.084,3.95395
-4.25105,525.84,28.792,149.294,3.49986
0.703694,591.205,38.2383,191.56,4.09618
-3.86492,556.344,30.8665,159.613,3.54139
0.742766,576.554,37.3389,187.005,4.10149
0.239173,550.854,35.0845,176.318,4.03382
1.11282,566.222,37.1206,185.446,4.15235
-2.85468,540.123,31.013,159.232,3.65367
-4.69868,569.946,30.7323,159.864,3.45263
-1.81969,579.547,34.4593,175.651,3.77445
0.0235319,527.396,33.3509,167.853,4.00538
0.405508,501.387,32.1105,161.189,4.05598
-0.539424,578.383,35.8963,181.363,3.93257
1.49798,504.495,33.4962,166.903,4.20635
0.20916,522.23,33.2283,167.024,4.02984
1.1845,554.54,36.4408,181.961,4.16232
-1.38912,561.222,33.8557,172.059,3.82651
1.19721,518.303,34.0738,170.127,4.16409
0.375507,544.072,34.8095,174.774,4.05197
-1.61606,561.986,33.6446,171.256,3.79894
-0.989987,527.861,32.2716,163.557,3.87578
0.480355,585.211,37.5718,188.508,4.06601
1.35826,563.392,37.2351,185.709,4.18664
-4.4084,573.334,31.224,162.086,3.48314
1.58337,516.195,34.3695,171.156,4.21847
-3.62993,546.22,30.5483,157.705,3.56703
-0.712292,582.124,35.9207,181.703,3.91063
-3.48917,533.782,29.9961,154.7,3.58253
0.257873,578.268,36.8533,185.184,4.0363
-2.85766,555.213,31.8762,163.667,3.65333
1.35774,511.248,33.7883,168.518,4.18656
1.44817,539.284,35.7475,178.181,4.19931
0.893329,551.332,35.8835,179.533,4.12207
-4.99763,591.658,31.5773,164.611,3.42163
-3.48033,501.415,28.1857,145.354,3.5835
-1.17027,556.327,33.8073,171.553,3.8534
-4.67932,522.417,28.1881,146.61,3.45465
-0.174167,589.806,37.0531,186.739,3.97957
-1.46152,523.909,31.5281,160.311,3.81768
-3.59139,536.828,30.0625,155.155,3.57126
-0.628334,519.019,32.1166,162.366,3.92126
1.30357,598.85,39.5073,197.114,4.17896
-0.743927,595.643,36.7161,185.767,3.90663
-0.431102,518.796,32.3146,163.145,3.94642
-1.25096,560.816,33.9882,172.568,3.84346
0.278043,563.605,35.9429,180.585,4.03898
0.697208,579.064,37.445,187.595,4.09529
1.79767,578.02,38.7579,192.731,4.24913
-2.49498,591.263,34.3649,175.997,3.69496
0.855609,571.365,37.1411,185.872,4.1169
-1.00273,598.225,36.5578,185.296,3.87419
-2.67104,509.616,29.4438,150.98,3.67466
-2.88991,599.128,34.3599,176.46,3.64966
1.73114,573.032,38.3396,190.736,4.23958
-1.47888,557.239,33.5143,170.43,3.81557
-2.57197,574.058,33.2782,170.524,3.68606
-0.559797,591.082,36.6595,185.245,3.92998
-4.66486,507.469,27.3952,142.471,3.45616
-0.399322,505.001,31.4887,158.941,3.9505
-3.10077,556.914,31.7115,163.1,3.62582
-4.17119,578.891,31.7834,164.712,3.50839
1.19881,559.519,36.7854,183.664,4.16431
-3.22779,589.839,33.4419,172.154,3.61157
-2.73794,521.847,30.0822,154.326,3.66699
1.68848,530.108,35.418,176.252,4.23347
-1.98728,527.453,31.1855,159.149,3.75448
1.56871,558.721,37.183,185.185,4.21639
-4.6261,529.175,28.605,148.721,3.46022
-4.46177,569.858,30.978,160.87,3.4775
-3.98108,598.723,33.0863,171.233,3.52882
0.439567,532.505,34.1419,171.347,4.06054
-3.71962,550.436,30.6903,158.538,3.55721
-1.25374,587.077,35.5764,180.635,3.84311
-3.26521,569.493,32.2473,166.048,3.60739
-3.36029,563.936,31.8297,164.007,3.5968
-3.51544,513.422,28.8262,148.694,3.57963
-3.2097,561.636,31.8624,164.002,3.6136
-0.522519,533.972,33.1587,167.512,3.93473
-0.290224,546.879,34.224,172.618,3.96454
-3.81981,593.377,32.9717,170.445,3.54629
-3.28947,546.18,30.9018,159.147,3.60469
-4.35997,514.938,28.0902,145.768,3.48828
1.67654,553.205,36.9467,183.874,4.23176
-2.57865,504.135,29.2182,149.726,3.68529
-3.92847,544.959,30.1693,156.078,3.5345
-4.0216,571.868,31.5586,163.373,3.52445
-4.22382,503.34,27.5856,143.011,3.50276
-4.15408,573.778,31.5211,163.332,3.51022
-2.38757,596.951,34.8216,178.202,3.70743
-2.91672,577.994,33.1178,170.113,3.64662
1.21994,535.283,35.2165,175.805,4.16726
1.86663,576.608,38.7509,192.607,4.25908
1.05355,574.946,37.6189,188.011,4.14414
-3.12779,516.074,29.3591,151.03,3.62278
1.69389,555.448,37.1176,184.704,4.23424
-2.8052,559.307,32.1683,165.106,3.65931
1.97488,500.731,33.7713,167.734,4.27476
-4.1086,518.152,28.5095,147.68,3.51509
-2.39916,549.53,32.0428,163.995,3.70608
-4.18698,588.535,32.2954,167.384,3.5067
-1.15607,525.563,31.953,162.128,3.85516
-1.84394,594.248,35.3046,179.991,3.77155
-2.21755,590.66,34.6528,177.128,3.7273
-4.10186,541.034,29.7753,154.229,3.51582
1.52807,583.019,38.7482,193.034,4.21062
-2.91259,520.588,29.8328,153.234,3.64709
-2.77928,511.761,29.4596,151.176,3.66226
-2.52575,549.119,31.8823,163.318,3.6914
-1.03426,578.353,35.3062,178.991,3.87026
-3.62879,576.479,32.2419,166.446,3.56716
0.791869,518.731,33.6487,168.468,4.10818
-1.69064,505.552,30.1903,153.753,3.78994
-3.35343,549.233,31.0071,159.761,3.59757
-3.3885,590.174,33.2788,171.508,3.59367
1.8015,568.489,38.1236,189.572,4.24969
-0.851356,522.537,32.0944,162.503,3.89311
-4.66311,510.543,27.5628,143.34,3.45635
-4.02939,522.794,28.8428,149.322,3.52361
1.74192,508.566,34.0384,169.326,4.24112
-1.60943,562.378,33.6755,171.405,3.79974
-4.96158,590.86,31.5738,164.55,3.42534
-3.59279,574.976,32.1972,166.174,3.57111
-0.0932722,570.181,35.9167,180.912,3.9901
-4.67136,524.573,28.3122,147.246,3.45549
-1.57464,546.454,32.7602,166.706,3.80395
1.89841,554.953,37.3345,185.527,4.26367
1.85636,557.867,37.4787,186.296,4.25759
1.19629,558.689,36.7277,183.379,4.16396
-2.18158,508.027,29.841,152.494,3.73153
-2.35925,526.221,30.7251,157.207,3.71073
-0.464819,574.877,35.7675,180.62,3.9421
-1.21257,512.497,31.0998,157.86,3.84818
-0.386527,590.83,36.8561,186.017,3.95214
-2.25321,507.733,29.7518,152.114,3.72312
-3.33187,536.601,30.3161,156.177,3.59996
-4.38037,518.849,28.2838,146.794,3.48611
-0.410566,509.301,31.7448,160.246,3.94905
-0.139794,510.294,32.0947,161.712,3.98404
1.21455,510.891,33.6058,167.771,4.16651
-3.0311,578.98,33.046,169.88,3.63367
0.635558,547.333,35.321,177.028,4.08694
-1.68875,570.878,34.0935,173.629,3.79017
-0.765113,501.5,30.8912,156.318,3.90396
-4.55036,541.469,29.3456,152.489,3.46817
1.12751,527.609,34.606,172.866,4.15439
-4.65961,507.532,27.4035,142.509,3.45671
-4.63605,527.027,28.4791,148.077,3.45918
-1.3176,569.407,34.4319,174.901,3.83527
-0.552719,586.356,36.375,183.799,3.93088
1.67592,565.366,37.7581,187.913,4.23167
-4.82269,508.732,27.3151,142.214,3.43972
1.22702,595.033,39.1566,195.466,4.16825
-1.6237,507.601,30.3809,154.651,3.79801
-2.42551,508.911,29.648,151.766,3.70302
-0.910947,560.513,34.3585,174.038,3.88565
-4.01374,571.015,31.52,163.164,3.52529
-4.50236,544.066,29.5349,153.42,3.47322
-2.22696,517.969,30.3785,155.29,3.7262
-2.82379,570.494,32.7911,168.325,3.65719
1.68188,539.024,36.0059,179.186,4.23252
0.191139,552.152,35.1111,176.51,4.02746
-2.45653,584.873,34.0377,174.274,3.69942
-2.71232,567.025,32.7149,167.802,3.66993
0.796762,549.246,35.6339,178.401,4.10885
-2.65006,568.387,32.8626,168.486,3.67707
-3.14778,506.658,28.8039,148.194,3.62054
0.262694,534.076,34.0425,171.054,4.03694
-3.98439,560.635,30.978,160.325,3.52846
-3.38012,529.606,29.8719,153.941,3.5946
-1.64153,526.276,31.4798,160.265,3.79586
0.63629,546.73,35.283,176.837,4.08703
-4.41411,513.602,27.9655,145.177,3.48254
0.241561,536.001,34.1412,171.575,4.03414
-3.21058,563.651,31.9758,164.586,3.6135
0.654295,578.253,37.3395,187.121,4.08947
-4.01328,528.612,29.1798,151.049,3.52534
-0.855799,583.443,35.83,181.423,3.89256
-4.37182,599.72,32.7018,169.713,3.48702
-3.12558,561.157,31.9263,164.233,3.62303
-3.56481,530.9,29.7575,153.551,3.57419
-4.2636,533.211,29.183,151.335,3.49852
-3.52573,568.216,31.8914,164.517,3.57849
1.20077,575.594,37.8446,188.95,4.16459
0.680198,541.636,35.005,175.391,4.09299
-2.29024,559.169,32.7249,167.358,3.71879
-3.01429,592.053,33.8114,173.794,3.63557
-0.262624,581.651,36.4335,183.728,3.96811
-1.01811,561.854,34.3175,173.959,3.87227
1.90513,512.669,34.4974,171.421,4.26464
-1.88228,578.67,34.3348,175.093,3.76697
-4.80797,599.432,32.2012,167.636,3.44125
-3.94818,563.043,31.1496,161.172,3.53237
-1.08003,564.341,34.3981,174.443,3.86458
0.956163,516.149,33.6634,168.353,4.1307
-2.62261,528.41,30.5796,156.751,3.68023
-0.66083,578.105,35.7341,180.694,3.91714
1.34576,509.209,33.6403,167.794,4.18488
-1.58091,591.701,35.4654,180.48,3.80319
-2.96494,507.742,29.0451,149.243,3.64115
-3.35884,559.967,31.6073,162.86,3.59697
-2.57139,592.896,34.371,176.123,3.68613
1.92468,523.792,35.2685,175.229,4.26747
-3.43965,552.538,31.1024,160.349,3.588
-4.92731,573.742,30.6951,159.932,3.42888
1.24466,523.183,34.4485,171.943,4.17071
-0.427076,509.969,31.769,160.387,3.94694
-3.84921,514.157,28.5412,147.572,3.54309
0.43991,562.123,36.0413,180.879,4.06058
-4.84915,570.099,30.5822,159.255,3.43697
-2.9585,529.741,30.3101,155.736,3.64188
1.15715,590.985,38.8008,193.781,4.15851
-4.70694,513.562,27.6842,144.017,3.45177
-0.529547,543.898,33.7672,170.594,3.93383
-1.29204,502.235,30.396,154.373,3.83841
-2.99652,523.546,29.9171,153.758,3.63758
-4.9586,550.31,29.4099,153.27,3.42565
0.89409,596.806,38.8442,194.345,4.12217
-2.68965,547.321,31.6023,162.069,3.67252
-1.5732,577.32,34.6124,176.13,3.80412
-0.584425,587.754,36.4232,184.082,3.92684
-4.15394,568.429,31.2274,161.81,3.51023
-0.139965,561.965,35.3443,178.085,3.98402
-1.53774,579.5,34.7844,176.962,3.80842
-2.12287,506.492,29.8098,152.272,3.73844
-0.197129,536.263,33.6638,169.684,3.97659
0.512745,541.01,34.7714,174.419,4.07036
0.938175,581.64,37.9123,189.625,4.12823
-2.18906,599.526,35.2067,179.923,3.73065
-0.956787,589.558,36.0835,182.834,3.87992
1.57093,524.505,34.9085,173.855,4.2167
-0.910988,562.993,34.5104,174.808,3.88564
-1.05671,524.903,32.0192,162.352,3.86747
-4.57494,511.882,27.7187,144.061,3.46559
0.842945,549.518,35.706,178.706,4.11516
-1.00486,501.146,30.6231,155.218,3.87392
-3.52288,545.201,30.6026,157.866,3.57881
-2.13221,521.1,30.6599,156.625,3.73734
-3.64898,523.615,29.2651,151.101,3.56494
0.431062,580.438,37.2047,186.729,4.0594
0.143802,579.181,36.7721,184.92,4.0212
-4.1906,573.014,31.4399,162.954,3.50631
-4.90856,516.455,27.6481,144.037,3.43082
-1.42835,562.697,33.9,172.332,3.82173
-3.6677,500.647,27.9636,144.4,3.56289
0.866917,508.323,33.0555,165.413,4.11844
-4.69142,535.421,28.8778,150.21,3.45339
-0.943156,511.725,31.3341,158.754,3.88162
-3.37333,517.838,29.2149,150.548,3.59536
-1.83765,577.878,34.3393,175.062,3.7723
-1.76622,544.775,32.4501,165.348,3.78086
0.463554,581.292,37.2995,187.164,4.06375
-4.7514,519.398,27.9561,145.477,3.44713
-2.25837,537.994,31.5196,161.158,3.72252
-0.290416,525.557,32.8894,165.887,3.96452
1.82737,589.861,39.5905,196.832,4.25341
0.421115,591.905,37.9271,190.368,4.05807
0.474814,514.692,33.0384,165.769,4.06526
-3.58353,516.189,28.9144,149.221,3.57213
-1.22249,543.545,32.9729,167.38,3.84696
-4.78946,535.144,28.766,149.733,3.44317
0.664129,530.07,34.2393,171.573,4.09081
-1.08592,513.887,31.3166,158.822,3.86385
-4.02269,544.419,30.0427,155.527,3.52433
-0.883681,504.803,30.9718,156.854,3.88906
-1.29298,554.307,33.5464,170.374,3.83829
1.53858,521.934,34.7004,172.856,4.21211
-4.55829,511.549,27.7165,144.032,3.46734
-2.2424,501.463,29.3951,150.279,3.72439
-2.61871,572.723,33.1484,169.914,3.68068
-1.51982,530.042,31.8349,161.936,3.81059
0.551106,500.774,32.2262,161.61,4.07553
-3.23987,588.156,33.3328,171.607,3.61022
-4.79498,530.888,28.5318,148.52,3.4426
-2.76471,546.271,31.4617,161.434,3.66393
-4.04421,542.12,29.8939,154.78,3.52201
-3.50421,514.495,28.8974,149.05,3.58087
-2.21865,575.721,33.7751,172.643,3.72717
0.543518,508.331,32.7043,164.016,4.07451
1.71039,568.071,37.9817,188.982,4.2366
1.94444,597.137,40.2331,199.869,4.27034
-2.65369,525.759,30.3942,155.835,3.67665
-0.164747,570.65,35.861,180.72,3.9808
-1.79615,599.924,35.6992,181.941,3.77727
-1.13954,520.249,31.6475,160.559,3.8572
-2.7027,576.541,33.2748,170.662,3.67103
-1.41498,554.251,33.4061,169.805,3.82336
-3.45124,575.569,32.386,166.981,3.58672
-4.78106,582.067,31.2973,162.899,3.44404
-2.96972,534.896,30.5934,157.204,3.64061
-0.998653,555.879,33.9747,172.198,3.8747
0.986786,535.053,34.9317,174.66,4.13492
1.2744,516.305,34.0289,169.814,4.17487
-1.36809,501.86,30.296,153.946,3.82909
-4.14013,508.728,27.9608,144.87,3.51171
1.5403,553.512,36.8019,183.322,4.21235
-4.13178,534.667,29.3949,152.291,3.51261
-2.93885,557.263,31.9061,163.914,3.64411
-3.03193,517.596,29.5416,151.866,3.63358
-2.86176,598.553,34.3598,176.424,3.65286
-1.40392,576.031,34.7317,176.53,3.82471
-1.52621,555.016,33.3277,169.537,3.80982
-2.53126,576.44,33.4623,171.418,3.69076
0.511058,599.595,38.5345,193.298,4.07014
-3.74608,583.7,32.5156,167.999,3.55432
-0.171902,553.017,34.7446,175.102,3.97987
-0.441459,564.767,35.1659,177.553,3.94509
-3.60778,564.487,31.5938,163.077,3.56946
-0.973943,554.443,33.9149,171.866,3.87778
1.48414,571.678,37.9396,189.061,4.20439
-0.733018,508.613,31.3629,158.67,3.90801
1.30676,538.401,35.5231,177.232,4.17941
-2.7269,566.296,32.6568,167.521,3.66826
-3.59751,550.271,30.8089,159.014,3.57059
-2.77261,574.555,33.0818,169.756,3.66303
-4.70141,504.206,27.185,141.414,3.45235
-1.38309,587.174,35.4283,180.044,3.82725
-0.770176,502.836,30.9683,156.713,3.90332
-0.85,519.247,31.8938,161.486,3.89328
1.70805,517.472,34.596,172.139,4.23627
-4.38491,563.773,30.728,159.484,3.48563
-4.22587,594.496,32.5792,168.901,3.50254
-1.10385,582.673,35.4872,179.995,3.86162
-2.37872,556.185,32.4533,166.072,3.70846
-3.82108,510.573,28.3694,146.655,3.54615
-2.99487,561.593,32.093,164.939,3.63776
-3.87625,534.436,29.6395,153.28,3.54016
0.832268,502.215,32.6209,163.276,4.1137
-2.82575,562.54,32.3318,165.969,3.65696
-2.4359,547.598,31.8906,163.258,3.70181
-4.93492,535.939,28.6652,149.364,3.42809
-3.14079,580.401,33.0041,169.796,3.62132
-4.44902,502.877,27.3488,142.011,3.47885
0.125383,521.661,33.0999,166.474,4.01877
-3.55746,591.59,33.1674,171.138,3.575
-0.229605,551.017,34.5526,174.203,3.97238
-3.2395,504.879,28.6136,147.31,3.61026
1.72933,532.733,35.6412,177.314,4.23932
-1.262,578.507,35.0474,177.959,3.8421
1.97368,592.717,39.9736,198.541,4.27458
0.112366,524.798,33.2846,167.418,4.01706
0.592782,559.412,36.0494,180.732,4.08115
-3.98221,545.172,30.1259,155.912,3.52869
-0.0785858,550.959,34.7229,174.881,3.99202
-1.85579,550.048,32.6656,166.55,3.77013
-1.1979,545.018,33.0895,167.943,3.84999
1.43442,517.367,34.2791,170.878,4.19736
0.235454,541.114,34.4599,173.184,4.03333
0.729991,559.159,36.1971,181.302,4.09975
-4.49055,527.674,28.6566,148.845,3.47447
0.497915,552.901,35.5182,178.183,4.06837
-1.43558,561.779,33.8365,172.017,3.82084
-3.08896,551.861,31.4364,161.671,3.62715
-3.53065,594.006,33.3333,171.962,3.57795
-4.22939,518.961,28.4363,147.427,3.50217
-2.36366,543.461,31.727,162.338,3.71022
1.49173,582.759,38.6847,192.764,4.20547
-0.425597,529.562,32.9912,166.555,3.94713
1.58545,522.836,34.814,173.367,4.21877
-0.527705,552.08,34.2772,173.169,3.93407
-4.72011,510.679,27.5163,143.157,3.45039
-4.96479,562.221,30.0401,156.561,3.42501
-3.621,561.179,31.3945,162.063,3.56801
1.66496,543.256,36.2684,180.513,4.2301
0.675855,549.991,35.5399,178.076,4.0924
-4.6257,536.446,28.9984,150.766,3.46026
-2.02641,585.445,34.5687,176.463,3.74984
1.73681,551.64,36.9152,183.643,4.24039
-0.823275,569.533,35.0138,177.251,3.89664
-2.34569,510.245,29.8059,152.489,3.71231
0.915989,534.334,34.8033,174.101,4.12518
-2.2784,560.162,32.7961,167.709,3.72017
-0.0152513,519.962,32.8384,165.318,4.00029
0.523122,526.18,33.8298,169.684,4.07176
-0.9028,541.263,33.1875,168.098,3.88667
1.37018,577.042,38.1522,190.267,4.18831
-3.10019,594.861,33.873,174.216,3.62589
1.50591,501.253,33.2897,165.865,4.20747
-2.36276,502.302,29.325,150.047,3.71032
0.432819,514.241,32.9635,165.441,4.05963
1.97459,568.048,38.3111,190.282,4.27471
1.46267,507.115,33.6311,167.615,4.20136
-2.29195,504.175,29.5048,150.892,3.71859
-1.73013,504.572,30.0918,153.293,3.78519
-0.0312924,502.519,31.7199,159.705,3.99819
1.85573,568.564,38.1966,189.866,4.2575
-4.03888,540.67,29.8193,154.388,3.52259
-3.40804,578.033,32.5725,167.891,3.5915
-2.79243,536.649,30.8785,158.472,3.66076
-2.00644,525.783,31.0668,158.564,3.75221
0.157976,519.327,32.9875,165.872,4.02307
-1.04445,558.531,34.0845,172.81,3.869
-0.878944,543.089,33.326,168.771,3.88965
-4.6856,528.357,28.5025,148.251,3.454
-3.09095,517.761,29.492,151.674,3.62693
-4.37513,506.843,27.6343,143.418,3.48667
-1.68736,503.284,30.0582,153.076,3.79033
-2.07245,578.139,34.0844,174.046,3.74439
0.154408,508.266,32.2811,162.324,4.0226
-1.53997,518.464,31.1184,158.314,3.80815
-3.1194,570.841,32.4841,167.095,3.62373
-2.24227,574.123,33.6545,172.055,3.7244
-4.43882,548.89,29.8616,155.047,3.47993
-1.3538,583.475,35.2397,179.05,3.83083
-4.22691,539.771,29.5791,153.349,3.50243
-1.0094,507.253,30.9915,157.09,3.87336
-0.0963371,530.195,33.3946,168.211,3.9897
1.56729,582.852,38.7872,193.176,4.21619
-1.18674,539.679,32.7776,166.347,3.85137
1.95639,566.82,38.2054,189.781,4.27207
-0.052842,573.855,36.1968,182.272,3.99538
-3.36352,531.224,29.9801,154.481,3.59645
-1.28783,574.483,34.7735,176.6,3.83892
0.0675082,526.847,33.3648,167.873,4.01115
-4.87223,575.263,30.8348,160.597,3.43458
-3.24092,595.549,33.7506,173.759,3.61011
-3.38365,563.821,31.798,163.871,3.59421
-1.94782,536.839,31.7827,162.152,3.75917
-2.16588,562.467,33.0562,168.906,3.73337
0.170784,504.195,32.0399,161.093,4.02477
0.270187,558.327,35.597,178.856,4.03794
-3.20904,589.389,33.4377,172.109,3.61367
-0.92212,595.278,36.4759,184.778,3.88425
-4.25228,520.311,28.488,147.719,3.49973
-0.161445,585.735,36.813,185.513,3.98122
-0.110593,521.026,32.8015,165.24,3.98784
-3.65164,557.163,31.1374,160.77,3.56465
-2.67305,583.379,33.7032,172.824,3.67443
-2.50563,567.191,32.9539,168.784,3.69373
-4.51189,551.469,29.9269,155.467,3.47222
-3.75729,509.67,28.3809,146.648,3.5531
-0.407363,529.419,33.0024,166.591,3.94947
-1.99852,574.075,33.9292,173.164,3.75315
0.831674,530.6,34.4639,172.502,4.11362
1.19355,544.002,35.759,178.545,4.16358
1.80183,571.988,38.3587,190.74,4.24973
-1.8975,513.3,30.4406,155.25,3.76516
-2.48357,564.905,32.8456,168.203,3.69628
-2.44416,592.012,34.4675,176.46,3.70085
-1.44453,509.505,30.6788,155.974,3.81975
-2.16925,548.975,32.2597,164.84,3.73298
-3.86139,528.485,29.3244,151.634,3.54177
0.749603,527.41,34.1639,171.096,4.10242
0.706278,513.442,33.2115,166.375,4.09653
-2.21804,538.857,31.6131,161.591,3.72725
1.93554,536.759,36.1545,179.618,4.26905
-0.900349,599.8,36.7797,186.289,3.88697
-4.98236,525.162,28.043,146.171,3.4232
0.75248,526.398,34.1017,170.781,4.10281
0.69282,570.033,36.8557,184.648,4.0947
-0.317728,590.77,36.9369,186.337,3.961
0.480954,515.521,33.0983,166.063,4.06609
0.667545,521.713,33.7033,168.884,4.09127
-1.27513,587.525,35.578,180.67,3.84048
-4.37341,576.429,31.4301,163.115,3.48685
1.27811,517.771,34.1297,170.313,4.17539
-3.06576,546.018,31.128,160.059,3.62976
-1.56277,557.755,33.4511,170.208,3.80538
-2.72112,520.982,30.0495,154.14,3.66892
0.909179,580.698,37.8146,189.174,4.12424
-3.86333,503.505,27.9364,144.459,3.54156
-0.748259,533.133,32.8582,166.252,3.90609
-0.416835,577.545,35.991,181.689,3.94825
-2.44694,565.993,32.9496,168.692,3.70053
-0.444197,574.076,35.7422,180.467,3.94474
-0.22481,526.42,33.0154,166.448,3.973
1.13838,516.648,33.8992,169.323,4.1559
-2.33983,560.741,32.762,167.606,3.713
0.160712,539.592,34.2779,172.357,4.02343
-0.369599,574.065,35.8305,180.82,3.95432
-4.7982,521.259,28.0112,145.813,3.44226
0.965399,546.298,35.6406,178.23,4.13197
1.65724,598.733,39.962,198.907,4.229
1.8341,576.128,38.6773,192.283,4.25438
-1.82566,510.943,30.3741,154.834,3.77373
-0.135951,550.965,34.6571,174.618,3.98454
-0.0653598,535.388,33.7564,169.998,3.99374
-1.60845,546.152,32.705,166.464,3.79986
1.93211,582.881,39.2567,195.035,4.26855
0.850347,593.375,38.5651,193.005,4.11617
-2.7867,538.027,30.9638,158.903,3.66142
-0.926883,541.231,33.1589,167.98,3.88365
-4.713,569.064,30.6697,159.555,3.45114
-0.64825,509.331,31.4962,159.251,3.91874
0.885657,530.581,34.5242,172.741,4.12101
1.19233,546.945,35.951,179.506,4.16341
0.968075,584.929,38.1643,190.847,4.13234
0.601354,543.813,35.0542,175.732,4.08231
-4.57188,592.048,32.0631,166.636,3.46591
-0.223414,518.818,32.5402,164.05,3.97318
0.47165,519.449,33.3402,167.287,4.06484
1.03067,564.759,36.9245,184.569,4.14098
-1.74831,512.738,30.5601,155.699,3.783
-4.39156,552.297,30.0956,156.21,3.48493
-4.64404,582.185,31.4511,163.54,3.45834
-4.2147,548.079,30.047,155.761,3.50373
-1.44822,500.019,30.1039,153.055,3.8193
-1.24773,503.451,30.5148,154.929,3.84385
-0.963074,511.774,31.3162,158.685,3.87913
-4.57012,583.536,31.604,164.248,3.46609
-3.00688,565.421,32.2986,166.01,3.63641
0.242304,550.335,35.0551,176.167,4.03424
-3.71926,584.088,32.567,168.232,3.55725
-3.77928,556.37,30.9581,159.99,3.5507
-2.74855,596.183,34.3551,176.26,3.66578
0.651358,579.453,37.4133,187.495,4.08908
-1.46434,591.906,35.6167,181.103,3.81734
-3.33383,544.083,30.7368,158.346,3.59975
-4.84928,500.947,26.8725,139.937,3.43696
1.42223,579.635,38.3894,191.383,4.19564
-1.62664,511.413,30.606,155.801,3.79766
-2.17124,599.722,35.2394,180.068,3.73274
-1.87332,529.387,31.4201,160.219,3.76804
-1.08049,514.378,31.3522,158.996,3.86452
-2.34619,514.313,30.043,153.703,3.71225
-1.77676,591.128,35.1987,179.367,3.77959
-3.9719,582.166,32.1814,166.539,3.52981
1.91494,500.249,33.6725,167.311,4.26606
-2.3899,563.789,32.8846,168.292,3.70716
-4.39772,584.701,31.8547,165.347,3.48428
-1.87136,583.952,34.6609,176.743,3.76827
-3.91326,533.464,29.5483,152.849,3.53615
1.46331,559.985,37.1381,185.094,4.20145
-4.63409,511.228,27.6273,143.646,3.45938
-3.40344,588.672,33.1772,171.003,3.59201
-4.51162,529.034,28.7097,149.144,3.47225
-2.10977,512.428,30.1724,154.111,3.73999
-4.58268,586.226,31.7361,164.949,3.46478
-1.35706,551.582,33.3099,169.248,3.83044
0.792331,520.867,33.7878,169.163,4.10824
-4.05207,591.349,32.5997,168.799,3.52117
-2.79323,550.053,31.649,162.427,3.66067
1.58994,513.437,34.1932,170.271,4.21941
-1.9497,515.979,30.5458,155.844,3.75894
-2.79811,579.569,33.3417,171.12,3.66011
-1.85915,578.856,34.3726,175.257,3.76973
-3.35999,563.347,31.7968,163.837,3.59684
-2.33771,560.735,32.7641,167.614,3.71324
-2.69657,577.028,33.3098,170.835,3.67173
-1.78343,560.619,33.3745,170.079,3.77879
-4.72512,528.701,28.4825,148.189,3.44987
-1.62275,530.467,31.7505,161.622,3.79813
0.12826,522.022,33.126,166.602,4.01915
-2.37672,501.209,29.2474,149.665,3.7087
0.716426,501.821,32.4707,162.653,4.09791
-0.332158,527.738,32.98,166.392,3.95914
-0.169571,525.072,32.9915,166.264,3.98017
-2.50422,584.974,33.9888,174.082,3.69389
-0.892505,582.558,35.7318,180.972,3.88796
0.898852,560.536,36.4892,182.556,4.12282
-2.81855,542.836,31.2069,160.187,3.65778
0.730209,592.688,38.3679,192.175,4.09978
1.04906,572.659,37.4638,187.241,4.14352
-0.938127,540.93,33.128,167.837,3.88225
-1.50343,507.664,30.5076,155.167,3.81258
-2.77619,574.359,33.0665,169.682,3.66262
0.44812,505.179,32.399,162.591,4.06168
1.00932,559.233,36.5375,182.661,4.13803
1.52877,524.248,34.843,173.578,4.21072
0.339479,582.742,37.2391,187.019,4.04716
-2.90785,571.048,32.7297,168.108,3.64762
-2.59883,511.923,29.6494,151.957,3.68297
-3.39306,515.662,29.0727,149.836,3.59317
1.06182,531.984,34.8174,173.999,4.14528
-2.96056,547.221,31.3081,160.866,3.64165
-1.95005,578.029,34.2187,174.583,3.7589
1.18822,523.758,34.4223,171.877,4.16284
-2.63179,586.844,33.9507,174.043,3.67917
1.65596,556.89,37.1676,185,4.22882
-3.10159,525.34,29.9128,153.85,3.62573
-1.86656,502.909,29.8554,152.233,3.76885
-2.78424,590.835,34.0058,174.511,3.6617
-2.99081,537.394,30.7144,157.849,3.63822
-1.21824,585.334,35.513,180.268,3.84748
-1.60538,581.275,34.8118,177.184,3.80023
-1.95236,542.545,32.1156,163.856,3.75863
0.719694,553.786,35.8371,179.512,4.09835
0.519759,570.614,36.6825,183.997,4.07131
-3.5054,586.851,32.9601,170.006,3.58073
0.906754,546.744,35.6007,178.101,4.12391
1.0144,591.826,38.6734,193.332,4.13873
-4.27326,591.868,32.3827,167.939,3.49749
-2.59417,562.881,32.6058,167.104,3.6835
0.0609752,562.777,35.6325,179.291,4.01029
-1.79074,537.624,31.9977,163.071,3.77792
-1.75287,520.722,31.0313,158.104,3.78246
-3.80251,503.135,27.9739,144.591,3.54817
-0.172641,532.12,33.4309,168.482,3.97977
-2.18647,560.582,32.9226,168.248,3.73095
-4.85732,556.376,29.8377,155.387,3.43612
-1.35902,572.764,34.5868,175.738,3.8302
-1.72898,580.671,34.6316,176.418,3.78533
1.16711,549.887,36.1144,180.352,4.1599
1.59914,511.47,34.0726,169.659,4.22072
-4.83966,583.163,31.2932,162.946,3.43796
1.33439,590.665,39.0069,194.577,4.18328
-2.31211,539.528,31.5522,161.386,3.71623
-1.36894,543.153,32.7878,166.609,3.82898
-2.31822,520.307,30.4219,155.611,3.71552
-1.65232,579.703,34.663,176.484,3.79456
-0.883185,574.035,35.22,178.368,3.88912
-3.07617,575.675,32.8072,168.706,3.62859
-4.69999,510.419,27.5213,143.162,3.45249
-2.88218,527.291,30.248,155.334,3.65054
-2.19653,542.772,31.8658,162.858,3.72977
1.97257,537.856,36.2724,180.159,4.27442
-0.696464,546.535,33.7425,170.666,3.91263
-2.20043,598.06,35.1072,179.429,3.72931
-4.82599,594.944,31.9404,166.3,3.43937
-4.26542,585.269,32.0302,166.102,3.49833
-1.78218,562.179,33.4688,170.558,3.77894
-4.38781,504.27,27.4821,142.64,3.48532
-1.49401,515.285,30.9753,157.536,3.81373
-4.89074,585.723,31.3755,163.434,3.43266
-3.47368,501.811,28.2143,145.495,3.58424
-0.50749,532.941,33.1112,167.255,3.93665
-2.05466,534.04,31.5034,160.847,3.7465
-4.84489,530.804,28.4784,148.295,3.43741
-1.66009,589.532,35.2415,179.439,3.79362
-3.33936,508.102,28.6988,147.853,3.59913
-4.66933,530.457,28.6318,148.906,3.4557
-3.05447,588.045,33.5368,172.432,3.63104
-3.83974,533.081,29.6012,153.042,3.54412
-3.95011,533.604,29.519,152.737,3.53216
-1.01201,554.184,33.8559,171.612,3.87303
-3.21696,536.616,30.4355,156.665,3.61279
0.674455,582.684,37.6507,188.655,4.09221
-3.28712,557.993,31.5727,162.599,3.60495
-2.48581,523.304,30.4245,155.807,3.69602
-4.73363,531.131,28.605,148.836,3.44898
-2.51017,572.197,33.2397,170.253,3.6932
-4.32009,583.423,31.8696,165.333,3.49251
-0.465246,503.699,31.3386,158.255,3.94205
-2.51333,587.294,34.1131,174.73,3.69284
-4.42956,573.367,31.2031,162.002,3.48091
-2.0824,536.252,31.6044,161.394,3.74322
-0.900095,563.717,34.5674,175.084,3.887
-1.49905,540.896,32.5094,165.343,3.81312
-4.73087,588.439,31.6945,164.907,3.44927
-0.750982,547.517,33.7416,170.725,3.90574
-1.59343,592.219,35.4815,180.578,3.80167
-1.54927,558.529,33.5127,170.505,3.80702
-3.12342,528.921,30.0944,154.807,3.62327
-3.42304,586.392,33.0267,170.25,3.58984
-0.306461,591.626,37.0042,186.662,3.96245
-1.84615,518.859,30.8234,157.147,3.77129
-3.28147,554.817,31.399,161.698,3.60558
1.33553,561.135,37.0582,184.855,4.18344
0.352891,543.925,34.7741,174.623,4.04895
0.0380842,546.831,34.5966,174.106,4.00729
0.742023,544.689,35.2744,176.666,4.10139
1.49265,571.681,37.9504,189.104,4.2056
-2.2939,527.823,30.8866,157.961,3.71836
0.870007,516.365,33.5818,168.043,4.11887
-3.79263,594.222,33.0493,170.813,3.54925
-4.8551,578.732,31.039,161.64,3.43635
1.49843,534.101,35.4625,176.7,4.20642
-3.75393,502.241,27.9704,144.523,3.55346
-2.96569,568.147,32.4997,166.995,3.64107
0.752842,581.478,37.6703,188.652,4.10286
-0.67228,594.996,36.7641,185.918,3.91569
-3.19856,527.918,29.9609,154.202,3.61485
-4.52278,514.257,27.8971,144.934,3.47107
-4.12022,524.443,28.8441,149.425,3.51385
0.914094,567.27,36.9462,184.823,4.12492
-4.19034,502.664,27.5802,142.949,3.50634
-0.329897,559.035,34.9385,176.27,3.95943
-0.101845,558.544,35.1737,177.18,3.98898
-4.96866,597.382,31.9145,166.335,3.42461
-0.348686,553.536,34.5732,174.45,3.95701
-3.3608,512.999,28.9542,149.192,3.59675
0.527712,565.911,36.3898,182.519,4.07238
-2.51238,510.003,29.6245,151.738,3.69295
-4.14094,514.357,28.2694,146.47,3.51162
-1.82701,582.016,34.5976,176.365,3.77357
0.297877,548.315,34.9908,175.777,4.04162
0.0530405,566.101,35.8335,180.312,4.00925
-0.131725,593.288,37.3245,188.052,3.98509
-4.64509,594.993,32.1419,167.133,3.45823
1.26346,506.992,33.4031,166.704,4.17334
1.1392,530.782,34.8275,173.959,4.15602
-2.30534,569.364,33.3046,170.341,3.71702
1.17115,564.463,37.0766,185.152,4.16046
-4.13043,540.906,29.7393,154.074,3.51275
-4.05078,521.142,28.7306,148.764,3.5213
-3.4432,553.634,31.1603,160.652,3.58761
-4.05157,538.478,29.6856,153.71,3.52122
-4.64118,561.879,30.3571,157.848,3.45864
1.56103,594.683,39.5663,197.065,4.2153
0.518689,553.502,35.5812,178.474,4.07116
0.0452884,571.604,36.1726,182.028,4.00823
-0.305641,529.84,33.1406,167.172,3.96255
-3.16888,502.603,28.553,146.925,3.61817
-1.38575,565.947,34.1446,173.523,3.82693
-0.198925,562.341,35.2987,177.927,3.97636
0.126734,541.331,34.3496,172.758,4.01895
0.965517,554.92,36.2033,181.043,4.13199
0.472829,554.38,35.5836,178.542,4.065
-3.60703,586.334,32.8174,169.391,3.56954
-0.891085,587.57,36.041,182.536,3.88813
-0.377863,588.697,36.7336,185.388,3.95325
-4.68141,569.55,30.7291,159.828,3.45443
-2.62854,588.462,34.0481,174.538,3.67955
-2.10153,575.05,33.8692,172.982,3.74096
-4.24498,551.695,30.2139,156.66,3.5005
-0.97735,545.474,33.3624,169.071,3.87735
-0.705589,543.052,33.5172,169.537,3.91148
-0.356094,542.179,33.8555,170.837,3.95605
-2.61556,513.166,29.7045,152.258,3.68104
0.290547,512.191,32.6776,164.165,4.04064
-2.31986,560.937,32.7956,167.755,3.71533
-0.00237814,572.145,36.1495,181.971,4.00198
1.68958,592.294,39.5743,196.934,4.23363
-2.19638,527.371,30.9618,158.238,3.72979
-0.723743,513.092,31.6489,160.107,3.90918
1.4677,586.967,38.9332,194.034,4.20207
-4.83582,530.65,28.479,148.288,3.43835
-3.85897,561.54,31.1611,161.129,3.54203
1.7931,519.283,34.8142,173.125,4.24848
0.294933,586.436,37.4199,187.983,4.04123
0.442094,540.603,34.664,173.964,4.06088
-2.31683,536.123,31.3481,160.347,3.71568
-0.167412,589.237,37.0258,186.593,3.98045
-3.62869,596.594,33.367,172.255,3.56717
0.547518,559.182,35.9807,180.443,4.07504
-0.640016,554.159,34.2777,173.305,3.91978
-2.14212,560.851,32.9877,168.528,3.73617
1.89717,566.115,38.0838,189.252,4.26349
-4.25816,567.424,31.0614,161.069,3.4991
1.30415,567.541,37.4425,186.812,4.17904
1.07497,573.087,37.5238,187.508,4.1471
-1.53714,500.469,30.0412,152.83,3.80849
-4.78313,579.684,31.167,162.223,3.44383
-4.4809,535.494,29.0909,151.091,3.47549
-0.752095,508.436,31.3321,158.535,3.9056
1.13581,535.773,35.1511,175.579,4.15554
-2.78328,527.51,30.3621,155.811,3.66181
-4.10034,583.318,32.104,166.29,3.51598
1.22662,574.744,37.821,188.799,4.16819
0.831925,530.667,34.4686,172.525,4.11365
-3.27381,562.689,31.8528,164.026,3.60643
-3.801,515.599,28.6683,148.179,3.54834
-3.69801,504.295,28.1383,145.333,3.55957
-0.13131,599.347,37.7063,189.975,3.98514
1.47386,562.435,37.3136,185.955,4.20294
-4.90611,586.456,31.3982,163.571,3.43107
0.59966,568.58,36.6486,183.727,4.08208
-1.13885,568.271,34.5695,175.383,3.85729
-3.52417,510.725,28.6662,147.878,3.57866
-0.222605,560.315,35.1438,177.175,3.97329
-0.826193,562.421,34.5732,175.024,3.89627
0.879427,599.818,39.0214,195.25,4.12016
-0.237469,598.582,37.5254,189.202,3.97136
-2.59683,537.232,31.1173,159.479,3.6832
-4.25974,509.749,27.9026,144.691,3.49893
0.992489,512.091,33.4389,167.189,4.13571
0.946187,505.47,32.9561,164.827,4.12933
-2.29534,525.192,30.7311,157.168,3.71819
-1.18545,538.417,32.7023,165.964,3.85153
1.36294,541.053,35.7642,178.367,4.18729
-3.86597,594.506,32.9825,170.556,3.54127
-3.76362,554.364,30.863,159.48,3.55241
-4.72189,508.694,27.4077,142.594,3.45021
1.06688,502.675,32.9047,164.435,4.14598
-1.23522,563.735,34.1831,173.538,3.84539
-1.0701,519.435,31.6714,160.604,3.86581
-4.92349,504.974,27.0196,140.777,3.42927
-0.360108,545.887,34.0825,171.987,3.95554
-3.9345,519.343,28.7453,148.717,3.53385
-1.11284,549.58,33.4616,169.732,3.86051
0.372217,586.075,37.4928,188.251,4.05153
-2.73058,563.931,32.5163,166.805,3.66783
-4.51675,540.309,29.3164,152.301,3.47171
-0.440454,583.546,36.3364,183.462,3.94522
-3.24154,543.227,30.7848,158.49,3.61004
-4.33284,544.601,29.736,154.278,3.49115
-0.774683,568.455,35.0043,177.143,3.90276
-0.101211,573.57,36.1207,181.949,3.98906
1.31852,564.027,37.2283,185.725,4.18105
-0.964517,515.205,31.5247,159.743,3.87895
1.61099,535.237,35.6697,177.598,4.22241
-2.55215,531.186,30.8136,157.872,3.68835
-1.21352,516.177,31.3221,158.99,3.84807
-0.293777,559.397,35.0032,176.553,3.96409
-2.49385,568.781,33.0595,169.31,3.69509
-3.82918,569.618,31.6415,163.579,3.54527
-2.57272,554.238,32.1285,164.633,3.68598
-4.1391,524.568,28.8325,149.385,3.51182
-2.79163,584.443,33.6295,172.589,3.66085
1.6518,576.262,38.4553,191.414,4.22823
-2.27524,545.485,31.9402,163.328,3.72054
0.230185,522.5,33.2686,167.203,4.03263
-3.78286,594.468,33.074,170.928,3.55031
0.636512,564.586,36.4356,182.613,4.08706
-2.92668,581.834,33.3266,171.197,3.64549
1.80105,517.974,34.7355,172.725,4.24962
-2.77529,535.097,30.8071,158.087,3.66272
-2.86284,550.51,31.6007,162.258,3.65274
-0.0570823,560.165,35.3283,177.904,3.99482
-3.67132,599.409,33.4759,172.869,3.56249
-1.49154,523.718,31.4849,160.124,3.81403
-1.9437,551.651,32.6641,166.644,3.75966
-1.96546,529.206,31.3122,159.771,3.75707
-1.75054,554.458,33.0443,168.357,3.78274
-1.42194,531.997,32.0573,162.957,3.82251
0.989629,503.681,32.8866,164.431,4.13531
-0.516893,523.393,32.5079,164.218,3.93545
-4.41474,527.175,28.7039,149.011,3.48247
1.17619,592.473,38.9228,194.366,4.16116
0.878862,528.147,34.3582,171.918,4.12008
1.33731,555.466,36.6859,182.995,4.18369
-1.4001,558.018,33.65,171.027,3.82517
-3.44477,598.77,33.6989,173.742,3.58744
-4.97816,537.869,28.7257,149.725,3.42363
-2.24428,513.183,30.0802,153.784,3.72417
-3.32641,505.611,28.5706,147.179,3.60057
-1.29779,512.853,31.0326,157.612,3.8377
-0.905154,557.233,34.164,173.046,3.88637
-2.66115,568.057,32.8312,168.338,3.6758
0.9524,584.769,38.1341,190.716,4.13018
-3.94747,587.875,32.5242,168.283,3.53245
-2.96582,528.68,30.2419,155.394,3.64105
-3.45438,516.154,29.0398,149.731,3.58637
-2.80759,514.926,29.6134,151.995,3.65903
-0.627492,504.749,31.2345,157.906,3.92137
-1.52309,517.874,31.1006,158.205,3.8102
-0.383689,542.294,33.8316,170.749,3.95251
-2.76756,555.666,31.9997,164.197,3.6636
-2.85403,539.99,31.006,159.195,3.65374
-1.75431,556.487,33.161,168.956,3.78228
-0.64012,558.426,34.5415,174.639,3.91977
-1.90307,578.375,34.2933,174.907,3.76449
-3.83063,571.073,31.7207,163.99,3.54511
1.08222,503.925,33.0032,164.91,4.14811
-3.72473,545.103,30.3877,156.981,3.55665
0.380446,527.031,33.7248,169.322,4.05263
-0.790776,515.749,31.7417,160.65,3.90073
-0.371498,535.971,33.4507,168.812,3.95407
-0.40468,548.69,34.2067,172.667,3.94981
1.0038,597.55,39.0338,195.147,4.13727
-3.09216,578.333,32.9408,169.412,3.62679
-4.83322,558.72,29.9882,156.143,3.43862
-2.5684,584.82,33.9062,173.737,3.68648
-2.71863,512.087,29.5389,151.518,3.6692
-3.76158,570.426,31.7594,164.11,3.55263
-4.62182,599.258,32.3981,168.437,3.46067
-0.677607,563.61,34.8185,176.085,3.91502
-1.3014,540.143,32.68,165.983,3.83726
1.71576,576.369,38.5433,191.77,4.23737
-3.40988,533.549,30.0639,154.963,3.5913
-0.990899,528.624,32.3172,163.789,3.87566
1.33424,509.991,33.6791,168.001,4.18326
-2.89372,586.734,33.6448,172.792,3.64923
-2.10829,517.398,30.4666,155.611,3.74016
-0.122262,560.832,35.2938,177.809,3.98632
-0.950569,585.433,35.8385,181.585,3.88069
-3.24979,525.974,29.7987,153.423,3.60912
0.00386811,578.392,36.5518,183.988,4.0028
-4.19679,521.799,28.6238,148.364,3.50565
-3.28415,580.358,32.8414,169.13,3.60528
1.11114,505.405,33.1317,165.52,4.15212
1.4975,589.686,39.1519,195.085,4.20628
-2.85328,578.871,33.2394,170.661,3.65383
0.63451,569.435,36.746,184.172,4.08679
-3.40273,586.883,33.0771,170.486,3.59209
0.366247,576.123,36.8489,185.025,4.05073
1.53999,555.036,36.9029,183.826,4.21231
1.11686,569.797,37.36,186.636,4.15291
0.500486,575.555,36.9766,185.496,4.06871
-2.74432,529.961,30.5434,156.699,3.66626
-0.148493,524.08,32.9522,166.042,3.98291
1.38575,517.606,34.24,170.739,4.1905
-2.23224,545.218,31.9709,163.436,3.72558
-2.57725,536.082,31.0712,159.22,3.68545
-0.844758,558.516,34.3119,173.723,3.89394
-2.06361,513.249,30.2678,154.548,3.74544
-1.39546,583.602,35.1982,178.89,3.82574
-1.69407,575.78,34.3802,175.095,3.78953
1.55839,597.31,39.7376,197.922,4.21492
-2.39089,532.098,31.035,158.828,3.70705
-3.26068,554.069,31.3788,161.571,3.6079
-1.92936,598.321,35.4446,180.812,3.76136
-2.86699,517.895,29.7243,152.628,3.65227
0.66046,585.639,37.8242,189.542,4.09031
0.983576,536.106,34.9967,174.988,4.13448
-0.533707,536.16,33.2822,168.149,3.9333
0.793691,558.986,36.2621,181.55,4.10843
-4.7254,563.481,30.3559,157.936,3.44984
-0.347255,536.382,33.5034,169.05,3.95719
-1.54192,591.409,35.4943,180.578,3.80791
-4.43366,568.546,30.9365,160.622,3.48047
-3.14981,545.279,30.9974,159.482,3.62031
-1.26063,563.085,34.1146,173.221,3.84227
0.245924,506.694,32.2791,162.213,4.03472
0.26785,563.84,35.9458,180.612,4.03763
-2.99801,503.536,28.7722,147.875,3.63741
-1.41644,596.203,35.933,182.651,3.82318
-2.26518,571.936,33.5004,171.294,3.72172
-1.87376,576.57,34.22,174.497,3.76799
-4.73724,578.913,31.1745,162.209,3.44861
0.219367,527.335,33.5645,168.702,4.03119
-1.45864,518.99,31.2351,158.818,3.81803
-3.24209,543.456,30.7972,158.555,3.60998
-3.21349,569.277,32.2918,166.216,3.61317
-4.69404,538.913,29.0635,151.179,3.45311
0.877008,543.749,35.3709,176.987,4.11983
-1.52125,504.084,30.2743,154,3.81042
-1.02584,506.298,30.9162,156.726,3.87131
-3.56093,533.324,29.8972,154.268,3.57461
-4.14362,568.841,31.261,161.973,3.51134
0.616943,507.598,32.7366,164.096,4.08442
-1.3155,590.266,35.6957,181.318,3.83553
-0.874939,535.737,32.8793,166.504,3.89016
0.505043,545.137,35.0277,175.714,4.06933
0.862249,598.095,38.8872,194.602,4.1178
-3.74788,539.854,30.0713,155.372,3.55412
1.68656,546.059,36.4815,181.547,4.23319
-3.09664,532.417,30.3209,155.943,3.62629
-3.27282,530.631,30.039,154.685,3.60654
-0.855313,569.557,34.9778,177.108,3.89262
-3.97083,598.53,33.0872,171.225,3.52992
1.61946,537.955,35.8608,178.539,4.22361
0.515394,537.171,34.5277,173.194,4.07072
-2.36488,592.439,34.5849,176.963,3.71007
0.406142,515.889,33.0399,165.854,4.05606
-0.815156,517.842,31.8445,161.198,3.89766
0.539429,550.625,35.4206,177.644,4.07395
-4.75606,588.941,31.6941,164.935,3.44665
-3.59173,570.104,31.9256,164.771,3.57123
-2.00063,508.285,30.0387,153.311,3.75289
1.09366,581.065,38.0696,190.211,4.1497
-2.10863,596.369,35.1164,179.361,3.74012
-2.44082,549.665,32.0056,163.852,3.70124
-4.48754,596.969,32.4232,168.406,3.47479
-0.853263,533.47,32.7639,165.895,3.89288
-2.42946,596.344,34.737,177.821,3.70256
-2.37031,576.519,33.6493,172.182,3.70944
-2.99922,521.023,29.7702,153.006,3.63727
-2.33672,584.836,34.1735,174.823,3.71336
-1.17322,590.039,35.8524,181.935,3.85304
-1.34262,509.851,30.8047,156.503,3.8322
-3.80188,561.051,31.1946,161.237,3.54824
-0.329591,588.676,36.7914,185.618,3.95947
-2.82929,506.002,29.0788,149.274,3.65656
-4.95073,528.092,28.2301,147.113,3.42646
-0.633819,543.08,33.5993,169.868,3.92057
-1.37691,552.593,33.3488,169.469,3.82801
-3.0735,510.998,29.124,149.763,3.62889
1.88485,582.445,39.1666,194.649,4.26171
1.05584,548.004,35.8588,179.211,4.14446
0.879912,584.144,38.0023,190.151,4.12023
-3.01652,521.529,29.7816,153.083,3.63532
-1.72363,581.769,34.7033,176.777,3.78597
1.80792,567.885,38.0911,189.402,4.25061
-1.77387,554.318,33.01,168.21,3.77994
-4.45342,503.05,27.3541,142.043,3.47839
1.4506,545.344,36.152,180.194,4.19965
-1.57691,544.484,32.6397,166.096,3.80367
-3.16387,526.358,29.9075,153.89,3.61873
-3.55177,580.429,32.548,167.935,3.57562
-4.7337,566.025,30.4842,158.613,3.44898
-2.45176,552.089,32.1349,164.527,3.69997
-3.56458,556.424,31.1883,160.934,3.57421
-3.67563,567.222,31.6736,163.567,3.56202
-0.356203,582.546,36.376,183.556,3.95604
-4.09055,560.554,30.8615,159.842,3.51703
-3.73947,579.314,32.2786,166.766,3.55504
0.726164,560.487,36.2784,181.715,4.09923
-1.16602,577.748,35.114,178.179,3.85393
-4.24043,584.775,32.0305,166.074,3.50099
-2.04912,585.059,34.5195,176.239,3.74715
0.844707,581.783,37.8047,189.207,4.1154
-0.0541867,575.918,36.3253,182.921,3.9952
1.05118,551.736,36.0975,180.41,4.14381
-2.5513,514.508,29.847,152.919,3.68845
-4.55501,549.624,29.7828,154.766,3.46768
0.192373,578.389,36.7811,184.904,4.02762
-2.99444,561.376,32.0811,164.877,3.63781
-1.36469,599.032,36.1661,183.77,3.8295
-4.69701,522.859,28.1949,146.663,3.4528
-0.108132,540.139,34.0075,171.313,3.98816
-0.327229,502.932,31.435,158.592,3.95977
-1.85411,510.408,30.3133,154.554,3.77033
-0.985496,527.071,32.2281,163.331,3.87633
-0.97223,566.638,34.6628,175.654,3.87799
1.81803,506.644,33.9947,169.022,4.25207
0.996768,560.62,36.6129,183.053,4.1363
-2.69237,568.461,32.8199,168.317,3.67221
-0.197958,589.029,36.9751,186.376,3.97648
-4.94459,575.171,30.7533,160.255,3.42709
-3.26933,500.3,28.3253,145.857,3.60693
-2.66241,558.926,32.3021,165.627,3.67565
-0.583943,555.226,34.4079,173.897,3.9269
-3.63616,560.012,31.3131,161.66,3.56635
-3.24056,504.39,28.5848,147.163,3.61015
0.223556,529.181,33.6867,169.312,4.03175
-2.18785,538.525,31.6257,161.622,3.73079
-2.43872,547.921,31.9064,163.342,3.70149
-4.3676,562.566,30.6803,159.217,3.48747
-2.85354,565.572,32.4755,166.739,3.6538
-4.52094,552.34,29.9649,155.675,3.47127
1.93191,588.618,39.6428,196.953,4.26852
-1.2184,565.382,34.3023,174.123,3.84746
-0.24466,506.537,31.7475,160.077,3.97043
0.67642,532.79,34.429,172.509,4.09247
-3.23857,513.205,29.0863,149.743,3.61037
-2.1489,512.81,30.1551,154.064,3.73537
-4.10246,504.44,27.7608,143.795,3.51575
-4.5348,525.646,28.5032,148.096,3.46981
1.9685,580.962,39.1742,194.577,4.27383
-2.32565,548.884,32.0847,164.125,3.71465
-4.44665,500.753,27.2355,141.42,3.4791
-2.22976,568.131,33.3173,170.316,3.72587
0.759979,500.482,32.4308,162.405,4.10383
-2.2083,595.536,34.9497,178.634,3.72839
-3.78436,514.338,28.6144,147.882,3.55015
-1.88459,586.917,34.8215,177.577,3.7667
-2.43774,538.355,31.3504,160.494,3.7016
1.36637,525.645,34.7496,173.303,4.18778
1.45783,514.688,34.1279,170.097,4.20067
-2.09778,573.054,33.7559,172.399,3.7414
1.34925,599.706,39.6234,197.632,4.18537
-4.78594,597.371,32.1148,167.16,3.44354
0.74576,540.197,34.9878,175.227,4.1019
0.491094,533.518,34.2653,171.906,4.06745
0.407632,547.795,35.0851,176.119,4.05626
-0.990466,571.568,34.9431,177.097,3.87572
-3.82774,503.172,27.9519,144.503,3.54543
1.7845,500.896,33.572,166.958,4.24724
-2.96511,534.765,30.5907,157.185,3.64113
-2.74769,554.399,31.9482,163.91,3.66588
1.84478,574.478,38.5801,191.786,4.25592
1.34868,561.658,37.1088,185.091,4.18529
-1.85294,585.285,34.7616,177.233,3.77047
-3.72096,531.519,29.6342,153.084,3.55706
-1.28287,598.401,36.2273,183.977,3.83953
0.363282,528.857,33.8224,169.832,4.05033
-2.23417,513.802,30.1268,154.011,3.72535
-0.62535,514.702,31.8527,161.028,3.92164
-3.73148,592.131,33.0017,170.493,3.55592
0.458202,517.08,33.1733,166.465,4.06304
-3.58004,598.921,33.5527,173.154,3.57251
-3.47694,518.025,29.1227,150.183,3.58388
1.34509,561.56,37.0979,185.041,4.18479
-0.543239,545.067,33.8243,170.899,3.93209
-4.30111,574.767,31.4171,162.964,3.49453
-1.10063,599.54,36.5184,185.221,3.86202
-2.37634,519.708,30.3273,155.19,3.70874
-4.99984,552.417,29.4807,153.684,3.4214
0.00774552,550.781,34.8114,175.223,4.00331
-3.02064,586.952,33.5129,172.268,3.63485
-4.87933,556.744,29.8349,155.397,3.43384
-0.750606,546.414,33.6741,170.383,3.90579
1.48232,515.967,34.2403,170.629,4.20413
-4.89105,510.194,27.3294,142.358,3.43263
-0.0685724,503.851,31.7646,159.97,3.99332
-3.63148,580.228,32.4486,167.517,3.56686
-0.222427,519.728,32.5983,164.343,3.97331
-1.03615,583.122,35.5951,180.458,3.87003
-4.80395,572.491,30.7582,160.119,3.44166
-0.0433994,562.589,35.4973,178.738,3.99661
1.24862,598.44,39.4088,196.696,4.17127
1.23221,526.803,34.6726,173.076,4.16897
0.679424,572.932,37.0267,185.521,4.09288
0.045081,595.896,37.7095,189.762,4.0082
-1.17912,598.985,36.3888,184.665,3.85231
-2.6428,513.304,29.6851,152.188,3.67791
1.71382,567.148,37.9243,188.692,4.2371
1.41021,587.79,38.9141,194.014,4.19395
-0.703088,582.623,35.9626,181.903,3.91179
0.845393,578.902,37.6183,188.273,4.1155
-2.09371,591.635,34.8551,178.008,3.74188
-2.54458,516.645,29.9777,153.582,3.68923
-4.1446,581.885,31.9768,165.683,3.51123
-0.722398,593.271,36.5962,185.133,3.90935
-2.25777,584.389,34.2384,175.059,3.72259
-0.9851,522.945,31.9762,162.054,3.87638
0.488332,552.059,35.4528,177.867,4.06708
-4.46965,532.587,28.9441,150.317,3.47667
-3.34569,523.259,29.5485,152.237,3.59843
-3.27938,524.119,29.6638,152.76,3.60581
-0.660093,510.613,31.563,159.602,3.91724
-3.13805,522.967,29.7409,153.005,3.62163
-2.53787,564.837,32.7814,167.938,3.69
1.47697,578.449,38.3799,191.265,4.20338
-2.50726,589.732,34.2617,175.484,3.69354
0.528487,546.98,35.1734,176.417,4.07248
-1.72036,542.181,32.3454,164.762,3.78636
-1.11173,561.281,34.1753,173.351,3.86065
-2.57875,596.785,34.5878,177.243,3.68528
-3.83142,559.359,31.0692,160.623,3.54503
-2.90263,504.665,28.93,148.587,3.64822
0.625395,523.659,33.7819,169.326,4.08556
-4.83646,544.126,29.2017,152.052,3.43829
-1.19537,512.658,31.1275,157.982,3.85031
-3.54166,576.891,32.3608,166.957,3.57674
-3.96943,549.868,30.3986,157.31,3.53007
-2.49194,570.439,33.158,169.812,3.69531
-3.79718,595.962,33.1409,171.292,3.54875
0.544404,512.47,32.9716,165.355,4.07462
-2.2705,597.823,35.0104,179.022,3.7211
-2.35567,548.703,32.0416,163.939,3.71115
-3.25614,538.342,30.4928,157.003,3.60841
-2.17418,523.929,30.7827,157.298,3.7324
-0.275475,573.637,35.9161,181.135,3.96645
1.84311,560.849,37.6627,187.227,4.25568
-1.74435,512.221,30.5334,155.558,3.78348
0.57764,519.065,33.4327,167.63,4.07911
1.31021,519.174,34.2584,170.918,4.17989
-2.41878,505.618,29.4628,150.811,3.7038
-4.73488,556.066,29.9467,155.818,3.44885
-2.67888,507.485,29.3129,150.317,3.67376
-4.72641,516.482,27.823,144.759,3.44974
-3.96885,575.982,31.8429,164.783,3.53014
-2.54291,572.556,33.2238,170.21,3.68942
-1.07783,533.441,32.517,164.901,3.86485
0.202263,533.188,33.9178,170.498,4.02893
-3.64858,522.827,29.2215,150.875,3.56499
-0.296213,527.488,33.0039,166.471,3.96377
-1.97362,501.058,29.6385,151.24,3.7561
0.957011,585.989,38.2195,191.137,4.13082
-2.0237,535.924,31.6476,161.548,3.75016
0.200482,595.989,37.9105,190.571,4.02869
-1.65879,527.604,31.5409,160.596,3.79378
-1.81894,503.755,29.9535,152.683,3.77454
0.479235,559.846,35.942,180.333,4.06586
-0.665567,541.951,33.494,169.373,3.91654
-0.979503,557.225,34.0787,172.703,3.87708
-4.39866,590.453,32.167,166.969,3.48418
1.74213,580.627,38.8617,193.32,4.24115
-4.27737,529.894,28.9878,150.338,3.49705
0.210059,588.328,37.4351,188.169,4.02996
-1.30207,524.2,31.7147,161.081,3.83717
-4.97166,528.572,28.2355,147.163,3.4243
-1.28388,583.89,35.3475,179.51,3.83941
-4.72712,580.638,31.2783,162.737,3.44966
0.252627,539.339,34.3664,172.694,4.03561
0.945438,557.774,36.3653,181.879,4.12922
1.82786,575.411,38.6212,192.012,4.25348
-1.12696,574.167,34.9421,177.259,3.85876
0.0991767,577.249,36.5952,184.087,4.01532
-2.15945,552.9,32.5011,166.062,3.73413
-0.95336,560.751,34.3244,173.916,3.88034
1.36832,524.972,34.7074,173.09,4.18805
-2.76607,557.441,32.1035,164.728,3.66377
1.17533,598.994,39.3502,196.501,4.16104
0.113119,544.201,34.5161,173.611,4.01716
-1.88315,513.087,30.4426,155.245,3.76687
1.22415,586.994,38.6239,192.81,4.16785
1.28657,553.681,36.507,182.165,4.17658
1.88908,592.227,39.8299,197.94,4.26232
-1.31174,590.46,35.7119,181.396,3.83599
0.155712,502.203,31.8974,160.393,4.02277
0.209708,535.855,34.0958,171.385,4.02992
-0.429911,568.407,35.4061,178.752,3.94657
-2.08843,510.119,30.0581,153.504,3.7425
-1.84773,572.523,34.0096,173.393,3.7711
-0.961456,597.904,36.5886,185.4,3.87933
-4.61145,528.6,28.5882,148.618,3.46176
-3.60922,591.027,33.0776,170.737,3.5693
-4.45255,524.255,28.508,148.033,3.47848
-2.99972,511.798,29.2426,150.295,3.63722
-3.10634,537.422,30.5959,157.368,3.62519
-4.44499,579.676,31.5298,163.716,3.47928
-0.403006,561.37,34.9991,176.665,3.95003
-3.53265,515.875,28.9469,149.335,3.57773
-0.343555,522.207,32.622,164.599,3.95767
1.17428,527.558,34.6561,173.061,4.1609
1.21875,598.946,39.4033,196.708,4.16709
0.384127,581.155,37.1927,186.729,4.05312
-3.65357,565.12,31.58,163.058,3.56444
-3.44704,512.097,28.8187,148.584,3.58718
-0.728209,526.538,32.4734,164.283,3.90862
-3.48671,515.159,28.952,149.313,3.5828
-0.602261,577.68,35.7776,180.842,3.92457
1.41491,598.503,39.6295,197.575,4.19461
-2.41772,550.949,32.1055,164.337,3.70393
0.284067,540.245,34.4601,173.127,4.03978
-3.47099,530.546,29.8327,153.837,3.58453
-4.15754,504.031,27.6862,143.465,3.50985
0.509097,593.867,38.1639,191.441,4.06987
1.17121,595.554,39.1188,195.351,4.16047
-2.13727,509.843,29.9924,153.221,3.73674
-0.724804,535.676,33.0408,167.149,3.90905
0.0817097,505.316,32.0164,161.073,4.01302
-0.274273,572.056,35.8186,180.641,3.9666
-1.96953,585.97,34.666,176.889,3.75659
0.0931267,541.085,34.2956,172.526,4.01452
1.66455,560.687,37.4316,186.303,4.23005
-2.53869,577.656,33.5245,171.746,3.68991
1.52714,512.486,34.0595,169.676,4.21048
0.12589,565.885,35.9066,180.59,4.01884
-1.73742,511.997,30.5272,155.519,3.78431
-0.492968,501.322,31.1619,157.393,3.9385
0.993345,595.22,38.8682,194.333,4.13582
-2.78874,548.758,31.5792,162.064,3.66118
-1.59262,529.587,31.7299,161.484,3.80177
0.0828005,510.13,32.3226,162.612,4.01316
-4.3109,590.981,32.2926,167.517,3.49349
-2.73752,503.596,29.0306,148.931,3.66704
-0.0019109,501.105,31.6615,159.379,4.00204
0.93532,552.467,36.0073,180.101,4.12783
0.858888,524.675,34.1097,170.698,4.11734
0.178379,515.898,32.7919,164.865,4.02577
1.0385,588.049,38.4572,192.219,4.14206
0.348722,572.695,36.6083,183.839,4.04839
0.729224,584.52,37.8379,189.522,4.09965
-0.235691,531.17,33.3013,167.902,3.97159
-4.06545,597.882,32.9448,170.602,3.51973
-1.26175,585.197,35.4529,180.018,3.84213
-0.378648,514.806,32.1222,162.116,3.95315
-1.58817,549.387,32.9211,167.541,3.80231
-1.29908,519.918,31.4588,159.778,3.83754
-3.37,520.386,29.362,151.302,3.59573
-2.92313,508.71,29.1417,149.696,3.64589
-3.24262,560.178,31.7442,163.431,3.60992
-3.04098,547.839,31.2581,160.7,3.63256
-3.16496,549.334,31.2119,160.603,3.61861
1.81573,583.04,39.1177,194.496,4.25174
-0.177056,513.27,32.2419,162.495,3.9792
1.76393,532.716,35.6806,177.469,4.24428
0.330078,543.49,34.7199,174.378,4.04591
-3.72172,527.323,29.3995,151.873,3.55698
-1.00981,579.235,35.3889,179.38,3.87331
0.0731392,512.358,32.4533,163.28,4.01189
1.97528,518.865,34.9948,173.81,4.27481
-0.204551,527.008,33.0746,166.723,3.97563
-3.82476,578.283,32.1276,166.087,3.54575
-4.81291,574.867,30.8764,160.745,3.44073
-2.85448,514.051,29.5162,151.546,3.65369
-2.53158,569.19,33.0411,169.261,3.69073
-4.93133,520.35,27.8348,145.033,3.42846
0.848109,586.339,38.105,190.706,4.11587
-1.52313,545.778,32.7763,166.729,3.81019
-0.177469,592.68,37.2296,187.633,3.97914
-2.95512,566.054,32.3915,166.427,3.64226
-4.19674,531.112,29.1347,151.013,3.50565
-4.35043,548.13,29.9106,155.204,3.48929
-1.05889,548.648,33.4652,169.687,3.8672
-1.64932,534.541,31.9658,162.748,3.79492
-3.74374,577.446,32.1698,166.209,3.55458
-1.80301,549.852,32.712,166.725,3.77645
-2.72645,584.963,33.7337,173.045,3.66831
-2.8382,577.587,33.1827,170.352,3.65554
-0.572637,587.662,36.4318,184.111,3.92834
0.344013,560.127,35.7994,179.782,4.04776
-1.16134,577.525,35.106,178.133,3.85451
-4.29943,501.691,27.4243,142.251,3.49471
-0.100215,584.718,36.824,185.49,3.98919
0.164317,557.565,35.4239,178.115,4.02391
-0.590966,534.7,33.1282,167.437,3.92601
-3.32295,553.135,31.2597,161.028,3.60096
-0.744657,566.391,34.9122,176.64,3.90654
-0.293492,501.861,31.4033,158.395,3.96412
0.00902069,520.967,32.9284,165.744,4.00347
-4.4643,583.907,31.739,164.825,3.47724
-3.95606,505.876,27.9794,144.777,3.53152
-1.76723,543.138,32.3515,164.847,3.78073
-1.44405,510.824,30.7587,156.379,3.81981
-1.49322,544.728,32.7461,166.541,3.81382
-0.997412,585.788,35.8042,181.47,3.87485
-0.537278,583.204,36.1981,182.885,3.93285
0.903,513.236,33.4148,167.17,4.12339
-0.520611,590.205,36.653,185.163,3.93497
1.50576,587.908,39.0445,194.539,4.20745
-4.36618,593.147,32.3497,167.879,3.48762
0.182094,550.079,34.9688,175.806,4.02626
-3.35416,549.053,30.9962,159.706,3.59749
-1.64789,578.502,34.5963,176.139,3.79509
-1.26439,597.128,36.1726,183.675,3.8418
0.227152,555.012,35.3352,177.593,4.03223
-4.92442,529.27,28.3187,147.547,3.42918
-1.82496,580.979,34.5383,176.061,3.77382
-3.8415,535.702,29.7449,153.788,3.54393
-4.25759,534.029,29.2338,151.592,3.49916
1.67325,594.485,39.6993,197.578,4.23129
-4.66654,539.611,29.1287,151.488,3.45599
-1.27851,556.295,33.6831,171.051,3.84007
-1.56965,534.229,32.0327,162.999,3.80455
0.226208,505.092,32.156,161.616,4.0321
-2.47552,573.681,33.3649,170.853,3.69722
-2.70956,543.943,31.3861,160.983,3.67024
-4.7169,548.594,29.5624,153.799,3.45073
0.31792,516.509,32.9831,165.669,4.04429
-4.91856,584.779,31.295,163.048,3.42978
-3.19299,577.997,32.8093,168.855,3.61547
-4.16084,593.395,32.5912,168.886,3.50949
0.949949,577.67,37.6681,188.389,4.12985
1.90234,560.104,37.6859,187.268,4.26424
-0.11181,503.45,31.6937,159.661,3.98768
-0.994357,585.352,35.7811,181.349,3.87523
1.87794,596.937,40.1319,199.456,4.26071
-3.26645,584.574,33.0999,170.439,3.60726
-2.47685,516.61,30.0444,153.85,3.69706
-4.99688,527.13,28.1341,146.661,3.4217
1.3761,515.071,34.0615,169.86,4.18915
-1.37364,559.716,33.7823,171.668,3.82841
0.309007,592.756,37.8408,190.08,4.0431
-2.12175,570.749,33.5929,171.596,3.73857
-0.0767418,510.24,32.1587,161.964,3.99226
0.593775,589.098,37.9637,190.327,4.08129
1.3088,577.738,38.1211,190.191,4.17969
0.18081,561.128,35.6697,179.331,4.02609
-2.11502,550.128,32.3866,165.426,3.73937
1.83484,583.205,39.1533,194.649,4.25449
-1.78289,578.664,34.4494,175.556,3.77886
-1.36842,594.816,35.9071,182.459,3.82904
-4.64248,580.882,31.3824,163.18,3.45851
-0.954716,523.75,32.058,162.435,3.88018
1.88663,587.577,39.514,196.373,4.26197
-3.02503,522.534,29.8304,153.343,3.63436
-1.42343,543.22,32.732,166.388,3.82232
-4.06902,583.046,32.1234,166.353,3.51934
-2.03839,506.108,29.8721,152.5,3.74842
-1.19324,564.188,34.2587,173.872,3.85057
1.75868,562.081,37.6409,187.226,4.24353
-0.511685,531.501,33.0172,166.785,3.93611
-1.22149,592.379,35.9365,182.423,3.84708
-4.44003,534.467,29.0757,150.968,3.4798
-3.93789,568.331,31.4531,162.73,3.53348
1.34265,508.802,33.6099,167.646,4.18444
-4.8831,572.674,30.6845,159.826,3.43345
-2.48931,594.065,34.5343,176.858,3.69562
0.517968,509.932,32.7796,164.422,4.07107
-2.594,539.296,31.2398,160.103,3.68352
-4.7225,559.875,30.1646,156.938,3.45014
-3.85983,594.779,33.0046,170.663,3.54194
-4.58781,577.003,31.2313,162.331,3.46424
1.85741,566.422,38.0548,189.159,4.25775
-2.3211,526.639,30.789,157.492,3.71518
-3.68129,501.699,28.0094,144.65,3.5614
0.369774,540.724,34.5887,173.672,4.0512
-1.98445,592.576,35.0392,178.812,3.75481
-2.95613,568.379,32.5235,167.106,3.64215
1.58919,504.907,33.6243,167.438,4.2193
1.03647,523.416,34.228,171.083,4.14178
-4.81999,580.619,31.1778,162.322,3.44
-0.524719,564.234,35.0353,176.996,3.93445
1.80661,511.775,34.3261,170.683,4.25042
0.739999,508.311,32.9163,164.859,4.10111
-3.37094,559.964,31.5941,162.806,3.59562
-2.4635,582.812,33.9098,173.628,3.69861
0.893843,515.118,33.5271,167.742,4.12214
-1.1063,524.964,31.9698,162.158,3.86132
-4.67613,592.971,31.9985,166.424,3.45499
-0.343143,585.846,36.598,184.66,3.95772
-0.513646,509.86,31.6707,159.986,3.93586
-4.96072,536.051,28.6458,149.29,3.42543
-0.830572,529.378,32.5372,164.722,3.89572
1.11319,511.85,33.5565,167.64,4.1524
-2.74075,599.388,34.5489,177.244,3.66667
0.710324,569.378,36.8346,184.52,4.09708
-4.48825,535.662,29.0927,151.108,3.47471
-3.87158,544.83,30.2208,156.281,3.54067
-2.37232,591.57,34.5254,176.668,3.70921
-2.17224,502.004,29.4965,150.724,3.73263
0.891899,599.877,39.0412,195.333,4.12187
-3.72293,506.484,28.2365,145.866,3.55685
0.413257,538.895,34.5215,173.283,4.05701
0.969454,583.876,38.0973,190.51,4.13253
-1.29946,552.757,33.4454,169.869,3.8375
-1.85986,582.661,34.5977,176.406,3.76965
-0.676237,571.036,35.2789,178.412,3.91519
-0.316553,539.201,33.7139,170.076,3.96115
-4.06708,503.463,27.7405,143.654,3.51955
1.35879,592.277,39.1448,195.233,4.18671
-1.95588,569.237,33.6916,171.901,3.75821
1.9429,563.572,37.9697,188.627,4.27012
-3.85776,556.002,30.855,159.545,3.54217
-1.06133,570.258,34.7805,176.359,3.8669
-0.585976,535.263,33.1686,167.635,3.92665
-2.42182,592.726,34.5351,176.779,3.70345
-2.41675,581.024,33.8591,173.312,3.70404
-2.73154,569.071,32.8116,168.321,3.66772
-0.730004,564.123,34.7894,176.001,3.90839
-3.43701,594.866,33.4881,172.646,3.58829
-2.8423,528.106,30.3357,155.741,3.65508
0.988969,593.686,38.7624,193.81,4.13522
-2.9777,546.048,31.2228,160.447,3.63971
-4.86514,570.736,30.5996,159.363,3.43531
1.0498,582.527,38.1103,190.471,4.14362
-4.50864,586.315,31.8215,165.306,3.47256
0.21463,504.845,32.128,161.487,4.03057
-2.24454,517.343,30.3238,155.029,3.72414
-4.08648,507.572,27.9484,144.75,3.51747
-3.6366,582.413,32.5651,168.125,3.5663
-0.269502,599.655,37.5526,189.38,3.96722
-0.303555,523.953,32.7747,165.324,3.96282
-1.12383,514.368,31.3062,158.811,3.85915
-1.03588,524.911,32.042,162.445,3.87006
-2.88755,569.2,32.6462,167.656,3.64993
-2.84906,539.648,30.9916,159.116,3.65431
-1.09624,564.946,34.4163,174.554,3.86257
-3.72224,593.964,33.1143,171.063,3.55692
-4.64614,535.581,28.9314,150.44,3.45812
-2.97727,521.601,29.8254,153.266,3.63976
1.11461,591.955,38.8099,193.883,4.1526
-2.51491,557.939,32.4062,165.989,3.69266
-1.86755,518.06,30.7538,156.815,3.76873
1.13094,580.15,38.0565,190.097,4.15487
-4.20981,591.801,32.4493,168.209,3.50426
-2.51814,586.874,34.0831,174.583,3.69228
-1.44589,559.431,33.6834,171.251,3.81959
-0.317576,573.259,35.8422,180.814,3.96102
1.27783,502.467,33.1206,165.278,4.17535
0.699388,556.061,35.9601,180.153,4.09559
0.753204,549.371,35.5907,178.237,4.10291
-3.22154,588.957,33.399,171.925,3.61227
-4.97262,557.55,29.7825,155.227,3.4242
-4.20559,599.117,32.8552,170.308,3.50471
-2.65982,551.996,31.9044,163.585,3.67595
0.439216,510.096,32.7047,164.135,4.06049
0.946773,598.32,39.0105,195.107,4.12941
-1.97469,563.68,33.3416,170.137,3.75597
-4.53049,554.053,30.048,156.117,3.47026
1.53809,524.295,34.8568,173.636,4.21204
-4.18034,551.895,30.2917,156.991,3.50741
-2.46429,552.478,32.1439,164.587,3.69852
-4.7404,504.026,27.1389,141.214,3.44828
0.407206,564.53,36.1564,181.497,4.0562
1.53408,544.532,36.1975,180.319,4.21147
-2.63437,580.064,33.5555,172.02,3.67888
1.31763,518.188,34.2017,170.627,4.18093
-2.61219,518.586,30.0217,153.88,3.68143
1.27268,517.69,34.1183,170.262,4.17463
-4.71231,568.42,30.6357,159.377,3.45121
-0.437973,580.585,36.155,182.543,3.94554
-0.281438,592.314,37.0781,187.003,3.96568
1.42852,525.654,34.8214,173.588,4.19653
-2.57479,572.143,33.1641,169.942,3.68574
-1.9641,575.069,34.0273,173.624,3.75723
-0.16079,556.766,34.9931,176.341,3.98131
0.155074,524.11,33.2881,167.387,4.02269
-1.33254,502.542,30.3733,154.301,3.83344
1.64446,580.559,38.7327,192.805,4.22718
-1.39426,560.555,33.8096,171.831,3.82589
0.0414773,546.475,34.5779,174.008,4.00773
-1.88678,519.81,30.8377,157.264,3.76644
-4.13366,536.432,29.49,152.786,3.5124
-4.05707,568.95,31.3596,162.384,3.52063
-1.70887,590.702,35.2536,179.562,3.78775
1.5888,581.261,38.7086,192.757,4.21925
-3.53892,537.045,30.1284,155.437,3.57704
-1.44152,553.946,33.3581,169.592,3.82012
0.652375,525.115,33.9061,169.917,4.08921
1.32264,539.723,35.629,177.741,4.18163
-1.81709,551.867,32.8163,167.273,3.77476
-0.157358,532.101,33.4467,168.544,3.98176
0.354462,555.144,35.4931,178.232,4.04916
1.4418,556.907,36.9079,183.973,4.19841
-0.586348,563.667,34.9283,176.529,3.9266
-0.563403,566.385,35.1235,177.488,3.92952
0.403784,553.896,35.4713,178.062,4.05575
-2.23971,594.104,34.8288,178.055,3.7247
-3.68939,575.181,32.103,165.801,3.56052
-4.41239,554.867,30.2141,156.848,3.48272
-1.56325,559.203,33.5374,170.648,3.80533
0.46434,508.546,32.6325,163.744,4.06386
1.71783,568.309,38.007,189.099,4.23767
-0.898721,529.986,32.5005,164.613,3.88718
0.496435,573.197,36.8201,184.717,4.06817
-0.580892,546.971,33.8999,171.325,3.92729
-3.8178,576.259,32.0227,165.536,3.54651
0.489167,572.592,36.7724,184.486,4.06719
1.23962,538.247,35.4345,176.87,4.17001
0.871104,595.513,38.7307,193.807,4.11902
-3.98032,535.526,29.5947,153.162,3.5289
-3.94643,514.363,28.4581,147.244,3.53256
-3.93525,589.448,32.6248,168.789,3.53377
0.694043,544.221,35.1882,176.292,4.09486
0.817011,524.995,34.0834,170.614,4.11162
-3.52584,545.754,30.6306,158.013,3.57848
-0.649066,518.756,32.0781,162.195,3.91863
-1.32553,526.73,31.8427,161.758,3.8343
-1.87958,565.48,33.5552,171.114,3.76729
-3.5546,571.947,32.0693,165.469,3.57531
-0.382847,540.746,33.736,170.265,3.95261
-4.85007,574.248,30.8038,160.41,3.43688
-3.18643,545.37,30.9641,159.352,3.6162
-1.17119,513.351,31.1947,158.297,3.85329
-0.685694,538.792,33.2764,168.296,3.91399
1.72667,526.269,35.2057,175.151,4.23894
-3.69179,585.275,32.6637,168.699,3.56025
-2.4203,549.069,31.9931,163.765,3.70363
1.37665,599.734,39.661,197.783,4.18922
1.55949,516.946,34.3924,171.298,4.21508
1.51392,565.608,37.5736,187.2,4.20861
-3.52162,560.671,31.4723,162.351,3.57895
1.34592,591.074,39.0487,194.77,4.1849
-1.91767,519.937,30.8133,157.173,3.76275
-3.08344,524.661,29.8926,153.726,3.62777
1.32033,585.253,38.6316,192.723,4.18131
-1.41562,513.756,30.9647,157.396,3.82328
-4.44235,595.33,32.3842,168.149,3.47955
0.281386,573.55,36.5812,183.787,4.03943
0.501966,591.613,38.0101,190.679,4.06891
-0.402593,560.589,34.951,176.421,3.95008
0.982992,505.973,33.029,165.15,4.1344
1.79719,544.792,36.5293,181.649,4.24907
-3.63505,563.319,31.4992,162.619,3.56647
-4.74981,525.785,28.3014,147.273,3.4473
-1.78937,569.127,33.8743,172.633,3.77808
-2.23803,583.027,34.1813,174.743,3.7249
-1.34364,510.55,30.8458,156.714,3.83208
-1.53939,584.714,35.0954,178.546,3.80822
-3.02561,527.719,30.1258,154.862,3.63429
-3.14555,510.168,29.0057,149.23,3.62079
1.81284,527.83,35.4102,176.066,4.25132
-0.143544,514.235,32.3385,162.945,3.98355
-2.27933,527.254,30.8685,157.853,3.72006
0.633563,597.807,38.5757,193.343,4.08667
-0.483286,522.649,32.498,164.131,3.93974
1.46925,556.278,36.8995,183.897,4.20228
-1.73237,536.624,32.0009,163.021,3.78492
0.0171097,591.046,37.3679,188.079,4.00453
-1.20664,553.093,33.5699,170.392,3.84891
-3.26737,599.697,33.9551,174.844,3.60715
-1.67231,565.719,33.8042,172.135,3.79215
1.88601,575.714,38.7154,192.405,4.26188
-2.03981,576.742,34.0395,173.777,3.74825
-3.34071,510.319,28.8226,148.492,3.59898
-1.18586,561.081,34.0784,172.948,3.85148
0.47303,576.783,37.0218,185.758,4.06503
-1.03391,515.2,31.4513,159.448,3.87031
-2.63808,595.722,34.457,176.646,3.67845
-4.94577,584.729,31.2631,162.913,3.42697
-4.5843,564.246,30.5444,158.757,3.46461
-4.85122,524.359,28.1266,146.469,3.43676
-0.36905,568.211,35.4657,178.978,3.95439
-4.43541,546.768,29.7496,154.462,3.48029
-1.41329,574.235,34.6126,175.936,3.82356
1.73215,508.424,34.018,169.236,4.23972
-1.71602,566.487,33.8004,172.168,3.78688
-2.34424,550.607,32.1652,164.558,3.71248
-3.81138,561.332,31.2001,161.277,3.54721
-1.43174,569.155,34.2852,174.294,3.82131
0.415273,548.777,35.1569,176.47,4.05728
-2.51671,528.792,30.7115,157.31,3.69245
0.152277,568.7,36.1169,181.615,4.02232
-2.75948,575.075,33.1265,169.97,3.66453
-1.84804,501.238,29.7748,151.802,3.77106
-1.74282,527.947,31.4724,160.34,3.78366
-2.26735,506.886,29.688,151.803,3.72147
0.186819,500.015,31.7912,159.825,4.02689
-0.888443,557.18,34.1798,173.107,3.88846
-3.92742,593.074,32.8342,169.863,3.53462
-0.945685,558.585,34.2006,173.28,3.8813
-3.15169,566.386,32.1952,165.647,3.6201
0.296327,565.299,36.0728,181.215,4.04141
-2.56188,589.869,34.2065,175.268,3.68723
-0.18103,540.806,33.9671,171.195,3.97868
1.34663,504.528,33.332,166.255,4.185
-3.30559,535.3,30.2697,155.909,3.60289
-3.99882,509.057,28.1142,145.519,3.5269
1.46577,573.438,38.0334,189.552,4.20179
1.14024,563.764,36.9929,184.773,4.15616
-1.00324,517.464,31.6219,160.279,3.87412
-4.24225,519.073,28.43,147.408,3.5008
0.393123,549.942,35.2057,176.742,4.05432
1.32887,563.029,37.1751,185.446,4.18251
0.253414,592.255,37.7392,189.641,4.03571
-4.60646,536.224,29.0055,150.782,3.46228
0.0383505,570.872,36.1179,181.761,4.00732
0.552269,552.015,35.5251,178.152,4.07568
0.222238,585.238,37.2535,187.241,4.03158
-2.37512,590.52,34.4609,176.341,3.70888
-2.42511,574.534,33.4715,171.338,3.70307
1.21641,525.04,34.5386,172.425,4.16677
-1.60131,543.107,32.5305,165.568,3.80072
-3.05962,542.171,30.9152,158.958,3.63045
1.77754,581.793,38.9851,193.887,4.24624
0.394444,570.933,36.551,183.494,4.0545
-3.76196,531.385,29.5853,152.876,3.55259
-1.67728,525.05,31.3687,159.739,3.79155
-4.88022,527.169,28.2491,147.138,3.43375
-3.84812,519.718,28.8509,149.172,3.54321
-2.60196,594.398,34.4225,176.424,3.68261
-1.64403,534.763,31.9848,162.839,3.79556
0.257224,578.694,36.8797,185.318,4.03622
-1.01852,526.321,32.1467,162.956,3.87222
-4.11599,533.536,29.3485,152.034,3.5143
0.460399,551.002,35.3522,177.396,4.06333
0.492189,531.107,34.1117,171.134,4.0676
0.325308,502.488,32.0956,161.203,4.04527
-1.38075,597.608,36.0608,183.255,3.82754
-1.2114,599.66,36.3905,184.714,3.84833
-2.27463,520.857,30.4988,155.957,3.72061
-2.53407,514.569,29.8679,153.008,3.69044
-0.406926,523.669,32.6444,164.783,3.94952
0.603105,506.039,32.6211,163.533,4.08255
1.71185,536.667,35.8838,178.542,4.23681
-1.80137,576.321,34.2886,174.759,3.77664
1.38789,572.748,37.8904,188.939,4.19081
1.86113,572.282,38.4532,191.134,4.25828
1.8933,503.394,33.8601,168.267,4.26293
-3.71186,516.355,28.7976,148.753,3.55806
-0.684153,512.981,31.6839,160.24,3.91419
1.1396,549.478,36.0547,180.088,4.15607
0.543919,557.361,35.8592,179.838,4.07456
-2.21168,599.774,35.1944,179.889,3.72799
-4.29916,529.274,28.9324,150.073,3.49473
-1.22499,598.522,36.3049,184.297,3.84665
-4.60169,537.861,29.0988,151.262,3.46278
1.09696,522.218,34.2179,170.963,4.15015
-2.95943,549.339,31.4304,161.494,3.64177
1.65324,581.913,38.8342,193.299,4.22843
-2.55171,543.493,31.528,161.532,3.6884
1.09702,563.568,36.9274,184.5,4.15016
-3.4368,564.229,31.7636,163.755,3.58832
-1.02734,571.928,34.9221,177.035,3.87112
-0.718454,547.008,33.7469,170.714,3.90985
-1.70586,530.46,31.6616,161.263,3.78811
1.36097,574.896,37.9988,189.514,4.18702
-2.35871,547.309,31.9569,163.509,3.71079
-0.547764,598.309,37.1226,187.57,3.93151
0.955057,540.156,35.2279,176.178,4.13055
-2.97532,588.725,33.6658,172.999,3.63998
-3.30499,555.998,31.4407,161.94,3.60296
1.50334,515.558,34.2368,170.587,4.20711
0.553761,505.139,32.51,163.03,4.07589
-1.4369,564.04,33.9712,172.703,3.82068
-1.77237,575.874,34.2954,174.758,3.78012
1.17985,560.146,36.8036,183.778,4.16167
-1.80258,562.317,33.4541,170.507,3.7765
-1.47604,549.01,33.0226,167.927,3.81591
-2.66376,582.344,33.654,172.56,3.6755
-2.87668,579.383,33.2424,170.705,3.65116
1.98946,512.746,34.5982,171.824,4.27688
-2.91144,545.105,31.239,160.456,3.64722
0.0148207,555.442,35.1143,176.739,4.00423
-1.44955,580.536,34.9499,177.695,3.81914
-0.640526,544.182,33.66,170.183,3.91972
0.559767,570.291,36.7104,184.087,4.0767
-1.87755,539.409,32.0104,163.234,3.76754
1.12086,593.053,38.8899,194.274,4.15347
-0.706068,561.267,34.6409,175.221,3.91142
-0.36128,599.029,37.399,188.724,3.95539
-2.56494,549.184,31.8438,163.166,3.68687
-1.95404,582.419,34.4739,175.89,3.75843
-4.79337,573.829,30.8413,160.54,3.44276
-2.39472,535.596,31.235,159.856,3.7066
-3.93581,508.651,28.1522,145.65,3.53371
-1.64087,527.904,31.5779,160.764,3.79594
0.828634,541.523,35.1699,176.039,4.1132
-0.410438,569.564,35.5012,179.208,3.94907
-0.683388,519.308,32.0755,162.22,3.91429
-2.75644,599.759,34.5519,177.279,3.66487
0.0320782,569.169,36.0027,181.189,4.0065
-3.01998,502.364,28.6838,147.444,3.63493
-2.27365,530.252,31.0499,158.774,3.72073
1.27218,558.441,36.8034,183.662,4.17456
-4.18649,520.269,28.5499,147.971,3.50675
1.24933,533.873,35.1578,175.477,4.17137
-0.536659,551.814,34.2505,173.045,3.93293
-0.556198,572.856,35.5334,179.55,3.93044
-1.40512,544.29,32.8166,166.797,3.82456
-3.89985,536.05,29.7051,153.645,3.5376
-2.76085,594.529,34.2455,175.713,3.66437
-4.36814,553.219,30.17,156.57,3.48741
-0.932642,584.034,35.7743,181.237,3.88293
-4.25242,527.346,28.8731,149.716,3.49971
0.279679,574.245,36.6235,184.002,4.0392
-4.04819,569.28,31.3873,162.517,3.52158
0.897406,589.268,38.3578,191.906,4.12262
1.24707,596.192,39.2588,195.949,4.17105
-4.01031,557.292,30.7661,159.258,3.52566
0.320183,576.16,36.795,184.812,4.04459
-4.04928,514.037,28.3404,146.742,3.52147
-0.31157,538.623,33.6834,169.917,3.96179
-4.30221,543.527,29.7084,154.102,3.49441
-3.17867,547.694,31.1043,160.064,3.61707
-1.30623,509.389,30.8143,156.513,3.83666
-4.40893,518.072,28.2139,146.461,3.48309
-1.02568,586.144,35.792,181.443,3.87133
1.27102,533.435,35.154,175.433,4.1744
-2.78835,504.882,29.0547,149.108,3.66123
-2.28802,586.117,34.3046,175.434,3.71905
1.01003,508.208,33.2045,165.997,4.13813
-0.98948,538.005,32.8923,166.702,3.87584
-4.95375,517.937,27.6844,144.273,3.42615
-1.66094,500.439,29.9148,152.318,3.79352
-3.22744,597.143,33.8564,174.287,3.61161
-4.62736,578.41,31.265,162.553,3.46009
-4.49034,533.24,28.9591,150.417,3.47449
-0.342072,546.788,34.1593,172.353,3.95786
-1.06381,560.224,34.1657,173.245,3.86659
-1.14435,505.64,30.7538,156.031,3.85661
0.561564,544.536,35.0546,175.781,4.07694
-2.84438,512.679,29.4475,151.183,3.65484
1.24069,557.699,36.7163,183.267,4.17016
-4.50575,507.834,27.5648,143.19,3.47287
-0.966396,580.814,35.5369,180.077,3.87872
-3.80444,516.964,28.7408,148.557,3.54796
-3.38645,577.441,32.563,167.817,3.5939
-1.15032,500.398,30.4289,154.389,3.85587
0.459566,505.325,32.4207,162.687,4.06322
-4.83042,515.03,27.6459,143.945,3.43891
-1.8871,578.797,34.3368,175.109,3.7664
1.56524,565.102,37.6034,187.283,4.21589
0.883299,535.376,34.8335,174.291,4.12069
-1.90823,561.386,33.2802,169.746,3.76388
-2.71498,584.005,33.6915,172.815,3.66962
-3.14161,559.77,31.83,163.757,3.62123
0.849388,534.056,34.7087,173.707,4.11604
-1.47087,546.129,32.855,167.068,3.81654
1.43681,571.844,37.8916,188.882,4.1977
1.64721,568.893,37.9578,188.944,4.22757
1.5046,539.325,35.8166,178.457,4.20729
-0.282976,518.898,32.4807,163.818,3.96548
-4.00498,587.268,32.4268,167.848,3.52624
0.82305,578.853,37.5874,188.147,4.11244
-2.39284,557.666,32.5242,166.451,3.70682
-0.83448,501.55,30.8228,156.047,3.89523
1.40192,539.618,35.7152,178.075,4.19278
1.29868,559.507,36.9059,184.141,4.17827
0.911661,540.267,35.1847,176.014,4.12458
-4.57083,574.985,31.1402,161.838,3.46602
-1.30516,502.332,30.3885,154.349,3.8368
0.0534301,564.166,35.7115,179.697,4.0093
0.341543,501.129,32.026,160.835,4.04743
-0.968771,577.29,35.3185,178.973,3.87842
-2.79504,561.433,32.3018,165.779,3.66047
-0.399636,590.366,36.811,185.806,3.95046
-0.273727,561.478,35.1569,177.304,3.96668
-2.72842,556.198,32.0728,164.527,3.66808
1.24375,502.666,33.0966,165.196,4.17059
-3.41778,522.113,29.4116,151.609,3.59043
-3.81396,573.998,31.9013,164.904,3.54692
-1.6689,534.288,31.9297,162.586,3.79256
-0.220562,550.753,34.5464,174.161,3.97355
1.31259,594.859,39.2557,195.847,4.18022
-0.284289,598.625,37.4697,188.981,3.96531
-2.1495,519.315,30.5371,156.016,3.7353
1.03479,506.928,33.148,165.687,4.14154
-0.826407,543.632,33.4179,169.176,3.89625
-1.99059,525.405,31.061,158.517,3.75409
-1.75322,515.354,30.711,156.472,3.78242
-4.50768,522.34,28.3503,147.273,3.47266
-0.988871,507.546,31.0307,157.267,3.87591
-2.01545,507.655,29.9865,153.06,3.75114
-3.46893,537.615,30.2323,155.896,3.58476
0.95949,507.811,33.1233,165.648,4.13116
-1.94868,511.437,30.2779,154.476,3.75906
-0.63471,501.312,31.0143,156.8,3.92045
-1.02637,551.566,33.6798,170.737,3.87124
-1.15587,571.548,34.749,176.315,3.85518
-3.64998,568.391,31.7666,164.017,3.56483
-0.617173,553.078,34.2369,173.072,3.92268
-1.8006,503.286,29.9441,152.616,3.77673
-0.136214,582.107,36.6157,184.487,3.98451
-0.000840039,513.007,32.4147,163.169,4.00218
-3.22036,559.074,31.7056,163.207,3.61241
-4.36261,506.41,27.6225,143.344,3.488
-0.475341,518.87,32.2716,162.978,3.94076
-4.15876,537.469,29.5217,152.977,3.50972
-1.07606,569.385,34.7101,176.02,3.86507
-1.12274,566.235,34.4642,174.83,3.85928
-0.969231,599.324,36.666,185.801,3.87836
-2.46897,553.157,32.1784,164.769,3.69798
-0.758224,564.858,34.8019,176.099,3.90483
-0.658036,597.067,36.9096,186.635,3.9175
-1.77462,590.865,35.1856,179.297,3.77985
-3.49409,523.626,29.4204,151.736,3.58198
-3.26785,536.543,30.3789,156.43,3.6071
-4.00951,538.727,29.742,153.956,3.52575
-2.53737,571.27,33.1554,169.853,3.69006
-3.96407,560.812,31.0093,160.464,3.53065
-4.86413,552.36,29.6154,154.236,3.43542
0.533723,539.059,34.67,173.886,4.07319
-0.940338,598.962,36.6792,185.832,3.88197
-4.19937,542.406,29.7515,154.213,3.50537
-0.699738,536.32,33.1082,167.461,3.91222
-2.32188,556.755,32.5489,166.495,3.71509
-3.07585,529.339,30.1669,155.128,3.62863
-2.35849,519.462,30.3312,155.191,3.71082
1.2789,568.106,37.4486,186.874,4.1755
-3.39368,559.887,31.5654,162.684,3.5931
-2.06986,534.17,31.495,160.821,3.7447
1.49542,539.136,35.7932,178.352,4.20599
-3.14702,571.502,32.4912,167.165,3.62062
-1.1955,535.532,32.5161,165.03,3.85029
-1.06919,530.675,32.3578,164.083,3.86592
-2.64074,585.523,33.8641,173.609,3.67814
-2.04619,563.107,33.2276,169.64,3.7475
-1.97308,571.656,33.8152,172.552,3.75616
-1.82262,509.62,30.2986,154.446,3.7741
-3.06921,564.072,32.1535,165.337,3.62937
1.42744,538.099,35.6445,177.693,4.19638
1.71851,543.365,36.3396,180.802,4.23777
0.440842,505.112,32.3869,162.538,4.06071
-1.65375,570.004,34.0814,173.525,3.79439
-4.23596,536.723,29.403,152.446,3.50147
1.58833,567.261,37.7757,188.112,4.21918
1.84042,524.711,35.2328,175.151,4.25529
0.486652,542.34,34.8267,174.728,4.06685
1.36309,511.312,33.7985,168.563,4.18732
0.322516,511.557,32.6718,164.1,4.0449
-4.12865,551.935,30.3475,157.223,3.51294
0.725425,543.816,35.1985,176.306,4.09913
-4.77099,554.938,29.8489,155.349,3.44509
-3.22642,559.381,31.7165,163.27,3.61173
-4.60932,542.558,29.3452,152.551,3.46198
-3.14793,586.773,33.3584,171.627,3.62052
-4.26917,581.474,31.8185,165.008,3.49793
-4.87745,570.159,30.5557,159.149,3.43404
-1.14474,574.388,34.9347,177.243,3.85656
-2.37841,505.651,29.505,150.984,3.7085
-1.95702,526.491,31.1604,158.987,3.75807
-2.54651,554.214,32.1555,164.741,3.689
-3.68793,559.017,31.2024,161.147,3.56068
-4.60719,579.174,31.328,162.856,3.4622
0.410722,556.028,35.616,178.78,4.05667
-3.16787,515.093,29.2635,150.58,3.61828
-3.04026,532.635,30.3914,156.243,3.63264
-4.24432,528.947,28.9687,150.203,3.50057
-1.44386,523.274,31.5085,160.192,3.81983
-1.37672,576.876,34.8144,176.917,3.82803
0.479774,580.844,37.2908,187.099,4.06593
-4.54198,502.963,27.2665,141.677,3.46905
-3.23541,507.871,28.7872,148.2,3.61072
0.94603,576.636,37.5958,188.032,4.12931
1.91164,542.127,36.4874,181.301,4.26559
-0.119232,562.573,35.4069,178.376,3.98672
-1.20256,540.107,32.7862,166.409,3.84942
-0.440724,512.186,31.8926,161.026,3.94519
1.3109,532.781,35.1571,175.401,4.17999
-2.22589,514.819,30.1948,154.35,3.72633
0.557916,594.739,38.2817,191.969,4.07645
-0.554185,573.174,35.5555,179.66,3.93069
-2.12443,556.61,32.7578,167.333,3.73826
-1.72796,575.719,34.3374,174.918,3.78545
-2.64568,574.364,33.2131,170.278,3.67758
1.17469,517.228,33.9779,169.674,4.16095
-1.45287,547.071,32.9315,167.437,3.81874
1.98375,555.516,37.4772,186.129,4.27605
-2.96676,575.726,32.932,169.218,3.64094
-0.588921,510.848,31.6525,159.976,3.92627
-3.43064,537.255,30.2514,155.952,3.589
1.96143,565.786,38.142,189.459,4.2728
1.49475,533.294,35.4046,176.416,4.20589
-2.6911,584.011,33.7191,172.927,3.67236
0.016018,568.674,35.9522,180.955,4.00439
-2.71411,565.066,32.5999,167.215,3.66972
-3.38702,583.308,32.8932,169.519,3.59384
-0.456185,577.123,35.9176,181.367,3.94321
-2.97035,599.096,34.2646,176.07,3.64054
-2.80467,573.112,32.9629,169.184,3.65937
0.113151,561.21,35.5949,179.038,4.01716
1.40114,542.196,35.8849,178.923,4.19267
-1.48012,597.667,35.9443,182.789,3.81542
-4.05903,520.478,28.686,148.542,3.52042
1.51377,568.851,37.7888,188.272,4.20859
-1.49796,561.104,33.7252,171.526,3.81325
0.580945,538.699,34.7011,173.986,4.07955
-4.07202,553.865,30.5125,158.014,3.51902
-3.73046,531.557,29.6267,153.056,3.55603
1.75696,599.41,40.1385,199.651,4.24328
-0.982308,553.606,33.8542,171.569,3.87673
-4.46703,591.694,32.1593,167.011,3.47695
-1.71076,542.794,32.3924,164.99,3.78752
-1.45033,538.526,32.4199,164.832,3.81905
-4.32211,572.924,31.2939,162.349,3.49229
1.53104,565.775,37.6058,187.339,4.21104
-2.04643,552.799,32.619,166.533,3.74747
-4.20298,581.07,31.8684,165.189,3.50499
1.33127,516.313,34.0933,170.07,4.18284
1.02361,505.576,33.0474,165.197,4.14
-1.30894,531.598,32.1549,163.325,3.83633
-2.4341,598.146,34.8365,178.337,3.70202
-2.4349,538.261,31.3479,160.478,3.70193
0.115366,568.744,36.0754,181.452,4.01745
-4.08277,504.128,27.7623,143.783,3.51787
-3.85305,541.974,30.0814,155.54,3.54268
-0.0187403,588.457,37.16,187.078,3.99984
1.79879,581.535,38.995,193.909,4.2493
-1.51364,566.701,34.0437,173.164,3.81134
-1.04549,585.929,35.7552,181.281,3.86887
-0.579262,570.272,35.3459,178.631,3.9275
-0.84387,545.098,33.4885,169.553,3.89405
-2.01383,509.016,30.0686,153.477,3.75133
-4.83274,580.983,31.1837,162.368,3.43867
-0.373207,503.517,31.4234,158.583,3.95385
-4.85436,583.077,31.2728,162.857,3.43643
-0.103776,560.703,35.3074,177.856,3.98873
-4.47785,550.581,29.9136,155.361,3.47581
0.275846,550.021,35.0741,176.222,4.03869
0.40962,527.764,33.8043,169.687,4.05653
-0.917166,562.183,34.4537,174.528,3.88487
-3.44365,597.588,33.6337,173.405,3.58756
-3.35978,555.005,31.3262,161.412,3.59686
-0.803605,511.516,31.4677,159.278,3.89912
-0.300667,599.579,37.5089,189.2,3.9632
-4.15602,585.661,32.1718,166.706,3.51001
-0.874801,563.27,34.5692,175.062,3.89017
-3.72429,558.937,31.1593,160.967,3.5567
-4.34945,545.386,29.7619,154.431,3.48939
-2.82582,546.894,31.4325,161.353,3.65695
-1.55277,514.708,30.8797,157.113,3.8066
0.909861,534.29,34.7934,174.059,4.12433
-4.57141,569.727,30.8548,160.356,3.46596
-1.28649,588.001,35.5933,180.762,3.83909
-1.17597,568.171,34.5205,175.179,3.8527
1.36807,529.491,35.0059,174.579,4.18802
1.49404,537.299,35.6696,177.738,4.20579
-1.71239,528.19,31.5192,160.544,3.78732
-2.18771,553.791,32.5224,166.204,3.73081
1.37421,592.62,39.1874,195.424,4.18888
-4.7275,511.589,27.5583,143.383,3.44962
-0.698631,543.308,33.5408,169.648,3.91236
-1.50441,526.078,31.6131,160.791,3.81247
-2.66199,596.149,34.4538,176.659,3.6757
-0.0301466,581.301,36.6942,184.748,3.99834
-4.99835,501.336,26.7561,139.479,3.42155
-0.920648,577.191,35.3694,179.171,3.88443
1.69351,526.591,35.1888,175.106,4.23419
-4.77635,535.315,28.7881,149.834,3.44453
0.327876,597.721,38.1816,191.767,4.04561
0.29025,536.907,34.2542,172.086,4.0406
0.553919,571.944,36.8097,184.592,4.07591
-4.40094,500.656,27.2729,141.568,3.48393
-4.22197,568.264,31.1458,161.466,3.50296
0.991714,589.966,38.523,192.61,4.1356
1.67884,515.873,34.456,171.476,4.23209
-4.98569,507.761,27.1107,141.315,3.42286
-0.809885,535.75,32.9516,166.796,3.89833
0.838778,571.985,37.1607,185.991,4.11459
-4.47592,580.885,31.5622,163.92,3.47601
1.51039,510.227,33.8906,168.855,4.20811
1.14069,594.072,38.9822,194.709,4.15622
-3.29398,591.837,33.4798,172.429,3.60418
-3.23749,511.405,28.9854,149.223,3.61049
-0.687126,582.094,35.949,181.814,3.91381
-3.85069,597.819,33.1836,171.577,3.54293
-4.54341,512.389,27.7762,144.327,3.4689
0.459119,507.419,32.5545,163.359,4.06316
-4.42854,516.479,28.1083,145.933,3.48101
1.16057,537.098,35.2668,176.127,4.15899
0.331059,577.071,36.8665,185.158,4.04604
-1.15402,559.707,34.0312,172.67,3.85541
-3.26821,559.798,31.6951,163.208,3.60706
0.707769,595.328,38.5101,192.917,4.09673
-4.85987,581.906,31.2041,162.506,3.43586
-1.67134,557.793,33.3316,169.728,3.79226
-0.209993,562.155,35.274,177.817,3.97492
-3.83982,599.98,33.3159,172.248,3.54411
-0.417144,538.23,33.5407,169.319,3.94821
1.13693,560.473,36.773,183.679,4.1557
-0.405901,566.611,35.3225,178.301,3.94965
-4.53496,569.575,30.8851,160.471,3.46979
0.26174,540.633,34.4593,173.15,4.03682
1.65757,507.637,33.8822,168.645,4.22905
-1.10755,542.472,33.0347,167.56,3.86116
-1.33095,538.565,32.5523,165.369,3.83363
0.298691,524.239,33.4553,168.063,4.04173
-1.41964,524.454,31.6053,160.657,3.82279
-4.81808,555.678,29.8404,155.357,3.4402
-0.716782,590.677,36.443,184.35,3.91006
-3.69603,570.971,31.8608,164.558,3.55979
-4.98936,587.009,31.338,163.354,3.42248
-0.564733,511.07,31.6919,160.149,3.92935
1.64156,553.342,36.9133,183.752,4.22676
-3.20612,598.192,33.9404,174.693,3.614
-2.52761,559.375,32.4757,166.36,3.69119
-1.10985,587.79,35.7916,181.547,3.86088
-3.61273,528.336,29.5655,152.612,3.56892
-0.204774,565.263,35.4752,178.824,3.9756
0.213856,594.033,37.8028,190.013,4.03046
1.19157,558.511,36.7103,183.298,4.1633
-3.0335,596.943,34.0685,175.139,3.6334
-1.08707,574.29,34.9963,177.485,3.8637
-0.478109,569.843,35.4386,178.976,3.9404
-4.2347,556.545,30.4902,158.081,3.5016
-0.752865,559.67,34.4884,174.506,3.90551
-1.73278,507.694,30.2753,154.231,3.78487
-3.74708,551.994,30.7484,158.869,3.55421
1.31647,549.811,36.2876,181.034,4.18077
-0.605022,591.096,36.6051,185.028,3.92422
-4.04052,596.642,32.9045,170.363,3.52241
-0.923378,540.257,33.103,167.693,3.88409
-3.88795,516.397,28.6277,148.06,3.53889
-1.92506,544.967,32.2886,164.707,3.76187
-4.16425,556.837,30.5798,158.466,3.50913
-1.83093,525.152,31.2133,159.117,3.7731
-2.49278,523.646,30.4372,155.879,3.69522
-0.942015,592.248,36.2661,183.741,3.88176
-4.91262,540.415,28.9267,150.702,3.4304
-4.55414,512.114,27.751,144.207,3.46777
0.037632,508.696,32.1834,161.962,4.00723
-3.11114,529.051,30.1144,154.897,3.62465
-2.00028,537.341,31.7562,162.076,3.75294
-1.29681,592.956,35.8809,182.235,3.83782
-0.980725,542.08,33.1511,168.004,3.87693
-1.86094,585.247,34.75,177.184,3.76952
-1.68407,559.227,33.403,170.106,3.79073
0.768431,597.72,38.7425,194.001,4.10498
-0.791866,514.581,31.6686,160.282,3.90059
0.467556,552.743,35.4723,177.99,4.06429
1.37978,586.899,38.8162,193.566,4.18966
-0.53297,533.116,33.094,167.198,3.9334
-0.28578,572.024,35.8029,180.577,3.96512
-3.61362,526.241,29.4473,152.003,3.56882
-0.324202,566.265,35.3971,178.577,3.96016
-0.836009,582.844,35.8169,181.332,3.89504
0.399816,572.008,36.6263,183.865,4.05522
-1.15215,593.929,36.1143,183.237,3.85564
-3.36609,599.905,33.8532,174.441,3.59616
-3.08566,526.957,30.0211,154.389,3.62752
-0.0374551,583.296,36.8111,185.346,3.99739
1.24851,518.747,34.1607,170.502,4.17125
1.42299,560.715,37.1372,185.139,4.19575
-3.89013,561.57,31.1296,161.002,3.53865
-2.45566,587.811,34.2097,175.154,3.69952
0.895453,502.169,32.6861,163.533,4.12236
1.85787,569.122,38.2367,190.062,4.25781
0.617304,599.952,38.6933,193.954,4.08447
-0.0673002,593.211,37.3998,188.348,3.99349
-0.916254,533.394,32.6903,165.595,3.88498
1.19492,545.703,35.8724,179.11,4.16377
-2.43477,559.451,32.5821,166.797,3.70195
-2.77834,556.927,32.0606,164.522,3.66237
-1.1683,541.648,32.9175,167.036,3.85365
1.08127,588.184,38.5203,192.479,4.14798
-0.687576,589.015,36.3759,183.974,3.91376
-1.14767,507.982,30.8928,156.74,3.8562
-1.81737,580.487,34.5179,175.947,3.77473
-3.79455,584.616,32.5129,168.043,3.54904
0.437034,552.663,35.4314,177.821,4.0602
-4.13738,590.922,32.4814,168.289,3.51201
1.13457,506.673,33.2405,166.037,4.15537
-1.21069,595.449,36.1358,183.421,3.84842
0.85865,503.633,32.7415,163.851,4.11731
0.924509,578.481,37.6894,188.528,4.12635
-0.263448,505.587,31.6681,159.698,3.968
-4.39178,541.072,29.4837,153.034,3.4849
-3.37384,513.187,28.952,149.194,3.5953
-3.68417,541.517,30.2295,156.119,3.56109
-1.01316,532.979,32.5592,165.041,3.87289
-1.13536,526.793,32.05,162.597,3.85772
-0.577713,521.449,32.3215,163.345,3.9277
-2.14717,504.141,29.6471,151.467,3.73558
-4.08855,503.352,27.7141,143.539,3.51724
1.05697,504.303,33.0005,164.925,4.14461
1.57382,565.241,37.6232,187.371,4.21711
-2.35057,555.965,32.4713,166.131,3.71174
0.22527,571.581,36.3879,182.886,4.03198
-2.40548,546.85,31.8798,163.168,3.70535
-1.78543,536.783,31.9534,162.839,3.77855
1.95261,500.979,33.7633,167.719,4.27152
-4.43306,542.225,29.5048,153.189,3.48054
1.67826,566.598,37.8432,188.334,4.23201
1.59867,544.166,36.2501,180.503,4.22065
-0.492558,528.254,32.8364,165.85,3.93856
-3.77305,552.412,30.7444,158.878,3.55138
-4.85361,561.713,30.1278,156.893,3.43651
-3.82292,526.271,29.2398,151.156,3.54595
1.13275,524.737,34.4235,171.948,4.15512
-0.330795,526.815,32.9239,166.107,3.95931
-4.71367,521.566,28.1091,146.234,3.45107
-0.424062,548.385,34.1656,172.483,3.94732
0.232589,595.894,37.9449,190.702,4.03295
-4.62674,552.887,29.8861,155.382,3.46015
1.19263,580.688,38.1693,190.581,4.16345
-0.23283,518.065,32.4828,163.772,3.97197
-1.14736,588.074,35.764,181.454,3.85624
0.977752,512.733,33.4645,167.334,4.13367
-0.659037,557.927,34.4888,174.396,3.91737
-1.83073,586.203,34.8422,177.616,3.77313
-0.18553,563.033,35.3578,178.209,3.9781
-3.45324,586.998,33.0269,170.288,3.5865
-4.34355,518.326,28.2909,146.792,3.49002
-1.34949,586.743,35.4423,180.073,3.83136
-1.4225,521.561,31.4279,159.758,3.82244
1.62263,545.956,36.398,181.21,4.22406
-0.976524,509.419,31.1581,157.899,3.87745
0.354291,528.38,33.7818,169.638,4.04913
-0.912629,560.857,34.3776,174.137,3.88544
-2.09318,586.126,34.5312,176.353,3.74194
-3.55218,556.805,31.2229,161.099,3.57558
-0.150707,594.653,37.3869,188.391,3.98262
-0.414221,540.966,33.7144,170.193,3.94859
-4.61167,561.994,30.3941,158.006,3.46173
-4.57277,567.99,30.7593,159.861,3.46582
-3.40845,599.291,33.7699,174.064,3.59146
-1.04392,567.999,34.6629,175.742,3.86906
-4.14914,520.847,28.6181,148.285,3.51075
-0.474411,539.228,33.5388,169.377,3.94088
-0.509615,515.478,32.024,161.766,3.93638
-4.39112,597.025,32.5334,168.862,3.48497
0.142092,512.492,32.5362,163.62,4.02098
-3.98322,523.39,28.9212,149.679,3.52859
-1.09471,515.017,31.3762,159.134,3.86276
-2.03014,531.727,31.3929,160.255,3.7494
1.98076,570.564,38.4885,191.156,4.27561
-3.85042,575.865,31.9653,165.278,3.54296
-2.88517,593.407,34.0373,174.797,3.6502
1.33922,589.498,38.9361,194.217,4.18396
-4.70711,537.119,28.9539,150.622,3.45175
-4.45604,594.726,32.3362,167.916,3.47811
-2.29738,597.398,34.9538,178.766,3.71795
-0.103355,534.649,33.6673,169.593,3.98878
-3.51,592.123,33.251,171.512,3.58023
-3.8222,549.861,30.5512,157.935,3.54603
0.0759468,597.261,37.8347,190.352,4.01226
-4.38216,583.173,31.7884,164.985,3.48592
-1.43219,579.746,34.9226,177.535,3.82126
-4.02654,583.571,32.199,166.694,3.52391
-3.71631,535.181,29.8431,154.158,3.55757
-3.9016,533.853,29.5816,153.008,3.53741
-2.92844,525.178,30.0796,154.519,3.64529
-1.84711,577.989,34.335,175.051,3.77117
0.218544,574.809,36.5852,183.886,4.03109
-2.61959,588.079,34.0362,174.466,3.68058
-2.03751,530.912,31.337,159.978,3.74853
-0.637132,517.845,32.0346,161.961,3.92015
-1.83987,531.184,31.5623,160.907,3.77204
-0.333828,500.227,31.2591,157.711,3.95892
-3.47148,595.42,33.48,172.646,3.58448
-2.70322,578.908,33.4108,171.361,3.67097
-3.60348,573.928,32.1269,165.823,3.56993
-0.927395,543.377,33.2898,168.644,3.88359
-3.55695,544.217,30.512,157.436,3.57505
1.75103,549.076,36.7608,182.857,4.24243
-2.63557,509.503,29.4726,151.09,3.67874
0.189283,522.316,33.2118,166.964,4.02721
-3.37521,525.599,29.6509,152.797,3.59515
0.427856,513.568,32.9149,165.202,4.05897
0.193971,555.319,35.3159,177.536,4.02783
-2.34492,524.687,30.6503,156.808,3.7124
-0.51239,546.11,33.9238,171.366,3.93602
-2.70098,544.146,31.4069,161.08,3.67123
0.71003,558.803,36.1501,181.092,4.09704
-0.239907,518.135,32.4795,163.763,3.97105
-0.887109,575.964,35.3337,178.949,3.88863
-1.94661,500.743,29.6469,151.254,3.75931
-4.52787,532.059,28.8578,149.931,3.47054
0.851391,584.393,37.9827,190.089,4.11632
-0.862652,519.842,31.9169,161.617,3.8917
-0.380597,517.435,32.2841,162.935,3.9529
-0.245304,531.946,33.3392,168.104,3.97035
-4.60965,541.607,29.2935,152.283,3.46195
1.91416,523.428,35.2318,175.059,4.26595
0.556181,548.101,35.2778,176.907,4.07621
0.913354,529.754,34.502,172.597,4.12481
-1.69189,522.7,31.2131,158.963,3.78979
-3.19102,556.962,31.6173,162.719,3.61569
-4.80924,569.744,30.6051,159.328,3.44111
-3.09307,508.991,28.9903,149.096,3.62669
-1.45951,542.498,32.649,166.008,3.81793
-3.74031,518.25,28.8753,149.184,3.55495
-2.09471,522.028,30.7533,157.061,3.74176
-1.51883,515.243,30.947,157.419,3.81071
-1.27294,579.793,35.1124,178.303,3.84075
-3.71321,570.166,31.7973,164.249,3.55791
0.887396,556.113,36.1877,181.061,4.12125
-3.27125,577.361,32.6862,168.315,3.60672
-0.238868,549.462,34.4444,173.669,3.97118
-2.07541,510.537,30.0959,153.683,3.74404
-4.70656,519.232,27.9901,145.608,3.45181
-3.4286,504.73,28.4219,146.519,3.58923
-1.47487,567.959,34.1637,173.728,3.81606
-0.171111,577.864,36.3066,182.973,3.97997
-0.261724,547.489,34.2946,172.941,3.96823
-1.6295,537.447,32.161,163.719,3.79731
1.62643,558.671,37.2503,185.448,4.22461
-2.13471,535.02,31.4762,160.798,3.73704
-2.48299,538.378,31.3039,160.307,3.69635
0.72405,504.334,32.6416,163.5,4.09894
0.963131,500.099,32.6242,163.148,4.13166
-3.1003,579.907,33.0213,169.836,3.62587
-1.48223,500.643,30.1071,153.107,3.81516
-4.06553,595.922,32.8367,170.043,3.51972
-0.574439,503.606,31.2189,157.769,3.92811
-4.04329,545.54,30.0834,155.76,3.52211
1.09342,566.881,37.1401,185.567,4.14966
-0.0728513,514.123,32.4076,163.213,3.99276
-2.84391,505.155,29.0158,148.966,3.65489
-0.831064,539.948,33.1863,168.009,3.89566
-4.33903,582.469,31.7968,164.978,3.4905
0.780033,548.353,35.5563,178.032,4.10657
-1.49063,537.73,32.3282,164.412,3.81414
-1.62107,531.805,31.8323,162.037,3.79833
0.574335,519.479,33.4557,167.749,4.07866
1.32468,547.819,36.1658,180.417,4.18192
-3.06266,597.599,34.0722,175.195,3.63011
-0.170765,583.584,36.6664,184.786,3.98001
-1.31355,564.927,34.1656,173.543,3.83577
-0.697173,578.427,35.7106,180.621,3.91254
-4.78385,582.809,31.3342,163.094,3.44375
-1.79373,598.057,35.591,181.387,3.77756
0.481217,549.122,35.2559,176.888,4.06612
0.0316656,579.645,36.6648,184.522,4.00644
1.69151,522.173,34.8913,173.628,4.2339
0.669212,512.413,33.1043,165.88,4.0915
-3.0584,526.367,30.0153,154.33,3.63059
-0.258784,578.24,36.2244,182.669,3.96861
-1.06686,556.636,33.9434,172.121,3.86621
0.838541,539.532,35.052,175.438,4.11456
0.871743,530.073,34.4753,172.512,4.11911
-0.493428,595.937,37.0425,187.095,3.93844
-3.40734,538.6,30.3511,156.441,3.59158
-3.90527,557.645,30.8961,159.811,3.53701
-3.00345,558.71,31.919,164.055,3.63679
0.669355,559.57,36.1511,181.147,4.09151
-3.28254,508.574,28.7809,148.217,3.60546
-3.79337,563.616,31.3463,162.011,3.54917
-2.31329,567.329,33.1767,169.696,3.71609
-1.02499,521.957,31.8733,161.577,3.87142
0.244845,566.985,36.1187,181.509,4.03457
-4.89395,585.872,31.3801,163.462,3.43233
-0.0629548,544.357,34.3246,172.857,3.99406
-2.07283,576.407,33.9819,173.523,3.74435
0.714302,565.137,36.5651,183.165,4.09762
-3.56554,524.31,29.3874,151.642,3.57411
0.327407,571.508,36.5066,183.355,4.04555
0.69535,528.897,34.1989,171.334,4.09504
-0.646879,571.98,35.3719,178.846,3.91891
0.566151,555.846,35.7881,179.454,4.07756
0.694681,514.92,33.2944,166.804,4.09495
-4.89149,515.316,27.6033,143.786,3.43258
1.27133,597.628,39.3848,196.546,4.17444
-4.35737,531.54,28.9985,150.478,3.48855
-3.92327,548.139,30.3508,157.011,3.53506
-3.20805,533.508,30.2684,155.795,3.61378
-0.400557,537.007,33.483,169.009,3.95034
0.21507,567.156,36.0939,181.421,4.03063
0.421779,542.099,34.7365,174.352,4.05815
-0.899297,554.173,33.9831,172.123,3.8871
-4.24398,500.596,27.4164,142.154,3.50061
1.38279,587.352,38.85,193.731,4.19009
0.0824035,594.846,37.6898,189.614,4.01311
-1.13444,555.67,33.8079,171.514,3.85783
-3.74053,570.4,31.7807,164.196,3.55493
-2.52745,541.121,31.4161,160.932,3.69121
0.337505,522.924,33.4144,167.813,4.0469
-0.167004,529.542,33.2752,167.691,3.9805
-3.70496,561.246,31.3087,161.716,3.55881
-2.76778,537.196,30.9358,158.738,3.66358
0.493368,566.356,36.377,182.497,4.06776
-3.25519,553.404,31.347,161.4,3.60851
1.15651,555.873,36.4947,182.265,4.15842
-4.96779,581.204,31.0511,161.834,3.4247
-2.73333,552.263,31.8406,163.342,3.66752
1.57648,542.84,36.1354,179.958,4.21749
-4.91751,519.93,27.8256,144.97,3.42989
-4.2205,524.418,28.7441,149.013,3.50312
-4.60785,548.445,29.6652,154.213,3.46213
-0.203068,501.41,31.4696,158.631,3.97582
-2.90164,587.121,33.658,172.869,3.64833
-1.63062,570.277,34.1243,173.715,3.79718
-2.60963,599.64,34.717,177.943,3.68172
0.423491,591.75,37.9202,190.33,4.05838
-3.65191,592.404,33.1065,170.938,3.56462
-3.44773,584.663,32.9017,169.635,3.58711
-3.31683,577.756,32.6579,168.223,3.60164
-1.51801,566.713,34.0394,173.148,3.81081
-2.06635,523.704,30.8815,157.685,3.74511
-4.14398,590.013,32.4241,168,3.5113
-4.82828,583.721,31.3354,163.152,3.43914
1.34225,525.683,34.7245,173.206,4.18439
-4.15129,535.714,29.4328,152.508,3.51052
-3.99857,537.816,29.7028,153.741,3.52693
0.188259,505.407,32.1356,161.555,4.02708
1.59419,593.591,39.5367,196.874,4.22001
0.569062,572.311,36.8518,184.784,4.07795
-3.29418,501.838,28.3885,146.208,3.60416
-2.78084,564.714,32.5062,166.812,3.66209
-3.51166,578.397,32.4784,167.529,3.58004
1.91909,579,38.9787,193.67,4.26666
-0.634832,584.026,36.1313,182.671,3.92044
-4.84092,521.774,27.9978,145.788,3.43782
-4.71479,555.707,29.9479,155.802,3.45095
-0.560164,548.142,33.9959,171.786,3.92993
-3.16405,585.899,33.2905,171.297,3.61871
-4.81268,576.966,30.9893,161.333,3.44076
1.74506,552.116,36.957,183.841,4.24158
-0.278722,563.517,35.2787,177.924,3.96603
1.81954,553.199,37.1203,184.56,4.25228
-0.292544,519.116,32.4841,163.845,3.96424
-1.61374,595.527,35.6554,181.488,3.79922
-3.16462,511.945,29.0878,149.673,3.61865
1.08879,503.007,32.9502,164.638,4.14902
-4.46245,544.305,29.5882,153.654,3.47743
-0.00925531,582.434,36.7912,185.21,4.00108
-3.33765,570.671,32.2347,166.067,3.59932
-4.99094,551.058,29.4171,153.343,3.42231
-0.959289,542.618,33.2078,168.266,3.8796
-0.304719,596.132,37.2882,188.093,3.96267
-3.88316,591.489,32.796,169.612,3.53941
-0.216653,588.691,36.9309,186.177,3.97406
-4.41226,539.882,29.3983,152.613,3.48274
-4.25525,556.33,30.4571,157.933,3.49941
-4.37063,545.384,29.7402,154.342,3.48715
-3.09474,570.883,32.5136,167.218,3.6265
-0.965756,590.808,36.1492,183.178,3.8788
-2.20847,550.502,32.3066,165.125,3.72837
-4.81194,525.368,28.2187,146.908,3.44083
-0.0357703,575.14,36.2984,182.762,3.99761
-1.16171,520.661,31.649,160.592,3.85446
-2.94466,538.665,30.8352,158.419,3.64345
-0.884951,588.341,36.0956,182.805,3.8889
-2.65831,587.899,33.9813,174.232,3.67612
-0.759719,578.377,35.633,180.306,3.90464
1.55063,560.577,37.2843,185.713,4.21382
-0.679059,521.349,32.2062,162.876,3.91483
1.39401,562.837,37.2422,185.699,4.19167
-2.35643,541.756,31.6351,161.86,3.71106
-4.43003,555.698,30.2411,157.008,3.48086
-4.49916,573.468,31.1344,161.725,3.47356
-2.90454,546.391,31.32,160.864,3.648
0.167916,574.316,36.4924,183.483,4.02439
-3.43131,586.94,33.0483,170.372,3.58893
-3.87674,549.765,30.4892,157.675,3.5401
-4.3195,580.505,31.7108,164.509,3.49257
-3.21592,547.553,31.057,159.863,3.6129
-2.48637,521.357,30.3107,155.224,3.69596
1.37545,515.39,34.0819,169.962,4.18905
-0.749888,584.049,35.9943,182.122,3.90588
-3.38077,578.102,32.6066,168.035,3.59453
-4.81662,503.87,27.0597,140.878,3.44035
-2.60371,573.709,33.2224,170.275,3.6824
-2.27085,501.062,29.3434,150.045,3.72106
-4.34515,592.208,32.3217,167.709,3.48985
-2.49104,501.397,29.1456,149.263,3.69542
0.43854,513.678,32.9336,165.284,4.0604
-0.537927,552.734,34.3061,173.327,3.93276
0.463959,563.918,36.1852,181.571,4.06381
-0.338448,544.049,33.9922,171.506,3.95833
-2.73466,524.897,30.2614,155.242,3.66737
0.0181576,534.632,33.8024,170.132,4.00467
-2.60132,513.165,29.7188,152.316,3.68268
-0.462019,569.484,35.4353,178.939,3.94246
0.60951,508.719,32.8008,164.426,4.08341
-1.39336,504.977,30.4584,154.798,3.826
-4.96589,573.846,30.66,159.793,3.4249
-4.83354,514.664,27.6233,143.83,3.43859
-1.35286,564.521,34.0961,173.238,3.83095
-0.531547,524.522,32.562,164.508,3.93358
0.810178,511.304,33.1871,166.135,4.11068
-4.30035,597.802,32.6771,169.498,3.49461
1.35384,528.068,34.8954,174.045,4.18602
-1.55375,580.314,34.8146,177.135,3.80648
-4.47981,502.482,27.2985,141.781,3.4756
0.760568,540.345,35.0145,175.343,4.10391
-4.25868,523.484,28.6555,148.594,3.49904
-4.01735,522.046,28.8133,149.157,3.5249
-1.01959,560.34,34.2233,173.484,3.87209
1.10953,595.191,39.0156,194.917,4.1519
-3.98486,512.063,28.2937,146.433,3.52841
0.0372988,543.475,34.3833,173.033,4.00718
-4.89403,532.259,28.5084,148.503,3.43232
-0.952991,504.48,30.8803,156.466,3.88039
0.122476,574.934,36.4766,183.461,4.01839
1.95235,569.984,38.4136,190.82,4.27149
-1.64519,569.69,34.0724,173.469,3.79542
-2.1516,520.53,30.6063,156.372,3.73506
-0.486764,537.033,33.3885,168.632,3.9393
-2.94738,595.602,34.0913,175.151,3.64314
0.856654,540.923,35.1635,175.974,4.11704
1.51588,537.936,35.7376,178.05,4.20889
-4.68576,590.321,31.845,165.637,3.45398
-2.01576,505.609,29.8653,152.442,3.7511
-0.07526,569.603,35.9019,180.815,3.99245
-4.28306,582.65,31.8677,165.28,3.49645
-1.68806,592.98,35.4144,180.354,3.79025
-0.861672,508.149,31.2,157.986,3.89182
-2.95059,556.755,31.8643,163.713,3.64278
1.04468,585.201,38.2787,191.32,4.14291
0.924985,560.031,36.4878,182.517,4.12641
1.73967,564.542,37.7821,187.952,4.2408
-4.26347,529.822,28.9977,150.374,3.49853
-0.0628849,593.197,37.4044,188.366,3.99406
-0.309768,554.416,34.6731,174.907,3.96202
-1.50198,516.707,31.0525,157.937,3.81276
-3.41404,585.858,33.0067,170.137,3.59084
-2.1396,578.064,34.003,173.712,3.73647
-1.48945,541.437,32.5524,165.551,3.81428
-4.69649,577.918,31.1645,162.11,3.45286
-4.55375,543.848,29.4711,153.145,3.46781
0.694376,565.88,36.589,183.31,4.09491
1.15627,518.44,34.0369,169.99,4.15839
-3.81897,531.324,29.5245,152.624,3.54638
-2.60299,546.676,31.6577,162.255,3.68249
-2.11932,502.006,29.5493,150.938,3.73886
-0.638708,507.708,31.4058,158.784,3.91995
-3.89604,587.555,32.5635,168.425,3.53801
-0.789964,545.609,33.5803,169.955,3.90083
1.25834,506.209,33.3459,166.424,4.17263
1.13101,558.083,36.609,182.867,4.15488
-3.04325,597.301,34.0777,175.199,3.6323
-2.62343,541.313,31.3255,160.575,3.68013
0.233235,576.988,36.7417,184.655,4.03303
-2.82624,547.426,31.4626,161.508,3.65691
-0.538954,585.95,36.3665,183.738,3.93263
0.361435,572.915,36.6378,183.971,4.05009
-3.53356,547.898,30.7429,158.601,3.57763
0.653244,594.706,38.4006,192.44,4.08933
-0.593805,580.804,35.9812,181.86,3.92565
-4.76012,541.623,29.1436,151.666,3.44622
-0.291912,567.752,35.5282,179.199,3.96433
-3.79975,574.307,31.934,165.056,3.54847
1.01607,599.496,39.1768,195.846,4.13896
-1.08769,597.498,36.4098,184.654,3.86363
-2.1681,546.266,32.1017,164.031,3.73311
-3.39884,519.406,29.278,150.9,3.59252
-3.36443,522.956,29.5126,152.073,3.59634
0.102639,529.157,33.5502,168.765,4.01577
-0.0463725,585.492,36.9388,186,3.99622
1.29404,555.024,36.6046,182.643,4.17762
-0.267931,519.943,32.5624,164.213,3.96742
-4.33184,554.293,30.2662,157.028,3.49126
-0.132838,592.505,37.2739,187.799,3.98495
-2.87894,550.311,31.572,162.129,3.65091
0.0769733,594.503,37.6613,189.478,4.0124
-4.09627,550.586,30.3068,156.976,3.51642
-1.66051,517.483,30.9341,157.508,3.79357
0.775381,527.661,34.2094,171.294,4.10593
-0.946796,561.938,34.4045,174.315,3.88116
-3.17968,545.631,30.986,159.457,3.61696
-2.06834,542.363,31.9797,163.294,3.74488
0.823542,548.564,35.6212,178.304,4.11251
0.0686393,553.44,35.0503,176.352,4.0113
-4.54107,579.243,31.4028,163.168,3.46915
1.04271,595.654,38.96,194.727,4.14264
-3.28,505.329,28.5997,147.281,3.60574
-3.75587,506.735,28.2188,145.809,3.55325
-0.0659034,544.136,34.3073,172.773,3.99367
-0.420986,528.323,32.9191,166.186,3.94772
1.59719,521.981,34.7705,173.137,4.22044
-2.8803,591.332,33.9239,174.209,3.65075
-1.81054,561.392,33.3901,170.19,3.77554
-0.203268,589.419,36.993,186.474,3.9758
-1.36683,558.055,33.6898,171.19,3.82924
1.78012,505.759,33.8931,168.56,4.24661
-3.00862,576.011,32.9016,169.111,3.63621
-4.97793,588.229,31.4155,163.745,3.42365
-0.334581,564.001,35.2434,177.814,3.95882
0.29474,500.146,31.9136,160.322,4.0412
-1.88783,542.637,32.1908,164.166,3.76631
0.543207,597.376,38.4328,192.746,4.07446
0.861968,559.854,36.4005,182.158,4.11777
0.470359,599.252,38.4606,192.981,4.06467
0.601401,502.338,32.3807,162.329,4.08232
-0.671603,577.582,35.6889,180.48,3.91578
-3.42718,589.396,33.1912,171.103,3.58938
-2.18349,522.364,30.6812,156.79,3.7313
1.73169,514.517,34.4251,171.262,4.23966
1.80356,583.052,39.1029,194.439,4.24998
0.894888,509.518,33.1638,165.923,4.12228
-0.718293,576.207,35.5485,179.827,3.90987
-1.8681,526.193,31.236,159.275,3.76866
-1.0162,535.643,32.7186,165.852,3.87251
-3.58763,545.824,30.5702,157.77,3.57168
-4.29424,532.698,29.1244,151.064,3.49526
-1.05211,576.54,35.1745,178.345,3.86804
0.613471,512.22,33.0309,165.575,4.08395
-0.391336,531.678,33.1609,167.372,3.95152
-1.15372,580.45,35.2928,179.071,3.85545
-4.4662,530.93,28.8575,149.863,3.47704
-0.275333,519.22,32.5091,163.952,3.96647
0.605151,570.474,36.7773,184.365,4.08282
-1.51297,542.156,32.5699,165.667,3.81142
-2.84431,565.172,32.4627,166.663,3.65485
-1.38516,551.486,33.2728,169.092,3.827
1.06885,578.609,37.8777,189.284,4.14626
-3.99584,580.932,32.087,166.078,3.52722
0.469676,506.544,32.5098,163.123,4.06458
1.35012,569.436,37.6245,187.661,4.18549
0.93476,531.135,34.6164,173.144,4.12776
-3.83219,543.985,30.2145,156.205,3.54494
-3.78992,587.991,32.7058,169.034,3.54954
1.66158,550.641,36.7573,182.951,4.22962
-0.306951,579.166,36.2243,182.729,3.96239
1.29981,572.98,37.7959,188.58,4.17843
-1.60069,584.073,34.9849,178.059,3.80079
-4.58334,509.803,27.5982,143.443,3.46471
1.02698,535.259,34.9915,174.911,4.14047
-2.80996,579.199,33.3071,170.956,3.65876
-1.79982,511.987,30.4626,155.257,3.77683
-2.60503,579.559,33.5596,172.005,3.68225
1.64707,554.806,37.0177,184.264,4.22755
-0.455229,551.798,34.3426,173.413,3.94333
1.01298,591.972,38.6811,193.372,4.13853
-2.46825,553.498,32.199,164.874,3.69806
-1.5257,570.012,34.2287,174.12,3.80988
-1.00836,555.391,33.9338,172.003,3.87349
-2.7626,500.233,28.8123,147.837,3.66417
-0.805573,537.888,33.0879,167.481,3.89887
-2.47478,524.219,30.489,156.125,3.6973
-2.9251,554.702,31.7742,163.221,3.64567
-0.443187,553.705,34.4751,174.067,3.94487
0.856143,595.428,38.706,193.703,4.11697
-1.70421,506.338,30.2235,153.936,3.78831
0.777274,513.506,33.2937,166.707,4.10619
1.67463,551.482,36.8293,183.293,4.23149
1.69215,588.354,39.3143,195.637,4.23399
-3.29466,567.749,32.1165,165.408,3.60411
-3.61215,502.028,28.0938,145.015,3.56898
1.26235,550.681,36.2802,181.063,4.17319
1.29917,520.085,34.306,171.168,4.17834
-3.08196,540.298,30.785,158.314,3.62794
-1.15924,518.694,31.532,159.996,3.85477
1.9645,504.787,34.0333,169.047,4.27325
1.0253,530.241,34.6616,173.264,4.14023
1.26447,539.161,35.5237,177.286,4.17348
-4.58135,516.795,27.9786,145.418,3.46492
0.128693,525.96,33.3764,167.861,4.01921
-0.462358,561.646,34.9472,176.475,3.94242
-0.540227,525.831,32.6338,164.881,3.93247
1.32713,598.785,39.5337,197.214,4.18226
-0.311794,532.209,33.282,167.892,3.96176
-0.46028,507.247,31.5645,159.391,3.94268
0.656474,514.334,33.2145,166.447,4.08977
-3.76212,538.134,29.961,154.817,3.55257
1.35469,582.368,38.4847,191.946,4.18613
0.434042,530.653,34.0169,170.726,4.0598
-1.36079,524.993,31.7002,161.074,3.82998
1.29166,525.628,34.6631,172.959,4.17729
-4.25141,547.424,29.9734,155.42,3.49982
-4.17751,542.96,29.8042,154.462,3.50771
1.62596,516.593,34.4441,171.478,4.22454
-4.94665,566.674,30.2969,157.879,3.42688
-1.54319,566.918,34.023,173.094,3.80776
-3.90759,548.361,30.3793,157.141,3.53676
-0.774899,515.826,31.7633,160.742,3.90273
-1.96203,582.349,34.4605,175.831,3.75748
0.990213,511.044,33.368,166.837,4.13539
-2.38558,546.23,31.865,163.07,3.70766
-3.99946,599.823,33.1263,171.462,3.52683
1.60377,571.345,38.067,189.543,4.22138
-4.17653,580.104,31.8442,165.033,3.50781
1.52983,501.184,33.3113,165.946,4.21087
-0.532312,546.287,33.9123,171.331,3.93348
-4.45993,588.81,32.0103,166.229,3.4777
1.2504,565.597,37.2482,185.91,4.17152
-4.15635,526.722,28.9337,149.928,3.50997
-4.79928,508.555,27.3275,142.255,3.44215
0.816945,529.883,34.4006,172.202,4.11161
-2.85053,579.395,33.2726,170.828,3.65414
-0.559021,566.76,35.152,177.627,3.93008
-2.36613,589.902,34.4352,176.199,3.70993
-4.05389,560.261,30.884,159.918,3.52097
-2.52813,562.591,32.6619,167.314,3.69113
-3.01656,504.81,28.8269,148.176,3.63531
-2.66614,538.537,31.1198,159.569,3.67522
-1.73312,570.774,34.0366,173.392,3.78483
-0.958289,542.329,33.1912,168.181,3.87973
-1.95279,567.841,33.6124,171.493,3.75858
-0.678089,562.473,34.7478,175.728,3.91496
-0.0488892,504.196,31.8071,160.163,3.99589
1.84506,575.463,38.6465,192.116,4.25596
0.663461,597.123,38.5697,193.274,4.09072
-1.7048,530.382,31.658,161.243,3.78823
-3.52149,563.248,31.6172,163.098,3.57896
-4.47953,512.306,27.8325,144.554,3.47563
1.8542,537.645,36.1176,179.533,4.25728
-0.100356,580.937,36.5857,184.29,3.98918
-3.42808,506.807,28.5394,147.124,3.58928
-1.23471,583.224,35.3655,179.54,3.84546
-1.20047,563.452,34.2057,173.611,3.84968
-2.00697,523.279,30.9183,157.807,3.75214
-1.94923,504.156,29.8463,152.274,3.759
1.67855,536.609,35.8407,178.368,4.23205
0.560248,574.38,36.9742,185.409,4.07676
-1.78389,564.849,33.6258,171.36,3.77874
0.424452,571.828,36.6448,183.927,4.05851
1.37389,502.476,33.2262,165.697,4.18883
-4.2752,514.456,28.1454,145.966,3.49728
-4.36532,508.858,27.7534,144.026,3.48771
-0.46339,566.732,35.2624,178.068,3.94229
1.21114,549,36.1084,180.269,4.16603
-0.188681,506.56,31.8081,160.322,3.97769
-3.93683,575.26,31.8377,164.719,3.5336
-1.27114,584.537,35.4018,179.77,3.84097
-3.1428,527.144,29.9737,154.207,3.6211
-0.599527,566.757,35.1043,177.435,3.92492
-4.84799,521.884,27.9969,145.791,3.43709
-4.27566,501.067,27.4125,142.166,3.49724
-2.04812,586.064,34.58,176.547,3.74727
-0.848622,509.336,31.2865,158.409,3.89346
-4.09396,506.941,27.9066,144.541,3.51666
-4.32507,508.16,27.7536,143.985,3.49198
1.05711,537.647,35.1826,175.83,4.14463
-4.30751,524.824,28.6809,148.778,3.49385
-3.86794,528.103,29.2966,151.498,3.54106
-1.21603,594.775,36.0884,183.187,3.84776
0.990658,579.645,37.8478,189.235,4.13545
-4.71062,538.182,29.0076,150.906,3.45138
-1.05053,533.502,32.5505,165.039,3.86824
1.99617,590.497,39.8533,197.914,4.27785
-0.657295,516.693,31.9418,161.514,3.91759
-4.69952,583.859,31.4816,163.763,3.45254
-3.16873,537.112,30.5136,157.014,3.61819
-1.20998,564.393,34.2519,173.857,3.8485
-0.68533,530.988,32.7948,165.86,3.91404
-4.50598,500.628,27.1734,141.157,3.47284
-4.05809,587.885,32.4021,167.783,3.52052
0.951917,573.501,37.3988,187.039,4.13012
-2.87828,503.304,28.8758,148.283,3.65098
-3.50382,533.995,29.9931,154.7,3.58091
1.1945,537.903,35.3592,176.548,4.16371
1.93505,576.248,38.8137,192.83,4.26898
-4.87512,587.713,31.499,164.059,3.43428
-4.53206,559.912,30.3642,157.762,3.4701
1.22606,563.834,37.1024,185.212,4.16811
-4.29232,520.946,28.4838,147.739,3.49546
-4.39459,564.422,30.7531,159.626,3.48461
-2.41729,598.988,34.9053,178.668,3.70398
1.85015,582.307,39.1127,194.427,4.2567
0.260125,565.401,36.036,181.075,4.0366
0.355433,576.668,36.8705,185.147,4.04929
-2.89414,542.116,31.0859,159.65,3.64918
1.2172,597.979,39.3377,196.383,4.16688
1.89683,546.478,36.7624,182.686,4.26344
-1.48841,567.416,34.1155,173.499,3.81441
1.89,590.604,39.7219,197.402,4.26245
-1.05074,584.091,35.6368,180.688,3.86821
-1.5599,518.348,31.0907,158.194,3.80573
1.80972,583.405,39.1345,194.588,4.25087
-2.84472,539.061,30.9625,158.961,3.6548
-3.19943,559.932,31.7769,163.549,3.61475
0.0815629,564.237,35.7494,179.854,4.013
-3.63799,589.058,32.9351,170.036,3.56615
-2.38234,577.735,33.7066,172.49,3.70804
-3.9085,599.981,33.238,171.929,3.53666
-4.43237,569.89,31.011,161.008,3.48061
0.464751,527.529,33.8511,169.858,4.06391
0.110667,521.633,33.082,166.401,4.01683
-1.85207,505.485,30.023,153.072,3.77058
-4.9071,532.319,28.4988,148.467,3.43097
1.41394,508.668,33.68,167.915,4.19448
-0.237631,523.59,32.8239,165.497,3.97134
-3.92913,590.303,32.6789,169.062,3.53443
-0.0760964,509.548,32.1157,161.747,3.99234
0.434795,577.69,37.0331,185.863,4.0599
0.673259,534.212,34.5173,172.955,4.09204
-0.227106,523.681,32.8411,165.572,3.97271
0.600818,538.399,34.7046,173.98,4.08224
1.4497,527.61,34.9754,174.33,4.19952
-2.98764,525.569,30.0417,154.389,3.63858
-4.00093,501.544,27.6973,143.363,3.52667
0.358923,593.366,37.9425,190.526,4.04975
-2.04698,559.147,32.993,168.443,3.7474
-1.16214,528.033,32.0967,162.864,3.85441
0.117742,594.484,37.7111,189.676,4.01776
-3.54934,540.095,30.2888,156.276,3.57589
-3.94964,520.552,28.7974,149.003,3.53221
1.04888,553.254,36.1941,180.895,4.14349
1.93957,578.16,38.9483,193.493,4.26963
-3.02156,577.298,32.9606,169.43,3.63475
-0.354413,533.685,33.327,168.168,3.95627
1.77041,598.956,40.1258,199.57,4.24521
-1.28205,563.48,34.114,173.244,3.83963
-4.51505,590.584,32.0461,166.48,3.47189
-1.87543,590.578,35.0495,178.729,3.76779
-2.11351,529.283,31.161,159.164,3.73954
-2.73948,587.151,33.845,173.632,3.66682
-2.69931,503.104,29.0397,148.938,3.67142
1.84716,507.077,34.0563,169.295,4.25627
0.0144136,564.753,35.7024,179.699,4.00418
-4.04132,511.689,28.2186,146.103,3.52232
-4.72925,505.959,27.2534,141.799,3.44944
1.35266,554.35,36.6307,182.701,4.18585
-2.12521,519.876,30.5951,156.286,3.73816
0.245507,522.734,33.3005,167.346,4.03466
-4.68912,576.185,31.0789,161.656,3.45363
1.19782,503.227,33.0834,165.181,4.16418
-4.6343,513.964,27.7749,144.414,3.45936
1.33596,524.702,34.6526,172.854,4.1835
-2.51934,506.637,29.4221,150.709,3.69214
-4.92118,542.019,29.0041,151.114,3.42951
-3.33327,542.745,30.6618,157.959,3.59981
0.208607,509.181,32.3974,162.849,4.02977
-0.446914,540.884,33.6726,170.02,3.94439
-1.44224,569.075,34.2683,174.221,3.82003
-4.23413,598.459,32.7871,169.989,3.50166
-0.675139,503.674,31.1184,157.37,3.91533
-2.13847,553.03,32.5317,166.194,3.7366
0.532742,509.431,32.7634,164.325,4.07305
0.685732,518.292,33.5025,167.856,4.09374
0.746625,567.255,36.7413,184.008,4.10201
0.496319,560.96,36.034,180.773,4.06815
-0.681924,503.737,31.1153,157.362,3.91447
0.647846,573.651,37.0345,185.6,4.0886
-1.92584,579.653,34.3428,175.187,3.76178
-1.31964,505.026,30.5367,155.117,3.83502
1.20026,547.265,35.9814,179.648,4.16452
-2.59497,537.13,31.1133,159.456,3.68341
-2.54798,502.554,29.1568,149.38,3.68883
-3.98931,565.278,31.2294,161.632,3.52793
-4.77413,522.032,28.0759,146.125,3.44476
1.70542,588.28,39.3265,195.68,4.23589
-3.41802,537.385,30.2717,156.043,3.5904
-4.81368,549.427,29.5092,153.628,3.44065
-2.56802,548.436,31.7972,162.93,3.68652
-1.65616,540.697,32.3265,164.592,3.79409
-3.74278,521.293,29.0424,150.051,3.55468
-2.09555,586.83,34.5699,176.554,3.74166
-0.570872,515.785,31.9777,161.6,3.92857
-3.7388,544.467,30.3376,156.738,3.55512
-1.00018,545.327,33.328,168.923,3.8745
0.184199,543.996,34.5846,173.871,4.02654
-0.235215,599.196,37.5667,189.407,3.97166
0.892508,580.731,37.796,189.102,4.12195
1.66088,583.73,38.9652,193.941,4.22952
-2.06929,571.302,33.685,172.003,3.74477
1.582,571.518,38.0513,189.493,4.21828
-2.33219,539.694,31.5405,161.348,3.71389
-3.28746,596.136,33.7305,173.712,3.60491
-0.386869,513.064,32.0046,161.532,3.9521
-1.34249,573.641,34.6589,176.085,3.83222
-1.52064,537.777,32.2986,164.296,3.81049
0.723818,546.944,35.3991,177.313,4.09891
-4.68988,568.361,30.656,159.457,3.45355
-4.68246,577.947,31.1811,162.18,3.45432
-4.45168,538.636,29.2909,152.098,3.47857
-2.1174,592.172,34.8589,178.057,3.73909
-1.66159,562.761,33.6395,171.284,3.79344
-2.14381,523.571,30.7933,157.319,3.73597
-4.41553,589.224,32.0815,166.546,3.48239
-0.711501,589.848,36.3983,184.118,3.91073
1.13538,543.128,35.6331,177.987,4.15549
-4.40551,595.868,32.4544,168.469,3.48345
0.669828,567.891,36.6893,183.843,4.09158
-1.93755,591.133,35.0092,178.6,3.76039
0.54645,580.11,37.326,187.19,4.0749
1.84264,544.796,36.5841,181.866,4.25561
0.756343,527.963,34.2074,171.306,4.10334
-0.895623,548.559,33.6429,170.396,3.88756
0.0911406,510.507,32.3554,162.768,4.01426
0.397803,572.506,36.6558,184.016,4.05495
-0.630456,546.929,33.8413,171.088,3.92099
-1.1975,580.876,35.267,178.994,3.85004
0.765055,549.222,35.595,178.244,4.10452
0.14063,527.573,33.492,168.429,4.02078
1.84436,589.264,39.5725,196.72,4.25586
-2.98411,523.408,29.9218,153.769,3.63898
1.47863,544.456,36.1264,180.033,4.20361
-3.75842,502.021,27.9539,144.442,3.55298
0.244648,501.737,31.962,160.62,4.03455
-3.43029,541.753,30.505,157.259,3.58904
-4.91624,516.264,27.6306,143.953,3.43002
-0.160516,566.578,35.6101,179.45,3.98135
-1.60663,538.633,32.2567,164.18,3.80007
1.10269,589.942,38.6628,193.163,4.15095
-1.89904,528.29,31.3279,159.778,3.76497
-2.18833,560.403,32.91,168.185,3.73074
-4.08359,566.024,31.1701,161.433,3.51778
-2.73927,583.483,33.6338,172.548,3.66684
-3.48758,595.434,33.4624,172.575,3.5827
0.656773,525.58,33.9411,170.087,4.08981
1.27481,505.691,33.3298,166.325,4.17493
-4.61315,519.422,28.0902,146.031,3.46158
-0.972587,539.667,33.0126,167.292,3.87794
1.7681,575.365,38.5424,191.698,4.24488
-2.53694,511.489,29.6862,152.08,3.69011
-4.00691,546.843,30.1927,156.286,3.52603
-1.12266,551.094,33.5427,170.155,3.85929
-1.21306,550.012,33.3757,169.414,3.84812
-1.83266,512.304,30.4478,155.217,3.7729
-3.55156,513.125,28.7741,148.463,3.57564
-0.661659,547.664,33.8515,171.176,3.91704
0.106767,559.152,35.4569,178.351,4.01632
0.746763,505.825,32.7627,164.082,4.10203
-1.89799,545.477,32.3483,164.98,3.7651
1.3112,527.734,34.8244,173.741,4.18003
-1.80799,543.113,32.3057,164.66,3.77585
-3.7483,582.058,32.4217,167.516,3.55408
-2.98289,519.225,29.6839,152.545,3.63912
-1.20361,500.926,30.4067,154.333,3.84929
-3.43551,567.599,31.9547,164.739,3.58846
0.105257,504.102,31.9644,160.786,4.01612
-2.26838,564.789,33.0782,169.139,3.72135
0.0287399,524.104,33.1484,166.828,4.00606
-3.11635,584.854,33.2849,171.211,3.62407
-1.47404,524.744,31.5651,160.513,3.81616
-2.80197,568.099,32.6776,167.716,3.65967
0.390878,551.409,35.2969,177.203,4.05402
-3.36866,526.387,29.7019,153.053,3.59588
-3.47412,570.798,32.0926,165.495,3.58419
-3.75309,557.101,31.0265,160.313,3.55356
-0.21634,551.33,34.5874,174.363,3.9741
-4.58955,553.862,29.977,155.814,3.46405
-2.9623,597.244,34.168,175.563,3.64145
-1.37236,551.218,33.2708,169.067,3.82856
-1.77998,579.954,34.5296,175.961,3.77921
-1.04108,509.811,31.1149,157.75,3.86941
1.62364,576.656,38.446,191.404,4.22421
-4.0951,540.374,29.7459,154.069,3.51654
-3.4545,586.633,33.005,170.176,3.58636
0.690187,569.536,36.8203,184.474,4.09434
1.59657,590.691,39.3466,195.924,4.22035
-0.895379,537.333,32.9547,166.91,3.8876
1.01928,577.386,37.7359,188.639,4.1394
-3.92273,590.438,32.6935,169.13,3.53512
-2.12778,503.936,29.6544,151.484,3.73786
-2.12792,530.132,31.1958,159.358,3.73784
-1.0769,521.376,31.7826,161.175,3.86497
-2.65071,570.236,32.9688,169.032,3.677
-3.82962,515.422,28.6305,148.013,3.54522
0.771416,537.898,34.8684,174.598,4.10539
0.338204,506.35,32.356,162.497,4.04699
-1.23211,593.919,36.0171,182.845,3.84578
-2.92258,541.737,31.0343,159.417,3.64595
-3.11296,539.292,30.6954,157.887,3.62445
-3.21464,521.486,29.5797,152.258,3.61305
-4.75744,504.744,27.1617,141.35,3.4465
-3.57655,575.953,32.2698,166.529,3.5729
-3.67386,553.833,30.9278,159.714,3.56222
-1.64429,565.916,33.8478,172.324,3.79553
0.0312196,574.537,36.3412,182.894,4.00638
-0.707701,510.559,31.5095,159.384,3.91121
-3.16351,587.957,33.408,171.901,3.61877
-3.87731,591.596,32.8084,169.669,3.54004
0.385501,577.768,36.9776,185.647,4.0533
-2.77686,539.935,31.084,159.509,3.66254
-2.25858,596.304,34.9355,178.624,3.72249
-2.00194,520.964,30.7867,157.13,3.75274
0.96717,581.54,37.9421,189.737,4.13222
-0.594378,566.977,35.1239,177.528,3.92558
-3.06094,577.892,32.9506,169.425,3.63031
-4.91728,587.32,31.4324,163.762,3.42992
-0.56871,580.069,35.9658,181.751,3.92884
-1.18351,580.301,35.2486,178.884,3.85177
-1.46717,523.978,31.5263,160.308,3.81699
-0.27279,585.013,36.6316,184.74,3.9668
0.132087,575.901,36.5497,183.816,4.01966
0.68383,556.102,35.9442,180.093,4.09348
-3.20263,521.335,29.5832,152.263,3.61439
-0.395199,513.868,32.0459,161.749,3.95103
-1.69386,513.771,30.6778,156.239,3.78955
-2.60672,506.796,29.3446,150.403,3.68206
0.878036,541.57,35.2304,176.283,4.11997
-1.76543,556.221,33.1327,168.826,3.78095
-2.52178,560.877,32.5693,166.832,3.69186
-3.19035,532.432,30.2255,155.555,3.61577
-0.147768,544.043,34.2082,172.37,3.983
-2.79777,563.723,32.4305,166.443,3.66015
-3.95252,565.973,31.307,161.991,3.5319
-4.43046,583.708,31.7649,164.92,3.48081
-3.09346,507.134,28.8841,148.55,3.62664
1.94695,563.876,37.9952,188.749,4.2707
-4.31874,507.672,27.7329,143.872,3.49265
-0.303238,507.371,31.7378,160.093,3.96286
-4.00822,591.482,32.6559,169.038,3.52589
1.3968,537.318,35.5569,177.293,4.19206
-4.85317,531.443,28.5046,148.44,3.43655
-0.784959,513.346,31.5999,159.926,3.90146
1.80695,554.269,37.1767,184.856,4.25047
-2.26169,502.547,29.4395,150.526,3.72213
1.43247,584.691,38.7373,193.104,4.19709
0.299179,559.001,35.6743,179.209,4.04179
-4.07778,575.302,31.6873,164.105,3.5184
1.96487,518.473,34.9565,173.632,4.2733
-4.27093,507.141,27.7492,143.907,3.49774
-3.75616,534.955,29.79,153.927,3.55322
-4.88445,555.439,29.7597,155.011,3.43331
1.51318,532.354,35.3636,176.19,4.2085
0.789206,590.215,38.2823,191.67,4.10782
-3.56274,575.159,32.2405,166.362,3.57441
-1.1799,565.465,34.3516,174.327,3.85221
-4.16779,578.807,31.7825,164.703,3.50875
1.18023,544.612,35.7834,178.683,4.16172
-2.6145,581.332,33.6515,172.488,3.68116
-3.83722,512.556,28.4639,147.16,3.5444
-3.97027,572.109,31.6272,163.669,3.52998
-0.162695,517.305,32.5109,163.834,3.98106
-2.6514,560.289,32.393,166.08,3.67692
-4.94078,528.235,28.2475,147.193,3.42749
-0.981352,548.944,33.5702,170.128,3.87685
-4.50808,538.588,29.2317,151.852,3.47262
-4.11535,507.584,27.9216,144.641,3.51437
1.83589,534.062,35.8553,178.252,4.25464
-1.842,580.96,34.5174,175.975,3.77178
0.711733,550.01,35.5833,178.25,4.09727
-4.93276,573.737,30.6891,159.907,3.42832
-1.92278,584.226,34.6173,176.583,3.76215
1.58389,538.411,35.8493,178.525,4.21855
-2.74025,553.329,31.8946,163.627,3.66673
-0.302205,574.957,35.9668,181.424,3.963
-4.77476,574.512,30.8977,160.812,3.4447
0.0458687,570.298,36.0906,181.615,4.00831
-4.76099,584.098,31.4281,163.557,3.44613
-1.23871,561.301,34.0315,172.773,3.84496
0.442315,546.08,35.0155,175.728,4.06091
-1.85804,566.945,33.6666,171.656,3.76987
0.643541,553.784,35.7467,179.152,4.08802
-0.278448,574.173,35.9461,181.29,3.96607
-0.0408773,544.489,34.3582,172.999,3.99694
-1.25244,590.475,35.7838,181.687,3.84327
0.662167,540.686,34.9228,175,4.09054
-4.04381,516.537,28.4835,147.477,3.52205
0.791564,532.598,34.5479,172.97,4.10814
-2.86119,559.109,32.0961,164.8,3.65293
-2.29484,549.302,32.1425,164.385,3.71825
-4.60113,588.656,31.8475,165.55,3.46284
-4.82784,555.084,29.7986,155.15,3.43918
1.71223,535.226,35.7879,178.064,4.23687
-4.55704,574.392,31.1227,161.732,3.46747
1.95477,584.816,39.4163,195.798,4.27184
-3.79313,526.263,29.2691,151.275,3.54919
-1.22952,568.102,34.4545,174.909,3.84609
-2.06569,585.104,34.5029,176.175,3.74519
0.743284,535.497,34.6806,173.691,4.10156
1.32353,505.364,33.3617,166.43,4.18176
0.753571,508.817,32.9639,165.082,4.10296
1.50345,502.118,33.3444,166.141,4.20713
1.45595,510.759,33.8653,168.79,4.2004
1.62919,503.985,33.6071,167.308,4.225
0.61221,583.552,37.6293,188.627,4.08378
-4.79771,522.693,28.0888,146.216,3.44231
-1.29272,572.457,34.6452,175.954,3.83832
-0.146928,564.153,35.4737,178.746,3.98311
1.21632,563.283,37.0542,184.984,4.16676
-3.67552,514.229,28.7146,148.286,3.56203
-3.89486,570.692,31.6302,163.597,3.53814
-1.1552,524.499,31.8893,161.804,3.85527
0.445107,589.94,37.8313,189.856,4.06128
-0.635183,572.219,35.4005,178.976,3.92039
-1.45265,521.265,31.3783,159.539,3.81876
-2.33963,580.293,33.9046,173.452,3.71302
1.23356,582.339,38.3295,191.328,4.16916
-4.13422,540.146,29.6936,153.841,3.51234
-2.66563,525.007,30.3386,155.562,3.67528
-3.70073,553.707,30.8925,159.562,3.55927
0.00645744,523.87,33.1091,166.656,4.00314
-1.10821,516.162,31.4318,159.431,3.86108
-1.61921,537.377,32.1679,163.743,3.79855
-0.706453,598.271,36.9243,186.772,3.91137
-3.12163,518.634,29.511,151.804,3.62348
1.88342,550.844,37.0398,184.081,4.2615
0.51822,568.978,36.5755,183.462,4.0711
0.846278,526.9,34.2402,171.365,4.11562
-4.76477,509.372,27.4039,142.618,3.44574
-4.48111,513.049,27.8713,144.757,3.47546
0.070989,534.133,33.8302,170.21,4.01161
-0.852852,591.456,36.3257,183.929,3.89293
-2.35695,535.434,31.2654,159.969,3.711
0.449617,581.978,37.3263,187.316,4.06188
-0.97476,541.414,33.117,167.824,3.87767
-3.49922,547.037,30.7305,158.499,3.58142
-1.55718,540.355,32.4136,164.922,3.80606
-1.89333,518.921,30.7782,156.968,3.76565
1.58648,584.671,38.9327,193.876,4.21891
-4.67642,518.739,27.9925,145.589,3.45496
-1.12778,545.398,33.1904,168.374,3.85866
-2.45356,581.56,33.8483,173.301,3.69976
-1.75632,513.389,30.5907,155.863,3.78204
-3.08239,565.331,32.2109,165.647,3.62789
-3.95036,535.99,29.6507,153.419,3.53213
0.0886284,550.341,34.8772,175.457,4.01393
0.341247,509.049,32.5318,163.376,4.04739
-0.760863,551.964,34.0045,172.067,3.9045
-2.09642,565.364,33.3044,170.092,3.74156
-0.037206,591.887,37.3536,188.077,3.99742
-3.58295,579.867,32.482,167.632,3.57219
-4.44937,579.66,31.5242,163.692,3.47881
-4.6617,540.673,29.1908,151.806,3.45649
-4.51559,532.065,28.8703,149.982,3.47183
1.90693,596.732,40.1564,199.538,4.2649
-2.47427,543.38,31.604,161.834,3.69736
-3.62572,560.524,31.3528,161.853,3.56749
-2.77994,549.906,31.6547,162.441,3.66219
-4.44702,562.929,30.6168,158.978,3.47906
-3.88486,538.018,29.8295,154.272,3.53923
-0.330544,580.334,36.2689,182.983,3.95934
-0.66601,551.076,34.0574,172.223,3.91649
1.32941,568.077,37.5091,187.112,4.18258
1.41093,539.464,35.7155,178.066,4.19405
0.682876,577.9,37.352,187.147,4.09335
-1.4207,533.175,32.1297,163.323,3.82266
-2.3165,503.273,29.4276,150.523,3.71572
1.88204,566.33,38.0794,189.249,4.2613
-0.194504,596.701,37.461,188.821,3.97693
-0.525745,576.513,35.7966,180.843,3.93432
-3.01844,590.963,33.7444,173.455,3.6351
-3.52779,569.952,31.9866,165.011,3.57826
1.42906,580.142,38.4316,191.584,4.19661
-3.76989,512.695,28.5371,147.468,3.55172
-2.67631,550.507,31.8006,163.071,3.67406
-3.30039,587.223,33.2116,171.056,3.60347
-1.81783,504.465,29.9969,152.903,3.77467
-0.0558417,599.918,37.837,190.535,3.99498
-1.64975,501.528,29.9911,152.695,3.79487
-2.03235,593.277,35.0242,178.795,3.74914
0.265542,539.003,34.3597,172.645,4.03732
-3.79384,534.502,29.7266,153.641,3.54911
-3.45523,519.681,29.2374,150.751,3.58628
0.639438,578.816,37.3575,187.23,4.08746
-4.88985,568.477,30.4526,158.626,3.43275
-2.4098,515.004,30.0189,153.648,3.70485
-3.64607,587.218,32.8232,169.468,3.56526
-1.50687,560.107,33.6552,171.18,3.81217
-4.36161,523.169,28.5376,148.091,3.4881
-0.589545,548.773,34.0017,171.85,3.92619
1.37264,576.74,38.1353,190.18,4.18866
1.83224,542.467,36.4153,181.04,4.25411
-2.52861,525.057,30.4823,156.149,3.69107
-1.12639,510.378,31.0606,157.568,3.85883
-2.57439,558.021,32.3459,165.749,3.68578
-1.19418,572.101,34.7381,176.306,3.85045
-3.15874,535.255,30.4184,156.513,3.61931
-2.70508,537,30.9902,158.948,3.67076
-3.89865,575.619,31.8992,164.992,3.53773
-3.95703,582.009,32.1891,166.561,3.53141
-0.377913,511.683,31.9281,161.135,3.95325
-1.08974,513.242,31.2733,158.606,3.86337
-1.58192,503.978,30.2064,153.719,3.80306
-1.7035,559.894,33.421,170.221,3.78839
-2.91868,511.863,29.3267,150.641,3.64639
0.473477,567.727,36.441,182.843,4.06509
-3.63097,548.905,30.6974,158.476,3.56692
0.982181,585.881,38.2442,191.228,4.13428
-3.10219,509.177,28.9919,149.114,3.62566
0.29238,536.362,34.2218,171.921,4.04089
-1.91408,545.646,32.3408,164.961,3.76318
0.484443,575.277,36.9391,185.328,4.06656
-3.48569,572.975,32.2023,166.074,3.58291
-4.78162,583.448,31.3709,163.283,3.44399
-2.21911,562.609,33.0053,168.709,3.72712
0.413063,519.003,33.247,166.886,4.05699
-2.15338,508.366,29.8893,152.711,3.73485
1.46426,577.908,38.328,191.022,4.20158
-0.704955,563.964,34.8087,176.069,3.91156
-1.67505,502.105,30.0002,152.768,3.79182
-3.20935,556.513,31.5722,162.507,3.61364
0.0963489,592.487,37.5577,188.932,4.01495
-2.74119,581.853,33.5377,172.057,3.66662
-4.96384,536.421,28.6625,149.38,3.42511
-3.9646,545.461,30.1599,156.069,3.5306
-0.965282,534.037,32.6761,165.579,3.87886
-1.79676,567.733,33.7829,172.176,3.77719
-3.23803,539.03,30.5506,157.281,3.61043
0.973925,545.339,35.5881,177.957,4.13315
1.47841,567.642,37.6646,187.698,4.20358
0.259147,560.545,35.7254,179.515,4.03647
1.13364,537.684,35.2739,176.195,4.15524
-3.91515,583.176,32.2998,167.084,3.53594
-0.118026,514.422,32.3778,163.114,3.98687
-2.51696,560.327,32.5427,166.691,3.69242
-1.64479,598.494,35.7957,182.242,3.79547
-4.21146,549.416,30.1236,156.155,3.50408
-4.98477,501.214,26.762,139.496,3.42295
-1.84561,548.172,32.5654,166.027,3.77135
-2.36314,514.622,30.0439,153.726,3.71028
-1.22004,517.006,31.3655,159.218,3.84726
-2.61705,561.911,32.5245,166.714,3.68087
1.2546,508.086,33.4654,167.024,4.1721
-4.65887,550.539,29.7264,154.588,3.45679
-2.88001,584.221,33.5163,172.115,3.65079
-1.67076,569.525,34.0333,173.3,3.79233
-3.12386,522.442,29.7254,152.91,3.62322
-3.61498,519.244,29.0545,149.977,3.56867
-0.291024,597.741,37.4059,188.669,3.96444
-2.973,589.923,33.737,173.361,3.64024
-1.92898,518.1,30.6927,156.571,3.76141
-0.381455,560.498,34.9699,176.491,3.95279
-0.491185,534.986,33.2564,167.97,3.93873
-4.27853,594.237,32.5065,168.587,3.49693
-4.42673,520.258,28.3156,147.008,3.48121
1.90659,591.338,39.793,197.733,4.26485
1.52247,579.518,38.5085,191.846,4.20982
-0.667477,526.778,32.5542,164.622,3.9163
1.03933,591.738,38.6995,193.429,4.14217
0.318738,519.043,33.1457,166.485,4.0444
0.960544,562.449,36.6885,183.476,4.1313
-3.11529,589.468,33.5487,172.567,3.62419
0.397359,580.787,37.1854,186.675,4.05489
1.22103,568.713,37.4172,186.79,4.16741
0.819697,501.595,32.5671,163.021,4.11198
-4.05095,575.406,31.7221,164.254,3.52129
0.142266,577.652,36.6732,184.424,4.021
-2.30263,528.244,30.9021,158.05,3.71734
-4.37421,596.82,32.5411,168.882,3.48677
-3.63284,560.418,31.3393,161.792,3.56671
-1.51011,584.439,35.1134,178.601,3.81177
-3.64726,597.454,33.394,172.417,3.56513
-4.01121,516.549,28.5159,147.611,3.52557
-2.77857,523.604,30.1421,154.677,3.66235
-4.20425,517.858,28.4003,147.214,3.50485
-0.727633,570.976,35.2148,178.151,3.90869
-3.16844,552.689,31.3988,161.568,3.61822
-4.14213,550.516,30.2555,156.761,3.5115
-3.60241,597.49,33.447,172.636,3.57005
1.37916,544.857,36.0349,179.697,4.18958
-4.40641,566.216,30.8384,160.082,3.48336
-4.52303,507.846,27.5491,143.126,3.47105
-0.736519,504.323,31.0947,157.317,3.90757
0.0837418,505.806,32.0496,161.238,4.01329
1.7609,517.156,34.6349,172.271,4.24385
0.218959,544.62,34.6642,174.23,4.03114
1.80836,567.635,38.0749,189.321,4.25067
-0.629523,535.654,33.1447,167.565,3.92111
0.623389,539.934,34.8295,174.579,4.08529
-2.82711,525.464,30.1995,155.025,3.65681
-3.49257,502.803,28.2519,145.708,3.58215
-3.86984,504.308,27.9748,144.665,3.54085
-2.6976,577.984,33.3638,171.113,3.67161
-2.41862,512.822,29.8828,152.961,3.70382
-4.16662,511.531,28.0895,145.564,3.50888
-0.0142923,553.908,34.9834,176.115,4.00042
1.6178,504.074,33.6004,167.287,4.22338
-0.26764,540.758,33.8664,170.788,3.96746
-1.36975,599.355,36.1795,183.845,3.82888
-3.05291,566.431,32.3058,166.101,3.63121
1.08592,503.154,32.9568,164.674,4.14862
-1.68476,511.496,30.5513,155.585,3.79065
-1.98797,536.395,31.7135,161.844,3.7544
-3.72736,560.869,31.2637,161.509,3.55636
-0.0276878,583.598,36.8422,185.49,3.99867
1.07268,505.566,33.1002,165.406,4.14679
-0.792606,512.969,31.5687,159.777,3.9005
-2.26354,552.472,32.3621,165.472,3.72191
-2.07801,571.391,33.6803,171.99,3.74374
-1.24508,532.364,32.2702,163.838,3.84418
-0.165922,538.736,33.8541,170.607,3.98064
-1.24741,549.398,33.3001,169.07,3.84389
-3.56849,589.356,33.0298,170.441,3.57378
-4.58934,591.858,32.0337,166.504,3.46408
-1.83517,596.242,35.4335,180.637,3.7726
-1.40564,506.98,30.5666,155.361,3.8245
-1.32618,562.932,34.0306,172.873,3.83422
-3.05713,588.781,33.5758,172.635,3.63073
-2.54339,569.718,33.0586,169.364,3.68936
1.45487,507.703,33.6614,167.775,4.20025
-0.268352,525.06,32.8825,165.827,3.96737
-0.137766,545.88,34.3352,172.998,3.9843
-2.0479,594.141,35.0568,178.981,3.7473
-3.8799,571.152,31.6719,163.795,3.53976
-4.97448,586.304,31.3164,163.224,3.42401
-0.541783,510.531,31.6827,160.077,3.93227
0.810467,508.93,33.0333,165.365,4.11072
0.611002,531.435,34.2672,171.775,4.08361
-0.606967,597.784,37.0169,187.112,3.92398
-2.52652,534.599,31.0384,158.996,3.69131
-4.53387,544.572,29.5305,153.432,3.46991
-0.521682,521.927,32.4116,163.737,3.93484
-4.70041,570.846,30.779,160.109,3.45245
-2.11601,583.477,34.3487,175.449,3.73925
-3.93622,568.294,31.4529,162.727,3.53366
-3.99006,561.985,31.0466,160.687,3.52785
-4.48175,550.897,29.9268,155.433,3.4754
-2.8378,557.975,32.0563,164.569,3.65559
1.23851,555.351,36.5592,182.485,4.16985
-2.4138,575.786,33.5572,171.763,3.70438
-4.64457,526.038,28.4174,147.765,3.45829
1.96269,526.376,35.4867,176.268,4.27299
-4.93052,541.535,28.9689,150.941,3.42855
-0.506223,532.348,33.0758,167.075,3.93681
0.896522,552.324,35.9519,179.871,4.1225
1.49672,561.163,37.2572,185.645,4.20617
-0.75369,519.637,32.0206,162.02,3.9054
0.373516,521.751,33.3793,167.595,4.0517
-1.07241,561.353,34.2247,173.554,3.86552
0.772866,574.326,37.2316,186.43,4.10559
0.696649,549.714,35.5464,178.084,4.09522
0.714516,552.936,35.7759,179.212,4.09765
0.785466,531.775,34.4876,172.675,4.10731
-1.7772,541.316,32.2321,164.25,3.77954
0.937205,526.945,34.3461,171.789,4.12809
-3.29702,587.128,33.21,171.043,3.60385
-2.44039,572.841,33.3556,170.763,3.70129
-0.81106,537.927,33.0842,167.468,3.89818
-0.469139,507.945,31.5986,159.572,3.94155
-3.98714,519.584,28.7071,148.575,3.52816
1.34369,541.766,35.7886,178.512,4.18459
-2.84204,538.808,30.9507,158.898,3.65511
-0.937581,562.456,34.4469,174.518,3.88232
1.41165,566.84,37.5289,187.106,4.19415
-1.40123,595.349,35.8998,182.463,3.82503
-0.846128,537.408,33.0136,167.151,3.89377
-0.893372,504.33,30.9327,156.667,3.88785
-1.26912,576.133,34.8952,177.195,3.84122
-2.43122,535.126,31.1692,159.559,3.70236
-0.656936,594.407,36.7465,185.809,3.91764
-3.7201,549.706,30.6491,158.326,3.55716
-2.55978,597.915,34.6755,177.669,3.68747
-4.85198,564.101,30.2575,157.567,3.43668
1.87929,537.282,36.123,179.53,4.26091
-1.34686,531.041,32.0804,162.989,3.83168
0.980695,536.075,34.9914,174.965,4.13408
-0.698447,595.761,36.7792,186.027,3.91238
1.0421,564.505,36.9218,184.541,4.14256
-4.84532,564.01,30.2596,157.57,3.43737
-4.21084,556.318,30.5027,158.119,3.50415
1.03807,533.124,34.8647,174.264,4.142
-3.65405,507.317,28.3494,146.378,3.56439
0.995448,537.783,35.12,175.59,4.13611
-3.49022,543.507,30.5415,157.514,3.58241
0.658247,552.071,35.6536,178.667,4.09001
-2.56602,537.002,31.1363,159.542,3.68675
1.35942,578.987,38.2673,190.855,4.1868
-1.75811,525.33,31.3003,159.481,3.78183
-3.21636,515.325,29.2285,150.452,3.61285
1.09876,550.705,36.0866,180.297,4.1504
-1.58041,558.549,33.4788,170.37,3.80325
-0.0520167,544.591,34.3519,172.981,3.99548
-4.43476,523.13,28.4641,147.787,3.48036
-0.932861,538.144,32.9631,166.996,3.88291
0.763795,514.56,33.3472,166.99,4.10435
0.0187785,579.53,36.6419,184.423,4.00475
-0.957672,531.944,32.5564,164.963,3.87981
-3.50053,599.57,33.68,173.713,3.58127
-1.26738,559.814,33.9088,172.184,3.84144
-4.03679,582.28,32.1165,166.279,3.52281
-1.03125,597.098,36.4541,184.807,3.87064
-4.32374,533.499,29.1388,151.171,3.49212
-2.2836,559.935,32.7771,167.618,3.71956
-4.90802,541.839,29.0075,151.118,3.43087
-2.64064,544.698,31.503,161.505,3.67815
0.216458,500.961,31.8827,160.253,4.03081
1.59074,555.504,36.9957,184.225,4.21952
-4.41178,573.857,31.2488,162.219,3.48279
1.01983,557.211,36.418,182.05,4.13948
-2.39304,575.316,33.5533,171.718,3.7068
-4.07394,578.613,31.8738,165.066,3.51881
-0.200106,531.049,33.3332,168.021,3.97621
-1.99712,547.31,32.3489,165.097,3.75331
-4.71593,543.584,29.2934,152.398,3.45083
-3.65448,590.781,33.0129,170.458,3.56434
-4.01842,545.264,30.0937,155.786,3.52479
-3.18886,575.509,32.6726,168.147,3.61593
1.80422,557.684,37.4024,185.982,4.25008
1.58222,592.546,39.4516,196.466,4.21831
-2.88959,535.709,30.7232,157.782,3.6497
-2.76731,579.927,33.3971,171.367,3.66363
1.20314,545.656,35.879,179.133,4.16492
-4.51058,545.056,29.5803,153.665,3.47236
-0.659435,514.965,31.8327,160.965,3.91732
-4.30935,554.345,30.2923,157.139,3.49365
-3.25896,587.955,33.2998,171.46,3.60809
-4.35653,566.015,30.8801,160.242,3.48864
-4.58617,585.768,31.7075,164.804,3.46441
-3.04754,538.392,30.7122,157.901,3.63182
-3.76809,558.178,31.0706,160.558,3.55192
-2.16482,577.607,33.9473,173.458,3.7335
0.614377,571.963,36.8846,184.892,4.08407
-4.12801,540.645,29.7274,154.009,3.51301
-1.9024,528.408,31.3314,159.799,3.76457
-1.00245,595.756,36.4072,184.533,3.87422
-1.50785,529.004,31.7853,161.67,3.81205
-4.64318,543.659,29.3707,152.721,3.45843
-2.4326,554.895,32.3192,165.448,3.7022
-3.55729,519.702,29.1372,150.343,3.57501
-1.29101,580.431,35.1298,178.413,3.83853
-1.59973,547.181,32.7762,166.817,3.80091
1.55659,550.814,36.6422,182.507,4.21466
-0.501855,502.81,31.2451,157.823,3.93737
-0.840131,545.71,33.5303,169.761,3.89452
-4.01615,513.791,28.3589,146.803,3.52503
-4.02694,524.652,28.9477,149.863,3.52387
-3.89906,520.317,28.8341,149.139,3.53769
1.11414,590.791,38.733,193.499,4.15254
-1.54398,574.139,34.4554,175.295,3.80766
-4.80632,512.757,27.5466,143.403,3.44142
-4.77978,516.191,27.7564,144.468,3.44418
-2.20534,585.876,34.3862,175.75,3.72874
-3.71206,572.553,31.9317,164.942,3.55804
-2.78397,563.311,32.4219,166.383,3.66173
-1.22312,585.195,35.4987,180.202,3.84688
0.295942,542.776,34.6351,173.993,4.04136
-0.930884,569.404,34.8802,176.705,3.88315
-0.787461,543.703,33.4658,169.372,3.90115
-1.11742,572.653,34.8611,176.836,3.85994
1.92982,503.965,33.9392,168.619,4.26822
-3.52806,576.177,32.3357,166.812,3.57823
0.319652,514.148,32.8342,164.919,4.04452
-4.59865,584.219,31.6101,164.313,3.4631
-1.63392,502.359,30.0569,153.013,3.79678
-0.525308,566.774,35.1923,177.789,3.93437
-1.08159,539.171,32.8622,166.655,3.86438
-4.31034,509.136,27.8209,144.32,3.49355
0.0368649,545.871,34.5345,173.794,4.00713
-3.00277,589.78,33.6948,173.181,3.63687
-0.0207069,570.444,36.0201,181.342,3.99958
-0.583529,560.035,34.7065,175.405,3.92696
1.83819,552.984,37.1285,184.578,4.25497
-0.310989,577.82,36.1353,182.285,3.96186
-0.947973,502.434,30.7602,155.852,3.88102
-0.596143,552.858,34.2473,173.099,3.92535
0.201478,579.052,36.8343,185.16,4.02883
-4.29818,509.254,27.8389,144.4,3.49484
-2.89194,506.369,29.0382,149.132,3.64943
0.631807,593.466,38.2934,191.93,4.08643
1.43809,547.233,36.2623,180.759,4.19788
0.353838,554.755,35.4675,178.104,4.04907
-0.510618,593.056,36.8423,186.106,3.93625
1.60967,532.845,35.5088,176.798,4.22222
-1.19508,513.906,31.2035,158.368,3.85034
-0.148956,586.596,36.8825,185.847,3.98285
-3.87176,554.475,30.7556,159.047,3.54065
-4.3446,521.065,28.4394,147.564,3.48991
-4.09861,542.819,29.8769,154.752,3.51616
-0.0746794,592.74,37.3609,188.162,3.99252
-3.06999,518.129,29.5339,151.867,3.62929
-0.982748,596.448,36.4736,184.844,3.87668
-0.388451,593.802,37.0391,186.943,3.95189
-3.95552,545.122,30.1505,156.011,3.53158
-2.56072,531.863,30.8439,158.037,3.68736
0.0574395,509.322,32.2442,162.246,4.00983
-2.4532,508.228,29.5805,151.45,3.69981
-0.00468075,506.253,31.9839,161.004,4.00168
-0.846609,516.303,31.7166,160.585,3.89371
-4.4919,577.251,31.3476,162.824,3.47433
-3.78027,573.146,31.8905,164.809,3.55059
-0.385061,547.445,34.1514,172.364,3.95233
-4.92515,523.155,27.9908,145.839,3.4291
-1.65419,516.496,30.8817,157.234,3.79433
0.886341,512.103,33.3227,166.728,4.12111
1.05796,575.597,37.667,188.245,4.14475
-3.86454,591.683,32.8275,169.753,3.54143
1.95662,578.637,39.0022,193.738,4.2721
-4.17501,527.635,28.9654,150.112,3.50798
0.0275878,523.529,33.1108,166.64,4.00591
0.661631,539.319,34.8339,174.556,4.09047
-2.314,544.82,31.8596,162.96,3.71601
-1.55537,536.103,32.1605,163.633,3.80628
1.56748,574.994,38.2644,190.573,4.21621
-2.56254,583.811,33.8544,173.465,3.68715
-4.6458,596.127,32.2023,167.448,3.45816
-3.55122,549.637,30.8219,159.029,3.57568
-3.27629,566.317,32.0555,165.073,3.60616
1.9199,518.085,34.8788,173.298,4.26678
0.986006,571.402,37.3038,186.521,4.13481
0.976654,572.118,37.339,186.709,4.13352
-3.49181,558.268,31.3693,161.785,3.58224
-1.45501,546.01,32.8653,167.102,3.81847
0.274354,581.457,37.0769,186.287,4.03849
-3.42253,552.684,31.1287,160.466,3.5899
-0.359032,588.665,36.7547,185.47,3.95568
-2.2849,503.25,29.4576,150.644,3.71941
-0.348453,592.952,37.0354,186.873,3.95704
-2.34961,529.238,30.9112,158.149,3.71185
0.372092,589.128,37.6879,189.23,4.05151
-2.54154,531.495,30.8426,158.009,3.68958
-2.51429,579.735,33.6729,172.477,3.69273
-2.06211,518.937,30.6048,156.267,3.74562
-3.89757,559.802,31.0237,160.463,3.53785
-4.38678,535.566,29.1887,151.497,3.48543
0.736897,525.748,34.042,170.5,4.10069
0.931625,541.394,35.2813,176.474,4.12732
-1.41199,545.118,32.859,167.021,3.82372
-4.19528,593.163,32.5402,168.662,3.50581
-0.882495,576.411,35.3666,179.11,3.88921
-0.670955,506.732,31.3117,158.343,3.91586
-3.7298,538.865,30.0347,155.163,3.5561
-1.04016,508.657,31.0453,157.396,3.86953
-0.944352,525.829,32.1964,163.124,3.88147
-1.47101,542.112,32.6132,165.839,3.81653
-4.84577,541.037,29.0266,151.15,3.43732
-2.30195,535.3,31.3156,160.164,3.71742
-0.0712185,543.049,34.2328,172.404,3.99298
-2.97184,501.759,28.6961,147.457,3.64037
0.53338,548.698,35.2895,176.993,4.07314
0.546866,598.112,38.4848,193.001,4.07496
-0.751051,570.384,35.1508,177.856,3.90574
-0.742546,573.044,35.3247,178.725,3.90681
0.347223,582.475,37.2316,186.971,4.04819
-1.55172,542.601,32.5543,165.632,3.80672
-1.26702,519.6,31.4733,159.817,3.84148
-4.04232,527.75,29.1033,150.685,3.52221
-1.72276,520.831,31.0692,158.264,3.78607
0.448015,593.253,38.0474,190.937,4.06167
-3.06963,598.747,34.1296,175.498,3.62933
0.00553805,565.058,35.7111,179.754,4.00302
-0.953797,531.523,32.5348,164.849,3.88029
0.463029,592.104,37.9926,190.642,4.06368
-2.85076,523.838,30.0819,154.447,3.65411
-4.85383,579.217,31.0663,161.781,3.43649
-1.16037,573.84,34.8831,177.001,3.85463
1.40968,558.991,37.0069,184.506,4.19388
-0.392634,598.761,37.3432,188.484,3.95136
-3.83013,573.351,31.8478,164.646,3.54517
0.29551,540.459,34.4868,173.248,4.0413
1.17717,578.562,38.0102,189.807,4.1613
-0.0715587,528.938,33.3428,167.922,3.99293
-3.70897,589.131,32.8597,169.732,3.55837
0.595442,502.912,32.4114,162.489,4.08151
1.01507,578.344,37.7932,188.931,4.13882
0.426146,576.946,36.9748,185.581,4.05874
-0.0450112,559.676,35.3117,177.805,3.9964
-1.91569,512.935,30.4003,155.065,3.76299
-0.342738,551.807,34.472,173.932,3.95777
-0.0649538,538.976,33.9831,171.139,3.99379
-0.412119,565.247,35.2302,177.842,3.94886
-2.81338,590.687,33.9637,174.331,3.65837
0.628805,595.387,38.4135,192.537,4.08602
-1.47346,568.164,34.1776,173.797,3.81623
0.613827,549.204,35.4163,177.532,4.084
1.77165,587.989,39.3927,195.922,4.24539
0.562149,581.901,37.4607,187.846,4.07702
1.28161,545.896,35.9878,179.581,4.17588
-0.312104,598.729,37.4415,188.875,3.96172
-1.10591,561.96,34.2233,173.587,3.86137
-1.32046,571.007,34.5253,175.379,3.83492
1.95587,570.806,38.4734,191.113,4.272
0.162319,512.354,32.5493,163.664,4.02365
-1.99449,571.742,33.7959,172.479,3.75362
-2.68452,544.762,31.46,161.334,3.67311
-2.52294,553.182,32.1212,164.539,3.69173
-3.19818,548.248,31.1151,160.142,3.61489
1.33836,511.126,33.7586,168.393,4.18384
1.67253,581.35,38.8213,193.209,4.23119
0.219623,591.672,37.6598,189.286,4.03123
1.84333,557.758,37.4554,186.197,4.25571
-1.95329,577.523,34.185,174.415,3.75852
-1.55435,579.192,34.7465,176.789,3.8064
-0.282584,583.39,36.5182,184.18,3.96553
1.06057,596.293,39.0247,195.027,4.14511
-0.91669,575.337,35.2604,178.614,3.88493
-0.129792,534.318,33.6168,169.37,3.98534
0.04047,521.103,32.9715,165.925,4.0076
0.955722,589.274,38.4321,192.202,4.13064
-4.82443,579.695,31.1234,162.044,3.43954
-1.50351,593.044,35.6383,181.263,3.81257
0.731622,585.699,37.9172,189.916,4.09997
0.00486091,539.183,34.0751,171.52,4.00293
-1.24018,597.642,36.2331,183.952,3.84478
1.41633,556.7,36.8632,183.782,4.19481
-1.76124,598.443,35.6528,181.661,3.78145
-4.34864,561.784,30.6576,159.078,3.48948
-1.76423,584.555,34.822,177.431,3.78109
-4.07143,563.875,31.0646,160.873,3.51908
-3.11755,572.771,32.5959,167.668,3.62393
-3.34741,531.162,29.993,154.529,3.59824
-3.36699,549.774,31.0233,159.86,3.59606
-4.9842,577.545,30.8383,160.743,3.42301
-3.28327,540.744,30.6007,157.589,3.60538
-4.09546,576.915,31.7569,164.486,3.5165
-1.12152,518.516,31.5611,160.101,3.85943
-0.986695,513.651,31.4063,159.168,3.87619
-3.25179,532.428,30.1623,155.297,3.60889
-1.78098,522.43,31.1036,158.503,3.77908
-3.3173,562.272,31.7822,163.713,3.60159
0.723463,574.233,37.1648,186.158,4.09886
-0.859443,528.914,32.4773,164.451,3.8921
1.00445,532.525,34.7869,173.915,4.13736
-1.8744,564.938,33.5289,170.974,3.76791
-2.68785,575.005,33.2028,170.275,3.67273
0.740776,573.656,37.1488,186.056,4.10122
-1.12052,585.686,35.6508,180.846,3.85956
0.807817,549.593,35.6695,178.565,4.11036
0.548765,516.534,33.2378,166.686,4.07521
-1.59187,590.817,35.3993,180.157,3.80186
1.53608,585.47,38.9214,193.886,4.21175
-3.4592,582.198,32.7502,168.868,3.58584
-1.22574,541.067,32.819,166.602,3.84656
-4.56405,529.334,28.6744,149.016,3.46673
-1.57053,565.907,33.9311,172.66,3.80444
-2.53893,589.514,34.2124,175.27,3.68988
0.505774,536.188,34.4535,172.833,4.06942
-0.479836,522.796,32.5109,164.192,3.94018
-2.77107,539.374,31.0577,159.368,3.6632
0.954203,554.092,36.1357,180.72,4.13043
-2.7933,537.561,30.9301,158.738,3.66066
0.218236,583.002,37.1063,186.506,4.03105
0.766518,557.651,36.1431,180.987,4.10472
-4.82539,573.363,30.7824,160.27,3.43944
-3.01264,545.296,31.1429,160.076,3.63576
0.0240295,592.68,37.4798,188.634,4.00544
-3.52942,512.501,28.7608,148.371,3.57809
1.95495,547.281,36.8867,183.232,4.27186
-3.08587,532.76,30.3515,156.089,3.6275
1.46512,585.633,38.8414,193.58,4.2017
-2.61399,525.068,30.3951,155.796,3.68122
0.278825,522.407,33.3165,167.388,4.03909
-3.4645,564.564,31.7525,163.73,3.58525
-3.61543,540.617,30.2499,156.148,3.56862
-1.71065,501.14,29.9067,152.33,3.78753
-2.83014,598.471,34.3918,176.549,3.65646
-4.32324,550.878,30.0886,156.097,3.49218
-2.97771,509.534,29.1349,149.718,3.63971
1.37169,553.994,36.6301,182.675,4.18852
-0.242551,528.166,33.1054,166.922,3.97071
1.80743,570.221,38.2472,190.179,4.25054
-3.60065,543.513,30.4273,157.047,3.57025
-3.86555,537.228,29.8053,154.126,3.54132
0.408194,532.241,34.0895,171.121,4.05634
-3.08291,595.813,33.947,174.576,3.62783
0.417335,526.806,33.7516,169.414,4.05756
-2.28555,501.2,29.337,150.027,3.71934
0.860793,539.865,35.0995,175.649,4.11761
0.110128,547.656,34.7318,174.7,4.01676
-0.715127,568.734,35.0911,177.51,3.91027
0.717981,556.442,36.0068,180.364,4.09812
-4.60749,509.082,27.5363,143.146,3.46217
-0.456479,509.04,31.6801,159.97,3.94317
-4.76398,559.495,30.1012,156.655,3.44582
0.377673,566.074,36.2198,181.852,4.05226
0.376231,535.03,34.2319,171.873,4.05206
-0.821728,570.333,35.0648,177.507,3.89684
-4.39547,586.341,31.9464,165.821,3.48451
-4.96981,567.01,30.2907,157.873,3.42449
-4.77204,570.111,30.6639,159.592,3.44498
-0.00774772,505.723,31.9471,160.823,4.00128
-4.19726,584.241,32.0486,166.117,3.5056
-1.25453,520.361,31.5326,160.104,3.84302
-4.68417,540.836,29.1772,151.759,3.45415
-1.0314,596.773,36.4341,184.706,3.87062
-1.66995,554.405,33.1307,168.703,3.79243
-4.36122,513.219,27.9952,145.276,3.48814
-0.673681,569.592,35.1927,177.973,3.91551
-4.59687,580.632,31.418,163.312,3.46329
1.23411,555.794,36.583,182.61,4.16924
-3.88551,502.503,27.8598,144.086,3.53915
-3.7766,553.649,30.8095,159.219,3.55099
-1.82779,585.228,34.7876,177.335,3.77348
-1.18152,500.276,30.3898,154.223,3.85201
-0.434443,589.345,36.7048,185.315,3.94599
-0.0799828,512.892,32.3223,162.792,3.99183
-3.96717,531.641,29.3932,152.105,3.53032
-0.295142,555.656,34.7675,175.366,3.96391
-1.50895,554.635,33.3241,169.498,3.81191
-0.349835,510.281,31.8703,160.813,3.95686
0.568465,513.277,33.0498,165.72,4.07787
1.64632,556.362,37.1206,184.778,4.22744
-3.70951,573.769,32.0022,165.304,3.55831
0.826095,536.439,34.8368,174.375,4.11286
-4.93417,505.349,27.0297,140.841,3.42817
-3.66394,585.186,32.6897,168.8,3.5633
-4.03603,515.585,28.4386,147.236,3.52289
-3.57095,549.225,30.7781,158.825,3.57351
-4.81713,520.94,27.9759,145.649,3.44029
-3.81281,560.346,31.1438,160.987,3.54705
-4.29857,599.847,32.7909,170.087,3.4948
-3.42373,576.271,32.4559,167.309,3.58977
-1.55286,508.721,30.5204,155.285,3.80658
1.54141,504.819,33.5657,167.2,4.21251
-4.32986,519.555,28.3713,147.195,3.49147
0.650614,552.361,35.6633,178.725,4.08897
-2.73392,532.152,30.6804,157.391,3.66745
-3.21892,538.663,30.5496,157.255,3.61257
-3.17528,580.392,32.965,169.636,3.61745
1.56033,515.816,34.3182,170.927,4.2152
-0.0860316,554.51,34.938,175.973,3.99104
-1.47244,587.602,35.3481,179.748,3.81635
-4.05573,563.625,31.0675,160.87,3.52077
0.346435,514.618,32.8934,165.186,4.04809
-0.0237549,545.792,34.46,173.491,3.99918
0.236475,515.934,32.8575,165.13,4.03346
-1.24108,537.278,32.5724,165.368,3.84467
-0.382797,536.086,33.4453,168.798,3.95262
-3.28687,552.29,31.2503,160.938,3.60498
0.711491,539.978,34.934,174.998,4.09723
-3.83798,525.486,29.1812,150.869,3.54431
1.51646,587.452,39.0279,194.442,4.20897
1.46031,587.089,38.9318,194.037,4.20102
-0.442771,514.728,32.0487,161.816,3.94493
-3.26819,521.16,29.5075,151.943,3.60706
-3.56224,578.583,32.4329,167.354,3.57447
0.970591,524.802,34.2441,171.24,4.13269
-4.11113,522.401,28.7408,148.88,3.51482
-1.09251,534.498,32.5654,165.163,3.86303
0.286454,565.644,36.0831,181.278,4.0401
-2.5096,568.597,33.0312,169.184,3.69327
0.650314,521.29,33.6568,168.67,4.08893
1.55426,577.727,38.4296,191.413,4.21433
-4.71778,579.894,31.2482,162.57,3.45064
1.03989,529.905,34.6563,173.22,4.14225
0.23876,582.295,37.0865,186.38,4.03377
-1.117,548.642,33.3998,169.423,3.85999
-4.14647,501.376,27.5507,142.752,3.51103
-1.14262,574.826,34.9639,177.388,3.85682
-4.4574,524.168,28.4985,147.989,3.47797
-3.59408,525.585,29.4302,151.894,3.57097
-2.49996,568.543,33.0388,169.212,3.69439
-4.34773,538.556,29.3909,152.504,3.48957
-4.91241,565.527,30.2711,157.706,3.43042
-3.75648,507.829,28.2791,146.121,3.55319
1.64892,529.92,35.3594,176.008,4.22781
-4.39559,595.39,32.4394,168.38,3.4845
1.54566,510.751,33.9648,169.184,4.21311
-2.0161,592.711,35.0099,178.702,3.75106
-1.59297,564.811,33.8399,172.223,3.80173
-1.55766,534.664,32.0717,163.183,3.806
1.61187,561.407,37.4148,186.286,4.22253
0.192879,564.078,35.8716,180.331,4.02769
-4.21444,514.836,28.2247,146.315,3.50376
-3.44348,575.548,32.3934,167.01,3.58758
-4.38739,565.18,30.802,159.872,3.48537
-2.87247,582.351,33.4175,171.599,3.65164
0.655947,565.233,36.5008,182.916,4.0897
-2.44115,555.195,32.3273,165.499,3.7012
0.262199,509.609,32.4824,163.216,4.03688
0.520729,598.51,38.4771,192.997,4.07144
-3.90628,517.741,28.6842,148.372,3.5369
0.173816,544.364,34.5961,173.941,4.02517
0.519399,505.434,32.492,162.978,4.07126
0.799224,545.076,35.3663,177.058,4.10919
-1.32511,587.03,35.4886,180.278,3.83435
-4.79671,519.527,27.9196,145.335,3.44242
0.450168,540.192,34.6469,173.869,4.06196
-3.70276,557.447,31.099,160.63,3.55905
-4.58739,512.443,27.7372,144.17,3.46428
-3.14026,552.746,31.4321,161.708,3.62138
-2.52951,564.368,32.7635,167.836,3.69097
-1.25329,554.857,33.6244,170.723,3.84317
-1.50862,572.096,34.3736,174.836,3.81195
1.59202,529.576,35.2704,175.632,4.2197
1.15724,542.593,35.6237,177.914,4.15852
-2.85666,583.405,33.496,171.982,3.65344
-1.1849,545.375,33.1256,168.111,3.8516
-2.21942,557.84,32.7252,167.277,3.72708
-2.13739,536.557,31.5638,161.248,3.73673
-0.647924,527.07,32.5935,164.799,3.91878
1.95023,593.634,40.0047,198.727,4.27118
-4.16947,554.41,30.4411,157.753,3.50857
-1.52659,598.281,35.9252,182.751,3.80977
-4.7018,567.196,30.5807,159.079,3.4523
-1.54688,560.839,33.654,171.221,3.80731
-2.73594,572.571,33.0085,169.336,3.66722
-4.13147,533.721,29.3432,152.023,3.51264
1.50245,547.983,36.389,181.312,4.20698
-4.53075,581.266,31.5236,163.784,3.47023
-1.35249,597.988,36.1179,183.51,3.83099
-3.94392,523.073,28.9425,149.747,3.53283
-4.83392,564.467,30.2959,157.747,3.43855
-0.0522103,570.86,36.0087,181.324,3.99546
1.69253,521.31,34.8348,173.346,4.23405
-4.1323,503.001,27.6534,143.269,3.51255
1.62138,592.662,39.5102,196.705,4.22389
-2.46584,524.127,30.4929,156.135,3.69834
-4.31897,558.029,30.4836,158.142,3.49263
-2.39601,534.311,31.1587,159.467,3.70645
-4.39034,569.737,31.0472,161.148,3.48506
-2.75725,549.415,31.6507,162.395,3.66478
-1.42494,580.716,34.9896,177.866,3.82214
-3.39327,545.525,30.7561,158.512,3.59314
-0.406254,500.143,31.1785,157.383,3.94961
0.400799,581.143,37.2125,186.807,4.05535
-1.41566,535.065,32.249,163.924,3.82327
-2.67205,562.582,32.5028,166.667,3.67455
-2.64352,566.935,32.786,168.085,3.67782
0.824809,594.753,38.6221,193.324,4.11268
-1.70209,521.749,31.1455,158.63,3.78856
-2.59474,573.323,33.21,170.201,3.68344
-4.01515,546.909,30.1879,156.27,3.52514
-1.281,521.873,31.5962,160.456,3.83976
1.11079,562.33,36.863,184.161,4.15207
0.381508,545.558,34.9116,175.279,4.05277
-0.693258,500.758,30.9196,156.384,3.91304
-2.86804,561.665,32.2353,165.523,3.65215
0.502091,558.249,35.8667,179.926,4.06893
-2.88176,516.021,29.6019,152.016,3.65059
-2.54552,582.045,33.7714,173.019,3.68912
-2.09875,538.331,31.7094,161.949,3.74129
1.51964,537.674,35.7246,177.981,4.20942
1.22027,532.983,35.0655,175.051,4.16731
-1.14229,542.044,32.9703,167.274,3.85686
-1.11932,590.116,35.9219,182.22,3.85971
1.65645,504.948,33.7015,167.747,4.22889
-3.17605,582.931,33.1083,170.374,3.61737
-3.1039,502.158,28.5906,147.052,3.62547
-4.91097,568.037,30.407,158.412,3.43057
-4.93168,574.212,30.7157,160.044,3.42843
-0.387174,502.905,31.3706,158.332,3.95206
-1.68976,547.913,32.721,166.64,3.79005
0.0124895,557.031,35.212,177.234,4.00393
-3.66579,545.922,30.4944,157.467,3.5631
-2.94926,595.632,34.0909,175.151,3.64293
-2.05735,598.152,35.2822,180.144,3.74618
-3.32889,517.058,29.215,150.501,3.6003
-0.563369,515.197,31.9493,161.448,3.92952
-4.15934,561.182,30.8236,159.724,3.50965
1.18382,579.419,38.0749,190.121,4.16222
-0.80349,526.73,32.4038,164.015,3.89913
-1.68955,512.793,30.6239,155.96,3.79007
-4.92545,590.265,31.5811,164.546,3.42907
-0.491786,542.531,33.7247,170.336,3.93865
0.12192,539.439,34.2241,172.132,4.01832
-4.88572,502.967,26.9472,140.362,3.43318
-1.15083,581.487,35.3593,179.405,3.85581
-4.40882,500.208,27.2411,141.411,3.4831
-0.137848,526.937,33.1436,166.994,3.98429
-4.63216,500.12,27.0288,140.532,3.45959
-1.00893,544.475,33.2662,168.619,3.87342
-2.66849,508.541,29.3842,150.672,3.67495
-4.66521,552.528,29.8273,155.119,3.45613
-1.85559,511.939,30.4027,155.012,3.77016
-3.96348,559.139,30.9174,159.988,3.53072
-2.76326,598.591,34.4767,176.902,3.6641
0.399549,562.842,36.0391,180.918,4.05518
0.29301,558.791,35.6536,179.113,4.04097
-0.506454,590.287,36.6754,185.258,3.93678
0.260768,596.237,38.0022,190.954,4.03669
-4.1651,539.708,29.6383,153.588,3.50904
0.468923,579.633,37.1997,186.656,4.06447
-2.56004,527.872,30.6132,156.854,3.68744
-4.65626,570.68,30.8166,160.254,3.45706
-3.26681,513.544,29.0777,149.728,3.60722
1.21036,585.172,38.4866,192.143,4.16592
-3.10587,591.425,33.6708,173.183,3.62525
0.940101,552.962,36.0453,180.285,4.12849
-3.52395,572.348,32.1253,165.722,3.57869
0.786213,553.294,35.884,179.666,4.10741
-2.38778,584.399,34.0891,174.454,3.70741
0.156968,582.164,36.9777,185.937,4.02294
-1.86224,523.981,31.1109,158.63,3.76936
-0.611895,562.532,34.8283,176.055,3.92335
0.306573,550.99,35.1717,176.675,4.04278
0.75823,585.841,37.9597,190.095,4.10359
0.920903,503.679,32.8119,164.134,4.12585
-0.310108,518.411,32.421,163.547,3.96198
-1.79138,541.107,32.2043,164.125,3.77784
0.381248,503.65,32.2295,161.814,4.05273
-2.27741,597.623,34.9906,178.929,3.72029
-0.184682,599.926,37.6758,189.891,3.97821
-1.77423,543.406,32.3598,164.897,3.77989
-0.453871,526.535,32.7717,165.479,3.9435
-1.63095,552.249,33.0451,168.222,3.79714
-1.09005,570.937,34.7885,176.434,3.86333
-1.1197,567.816,34.564,175.332,3.85966
-4.02816,558.245,30.7999,159.453,3.52374
-4.55739,552.566,29.9398,155.585,3.46743
-1.27652,580.455,35.1483,178.489,3.84031
-0.22455,567.676,35.6032,179.494,3.97304
-2.22757,511.182,29.9798,153.253,3.72613
-2.45617,594.987,34.6267,177.29,3.69946
-4.98368,503.959,26.9096,140.265,3.42306
-2.66333,550.708,31.8262,163.188,3.67555
-1.32773,525.08,31.7406,161.242,3.83403
-3.88084,554.973,30.7737,159.151,3.53966
1.12949,525.538,34.4724,172.196,4.15467
-2.52083,504.543,29.2991,150.08,3.69197
-1.45152,554.697,33.3921,169.777,3.8189
-3.66415,513.035,28.659,147.987,3.56328
-4.11493,523.486,28.7967,149.174,3.51441
-1.45215,524.025,31.545,160.386,3.81882
-0.567749,547.637,33.956,171.593,3.92896
-1.47681,527.468,31.726,161.334,3.81582
0.1994,552.401,35.1366,176.629,4.02855
1.64374,517.827,34.5466,171.968,4.22707
-4.52494,550.625,29.8678,155.175,3.47084
-2.40385,500.866,29.2006,149.453,3.70554
0.732944,546.263,35.3657,177.135,4.10015
-2.77424,520.4,29.962,153.749,3.66284
-0.429371,565.081,35.1996,177.709,3.94664
-3.64698,573.786,32.0714,165.588,3.56516
-2.58741,573.486,33.2277,170.283,3.68428
-1.24727,597.835,36.2362,183.977,3.84391
1.76588,580.942,38.9132,193.545,4.24456
-2.47911,553.024,32.1597,164.685,3.6968
0.536574,522.462,33.6057,168.545,4.07357
-2.21824,553.815,32.4904,166.076,3.72722
-3.43348,581.99,32.7671,168.925,3.58869
1.94812,520.38,35.0657,174.194,4.27087
1.46619,514.607,34.1319,170.107,4.20185
-3.89025,509.781,28.2587,146.154,3.53864
-2.20609,558.171,32.7594,167.436,3.72865
0.610602,502.249,32.3849,162.34,4.08356
0.80578,560.461,36.3723,182.086,4.11008
-4.1389,516.819,28.4067,147.179,3.51184
-3.75914,512.598,28.5421,147.483,3.5529
0.54153,528.469,33.9977,170.505,4.07424
-2.78021,523.858,30.155,154.746,3.66216
-0.177891,551.394,34.6358,174.561,3.97909
0.146368,502.494,31.906,160.446,4.02154
-4.96412,547.481,29.2532,152.459,3.42508
-1.37882,513.209,30.97,157.383,3.82777
-1.79298,506.504,30.1433,153.623,3.77765
-4.80745,553.257,29.7213,154.725,3.4413
0.778218,506.013,32.8089,164.278,4.10632
1.68129,551.087,36.811,183.193,4.23244
-1.72177,524.728,31.3027,159.452,3.78619
0.477066,547.188,35.1269,176.245,4.06557
1.99056,515.694,34.7983,172.817,4.27704
-1.3333,583.565,35.2694,179.175,3.83334
-1.94015,533.263,31.5791,161.105,3.76008
-0.640792,594.926,36.7984,186.051,3.91968
-0.225269,528.45,33.1422,167.088,3.97294
1.10323,504.605,33.0707,165.224,4.15102
-0.98108,511.037,31.2523,158.381,3.87689
-4.43693,503.569,27.3978,142.253,3.48013
1.52448,535.223,35.5674,177.192,4.21011
0.994812,515.534,33.6662,168.323,4.13603
0.379193,581.678,37.2201,186.872,4.05246
1.04655,563.854,36.8847,184.35,4.14317
-0.746714,544.406,33.5547,169.775,3.90628
-3.17826,569.753,32.3574,166.513,3.61712
-1.44802,500.727,30.1467,153.272,3.81933
1.04112,577.956,37.8004,188.933,4.14242
-4.0943,553.579,30.4736,157.838,3.51663
1.91243,541.64,36.4556,181.142,4.2657
-4.03419,526.999,29.07,150.503,3.52309
1.15552,572.482,37.5839,187.706,4.15829
-1.44903,510.35,30.725,156.214,3.8192
-0.377474,594.136,37.0735,187.103,3.9533
-4.99554,565.629,30.1902,157.378,3.42184
-0.576095,599.667,37.1717,187.855,3.9279
-3.00965,517.208,29.5418,151.843,3.63609
-1.72483,555.075,33.1096,168.66,3.78583
-3.86371,516.528,28.6586,148.194,3.54152
-2.94566,550.881,31.5334,162.007,3.64333
-1.91366,523.815,31.0473,158.362,3.76323
-3.83467,595.068,33.049,170.862,3.54467
-4.21822,586.716,32.1613,166.726,3.50336
-4.75873,575.773,30.9826,161.235,3.44637
-3.57463,567.579,31.8027,164.116,3.57311
-2.34094,530.289,30.9817,158.5,3.71287
-2.64742,538.16,31.1177,159.537,3.67737
-1.92218,531.304,31.4821,160.59,3.76222
-0.473007,517.917,32.2148,162.688,3.94105
-4.79264,582.503,31.3083,162.97,3.44284
-3.88416,553.616,30.6949,158.747,3.5393
-4.98831,580.682,31.0014,161.598,3.42258
-0.619679,513.026,31.7549,160.528,3.92236
0.659771,571.107,36.8848,184.835,4.09022
-0.0895532,508.011,32.0045,161.202,3.99058
-1.59368,508.02,30.4366,154.903,3.80164
0.177502,512.232,32.558,163.69,4.02565
-4.7752,523.961,28.1786,146.661,3.44465
-2.4299,543.334,31.6487,162.013,3.70251
-1.61199,570.15,34.138,173.762,3.79943
-2.15834,512.332,30.1175,153.882,3.73426
-3.00389,532.65,30.4297,156.401,3.63674
0.101161,571.655,36.2429,182.312,4.01558
-2.21698,524.77,30.7877,157.371,3.72737
0.511573,584.738,37.5803,188.511,4.0702
-3.47358,558.472,31.4002,161.924,3.58425
-3.36566,547.172,30.8779,159.109,3.59621
-0.263629,567.632,35.5542,179.295,3.96798
-0.824781,572.243,35.1786,178.087,3.89645
1.5592,526.117,35.0023,174.336,4.21504
-4.39342,512.423,27.921,144.925,3.48473
0.813553,539.132,34.9972,175.193,4.11114
-2.35225,550.818,32.1688,164.586,3.71155
-0.0440737,500.889,31.6036,159.133,3.99652
-3.77403,546.156,30.3953,157.075,3.55127
-0.92972,572.827,35.0913,177.773,3.8833
-1.59537,543.338,32.5508,165.664,3.80144
-3.91391,568.465,31.4863,162.874,3.53608
-1.98957,504.619,29.8331,152.25,3.75421
-0.18047,512.316,32.1783,162.178,3.97875
0.316107,501.008,31.9913,160.689,4.04404
-1.24076,541.916,32.854,166.797,3.84471
0.880517,511.059,33.2483,166.362,4.12031
-2.33238,567.208,33.1482,169.573,3.71386
-4.07693,546.737,30.1148,155.96,3.51849
-4.38514,525.552,28.6445,148.671,3.48561
-4.9636,517.529,27.6533,144.12,3.42513
-2.38358,576.103,33.61,171.997,3.7079
-1.50043,595.126,35.7671,181.914,3.81295
-2.77014,555.343,31.9783,164.091,3.66331
-0.253072,582,36.4669,183.884,3.96935
1.48073,509.92,33.8372,168.622,4.20391
1.20358,538.444,35.4054,176.768,4.16498
0.217915,591.47,37.6448,189.213,4.031
-0.266631,510.761,31.9888,161.319,3.96759
0.705409,574.489,37.1592,186.153,4.09641
0.962277,595.072,38.8187,194.127,4.13154
-3.89209,515.722,28.5862,147.85,3.53844
-3.8892,522.3,28.9537,149.747,3.53875
-3.5676,554.321,31.0673,160.313,3.57388
-1.27597,526.003,31.8516,161.748,3.84038
-3.30469,539.789,30.5244,157.22,3.60299
-0.537827,542.849,33.6927,170.228,3.93278
-0.954669,547.294,33.4992,169.737,3.88018
-2.49401,591.784,34.3963,176.157,3.69508
0.0107775,586.818,37.0928,186.703,4.0037
-1.83422,574.802,34.1605,174.146,3.77271
-4.56324,502.092,27.1995,141.35,3.46682
-2.95089,514.732,29.4589,151.355,3.64274
-3.67693,512.2,28.5999,147.695,3.56188
-0.647602,597.863,36.9717,186.936,3.91882
-1.0462,505.388,30.8396,156.36,3.86878
-1.42771,531.615,32.0281,162.815,3.8218
-1.90539,516.215,30.6053,156.099,3.76422
-1.03272,563.26,34.3865,174.327,3.87045
-1.45694,534.256,32.1557,163.497,3.81824
0.494999,522.745,33.5777,168.452,4.06798
0.132414,548.817,34.8311,175.173,4.0197
-2.77183,527.318,30.3628,155.803,3.66312
-1.5128,596.411,35.8295,182.247,3.81145
-4.975,526.608,28.1274,146.603,3.42396
-2.29683,599.901,35.1009,179.518,3.71802
0.701207,558.304,36.1074,180.888,4.09584
-0.153706,540.545,33.9816,171.235,3.98223
-3.34822,588.529,33.2314,171.215,3.59815
0.665124,587.302,37.9374,190.103,4.09094
1.80001,504.626,33.8392,168.269,4.24947
-1.23372,555.275,33.6718,170.941,3.84558
-0.264531,573.292,35.9076,181.078,3.96786
-2.43586,548.384,31.9364,163.492,3.70182
-0.517466,524.305,32.5638,164.502,3.93537
1.66913,522.167,34.8652,173.524,4.2307
1.01551,561.21,36.6741,183.336,4.13888
1.92418,524.668,35.3269,175.52,4.2674
-2.68372,560.219,32.3535,165.915,3.67321
-2.09812,533.632,31.4333,160.538,3.74136
0.79623,528.314,34.2753,171.599,4.10878
-4.55869,561.491,30.422,158.092,3.4673
-1.77769,536.895,31.9684,162.907,3.77948
1.86264,526.136,35.3543,175.729,4.2585
-4.62695,526.159,28.4411,147.87,3.46013
0.0955544,549.809,34.8514,175.319,4.01484
-4.83479,534.826,28.7042,149.46,3.43846
0.446228,562.397,36.0664,180.997,4.06143
-1.54429,561.752,33.7117,171.512,3.80762
1.39516,547.288,36.2148,180.575,4.19183
-3.20453,571.54,32.43,166.917,3.61418
-4.38274,590.251,32.1735,166.985,3.48586
-1.10902,594.448,36.1981,183.607,3.86098
-2.07963,511.858,30.1695,154.063,3.74354
1.84892,533.348,35.8227,178.074,4.25652
0.200974,574.255,36.5286,183.624,4.02876
-4.85464,550.096,29.5036,153.644,3.4364
-0.543838,564.781,35.0469,177.077,3.93201
-1.51412,596.545,35.8359,182.281,3.81129
-3.71982,541.676,30.2017,156.014,3.55719
-0.97313,544.403,33.3016,168.757,3.87788
-4.1811,580.423,31.8567,165.103,3.50733
-4.41913,579.993,31.575,163.921,3.48201
1.04153,592.028,38.7212,193.535,4.14248
0.0217641,506.774,32.0449,161.282,4.00514
0.420405,520.187,33.3309,167.299,4.05797
0.172502,585.982,37.2393,187.233,4.02499
-0.955781,510.898,31.2703,158.444,3.88004
1.08679,564.82,36.9969,184.86,4.14874
-0.749171,510.159,31.4413,159.084,3.90597
-1.50566,519.083,31.1915,158.648,3.81231
0.311498,516,32.9435,165.477,4.04343
-4.2461,537.923,29.4586,152.745,3.50039
0.0703796,541.223,34.2785,172.467,4.01153
1.48568,574.288,38.1147,189.932,4.20461
-4.15091,552.329,30.3461,157.24,3.51056
-4.2857,549.308,30.0414,155.811,3.49617
-1.3259,550.566,33.2833,169.076,3.83425
-0.202628,567.041,35.5893,179.397,3.97588
1.87182,535.52,35.9957,178.906,4.25983
-4.78848,528.659,28.4183,147.922,3.44327
1.02493,534.88,34.9644,174.778,4.14018
-0.643937,566.554,35.0398,177.163,3.91928
-3.45482,595.715,33.5156,172.809,3.58632
-0.803877,501.166,30.8307,156.054,3.89908
-0.969851,512.057,31.3265,158.745,3.87829
-3.44711,502.741,28.2921,145.869,3.58718
-0.358885,580.355,36.236,182.853,3.9557
-1.40733,597.793,36.0398,183.182,3.82429
1.65821,575.271,38.3972,191.117,4.22914
1.14936,590.095,38.7324,193.45,4.15743
-1.52527,503.766,30.2511,153.886,3.80993
1.43758,511.082,33.8662,168.816,4.19781
0.978361,511.113,33.3594,166.808,4.13376
-1.74069,551.495,32.8786,167.502,3.78392
1.95615,584.362,39.3875,195.653,4.27204
-2.99166,575.755,32.9059,169.113,3.63813
-0.0918028,511.481,32.2207,162.293,3.99029
-1.07468,516.131,31.4652,159.563,3.86524
-3.09044,592.188,33.7319,173.479,3.62698
-1.22087,565.386,34.2997,174.113,3.84716
-3.75421,567.766,31.6193,163.377,3.55343
1.66367,513.212,34.2612,170.524,4.22992
-3.49668,514.047,28.8797,148.95,3.5817
-3.62052,555.538,31.0794,160.436,3.56806
-0.250486,564.416,35.3682,178.341,3.96968
-4.52916,543.373,29.4702,153.113,3.4704
1.15248,591.031,38.7978,193.772,4.15786
0.821922,530.16,34.4243,172.315,4.11229
-4.94986,573.421,30.6542,159.745,3.42655
-1.30438,559.466,33.8457,171.908,3.83689
-4.02747,510.606,28.1722,145.848,3.52381
-4.608,533.66,28.8653,150.055,3.46212
-2.79937,541.984,31.1782,160.018,3.65997
0.48709,510.332,32.7718,164.417,4.06691
-3.86837,559.901,31.0602,160.618,3.54101
-0.409944,539.48,33.6266,169.745,3.94913
1.99865,583.83,39.4066,195.692,4.27821
-2.58072,527.36,30.5621,156.615,3.68505
1.88564,597.604,40.1869,199.719,4.26182
0.335763,571.34,36.506,183.341,4.04666
-3.54088,568.204,31.8743,164.447,3.57682
-4.13296,528.627,29.0616,150.566,3.51248
-1.18805,588.473,35.7395,181.381,3.85121
1.55624,535.428,35.6182,177.407,4.21462
1.08505,581.581,38.0927,190.337,4.1485
-1.05184,598.107,36.4906,185.018,3.86808
-4.73868,519.611,27.9798,145.587,3.44846
1.58524,532.768,35.4751,176.659,4.21874
1.2757,569.676,37.5482,187.375,4.17505
-3.74744,540.284,30.0957,155.497,3.55417
-2.69571,534.083,30.8316,158.124,3.67183
-0.228873,537.637,33.7143,169.976,3.97248
-3.99632,509.908,28.1636,145.772,3.52717
-4.3982,593.218,32.3181,167.754,3.48423
-0.127545,550.552,34.6408,174.526,3.98563
0.205985,569.247,36.2161,182.047,4.02942
0.342971,555.934,35.5301,178.432,4.04762
-3.21025,501.746,28.4642,146.511,3.61354
-3.11389,581.094,33.0737,170.121,3.62435
-1.70953,537.167,32.0579,163.285,3.78767
1.22758,582.4,38.326,191.318,4.16833
1.02844,541.006,35.3689,176.796,4.14067
-2.35777,557.613,32.5596,166.592,3.7109
-2.25121,591.515,34.6636,177.225,3.72336
-1.40998,563.704,33.9816,172.724,3.82397
-1.36708,560.909,33.8618,172.064,3.82921
-4.02555,587.439,32.4135,167.803,3.52402
-0.484099,577.661,35.9177,181.402,3.93964
1.79214,546.211,36.6184,182.099,4.24834
-0.253837,525.365,32.9175,165.987,3.96925
-3.70121,536.299,29.9208,154.543,3.55922
-3.11329,527.598,30.0295,154.462,3.62441
1.65997,555.648,37.0896,184.606,4.22939
-4.4357,527.21,28.6852,148.936,3.48026
-2.83945,567.001,32.5731,167.224,3.6554
-1.07907,546.913,33.3369,169.06,3.8647
1.00636,591.64,38.651,193.231,4.13762
-4.59064,528.8,28.6194,148.759,3.46394
-0.396796,593.127,36.9867,186.689,3.95082
-3.18584,537.539,30.5201,157.066,3.61627
-3.91879,554.682,30.7178,158.904,3.53555
-4.45311,537.881,29.2484,151.879,3.47842
-4.33443,557.078,30.4155,157.806,3.49099
-1.79738,555.612,33.0609,168.497,3.77712
1.38506,531.547,35.1615,175.335,4.19041
0.623688,519.994,33.5435,168.133,4.08533
-4.91024,530.739,28.4112,148.014,3.43064
-2.75916,517.468,29.8084,152.944,3.66456
1.92638,585.454,39.4226,195.866,4.26772
1.23893,502.18,33.0593,165.015,4.16991
1.13004,556.709,36.5177,182.412,4.15474
0.388633,502.272,32.1492,161.402,4.05372
-1.67807,547.061,32.6829,166.432,3.79145
1.73404,535.266,35.8162,178.179,4.23999
-3.75688,568.063,31.6329,163.451,3.55314
-3.53445,536.752,30.1166,155.371,3.57753
-1.81661,599.062,35.6233,181.581,3.77482
1.88376,563.164,37.8687,188.2,4.26155
-4.07342,505.147,27.8273,144.11,3.51887
-1.61264,542.882,32.5046,165.449,3.79935
-4.09462,512.945,28.2364,146.251,3.51659
1.61311,595.853,39.7121,197.722,4.22271
1.30148,554.877,36.6038,182.63,4.17867
-4.85961,560.397,30.051,156.5,3.43589
-3.37645,586.642,33.0931,170.537,3.59501
-4.92238,586.375,31.3763,163.475,3.42939
-3.08777,555.358,31.6369,162.701,3.62728
0.0613387,508.091,32.1705,161.871,4.01034
-1.89713,533.715,31.6516,161.426,3.7652
-1.43305,542.015,32.6488,165.977,3.82115
-2.34718,505.572,29.5314,151.087,3.71214
-0.393475,548.221,34.1902,172.57,3.95125
1.86792,593.779,39.9065,198.349,4.25926
-2.78502,566.293,32.5924,167.259,3.66161
-3.18355,562.373,31.9326,164.332,3.61653
1.47563,550.498,36.5237,182.016,4.20319
1.34529,556.536,36.7663,183.386,4.18481
-2.74805,596.657,34.383,176.402,3.66583
-3.84041,592.912,32.9228,170.216,3.54405
-3.73605,584.981,32.5981,168.413,3.55542
-2.91569,508.341,29.1279,149.617,3.64673
-4.53797,595.488,32.2869,167.758,3.46947
-2.90523,582.513,33.3898,171.496,3.64792
1.19673,500.874,32.9275,164.404,4.16402
-3.70555,500.475,27.918,144.203,3.55875
1.79869,563.813,37.8066,187.999,4.24928
-3.32162,557.729,31.5208,162.371,3.60111
-1.3896,517.262,31.2032,158.58,3.82646
-0.357167,502.637,31.3852,158.373,3.95592
-0.680388,540.205,33.3696,168.761,3.91467
-3.25241,594.368,33.6705,173.361,3.60882
-0.45036,504.352,31.3948,158.523,3.94395
0.937447,544.161,35.4685,177.403,4.12813
-2.81981,598.9,34.4285,176.725,3.65764
-2.15685,534.009,31.3933,160.399,3.73444
1.43579,594.704,39.405,196.428,4.19756
-1.34292,595.89,36.0027,182.912,3.83217
-2.23446,581.836,34.1156,174.403,3.72532
1.251,572.926,37.7316,188.322,4.1716
-4.01682,513.409,28.3372,146.691,3.52496
0.668243,563.533,36.4058,182.424,4.09136
1.87615,571.561,38.4237,190.968,4.26045
-3.24581,533.077,30.2052,155.511,3.60956
0.475114,541.959,34.7889,174.552,4.06531
1.82477,567.588,38.0923,189.386,4.25304
1.50783,502.425,33.3696,166.262,4.20775
-2.05518,520.671,30.7142,156.818,3.74643
1.2784,523.924,34.5356,172.338,4.17543
-2.5982,534.97,30.9848,158.801,3.68304
-0.322333,519.514,32.4767,163.842,3.9604
0.612989,596.93,38.4929,192.955,4.08388
-0.167645,536.778,33.7291,169.979,3.98042
-3.72844,548.147,30.5534,157.841,3.55625
-2.49122,570.373,33.155,169.796,3.6954
-3.9946,542.718,29.9776,155.159,3.52736
-4.88048,575.306,30.8284,160.572,3.43372
-2.85159,542.353,31.1443,159.902,3.65402
-0.772958,532.512,32.7929,165.95,3.90297
-2.22302,548.784,32.1901,164.546,3.72666
-0.954142,505.963,30.9699,156.921,3.88025
-2.91482,508.927,29.1623,149.793,3.64683
1.70511,588.988,39.3734,195.914,4.23585
0.740162,576.596,37.3384,187.006,4.10113
-3.11444,513.496,29.2257,150.329,3.62428
-0.512948,582.226,36.1667,182.696,3.93595
-2.01666,587.691,34.7127,177.186,3.75099
-2.28972,513.662,30.0622,153.74,3.71885
-4.8439,524.394,28.1355,146.508,3.43752
-4.58569,520.809,28.1917,146.53,3.46446
-2.34804,564.668,32.9824,168.743,3.71204
-2.18627,532.54,31.2759,159.832,3.73098
-0.919413,500.065,30.6444,155.234,3.88459
0.787315,518.944,33.6575,168.517,4.10756
-4.10502,563.172,30.9903,160.526,3.51548
-4.16312,568.013,31.1947,161.652,3.50925
-4.18923,549.09,30.1286,156.156,3.50646
-1.74306,521.977,31.1163,158.526,3.78363
-2.93714,597.5,34.2118,175.757,3.6443
-1.1969,513.894,31.2009,158.356,3.85012
-3.58832,595.878,33.3728,172.235,3.5716
-2.27883,581.735,34.0587,174.166,3.72012
0.420034,500.252,32.0532,160.886,4.05792
-3.85939,521.215,28.9229,149.556,3.54199
-1.35212,500.561,30.2338,153.613,3.83104
0.773064,568.684,36.8661,184.599,4.10562
-1.18046,519.79,31.5763,160.243,3.85215
-1.05242,575.702,35.123,178.085,3.868
-1.05796,530.5,32.3592,164.078,3.86732
-3.35786,582.154,32.8607,169.317,3.59707
-3.66494,508.678,28.4149,146.727,3.56319
-2.93003,593.489,33.9904,174.611,3.64511
-1.6097,588.708,35.2519,179.429,3.7997
-4.38233,519.16,28.2988,146.874,3.48591
-1.2613,535.99,32.4723,164.883,3.84218
-1.79099,538.015,32.0207,163.188,3.77789
-4.62529,526.063,28.4375,147.85,3.46031
0.532294,509.769,32.7847,164.432,4.07299
-2.77137,551.303,31.7443,162.891,3.66317
-4.1929,516.07,28.3132,146.751,3.50606
-1.37717,505.306,30.4947,154.966,3.82797
-4.08729,562.229,30.9572,160.334,3.51738
1.89644,581.182,39.0965,194.286,4.26339
-0.291316,558.17,34.9293,176.177,3.9644
-3.85524,561.934,31.1869,161.258,3.54244
-3.59957,572.823,32.0693,165.521,3.57036
0.240348,526.55,33.5379,168.545,4.03398
-1.85699,519.429,30.8461,157.274,3.76999
-0.0228446,560.172,35.3689,178.067,3.9993
-2.16002,580.315,34.1119,174.293,3.73406
1.5528,529.457,35.217,175.413,4.21413
1.36403,506.197,33.4614,166.881,4.18745
-1.11206,547.207,33.318,169.002,3.86061
-1.97165,558.338,33.029,168.538,3.75633
-4.19587,573.025,31.4348,162.934,3.50575
-0.924015,528.951,32.4096,164.181,3.88401
-2.64226,573.433,33.1631,170.018,3.67797
-4.3341,507.257,27.6957,143.694,3.49102
-0.32008,569.974,35.6339,179.766,3.96069
-1.20177,553.956,33.6278,170.68,3.84952
1.52143,586.415,38.9654,194.124,4.20967
-3.39214,589.629,33.2439,171.333,3.59327
-3.23044,506.224,28.6987,147.739,3.61128
-3.94789,517.867,28.6505,148.241,3.5324
0.930113,530.657,34.5799,172.967,4.12712
-3.01712,572.781,32.7077,168.124,3.63525
-4.17549,550.662,30.229,156.661,3.50793
1.21814,517.035,34.0139,169.804,4.16701
0.769595,585.506,37.9523,190.043,4.10514
-3.49623,541.574,30.4266,156.928,3.58175
-4.34174,573.633,31.3116,162.463,3.49021
-1.76014,501.09,29.854,152.114,3.78158
1.08331,522.321,34.2092,170.935,4.14826
-3.37771,562.736,31.7432,163.582,3.59487
-0.567444,500.32,31.0225,156.769,3.929
0.697475,551.858,35.686,178.782,4.09533
-3.94912,529.299,29.2818,151.508,3.53227
-2.97966,526.218,30.0869,154.613,3.63948
-1.20459,550.149,33.3935,169.494,3.84917
-0.946327,505.823,30.9694,156.91,3.88122
-1.41293,593.17,35.7544,181.739,3.82361
-2.9695,502.713,28.7529,147.747,3.64063
-1.32312,535.043,32.3479,164.321,3.83459
-1.96592,588.803,34.8379,177.762,3.75701
-0.12565,597.652,37.6067,189.466,3.98588
1.85971,540.979,36.3481,180.673,4.25808
1.31623,585.886,38.6682,192.911,4.18073
-4.35858,541.373,29.5336,153.257,3.48842
0.840324,545.548,35.445,177.402,4.1148
-1.31431,566.824,34.2794,174.123,3.83567
-4.36702,564.331,30.7772,159.72,3.48753
-1.62054,542.105,32.4495,165.178,3.79839
-3.65573,551.183,30.7989,159.027,3.5642
-4.72126,558.182,30.0747,156.468,3.45027
0.532819,564.473,36.3035,182.08,4.07306
-3.17558,539.682,30.6524,157.736,3.61742
-4.33381,519.301,28.3536,147.107,3.49105
-2.13938,533.61,31.3884,160.354,3.7365
-4.19807,539.926,29.6169,153.513,3.50551
1.25429,574.378,37.8314,188.815,4.17206
-4.20862,578.001,31.694,164.292,3.50438
-2.88084,523.358,30.0238,154.181,3.65069
-3.9324,553.405,30.6328,158.48,3.53408
-0.628672,537.661,33.2698,168.196,3.92122
-0.605184,594.453,36.8128,186.078,3.9242
-4.24529,506.68,27.7483,143.876,3.50047
1.245,554.231,36.4932,182.148,4.17076
-0.0157347,527.369,33.3057,167.671,4.00023
0.564619,584.699,37.6439,188.761,4.07735
1.43081,591.983,39.2183,195.504,4.19686
-2.41838,596.277,34.7461,177.854,3.70385
1.59621,507.809,33.8254,168.432,4.2203
-3.28612,508.306,28.7622,148.124,3.60506
-0.917822,508.961,31.1912,158.003,3.88479
-1.54283,515.357,30.929,157.353,3.8078
0.706574,582.314,37.6668,188.694,4.09657
-0.134939,579.023,36.4233,183.516,3.98467
-1.24466,507.304,30.7516,156.128,3.84423
-0.569923,534.121,33.1156,167.349,3.92869
-4.44119,590.715,32.1344,166.851,3.47968
-0.26144,562.001,35.204,177.526,3.96826
0.343548,592.56,37.8717,190.19,4.0477
-3.57086,502.448,28.1569,145.298,3.57352
-0.305245,579.076,36.2208,182.709,3.96261
-0.189544,581.892,36.5373,184.159,3.97758
-3.0462,579.958,33.0849,170.098,3.63197
-3.44433,553.555,31.1547,160.624,3.58748
1.95777,568.692,38.3333,190.414,4.27227
1.68932,587.227,39.2354,195.248,4.23359
-1.68212,564.649,33.7291,171.765,3.79096
-4.13552,548.839,30.1702,156.312,3.5122
-3.16447,533.901,30.3355,156.093,3.61867
-0.962718,577.32,35.3275,179.011,3.87918
1.42082,506.237,33.5266,167.142,4.19544
-1.92711,553.201,32.7742,167.187,3.76163
-3.8065,563.508,31.3263,161.923,3.54774
1.63403,532.394,35.5071,176.761,4.22569
-3.87027,535.049,29.6796,153.481,3.54081
1.90549,541.451,36.4346,181.046,4.26469
-0.125251,543.342,34.1897,172.251,3.98593
-3.7228,503.591,28.0753,145.033,3.55686
-1.6506,581.649,34.7814,177.085,3.79476
-2.92536,580.524,33.2531,170.818,3.64564
-3.81083,529.122,29.4103,152.025,3.54727
-0.225526,545.199,34.1924,172.382,3.97291
-0.89283,595.841,36.5461,185.096,3.88791
-2.55313,531.632,30.8384,158.001,3.68824
-0.619945,521.472,32.2774,163.169,3.92233
0.785805,594.951,38.5852,193.19,4.10735
-0.222923,561.362,35.2091,177.505,3.97325
1.92257,570.566,38.4153,190.867,4.26717
-4.07171,519.311,28.6093,148.158,3.51905
0.6926,512.652,33.1454,166.06,4.09467
-0.872659,501.241,30.7646,155.793,3.89044
1.92318,559.552,37.6745,187.185,4.26726
-0.66514,521.134,32.2079,162.869,3.9166
1.00507,592.614,38.713,193.542,4.13744
-0.589204,547.248,33.9076,171.374,3.92623
-0.811494,573.82,35.2912,178.64,3.89812
0.797589,531.314,34.4715,172.58,4.10896
-0.930504,579.999,35.5297,179.995,3.8832
-3.59667,558.884,31.2921,161.506,3.57068
-4.26143,525.259,28.7499,149.087,3.49875
-0.660558,553.519,34.2146,173.011,3.91718
0.498377,521.224,33.4838,167.977,4.06843
-3.95159,557.455,30.8368,159.557,3.532
-2.9518,504.643,28.8806,148.384,3.64264
-4.66282,540.014,29.1541,151.616,3.45638
1.69086,544.946,36.4122,181.197,4.23381
0.576285,529.887,34.1282,171.119,4.07892
1.81249,516.519,34.6509,172.291,4.25127
-2.54613,594.783,34.5098,176.802,3.68905
0.073996,528.806,33.4961,168.526,4.012
-2.0363,579.512,34.207,174.628,3.74867
1.12291,583.865,38.29,191.275,4.15375
-3.7377,556.932,31.0333,160.331,3.55524
-0.603419,594.188,36.7986,186.004,3.92443
-3.34196,529.855,29.9248,154.172,3.59884
1.31801,578.195,38.1628,190.387,4.18098
-4.76834,517.284,27.8261,144.819,3.44537
0.0084693,560.958,35.4554,178.464,4.0034
0.774431,564.539,36.5991,183.261,4.1058
-0.519107,582.442,36.1727,182.734,3.93516
-3.95687,501.707,27.748,143.58,3.53143
-1.61081,571.75,34.2352,174.256,3.79957
-1.46385,572.61,34.4562,175.202,3.8174
1.00602,564.796,36.8969,184.461,4.13757
0.546767,524.262,33.7329,169.171,4.07494
-2.30128,528.85,30.939,158.237,3.7175
-1.4561,510.794,30.7445,156.32,3.81834
-0.0872536,592.321,37.3189,187.967,3.99088
1.65441,593.755,39.6261,197.238,4.2286
-2.42007,538.451,31.3747,160.599,3.70365
-0.455639,530.995,33.0474,166.873,3.94328
-2.63401,515.791,29.8378,152.961,3.67892
-0.71321,506.099,31.2286,157.969,3.91051
-3.62811,519.211,29.0397,149.914,3.56723
0.620685,562.677,36.2933,181.92,4.08492
-2.65105,526.289,30.4276,156.003,3.67696
-4.22684,588.888,32.2708,167.304,3.50244
-1.35332,571.126,34.4945,175.262,3.83089
-4.44293,513.658,27.941,145.079,3.47949
-2.63984,506.015,29.2666,150.039,3.67825
-4.48994,559.691,30.396,157.879,3.47453
-2.47019,555.983,32.3415,165.606,3.69783
-2.98349,525.292,30.0301,154.325,3.63905
-4.76523,532.826,28.6652,149.182,3.44569
-3.68269,575.006,32.1006,165.78,3.56125
1.53677,589.816,39.2112,195.328,4.21185
-4.51823,596.852,32.3828,168.233,3.47155
-2.95536,553.381,31.6661,162.7,3.64223
-3.99389,553.902,30.5961,158.359,3.52743
-2.66825,593.398,34.2876,175.814,3.67498
1.47735,579.609,38.4573,191.65,4.20343
-3.76785,576.524,32.092,165.836,3.55195
-0.326218,585.764,36.6135,184.716,3.9599
-0.746956,529.973,32.6648,165.273,3.90625
-0.00428407,503.157,31.7887,160.021,4.00173
-2.07141,510.578,30.1024,153.712,3.74452
-0.914415,551.617,33.8093,171.26,3.88521
-4.93099,583.852,31.2321,162.734,3.4285
-4.38623,531.891,28.989,150.46,3.48549
-3.42471,538.02,30.3006,156.199,3.58966
1.68095,522.929,34.9297,173.831,4.23239
-0.0203475,592.816,37.4332,188.456,3.99963
-2.68722,574.014,33.1463,169.985,3.6728
-2.61647,550.833,31.8839,163.43,3.68093
-3.45621,500.79,28.1736,145.267,3.58617
-1.04067,515.487,31.4617,159.508,3.86947
0.540273,550.405,35.4074,177.576,4.07407
-1.76217,524.789,31.2639,159.299,3.78134
-2.57528,504.913,29.2666,149.971,3.68568
-0.496942,589.433,36.6339,185.036,3.938
-0.663436,514.934,31.8265,160.938,3.91681
0.0806292,576.835,36.5465,183.865,4.01288
1.74572,528.581,35.3824,176.007,4.24167
-4.95685,557.313,29.786,155.228,3.42583
-2.62055,571.494,33.0753,169.541,3.68047
-0.889074,534.941,32.8149,166.195,3.88839
1.6876,521.033,34.8107,173.231,4.23334
-3.63943,513.775,28.7245,148.3,3.56599
-0.570074,552.053,34.2272,172.967,3.92867
-0.0377546,547.62,34.5593,174.008,3.99735
-0.895041,555.974,34.0984,172.702,3.88764
-0.00746426,585.027,36.9572,186.043,4.00131
-4.06937,507.151,27.9416,144.697,3.51931
1.72185,552.785,36.9736,183.952,4.23825
-3.45859,565.954,31.8371,164.159,3.58591
0.15305,531.428,33.7506,169.715,4.02242
1.02135,596.972,39.0186,195.049,4.13969
-2.61801,567.384,32.8402,168.334,3.68076
0.526505,594.613,38.2339,191.77,4.07221
0.733905,500.739,32.4194,162.377,4.10028
1.07186,532.564,34.8669,174.235,4.14667
-2.50769,572.081,33.2357,170.229,3.69349
-3.68546,529.101,29.535,152.534,3.56095
-0.764852,560.691,34.5375,174.769,3.904
-2.53322,595.16,34.5467,176.976,3.69054
-1.3335,588.825,35.5871,180.789,3.83332
0.0509323,521.049,32.9795,165.953,4.00897
-4.91472,534.852,28.6269,149.142,3.43018
-3.02707,563.539,32.1691,165.367,3.63413
-4.15457,588.838,32.3479,167.617,3.51016
-0.574095,542.021,33.6007,169.805,3.92816
-1.79482,561.518,33.4153,170.3,3.77743
1.64185,577.798,38.5452,191.875,4.22681
-4.54502,566.797,30.7239,159.645,3.46873
-0.98451,592.541,36.2325,183.624,3.87646
-4.67696,567.975,30.6488,159.405,3.4549
0.81235,534.203,34.6758,173.586,4.11098
-0.846443,532.187,32.6925,165.526,3.89373
-0.306841,526.343,32.9206,166.063,3.9624
1.60903,567.006,37.7844,188.129,4.22213
-3.63316,572.69,32.0252,165.333,3.56668
-0.0251292,528.178,33.3463,167.886,3.999
-4.95707,522.892,27.9461,145.64,3.42581
-3.74183,552.735,30.7952,159.105,3.55479
1.99982,523.251,35.319,175.392,4.27838
-0.441644,592.162,36.8714,186.165,3.94507
1.30635,504.505,33.2862,166.072,4.17935
-3.65794,510.264,28.5102,147.212,3.56396
-0.514217,559.126,34.7303,175.442,3.93579
-1.01094,559.401,34.1759,173.233,3.87316
-3.02292,506.971,28.944,148.784,3.63459
0.123435,587.74,37.2903,187.552,4.01852
-1.4849,572.73,34.439,175.14,3.81484
0.22619,551.036,35.081,176.316,4.0321
1.2755,534.11,35.2037,175.675,4.17503
-1.76671,528.046,31.4531,160.268,3.7808
-1.26377,532.408,32.2527,163.77,3.84188
-0.340176,593.168,37.0591,186.982,3.9581
-4.4835,576.211,31.3,162.568,3.47521
1.39423,571.256,37.7995,188.478,4.1917
-4.7031,577.118,31.1143,161.856,3.45217
1.54388,506.627,33.6887,167.81,4.21286
-2.39507,541.407,31.5735,161.588,3.70656
0.733686,529.146,34.2584,171.588,4.10025
0.305545,521.998,33.3199,167.374,4.04264
1.15861,516.109,33.8864,169.236,4.15871
-2.66729,529.569,30.6004,156.907,3.67509
-1.20332,541.212,32.8525,166.746,3.84932
-3.04209,501.701,28.6245,147.162,3.63243
-4.52705,558.606,30.2985,157.415,3.47062
1.8228,564.55,37.886,188.363,4.25275
-1.66434,592.499,35.4138,180.322,3.79311
1.57897,507.902,33.8124,168.387,4.21785
-2.059,547.096,32.2689,164.76,3.74598
-1.88263,535.624,31.7804,162.067,3.76693
-4.86359,513.847,27.551,143.485,3.43547
-0.795552,571.58,35.1722,178.018,3.90013
-4.43804,561.199,30.5321,158.528,3.48001
-1.30943,501.878,30.3567,154.192,3.83627
-3.68158,558.964,31.2062,161.16,3.56137
-2.72335,526.013,30.3374,155.619,3.66866
-4.54004,599.854,32.5213,168.979,3.46926
-4.01936,507.505,28.0089,144.994,3.52469
-1.55586,523.378,31.3966,159.747,3.80622
-0.858685,509.022,31.2567,158.269,3.8922
1.65803,582.363,38.8704,193.472,4.22912
-1.14019,502.884,30.5904,155.197,3.85712
0.576015,579.772,37.3408,187.227,4.07889
0.154009,576.731,36.629,184.188,4.02255
1.82955,590.194,39.6156,196.954,4.25373
0.736293,509.88,33.0139,165.352,4.10061
-2.4079,594.432,34.6508,177.353,3.70507
-2.9707,594.717,34.0138,174.781,3.6405
-0.331844,528.578,33.0329,166.658,3.95918
-3.59509,582.617,32.6226,168.372,3.57086
1.18758,552.1,36.2842,181.175,4.16275
-2.60994,592.392,34.297,175.791,3.68169
0.681662,568.501,36.743,184.097,4.09318
-1.04724,578.087,35.2746,178.847,3.86865
1.69108,506.293,33.8297,168.346,4.23384
-3.77077,515.139,28.6722,148.167,3.55163
-4.78553,566.272,30.4433,158.459,3.44358
-4.14327,583.236,32.0525,166.073,3.51138
-0.690919,524.648,32.3972,163.855,3.91333
-2.21424,574.016,33.68,172.152,3.72769
-1.99689,588.2,34.7659,177.433,3.75334
-0.687768,572.831,35.3762,178.918,3.91373
-0.471668,509.742,31.7077,160.126,3.94123
1.57664,574.118,38.2177,190.328,4.21752
-2.57292,591.883,34.3105,175.814,3.68595
-3.48102,527.265,29.638,152.845,3.58343
-4.61977,553.612,29.9324,155.616,3.46089
-3.96969,531.751,29.3968,152.126,3.53005
-4.28327,552.441,30.2152,156.71,3.49642
-3.58803,509.366,28.5279,147.231,3.57163
-4.56384,554.606,30.0437,156.132,3.46675
-3.03456,559.602,31.9362,164.179,3.63328
-4.08225,505.163,27.8198,144.08,3.51792
-0.686835,561.219,34.6602,175.296,3.91385
-2.7357,599.889,34.5837,177.417,3.66725
-2.59608,573.253,33.2045,170.175,3.68328
-1.99813,519.578,30.7087,156.728,3.75319
0.444005,525.51,33.6984,169.116,4.06113
-1.27005,529.424,32.0651,162.825,3.84111
-2.0921,507.437,29.8964,152.682,3.74207
1.60509,576.982,38.4442,191.42,4.22156
-2.11875,541.044,31.8477,162.678,3.73893
-1.13617,581.53,35.3792,179.488,3.85762
-3.72423,569.306,31.7374,163.953,3.55671
-4.86963,574.72,30.8084,160.456,3.43485
-4.93918,547.771,29.2938,152.643,3.42765
0.514681,594.671,38.2226,191.729,4.07062
0.86786,518.869,33.7423,168.849,4.11857
0.648968,536.809,34.6572,173.685,4.08875
-3.67905,521.948,29.1421,150.498,3.56165
-2.73079,580.905,33.4948,171.825,3.66781
-2.28837,554.998,32.4829,166.118,3.71901
-0.0284371,568.928,35.9151,180.824,3.99857
-3.26298,598.025,33.8655,174.378,3.60764
-1.62878,501.292,29.9982,152.709,3.7974
-3.19843,551.98,31.3266,161.231,3.61486
-0.449493,507.167,31.5709,159.411,3.94406
0.531217,554.119,35.6357,178.732,4.07285
0.766841,556.046,36.0394,180.467,4.10477
1.30264,515.399,34.0008,169.642,4.17883
0.47791,586.035,37.6217,188.762,4.06568
1.86503,590.906,39.7097,197.374,4.25885
0.225744,576.484,36.7006,184.457,4.03204
0.705193,528.586,34.1899,171.278,4.09638
-4.26846,581.251,31.807,164.948,3.498
1.23346,574.739,37.8292,188.831,4.16915
0.905684,537.711,35.0113,175.154,4.12376
0.639897,544.454,35.1403,176.117,4.08752
-0.172833,516.253,32.4338,163.458,3.97975
-4.98659,531.735,28.3899,147.984,3.42276
-3.61053,527.147,29.5012,152.278,3.56916
-1.97018,541.458,32.032,163.45,3.75651
-3.71657,576.724,32.1593,166.123,3.55754
-3.05794,502.591,28.6599,147.36,3.63064
-0.576925,594.117,36.8267,186.112,3.9278
-2.98138,592.298,33.8632,174.02,3.63929
-0.331435,585.83,36.6113,184.712,3.95923
0.516648,522.104,33.5606,168.341,4.07089
-1.05549,534.675,32.6166,165.38,3.86762
-2.84147,526.697,30.2556,155.329,3.65517
1.58747,535.212,35.6405,177.48,4.21906
-3.46163,562.239,31.6248,163.068,3.58557
-0.186092,516.676,32.4461,163.534,3.97802
-3.18743,592.407,33.6336,173.091,3.61609
-0.813926,569.115,34.999,177.165,3.89782
-0.149134,587.493,36.9386,186.13,3.98283
1.89244,563.063,37.8727,188.209,4.26281
-2.83288,590.26,33.9168,174.114,3.65615
-1.99785,586.023,34.6361,176.772,3.75323
-0.098523,561.462,35.3614,178.121,3.98941
-3.38136,582.858,32.8742,169.414,3.59446
-4.83928,560.993,30.1039,156.753,3.438
-1.83444,570.469,33.9027,172.832,3.77268
-4.15055,561.675,30.8599,159.902,3.51059
-2.22949,551.648,32.351,165.376,3.7259
-4.14779,578.837,31.8059,164.801,3.51089
-2.18206,583.837,34.2935,175.248,3.73147
-3.73435,529.094,29.4855,152.331,3.5556
1.75734,533.045,35.6949,177.548,4.24334
-1.21281,549.176,33.3253,169.157,3.84815
-0.501314,595.234,36.9891,186.836,3.93744
-1.69319,540.338,32.2649,164.321,3.78963
1.82163,597.919,40.1237,199.491,4.25258
-0.251051,544.032,34.0902,171.898,3.96961
-3.10484,582.025,33.1368,170.436,3.62536
1.12635,575.793,37.7649,188.647,4.15423
1.35739,503.192,33.2554,165.861,4.18651
-1.38046,502.652,30.3312,154.138,3.82757
-4.90014,589.991,31.5939,164.583,3.43169
1.40746,507.071,33.5671,167.359,4.19356
-3.26341,534.886,30.2896,155.965,3.60759
-4.30878,524.229,28.6472,148.604,3.49371
-1.91211,543.213,32.1987,164.234,3.76342
1.73557,567.953,38.0053,189.067,4.24021
-0.768374,566.15,34.8697,176.454,3.90355
-4.90101,571.993,30.6292,159.559,3.4316
-2.72153,536.804,30.9617,158.82,3.66887
-4.61815,502.635,27.1777,141.293,3.46106
0.800475,544.353,35.3208,176.829,4.10936
0.686698,555.947,35.9377,180.056,4.09387
-0.0915967,529.956,33.3848,168.157,3.99032
-0.150192,560.562,35.2441,177.593,3.98269
-1.98261,587.699,34.753,177.349,3.75503
-3.30205,534.687,30.2386,155.745,3.60329
-0.662707,509.875,31.5146,159.36,3.9169
-0.915757,514.756,31.5486,159.81,3.88504
-3.32864,506.429,28.6147,147.408,3.60032
-3.47931,529.726,29.7781,153.565,3.58362
1.77787,561.065,37.5966,186.981,4.24629
-2.45251,557.279,32.4362,166.07,3.69989
-0.449219,591.251,36.8054,185.841,3.9441
-2.16553,598.976,35.2023,179.872,3.73342
-4.83106,569.939,30.5926,159.288,3.43885
1.36261,562.769,37.1992,185.524,4.18725
0.274621,533.734,34.0341,170.998,4.03853
-3.86526,545.044,30.2392,156.369,3.54135
-3.83859,531.212,29.4986,152.511,3.54425
1.66568,593.412,39.6178,197.183,4.23021
-3.50688,520.435,29.2284,150.76,3.58057
-4.7726,566.312,30.459,158.526,3.44492
-2.3537,529.468,30.9204,158.2,3.71138
-1.61876,589.705,35.3009,179.69,3.79861
-1.47817,524.124,31.5234,160.305,3.81566
-4.3364,593.337,32.393,168.068,3.49078
1.8379,590.931,39.676,197.243,4.25493
-4.64355,597.283,32.2673,167.783,3.45839
-0.624719,528.744,32.7223,165.424,3.92172
-2.38941,594.946,34.7024,177.595,3.70722
-2.28515,506.318,29.6369,151.561,3.71938
-3.04524,525.935,30.004,154.257,3.63208
-3.53308,539.551,30.275,156.187,3.57768
-2.33613,587.971,34.3573,175.763,3.71343
-4.34216,593.84,32.4141,168.185,3.49017
-3.87097,537.303,29.8039,154.124,3.54073
1.84416,515.788,34.6379,172.19,4.25583
-3.19262,521.057,29.5775,152.222,3.61551
-0.804673,578.419,35.5822,180.105,3.89898
1.39464,554.624,36.6995,182.992,4.19175
-2.47982,516.889,30.0576,153.921,3.69672
-3.34719,514.451,29.0496,149.669,3.59826
-3.61683,510.236,28.5486,147.368,3.56847
-1.2959,519.97,31.4653,159.808,3.83793
1.60106,563.527,37.5428,186.936,4.22099
-0.867575,591.11,36.2865,183.75,3.89108
-2.42827,501.958,29.2402,149.681,3.7027
-1.38028,538.899,32.5187,165.254,3.82759
-0.995489,537.27,32.8408,166.448,3.87509
-3.89715,596.015,33.0311,170.845,3.53789
-4.03199,546.444,30.1449,156.066,3.52333
-3.81612,593.068,32.9587,170.373,3.54669
0.305096,504.014,32.1715,161.606,4.04258
-1.48274,559.764,33.6618,171.185,3.8151
1.58614,522.68,34.8044,173.319,4.21887
0.727471,567.412,36.7283,183.966,4.09941
-3.09782,533.217,30.3652,156.172,3.62615
-0.651753,528.316,32.6664,165.172,3.91829
-2.58674,556.414,32.2393,165.217,3.68436
-2.94147,505.904,28.9629,148.796,3.64381
0.762138,547.17,35.4586,177.565,4.10413
-3.55819,544.841,30.5457,157.611,3.57492
-4.66134,598.141,32.2939,167.943,3.45653
0.367549,533.145,34.1015,171.228,4.0509
1.62417,574.778,38.3214,190.784,4.22428
1.1561,558.072,36.6386,182.984,4.15837
-3.89808,501.819,27.8099,143.841,3.53779
1.17752,552.501,36.2985,181.259,4.16135
-1.05128,586.289,35.7702,181.365,3.86815
-3.6747,551.404,30.7913,159.01,3.56212
-4.9301,597.109,31.9422,166.433,3.42859
-4.27344,569.567,31.1623,161.611,3.49747
-1.60295,532.389,31.8867,162.293,3.80052
-1.79454,560.676,33.3655,170.046,3.77746
-0.624572,576.842,35.6991,180.473,3.92174
-3.57347,530.862,29.7466,153.504,3.57323
-0.855169,581.324,35.7006,180.767,3.89264
-0.448651,585.34,36.4382,183.986,3.94417
1.48302,546.499,36.2672,180.729,4.20423
-1.99323,568.636,33.6137,171.548,3.75377
-3.10458,590.91,33.643,173.039,3.62539
0.29311,527.436,33.6531,169.063,4.04098
-4.46666,522.603,28.4044,147.511,3.47699
0.977013,533.825,34.8403,174.214,4.13357
-3.81591,551.34,30.64,158.386,3.54671
-0.667225,566.063,34.9822,176.9,3.91633
-0.73858,555.398,34.2415,173.24,3.90731
-1.1133,538.173,32.7666,166.207,3.86045
-0.298832,597.95,37.4093,188.695,3.96343
1.68909,511.232,34.1575,169.979,4.23356
-2.77771,564.222,32.4813,166.68,3.66244
-2.47116,598.628,34.821,178.303,3.69772
0.929545,509.902,33.2268,166.2,4.12704
-0.202223,554.332,34.7921,175.378,3.97593
-4.34401,521.229,28.4489,147.613,3.48997
-4.8666,503.309,26.9832,140.53,3.43516
-0.41763,521.811,32.5169,164.152,3.94815
-1.10301,506.227,30.8322,156.384,3.86173
0.987232,561.829,36.6803,183.402,4.13498
-4.40769,569.777,31.031,161.083,3.48322
0.19152,512.034,32.5605,163.687,4.02751
-1.95814,555.529,32.8777,167.751,3.75794
1.45824,576.729,38.2422,190.603,4.20073
-4.75409,566.347,30.4802,158.616,3.44685
-0.900669,565.568,34.6802,175.656,3.88693
1.25858,569.813,37.536,187.336,4.17266
-0.876895,505.623,31.0291,157.137,3.88991
-4.51649,511.278,27.7415,144.119,3.47173
-2.68277,597.694,34.5189,177.018,3.67332
-1.42378,534.161,32.1858,163.612,3.82228
-1.11569,562.165,34.2246,173.605,3.86015
-2.28267,559.205,32.7354,167.403,3.71967
-2.82662,559.728,32.1692,165.136,3.65686
-4.78673,565.663,30.4093,158.284,3.44345
0.607528,539.25,34.7672,174.285,4.08314
-3.295,535.437,30.2883,155.993,3.60407
-4.16918,567.299,31.1491,161.422,3.5086
-2.69556,580.61,33.5177,171.9,3.67185
-4.54038,536.924,29.1092,151.25,3.46922
-4.28664,561.58,30.7115,159.287,3.49607
-1.44561,589.317,35.4832,180.401,3.81962
-2.9747,523.053,29.911,153.703,3.64005
1.40369,500.311,33.1155,165.111,4.19303
-0.971916,566.404,34.6489,175.583,3.87803
-2.36437,580.744,33.9027,173.471,3.71013
0.453632,546.629,35.0638,175.957,4.06242
1.39128,567.463,37.5449,187.212,4.19128
-0.508788,542.671,33.7143,170.303,3.93648
0.59036,510.26,32.8793,164.841,4.08082
1.52761,558.808,37.1386,185.015,4.21055
-3.65032,525.113,29.3475,151.528,3.56479
-4.85603,581.664,31.1952,162.455,3.43626
-3.53834,502.391,28.1849,145.409,3.5771
-4.44153,522.72,28.4352,147.644,3.47964
-4.52721,532.505,28.8827,150.059,3.47061
-0.935367,595.257,36.4584,184.707,3.88259
0.709511,572.584,37.041,185.556,4.09697
-4.23005,543.199,29.7638,154.31,3.5021
1.45104,591.25,39.1958,195.365,4.19971
-1.28703,581.962,35.2271,178.903,3.83902
-2.3476,556.4,32.4999,166.274,3.71209
0.365821,583.325,37.3089,187.336,4.05067
0.521201,504.733,32.4489,162.76,4.0715
-3.38878,545.685,30.7698,158.578,3.59364
-0.447792,540.715,33.6611,169.963,3.94428
1.37866,509.13,33.6715,167.912,4.18951
-3.33461,566.901,32.025,164.984,3.59966
-4.19117,580.517,31.8509,165.085,3.50625
-0.396185,591.002,36.8549,186.024,3.9509
-1.71655,540.429,32.245,164.246,3.78682
-0.572241,532.987,33.0427,166.983,3.92839
-0.436554,554.711,34.5453,174.414,3.94572
1.92597,501.446,33.7653,167.759,4.26766
0.826894,560.192,36.3803,182.1,4.11297
-3.01067,573.224,32.7401,168.284,3.63598
-3.39755,542.54,30.5833,157.627,3.59267
-1.48742,522.72,31.4292,159.837,3.81453
-3.31612,536.872,30.3477,156.322,3.60172
-1.98924,589.7,34.8636,177.922,3.75425
-0.436945,538.617,33.5427,169.353,3.94567
0.912032,541.936,35.2938,176.56,4.12463
-3.8313,551.061,30.6084,158.24,3.54504
-2.79832,566.931,32.6145,167.388,3.66009
-0.273417,568.033,35.5677,179.375,3.96672
-1.82455,526.3,31.2882,159.492,3.77387
-1.04647,583.676,35.6166,180.58,3.86874
-0.68806,553.635,34.1904,172.921,3.91369
0.323122,585.115,37.3705,187.699,4.04498
-4.01562,515.964,28.4793,147.426,3.52509
1.83196,587.895,39.4644,196.199,4.25407
0.370915,535.549,34.259,172.015,4.05135
0.761505,585.614,37.9492,190.037,4.10404
1.52329,523.22,34.7684,173.213,4.20994
-0.740189,525.916,32.4221,164.037,3.90711
1.09264,557.962,36.5548,182.644,4.14955
1.97729,504.689,34.0409,169.07,4.27511
1.54785,587.411,39.0655,194.588,4.21342
-0.0750552,528.021,33.2812,167.616,3.99248
-4.04629,588.872,32.4696,168.119,3.52179
-1.47567,571.297,34.3635,174.745,3.81596
-4.54368,521.364,28.2624,146.854,3.46887
-4.30454,585.533,32.0018,166.001,3.49416
1.23132,593.234,39.0438,194.897,4.16885
-2.44171,518.369,30.1825,154.52,3.70114
-1.82626,537.48,31.951,162.873,3.77366
0.93424,553.584,36.0788,180.46,4.12768
0.00441507,557.159,35.2106,177.236,4.00287
1.12144,503.127,32.9936,164.818,4.15355
-3.32584,594.313,33.5835,173.002,3.60064
-4.54457,595.786,32.2958,167.812,3.46878
-1.30737,557.512,33.7241,171.294,3.83652
-2.17929,571.635,33.5799,171.598,3.7318
-1.16663,532.934,32.3897,164.356,3.85385
-1.22183,554.345,33.6288,170.709,3.84704
-3.99655,591.698,32.6809,169.153,3.52715
-1.31385,536.457,32.4435,164.796,3.83573
-4.3738,576.063,31.4098,163.01,3.48681
-2.71199,503.263,29.0364,148.934,3.66996
-3.15547,525.676,29.8773,153.725,3.61968
-4.59546,508.516,27.5171,143.034,3.46343
1.11583,565.013,37.045,185.064,4.15277
-1.01287,536.098,32.7501,166.008,3.87292
-0.301595,504.456,31.5572,159.18,3.96308
1.67046,550.74,36.7747,183.026,4.23089
-0.732226,523.464,32.2796,163.307,3.90811
-2.71094,596.115,34.3949,176.417,3.67008
-3.00318,522.69,29.8614,153.479,3.63682
-3.43175,593.478,33.4159,172.267,3.58888
-2.70026,510.329,29.4558,151.073,3.67131
-3.78589,546.49,30.4015,157.12,3.54998
-2.39977,577.943,33.6989,172.471,3.70601
-2.12306,536.685,31.5866,161.348,3.73842
0.354903,571.388,36.5323,183.449,4.04922
-4.79891,541.594,29.1033,151.499,3.44219
-3.77884,543.724,30.2549,156.355,3.55075
0.964896,593.426,38.7147,193.603,4.1319
-3.28511,583.025,32.9913,169.902,3.60517
0.565218,558.897,35.9834,180.435,4.07743
-0.360695,551.223,34.415,173.666,3.95546
1.80264,588.712,39.4813,196.322,4.24985
1.9,568.46,38.2451,190.05,4.2639
1.69484,595.179,39.7739,197.92,4.23438
-0.0553141,582.792,36.7575,185.099,3.99505
-0.494086,514.078,31.9536,161.393,3.93836
-4.40263,548.46,29.8752,155.078,3.48376
-1.76978,521.762,31.0755,158.348,3.78043
1.27991,560.438,36.9444,184.356,4.17564
-2.19928,557.37,32.7198,167.226,3.72945
-3.10817,520.162,29.6114,152.306,3.62499
-3.08234,569.102,32.4258,166.752,3.6279
-3.8906,585.781,32.4712,167.941,3.5386
-0.194495,566.04,35.5361,179.119,3.97693
0.874997,575.968,37.4643,187.465,4.11955
-2.76901,556.992,32.0745,164.583,3.66344
-4.5156,528.944,28.7009,149.102,3.47183
1.67237,575.999,38.4637,191.43,4.23116
-2.91726,547.965,31.3967,161.272,3.64656
-0.808287,523.37,32.1919,162.948,3.89853
-1.93316,597.418,35.3866,180.52,3.76091
-2.59156,520.046,30.1272,154.398,3.6838
1.48128,502.14,33.3216,166.052,4.20399
-2.51712,536.816,31.1771,159.696,3.6924
-1.41037,549.111,33.1015,168.251,3.82392
-1.03315,510.399,31.159,157.965,3.8704
1.65944,527.514,35.2111,175.257,4.22932
-0.00587136,557.415,35.2147,177.27,4.00152
-0.102297,550.985,34.6971,174.78,3.98892
-2.90715,522.291,29.9359,153.758,3.6477
-0.835005,593.102,36.4485,184.528,3.89517
0.953235,501.972,32.7357,163.717,4.1303
1.81468,540.476,36.2607,180.293,4.25158
-1.13654,511.047,31.0908,157.732,3.85757
-4.51133,516.966,28.0551,145.743,3.47228
-4.01908,558.418,30.819,159.541,3.52472
-3.40673,567.927,32.0044,164.962,3.59165
-3.98629,513.025,28.3455,146.702,3.52825
-0.553633,525.862,32.6212,164.832,3.93076
-2.35429,570.023,33.2882,170.315,3.71131
-2.48804,576.371,33.5072,171.596,3.69577
-3.30802,534.921,30.2457,155.788,3.60262
-4.36309,570.318,31.1079,161.431,3.48794
1.14806,580.533,38.1031,190.308,4.15725
-1.74466,561.626,33.4781,170.561,3.78344
-3.36193,501.809,28.3216,145.933,3.59662
-2.76507,554.802,31.9526,163.953,3.66389
-0.0820599,586.625,36.9664,186.185,3.99156
-0.59707,596.879,36.9731,186.878,3.92523
-0.193749,567.295,35.6157,179.519,3.97703
-3.53658,528.374,29.6443,152.937,3.5773
-4.32571,591.142,32.285,167.495,3.49191
-2.28042,596.474,34.9198,178.571,3.71994
1.18246,571.671,37.564,187.572,4.16204
0.513972,549.38,35.3107,177.123,4.07053
-4.33811,579.096,31.6137,164.027,3.4906
1.25255,567.931,37.4046,186.687,4.17182
-4.02209,552.827,30.5073,157.931,3.52439
-3.41038,523.024,29.4703,151.904,3.59124
0.741471,503.805,32.6261,163.404,4.10131
-3.79922,505.98,28.1352,145.421,3.54853
-1.74159,598.943,35.7062,181.908,3.78381
1.04313,533.235,34.8778,174.323,4.1427
0.574952,530.435,34.162,171.29,4.07874
1.42396,550.721,36.4764,181.844,4.19589
1.4292,512.213,33.9318,169.152,4.19663
-2.58326,505.739,29.3066,150.184,3.68476
0.825374,592.709,38.4901,192.662,4.11276
1.03433,504.889,33.0141,165.018,4.14148
1.45869,516.934,34.2778,170.843,4.20079
0.950239,525.734,34.2819,171.453,4.12989
-4.39908,546.122,29.7514,154.432,3.48413
-3.24471,522.696,29.6181,152.488,3.60968
-1.87054,549.195,32.5988,166.227,3.76837
0.350194,505.845,32.3366,162.386,4.04859
-2.63478,543.417,31.4352,161.15,3.67883
-0.182124,554.301,34.8134,175.461,3.97854
-0.674056,589.255,36.4072,184.115,3.91547
0.313519,590.345,37.6926,189.329,4.0437
0.361815,517.004,33.0627,166.019,4.05014
-0.0938229,525.549,33.1047,166.748,3.99003
-1.47839,599.571,36.0609,183.38,3.81563
-4.73518,549.694,29.6032,154.031,3.44882
-0.0325776,555.407,35.0568,176.507,3.99803
0.87153,546.99,35.5753,178.017,4.11908
0.768745,523.934,33.9602,170.054,4.10503
-4.07528,583.4,32.136,166.426,3.51867
-0.306028,536.957,33.5854,169.416,3.9625
-4.82225,591.382,31.7532,165.321,3.43976
-4.06459,571.058,31.4677,162.952,3.51982
-4.61426,560.15,30.2916,157.477,3.46146
-2.12551,515.307,30.3259,154.911,3.73813
-2.69145,532.285,30.7322,157.61,3.67232
-0.553302,500.957,31.0766,157.027,3.9308
-4.27225,531.912,29.1034,150.931,3.4976
-1.86608,503.571,29.8952,152.436,3.7689
0.789643,556.764,36.1132,180.809,4.10788
1.12444,543.518,35.6459,178.064,4.15397
1.8992,575.9,38.7447,192.534,4.26378
-2.88789,586.667,33.6476,172.799,3.64989
-4.49308,544.501,29.5679,153.582,3.4742
-4.68324,576.576,31.1062,161.791,3.45424
1.72443,510.742,34.1644,169.973,4.23862
1.12562,590.75,38.745,193.544,4.15413
-1.24189,529.849,32.1212,163.078,3.84457
-1.12225,555.778,33.8283,171.603,3.85934
0.925501,501.79,32.6938,163.538,4.12648
-2.64007,595.44,34.4384,176.553,3.67822
-1.39236,515.048,31.0669,157.89,3.82612
-4.94631,593.177,31.7142,165.264,3.42692
1.22927,540.204,35.5511,177.465,4.16856
-0.819708,580.499,35.6922,180.68,3.89709
1.45562,513.648,34.0565,169.744,4.20036
-0.412806,520.002,32.4094,163.604,3.94877
0.5225,542.959,34.9079,175.092,4.07167
-4.9732,507.209,27.0929,141.21,3.42414
-1.00683,520.469,31.8017,161.194,3.87368
-3.77915,593.492,33.0239,170.665,3.55071
-0.976334,540.986,33.0891,167.684,3.87748
-1.76068,562.632,33.52,170.793,3.78152
0.692307,501.037,32.3941,162.296,4.09463
-2.37675,578.598,33.7633,172.773,3.70869
-3.71895,553.192,30.8446,159.335,3.55728
-3.91684,556.881,30.8416,159.542,3.53576
-3.91781,553.211,30.6373,158.487,3.53566
-0.951116,589.874,36.1097,182.96,3.88062
-4.50127,507.085,27.5284,142.996,3.47334
-0.854623,521.855,32.0491,162.277,3.8927
-3.68345,520.743,29.0705,150.132,3.56117
-4.28203,553.593,30.2795,157.041,3.49656
-2.81159,553.697,31.8388,163.422,3.65858
0.149427,594.83,37.7727,189.945,4.02194
0.104461,579.802,36.7635,184.927,4.01601
-3.34124,573.972,32.4172,167.012,3.59892
-1.87191,521.609,30.9599,157.871,3.76821
-4.99753,517.813,27.6362,144.066,3.42164
-2.31897,522.271,30.5359,156.195,3.71543
-0.323902,538.223,33.6445,169.735,3.9602
-4.49356,545.063,29.5979,153.738,3.47415
0.369467,511.933,32.7468,164.424,4.05116
-2.00333,572.122,33.8083,172.553,3.75257
-2.0548,522.118,30.8,157.256,3.74648
-2.48018,569.039,33.0898,169.449,3.69668
1.75041,569.959,38.1581,189.809,4.24234
-0.468057,523.945,32.5952,164.604,3.94169
-1.32263,512.606,30.9919,157.433,3.83465
-3.90247,563.902,31.2457,161.617,3.53732
-0.165498,529.301,33.2617,167.621,3.9807
0.24939,571.142,36.389,182.861,4.03518
-1.33586,567.671,34.3059,174.283,3.83303
-2.0205,587.177,34.6779,177.013,3.75054
0.148578,569.757,36.1795,181.934,4.02183
1.49711,531.371,35.2797,175.791,4.20623
-3.08156,595.369,33.9233,174.452,3.62798
1.45667,539.017,35.7398,178.132,4.20051
-3.64781,558.822,31.2341,161.266,3.56507
0.199056,581.466,36.985,185.92,4.02851
-4.8961,578.013,30.9568,161.259,3.43211
-4.22297,574.184,31.4692,163.143,3.50285
0.64615,571.311,36.8813,184.835,4.08837
1.99223,540.113,36.4481,181.008,4.27728
-1.1261,531.878,32.3694,164.207,3.85887
-4.37277,513.536,28.0014,145.321,3.48692
-1.38153,510.625,30.8112,156.579,3.82744
-3.6449,567.909,31.7452,163.901,3.56539
-2.89813,525.712,30.1412,154.803,3.64873
-1.62819,578.248,34.604,176.155,3.79747
-0.207182,531.424,33.3488,168.108,3.97529
1.96802,568.325,38.3215,190.343,4.27376
-2.52439,518.907,30.1296,154.338,3.69156
-0.0112672,564.9,35.6812,179.625,4.00082
-1.09941,516.602,31.4678,159.604,3.86217
-1.81037,556.898,33.123,168.829,3.77556
-2.05262,577.856,34.0905,174.053,3.74674
0.0998212,507.44,32.1703,161.827,4.0154
0.194272,534.79,34.0107,170.974,4.02787
-0.852371,534.513,32.8289,166.223,3.89299
0.961747,512.662,33.4422,167.24,4.13147
-4.70385,540.356,29.1316,151.543,3.45209
-1.9849,528.391,31.2435,159.442,3.75476
-4.33202,594.648,32.4695,168.46,3.49124
-4.84714,512.681,27.504,143.223,3.43718
1.17063,567.603,37.2822,186.18,4.16039
-4.44478,589.696,32.0751,166.547,3.4793
-0.505719,514.633,31.9757,161.517,3.93687
-0.502633,541.9,33.6733,170.089,3.93727
-1.44727,527.011,31.73,161.321,3.81942
1.41821,593.221,39.284,195.848,4.19508
0.832416,599.139,38.9167,194.789,4.11372
-3.37229,575.709,32.481,167.377,3.59547
-1.66404,541.048,32.3389,164.665,3.79314
1.07299,551.126,36.0835,180.313,4.14683
-2.99232,567.202,32.4164,166.598,3.63805
-0.187459,582.675,36.589,184.417,3.97785
-0.495371,570.83,35.4796,179.204,3.9382
-0.289972,521.841,32.6573,164.716,3.96458
-0.101595,573.116,36.0917,181.803,3.98901
-3.01387,507.027,28.9561,148.837,3.63562
1.63362,500.336,33.3686,166.115,4.22563
-0.10564,529.235,33.3238,167.865,3.98849
-2.80773,507.483,29.1852,149.798,3.65902
1.30113,502,33.1153,165.225,4.17862
-1.54507,596.557,35.7995,182.135,3.80753
-1.86704,501.942,29.7975,151.939,3.76879
-0.722927,529.228,32.6451,165.145,3.90929
-0.857871,579.177,35.5655,180.087,3.8923
1.18889,538.933,35.4204,176.86,4.16293
-3.79492,595.311,33.1073,171.115,3.549
-1.31002,556.261,33.6455,170.897,3.8362
1.16656,593.533,38.9801,194.664,4.15982
-3.46183,554.984,31.2166,160.963,3.58555
1.26766,529.737,34.9065,174.202,4.17393
0.609344,574.645,37.0514,185.734,4.08339
-1.94039,595.374,35.2569,179.868,3.76005
-3.86271,513.559,28.4948,147.346,3.54163
-4.55184,599.713,32.5005,168.885,3.46802
-4.77014,595.801,32.0478,166.792,3.44518
-0.818784,537.222,33.0323,167.214,3.89721
-0.734002,597.858,36.8649,186.507,3.90789
-0.308807,551.21,34.4737,173.9,3.96215
0.0289981,541.257,34.2336,172.29,4.00609
0.383545,529.14,33.8632,170.013,4.05304
-3.32184,507.313,28.6712,147.693,3.60108
-1.99507,529.381,31.2913,159.698,3.75355
-1.1982,562.191,34.1318,173.233,3.84996
0.406893,549.423,35.1884,176.639,4.05616
0.899546,513.711,33.4418,167.309,4.12292
-4.03166,517.559,28.5518,147.818,3.52336
-1.91235,510.488,30.2587,154.339,3.76339
0.0787009,585.757,37.1093,186.699,4.01262
-2.68846,579.859,33.4824,171.71,3.67266
-0.0924039,553.931,34.8941,175.76,3.99021
-0.332668,550.731,34.4164,173.639,3.95907
-0.0083077,547.535,34.5878,174.117,4.0012
-4.83895,536.853,28.8088,150.009,3.43803
-3.31324,509.819,28.8213,148.457,3.60204
-2.13198,520.606,30.6311,156.477,3.73737
-1.25587,509.5,30.8731,156.757,3.84285
-4.23855,553.641,30.3272,157.24,3.50119
-3.72205,567.133,31.6186,163.337,3.55695
-2.57134,586.199,33.9828,174.133,3.68614
-1.93791,598.289,35.4325,180.761,3.76035
-0.694581,544.671,33.6295,170.092,3.91287
-1.90977,533.926,31.6507,161.436,3.76369
-4.85141,542.993,29.1259,151.674,3.43674
-3.08046,568.008,32.3655,166.44,3.62811
-4.40203,519.164,28.28,146.797,3.48382
-0.714039,582.728,35.9559,181.883,3.91041
-0.174931,575.445,36.1501,182.189,3.97947
-2.70821,549.73,31.7215,162.702,3.6704
1.44942,519.111,34.4116,171.521,4.19948
-0.312642,513.844,32.1326,162.095,3.96165
-3.77438,516.913,28.7675,148.663,3.55123
-1.13068,573.129,34.8746,176.921,3.8583
-3.68058,536.792,29.9693,154.771,3.56148
-2.62161,546.763,31.6428,162.2,3.68034
-4.41517,520.192,28.3233,147.035,3.48243
-1.96733,553.052,32.721,166.962,3.75685
-4.7509,541.5,29.1462,151.67,3.44718
-0.886657,569.502,34.9378,176.943,3.88869
-3.25099,569.475,32.2619,166.106,3.60898
1.03023,545.847,35.6875,178.386,4.14091
-4.44415,545.354,29.6638,154.026,3.47936
1.86148,586.037,39.3779,195.73,4.25833
-4.3604,520.481,28.3921,147.335,3.48823
1.85275,592.651,39.8109,197.894,4.25707
-2.52232,502.977,29.2066,149.608,3.6918
0.749361,541.089,35.0497,175.533,4.10239
-0.52368,517.709,32.1475,162.405,3.93458
-0.538795,543.696,33.7442,170.489,3.93265
0.404598,519.13,33.2458,166.89,4.05586
-0.778561,573.59,35.3159,178.725,3.90227
-1.99567,532.128,31.453,160.524,3.75348
-1.40047,511.316,30.8333,156.712,3.82513
-4.60447,535.086,28.9459,150.47,3.46249
-2.60783,579.483,33.552,171.97,3.68193
-4.49625,593.239,32.211,167.314,3.47387
-3.31439,521.901,29.5032,151.97,3.60191
-2.86109,510.35,29.2972,150.429,3.65294
0.416888,503.513,32.2588,161.921,4.0575
0.813272,508.371,33,165.196,4.1111
1.90944,536.379,36.098,179.369,4.26527
0.622174,527.309,34.0137,170.491,4.08512
-1.18724,556.92,33.8241,171.659,3.85131
-1.69605,520.504,31.0776,158.277,3.78929
-4.81149,585.556,31.452,163.74,3.44088
-3.73236,520.785,29.0244,149.946,3.55582
-3.926,578.657,32.0376,165.74,3.53477
-1.3009,508.671,30.7764,156.314,3.83732
-0.925946,507.272,31.0793,157.445,3.88377
1.86034,579.187,38.9162,193.436,4.25817
-0.150825,583.778,36.7029,184.945,3.98261
0.882534,571.715,37.1969,186.117,4.12058
1.3329,550.354,36.3431,181.291,4.18307
-1.26517,521.589,31.5958,160.436,3.84171
0.207509,514.871,32.7583,164.664,4.02962
1.41689,563.278,37.2995,185.956,4.19489
-4.86243,509.737,27.3317,142.341,3.43559
-0.345989,545.768,34.0911,172.014,3.95736
-0.183334,559.714,35.152,177.169,3.97838
-0.199315,558.201,35.0383,176.616,3.97631
-4.34601,547.418,29.8763,155.021,3.48976
-1.73851,558.605,33.3049,169.671,3.78418
0.626217,559.735,36.1102,180.995,4.08567
0.668585,569.333,36.7809,184.304,4.09141
1.32531,525.398,34.6864,173.035,4.18201
0.755756,599.505,38.8419,194.516,4.10326
-4.32726,576.964,31.509,163.471,3.49175
1.88023,579.477,38.9611,193.634,4.26104
-4.12951,563.613,30.9887,160.545,3.51285
0.378697,543.713,34.7902,174.673,4.05239
-2.32673,505.511,29.5482,151.151,3.71452
1.81383,575.092,38.582,191.835,4.25146
1.40344,531.472,35.1778,175.394,4.193
1.24906,519.75,34.2274,170.834,4.17133
1.36426,549.297,36.3107,181.091,4.18748
-1.0236,513.763,31.3744,159.047,3.87159
0.769113,553.266,35.8619,179.576,4.10508
-3.02598,576.275,32.8973,169.11,3.63425
0.435135,551.753,35.3708,177.52,4.05994
0.993829,567.581,37.0639,185.312,4.13589
-4.76623,569.347,30.6289,159.403,3.44559
-2.71971,502.614,28.9914,148.711,3.66908
0.0136284,552.043,34.898,175.652,4.00408
0.0255119,578.577,36.5898,184.152,4.00564
-1.75657,562.711,33.5293,170.836,3.78201
-4.66824,532.626,28.7499,149.52,3.45581
-1.56126,586.946,35.2036,179.123,3.80557
-4.76562,524.592,28.2218,146.875,3.44565
-3.81811,556.712,30.9362,159.92,3.54647
-2.38315,591.565,34.5125,176.615,3.70795
-4.84625,596.189,31.985,166.556,3.43727
0.659171,519.272,33.5364,168.056,4.09013
1.6108,524.985,34.9863,174.195,4.22238
-1.9281,503.601,29.8346,152.192,3.76151
-1.85887,557.382,33.0978,168.757,3.76977
1.53141,568.385,37.7798,188.205,4.21109
-2.75429,580.859,33.4655,171.703,3.66512
-2.1691,532.579,31.2964,159.917,3.733
1.54079,521.184,34.6531,172.618,4.21242
-4.23687,546.695,29.9484,155.275,3.50137
-1.41459,566.211,34.1275,173.471,3.8234
1.35221,550.136,36.3517,181.31,4.18579
1.82307,513.259,34.4442,171.251,4.25279
1.07472,551.839,36.1323,180.555,4.14707
0.722209,578.078,37.4121,187.398,4.09869
-3.39674,552.546,31.1482,160.537,3.59276
-0.991489,567.265,34.6789,175.759,3.87559
-1.54898,554.942,33.2978,169.412,3.80705
-0.243749,591.54,37.0762,186.945,3.97055
-2.57605,537.591,31.1599,159.674,3.68559
-0.482554,501.924,31.2101,157.625,3.93983
-4.86257,590.487,31.6613,164.89,3.43558
-1.28255,540.4,32.7162,166.146,3.83957
-3.45133,545.141,30.6738,158.153,3.58671
-1.77692,574.049,34.1815,174.183,3.77957
1.47214,555.386,36.8438,183.616,4.20269
-4.21741,521.703,28.5984,148.254,3.50345
1.01736,556.78,36.3868,181.898,4.13914
1.25382,523.236,34.4623,172.001,4.17199
-3.36678,586.113,33.0741,170.427,3.59608
1.75635,530.602,35.5302,176.73,4.24319
-0.373784,583.642,36.4231,183.816,3.95378
0.662949,505.896,32.6766,163.744,4.09065
0.595687,571.217,36.8138,184.56,4.08154
-2.10066,516.464,30.4194,155.362,3.74106
-4.89481,524.838,28.1101,146.429,3.43224
1.88205,509.098,34.2312,170.124,4.2613
-0.60263,552.612,34.2247,172.993,3.92453
0.0902874,515.586,32.6764,164.384,4.01415
-0.587624,551.166,34.1522,172.608,3.92644
1.21472,512.399,33.7051,168.266,4.16653
-4.02504,579.753,31.99,165.61,3.52408
-3.41853,587.143,33.074,170.489,3.59034
1.47515,522.506,34.6661,172.759,4.20312
1.29632,565.132,37.274,185.98,4.17794
-3.1362,507.473,28.8616,148.479,3.62184
-1.63735,503.614,30.1284,153.381,3.79636
-0.199796,587.429,36.8724,185.861,3.97625
-3.34044,539.726,30.4838,157.05,3.59901
-4.73233,585.671,31.5438,164.125,3.44912
-4.30038,584.314,31.9398,165.674,3.4946
-4.55316,542.858,29.418,152.869,3.46788
-2.16681,592.414,34.8152,177.895,3.73327
-4.18085,567.668,31.1569,161.476,3.50735
0.124554,586.978,37.2434,187.315,4.01866
1.53262,576.269,38.3053,190.821,4.21126
-0.217345,512.687,32.1621,162.138,3.97397
-0.500583,584.11,36.2987,183.348,3.93753
1.82541,567.36,38.0778,189.314,4.25313
1.16272,597.971,39.2666,196.1,4.15929
-0.83406,530.398,32.5961,165.024,3.89529
0.0744138,556.497,35.2506,177.353,4.01206
1.4239,586.904,38.8729,193.791,4.19588
0.0504648,531.859,33.6632,169.394,4.00891
-0.796552,585.467,36.0255,182.339,3.9
-0.948892,581.135,35.5774,180.26,3.8809
-4.63743,588.135,31.7797,165.241,3.45904
-2.9403,583.914,33.4303,171.746,3.64394
-2.3892,545.859,31.8395,162.943,3.70724
-2.90077,516.385,29.6037,152.045,3.64843
1.20691,596.707,39.2407,195.912,4.16544
0.321215,507.336,32.4008,162.74,4.04473
0.911292,550.604,35.8574,179.38,4.12453
0.150435,504.783,32.0556,161.195,4.02208
0.842761,553.661,35.975,180.052,4.11514
0.0140616,560.999,35.4647,178.503,4.00413
-3.06533,554.265,31.5986,162.479,3.62981
-0.736996,566.193,34.9089,176.614,3.90751
-0.814018,549.602,33.7989,171.09,3.89781
-4.03147,516.408,28.4884,147.49,3.52338
1.40063,580.006,38.3867,191.397,4.1926
-2.14163,556.627,32.7398,167.261,3.73623
-0.609821,558.911,34.6065,174.931,3.92361
1.45789,579.25,38.4089,191.434,4.20068
-0.337344,595.791,37.2265,187.823,3.95847
-4.73809,550.163,29.6255,154.15,3.44852
-4.49527,585.576,31.7959,165.157,3.47397
-3.07177,567.305,32.335,166.273,3.62909
-2.09926,515.23,30.3482,154.997,3.74123
-3.50794,572.719,32.1636,165.9,3.58045
-2.40135,553.967,32.2992,165.309,3.70583
1.30452,557.457,36.7777,183.494,4.17909
-2.48769,573.864,33.3618,170.851,3.69581
-1.67666,524.867,31.3585,159.687,3.79162
1.0059,518.643,33.8817,169.387,4.13756
-4.54659,598.261,32.4277,168.5,3.46857
0.153561,528.495,33.565,168.781,4.02249
1.53061,511.06,33.9686,169.22,4.21098
0.197657,595.753,37.8919,190.481,4.02832
-4.30178,551.479,30.1435,156.358,3.49446
-4.09295,544.495,29.9749,155.253,3.51677
-4.07451,528.65,29.1209,150.81,3.51875
-1.66531,570.188,34.0792,173.527,3.79299
-3.63985,508.126,28.4083,146.667,3.56594
1.62752,513.485,34.2387,170.454,4.22476
0.821854,543.677,35.3019,176.708,4.11228
-2.65258,565.309,32.6819,167.562,3.67678
-1.71379,597.188,35.6349,181.51,3.78715
-2.95285,559.996,32.0474,164.656,3.64252
-3.98054,578.815,31.9868,165.541,3.52887
-3.97258,547.716,30.2764,156.681,3.52973
-4.85666,530.235,28.4365,148.089,3.43619
-1.61122,522.767,31.3018,159.325,3.79952
-4.22861,581.803,31.8807,165.283,3.50225
-0.163173,593.229,37.2818,187.878,3.981
-2.98464,544.883,31.1489,160.075,3.63892
-0.792721,538.271,33.1257,167.657,3.90048
-0.923063,576.184,35.3048,178.847,3.88413
0.213414,510.102,32.4612,163.164,4.03041
0.310393,593.983,37.9209,190.48,4.04328
-3.26039,530.572,30.0484,154.72,3.60793
-4.23281,538.734,29.5164,153.03,3.5018
-3.42908,519.029,29.2267,150.668,3.58917
-2.43029,537.474,31.3069,160.264,3.70247
-1.77186,561.37,33.4322,170.359,3.78018
-0.670621,581.682,35.9434,181.765,3.9159
-0.268737,518.697,32.4835,163.816,3.96732
-2.74215,501,28.8764,148.145,3.66651
-0.618144,555.811,34.405,173.923,3.92256
-4.03044,562.393,31.0264,160.628,3.52349
1.57201,509.929,33.9396,169.028,4.21686
-2.25704,520.861,30.5171,156.031,3.72267
-4.34673,540.533,29.4998,153.068,3.48968
-4.86838,529.67,28.3947,147.884,3.43498
-2.76577,512.468,29.5138,151.44,3.66381
0.523567,512.639,32.9597,165.319,4.07182
-4.62909,510.17,27.5748,143.368,3.45991
0.849967,540.161,35.1062,175.695,4.11612
-3.97433,543.882,30.0626,155.577,3.52954
-3.84273,599.077,33.2625,171.975,3.5438
-0.689702,549.534,33.9353,171.633,3.91349
0.968917,548.82,35.8094,179.07,4.13246
-1.04305,571.88,34.9008,176.946,3.86917
-4.06266,516.845,28.4822,147.49,3.52003
-0.580215,560.321,34.7281,175.51,3.92738
-0.197574,587.914,36.9056,186.025,3.97653
0.345375,507.447,32.4339,162.88,4.04795
-1.51661,510.075,30.6389,155.849,3.81098
0.389223,515.491,32.9959,165.653,4.0538
1.63492,580.797,38.7364,192.836,4.22582
-1.86072,572.43,33.9892,173.305,3.76954
-0.708296,573.34,35.3834,178.98,3.91113
-1.96184,546.15,32.3186,164.903,3.7575
-3.8185,589.518,32.7588,169.342,3.54643
-4.79841,509.615,27.3853,142.555,3.44224
-2.04576,582.768,34.3882,175.565,3.74755
0.182597,533.365,33.9069,170.466,4.02633
-1.43574,585.54,35.2674,179.292,3.82082
-1.72944,539.818,32.1946,164.004,3.78527
-4.17012,537.188,29.4948,152.85,3.5085
1.99849,597.226,40.3105,200.181,4.27819
-2.35207,515.342,30.0972,153.986,3.71157
-1.65825,567.153,33.9058,172.636,3.79384
-4.99582,568.686,30.3531,158.228,3.42181
-0.555786,579.584,35.9512,181.661,3.93049
-4.57601,510.877,27.6633,143.774,3.46548
-0.530961,553.69,34.3735,173.659,3.93365
-0.671422,511.25,31.5904,159.753,3.9158
-2.61486,530.167,30.6894,157.305,3.68112
-3.28899,593.733,33.5928,173.005,3.60474
-2.00297,579.534,34.2467,174.79,3.75262
0.406496,546.401,34.9944,175.665,4.05611
-3.33614,509.795,28.7975,148.358,3.59949
-4.84149,537.022,28.8154,150.046,3.43777
0.522916,585.096,37.6175,188.683,4.07173
0.038948,557.811,35.2923,177.606,4.0074
0.96334,533.625,34.8115,174.086,4.13169
-3.02805,555.615,31.7157,163.038,3.63402
-0.411688,553.429,34.4941,174.126,3.94891
-2.56105,542.068,31.4354,161.068,3.68732
1.63252,524.327,34.9674,174.076,4.22547
1.31407,576.167,38.024,189.7,4.18043
-0.247801,517.877,32.4548,163.648,3.97003
-4.32866,500.703,27.343,141.859,3.4916
-0.341619,505.01,31.5498,159.186,3.95792
-1.09972,583.801,35.5608,180.363,3.86213
-1.06046,571.526,34.8588,176.755,3.86701
1.28543,512.349,33.7805,168.562,4.17642
-2.96827,547.724,31.3286,160.981,3.64077
1.25217,550.458,36.2534,180.942,4.17176
-4.95984,541.142,28.9187,150.711,3.42552
-3.20693,574.764,32.6103,167.848,3.61391
-0.0652256,528.865,33.3453,167.927,3.99376
-4.08704,530.76,29.2247,151.361,3.51741
0.382791,588.482,37.6599,189.076,4.05294
-3.89183,529.979,29.3767,151.938,3.53847
-3.09935,503.897,28.6941,147.579,3.62598
1.85891,517.668,34.781,172.884,4.25796
1.82088,515.41,34.5861,171.959,4.25248
-0.356695,506.964,31.656,159.739,3.95598
-4.90941,538.702,28.8383,150.238,3.43073
-1.13706,573.023,34.8607,176.858,3.85751
-4.26291,529.555,28.9837,150.3,3.49859
-1.55491,593.829,35.624,181.254,3.80634
-1.38382,534.789,32.2668,163.978,3.82716
0.68364,514.696,33.2677,166.683,4.09345
-2.42595,569.747,33.1917,169.906,3.70297
-3.7158,512.786,28.5948,147.709,3.55763
-3.80734,515.717,28.6687,148.187,3.54764
-3.9715,598.852,33.1043,171.314,3.52985
-3.24515,553.103,31.3406,161.356,3.60963
-0.909988,544.104,33.3537,168.948,3.88577
-1.17289,516.031,31.3559,159.117,3.85308
-4.87274,586.7,31.4473,163.787,3.43453
1.29254,566.695,37.3724,186.476,4.17741
-1.33942,543.683,32.8523,166.903,3.8326
-0.445157,522.334,32.5197,164.197,3.94462
-1.8021,550.202,32.7338,166.835,3.77655
-0.70452,534.685,33.002,166.929,3.91161
-0.368543,528.557,32.9912,166.49,3.95445
-1.96145,501.329,29.6667,151.371,3.75755
1.09488,592.081,38.793,193.824,4.14986
-4.66775,571.908,30.8708,160.549,3.45586
-0.768685,550.669,33.9158,171.628,3.90351
0.27048,563.116,35.9028,180.392,4.03798
-2.51982,579.068,33.6279,172.253,3.69209
-0.741088,551.238,33.9822,171.931,3.90699
-0.970359,523.152,32.0046,162.182,3.87822
-1.06556,577.274,35.2034,178.509,3.86637
-4.25286,586.539,32.1135,166.519,3.49966
-1.46236,523.678,31.5133,160.236,3.81758
-4.06783,527.092,29.0418,150.393,3.51947
-2.7343,554.677,31.9787,164.051,3.66741
-2.8035,557.394,32.0602,164.549,3.6595
-4.54998,545.536,29.5664,153.636,3.46821
1.53027,501.138,33.3087,165.933,4.21093
-1.48505,543.892,32.7048,166.321,3.81482
-4.38187,523.091,28.5136,147.988,3.48595
-3.07084,506.912,28.8937,148.576,3.62919
1.98004,529.126,35.6924,177.27,4.27551
0.330719,588.149,37.5737,188.71,4.04599
-1.26777,568.188,34.4155,174.758,3.84139
-0.78353,503.945,31.0227,157.003,3.90164
1.63602,561.589,37.4567,186.464,4.22597
1.5663,534.221,35.5497,177.054,4.21604
0.0079671,543.666,34.3619,172.96,4.00334
-2.94359,502.067,28.7412,147.66,3.64357
-2.90462,522.575,29.9547,153.852,3.64799
1.25742,573.122,37.7525,188.418,4.1725
1.42467,526.199,34.8531,173.751,4.19599
-3.2293,587.117,33.2859,171.352,3.61141
-0.380981,585.501,36.5304,184.366,3.95285
-4.01176,564.406,31.1573,161.284,3.52551
-4.3377,565.485,30.8711,160.173,3.49064
-1.1513,524.057,31.8666,161.684,3.85575
-4.22014,597.036,32.7248,169.649,3.50315
-0.64851,578.47,35.7713,180.867,3.9187
0.230681,574.506,36.5806,183.848,4.03269
-2.46175,589.486,34.3001,175.625,3.69881
1.49361,590.072,39.1725,195.193,4.20573
0.926023,514.48,33.5212,167.676,4.12655
-2.63508,522.203,30.2077,154.858,3.67879
-1.0206,588.579,35.9469,182.222,3.87196
-2.72311,578.219,33.3486,171.065,3.66869
0.854288,506.549,32.9264,164.781,4.11671
1.69851,503.269,33.6359,167.373,4.2349
0.926936,566.507,36.9122,184.637,4.12668
0.0656202,534.253,33.8317,170.224,4.0109
-1.04746,541.717,33.055,167.594,3.86862
-0.353417,520.818,32.5246,164.118,3.9564
-4.94944,572.546,30.6079,159.503,3.42659
-2.29131,504.274,29.5112,150.924,3.71866
1.82617,562.038,37.7215,187.541,4.25324
-1.97452,514.08,30.4079,155.167,3.75599
-2.11794,526.439,30.9889,158.29,3.73902
1.12577,587.392,38.525,192.445,4.15415
-2.98921,548.122,31.3292,161.007,3.6384
1.67487,508.485,33.9581,169.003,4.23152
-3.49876,522.368,29.3451,151.353,3.58147
-3.66218,568.675,31.7693,164.046,3.56349
-2.75988,507.061,29.2082,149.866,3.66448
1.70104,503.389,33.6467,167.424,4.23527
-3.2775,580.578,32.8613,169.224,3.60602
1.42596,572.681,37.9335,189.105,4.19617
-3.70104,524.91,29.2855,151.262,3.55924
-0.558517,527.803,32.7363,165.419,3.93014
1.05618,586.006,38.3459,191.64,4.1445
-3.59595,565.305,31.6523,163.365,3.57076
-0.162244,547.104,34.3842,173.274,3.98112
0.0341769,570.608,36.0962,181.657,4.00677
1.94193,556.311,37.4793,186.192,4.26997
-1.1836,507.333,30.8163,156.39,3.85176
-1.18121,523.049,31.7734,161.245,3.85205
-4.23924,551.442,30.206,156.613,3.50112
-4.92678,541.82,28.9878,151.036,3.42893
0.313896,519.606,33.1764,166.644,4.04375
-4.89165,544.627,29.1732,151.964,3.43257
-4.79307,587.111,31.5555,164.257,3.44279
-4.37018,557.585,30.406,157.797,3.48719
1.76864,508.585,34.0696,169.451,4.24496
0.1508,533.259,33.8644,170.29,4.02213
-0.113726,506.244,31.8676,160.539,3.98743
1.78976,574.133,38.4873,191.395,4.248
1.92936,583.979,39.3271,195.388,4.26815
0.554982,579.334,37.2866,186.982,4.07605
-0.0349051,568.527,35.8821,180.665,3.99772
-0.0633009,595.157,37.5274,188.986,3.99401
-2.40499,564.162,32.8895,168.335,3.70541
0.231243,579.931,36.9267,185.587,4.03277
-0.527026,583.96,36.2574,183.172,3.93415
-4.22617,587.468,32.1937,166.903,3.50251
-2.12262,578.624,34.0554,173.959,3.73847
-1.11634,528.302,32.1623,163.145,3.86007
1.6357,517.77,34.5337,171.913,4.22593
-2.99854,532.469,30.4249,156.37,3.63735
-2.21541,553.247,32.4601,165.918,3.72756
-0.664112,576.801,35.6496,180.271,3.91673
1.7768,522.481,35.0098,174.118,4.24613
-4.89341,576.348,30.8705,160.807,3.43239
0.98403,546.757,35.6925,178.467,4.13454
1.63453,533.578,35.5867,177.156,4.22576
-0.430114,547.041,34.075,172.032,3.94655
-2.81364,550.747,31.667,162.543,3.65834
-0.375007,520.885,32.5054,164.046,3.95362
1.67785,581.006,38.805,193.121,4.23195
-1.00043,500.55,30.5912,155.051,3.87447
-3.19169,571.138,32.4213,166.857,3.61562
-4.50409,518.003,28.1183,146.064,3.47304
-0.114391,523.331,32.9424,165.954,3.98735
1.32647,591.404,39.0455,194.78,4.18217
0.592439,529.811,34.1415,171.167,4.0811
-1.83038,581.571,34.5672,176.214,3.77317
-4.46866,514.443,27.959,145.2,3.47678
1.59837,524.828,34.9615,174.087,4.22061
1.87578,521.975,35.0898,174.399,4.2604
1.39151,501.289,33.1669,165.382,4.19131
-2.9927,527.418,30.1423,154.911,3.63801
-4.6174,535.725,28.9677,150.597,3.46113
-0.59916,530.136,32.8365,165.972,3.92497
-2.06887,589.768,34.7742,177.564,3.74482
1.6156,522.447,34.8226,173.375,4.22306
-2.78567,595.301,34.2612,175.824,3.66153
0.782428,584.508,37.9037,189.783,4.10689
1.0172,536.145,35.0381,175.155,4.13912
-1.0164,566.95,34.6307,175.545,3.87249
1.39261,575.081,38.0507,189.732,4.19147
1.77252,542.438,36.342,180.748,4.24552
-1.49355,571.421,34.3504,174.7,3.81379
1.58153,580.249,38.632,192.385,4.21821
-0.572069,532.525,33.0143,166.84,3.92841
-1.71167,537.426,32.0711,163.355,3.78741
-3.85611,546.172,30.3112,156.731,3.54234
-0.265287,536.115,33.5782,169.332,3.96777
-2.15105,516.321,30.3594,155.11,3.73512
-4.10658,528.017,29.0542,150.499,3.51531
-3.08018,572.046,32.5959,167.624,3.62814
-4.62626,583.807,31.5579,164.074,3.46021
-1.35063,583.774,35.2616,179.157,3.83122
-3.23408,577.01,32.7076,168.381,3.61087
-4.42949,564.482,30.7197,159.492,3.48091
-0.0827703,596.639,37.5965,189.359,3.99147
-3.77998,500.266,27.8357,143.854,3.55062
-2.55483,516.076,29.9344,153.371,3.68804
-2.16259,523.243,30.7545,157.141,3.73376
-2.09082,561.471,33.0813,168.946,3.74222
-0.146659,538.513,33.8618,170.623,3.98315
-4.4857,536.705,29.1519,151.413,3.47498
-1.48787,506.761,30.4692,154.955,3.81448
-2.03105,516.427,30.4887,155.64,3.74929
-3.73649,574.404,32.0083,165.366,3.55537
-3.42579,592.262,33.3541,171.942,3.58954
-4.35376,552.495,30.1454,156.426,3.48893
1.26149,573.661,37.7931,188.615,4.17307
-2.06052,578.919,34.1441,174.337,3.7458
-2.87918,563.793,32.3453,166.1,3.65088
-3.01731,561.674,32.0732,164.863,3.63523
0.176749,540.682,34.3654,172.778,4.02555
-3.46913,580.16,32.6245,168.232,3.58474
-2.53227,529.341,30.7272,157.408,3.69065
-2.39599,515.815,30.0801,153.946,3.70645
-2.59094,595.007,34.4705,176.657,3.68388
-0.872065,530.212,32.5433,164.8,3.89052
-1.68671,522.681,31.2173,158.979,3.79041
-1.16419,508.221,30.8902,156.744,3.85415
-2.73126,593.117,34.1984,175.435,3.66776
0.529449,587.163,37.7585,189.382,4.07261
-4.22184,588.177,32.2373,167.124,3.50297
-4.15533,562.255,30.8867,160.047,3.51008
1.34691,555.223,36.6815,182.962,4.18504
-3.30049,516.104,29.1892,150.338,3.60346
-2.76352,541.063,31.163,159.899,3.66407
-2.52341,519.144,30.1443,154.412,3.69167
-0.0720018,594.264,37.4603,188.659,3.99287
-0.0156483,526.127,33.2273,167.277,4.00024
-3.30847,513.917,29.0577,149.669,3.60257
-1.89431,569.272,33.7635,172.194,3.76554
1.61453,511.012,34.0592,169.575,4.22291
0.6206,518.979,33.4747,167.791,4.08491
-3.70745,556.783,31.057,160.419,3.55854
-1.744,578.879,34.5073,175.803,3.78352
-0.601103,583.184,36.1199,182.571,3.92472
-1.34822,591.138,35.7093,181.428,3.83152
-2.94313,504.368,28.8734,148.338,3.64362
-2.26234,533.523,31.2534,159.802,3.72205
-3.77781,526.58,29.302,151.429,3.55086
-0.208362,575.045,36.0848,181.902,3.97514
0.325883,535.476,34.2033,171.788,4.04535
-3.72136,540.468,30.1327,155.66,3.55702
-1.7083,555.267,33.1395,168.793,3.78781
-1.6261,508.505,30.4325,154.917,3.79772
-0.833021,500.846,30.781,155.834,3.89542
-1.64537,537.77,32.1631,163.748,3.7954
-2.50664,584.622,33.9655,173.966,3.69361
-0.571633,542.287,33.6199,169.9,3.92847
0.31455,587.833,37.5334,188.529,4.04384
0.675434,581.515,37.5764,188.281,4.09234
1.84675,541.783,36.3867,180.88,4.25621
-0.995179,598.87,36.6064,185.533,3.87513
1.52049,542.048,36.0163,179.433,4.20954
1.41839,516.325,34.192,170.462,4.1951
-2.69269,541.171,31.244,160.236,3.67218
-2.34176,581.42,33.9681,173.779,3.71277
-2.75198,512.715,29.5418,151.569,3.66539
-4.4985,572.27,31.07,161.39,3.47363
-4.76955,566.499,30.4723,158.592,3.44524
-4.78126,562.077,30.2222,157.304,3.44402
-3.78261,553.399,30.7893,159.121,3.55034
-0.779887,595.667,36.6736,185.597,3.9021
-4.90346,527.578,28.2485,147.159,3.43135
-0.809323,534.296,32.8628,166.345,3.8984
-3.99355,518.777,28.6562,148.318,3.52747
-4.40483,535.521,29.1682,151.411,3.48352
-1.38898,542.977,32.7552,166.466,3.82653
-3.25807,500.446,28.3444,145.944,3.60819
-2.67656,585.427,33.8175,173.414,3.67403
1.63862,574.849,38.3444,190.879,4.22634
-2.00557,586.867,34.677,176.99,3.75231
-2.32753,538.994,31.5046,161.159,3.71443
0.391133,537.528,34.4086,172.743,4.05405
0.440505,548.27,35.1537,176.424,4.06066
-4.18993,569.095,31.2255,161.842,3.50638
0.608493,552.372,35.6143,178.531,4.08327
-0.517708,598.215,37.154,187.69,3.93534
0.141386,509.798,32.3644,162.757,4.02088
-0.788358,591.272,36.3927,184.187,3.90103
0.48567,563.735,36.1994,181.616,4.06672
-0.131043,576.719,36.283,182.804,3.98518
-3.83737,587.776,32.641,168.756,3.54438
-3.72742,598.407,33.3561,172.319,3.55636
1.01793,584.921,38.2267,191.094,4.13922
-3.26229,595.516,33.7243,173.649,3.60772
1.40802,554.83,36.7294,183.125,4.19364
-2.97265,593.807,33.9595,174.504,3.64028
1.2895,574.154,37.8605,188.916,4.17699
0.875656,572.091,37.213,186.206,4.11964
-3.13503,586.856,33.3777,171.711,3.62197
-0.621512,536.068,33.1792,167.73,3.92213
1.34844,593.267,39.1969,195.506,4.18526
-3.31388,596.573,33.725,173.716,3.60197
-2.81673,526.742,30.2836,155.445,3.65799
-2.10652,508.346,29.9354,152.896,3.74037
-2.9496,582.322,33.3287,171.235,3.64289
-4.64047,514.001,27.771,144.4,3.45872
-0.782502,500.933,30.8384,156.069,3.90177
1.1387,524.946,34.444,172.044,4.15595
0.507352,535.983,34.4421,172.774,4.06964
-2.84813,597.049,34.2892,176.045,3.65441
0.607272,570.027,36.7511,184.231,4.08311
-0.83135,511.608,31.4442,159.189,3.89563
-2.40321,547.841,31.94,163.473,3.70561
-2.51366,539.219,31.3202,160.425,3.6928
-3.93729,598.255,33.1099,171.301,3.53355
0.82369,570.164,37.024,185.326,4.11253
0.551501,543.161,34.9544,175.291,4.07558
-4.78273,592.467,31.8546,165.802,3.44387
0.0244503,597.897,37.8102,190.296,4.0055
-0.649861,559.218,34.5793,174.842,3.91853
1.46299,546.323,36.2317,180.576,4.2014
-2.63579,551.363,31.8937,163.502,3.67871
-4.63129,525.775,28.4161,147.745,3.45968
-3.90671,573.649,31.7812,164.392,3.53686
-3.20729,521.574,29.5921,152.313,3.61387
0.0324304,523.033,33.0847,166.504,4.00654
0.231699,532.266,33.8922,170.335,4.03283
1.46987,509.042,33.7669,168.284,4.20237
-4.13938,525.404,28.8781,149.622,3.51179
1.8879,586.738,39.4592,196.099,4.26215
-0.549023,560.228,34.7584,175.626,3.93135
-2.87176,541.45,31.0712,159.55,3.65172
0.701715,541.7,35.0341,175.511,4.09591
0.495922,503.185,32.3223,162.153,4.0681
-3.61454,529.059,29.6041,152.814,3.56872
-0.535505,538.067,33.3985,168.739,3.93307
-4.88696,502.991,26.9473,140.364,3.43305
0.0642977,565.208,35.7904,180.081,4.01073
-3.1673,510.414,28.9982,149.215,3.61835
-3.33331,521.167,29.4427,151.679,3.5998
-2.84826,546.89,31.4084,161.254,3.6544
-2.72953,513.696,29.6208,151.95,3.66796
1.90616,505.331,34.0048,168.972,4.26479
-1.51017,528.736,31.7667,161.578,3.81176
-4.64735,583.827,31.5362,163.986,3.458
-2.00143,561.815,33.2013,169.453,3.7528
-3.06377,586.069,33.4136,171.809,3.62999
-2.85623,589.725,33.8593,173.847,3.65349
0.83339,545.01,35.4019,177.195,4.11385
-1.60374,530.477,31.7714,161.707,3.80042
-0.178969,525.451,33.0049,166.343,3.97895
-2.07383,539.917,31.8296,162.534,3.74423
-0.346514,561.732,35.0877,177.043,3.95729
-2.25317,533.653,31.2707,159.88,3.72313
-3.30332,553.003,31.2731,161.075,3.60314
-1.06328,567.167,34.5897,175.394,3.86666
-0.673337,596.101,36.831,186.258,3.91556
0.283552,566.004,36.1025,181.38,4.03971
-2.45762,594.733,34.6102,177.207,3.69929
-3.64017,557.63,31.1756,160.955,3.56591
-4.81045,538.849,28.9443,150.683,3.44099
1.7236,547.572,36.627,182.226,4.2385
-3.38184,524.533,29.5841,152.459,3.59441
-4.394,510.52,27.8168,144.384,3.48467
-2.37474,544.52,31.7769,162.606,3.70893
0.700785,597.058,38.6132,193.442,4.09578
1.65377,580.094,38.7135,192.697,4.22851
1.57338,557.679,37.1194,184.863,4.21705
0.583379,582.391,37.5186,188.109,4.07988
-2.36065,537.374,31.3748,160.533,3.71057
-0.22682,580.874,36.4282,183.656,3.97274
-0.147314,540.037,33.9569,171.103,3.98306
-1.90466,588.652,34.9008,178.007,3.7643
0.21083,596.084,37.9296,190.653,4.03006
-0.622624,501.485,31.0375,156.904,3.92199
-3.21151,557.828,31.6445,162.882,3.6134
0.121729,547.154,34.7133,174.593,4.01829
-2.53366,527.174,30.6,156.758,3.69049
-0.277338,554.748,34.7313,175.162,3.96621
0.963743,531.022,34.6422,173.239,4.13174
-1.19143,562.267,34.1441,173.288,3.85079
-2.8517,523.692,30.0726,154.4,3.65401
-2.22428,580.132,34.0274,173.939,3.72651
-3.64918,558.702,31.226,161.225,3.56492
-2.47465,565.804,32.9078,168.511,3.69732
1.74433,506.19,33.8821,168.546,4.24147
-4.30988,542.659,29.6532,153.824,3.49359
-4.83676,540.952,29.031,151.163,3.43826
-4.15714,514.407,28.2565,146.42,3.50989
0.560539,583.436,37.5575,188.333,4.0768
-4.97555,596.661,31.8685,166.103,3.4239
1.10844,520.054,34.089,170.305,4.15174
1.71231,594.424,39.7462,197.759,4.23688
-1.26057,518.916,31.4387,159.634,3.84227
-2.80896,529.522,30.4514,156.298,3.65888
0.650895,560.758,36.2057,181.443,4.08901
-1.65309,521.596,31.1877,158.791,3.79446
-3.58614,550.178,30.8156,159.035,3.57184
-0.868249,519.698,31.9021,161.548,3.891
-1.21574,522.939,31.73,161.063,3.84779
-1.37506,558.187,33.6884,171.193,3.82823
-0.610818,541.731,33.5416,169.55,3.92349
-1.2529,561.235,34.0113,172.687,3.84322
1.83695,594.493,39.9139,198.427,4.25479
-0.651077,576.079,35.6204,180.108,3.91838
-0.384174,500.175,31.2035,157.485,3.95244
-4.14863,513.984,28.2415,146.333,3.5108
0.042456,528.126,33.418,168.169,4.00786
-2.57923,557.532,32.3123,165.583,3.68523
-2.4777,568.834,33.0806,169.399,3.69696
-4.51304,564.917,30.6555,159.254,3.4721
-1.72874,529.371,31.5723,160.833,3.78536
-2.06751,570.786,33.6565,171.855,3.74498
-3.45273,537.735,30.2557,155.999,3.58656
-4.76277,504.614,27.1497,141.293,3.44595
1.42789,535.83,35.4947,176.945,4.19644
1.61039,589.436,39.2809,195.579,4.22232
-0.362608,592.836,37.0107,186.767,3.95522
1.32865,511.493,33.7721,168.471,4.18248
-4.82374,552.433,29.6604,154.426,3.43961
-1.96109,541.778,32.0607,163.586,3.75759
-1.40666,536.54,32.3477,164.415,3.82437
-2.63282,524.848,30.363,155.652,3.67905
1.29952,597.349,39.403,196.599,4.17839
1.78059,551.114,36.933,183.678,4.24668
-4.38362,596.524,32.5144,168.755,3.48577
0.61786,507.498,32.7312,164.068,4.08454
-4.33659,513.819,28.0516,145.543,3.49076
-0.0292787,516.169,32.5836,164.051,3.99846
-4.79166,520.56,27.9799,145.643,3.44294
-4.08075,531.511,29.2723,151.601,3.51808
-4.16681,533.417,29.291,151.791,3.50885
-1.33227,563.437,34.0541,173,3.83347
-2.70548,565.548,32.6373,167.396,3.67071
-4.99221,530.994,28.3448,147.755,3.42218
1.99033,586.259,39.5597,196.463,4.277
1.49882,574.952,38.1753,190.217,4.20647
1.61904,532.221,35.4781,176.634,4.22355
0.378171,568.765,36.3926,182.719,4.05232
0.824593,570.358,37.0376,185.393,4.11265
1.24038,520.328,34.2557,170.985,4.17012
-2.71147,527.644,30.4437,156.152,3.67002
-0.208542,559.529,35.1109,176.993,3.97511
-0.714625,573.962,35.4143,179.144,3.91033
-2.8906,531.25,30.4664,156.465,3.64958
0.368007,522.672,33.4321,167.866,4.05097
-2.50306,557.135,32.3725,165.803,3.69403
-1.29826,560.296,33.9029,172.191,3.83764
-3.25146,553.127,31.3352,161.336,3.60893
-2.70139,543.647,31.3777,160.931,3.67118
-1.94384,592.905,35.1067,179.106,3.75964
1.86685,562.106,37.7765,187.763,4.25911
-2.97665,522.711,29.8895,153.595,3.63983
-2.86966,594.183,34.0997,175.098,3.65196
-2.32658,502.537,29.3746,150.263,3.71454
-3.80034,545.997,30.3591,156.917,3.54841
-1.99312,547.458,32.362,165.16,3.75379
-3.66234,590.342,32.9795,170.295,3.56348
-4.78916,527.905,28.3772,147.709,3.4432
-4.42626,591.928,32.2169,167.261,3.48126
-0.701872,582.031,35.9275,181.724,3.91195
0.366778,507.05,32.4315,162.844,4.0508
-1.72317,577.485,34.4483,175.477,3.78603
1.11522,506.874,33.2325,166.019,4.15269
-3.87313,563.42,31.2503,161.607,3.5405
1.01857,594.2,38.8339,194.129,4.1393
-2.98509,558.565,31.9306,164.093,3.63887
-3.51914,588.193,33.02,170.332,3.57922
0.64384,592.966,38.2764,191.829,4.08806
-0.113335,564.319,35.5238,178.957,3.98748
-1.82686,547.684,32.5569,165.962,3.77359
-4.67293,547.454,29.5455,153.663,3.45532
-1.46135,536.319,32.2751,164.109,3.8177
-3.60078,548.555,30.7094,158.504,3.57023
-3.3403,594.174,33.5592,172.895,3.59903
-2.5533,595.243,34.5281,176.905,3.68822
-4.09921,574.746,31.6335,163.851,3.5161
0.411932,542.917,34.7776,174.57,4.05684
-0.0273901,573.836,36.2262,182.388,3.9987
-3.63074,555.549,31.0692,160.395,3.56694
-2.38646,543.421,31.7002,162.227,3.70756
0.437978,598.415,38.3657,192.547,4.06032
0.405842,572.743,36.6807,184.131,4.05602
-0.974403,574.261,35.1266,178.007,3.87772
0.81633,590.055,38.3062,191.754,4.11152
-3.47559,582.439,32.7455,168.863,3.58403
-3.29594,504.798,28.5542,147.063,3.60397
-4.98261,519.516,27.7413,144.599,3.42317
1.36052,591.492,39.0952,194.983,4.18695
-1.2895,533.096,32.2665,163.87,3.83872
1.56492,503.058,33.4745,166.72,4.21585
-3.48404,564.611,31.7341,163.657,3.58309
-2.50326,554.903,32.2426,165.137,3.694
-3.46699,579.878,32.6111,168.16,3.58498
0.479547,538.455,34.5691,173.444,4.0659
-0.893733,524.519,32.1706,162.937,3.8878
0.88425,586.604,38.1678,190.973,4.12082
-0.28614,549.132,34.3696,173.348,3.96507
1.51858,565.27,37.5569,187.111,4.20927
-4.75983,546.934,29.4297,153.155,3.44625
-2.60065,507.411,29.3862,150.611,3.68276
-3.92114,554.874,30.7259,158.949,3.53529
-3.44573,507.095,28.5385,147.138,3.58733
-3.92495,594.757,32.9302,170.357,3.53488
-4.84271,554.839,29.7702,155.019,3.43764
-3.56118,554.574,31.0882,160.414,3.57459
-2.07857,546.241,32.1972,164.417,3.74367
-2.58855,582.269,33.7353,172.886,3.68415
-0.0329881,552.791,34.8911,175.673,3.99797
-3.38092,538.124,30.3516,156.414,3.59451
1.85905,592.887,39.835,198.005,4.25798
1.78629,577.15,38.6851,192.384,4.2475
-4.99925,520.697,27.7885,144.862,3.42146
-3.06829,578.96,33.0032,169.705,3.62948
-2.01231,578.94,34.2008,174.568,3.75151
-3.82355,523.497,29.0851,150.357,3.54588
-3.71414,500.344,27.9025,144.132,3.55781
-3.48421,591.115,33.2235,171.339,3.58307
1.18912,540.736,35.5392,177.453,4.16296
-4.48927,579.742,31.4856,163.538,3.4746
1.4922,585.274,38.8522,193.599,4.20553
-2.05414,573.697,33.8434,172.794,3.74656
-0.233284,512.616,32.1406,162.047,3.97191
-2.85659,584.211,33.5423,172.22,3.65345
-1.81333,516.829,30.7367,156.669,3.77521
1.40519,532.832,35.2698,175.851,4.19324
-3.97468,507.845,28.0704,145.267,3.52951
-2.97402,596.371,34.1045,175.251,3.64012
-2.23928,537.047,31.4843,160.957,3.72475
-2.92284,599.277,34.3302,176.348,3.64592
1.8118,565.679,37.948,188.686,4.25117
-0.737259,509.712,31.4262,158.995,3.90748
-4.54231,592.746,32.1334,166.966,3.46902
0.349827,584.292,37.351,187.567,4.04854
-0.337679,524.938,32.799,165.485,3.95843
-1.90717,551.829,32.7148,166.861,3.76401
-2.30243,500.52,29.2805,149.756,3.71736
1.67585,561.841,37.5226,186.742,4.23166
0.606082,555.127,35.789,179.41,4.08295
-4.27685,543.498,29.7326,154.2,3.49711
0.810847,528.999,34.3363,171.888,4.11077
-3.34845,549.032,31.001,159.724,3.59812
1.8635,511.874,34.3969,170.969,4.25862
-1.86895,509.494,30.2439,154.217,3.76856
0.699615,597.034,38.6101,193.429,4.09562
-0.922554,513.492,31.4639,159.389,3.88419
-4.69608,517.615,27.913,145.196,3.4529
-0.652972,539.811,33.3757,168.76,3.91814
-2.28739,529.024,30.9637,158.348,3.71912
-3.71276,505.105,28.1694,145.509,3.55796
0.677014,596.327,38.5356,193.085,4.09255
-1.42424,530.685,31.9758,162.545,3.82223
0.148098,561.522,35.6561,179.302,4.02177
-2.86541,522.013,29.9622,153.848,3.65245
1.61227,568.721,37.9028,188.714,4.22259
-2.1989,513.404,30.1392,154.037,3.72949
-0.729451,512.367,31.5982,159.856,3.90846
1.18955,584.825,38.4373,191.924,4.16302
-3.08105,566.47,32.2772,165.987,3.62804
-4.02014,535.717,29.5651,153.052,3.5246
-0.364386,552.623,34.4982,174.09,3.95499
-1.24634,516.848,31.3283,159.058,3.84402
-3.67619,580.409,32.4094,167.367,3.56196
1.2248,591.227,38.9033,194.204,4.16794
-1.64179,599.4,35.8535,182.532,3.79583
-1.53467,550.005,33.0174,167.968,3.80879
-4.41713,507.575,27.6345,143.461,3.48222
1.3353,565.344,37.3358,186.24,4.18341
-1.20595,510.682,30.9965,157.329,3.849
0.0220005,540.948,34.2061,172.159,4.00518
-0.845535,541.929,33.292,168.56,3.89385
0.938463,579.117,37.7482,188.804,4.12827
-1.44865,506.95,30.5207,155.175,3.81925
-2.22394,505.449,29.6472,151.549,3.72655
-0.180138,546.642,34.3347,173.046,3.9788
-3.35211,575.105,32.4691,167.292,3.59771
-2.98375,515.765,29.4852,151.525,3.63902
0.175746,561.966,35.717,179.575,4.02542
-3.44837,503.068,28.3093,145.959,3.58704
-1.43801,590.84,35.584,180.904,3.82055
-0.287553,532.193,33.3079,167.995,3.96489
-0.482405,596.993,37.1218,187.482,3.93985
1.06125,527.21,34.5044,172.436,4.14521
-0.621143,575.15,35.5985,179.96,3.92218
1.70926,559.835,37.4297,186.237,4.23644
-3.46756,508.92,28.6199,147.58,3.58491
1.66154,599.107,39.9926,199.053,4.22962
-4.16768,515.864,28.3263,146.792,3.50876
-2.26032,545.891,31.9801,163.515,3.72229
-1.25213,597.685,36.2212,183.907,3.84331
-1.16709,578.402,35.1525,178.376,3.8538
-2.82893,514.032,29.5406,151.645,3.6566
1.15279,514.22,33.7559,168.591,4.15791
-2.91171,582.895,33.4043,171.578,3.64719
-0.755165,537.92,33.1456,167.714,3.90522
1.52214,525.165,34.8964,173.852,4.20978
-1.64658,567.346,33.9307,172.749,3.79525
-1.3116,541.59,32.7563,166.383,3.83601
0.277899,520.591,33.1996,166.802,4.03896
0.783087,568.603,36.8731,184.622,4.10698
-3.09364,518.584,29.5361,151.904,3.62662
-3.73564,513.574,28.6193,147.857,3.55546
0.164243,543.993,34.5615,173.779,4.0239
0.291806,546.937,34.8959,175.308,4.04081
-0.09802,577.398,36.3657,183.179,3.98948
0.344401,552.162,35.2907,177.228,4.04782
-3.4762,582.71,32.7601,168.939,3.58396
0.989451,566.096,36.9616,184.806,4.13529
-0.653112,599.532,37.068,187.43,3.91812
1.06246,507.294,33.2022,165.927,4.14537
-1.58868,556.829,33.3665,169.808,3.80225
-1.69723,562.145,33.5625,170.934,3.78915
-0.0970587,563.046,35.4629,178.63,3.98961
1.9334,563.183,37.9316,188.45,4.26874
-4.36291,589.509,32.1549,166.864,3.48796
-4.70954,537.854,28.991,150.818,3.4515
-1.12103,567.445,34.5399,175.211,3.85949
-2.28441,530.284,31.0406,158.738,3.71947
0.105052,506.284,32.1026,161.481,4.01609
-1.04793,579.829,35.3801,179.383,3.86856
-4.72983,541.789,29.1828,151.838,3.44938
-4.16133,570.482,31.3323,162.362,3.50944
-1.56256,516.754,30.9923,157.697,3.80541
-2.27991,597.795,34.9977,178.969,3.72
-2.88393,557.488,31.9784,164.222,3.65034
-0.313954,513.48,32.1085,161.975,3.96148
-0.302493,501.187,31.3518,158.145,3.96296
1.94424,561.723,37.8468,188.015,4.27031
-2.82454,560.773,32.2316,165.453,3.6571
1.6497,595.481,39.7351,197.788,4.22793
-3.46465,598.129,33.6401,173.463,3.58524
-0.414904,516.904,32.2141,162.62,3.9485
-1.90282,598.136,35.4653,180.884,3.76452
-1.74649,520.421,31.02,158.039,3.78322
-2.80627,543.92,31.2822,160.559,3.65918
1.48796,565.806,37.5546,187.138,4.20493
-0.906221,569.636,34.9232,176.893,3.88624
-4.68678,551.531,29.7515,154.749,3.45387
-1.95778,550.066,32.5548,166.103,3.75798
-2.50815,589.523,34.2485,175.417,3.69344
-4.70106,545.519,29.4127,153.003,3.45238
-4.71963,574.658,30.9641,161.094,3.45044
1.72766,595.629,39.8469,198.24,4.23908
-4.23368,578.784,31.7097,164.403,3.50171
1.04682,592.57,38.7635,193.74,4.14321
-1.10418,559.827,34.0954,172.936,3.86158
-0.724191,540.582,33.3441,168.683,3.90913
-4.29702,526.646,28.7908,149.337,3.49496
-0.0976909,566.092,35.654,179.594,3.98952
-4.9899,535.978,28.6132,149.151,3.42242
1.07666,549.267,35.9662,179.722,4.14734
-0.2139,511.361,32.0826,161.733,3.97442
-2.0059,589.402,34.8264,177.753,3.75227
1.68533,581.491,38.847,193.321,4.23302
-0.475885,528.668,32.8804,166.053,3.94069
1.8488,578.122,38.8299,193.022,4.2565
1.45955,523.323,34.7024,172.958,4.20091
-0.726861,515.113,31.7703,160.724,3.90879
-0.145106,537.369,33.7916,170.268,3.98335
-3.87492,595.439,33.0242,170.782,3.5403
1.32231,551.447,36.4025,181.6,4.18159
-2.78161,519.801,29.92,153.541,3.662
-3.63335,550.77,30.7992,159.004,3.56666
-0.379105,569.992,35.565,179.492,3.9531
-0.887759,586.656,35.9889,182.268,3.88855
-3.5023,550.39,30.9155,159.457,3.58108
-2.64449,595.635,34.4445,176.59,3.67771
-3.65286,527.798,29.4951,152.292,3.56452
-1.87932,536.503,31.836,162.347,3.76733
-1.0135,546.873,33.4076,169.342,3.87285
-2.86345,537.701,30.8647,158.48,3.65267
-3.32029,541.47,30.6033,157.643,3.60125
-4.24171,599.506,32.836,170.252,3.50085
-1.75729,534.002,31.818,162.117,3.78193
-3.24367,588.011,33.3203,171.547,3.6098
-2.34268,574.859,33.5837,171.813,3.71266
1.72099,592.587,39.6347,197.193,4.23812
-3.35511,501.993,28.3385,146.013,3.59738
-1.79955,597.08,35.5259,181.062,3.77686
0.328613,562.294,35.9195,180.405,4.04571
1.05499,556.474,36.412,181.977,4.14434
-0.432564,561.147,34.9508,176.457,3.94623
-0.951702,570.083,34.8975,176.818,3.88055
0.109693,593.978,37.6689,189.474,4.0167
-3.69787,503.837,28.1129,145.202,3.55959
-0.333631,517.543,32.3414,163.172,3.95895
0.220984,550.393,35.034,176.087,4.03141
-4.80525,512.162,27.5157,143.241,3.44153
1.72251,591.437,39.5598,196.818,4.23834
1.62114,586.813,39.1199,194.763,4.22385
-0.062473,543.948,34.2994,172.729,3.99412
-4.42248,542.161,29.512,153.214,3.48166
1.90895,546.538,36.7811,182.764,4.2652
-1.60427,583.494,34.946,177.866,3.80036
-1.95091,593.844,35.1539,179.355,3.7588
-3.10827,565.498,32.1921,165.58,3.62498
-4.75561,593.137,31.9204,166.112,3.44669
0.55869,565.782,36.4188,182.626,4.07655
-2.61347,552.167,31.9643,163.839,3.68128
-1.84069,559.39,33.2373,169.447,3.77194
1.12401,528.971,34.6914,173.296,4.15391
-0.56253,552.302,34.2512,173.079,3.92963
-1.80605,576.916,34.3186,174.917,3.77608
-4.37172,573.935,31.296,162.417,3.48703
-1.22126,578.292,35.0821,178.085,3.84711
-2.01044,552.52,32.6421,166.61,3.75173
-2.94505,548.73,31.4109,161.377,3.6434
0.389699,517.621,33.1328,166.339,4.05386
0.571509,537.831,34.6344,173.662,4.07828
-2.28247,592.342,34.6755,177.324,3.7197
-2.7079,551.677,31.8342,163.28,3.67043
-2.38805,540.416,31.5232,161.323,3.70738
-3.34273,516.986,29.1972,150.424,3.59876
-0.256191,558.773,35.0079,176.531,3.96894
0.334152,515.266,32.9214,165.341,4.04645
1.637,597.887,39.879,198.521,4.22611
1.62065,596.655,39.7754,198.027,4.22378
-3.05565,598.431,34.1277,175.471,3.6309
-0.505579,576.39,35.813,180.9,3.93689
-3.31362,543.232,30.7098,158.185,3.602
-4.46327,504.25,27.4101,142.343,3.47735
-1.52766,557.092,33.4507,170.164,3.80964
-4.7754,540.313,29.0579,151.237,3.44463
1.28222,548.524,36.1618,180.448,4.17597
-1.5113,589.182,35.397,180.045,3.81163
-3.83311,538.757,29.9232,154.7,3.54484
-3.65953,547.141,30.5691,157.845,3.56379
-4.89592,528.787,28.3206,147.527,3.43213
-1.81088,570.831,33.9512,173.05,3.7755
-0.961806,508.862,31.1394,157.788,3.87929
-0.0338822,578.805,36.532,183.936,3.99786
-4.69732,528.889,28.5198,148.353,3.45277
-4.56079,522.574,28.3114,147.126,3.46707
-1.53811,568.532,34.1257,173.611,3.80837
-1.32697,507.009,30.649,155.696,3.83412
-3.16147,597.655,33.9614,174.746,3.619
-1.05832,549.456,33.5151,169.939,3.86727
-3.33598,502.018,28.3583,146.096,3.59951
-0.378511,562.141,35.0758,177.022,3.95317
-3.99756,551.432,30.4558,157.637,3.52704
-4.00572,533.492,29.4568,152.475,3.52616
1.22857,596.623,39.2632,195.996,4.16846
-2.97826,570.424,32.616,167.607,3.63964
-2.16425,553.545,32.5337,166.234,3.73357
-1.79823,592.934,35.2807,179.812,3.77702
-3.76852,560.95,31.2244,161.353,3.55187
-1.88013,520.875,30.9079,157.615,3.76723
-1.22842,508.939,30.8675,156.698,3.84623
-1.7147,589.17,35.1553,179.068,3.78704
-4.97123,592.601,31.6563,164.992,3.42435
-2.30059,528.934,30.9446,158.265,3.71758
-0.187112,578.847,36.349,183.207,3.97789
-0.963983,575.293,35.202,178.376,3.87902
0.776911,525.639,34.08,170.644,4.10614
-2.07451,526.167,31.0182,158.392,3.74415
-2.18019,586.547,34.4548,176.07,3.73169
-2.36861,546.086,31.8749,163.101,3.70964
-0.560799,598.429,37.1139,187.543,3.92985
-1.70465,507.376,30.285,154.25,3.78825
0.243317,548.421,34.9343,175.559,4.03437
-3.98428,592.962,32.7644,169.57,3.52847
-2.21579,548.722,32.1942,164.559,3.72751
-0.255525,544.658,34.1244,172.075,3.96903
-2.52376,581.216,33.7481,172.873,3.69163
-0.530698,584.993,36.3171,183.478,3.93369
-3.98199,567.173,31.3419,162.205,3.52872
0.769941,590.943,38.3051,191.809,4.10519
-0.372684,585.938,36.5678,184.544,3.95392
-4.03507,507.421,27.9892,144.909,3.523
-3.17073,531.781,30.2086,155.447,3.61796
-1.96495,557.659,32.9963,168.364,3.75713
1.34435,506.234,33.4421,166.807,4.18468
-2.80845,569.366,32.7433,168.061,3.65893
0.889759,532.893,34.6794,173.512,4.12158
0.0602679,586.788,37.1519,186.937,4.0102
-0.877904,552.955,33.9326,171.842,3.88978
1.51943,584.191,38.8151,193.378,4.20939
-1.38254,518.183,31.2662,158.892,3.82732
-0.32039,593.605,37.1108,187.218,3.96065
-0.829351,502.261,30.8718,156.289,3.89588
-3.10979,526.043,29.9445,154.022,3.62481
-0.476739,527.836,32.8277,165.788,3.94058
-3.39246,556.147,31.3558,161.602,3.59323
-3.91406,543.351,30.0951,155.678,3.53606
-4.59959,552.579,29.8972,155.41,3.463
1.96694,568.632,38.3409,190.44,4.2736
-0.546443,522.239,32.4042,163.728,3.93168
0.282346,556.956,35.524,178.475,4.03955
-3.08688,569.651,32.4521,166.893,3.62738
0.393989,566.664,36.2772,182.12,4.05444
-1.66313,536.032,32.0401,163.142,3.79325
-4.65022,540.586,29.1976,151.828,3.4577
-0.274456,571.234,35.7669,180.381,3.96658
0.619871,510.373,32.9188,165.006,4.08481
-4.83176,541.499,29.0654,151.337,3.43878
-4.57969,504.828,27.3323,142.057,3.46509
-2.02022,576.68,34.0583,173.85,3.75057
-2.79705,512.849,29.5045,151.425,3.66024
-3.53131,578.423,32.4581,167.447,3.57788
-4.59992,556.597,30.1143,156.539,3.46297
-1.73597,558.229,33.2853,169.568,3.78449
1.54956,569.69,37.8892,188.727,4.21367
-0.880669,534.527,32.7987,166.103,3.88944
-2.36819,590.016,34.4395,176.223,3.70969
-4.74327,520.299,28.0124,145.762,3.44798
1.94564,558.432,37.6268,186.92,4.27051
-2.42377,577.016,33.6176,172.084,3.70322
-3.01513,526.524,30.0683,154.555,3.63547
1.22339,585.566,38.529,192.338,4.16774
-4.19556,524.694,28.7838,149.193,3.50578
-4.27109,551.76,30.1905,156.568,3.49772
-4.71183,564.607,30.4307,158.31,3.45126
0.101938,514.093,32.5944,163.958,4.01568
-3.48957,549.842,30.8981,159.353,3.58248
1.70045,510.638,34.1306,169.832,4.23518
-0.132296,577.869,36.3538,183.162,3.98502
0.997902,521.094,34.0328,170.152,4.13645
-2.22181,513.101,30.0982,153.852,3.7268
-4.24274,568.756,31.1506,161.515,3.50074
-3.96818,582.045,32.1788,166.521,3.53021
1.95145,596.505,40.1998,199.694,4.27136
0.472575,562.099,36.0787,181.026,4.06496
-0.757336,522.177,32.1732,162.797,3.90494
-1.07675,526.867,32.1174,162.873,3.86498
-0.992001,569.896,34.8391,176.572,3.87552
-2.68817,584.966,33.7776,173.224,3.67269
0.552857,543.858,35.0009,175.522,4.07576
-4.43598,511.178,27.8126,144.406,3.48023
0.751162,526.971,34.1373,170.961,4.10263
-3.17332,512.985,29.1384,149.942,3.61767
-2.69394,527.705,30.4652,156.243,3.67203
-1.94454,594.801,35.2181,179.675,3.75956
-1.98847,570.351,33.7205,172.087,3.75434
-3.62132,505.784,28.2952,146.064,3.56798
-2.53018,558.496,32.4219,166.087,3.69089
-1.80809,577.047,34.3241,174.948,3.77584
0.662495,554.242,35.7988,179.39,4.09058
-1.6862,599.304,35.7943,182.287,3.79047
0.0968804,585.665,37.1259,186.759,4.01502
1.88893,524.831,35.297,175.413,4.2623
-3.14603,515.054,29.283,150.657,3.62074
-2.65468,513.225,29.6687,152.116,3.67654
-4.01198,579.258,31.9769,165.527,3.52548
-3.30814,503.933,28.4935,146.763,3.60261
1.13384,544.254,35.7052,178.349,4.15527
1.05448,563.419,36.8659,184.246,4.14427
-0.560494,543.958,33.7361,170.474,3.92989
-2.70475,507.785,29.3045,150.302,3.67079
-2.76237,524.002,30.1815,154.862,3.6642
0.102747,574.888,36.4498,183.351,4.01579
1.1487,572.898,37.6027,187.808,4.15734
0.256011,529.095,33.7175,169.429,4.03605
-2.42316,507.563,29.5718,151.374,3.70329
0.116399,504.717,32.0152,161.029,4.01759
1.68596,527.428,35.236,175.35,4.23311
-4.8814,596.843,31.9814,166.579,3.43363
-2.03892,577.383,34.0784,173.975,3.74836
-0.446372,583.068,36.2995,183.283,3.94446
0.447699,551.551,35.3726,177.513,4.06163
-2.06301,595.296,35.1071,179.257,3.74551
-4.44444,544.741,29.6302,153.852,3.47933
-4.0456,501.637,27.6602,143.216,3.52186
-4.66028,537.411,29.0161,150.896,3.45664
-2.43855,581.57,33.866,173.374,3.70151
-1.96289,577.551,34.1756,174.379,3.75738
-4.04074,531.792,29.3278,151.845,3.52238
-2.08479,515.47,30.3771,155.129,3.74293
-1.3077,594.711,35.9739,182.721,3.83648
-2.87274,579.924,33.2779,170.882,3.65161
-3.01467,582.492,33.265,170.986,3.63553
1.93812,544.087,36.6512,182.083,4.26942
-4.1868,591.238,32.444,168.154,3.50672
1.88727,503.202,33.8405,168.177,4.26206
1.3864,521.895,34.5245,172.157,4.19059
-4.76588,535.575,28.8124,149.949,3.44562
1.78132,572.589,38.3732,190.839,4.24678
-1.40319,544.63,32.8393,166.91,3.8248
-3.59818,561.819,31.4547,162.348,3.57052
0.165562,539.082,34.251,172.216,4.02408
-0.33572,534.919,33.4249,168.641,3.95868
-1.31246,527.201,31.8852,161.959,3.8359
0.586579,560.651,36.1219,181.102,4.08031
-0.256516,577.497,36.1806,182.445,3.9689
-0.718977,558.283,34.4419,174.23,3.90978
-4.93616,588.624,31.4818,164.041,3.42797
1.1037,593.206,38.878,194.237,4.15109
-0.0224004,518.492,32.7378,164.82,3.99936
1.26923,559.423,36.8645,183.971,4.17415
-4.94553,580.601,31.0427,161.764,3.427
-4.46275,587.197,31.9195,165.76,3.4774
-2.12483,575.642,33.8774,173.052,3.73821
-0.123253,500.75,31.5117,158.757,3.98619
-1.88881,581.982,34.5238,176.064,3.76619
1.14239,583.166,38.2688,191.143,4.15646
-3.38422,591.345,33.3496,171.868,3.59415
-3.96038,585.04,32.353,167.413,3.53105
0.602022,575.926,37.125,186.112,4.0824
-1.89292,518.565,30.7575,156.862,3.7657
-1.43831,539.048,32.4644,165.045,3.82051
-1.14118,553.467,33.6663,170.804,3.857
-3.32385,543.709,30.7261,158.28,3.60086
0.626827,570.118,36.7807,184.355,4.08575
1.99792,561.226,37.8799,188.111,4.27811
-0.884281,554.822,34.04,172.393,3.88899
-2.17273,579.621,34.0566,174.026,3.73257
-2.95463,566.875,32.439,166.67,3.64232
-4.90034,595.22,31.8737,166.041,3.43167
-1.74736,530.015,31.5909,160.949,3.78312
1.73298,532.481,35.6286,177.247,4.23984
-0.988161,586.509,35.8593,181.737,3.876
1.93864,500.083,33.6876,167.359,4.2695
0.186076,557.462,35.4429,178.184,4.02679
-4.5017,514.043,27.9057,144.957,3.47329
-3.84588,559.611,31.0679,160.632,3.54345
1.19111,572.286,37.6152,187.817,4.16324
-4.0039,567.386,31.3302,162.17,3.52635
-4.00265,593.001,32.746,169.497,3.52649
-0.864701,548.241,33.6582,170.437,3.89144
-1.647,595.999,35.6438,181.471,3.7952
1.30066,533.85,35.2157,175.706,4.17855
-4.3846,598.999,32.6482,169.451,3.48566
-1.70255,567.687,33.8873,172.595,3.7885
0.0198667,552.66,34.9442,175.877,4.0049
-4.01241,535.915,29.5838,153.14,3.52544
-1.50557,589.073,35.3973,180.039,3.81232
1.66432,596.715,39.8365,198.273,4.23001
1.27669,561.697,37.0234,184.755,4.17519
0.0536518,516.269,32.6799,164.442,4.00933
1.02943,592.076,38.7089,193.49,4.14081
-0.403207,536.208,33.4302,168.746,3.95
-1.78277,560.902,33.3921,170.168,3.77887
-4.01804,594.58,32.816,169.878,3.52483
-2.15914,555.825,32.6733,166.942,3.73417
-0.556831,538.755,33.4174,168.859,3.93036
-2.52494,597.006,34.6636,177.564,3.6915
-1.24834,590.726,35.804,181.784,3.84378
-0.0859741,543.278,34.2304,172.409,3.99105
-0.569106,545.254,33.8067,170.841,3.92879
-0.902025,594.883,36.4762,184.754,3.88676
0.584212,590.51,38.0427,190.736,4.07999
-2.12864,501.911,29.5344,150.872,3.73776
-4.97727,501.367,26.7771,139.568,3.42372
-2.65804,551.909,31.9013,163.567,3.67615
-4.91148,531.757,28.4644,148.293,3.43052
-4.36146,527.023,28.748,149.183,3.48812
-4.32918,579.01,31.6187,164.042,3.49154
-2.212,509.271,29.8834,152.743,3.72795
-3.01206,549.468,31.3818,161.303,3.63582
1.70751,532.231,35.5821,177.046,4.23619
-4.38858,530.207,28.8948,149.974,3.48524
-2.89497,553.374,31.7305,162.962,3.64909
-4.84321,545.706,29.2796,152.465,3.43759
0.908196,576.03,37.5094,187.648,4.12411
-2.79975,596.563,34.3175,176.13,3.65993
-0.284828,572.304,35.8215,180.669,3.96524
-1.96876,539.622,31.9249,162.901,3.75668
-2.23689,547.679,32.1102,164.154,3.72503
1.45203,548.826,36.3846,181.352,4.19985
-1.96323,542.23,32.0852,163.713,3.75734
1.16906,593.795,39.0006,194.763,4.16017
-1.77097,579.293,34.5007,175.803,3.78029
-0.434841,582.191,36.2588,183.063,3.94594
0.644831,522.663,33.7393,169.09,4.08819
0.998653,512.904,33.4988,167.481,4.13656
-2.57514,581.464,33.7039,172.709,3.6857
-3.41308,555.326,31.2876,161.274,3.59095
0.549683,523.492,33.6866,168.935,4.07534
-4.12823,581.453,31.9709,165.633,3.51299
-4.14566,578.441,31.7864,164.697,3.51112
-3.35889,516.704,29.1652,150.277,3.59696
-1.17389,560.746,34.0718,172.9,3.85296
-4.94344,516.062,27.594,143.791,3.42721
-0.698923,534.198,32.9781,166.802,3.91232
-1.57438,539.459,32.3412,164.574,3.80398
-1.83134,551.143,32.7576,166.991,3.77306
-3.17789,548.444,31.1476,160.287,3.61716
-0.124289,501.155,31.5362,158.881,3.98606
-4.20371,585.363,32.103,166.406,3.50491
-0.814393,599.403,36.8611,186.591,3.89776
-4.23966,512.864,28.0924,145.655,3.50107
0.0584831,541.057,34.2545,172.36,4.00997
-1.20501,558.501,33.9,172.065,3.84912
-1.55673,521.37,31.2752,159.13,3.80612
-4.41499,540.915,29.4518,152.893,3.48245
-2.27831,519.324,30.4053,155.483,3.72018
-0.71048,528.199,32.5952,164.879,3.91086
0.936095,552.459,36.0077,180.102,4.12794
-4.8662,558.456,29.9401,155.93,3.4352
-2.37549,566.857,33.0796,169.273,3.70884
0.416287,533.171,34.1582,171.456,4.05742
-0.364996,567.694,35.4382,178.835,3.95491
-3.47314,558.934,31.4266,162.059,3.5843
-1.61673,574.395,34.3867,175.034,3.79885
-3.78076,541.344,30.1205,155.662,3.55054
-4.61645,532.31,28.784,149.641,3.46123
-0.67443,534.069,32.9971,166.87,3.91542
-0.386143,517.563,32.2861,162.951,3.95219
1.48992,505.892,33.5801,167.33,4.20521
-1.7648,533.825,31.7993,162.031,3.78103
0.575705,581.016,37.4205,187.627,4.07885
0.698216,540.24,34.9356,175.022,4.09543
-4.27278,543.688,29.7471,154.27,3.49754
-2.81029,536.512,30.852,158.356,3.65873
0.414486,503.492,32.2549,161.904,4.05718
0.737912,544.708,35.2708,176.653,4.10083
-0.611041,537.695,33.2914,168.285,3.92346
-0.892194,563.559,34.5668,175.071,3.88799
-0.813242,530.72,32.6386,165.215,3.8979
0.702921,547.193,35.3908,177.296,4.09607
-2.03916,510.563,30.1343,153.84,3.74833
-2.81535,536.167,30.8269,158.232,3.65815
-4.06172,547.28,30.1604,156.179,3.52013
-4.4291,586.181,31.901,165.625,3.48096
-3.51107,502.818,28.235,145.64,3.58011
1.63885,506.898,33.8121,168.317,4.22638
1.48057,596.958,39.6127,197.403,4.20389
-4.55954,544.313,29.4904,153.252,3.46721
-4.92642,569.183,30.4522,158.665,3.42897
-4.15507,585.18,32.1464,166.574,3.51011
-1.8947,561.805,33.3202,169.934,3.76549
-0.0413936,581.046,36.6643,184.612,3.99687
-1.01234,522.085,31.8946,161.671,3.87299
-3.36643,572.362,32.2985,166.43,3.59612
-1.23785,560.823,34.0035,172.63,3.84507
-2.88881,505.979,29.0189,149.029,3.64979
1.56145,580.47,38.6212,192.358,4.21536
-4.40804,562.808,30.6511,159.112,3.48318
-4.35544,560.945,30.6047,158.811,3.48876
-4.18777,584.681,32.0831,166.284,3.50661
0.802818,517.348,33.5711,168.066,4.10968
0.719318,585.92,37.9161,189.926,4.0983
1.4616,517.393,34.3115,171.008,4.2012
-1.28732,588.998,35.6527,181.064,3.83899
-1.63986,515.837,30.8571,157.093,3.79606
1.45169,568.235,37.6708,187.763,4.1998
-2.58604,534.016,30.9423,158.57,3.68444
-2.93216,583.534,33.4178,171.672,3.64486
-3.10893,526.056,29.9462,154.029,3.6249
1.64667,511.735,34.1435,169.958,4.22749
-3.35369,534.746,30.1889,155.546,3.59754
0.986267,538.487,35.1552,175.778,4.13485
-3.99226,539.536,29.8042,154.259,3.52761
-3.93298,516.72,28.6016,147.972,3.53401
-3.79505,549.026,30.5331,157.81,3.54898
-1.9373,508.034,30.0879,153.494,3.76042
0.91628,534.926,34.8422,174.295,4.12522
-4.19767,537.164,29.4658,152.73,3.50555
-3.96474,530.402,29.3271,151.76,3.53058
-2.90533,568.089,32.5629,167.249,3.64791
-1.00151,563.333,34.427,174.494,3.87434
-3.78657,525.458,29.2308,151.071,3.54991
-0.595099,588.642,36.4652,184.308,3.92549
-3.28362,531.668,30.0867,154.942,3.60534
-0.498776,551.173,34.2539,173.017,3.93776
-4.11451,500.664,27.5417,142.672,3.51446
-2.32553,553.284,32.342,165.441,3.71467
-3.65144,560.255,31.3104,161.663,3.56467
1.09652,589.692,38.6385,193.05,4.15009
-1.91602,529.619,31.3888,160.107,3.76295
-3.53224,582.355,32.6777,168.581,3.57777
-4.46769,592.777,32.2174,167.313,3.47688
1.97599,586.309,39.5445,196.406,4.27492
-0.949287,596.86,36.5396,185.136,3.88085
-2.44959,563.354,32.793,167.894,3.70022
-3.60359,568.156,31.8037,164.155,3.56992
-3.6849,520.892,29.0774,150.17,3.56101
-4.65798,515.245,27.8215,144.681,3.45688
-1.59877,581.296,34.8208,177.222,3.80103
-3.53503,588.419,33.0149,170.324,3.57747
-2.36039,580.208,33.876,173.33,3.7106
-1.01066,530.843,32.4314,164.39,3.8732
-4.17212,563.43,30.9335,160.308,3.50829
-2.34807,551.13,32.1916,164.698,3.71203
-3.46274,556.633,31.3083,161.437,3.58545
-2.05832,515.395,30.3998,155.216,3.74606
0.192959,521.88,33.1882,166.841,4.0277
-1.20188,556.917,33.8074,171.591,3.8495
-3.51073,504.704,28.3413,146.188,3.58015
-1.30847,563.413,34.0798,173.102,3.83639
-3.42944,528.76,29.7742,153.491,3.58913
-0.384503,514.416,32.0916,161.968,3.9524
-0.0894845,556.532,35.0614,176.599,3.99059
-3.37876,527.757,29.769,153.409,3.59475
-1.25938,596.325,36.13,183.453,3.84242
-0.677085,594.553,36.7308,185.755,3.91508
0.53819,569.222,36.6154,183.637,4.07379
-0.723621,500.777,30.8894,156.264,3.9092
0.764283,575.847,37.3197,186.882,4.10442
-4.68451,505.298,27.2596,141.785,3.45411
1.34978,507.216,33.513,167.154,4.18544
-3.23618,564.204,31.9794,164.634,3.61064
-1.36223,541.921,32.7208,166.261,3.8298
-4.22087,566.924,31.0735,161.09,3.50308
-2.23043,590.434,34.6244,176.999,3.72579
0.299728,538.875,34.3906,172.76,4.04186
-4.29528,570.52,31.1912,161.785,3.49515
-4.80979,590.203,31.7035,165.047,3.44106
0.563666,559.619,36.0281,180.66,4.07722
-2.20008,576.749,33.8566,173.037,3.72936
-2.94187,536.201,30.6971,157.706,3.64376
1.81631,518.416,34.7825,172.941,4.25182
-1.92066,524.872,31.1026,158.652,3.7624
-2.49082,599.804,34.8662,178.559,3.69544
1.3477,540.78,35.7282,178.206,4.18515
0.805056,513.724,33.3385,166.899,4.10998
0.715464,502.735,32.5288,162.945,4.09777
-1.12671,547.915,33.3448,169.155,3.85879
1.73278,519.542,34.7626,172.939,4.23981
-2.37091,519.39,30.3143,155.118,3.70937
-4.47221,503.857,27.3803,142.198,3.4764
0.0473674,508.071,32.1542,161.804,4.0085
-4.08259,511.079,28.1453,145.766,3.51788
-1.61636,507.879,30.405,154.766,3.7989
0.899118,596.69,38.8431,194.332,4.12286
1.16323,595.59,39.1109,195.322,4.15936
1.7026,592.626,39.6134,197.111,4.23549
1.87032,501.754,33.7244,167.619,4.25961
1.9917,579.434,39.1009,194.183,4.2772
1.94944,515.02,34.7061,172.406,4.27106
-2.51513,527.699,30.6496,156.992,3.69263
-0.664211,558.131,34.4955,174.436,3.91671
-2.14618,565.287,33.2441,169.842,3.73569
-2.69608,522.246,30.1479,154.618,3.67179
1.76729,579.409,38.8123,193.041,4.24477
1.06592,518.814,33.9601,169.71,4.14585
-4.90555,582.128,31.1671,162.366,3.43113
-4.07751,512.075,28.205,146.07,3.51843
-3.89848,575.346,31.8842,164.914,3.53775
-1.1301,529.761,32.2363,163.536,3.85837
-2.86241,503.165,28.8833,148.305,3.65279
1.66652,599.141,40.0014,199.09,4.23033
-3.04452,550.33,31.3965,161.416,3.63216
1.15156,587.346,38.5547,192.559,4.15773
-2.75123,542.517,31.2597,160.382,3.66547
1.74829,535.148,35.8251,178.206,4.24204
-2.84088,555.21,31.8942,163.74,3.65524
-2.49747,563.815,32.7668,167.816,3.69467
-4.03257,578.979,31.939,165.355,3.52326
0.0467826,556.573,35.2231,177.248,4.00843
0.544176,563.233,36.2373,181.734,4.07459
-1.23853,542.736,32.9061,167.059,3.84499
-0.143346,561.625,35.3189,177.962,3.98358
0.450406,548.392,35.1731,176.509,4.06199
-2.11483,556.256,32.7475,167.269,3.73939
1.62194,574.34,38.2894,190.627,4.22397
-0.689363,528.617,32.644,165.102,3.91353
-0.504439,548.761,34.0976,172.234,3.93704
-4.73706,598.366,32.2223,167.661,3.44863
-0.270515,592.107,37.0787,186.992,3.96709
-0.350058,595.707,37.2055,187.733,3.95683
-3.2936,504.585,28.5444,147.01,3.60423
-4.88077,510.843,27.3738,142.579,3.43369
1.81432,532.185,35.704,177.525,4.25153
1.04734,500.723,32.7558,163.713,4.14328
-0.0812713,539.142,33.9751,171.118,3.99166
0.688648,551.293,35.6391,178.558,4.09413
-2.10205,590.219,34.7619,177.543,3.7409
-2.14826,540.994,31.8132,162.534,3.73545
0.0593887,511.267,32.3695,162.874,4.01008
1.49944,593.527,39.4094,196.366,4.20656
-4.10752,577.35,31.7678,164.556,3.51521
1.06075,582.202,38.1028,190.419,4.14514
-3.7429,553.447,30.8337,159.305,3.55467
-2.4476,507.265,29.5301,151.186,3.70046
-3.22413,505.248,28.6494,147.479,3.61198
0.401623,586.837,37.5781,188.641,4.05546
-2.81095,576.29,33.1387,170.094,3.65865
-0.496681,514.015,31.9469,161.362,3.93803
-4.27197,518.71,28.3813,147.186,3.49763
-0.685129,522.544,32.2735,163.223,3.91407
-0.170007,535.793,33.6646,169.657,3.98011
-0.102752,546.285,34.4007,173.287,3.98886
-2.08774,588.954,34.7041,177.23,3.74259
-4.43198,569.115,30.9692,160.79,3.48065
-4.39027,539.072,29.3762,152.474,3.48506
-4.32181,564.829,30.852,160.056,3.49233
-2.73342,562.653,32.4395,166.414,3.66751
-3.76531,515.335,28.6885,148.246,3.55222
-4.26648,537.153,29.3959,152.442,3.49821
-0.516739,575.128,35.7213,180.451,3.93547
-0.0117236,510.146,32.2223,162.212,4.00076
-0.138862,521.151,32.7785,165.156,3.98416
0.818273,566.9,36.8054,184.239,4.11179
1.85486,535.161,35.9515,178.707,4.25738
1.99333,509.068,34.3544,170.609,4.27744
1.71689,538.917,36.0402,179.314,4.23754
0.550113,525.022,33.7856,169.431,4.07539
-2.68356,551.117,31.828,163.22,3.67322
0.857576,586.463,38.125,190.794,4.11716
-2.09273,569.921,33.577,171.48,3.742
-3.08716,529.012,30.1367,154.985,3.62735
-0.839405,520.088,31.9568,161.793,3.89462
1.67736,548.83,36.6555,182.424,4.23188
-4.19635,568.656,31.1946,161.689,3.5057
-1.00752,583.269,35.6381,180.641,3.87359
-0.67488,597.297,36.9031,186.624,3.91536
-2.43817,520.811,30.3283,155.262,3.70155
1.93759,544.839,36.7012,182.332,4.26934
-4.5185,582.789,31.6195,164.268,3.47152
-2.60089,556.139,32.208,165.073,3.68273
-1.17733,552.448,33.5637,170.325,3.85253
0.28829,588.612,37.5505,188.648,4.04034
-0.0247823,576.105,36.3726,183.122,3.99905
-1.57144,567.627,34.0332,173.18,3.80433
0.718339,553.301,35.804,179.348,4.09817
1.66837,520.774,34.7714,173.058,4.23059
-4.41894,559.047,30.4349,158.002,3.48203
-2.67173,513.313,29.6567,152.072,3.67458
-1.95217,588.74,34.8503,177.808,3.75865
0.453092,568.555,36.4696,183.012,4.06235
-2.33176,597.994,34.9482,178.78,3.71394
-3.72623,508.747,28.3595,146.505,3.55649
-2.86447,555.574,31.8896,163.744,3.65255
-1.58772,580.774,34.8025,177.115,3.80236
-0.389714,594.13,37.058,187.04,3.95173
1.60759,528.041,35.1862,175.194,4.22192
-1.47417,522.472,31.4283,159.817,3.81614
-3.82888,573.53,31.8591,164.703,3.5453
-3.00608,567.795,32.4351,166.71,3.6365
-3.04531,554.468,31.6317,162.626,3.63207
-1.73116,529.2,31.5595,160.771,3.78506
-0.613866,526.966,32.6241,164.915,3.9231
-3.39158,527.723,29.7541,153.346,3.59333
0.547261,514.018,33.0743,165.867,4.07501
-4.71385,545.495,29.3985,152.943,3.45105
-0.249721,518.877,32.5154,163.955,3.96978
1.36492,552.221,36.5048,182.058,4.18757
-0.0067603,517.603,32.6987,164.605,4.00141
0.300254,570.649,36.419,182.949,4.04193
1.19746,503.132,33.0767,165.149,4.16413
-1.85469,508.768,30.2153,154.056,3.77027
-2.11597,500.798,29.4815,150.588,3.73925
-4.29781,579.211,31.6636,164.239,3.49488
0.335082,523.223,33.4308,167.898,4.04657
-3.16277,538.283,30.5863,157.381,3.61886
0.34032,572.815,36.6058,183.837,4.04727
-1.6731,594.662,35.5327,180.938,3.79205
-3.15371,534.389,30.3743,156.281,3.61987
-3.45373,595.021,33.4777,172.613,3.58644
-1.58517,546.523,32.7528,166.681,3.80267
1.12741,579.465,38.0071,189.856,4.15438
-1.96712,577.237,34.1521,174.264,3.75687
0.357136,535.766,34.2572,172.023,4.04951
-0.238408,563.864,35.3478,178.223,3.97124
-0.163585,522.137,32.8136,165.361,3.98095
-3.48312,527.381,29.6424,152.87,3.5832
0.454283,589.503,37.8148,189.761,4.06251
-0.0536298,538.795,33.9845,171.133,3.99527
0.10364,523.623,33.2005,167.005,4.01591
1.65122,512.71,34.2137,170.302,4.22814
-0.366504,587.533,36.6749,185.077,3.95472
-2.86533,559.332,32.1044,164.847,3.65246
-1.36636,519.539,31.3651,159.377,3.8293
0.678874,536.138,34.6482,173.605,4.09281
0.945097,541.583,35.3093,176.598,4.12918
-0.185029,505.541,31.748,160.014,3.97816
-3.7955,594.644,33.0695,170.921,3.54893
-2.65897,540.365,31.2331,160.142,3.67605
-3.35768,544.284,30.7232,158.303,3.59709
-1.49571,518.145,31.1455,158.403,3.81352
1.35342,565.724,37.3832,186.454,4.18596
0.780636,591.256,38.339,191.965,4.10665
1.79438,541.978,36.3373,180.698,4.24866
-4.0637,547.584,30.1751,156.258,3.51991
-4.96923,572.261,30.5718,159.337,3.42455
0.23885,535.619,34.1138,171.441,4.03378
1.02623,559.291,36.5617,182.761,4.14036
0.6059,556.032,35.8472,179.702,4.08292
-0.912945,516.802,31.6769,160.458,3.8854
-2.18475,586.431,34.4427,176.014,3.73116
-3.81733,515.286,28.635,148.023,3.54656
1.541,588.24,39.1119,194.828,4.21245
-3.80386,527.474,29.3257,151.58,3.54802
-1.80701,508.243,30.2325,154.092,3.77597
-1.46541,517.631,31.1462,158.373,3.81721
-1.5966,564.893,33.8407,172.231,3.80129
1.11769,533.224,34.963,174.661,4.15303
1.829,516.775,34.6869,172.451,4.25365
-2.18078,534.403,31.3912,160.415,3.73162
-4.18241,510.642,28.0255,145.248,3.50719
-1.2429,528.475,32.0368,162.651,3.84445
0.798558,594.832,38.5937,193.217,4.10909
-2.67037,562.704,32.5117,166.711,3.67474
1.05158,529.681,34.655,173.2,4.14387
-1.31649,589.492,35.6477,181.076,3.83541
-4.71199,577.111,31.1044,161.815,3.45124
-2.15052,565.186,33.2333,169.792,3.73518
-1.02711,577.567,35.2666,178.782,3.87115
-3.92723,559.279,30.9634,160.185,3.53464
-1.65645,556.793,33.2885,169.491,3.79406
0.0164742,591.547,37.3988,188.236,4.00445
0.649252,531.452,34.3117,171.953,4.08879
-2.34418,575.571,33.6236,172.019,3.71249
1.92845,511.17,34.4229,171.024,4.26802
-4.53337,548.856,29.7632,154.641,3.46996
-3.69982,550.402,30.7091,158.613,3.55937
-2.26407,538.079,31.5185,161.159,3.72185
-2.56681,553.141,32.0713,164.333,3.68666
-1.69846,519.388,31.0084,157.928,3.789
-3.03743,572.203,32.6522,167.863,3.63296
-4.26863,549.846,30.0883,156.035,3.49798
-0.740115,514.736,31.733,160.55,3.90712
-2.59331,596.019,34.5264,176.946,3.6836
-1.22703,588.703,35.7068,181.264,3.8464
-2.34032,590.529,34.5019,176.508,3.71294
0.747277,530.671,34.3725,172.144,4.1021
-3.71081,556.798,31.0543,160.409,3.55817
-2.03965,569.722,33.6253,171.663,3.74827
1.86283,593.933,39.9102,198.374,4.25853
-1.37451,528.06,31.8707,161.955,3.8283
-3.89938,507.559,28.1268,145.481,3.53765
-1.10241,511.714,31.1669,158.081,3.8618
-1.75567,531.264,31.6565,161.293,3.78212
1.11726,536.943,35.2063,175.877,4.15297
-3.9539,561.455,31.0556,160.692,3.53175
-4.56809,584.898,31.68,164.64,3.46631
-1.16533,563.709,34.2616,173.853,3.85401
-0.461712,520.135,32.3649,163.434,3.9425
1.65546,555.756,37.0913,184.621,4.22875
-4.24571,577.227,31.6114,163.907,3.50043
1.6625,541.196,36.128,179.817,4.22975
-3.55857,508.553,28.5109,147.113,3.57487
-4.67992,529.048,28.5453,148.468,3.45459
-0.626869,508.752,31.4828,159.16,3.92145
-3.24407,511.347,28.9757,149.179,3.60975
-3.46367,523.533,29.4456,151.834,3.58534
-2.02721,561.882,33.1765,169.357,3.74974
1.38663,508.789,33.6578,167.835,4.19063
-3.22108,576.465,32.6911,168.28,3.61232
-1.73953,506.877,30.2198,153.955,3.78406
-1.04199,549.998,33.5665,170.181,3.8693
1.58585,523.728,34.8739,173.665,4.21883
0.648276,539.27,34.8153,174.479,4.08866
0.266956,543.477,34.6465,174.085,4.03751
0.221586,547.97,34.8805,175.314,4.03149
-3.96245,514.273,28.4376,147.154,3.53083
1.91645,574.838,38.6952,192.265,4.26628
-4.72628,526.109,28.3417,147.458,3.44975
1.92376,564.86,38.0326,188.964,4.26734
-0.861072,525.751,32.2813,163.461,3.8919
-3.76943,573.132,31.9015,164.853,3.55177
-2.30722,502.583,29.3964,150.354,3.7168
-0.609408,575.562,35.6379,180.145,3.92367
-2.12077,562.354,33.0999,169.076,3.73869
-3.79123,567.919,31.5879,163.258,3.5494
-0.577271,556.504,34.4949,174.328,3.92775
0.0790517,520.1,32.9502,165.774,4.01267
-2.91435,588.597,33.7281,173.244,3.64689
-4.37464,566.867,30.9075,160.404,3.48672
-1.82742,577.335,34.3189,174.945,3.77352
-1.91475,560.918,33.2452,169.575,3.7631
-4.74184,557.217,30.0015,156.111,3.44813
-4.17396,519.856,28.5394,147.903,3.50809
0.0280281,506.341,32.0242,161.171,4.00597
-0.756906,571.611,35.2195,178.211,3.905
0.624801,548.057,35.3552,177.212,4.08548
0.776457,539.104,34.9525,175.013,4.10608
1.57841,557.012,37.0811,184.666,4.21777
-2.23767,523.599,30.6976,156.933,3.72494
-1.78115,556.657,33.1412,168.887,3.77907
0.136877,518.158,32.8902,165.407,4.02029
0.948805,542.19,35.3533,176.813,4.12969
-3.17248,540.87,30.7231,158.096,3.61777
1.03386,505.839,33.0757,165.327,4.14142
0.914561,557.932,36.3386,181.783,4.12498
-2.32406,513.366,30.0101,153.511,3.71484
1.67288,513.643,34.3003,170.708,4.23124
-0.588385,534.232,33.1021,167.302,3.92634
0.696511,572.678,37.0312,185.522,4.0952
1.17215,547.902,35.99,179.725,4.1606
-0.911491,531.731,32.5936,165.099,3.88558
1.11511,512.02,33.5698,167.704,4.15267
-0.0585373,586.926,37.0143,186.396,3.99463
-4.17456,512.296,28.1238,145.75,3.50802
0.670118,532.75,34.4193,172.468,4.09162
0.0122134,580.21,36.6769,184.607,4.00389
-1.41161,509.471,30.7106,156.1,3.82377
-1.40195,538.073,32.4452,164.906,3.82495
-3.6045,596.873,33.4101,172.448,3.56982
-1.17836,569.252,34.5834,175.501,3.8524
-2.51564,573.068,33.2841,170.487,3.69257
-1.39891,568.167,34.2634,174.143,3.82532
-2.50056,514.602,29.9036,153.155,3.69432
0.311825,594.278,37.9415,190.582,4.04347
-0.255942,515.259,32.282,162.785,3.96897
0.175154,526.149,33.4399,168.127,4.02534
-0.62202,535.501,33.1435,167.55,3.92206
0.340815,556.166,35.5424,178.496,4.04734
-1.05768,533.883,32.5659,165.125,3.86735
-4.7486,542.061,29.1787,151.836,3.44742
-3.29888,592.599,33.5174,172.629,3.60364
-1.3086,578.886,35.0156,177.855,3.83637
-3.85464,550.614,30.5593,158.012,3.5425
-2.70207,563.264,32.5092,166.735,3.6711
0.104363,550.775,34.9229,175.668,4.016
1.63826,571.054,38.0908,189.617,4.22629
-2.38896,571.57,33.3395,170.619,3.70727
-2.21046,519.931,30.5105,155.947,3.72814
-4.05534,520.844,28.7098,148.661,3.52081
-3.81066,591.043,32.8523,169.816,3.54728
0.169489,553.48,35.1703,176.834,4.02459
-4.87407,557.141,29.8616,155.53,3.43439
-1.07576,571.184,34.8202,176.578,3.86511
-1.62245,595.561,35.647,181.456,3.79816
-0.304068,592.386,37.0548,186.914,3.96276
-2.44291,530.424,30.8831,158.108,3.701
-0.678736,575.6,35.558,179.826,3.91487
-4.35779,588.163,32.0871,166.506,3.48851
-1.25835,536.516,32.5074,165.058,3.84255
-0.23052,541.328,33.9439,171.136,3.97226
-0.248694,503.552,31.5561,159.117,3.96991
-2.02542,559.162,33.0179,168.545,3.74996
-3.66031,570.571,31.8773,164.601,3.5637
-0.11305,573.949,36.1303,182.012,3.98752
-0.801731,543.905,33.4623,169.371,3.89935
-3.47031,577.621,32.4804,167.49,3.58461
1.08616,525.51,34.4213,171.992,4.14865
0.794738,588.519,38.1793,191.147,4.10857
-1.39843,576.939,34.7929,176.834,3.82538
-3.27093,528.664,29.9296,154.12,3.60676
-1.11901,515.331,31.3698,159.128,3.85974
-3.06487,529.405,30.1819,155.193,3.62986
0.759874,553.037,35.8362,179.458,4.10382
-0.644507,534.844,33.078,167.245,3.91921
-3.06681,540.867,30.8333,158.545,3.62964
-4.90501,599.437,32.0944,167.196,3.43119
-2.4511,536.564,31.2319,159.903,3.70005
-3.76281,530.405,29.53,152.591,3.5525
-4.92419,533.059,28.5216,148.604,3.4292
1.10013,536.126,35.1329,175.531,4.15059
-2.33458,518.219,30.283,154.918,3.71361
-3.79106,508.865,28.3035,146.283,3.54942
-1.46636,554.912,33.3884,169.776,3.81709
-3.62953,542.449,30.3379,156.618,3.56707
-0.761982,539.737,33.25,168.251,3.90436
-4.10898,534.813,29.4258,152.426,3.51505
-1.63285,586.726,35.1059,178.715,3.79691
-2.36208,524.551,30.6246,156.696,3.7104
-1.66641,538.082,32.1591,163.752,3.79286
-4.83093,566.909,30.4301,158.442,3.43886
0.54159,569.901,36.6632,183.873,4.07425
1.93385,589.573,39.7097,197.283,4.2688
-3.02744,516.625,29.4907,151.599,3.63408
-2.62308,574.209,33.2296,170.335,3.68017
0.995743,598.3,39.0724,195.351,4.13615
-2.75455,568.899,32.7762,168.166,3.66509
-1.93636,520.794,30.8446,157.354,3.76053
1.89551,504.484,33.936,168.642,4.26325
-0.449811,505.524,31.4683,158.893,3.94402
-3.25447,548.988,31.0976,160.116,3.60859
-2.72196,557.645,32.1632,164.984,3.66882
-1.22694,537.322,32.5905,165.444,3.84641
-3.93423,548.299,30.3483,157.01,3.53388
-2.147,564.32,33.1863,169.548,3.7356
1.26725,545.313,35.9324,179.322,4.17387
-0.963384,533.439,32.6416,165.402,3.87909
-1.8896,525.961,31.1997,159.113,3.7661
0.573376,507.92,32.7102,164.012,4.07853
1.11192,518.238,33.9739,169.726,4.15223
-2.61316,505.301,29.2516,149.934,3.68132
1.7191,539.586,36.0876,179.547,4.23785
-3.90347,590.378,32.7117,169.201,3.53721
-0.0131882,527.363,33.3081,167.68,4.00056
1.91277,563.98,37.9596,188.615,4.26575
-2.31284,513.583,30.0341,153.622,3.71615
-2.56023,572.472,33.1995,170.106,3.68742
0.273727,572.982,36.5357,183.568,4.03841
0.751285,518.112,33.5635,168.087,4.10265
-1.04923,553.275,33.7583,171.162,3.8684
-3.31539,522.55,29.5389,152.155,3.6018
0.757453,586.268,37.9864,190.229,4.10349
1.51502,591.711,39.309,195.845,4.20877
-0.0922681,551.032,34.7117,174.841,3.99023
-1.99355,561.916,33.2161,169.519,3.75373
-2.47155,504.668,29.3551,150.315,3.69768
0.935127,582.704,37.9778,189.957,4.12781
-4.18391,557.896,30.6173,158.683,3.50703
-2.46253,592.846,34.4947,176.622,3.69872
-1.64598,569.329,34.0499,173.355,3.79532
-2.20895,500.785,29.3885,150.21,3.72831
-3.50574,525.098,29.4915,152.115,3.5807
0.629138,595.395,38.4144,192.541,4.08607
-3.4339,523.665,29.4829,151.994,3.58864
1.7946,541.099,36.2786,180.406,4.24869
-4.7316,577.006,31.0778,161.7,3.44919
-1.55398,588.052,35.2785,179.495,3.80645
-0.528139,593.941,36.8758,186.298,3.93401
-0.898227,544.952,33.4188,169.264,3.88724
1.96236,522.879,35.2506,175.096,4.27294
-1.96026,582.101,34.4479,175.765,3.75769
-1.75091,584.561,34.8379,177.496,3.78269
-2.3777,558.063,32.5639,166.637,3.70858
1.90425,589.392,39.6589,197.07,4.26452
-1.20601,563.093,34.1776,173.475,3.84899
-3.18008,550.248,31.2478,160.805,3.61692
0.00333777,565.183,35.7164,179.784,4.00273
-3.94046,501.16,27.7333,143.487,3.5332
0.760677,547.201,35.4589,177.568,4.10393
-2.9262,536.113,30.7083,157.746,3.64554
1.02709,545.692,35.6737,178.321,4.14048
-4.56039,553.567,29.9909,155.854,3.46712
-2.3489,592.256,34.5928,176.983,3.71194
-0.777512,590.624,36.366,184.038,3.9024
-3.61946,556.507,31.1348,160.721,3.56818
-4.42797,549.795,29.922,155.349,3.48107
-0.877211,554.841,34.0491,172.431,3.88987
-2.45038,594.925,34.6298,177.299,3.70013
1.76012,587.097,39.318,195.566,4.24374
-0.391842,512.107,31.9397,161.209,3.95146
0.220795,596.478,37.9672,190.829,4.03138
-4.7522,573.244,30.8534,160.556,3.44705
1.48753,559.522,37.137,185.058,4.20487
0.889905,570.868,37.1509,185.878,4.1216
1.29859,574.322,37.883,189.016,4.17826
-4.71795,548.635,29.5636,153.806,3.45062
1.01183,529.504,34.598,172.962,4.13837
-0.231754,521.961,32.7282,165.008,3.9721
-2.47197,559.898,32.5672,166.764,3.69763
-1.34582,547.24,33.0601,167.966,3.83181
-3.90826,562.805,31.1788,161.277,3.53669
0.0956738,504.452,31.9764,160.857,4.01486
-3.03485,531.085,30.3085,155.812,3.63325
1.66736,547.394,36.5475,181.899,4.23045
1.12697,545.842,35.8012,178.837,4.15432
-3.85715,585.417,32.488,167.989,3.54223
-1.76912,537.97,32.0416,163.27,3.78051
-0.610369,516.05,31.952,161.514,3.92354
1.28771,581.74,38.3585,191.403,4.17674
1.29431,520.119,34.3028,171.158,4.17766
-4.55215,527.544,28.5892,148.56,3.46798
0.0099603,558.634,35.3103,177.732,4.0036
1.98165,599.33,40.4302,200.798,4.27574
-1.71827,584.042,34.8452,177.493,3.78661
-3.51495,599.07,33.6354,173.501,3.57968
-0.258312,542.414,33.9807,171.354,3.96867
-1.94806,517.549,30.6404,156.324,3.75914
-4.59492,510.044,27.6003,143.466,3.46349
-2.87713,562.311,32.2625,165.673,3.65111
-2.10319,573.792,33.7932,172.596,3.74076
-0.678246,560.066,34.5989,174.975,3.91494
-2.4063,596.681,34.7838,178.032,3.70525
-0.590534,516.732,32.0154,161.812,3.92607
-2.53998,524.298,30.4265,155.876,3.68976
0.763997,518.027,33.5721,168.116,4.10438
-2.50258,590.636,34.3196,175.775,3.69408
1.03153,561.285,36.6985,183.438,4.1411
-2.25247,566.589,33.2014,169.751,3.72321
-3.37149,554.137,31.2648,161.109,3.59556
-2.67427,521.284,30.1146,154.423,3.67429
-4.29108,538.112,29.4236,152.613,3.49559
-1.02162,507.355,30.9851,157.071,3.87184
-1.53856,529.454,31.7796,161.676,3.80832
-0.771707,573.61,35.3252,178.764,3.90313
-2.37601,539.29,31.4703,161.039,3.70878
-3.9786,554.515,30.6459,158.6,3.52908
-0.0597764,506.86,31.9636,160.963,3.99447
-0.35194,533.068,33.2912,167.985,3.95659
1.73381,560.595,37.5107,186.609,4.23996
0.408935,572.51,36.6696,184.071,4.05644
-1.21168,572.422,34.7372,176.323,3.84829
-0.624188,575.85,35.6382,180.164,3.92179
-1.74797,594.209,35.4164,180.44,3.78305
-3.64808,516.787,28.8844,149.134,3.56504
-4.12727,544.45,29.9373,155.096,3.51309
-4.57818,504.866,27.3357,142.074,3.46525
-0.581417,512.207,31.7447,160.434,3.92723
-2.19037,558.217,32.7794,167.52,3.7305
0.322064,581.798,37.1573,186.63,4.04484
0.804243,532.62,34.5638,173.034,4.10987
-1.02647,543.388,33.1804,168.205,3.87123
0.312826,555.041,35.4376,178.004,4.04361
1.90849,561.549,37.7907,187.781,4.26513
-4.63864,572.154,30.9149,160.745,3.45891
-2.21664,573.092,33.6231,171.863,3.72741
0.326464,525.237,33.5499,168.506,4.04542
-0.368114,589.712,36.8089,185.755,3.95451
-0.149689,509.953,32.0627,161.561,3.98275
-4.98733,512.722,27.3741,142.69,3.42269
-3.8232,524.198,29.1244,150.56,3.54592
0.325962,554.114,35.3938,177.768,4.04536
-4.58811,522.395,28.2752,146.967,3.46421
0.606811,575.522,37.1048,186.005,4.08305
-1.66718,525.434,31.4024,159.899,3.79277
-0.873028,575.424,35.3172,178.848,3.8904
-4.24671,502.354,27.5101,142.643,3.50032
-0.288098,518.108,32.4258,163.546,3.96482
-4.55108,593.871,32.1848,167.244,3.4681
1.90375,525.427,35.3543,175.681,4.26444
-3.57249,566.409,31.7394,163.787,3.57334
-0.565019,550.223,34.1194,172.416,3.92931
1.06733,537.262,35.1692,175.751,4.14605
1.97711,508.495,34.2975,170.345,4.27508
-2.23045,528.152,30.972,158.328,3.72579
-3.97709,504.444,27.8801,144.285,3.52925
-1.89658,526.542,31.2268,159.259,3.76527
-0.0426517,528.116,33.323,167.789,3.99671
-3.99596,584.658,32.2927,167.143,3.52721
-0.829631,502.559,30.8898,156.38,3.89584
0.0665975,568.113,35.9771,181.018,4.01103
1.11257,548.963,35.9888,179.792,4.15232
-4.88256,542.552,29.0711,151.422,3.43351
1.32315,548.888,36.2346,180.762,4.18171
0.924173,553.98,36.0926,180.541,4.1263
-4.75832,527.688,28.3955,147.772,3.44641
-3.45596,522.38,29.3885,151.531,3.5862
-3.9455,536.939,29.7081,153.71,3.53266
-3.7961,567.718,31.5715,163.179,3.54887
-0.08406,526.349,33.1659,167.045,3.9913
-2.15472,556.153,32.6975,167.06,3.73469
-1.71982,515.909,30.7786,156.78,3.78643
-0.381246,578.472,36.0915,182.152,3.95282
-4.54878,587.769,31.8566,165.535,3.46834
-2.28595,520.883,30.4887,155.917,3.71929
-2.36795,516.026,30.121,154.125,3.70972
-1.47905,533.755,32.1018,163.247,3.81555
-4.81497,530.61,28.4973,148.361,3.44052
0.32375,518.383,33.1091,166.295,4.04506
-2.03289,505.47,29.8399,152.33,3.74907
-2.63215,526.619,30.4662,156.18,3.67913
-1.10351,568.989,34.6541,175.769,3.86166
-3.61924,548.235,30.6722,158.333,3.5682
0.622579,544.737,35.1384,176.129,4.08518
1.76473,557.838,37.3642,185.842,4.2444
-2.00994,597.161,35.2801,180.073,3.75179
-1.74104,596.434,35.5573,181.149,3.78388
-0.00226707,524.505,33.1396,166.82,4.00199
-3.69905,568.797,31.7362,163.918,3.55946
-1.93441,510.99,30.266,154.4,3.76076
-3.90574,521.625,28.9,149.487,3.53696
-0.628879,550.572,34.0685,172.234,3.92119
0.940258,568.725,37.073,185.425,4.12851
-4.87783,584.347,31.3157,163.108,3.434
-1.90949,562.119,33.3223,169.962,3.76373
-2.09573,557.175,32.8227,167.631,3.74164
-4.87917,545.15,29.2138,152.161,3.43386
-1.29764,558.815,33.814,171.739,3.83772
-3.19069,506.646,28.7613,148.02,3.61573
-2.24632,569.046,33.3524,170.515,3.72393
-3.56946,518.743,29.0714,150.016,3.57367
0.462085,500.614,32.1211,161.18,4.06356
-0.26096,538.032,33.7031,169.957,3.96833
-0.364742,564.345,35.2295,177.781,3.95494
-0.0724783,544.548,34.3258,172.874,3.99281
1.30813,538.693,35.544,177.334,4.1796
0.271894,580.806,37.0324,186.066,4.03816
-0.199551,567.073,35.595,179.422,3.97628
0.465595,528.136,33.8909,170.057,4.06403
-2.89143,581.081,33.3232,171.137,3.64949
-4.99392,570.049,30.4278,158.615,3.42201
-3.48778,513.878,28.8789,148.937,3.58268
-2.47851,551.297,32.0599,164.173,3.69687
-2.11202,544.476,32.0571,163.739,3.73972
1.2481,580.201,38.2071,190.698,4.17119
-2.28381,589.982,34.5357,176.611,3.71954
1.05877,508.284,33.2629,166.234,4.14486
-2.43161,555.433,32.3516,165.613,3.70231
0.771543,535.112,34.688,173.695,4.10541
-1.83798,555.958,33.0364,168.42,3.77226
-1.65992,519.9,31.0792,158.246,3.79364
1.69646,583.682,39.0077,194.105,4.23461
-2.42257,536.889,31.281,160.122,3.70336
-1.4714,581.11,34.9588,177.767,3.81648
-0.97412,554.04,33.8901,171.74,3.87775
-0.905833,512.122,31.3976,159.035,3.88629
-0.336409,545.728,34.0995,172.045,3.95859
1.94228,592.552,39.9213,198.323,4.27002
-3.49463,523.768,29.4279,151.775,3.58192
1.3952,502.046,33.2211,165.648,4.19183
-2.9732,509.733,29.1508,149.795,3.64022
-3.34424,588.029,33.2077,171.088,3.59859
1.46172,528.005,35.0154,174.516,4.20122
-2.8685,582.739,33.4443,171.731,3.65209
-2.14865,517.136,30.4098,155.365,3.7354
1.00754,557.047,36.3925,181.938,4.13778
-1.31856,599.955,36.2779,184.28,3.83515
-4.38795,558.869,30.4575,158.084,3.48531
-1.43651,535.445,32.2494,163.95,3.82073
-2.91985,581.596,33.3207,171.158,3.64626
-3.95871,527.239,29.1583,150.88,3.53123
1.94026,511.211,34.439,171.09,4.26973
-3.46774,528.747,29.7348,153.329,3.5849
1.76785,594.631,39.8327,198.115,4.24485
1.55017,556.518,37.0138,184.366,4.21375
1.09781,529.112,34.6706,173.224,4.15027
-3.26404,576.674,32.6553,168.147,3.60752
-0.11256,559.46,35.2188,177.42,3.98759
-0.769793,596.155,36.716,185.799,3.90337
-0.37606,542.667,33.8635,170.901,3.95349
-2.45739,553.044,32.1844,164.787,3.69932
-4.99866,505,26.9513,140.497,3.42152
-4.73457,552.978,29.7807,154.954,3.44888
1.75587,536.467,35.9223,178.681,4.24313
-0.782013,515.622,31.7432,160.648,3.90183
-4.10558,594.979,32.74,169.59,3.51542
-0.469959,569.762,35.4432,178.989,3.94144
-1.57295,552.718,33.1377,168.625,3.80415
-1.5299,515.854,30.9723,157.559,3.80937
-0.522863,543.547,33.7529,170.514,3.93469
1.37717,551.462,36.4693,181.866,4.1893
-1.81505,563.121,33.4879,170.694,3.77501
-0.99893,537.822,32.8707,166.603,3.87466
1.96379,562.673,37.9351,188.429,4.27315
1.38093,572.544,37.8682,188.837,4.18982
0.449474,569.134,36.5024,183.181,4.06187
-4.78265,586.045,31.5095,164.005,3.44388
-4.96245,552.278,29.5112,153.802,3.42525
-3.03793,519.106,29.6217,152.284,3.6329
-0.242866,570.954,35.7869,180.443,3.97067
-3.53029,518.839,29.1156,150.202,3.57799
-3.07845,524.361,29.8805,153.659,3.62833
1.47646,587.677,38.9915,194.313,4.2033
-4.73062,524.137,28.2312,146.888,3.4493
-0.0407902,506.616,31.9684,160.966,3.99695
-4.37905,547.135,29.8271,154.802,3.48625
-4.13994,532.11,29.2461,151.529,3.51173
-2.43985,581.095,33.8369,173.226,3.70136
0.843631,565.985,36.7768,184.064,4.11526
0.115043,526.622,33.4033,168.012,4.01741
0.266165,527.464,33.6249,168.952,4.0374
0.868265,505.802,32.893,164.598,4.11863
-4.55844,581.93,31.5297,163.848,3.46732
-4.94384,550.188,29.4183,153.297,3.42717
-3.1796,540.489,30.6941,157.955,3.61697
-3.0429,500.884,28.5771,146.919,3.63234
0.853423,591.396,38.4404,192.377,4.1166
-1.42671,534.863,32.2249,163.814,3.82192
-1.89986,535.762,31.7701,162.034,3.76488
-4.42164,596.159,32.4523,168.478,3.48174
-0.739496,503.035,31.0123,156.903,3.90719
0.945576,535.554,34.9169,174.634,4.12924
-1.35545,597.393,36.0784,183.313,3.83063
-2.72246,505.359,29.1471,149.512,3.66876
-1.27003,596.765,36.1437,183.536,3.84111
0.851665,594.956,38.6696,193.527,4.11636
0.18132,585.834,37.2409,187.229,4.02616
-2.87229,504.725,28.9632,148.726,3.65166
1.18306,536.977,35.285,176.191,4.16212
1.52922,549.632,36.5307,181.985,4.21078
-3.84835,537.735,29.8509,154.343,3.54319
-0.492132,587.235,36.5032,184.37,3.93861
-4.79664,515.384,27.697,144.176,3.44242
0.0635586,530.222,33.5741,168.931,4.01063
-1.22237,533.043,32.336,164.146,3.84698
-0.188965,582.157,36.5547,184.246,3.97765
-3.53864,555.641,31.172,160.821,3.57707
-4.25487,518.311,28.376,147.141,3.49945
-4.68329,517.512,27.9197,145.218,3.45424
-4.89659,530.754,28.4253,148.073,3.43206
-3.55449,531.837,29.8204,153.865,3.57532
0.415822,518.51,33.2184,166.739,4.05736
-0.643471,522.431,32.3114,163.368,3.91934
-4.59648,549.294,29.7226,154.499,3.46333
-1.60592,571.123,34.2032,174.087,3.80016
-2.48432,549.348,31.9402,163.567,3.6962
-1.08228,542.039,33.0362,167.539,3.8643
-4.11989,560.67,30.837,159.749,3.51388
-2.4772,589.795,34.3002,175.644,3.69702
-4.70427,508.185,27.3968,142.519,3.45205
1.88279,513.46,34.5253,171.585,4.26141
-0.973546,585.549,35.8181,181.51,3.87783
-3.33492,588.582,33.2494,171.292,3.59963
0.17273,557.584,35.435,178.161,4.02502
-0.866987,559.924,34.3728,174.058,3.89115
-1.92688,580.758,34.4071,175.516,3.76166
-0.0396281,576.832,36.4006,183.281,3.9971
1.31195,525.575,34.6828,173.033,4.18013
-0.987843,500.544,30.6037,155.101,3.87604
1.89084,549.984,36.991,183.829,4.26258
-1.18502,561.708,34.1175,173.145,3.85158
0.0264604,560.709,35.4609,178.47,4.00576
1.4441,555.725,36.8323,183.593,4.19873
-0.397366,547.751,34.1565,172.405,3.95075
1.59452,550.963,36.6978,182.737,4.22006
-4.7735,531.388,28.5797,148.746,3.44483
-0.780205,545.737,33.5992,170.039,3.90206
1.4072,571.596,37.8382,188.654,4.19353
-0.121714,586.451,36.9067,185.935,3.98639
-0.643708,550.395,34.0407,172.111,3.91931
-4.66699,583.788,31.5129,163.887,3.45594
-1.51757,562.063,33.7606,171.729,3.81087
-2.17742,511.596,30.0548,153.582,3.73202
0.16254,500.073,31.7693,159.741,4.02368
-0.526254,541.271,33.6077,169.785,3.93425
-0.906732,533.338,32.6973,165.619,3.88617
-0.390224,528.83,32.9845,166.481,3.95167
0.258195,582.588,37.1291,186.569,4.03634
-1.25129,524.345,31.7775,161.344,3.84341
-2.44542,587.044,34.1768,174.973,3.70071
1.45451,572.087,37.9298,189.05,4.2002
1.14476,514.77,33.7831,168.735,4.15679
1.4946,528.083,35.0584,174.692,4.20587
-2.34637,502.326,29.3426,150.12,3.71223
0.0156992,515.273,32.5758,163.961,4.00435
-0.56674,509.697,31.6046,159.71,3.92909
1.23732,566.341,37.2812,186.091,4.16969
1.3556,535.633,35.3974,176.546,4.18626
-2.54207,544.887,31.6191,161.988,3.68952
-4.05279,559.621,30.8499,159.74,3.52109
-0.337135,553.749,34.5998,174.57,3.9585
-0.247244,582.698,36.5177,184.133,3.9701
-0.234256,507.738,31.8337,160.501,3.97178
-1.406,541.841,32.668,166.043,3.82445
-4.35968,547.766,29.8813,155.062,3.48831
-1.19646,513.513,31.1782,158.241,3.85017
1.37658,523.3,34.6062,172.576,4.18921
-3.85907,517.014,28.6901,148.352,3.54202
1.13161,571.062,37.4611,187.123,4.15496
1.17039,584.69,38.4042,191.783,4.16035
-3.8686,516.356,28.6443,148.125,3.54099
-3.32117,572.71,32.368,166.735,3.60116
-0.294548,581.696,36.3976,183.587,3.96399
1.18182,578.791,38.0311,189.905,4.16195
-1.84734,519.087,30.8357,157.211,3.77114
-2.41568,586.019,34.1514,174.807,3.70416
1.90727,536.282,36.0889,179.326,4.26495
-3.70398,584.329,32.5974,168.371,3.55892
-3.31176,518.146,29.2935,150.887,3.6022
-1.97561,581.974,34.4226,175.655,3.75586
-4.38577,583.529,31.8038,165.069,3.48554
0.103815,517.672,32.8233,165.108,4.01593
1.98399,540.502,36.4645,181.099,4.27608
-0.369884,555.184,34.6517,174.871,3.95428
-3.48287,556.971,31.3059,161.448,3.58322
-3.03951,547.745,31.2543,160.679,3.63272
-3.0565,576.095,32.853,168.918,3.63081
-3.79048,568.993,31.6485,163.57,3.54948
-4.12046,545.989,30.0289,155.563,3.51382
0.20408,530.334,33.7382,169.594,4.02917
-2.0861,524.006,30.8788,157.692,3.74278
-2.02211,565.311,33.3847,170.414,3.75035
-2.39171,534.955,31.2008,159.677,3.70695
-3.41311,570.36,32.1346,165.64,3.59094
-3.88574,547.643,30.3621,157.028,3.53913
0.200098,552.35,35.1342,176.615,4.02864
-2.36386,536.663,31.3299,160.306,3.71019
-3.15157,589.406,33.5039,172.38,3.62011
-4.04525,526.339,29.0226,150.27,3.5219
1.10729,522.708,34.2617,171.169,4.15158
-4.34315,536.988,29.3099,152.079,3.49006
-3.52465,583.504,32.7507,168.949,3.57861
-1.54342,513.925,30.8424,156.913,3.80773
-1.08823,571.469,34.823,176.607,3.86356
-1.8789,527.326,31.2919,159.572,3.76738
-3.67745,590.029,32.9451,170.135,3.56182
-0.225651,512.645,32.1506,162.089,3.97289
-4.71878,543.771,29.3007,152.439,3.45053
-3.92055,555.74,30.7745,159.2,3.53536
0.0281491,557.709,35.2731,177.522,4.00598
1.23155,560.015,36.8577,183.984,4.16888
-4.35587,595.846,32.5084,168.69,3.48871
0.188433,529.432,33.6634,169.235,4.0271
0.118858,502.397,31.8707,160.299,4.01791
-0.207919,586.534,36.8063,185.538,3.97519
0.680628,591.845,38.2505,191.652,4.09304
-2.16847,577.469,33.935,173.399,3.73307
0.521655,544.87,35.0298,175.705,4.07156
-0.675606,562.485,34.7514,175.743,3.91527
-3.55344,534.772,29.9861,154.719,3.57544
-4.31072,535.538,29.2632,151.802,3.49351
1.60845,545.869,36.3752,181.113,4.22204
0.836938,568.366,36.9234,184.806,4.11434
-2.98192,548.597,31.3641,161.178,3.63923
-0.416553,521.345,32.4891,164.01,3.94829
0.660844,584.249,37.7349,189.094,4.09036
-0.862025,568.517,34.9061,176.753,3.89178
-2.5271,580.178,33.684,172.549,3.69125
-4.21315,522.221,28.6309,148.419,3.5039
-3.54249,558.317,31.318,161.578,3.57664
-0.260544,529.689,33.181,167.324,3.96838
-4.27139,594.214,32.5131,168.613,3.49769
-3.12811,577.418,32.8486,168.981,3.62275
-4.34514,519.91,28.3758,147.235,3.48985
1.09547,533.199,34.9357,174.551,4.14995
-1.95634,597.413,35.3587,180.407,3.75815
-3.06297,540.797,30.8333,158.541,3.63008
0.401522,538.381,34.4751,173.064,4.05544
-1.49889,504.222,30.3054,154.133,3.81314
1.0444,516.096,33.7582,168.726,4.14287
-3.8533,524.73,29.1241,150.59,3.54265
0.195709,532.195,33.8473,170.151,4.02806
-3.57931,592.769,33.2088,171.378,3.57259
-4.04895,532.404,29.3533,151.986,3.5215
0.234168,536.587,34.1701,171.729,4.03316
-1.43457,509.775,30.7053,156.098,3.82097
1.32287,580.385,38.3135,191.133,4.18167
-4.99161,501.745,26.7841,139.618,3.42224
0.805424,578.945,37.5715,188.09,4.11003
-3.98357,528.993,29.2304,151.28,3.52855
-4.57919,503.323,27.2513,141.636,3.46514
1.35425,501.728,33.1553,165.365,4.18607
-2.06453,521.247,30.7385,156.952,3.74533
1.46732,554.613,36.7867,183.337,4.20201
1.21919,564.308,37.1252,185.335,4.16716
0.999469,555.067,36.2535,181.253,4.13667
-1.72977,545.317,32.5222,165.674,3.78523
-4.40996,578.09,31.4813,163.424,3.48298
-3.64076,505.439,28.2572,145.888,3.56584
-4.40385,553.081,30.1257,156.379,3.48363
1.80398,506.668,33.9806,168.968,4.25004
1.22455,591.301,38.9078,194.227,4.1679
-0.952009,538.804,32.9824,167.115,3.88051
0.0915422,560.189,35.5047,178.61,4.01431
-2.25211,510.951,29.9415,153.083,3.72325
-3.88206,598.188,33.1686,171.538,3.53953
-3.52341,556.977,31.2631,161.273,3.57875
-3.14297,516.119,29.3466,150.981,3.62108
-2.07694,502.898,29.6441,151.377,3.74386
-0.339513,507.199,31.6887,159.885,3.95819
1.23551,505.867,33.2983,166.212,4.16944
-0.425257,509.912,31.7674,160.376,3.94717
-0.51466,538.551,33.4518,168.984,3.93573
-2.01167,535.105,31.612,161.353,3.75159
1.81515,523.088,35.0947,174.495,4.25165
0.299424,575.736,36.7426,184.575,4.04182
-4.09352,587.62,32.3484,167.547,3.51671
1.47085,520.486,34.5271,172.072,4.20251
-4.25352,511.877,28.0251,145.32,3.49959
0.503946,536.688,34.4835,172.986,4.06918
-0.17463,512.884,32.2203,162.383,3.97951
-2.5965,570.962,33.0714,169.493,3.68323
-2.92121,597.924,34.2546,175.957,3.64611
-0.937177,527.635,32.3148,163.716,3.88237
-3.06124,567.968,32.3844,166.514,3.63027
-2.31068,545.222,31.8867,163.095,3.7164
1.33156,507.52,33.513,167.175,4.18288
-3.37392,501.733,28.3058,145.864,3.59529
-3.28304,547.853,31.0032,159.662,3.6054
-3.13543,576.337,32.779,168.631,3.62192
-1.87236,578.234,34.3204,175.007,3.76816
-3.67294,522.452,29.1764,150.668,3.56232
1.94476,511.741,34.4798,171.287,4.27039
-4.9492,568.127,30.3719,158.273,3.42662
0.757065,528.671,34.2541,171.539,4.10344
-3.36303,517.044,29.1803,150.359,3.5965
-2.60922,522.305,30.24,154.996,3.68177
1.13317,518.557,34.0186,169.925,4.15518
-0.888597,538.854,33.0555,167.412,3.88844
1.03902,545.258,35.6593,178.234,4.14213
-3.31028,581.867,32.8976,169.45,3.60237
-2.02747,563.36,33.2635,169.801,3.74971
0.497709,598.484,38.4461,192.872,4.06834
-1.95119,514.269,30.443,155.321,3.75877
-2.52871,579.761,33.658,172.418,3.69106
0.194768,506.604,32.2187,161.965,4.02794
-0.21888,578.174,36.2684,182.841,3.97377
-1.93396,585.019,34.6512,176.77,3.76082
0.914955,585.623,38.1426,190.807,4.12503
-2.1794,522.644,30.7019,156.891,3.73178
-1.80952,549.237,32.6683,166.51,3.77567
-3.50694,555.514,31.1984,160.921,3.58056
-4.861,518.649,27.8109,144.836,3.43574
-0.781509,562.637,34.6381,175.298,3.9019
-1.90671,553.726,32.8278,167.436,3.76406
-3.87693,561.349,31.1314,160.996,3.54009
-0.662383,596.271,36.855,186.365,3.91695
0.135643,522.469,33.1625,166.777,4.02013
-4.16613,571.35,31.3748,162.588,3.50893
-2.33562,539.485,31.5247,161.271,3.71349
-1.28184,561.511,33.9951,172.64,3.83966
-2.72367,502.795,28.998,148.749,3.66863
-4.6783,512.581,27.6584,143.853,3.45476
1.86387,520.261,34.9609,173.772,4.25868
0.521398,589.202,37.8795,189.999,4.07153
1.59931,564.921,37.6335,187.39,4.22074
1.79819,584.842,39.216,195.008,4.24921
-2.42116,572.94,33.3831,170.88,3.70353
-1.04875,562.797,34.3399,174.11,3.86846
0.307107,513.179,32.7586,164.554,4.04285
-1.36263,588.204,35.5149,180.459,3.82975
-0.945481,522.501,31.9915,162.087,3.88133
1.51818,594.067,39.4697,196.641,4.20921
-2.62432,598.097,34.6105,177.415,3.68003
-4.81481,541.266,29.0698,151.342,3.44053
-1.31276,553.677,33.4861,170.091,3.83586
-4.18021,583.972,32.0525,166.117,3.50742
-2.37346,550.42,32.1226,164.374,3.70908
-0.638606,502.675,31.0946,157.21,3.91996
0.797921,595.492,38.6357,193.428,4.10901
-1.65465,526.214,31.4622,160.19,3.79428
-2.7163,570.462,32.9088,168.801,3.66947
-1.03676,552.319,33.714,170.922,3.86995
0.83767,518.483,33.6836,168.59,4.11444
-3.49887,568.025,31.9098,164.581,3.58146
-0.85257,505.429,31.0424,157.178,3.89296
-1.43924,583.265,35.1263,178.579,3.8204
-4.27395,547.758,29.9686,155.42,3.49742
-0.484509,542.895,33.7555,170.483,3.93958
0.0298528,528.308,33.4155,168.172,4.00621
-4.87343,595.077,31.8955,166.122,3.43445
1.17562,533.381,35.0401,174.978,4.16108
-2.05951,581.189,34.2792,175.025,3.74592
-4.72155,566.066,30.4991,158.677,3.45024
-3.70799,560.071,31.2399,161.364,3.55848
-2.9412,540.018,30.9162,158.831,3.64384
-4.33825,517.112,28.2298,146.47,3.49058
1.20546,576.867,37.9342,189.391,4.16524
1.72661,564.58,37.7685,187.901,4.23893
-3.77036,509.924,28.3824,146.669,3.55167
-1.00082,563.806,34.4567,174.644,3.87442
-3.2233,587.763,33.3293,171.568,3.61208
-2.46758,584.642,34.0115,174.154,3.69814
-1.89633,545.567,32.3554,165.015,3.7653
-2.48954,514.776,29.9249,153.252,3.69559
-1.93889,501.873,29.7215,151.627,3.76023
-3.34917,535.609,30.2423,155.816,3.59804
-0.110103,519.364,32.6974,164.715,3.98791
-3.16768,553.806,31.4631,161.898,3.61831
0.127039,593.751,37.6762,189.488,4.01899
0.482241,519.008,33.3236,167.192,4.06626
1.21184,564.093,37.102,185.228,4.16613
-3.23917,544.527,30.8609,158.88,3.6103
-2.13513,526.842,30.9947,158.338,3.737
-0.336026,546.837,34.1692,172.396,3.95864
-3.12445,532.218,30.281,155.768,3.62316
-1.07273,539.092,32.8671,166.67,3.86548
-3.17678,535.355,30.4054,156.466,3.61729
-0.753809,531.436,32.7475,165.699,3.90539
-2.69991,584.578,33.7418,173.054,3.67135
0.121352,540.493,34.2902,172.466,4.01824
1.79976,539.326,36.1659,179.839,4.24944
-4.82506,555.746,29.8369,155.347,3.43947
-1.28502,533.019,32.2667,163.866,3.83927
-4.09027,509.197,28.0343,145.199,3.51706
-0.315594,503.636,31.4912,158.863,3.96127
1.70586,517.062,34.5661,171.993,4.23596
-4.11753,522.276,28.7276,148.819,3.51413
-1.03816,570.986,34.8519,176.693,3.86978
-3.28825,580.275,32.8322,169.087,3.60482
1.15814,587.57,38.5778,192.666,4.15865
1.73253,521.905,34.9205,173.725,4.23978
0.991373,550.428,35.9409,179.7,4.13555
0.117033,544.609,34.5464,173.759,4.01767
-3.28473,532.614,30.1391,155.214,3.60522
-2.15255,576.172,33.8769,173.084,3.73494
-1.44265,502.784,30.276,153.924,3.81998
1.76571,542.914,36.3657,180.875,4.24454
0.996349,524.267,34.2383,171.181,4.13624
-4.76486,573.475,30.8524,160.565,3.44573
-3.07803,572.961,32.6505,167.902,3.62838
-1.22787,591.322,35.8647,182.066,3.8463
-0.686587,585.681,36.1712,182.938,3.91388
-1.21522,528.436,32.0641,162.758,3.84786
-0.461392,597.512,37.1801,187.749,3.94254
-3.13999,596.928,33.9448,174.634,3.62141
1.96154,555.719,37.4635,186.089,4.27282
-0.401848,553.265,34.4951,174.119,3.95017
1.94585,539.754,36.3685,180.669,4.27054
-0.179249,543.521,34.1396,172.062,3.97891
-4.95737,557.915,29.8176,155.393,3.42578
-4.73035,595.093,32.0534,166.774,3.44933
0.428481,575.214,36.8666,185.035,4.05905
0.0780663,541.304,34.2924,172.528,4.01254
-1.09358,550.073,33.5132,169.971,3.8629
1.52628,542.054,36.0235,179.462,4.21036
0.243367,550.656,35.0768,176.275,4.03438
-3.25365,521.496,29.5412,152.101,3.60868
-3.33971,565.7,31.9516,164.612,3.59909
-3.10175,569.967,32.4537,166.918,3.62571
-2.17492,557.783,32.771,167.459,3.73231
0.28055,511.576,32.6275,163.925,4.03931
0.392137,505.497,32.3594,162.454,4.05419
-0.21992,549.162,34.4474,173.661,3.97364
-3.87208,537.056,29.7891,154.049,3.54061
-0.0268889,593.851,37.4904,188.752,3.99877
-0.355249,545.854,34.086,171.999,3.95616
-0.138596,533.156,33.5339,168.962,3.9842
-0.645394,594.392,36.7597,185.861,3.9191
-4.76037,541.792,29.1524,151.713,3.4462
0.395743,500.29,32.0298,160.795,4.05467
-1.27926,559.943,33.9031,172.169,3.83998
0.69618,508.078,32.8536,164.593,4.09515
-1.39984,598.604,36.0977,183.467,3.8252
-4.84669,511.245,27.4274,142.824,3.43723
-0.460082,593.552,36.9352,186.511,3.94271
-4.28842,591.327,32.3363,167.717,3.49588
-2.44069,573.01,33.3651,170.812,3.70126
-0.618838,515.681,31.9202,161.362,3.92247
-4.21639,589.366,32.3086,167.487,3.50355
-0.709808,536.748,33.1235,167.55,3.91094
-4.93968,595.735,31.8582,166.007,3.4276
-4.84972,586.525,31.4628,163.841,3.43691
-1.54833,570.784,34.2491,174.251,3.80713
0.951045,528.267,34.448,172.283,4.13
-1.85621,579.44,34.4107,175.448,3.77008
-0.499829,520.519,32.3477,163.39,3.93763
-4.68046,500.578,27.0088,140.477,3.45453
-3.85638,507.32,28.1548,145.581,3.54231
-2.02228,522.151,30.8357,157.402,3.75033
-0.550618,585.976,36.3539,183.69,3.93115
1.1968,523.141,34.3914,171.713,4.16403
-3.56654,569.083,31.8958,164.587,3.574
-4.41942,528.764,28.7858,149.441,3.48198
1.72993,566.14,37.877,188.436,4.23941
-1.00216,567.283,34.6676,175.715,3.87426
1.44587,542.247,35.9411,179.149,4.19898
-3.49822,567.495,31.8807,164.43,3.58153
0.151617,571.746,36.3095,182.584,4.02223
-0.479184,522.105,32.4686,163.977,3.94027
0.132926,558.262,35.4312,178.19,4.01977
1.10336,550.416,36.0731,180.224,4.15104
-2.74711,588.409,33.9088,173.968,3.66594
-0.962103,571.643,34.9808,177.253,3.87925
-0.532654,573.762,35.6175,179.946,3.93344
-2.82803,535.07,30.7506,157.855,3.6567
-0.694236,522.651,32.2703,163.217,3.91291
-0.146441,539.675,33.9351,170.993,3.98318
-4.07078,528.863,29.1364,150.886,3.51915
-1.23992,546.365,33.1246,168.17,3.84481
-4.3782,520.201,28.3596,147.185,3.48634
1.58864,575.38,38.3168,190.806,4.21922
1.20972,573.28,37.7036,188.234,4.16584
0.413934,590.564,37.8322,189.901,4.0571
-3.457,572.566,32.2107,166.084,3.58608
1.41302,552.005,36.5484,182.216,4.19435
1.19045,537.762,35.3452,176.483,4.16315
-2.67752,520.914,30.0899,154.3,3.67392
-4.2578,504.124,27.5966,143.102,3.49914
-1.58541,529.625,31.7398,161.526,3.80264
-4.26103,578.365,31.6571,164.162,3.49879
1.79059,595.047,39.8903,198.372,4.24812
-2.94871,573.773,32.8404,168.725,3.64299
-1.53396,540.044,32.4202,164.93,3.80888
0.546021,587.949,37.8298,189.718,4.07484
-2.84662,565.024,32.4517,166.609,3.65459
-3.84756,523.036,29.0357,150.127,3.54327
0.757621,564.888,36.6014,183.293,4.10351
-1.60253,588.756,35.2632,179.478,3.80057
-3.86166,528.333,29.3156,151.59,3.54174
-0.824871,598.053,36.7652,186.119,3.89644
0.478709,538.48,34.5698,173.448,4.06579
-3.54993,526.884,29.5473,152.451,3.57582
0.269607,561.896,35.8239,179.997,4.03786
1.79116,574.08,38.4855,191.385,4.2482
0.801486,556.408,36.1042,180.749,4.10949
-1.52935,583.794,35.0521,178.313,3.80944
-2.8887,514.971,29.5348,151.678,3.6498
-0.15456,521.684,32.7949,165.257,3.98212
1.19826,565.935,37.2065,185.767,4.16424
1.6371,541.703,36.1316,179.866,4.22613
-1.27342,534.961,32.3968,164.513,3.84069
-2.35313,584.547,34.1377,174.66,3.71144
-2.34051,509.002,29.7385,152.139,3.71292
0.0939989,509.171,32.2738,162.354,4.01464
-0.44546,520.493,32.4048,163.617,3.94458
1.6621,558.385,37.2749,185.526,4.2297
-2.14811,573.807,33.7429,172.394,3.73547
-3.58635,565.147,31.6538,163.362,3.57182
-2.13817,573.261,33.7221,172.275,3.73664
0.365087,532.34,34.0472,170.958,4.05058
1.06792,559.488,36.6249,183.025,4.14613
-2.72421,506.472,29.2095,149.835,3.66856
-3.05051,570.982,32.5681,167.446,3.63148
-3.15007,520.546,29.5912,152.247,3.62028
-1.74894,519.381,30.9555,157.713,3.78293
1.34458,555.112,36.6713,182.914,4.18471
-2.60579,581.695,33.6824,172.636,3.68216
1.83333,522.741,35.0923,174.461,4.25427
-2.19462,510.957,29.9999,153.32,3.73
0.657916,571.78,36.9259,185.044,4.08996
0.535828,547.217,35.1972,176.527,4.07347
0.297556,580.95,37.0731,186.238,4.04158
-3.65918,592.087,33.0806,170.813,3.56382
-0.155755,574.451,36.1106,181.966,3.98196
-1.36134,577.413,34.8648,177.154,3.82991
1.61729,515.1,34.3348,170.944,4.2233
-0.615763,570.15,35.2954,178.421,3.92286
1.98328,596.483,40.2403,199.853,4.27598
0.510653,573.976,36.8875,185.037,4.07008
-4.31749,598.89,32.7173,169.728,3.49279
-3.52909,537.989,30.1914,155.751,3.57812
-2.27976,546.336,31.9852,163.563,3.72001
-3.52262,538.975,30.2534,156.064,3.57884
0.0728825,568.277,35.995,181.1,4.01186
-2.22491,505.689,29.6604,151.617,3.72644
-0.183741,565.586,35.5203,179.026,3.97833
1.82231,576.021,38.6551,192.188,4.25268
-0.051372,548.231,34.5822,174.14,3.99557
-3.90607,559.023,30.9716,160.203,3.53693
-4.62431,564.181,30.4991,158.567,3.46041
-0.0212864,587.996,37.1277,186.919,3.9995
-2.33005,595.152,34.7841,177.939,3.71414
-1.67916,588.786,35.1744,179.121,3.79132
1.4342,549.393,36.4008,181.454,4.19733
-4.53258,501.516,27.1968,141.306,3.47004
0.446352,543.016,34.8236,174.76,4.06145
-3.47778,538.357,30.2649,156.074,3.58379
-2.11382,562.964,33.1436,169.291,3.73951
1.5627,543.102,36.1364,179.98,4.21553
-4.31384,534.217,29.1879,151.415,3.49317
-4.00319,506.451,27.9661,144.756,3.52643
-4.39969,599.631,32.6658,169.56,3.48407
-0.149978,530.502,33.3543,168.07,3.98272
-4.32459,590.161,32.2326,167.222,3.49203
-3.45555,540.781,30.4242,156.87,3.58624
-4.39244,537.052,29.264,151.894,3.48483
-2.30616,515.086,30.1289,154.099,3.71693
-4.511,552.755,29.9977,155.834,3.47231
-3.61824,520.645,29.1296,150.369,3.56831
-2.93368,535.681,30.6758,157.588,3.64469
0.242716,554.256,35.3053,177.424,4.03429
-1.06566,540.211,32.9431,167.047,3.86636
-1.31239,584.353,35.3418,179.517,3.83591
1.5178,504.119,33.4931,166.865,4.20916
-3.1849,501.084,28.4512,146.418,3.61638
-4.78346,510.454,27.4445,142.848,3.44379
-0.401334,574.557,35.8233,180.823,3.95024
-3.72329,508.944,28.3733,146.573,3.55681
-0.594156,581.09,35.9985,181.948,3.92561
-4.83713,547.107,29.361,152.882,3.43822
-3.74867,570.177,31.7595,164.095,3.55404
-0.575943,527.985,32.7285,165.4,3.92792
-1.93485,590.15,34.9541,178.316,3.76071
-0.188342,541.902,34.0277,171.508,3.97773
-0.904508,536.76,32.9096,166.692,3.88645
-4.51277,590.758,32.0581,166.54,3.47213
-4.55994,534.336,28.9495,150.441,3.46716
-1.24274,581.765,35.2675,179.053,3.84447
1.85593,599.283,40.2606,200.125,4.25753
0.291178,523.112,33.3751,167.668,4.04073
-3.8556,586.825,32.5679,168.4,3.5424
-4.57257,562.67,30.4714,158.364,3.46584
-3.77616,566.367,31.5178,162.878,3.55104
0.438782,591.147,37.9007,190.212,4.06043
-4.60065,541.133,29.2769,152.187,3.46289
-0.810198,556.869,34.2502,173.369,3.89829
-4.54588,551.988,29.9203,155.47,3.46864
1.39733,589.892,39.0367,194.643,4.19213
-4.69041,511.751,27.6021,143.573,3.45349
-3.00843,524.426,29.9553,153.967,3.63623
0.959965,553.474,36.1023,180.545,4.13122
-2.8827,577.244,33.113,170.047,3.65048
-1.68849,572.316,34.1797,174.067,3.7902
-0.64163,564.215,34.8978,176.442,3.91958
1.50159,554.141,36.7969,183.345,4.20686
-3.76633,514.877,28.662,148.11,3.55211
-0.286472,507.479,31.7623,160.198,3.96503
-3.07141,553.175,31.53,162.133,3.62913
1.88249,573.075,38.5335,191.505,4.26137
0.981403,508.009,33.1602,165.808,4.13418
-2.33716,538.087,31.4413,160.847,3.71331
-1.1048,546.327,33.2725,168.763,3.86151
1.82682,540.962,36.3078,180.512,4.25333
1.02754,573.402,37.4857,187.378,4.14054
-1.211,507.965,30.8264,156.471,3.84838
-0.626368,511.09,31.628,159.894,3.92151
0.166379,520.694,33.0836,166.346,4.02418
-4.45669,595.466,32.3757,168.122,3.47804
0.570516,510.034,32.8433,164.683,4.07815
-4.64151,590.178,31.8856,165.796,3.45861
-1.46272,546.611,32.893,167.252,3.81754
-4.83209,563.37,30.2389,157.448,3.43874
-1.65574,567.942,33.9558,172.888,3.79415
1.88427,580.763,39.0527,194.084,4.26163
0.611552,583.134,37.6015,188.489,4.08369
-1.49236,565.063,33.9696,172.762,3.81393
-4.49276,502.389,27.2814,141.705,3.47423
-2.72266,500.272,28.8535,148.007,3.66874
-2.29613,577.684,33.8018,172.873,3.7181
-3.68633,500.238,27.9231,144.21,3.56085
-4.87377,576.24,30.8855,160.862,3.43442
-3.50199,562.852,31.6158,163.068,3.58111
-3.46213,553.058,31.1079,160.403,3.58551
-3.38758,520.077,29.327,151.141,3.59377
-2.38435,584.99,34.1275,174.646,3.70781
-2.52337,577.078,33.5083,171.644,3.69168
0.465168,564.274,36.2095,181.692,4.06397
-2.7905,567.091,32.6323,167.47,3.66098
-2.82527,565.726,32.5155,166.911,3.65702
-2.50633,571.588,33.2087,170.089,3.69365
-0.437544,599.133,37.3106,188.377,3.9456
-2.93398,581.875,33.3207,171.176,3.64466
-0.0355986,525.182,33.1456,166.888,3.99763
-3.38547,510.481,28.788,148.361,3.59401
-2.29778,511.651,29.9364,153.106,3.71791
-0.451732,592.74,36.895,186.297,3.94378
-1.75864,575.649,34.2979,174.754,3.78177
-0.487204,559.877,34.8083,175.803,3.93924
1.4667,582.039,38.6051,192.4,4.20192
-1.5914,558.399,33.4575,170.274,3.80192
1.41784,527.283,34.9171,174.077,4.19502
0.45539,550.315,35.3023,177.151,4.06266
1.80897,584.935,39.2361,195.094,4.25076
-4.67769,521.24,28.1262,146.286,3.45482
1.80556,515.922,34.603,172.061,4.25027
-0.156922,596.985,37.5257,189.098,3.98181
-0.782445,574.758,35.3832,179.07,3.90178
0.788171,518.832,33.6512,168.484,4.10768
-1.59906,577.454,34.5903,176.049,3.80099
-2.20105,528.347,31.0143,158.511,3.72924
-3.67213,579.889,32.3848,167.235,3.56241
-0.805665,590.855,36.346,183.972,3.89886
-1.49223,539.732,32.4469,165.018,3.81395
-4.21388,511.703,28.0535,145.426,3.50382
-2.5615,508.478,29.487,151.086,3.68727
-4.47565,593.7,32.2588,167.538,3.47604
-0.335012,503.084,31.4364,158.607,3.95877
0.737483,590.429,38.2308,191.479,4.10077
0.410222,549.988,35.2285,176.836,4.05661
1.02332,579.29,37.8653,189.281,4.13996
-2.19332,515.13,30.2463,154.578,3.73015
1.61285,553.53,36.8911,183.677,4.22267
-1.14545,568.718,34.5891,175.49,3.85647
1.67688,534.869,35.7225,177.782,4.23181
1.92112,503.995,33.9316,168.591,4.26696
0.614858,559.928,36.1091,181.003,4.08413
-3.17208,537.139,30.5116,157.007,3.61781
-2.77663,524.563,30.1993,154.969,3.66257
-3.24676,523.099,29.6389,152.597,3.60945
-4.3067,523.697,28.6201,148.462,3.49393
-0.79746,506.433,31.1613,157.72,3.89989
-0.250077,597.026,37.4121,188.647,3.96973
1.04383,568.753,37.2018,185.938,4.1428
0.0897335,573.596,36.3523,182.876,4.01408
-0.353969,586.577,36.6305,184.837,3.95633
-2.73236,593.812,34.2372,175.635,3.66763
-3.59362,559.665,31.339,161.745,3.57102
-1.0826,542,33.0335,167.525,3.86426
-1.82381,593.075,35.2588,179.732,3.77396
1.11149,597.672,39.1807,195.739,4.15217
-2.0476,524.68,30.9586,158.058,3.74733
-1.22422,594.543,36.0645,183.076,3.84675
-2.43061,509.149,29.6567,151.816,3.70243
-0.0497994,512.017,32.2996,162.644,3.99577
-1.13383,509.775,31.0163,157.351,3.85791
0.330409,502.437,32.0977,161.208,4.04595
0.0604583,599.777,37.9745,191.076,4.01022
1.29503,592.699,39.0905,195.046,4.17776
1.05936,572.18,37.4451,187.135,4.14494
-2.153,510.064,29.9896,153.223,3.73489
-3.33538,531.816,30.0422,154.77,3.59957
1.75478,533.421,35.717,177.661,4.24297
-2.0082,582.951,34.4426,175.797,3.752
0.145131,599.688,38.0758,191.474,4.02138
-4.61493,517.806,28.0011,145.57,3.46139
-1.38712,558.982,33.7228,171.382,3.82676
1.16377,540.651,35.5038,177.307,4.15943
-2.39911,575.245,33.5423,171.669,3.70609
0.143211,524.465,33.2976,167.448,4.02112
-0.870062,521.036,31.9823,161.956,3.89077
-1.48617,517.477,31.1153,158.239,3.81468
-2.61514,574.179,33.2367,170.363,3.68109
-4.20955,554.813,30.4215,157.697,3.50428
-1.98048,579.715,34.2834,174.95,3.75529
-1.30603,529.873,32.0537,162.808,3.83669
1.03733,521.889,34.1291,170.588,4.1419
-1.29619,582.073,35.223,178.893,3.8379
-3.90445,529.787,29.3534,151.831,3.5371
-1.86336,532.913,31.64,161.329,3.76923
0.968663,592.181,38.6382,193.216,4.13242
-2.28657,513.577,30.0604,153.728,3.71922
-4.72461,584.4,31.4837,163.803,3.44992
-1.9237,514.641,30.4932,155.547,3.76204
-3.22879,580.15,32.8915,169.321,3.61146
-0.385502,598.789,37.3539,188.528,3.95227
-2.23904,595.979,34.9395,178.62,3.72478
-1.48664,579.961,34.8718,177.343,3.81463
-2.03322,565.418,33.3786,170.395,3.74903
-3.6766,587.611,32.811,169.442,3.56192
-4.02123,588.681,32.4869,168.178,3.52449
-0.66115,554.178,34.2547,173.214,3.9171
-2.68053,547.301,31.6109,162.103,3.67357
0.594725,571.043,36.8013,184.499,4.08141
1.71986,525.574,35.1513,174.888,4.23796
-0.345698,589.549,36.8262,185.814,3.95739
1.74124,564.056,37.7515,187.798,4.24103
0.763054,556.118,36.0396,180.473,4.10425
1.17238,556.773,36.573,182.636,4.16063
0.0619069,581.947,36.8474,185.403,4.01042
1.40642,584.761,38.7087,192.995,4.19341
-0.0692392,596.697,37.6171,189.445,3.99324
-4.17073,568.858,31.233,161.859,3.50844
1.86201,501.232,33.6801,167.408,4.25841
-0.355645,560.805,35.0191,176.708,3.95611
1.57994,503.785,33.5394,167.026,4.21798
-0.998415,558.916,34.1605,173.14,3.87472
-1.7714,525.051,31.2698,159.34,3.78023
-0.116396,515.069,32.4202,163.326,3.98709
-1.60488,511.051,30.6067,155.781,3.80029
-4.24063,555.83,30.4449,157.853,3.50097
1.13236,554.673,36.3869,181.756,4.15507
0.627973,550.205,35.4975,177.922,4.08591
-4.14443,545.524,29.9788,155.33,3.51125
-3.54881,595.247,33.3823,172.236,3.57595
-2.2676,560.684,32.8386,167.913,3.72144
-3.8411,542.355,30.1148,155.699,3.54397
-0.988442,557.769,34.1018,172.831,3.87597
1.91588,571.537,38.4722,191.158,4.2662
-0.863455,540.562,33.1881,168.055,3.8916
0.0112972,588.726,37.214,187.312,4.00377
1.1653,564.746,37.088,185.217,4.15965
0.0192438,521.937,33.0009,166.097,4.00481
1.99672,513.043,34.6265,171.956,4.27793
-1.9444,539.861,31.9652,163.08,3.75957
-3.43894,528.464,29.748,153.366,3.58808
1.54687,588.304,39.1236,194.879,4.21328
-4.80177,541.673,29.1046,151.509,3.44189
-2.07078,526.505,31.0421,158.509,3.74459
-1.37165,582.771,35.1762,178.749,3.82865
-4.23341,512.877,28.0991,145.683,3.50174
1.06812,564.313,36.941,184.604,4.14616
-3.55562,538.435,30.1892,155.769,3.5752
-1.03195,514.319,31.3996,159.183,3.87055
1.20008,562.906,37.0095,184.781,4.16449
-1.95873,548.019,32.4326,165.481,3.75787
-1.19261,507.684,30.8283,156.461,3.85065
-3.49072,510.97,28.7126,148.082,3.58235
0.132,510.44,32.3951,162.922,4.01964
1.0108,508.359,33.2152,166.05,4.13823
-4.79988,584.408,31.4029,163.471,3.44209
1.41941,595.884,39.4619,196.733,4.19525
-1.04886,536.521,32.7365,165.98,3.86845
0.603745,549.69,35.4358,177.642,4.08263
-0.48361,573.931,35.6863,180.233,3.9397
-2.08433,561.942,33.1163,169.117,3.74299
0.605384,528.222,34.0537,170.712,4.08285
-3.69652,553.6,30.891,159.549,3.55974
-4.32297,507.386,27.7133,143.774,3.4922
-3.3823,596.073,33.6184,173.251,3.59436
-1.92651,556.584,32.9753,168.212,3.7617
-3.70646,568.934,31.7359,163.924,3.55865
-2.6264,593.971,34.3693,176.182,3.67979
-2.16046,599.987,35.2678,180.199,3.73401
-0.271874,550.092,34.4461,173.717,3.96691
-2.54099,505.744,29.3488,150.356,3.68964
-2.00836,578.634,34.1873,174.494,3.75198
0.356618,595.817,38.0963,191.301,4.04944
0.747372,575.037,37.2463,186.536,4.10212
-1.66783,598.412,35.7631,182.105,3.79269
-3.39787,511.662,28.8424,148.654,3.59263
-0.77885,546.038,33.6192,170.139,3.90223
1.31162,554.278,36.5765,182.482,4.18009
-4.11699,502.422,27.636,143.164,3.51419
-4.11303,504.851,27.7734,143.871,3.51462
-0.787138,528.257,32.5154,164.562,3.90119
-2.5451,515.629,29.9183,153.278,3.68917
0.916567,597.633,38.927,194.729,4.12526
-1.13278,562.558,34.2289,173.648,3.85804
-3.27056,565.979,32.0426,165,3.6068
-4.45752,582.079,31.647,164.339,3.47795
1.91731,575.311,38.728,192.427,4.26641
-4.0288,528.695,29.1689,151.01,3.52367
-1.3414,573.348,34.6425,176,3.83235
-2.81831,599.625,34.4719,176.946,3.65781
1.42603,571.637,37.8644,188.761,4.19618
-0.0219813,505.502,31.918,160.692,3.99941
-4.00648,519.853,28.703,148.574,3.52608
-0.776343,586.957,36.1416,182.901,3.90255
-2.10747,512.774,30.1952,154.224,3.74026
0.912286,566.48,36.8926,184.557,4.12467
-3.16939,500.194,28.4156,146.219,3.61811
-2.58621,560.387,32.4701,166.399,3.68442
0.157723,507.461,32.2335,162.081,4.02304
1.44297,500.631,33.1795,165.387,4.19857
-1.12338,523.2,31.8442,161.539,3.8592
-2.85216,552.88,31.7482,163.003,3.65395
-3.25655,552.174,31.2758,161.036,3.60836
-0.612669,517.96,32.0678,162.102,3.92325
0.826178,548.755,35.6367,178.379,4.11287
-0.0348578,505.852,31.9265,160.749,3.99773
-4.33856,512.907,27.9999,145.277,3.49055
-0.142527,561.971,35.3417,178.075,3.98368
0.383864,504.532,32.2887,162.108,4.05308
1.31494,568.346,37.509,187.129,4.18055
-0.725118,571.085,35.2245,178.197,3.90901
-3.88231,563.896,31.2669,161.703,3.5395
1.96298,574.874,38.7567,192.51,4.27303
-0.262151,550.534,34.4849,173.901,3.96817
-1.70063,586.445,35.0093,178.307,3.78874
0.503111,567.332,36.4515,182.859,4.06907
1.28789,528.608,34.8553,173.922,4.17676
-0.843094,564.953,34.7092,175.733,3.89415
-1.96665,524.276,31.0192,158.278,3.75693
0.638955,502.149,32.4088,162.428,4.0874
-1.72705,572.162,34.1263,173.842,3.78556
-3.40683,581.31,32.7585,168.848,3.59164
-4.0372,552.331,30.4642,157.725,3.52277
0.11951,554.847,35.1988,177.037,4.018
1.51769,571.308,37.957,189.105,4.20914
1.23511,592.419,38.995,194.648,4.16938
-1.51175,582.52,34.9962,178.007,3.81157
-0.557807,597.112,37.036,187.145,3.93023
-1.79899,560.022,33.3215,169.827,3.77693
0.531478,579.812,37.2883,187.021,4.07288
-2.87515,589.802,33.842,173.782,3.65134
-0.54757,578.897,35.9184,181.485,3.93153
1.05192,559.978,36.6376,183.108,4.14391
-0.413052,587.588,36.6215,184.867,3.94874
-1.7837,515.238,30.6727,156.31,3.77876
-1.1507,527.057,32.0496,162.612,3.85582
-0.885867,594.572,36.4768,184.737,3.88879
-0.165023,545.586,34.2856,172.781,3.98076
-4.76082,531.33,28.589,148.781,3.44615
-4.18865,517.7,28.4068,147.231,3.50652
-2.69696,580.337,33.5004,171.812,3.67169
0.848841,530.015,34.4455,172.39,4.11597
-3.02007,535.589,30.5808,157.195,3.63492
-4.82347,564.638,30.316,157.839,3.43964
-4.80216,522.822,28.0914,146.235,3.44185
-2.3869,503.762,29.3863,150.386,3.70751
-4.90335,555.201,29.7276,154.865,3.43136
-4.86006,574.833,30.8246,160.53,3.43584
-1.75764,551.671,32.8703,167.479,3.78188
-1.48727,507.183,30.4952,155.086,3.81455
-4.2588,570.486,31.2283,161.936,3.49903
-3.82428,564.148,31.3428,162.029,3.5458
-3.65254,522.528,29.2008,150.773,3.56455
-1.74636,550.017,32.7842,167.028,3.78324
0.827936,521.439,33.8647,169.507,4.11311
-3.11152,512.674,29.1818,150.1,3.62461
0.75668,593.454,38.4511,192.557,4.10338
-3.79759,570.823,31.7425,164.065,3.54871
1.66686,590.313,39.4124,196.159,4.23038
-0.941474,585.085,35.8281,181.521,3.88183
1.36221,502.937,33.2439,165.798,4.18719
-2.07422,577.357,34.0363,173.803,3.74418
-4.18585,540.004,29.6335,153.586,3.50682
1.76324,510.649,34.2018,170.114,4.24418
-2.90813,537.433,30.8028,158.212,3.64759
1.30185,530.806,35.0163,174.709,4.17872
-4.86991,565.458,30.3116,157.869,3.43482
-0.784911,566.526,34.8736,176.494,3.90147
-3.80884,583.453,32.4324,167.644,3.54748
-4.52832,588.031,31.8932,165.701,3.47049
-1.11223,549.657,33.467,169.758,3.86058
-3.97977,538.257,29.7462,153.945,3.52896
-1.52085,524.385,31.494,160.203,3.81047
0.215553,582.014,37.0401,186.176,4.03069
-0.965129,551.345,33.7354,170.946,3.87888
-0.86486,554.08,34.0165,172.251,3.89142
-3.57616,598.346,33.5249,173.006,3.57294
0.893021,571.203,37.1765,186.002,4.12202
0.689922,521.92,33.7417,169.05,4.09431
-1.53377,511.593,30.7124,156.241,3.8089
-1.52197,561.032,33.6937,171.394,3.81033
-1.93121,529.085,31.3411,159.881,3.76114
-0.205195,553.464,34.7342,175.09,3.97555
0.351144,577.462,36.916,185.381,4.04871
1.24659,538.595,35.4655,177.017,4.17098
-3.37934,531.418,29.9749,154.471,3.59469
0.862697,568.235,36.9463,184.888,4.11787
0.572946,519.331,33.4446,167.695,4.07847
0.767879,507.509,32.8947,164.719,4.10491
1.021,531.745,34.7549,173.735,4.13964
-0.567958,587.314,36.4159,184.025,3.92894
1.46963,501.927,33.2946,165.931,4.20234
-4.38378,547.735,29.855,154.952,3.48575
-0.849531,569.926,35.0072,177.249,3.89334
-1.51501,562.49,33.7892,171.871,3.81118
1.03283,552.654,36.1357,180.623,4.14127
-0.308274,593.021,37.0893,187.093,3.96222
-3.86766,512.762,28.4458,147.098,3.54109
-1.15997,555.348,33.7595,171.298,3.85468
-4.29632,524.353,28.6662,148.689,3.49504
-0.783016,581.844,35.8188,181.275,3.90171
-4.20589,528.474,28.9809,150.225,3.50468
-2.00259,554.215,32.7509,167.156,3.75266
-1.73056,552.806,32.9679,167.945,3.78514
-4.84429,500.369,26.8461,139.794,3.43748
1.16697,574.815,37.7513,188.527,4.15988
-1.07186,501.98,30.6053,155.2,3.86559
-2.69103,584.052,33.7216,172.94,3.67237
0.72034,520.461,33.6812,168.712,4.09844
-0.181838,519.797,32.6467,164.541,3.97858
-1.41673,519.458,31.3072,159.138,3.82314
-3.66284,572.496,31.9821,165.145,3.56342
-2.66665,585.036,33.8062,173.344,3.67516
-3.66904,533.83,29.8157,153.965,3.56274
-3.14469,539.741,30.6879,157.884,3.62089
-1.39925,596.316,35.9605,182.769,3.82528
-0.227702,544.808,34.1654,172.249,3.97263
-0.213085,508.3,31.8914,160.768,3.97452
-4.49354,588.991,31.9833,166.128,3.47415
-2.54419,526.234,30.5346,156.434,3.68927
-0.195346,528.801,33.1973,167.331,3.97682
-0.920803,518.715,31.7858,161.018,3.88441
-2.16882,523.882,30.7855,157.307,3.73303
-3.78574,508.08,28.2649,146.078,3.55
1.05027,592.673,38.7746,193.791,4.14369
0.588132,563.52,36.3086,182.037,4.08052
-3.39491,566.693,31.9477,164.656,3.59296
1.10072,507.649,33.2674,166.21,4.15067
-3.21263,563.89,31.9871,164.647,3.61327
0.118506,591.834,37.544,188.834,4.01787
0.222739,520.222,33.1155,166.442,4.03164
-4.46497,541.866,29.4531,152.955,3.47717
-4.31213,572.206,31.2654,162.189,3.49336
-4.08576,504.821,27.7977,143.969,3.51754
-3.18832,553.431,31.4198,161.699,3.61599
1.35097,582.247,38.472,191.887,4.18561
0.085652,576.82,36.5516,183.884,4.01354
-4.43633,599.019,32.5916,169.219,3.48019
1.92704,559.973,37.7076,187.345,4.26782
0.653736,511.827,33.0496,165.623,4.0894
-0.510532,574.089,35.6641,180.154,3.93626
-2.68579,548.471,31.6729,162.427,3.67297
0.921586,538.494,35.0807,175.482,4.12595
-1.31622,532.546,32.2044,163.585,3.83544
-3.7082,539.652,30.1007,155.48,3.55846
-1.9194,564.217,33.4355,170.551,3.76255
-1.32891,573.668,34.6764,176.157,3.83388
-4.04009,562.892,31.0437,160.728,3.52246
-3.69843,538.471,30.0448,155.181,3.55953
-1.42118,536.882,32.3525,164.457,3.8226
-1.23642,589.426,35.7395,181.441,3.84525
0.917785,537.18,34.9907,175.036,4.12542
-4.59283,516.756,27.9655,145.362,3.46371
-2.93604,510.05,29.2057,150.038,3.64442
-3.82233,522.546,29.0334,150.088,3.54601
0.395288,538.058,34.4473,172.932,4.05461
1.63933,503.586,33.5917,167.219,4.22645
1.01634,505.391,33.0273,165.105,4.139
-0.924932,516.979,31.6751,160.461,3.8839
-1.652,540.18,32.3001,164.453,3.7946
1.76255,595.5,39.884,198.377,4.24409
-4.45838,530.552,28.8446,149.788,3.47786
-2.49304,561.106,32.6143,167.029,3.69519
-2.62673,524.379,30.3421,155.538,3.67975
-0.400737,520.497,32.4534,163.812,3.95032
-2.1275,553.827,32.5906,166.482,3.73789
0.599003,529.63,34.1373,171.138,4.08199
-0.82988,516.493,31.746,160.715,3.89581
-3.31993,550.032,31.0875,160.138,3.60129
-1.50517,512.393,30.79,156.605,3.81237
-2.11913,526.026,30.9634,158.161,3.73888
1.02003,530.354,34.6629,173.276,4.13951
-0.343602,568.252,35.4984,179.112,3.95766
-3.28972,550.276,31.1333,160.339,3.60466
-4.26678,595.557,32.5917,169.016,3.49818
-3.20177,533.957,30.3003,155.953,3.61449
1.69439,553.24,36.9707,183.972,4.23431
-0.576414,574.412,35.6059,179.942,3.92786
-3.56605,567.824,31.8257,164.225,3.57405
0.124175,544.625,34.5556,173.797,4.01861
1.94311,546.374,36.8113,182.872,4.27015
-2.71755,592.366,34.1709,175.277,3.66933
-4.74792,559.63,30.1251,156.761,3.44749
-4.36212,509.629,27.7986,144.257,3.48805
-1.91069,539.716,31.9929,163.182,3.76358
-1.84441,599.124,35.5937,181.465,3.77149
-1.79779,536.868,31.9452,162.811,3.77707
-2.01458,503.04,29.7148,151.672,3.75124
0.0507955,588.451,37.2455,187.42,4.00896
-4.77571,530.3,28.5191,148.433,3.4446
1.69032,521.824,34.8666,173.506,4.23373
-2.27734,534.014,31.2664,159.885,3.7203
-0.762501,576.612,35.521,179.743,3.90429
-3.06456,535.902,30.5526,157.099,3.6299
-1.49475,559.347,33.6232,171.003,3.81364
-0.789704,518.498,31.912,161.511,3.90086
-4.28104,546.78,29.9079,155.113,3.49666
-1.06234,547.362,33.3829,169.273,3.86677
1.68635,547.51,36.5781,182.028,4.23316
-4.33985,533.665,29.1318,151.152,3.49041
1.79078,525.913,35.256,175.325,4.24814
0.205472,595.472,37.8839,190.431,4.02935
1.87117,582.287,39.1384,194.527,4.25973
0.815821,555.701,36.0754,180.588,4.11145
1.81988,561.824,37.6994,187.439,4.25233
-0.760707,504.568,31.0848,157.293,3.90452
0.318513,519.868,33.1982,166.748,4.04437
0.386445,566.083,36.2309,181.897,4.05343
1.33211,552.07,36.4554,181.852,4.18296
1.37514,537.463,35.5412,177.24,4.18901
1.42676,595.714,39.4602,196.715,4.19628
-0.239065,593.73,37.2192,187.66,3.97116
1.45152,584.168,38.7269,193.027,4.19978
1.69323,539.206,36.0315,179.3,4.23415
-3.66117,594.165,33.1945,171.403,3.56361
-3.51807,515.109,28.9183,149.172,3.57934
-0.755939,537.813,33.1381,167.677,3.90512
0.332394,596.832,38.1306,191.505,4.04621
-1.55197,505.035,30.3002,154.164,3.80669
0.836072,536.89,34.8776,174.567,4.11422
-3.4089,522.198,29.4253,151.67,3.59141
-3.37115,522.863,29.5006,152.018,3.5956
-2.66458,585.656,33.8444,173.538,3.6754
-1.95534,576.459,34.1197,174.084,3.75827
-2.10026,574.041,33.8111,172.684,3.74111
-2.75355,508.896,29.3202,150.433,3.66521
1.58093,508.329,33.843,168.537,4.21813
-4.77889,594.895,31.9894,166.499,3.44427
-3.08529,587.73,33.4838,172.196,3.62756
0.936538,517.251,33.7135,168.626,4.128
-1.27077,513.871,31.1224,158.039,3.84102
-1.43949,582.212,35.0626,178.255,3.82037
-3.27948,579.036,32.7718,168.766,3.6058
-1.1605,553.928,33.6726,170.858,3.85461
1.84531,565.654,37.9881,188.843,4.256
-4.75387,544.511,29.3053,152.501,3.44687
-4.79046,526.705,28.3114,147.367,3.44307
0.466708,539.4,34.6151,173.69,4.06418
0.615705,524.061,33.797,169.413,4.08425
-1.81599,502.122,29.8594,152.2,3.77489
1.80618,537.295,36.0372,179.192,4.25036
-0.720024,541.225,33.3884,168.902,3.90965
0.490529,556.449,35.7373,179.292,4.06738
-1.79352,551.154,32.7999,167.162,3.77758
1.17812,541.934,35.6049,177.795,4.16143
0.559334,503.543,32.4132,162.539,4.07664
1.91624,593.341,39.9404,198.453,4.26625
-0.270413,541.353,33.9005,170.963,3.9671
-2.53957,566.65,32.8848,168.469,3.6898
-3.01342,565.707,32.3078,166.065,3.63567
-2.15703,581.075,34.1601,174.536,3.73442
-1.13226,527.59,32.1019,162.856,3.8581
-2.20279,593.095,34.813,177.928,3.72904
-0.548277,589.326,36.5647,184.751,3.93144
-3.33153,564.644,31.9008,164.34,3.6
-4.63803,585.599,31.6421,164.525,3.45897
-2.88613,556.348,31.9106,163.876,3.65009
-3.27905,595.028,33.6775,173.429,3.60585
-0.571294,512.632,31.7818,160.61,3.92851
-2.99614,544.559,31.1183,159.931,3.63762
-3.56415,560.967,31.4434,162.25,3.57426
1.16388,504.405,33.1238,165.421,4.15945
-3.41213,510.729,28.7759,148.326,3.59105
1.72326,571.913,38.2548,190.324,4.23845
0.86854,534.391,34.7525,173.903,4.11867
-2.22905,586.591,34.4007,175.853,3.72595
-3.53394,552.35,30.9923,159.888,3.57759
-4.5539,551.286,29.874,155.239,3.4678
-4.06067,558.352,30.7717,159.343,3.52024
-2.19757,500.536,29.3852,150.182,3.72965
-0.60748,546.571,33.845,171.079,3.92391
-4.44549,505.314,27.4847,142.713,3.47922
-3.15794,523.003,29.7229,152.934,3.6194
-1.28882,534.409,32.3467,164.276,3.8388
-4.72379,501.428,27.0144,140.55,3.45001
1.04611,541.39,35.4147,177.003,4.14311
-4.2358,557.409,30.5364,158.322,3.50148
-4.60517,520.096,28.1344,146.252,3.46242
0.958067,565.118,36.8595,184.335,4.13096
-1.51913,560.663,33.6747,171.294,3.81068
-2.19122,568.938,33.408,170.734,3.7304
-0.595715,562.283,34.8316,176.052,3.92541
0.114726,558.221,35.4072,178.091,4.01737
-0.294673,544.142,34.0476,171.734,3.96397
-4.13701,552.22,30.3544,157.268,3.51205
0.475766,575.826,36.9637,185.463,4.06539
-4.93698,567.363,30.3438,158.112,3.42788
-4.42066,520.342,28.3261,147.056,3.48185
-2.30452,516.225,30.1971,154.446,3.71712
0.136225,591.079,37.5181,188.681,4.0202
0.504188,566.451,36.3962,182.58,4.06921
0.861223,539.394,35.0694,175.497,4.11766
-4.61597,518.784,28.053,145.841,3.46128
-1.26266,517.203,31.3327,159.098,3.84202
0.441196,557.779,35.7643,179.487,4.06076
-3.56056,510.618,28.6247,147.702,3.57465
-3.98972,596.675,32.9634,170.607,3.52788
-1.05394,581.39,35.4682,179.837,3.86782
-4.63562,522.963,28.2599,146.937,3.45922
-3.60855,571.972,32.0119,165.235,3.56938
-2.61922,581.82,33.6744,172.611,3.68062
-2.937,576.58,33.0142,169.604,3.64432
-1.6475,598.665,35.8026,182.28,3.79514
1.06401,557.465,36.4878,182.344,4.14559
-4.35429,548.215,29.9113,155.212,3.48888
1.76027,543.191,36.3778,180.941,4.24376
-0.788961,586.33,36.0878,182.644,3.90096
1.57525,521.726,34.7284,172.953,4.21732
-2.2225,551.889,32.3728,165.479,3.72672
1.51423,543.031,36.0742,179.729,4.20865
-0.520157,555.26,34.4834,174.202,3.93503
-1.34516,532.365,32.1622,163.403,3.83189
-3.20419,536.328,30.4324,156.635,3.61422
-0.117738,521.203,32.8049,165.265,3.98691
-3.92527,523.162,28.9658,149.848,3.53485
-3.62401,534.894,29.9209,154.46,3.56768
-3.01286,545.976,31.1816,160.275,3.63573
-3.80532,510.198,28.3638,146.609,3.54787
-2.46504,518.274,30.1532,154.395,3.69843
-1.27244,533.716,32.3225,164.135,3.84081
-0.717965,521.367,32.1656,162.714,3.90991
-1.08495,507.033,30.8999,156.708,3.86397
-4.87452,500.553,26.8281,139.731,3.43434
-2.46223,580.324,33.7665,172.893,3.69876
-0.775476,596.462,36.7279,185.867,3.90266
-2.5496,546.312,31.6937,162.379,3.68865
1.93566,577.059,38.8691,193.105,4.26907
-2.86994,534.047,30.6483,157.376,3.65193
-3.82699,547.79,30.4312,157.319,3.54551
0.618336,530.269,34.2003,171.431,4.0846
-3.95179,537.98,29.7593,153.982,3.53198
-3.38669,535.593,30.2029,155.654,3.59387
-4.37703,557.085,30.3716,157.626,3.48647
-2.24303,504.009,29.5437,151.04,3.72432
-1.33985,549.437,33.1995,168.667,3.83254
0.904811,583.822,38.0126,190.17,4.12364
1.62577,533.949,35.6012,177.239,4.22451
1.62949,566.643,37.7857,188.11,4.22504
-1.44524,589.674,35.5051,180.512,3.81967
-2.69892,504.925,29.1452,149.478,3.67146
-3.99077,566.492,31.2949,161.972,3.52777
-3.33662,578.066,32.6535,168.224,3.59944
-1.74209,553.35,32.9876,168.059,3.78375
0.610459,541.127,34.8915,174.905,4.08354
-4.52882,589.009,31.9457,165.975,3.47044
-3.73493,538.187,29.9917,154.946,3.55554
1.35796,501.882,33.1695,165.432,4.18659
-0.38467,596.042,37.1835,187.667,3.95238
-2.21322,553.885,32.5,166.119,3.72781
-1.90902,527.788,31.2876,159.583,3.76378
-3.2037,510.706,28.979,149.154,3.61427
-4.47025,539.628,29.3262,152.301,3.47661
-4.09565,526.372,28.9745,150.075,3.51648
0.205044,529.444,33.6827,169.313,4.0293
1.4608,537.8,35.6639,177.749,4.20109
0.261182,531.772,33.8939,170.31,4.03674
0.180022,585.48,37.2168,187.11,4.02599
-0.81272,575.169,35.3728,179.055,3.89797
0.674753,583.893,37.7293,189.048,4.09225
-4.40062,502.747,27.3871,142.16,3.48397
-4.43782,540.057,29.3821,152.556,3.48003
-3.23281,598.791,33.9437,174.743,3.61101
-1.53833,547.524,32.8644,167.195,3.80835
-1.07433,584.856,35.6553,180.811,3.86528
-3.91617,584.479,32.3708,167.452,3.53583
-4.92008,591.415,31.6485,164.891,3.42963
1.89612,508.134,34.1821,169.864,4.26334
-4.42761,524.578,28.5499,148.225,3.48111
-1.01157,553.811,33.8336,171.499,3.87309
-0.28665,529.485,33.1394,167.144,3.96501
-0.154627,508.47,31.9642,161.071,3.98211
-2.04196,520.395,30.7116,156.79,3.748
0.485406,568.587,36.5107,183.178,4.06669
-3.09421,561.029,31.953,164.334,3.62656
-1.36941,562.135,33.9332,172.43,3.82892
-0.881069,539.766,33.1198,167.729,3.88939
-3.25752,530.08,30.0234,154.588,3.60825
-1.56719,557.625,33.4383,170.148,3.80485
-1.25616,566.464,34.3245,174.281,3.84282
-3.97522,508.218,28.0905,145.371,3.52945
-0.903924,563.365,34.5414,174.956,3.88653
-0.696964,584.611,36.0926,182.553,3.91257
-0.0619829,597.132,37.6536,189.62,3.99418
0.0646947,560.77,35.5098,178.669,4.01078
-2.94428,511.205,29.2636,150.344,3.64349
-3.94359,512.768,28.3726,146.799,3.53287
-1.26333,599.487,36.3168,184.406,3.84193
-1.64593,543.726,32.5188,165.56,3.79533
-3.9583,587.933,32.5153,168.25,3.53128
-4.2123,540.576,29.6381,153.639,3.50399
-4.90995,569.682,30.4961,158.875,3.43067
-2.45795,513.085,29.8584,152.878,3.69925
-0.935824,552.03,33.8103,171.291,3.88254
-4.87882,551.702,29.5652,153.991,3.4339
1.01247,562.92,36.7821,183.88,4.13846
-4.52077,582.255,31.588,164.107,3.47128
-0.566278,557.671,34.5799,174.744,3.92915
0.523808,555.165,35.6941,179.034,4.07185
-1.57108,576.218,34.5487,175.803,3.80438
0.641789,500.879,32.3299,162.03,4.08778
-4.2624,522.233,28.5834,148.224,3.49865
-3.49101,508.056,28.5486,147.237,3.58232
-0.0740451,595.809,37.5551,189.139,3.99261
-3.63888,552.649,30.8985,159.523,3.56605
0.584892,535.138,34.4762,172.854,4.08009
-0.44791,597.386,37.1889,187.776,3.94427
-2.5118,542.781,31.5292,161.493,3.69302
-0.419325,526.546,32.8102,165.634,3.94793
-1.94505,509.477,30.1655,153.899,3.7595
0.640569,543.181,35.0589,175.708,4.08761
-4.48247,565.394,30.7135,159.52,3.47532
0.506063,565.034,36.3073,182.132,4.06946
0.195752,578.557,36.7959,184.974,4.02807
-0.335514,535.94,33.4889,168.963,3.9587
0.779697,527.891,34.2291,171.388,4.10652
-3.90097,577.814,32.0183,165.611,3.53748
0.166956,546.558,34.7276,174.611,4.02426
-2.26287,594.266,34.8111,177.993,3.72199
0.556829,533.451,34.3356,172.181,4.0763
-0.051229,578.713,36.5052,183.823,3.99559
-0.656388,560.716,34.6643,175.28,3.91771
0.777682,527.898,34.2273,171.381,4.10625
-3.58274,598.863,33.5463,173.124,3.57221
-1.79546,503.381,29.9549,152.665,3.77735
-2.74362,513.594,29.6008,151.863,3.66634
-0.0236537,537.387,33.9294,170.82,3.99919
0.213099,525.038,33.4113,167.94,4.03036
-1.03281,565.525,34.5247,175.028,3.87044
-0.999468,552.115,33.7437,171.029,3.87459
-4.90167,562.681,30.1299,156.958,3.43153
-0.164363,542.086,34.0664,171.675,3.98085
1.98452,551.544,37.2101,184.802,4.27616
-4.69199,564.841,30.464,158.461,3.45333
0.94691,509.963,33.2498,166.295,4.12943
1.68438,557.9,37.2698,185.473,4.23288
1.32823,522.353,34.4887,172.046,4.18242
-2.46357,545.146,31.7182,162.406,3.6986
-1.56098,587.384,35.2301,179.258,3.8056
-3.49382,521.461,29.2991,151.11,3.58201
1.83081,556.32,37.3435,185.656,4.25391
-1.13781,529.827,32.232,163.523,3.85742
-3.43607,597.172,33.6189,173.319,3.5884
-4.42203,504.022,27.4364,142.438,3.4817
-4.11163,552.181,30.3786,157.365,3.51477
0.243708,591.43,37.6745,189.329,4.03442
-0.631832,546.586,33.8185,170.974,3.92082
1.84026,529.367,35.5452,176.705,4.25527
-1.8759,519.503,30.8308,157.217,3.76773
-1.04182,566.147,34.5523,175.178,3.86932
-3.22271,593.442,33.652,173.229,3.61214
0.538622,570.761,36.7149,184.136,4.07385
1.67096,524.582,35.0286,174.335,4.23096
0.165051,590.532,37.5192,188.65,4.02401
0.00595395,554.006,35.0131,176.241,4.00307
-0.163978,537.488,33.7779,170.221,3.9809
-4.28399,546.247,29.8757,154.949,3.49635
-2.57638,585.933,33.9616,174.031,3.68556
0.626442,534.088,34.4559,172.703,4.0857
-2.44634,515.375,30.0035,153.608,3.7006
0.63265,569.465,36.7457,184.172,4.08654
-3.77162,574.159,31.9563,165.139,3.55154
1.00262,594.337,38.8224,194.092,4.1371
-0.800694,545.748,33.5768,169.95,3.89948
-3.04039,531.797,30.3434,155.997,3.63262
-4.93853,503.744,26.9399,140.377,3.42772
1.83642,581.514,39.0418,194.092,4.25472
-1.74332,568.828,33.9089,172.754,3.7836
1.18317,514.211,33.7891,168.722,4.16213
1.21381,588.663,38.7205,193.306,4.16641
0.884955,531.285,34.5692,172.967,4.12092
-0.375747,546.828,34.1235,172.212,3.95353
0.227645,511.331,32.5548,163.618,4.03229
-3.22799,575.325,32.6188,167.916,3.61155
-1.68583,502.625,30.0204,152.882,3.79052
1.18364,534.707,35.1365,175.449,4.1622
-2.60751,543.741,31.483,161.365,3.68197
-2.49661,565.373,32.8583,168.283,3.69477
1.1658,564.513,37.0733,185.143,4.15972
1.87052,582.941,39.1814,194.742,4.25964
-1.22637,506.119,30.6985,155.838,3.84648
-3.9046,517.655,28.6811,148.354,3.53709
0.602264,514.673,33.1768,166.319,4.08243
1.79591,553.175,37.0898,184.438,4.24888
-1.40262,520.934,31.4111,159.65,3.82487
1.6956,545.508,36.4555,181.406,4.23449
-3.58867,572.758,32.0775,165.551,3.57156
1.5733,557.358,37.0979,184.756,4.21704
-1.14859,508.196,30.9049,156.802,3.85608
-1.89782,587.416,34.8355,177.666,3.76512
-4.13089,594.051,32.6606,169.209,3.5127
1.30941,593.249,39.1454,195.301,4.17978
-2.80613,526.565,30.2843,155.437,3.6592
-2.0413,525.92,31.0384,158.458,3.74808
-1.92198,543.735,32.2189,164.348,3.76224
-0.617974,571.456,35.3736,178.819,3.92258
1.99386,516.616,34.8644,173.141,4.27752
-3.58227,551.207,30.8773,159.35,3.57227
1.98866,546.367,36.8659,183.087,4.27676
-4.53122,517.17,28.047,145.722,3.47018
-2.17868,582.735,34.2326,174.933,3.73187
-3.59391,575.818,32.2432,166.412,3.57099
-2.89668,508.387,29.1493,149.707,3.64889
-2.07471,511.781,30.17,154.06,3.74412
-3.12145,527.312,30.0049,154.345,3.6235
-4.10576,599.012,32.9617,170.739,3.5154
-4.97043,509.051,27.1939,141.733,3.42443
-2.08558,519.911,30.638,156.462,3.74284
1.76516,550.251,36.8565,183.316,4.24446
1.96189,575.96,38.8285,192.869,4.27287
-3.35169,598.934,33.815,174.226,3.59776
-3.74159,518.196,28.8711,149.164,3.55481
-2.65421,542.76,31.3765,160.872,3.67659
-0.600835,587.704,36.4001,183.987,3.92476
-4.17362,568.471,31.2087,161.736,3.50813
1.7019,564.024,37.7006,187.595,4.23539
-4.84817,510.018,27.3602,142.475,3.43707
-4.92756,577.259,30.883,160.911,3.42885
1.65417,523.742,34.9533,173.98,4.22856
0.396084,503.734,32.2507,161.904,4.05472
-3.33886,551.205,31.1338,160.397,3.59919
-4.51959,585.797,31.7815,165.111,3.47141
-4.98795,587.003,31.3393,163.359,3.42262
-1.91045,567.243,33.6249,171.507,3.76361
-0.0776884,546.358,34.4339,173.424,3.99213
1.15086,562.015,36.8911,184.251,4.15764
1.76181,526.429,35.257,175.365,4.24398
0.0470714,508.681,32.1926,161.998,4.00847
1.99565,519.255,35.0445,174.033,4.27778
1.01772,516.909,33.7816,168.873,4.13919
-2.90903,563.095,32.2726,165.762,3.64749
-2.39364,525.095,30.6237,156.726,3.70673
-1.20971,585.166,35.5129,180.258,3.84854
-1.91974,513.39,30.4231,155.185,3.76251
-0.291509,575.496,36.0133,181.645,3.96438
-4.92821,511.224,27.3496,142.502,3.42879
-4.47343,569.14,30.9266,160.617,3.47627
-2.02452,521.127,30.7729,157.084,3.75006
-3.50367,581.812,32.679,168.554,3.58093
-3.33552,588.854,33.2641,171.369,3.59956
-0.119968,558.237,35.1332,176.998,3.98662
0.555578,593.956,38.2284,191.704,4.07613
-1.92609,510.185,30.2268,154.191,3.76175
-2.26936,526.78,30.8511,157.753,3.72123
-1.15148,583.989,35.5107,180.174,3.85573
-4.0504,509.248,28.0753,145.37,3.52135
0.184238,569.771,36.2233,182.11,4.02654
-1.39505,516.404,31.1458,158.294,3.82579
1.58299,536.917,35.7488,178.025,4.21842
1.45525,565.044,37.4637,186.726,4.20031
1.94847,540.597,36.4285,180.964,4.27092
-2.15206,542.313,31.8867,162.914,3.735
0.0777884,510.456,32.3378,162.694,4.0125
-0.904867,500.419,30.6811,155.404,3.88641
0.363481,538.518,34.4404,172.935,4.05036
-3.15673,543.159,30.8696,158.832,3.61953
-1.49699,514.546,30.9278,157.297,3.81337
0.130598,591.297,37.5249,188.723,4.01946
-1.58968,554.388,33.2191,169.059,3.80213
-3.07379,578.409,32.9657,169.518,3.62886
0.651773,542.768,35.0452,175.626,4.08913
0.386007,556.46,35.6145,178.803,4.05337
-1.30564,576.341,34.8651,177.087,3.83674
1.05503,511.095,33.4428,167.137,4.14434
-0.466058,523.515,32.5706,164.477,3.94194
-1.71261,542.102,32.3491,164.772,3.7873
1.60263,516.995,34.4445,171.507,4.22121
-1.84414,560.255,33.2848,169.693,3.77153
0.27608,560.007,35.7111,179.422,4.03872
-1.72645,507.669,30.2803,154.249,3.78563
-3.69733,522.77,29.1699,150.66,3.55965
-0.133531,562.98,35.4157,178.437,3.98485
1.69802,520.561,34.791,173.121,4.23483
-3.24818,571.481,32.3786,166.704,3.6093
1.05064,577.234,37.765,188.744,4.14374
-1.84995,538.981,32.0147,163.225,3.77083
-3.51925,517.687,29.0619,149.914,3.57921
-2.16624,553.768,32.5446,166.292,3.73333
-4.28936,585,31.9893,165.918,3.49578
-2.62926,570.394,33.0018,169.175,3.67946
-4.8285,578.357,31.0472,161.652,3.43911
-3.23438,555.453,31.4853,162.089,3.61084
-1.47169,580.987,34.9511,177.728,3.81644
-2.05064,591.995,34.927,178.322,3.74697
0.720477,558.347,36.1331,180.994,4.09846
1.49617,591.732,39.286,195.755,4.20609
-1.99396,522.069,30.8603,157.497,3.75369
1.94878,548.416,36.9557,183.582,4.27097
-3.94601,558.116,30.8793,159.77,3.5326
-3.27167,597.154,33.8062,174.083,3.60667
-3.65107,565.462,31.6017,163.167,3.56471
-4.0853,554.582,30.5382,158.162,3.51759
-2.49031,522.46,30.3707,155.536,3.6955
-2.23537,558.323,32.736,167.351,3.72521
-1.57392,520.07,31.1792,158.66,3.80403
-2.39041,591.175,34.4813,176.464,3.7071
-4.57377,575.55,31.1676,161.984,3.46571
-0.623791,517.174,32.0073,161.808,3.92184
-3.6949,537.544,29.9967,154.928,3.55991
-1.79588,531.764,31.6435,161.271,3.7773
0.39006,510.588,32.683,164.081,4.05391
-4.10208,563.997,31.0389,160.774,3.51579
-3.98803,536.77,29.6557,153.485,3.52807
1.17664,547.113,35.9435,179.487,4.16123
-1.28614,535.365,32.4075,164.582,3.83913
1.27348,596.906,39.34,196.32,4.17474
1.41886,571.207,37.827,188.583,4.19517
-1.01712,591.947,36.1567,183.281,3.87239
1.15446,523.853,34.3902,171.757,4.15814
-3.92149,514.851,28.5093,147.483,3.53526
-0.844873,515.712,31.6821,160.408,3.89393
0.0908285,537.125,34.0421,171.253,4.01422
0.728361,587.365,38.0209,190.44,4.09953
-4.0592,552.823,30.4684,157.772,3.5204
-3.52885,558.598,31.3483,161.719,3.57815
-4.75802,502.854,27.0595,140.818,3.44644
-1.29519,552.723,33.4481,169.877,3.83802
-2.3742,509.119,29.7115,152.037,3.70899
0.497164,588.542,37.8068,189.665,4.06827
0.48976,592.358,38.0426,190.858,4.06727
-4.11446,501.228,27.5728,142.833,3.51446
-0.121388,567.512,35.7152,179.931,3.98644
-4.54471,531.361,28.8033,149.665,3.46876
-3.09962,541.761,30.8499,158.667,3.62595
-3.89417,547.177,30.3276,156.859,3.53822
-1.94301,550.592,32.6021,166.327,3.75974
-2.45293,507.232,29.5228,151.154,3.69984
0.564795,548.371,35.3052,177.034,4.07737
1.25964,544.599,35.8763,179.051,4.17281
-1.47996,577.167,34.7116,176.521,3.81544
-2.75822,595.57,34.3085,176.033,3.66467
-1.90875,594.742,35.257,179.829,3.76382
1.50169,523.833,34.7845,173.318,4.20688
-4.57441,596.026,32.2758,167.744,3.46564
-1.76872,515.08,30.6787,156.325,3.78056
-0.490552,520.521,32.3578,163.431,3.93881
-3.36106,536.16,30.2612,155.926,3.59672
0.426443,558.91,35.8192,179.781,4.05878
1.59252,526.022,35.0343,174.456,4.21977
0.137364,599.156,38.0322,191.265,4.02035
-3.31149,525.606,29.7155,153.061,3.60223
-4.17144,551.772,30.2942,156.994,3.50836
1.42174,594.938,39.4022,196.433,4.19558
1.87384,593.895,39.9221,198.418,4.26012
-4.00754,538.164,29.7129,153.803,3.52596
-2.01243,548.747,32.4171,165.463,3.7515
-0.480533,569.089,35.3889,178.727,3.94009
-1.46528,509.361,30.6488,155.844,3.81722
-4.98973,533.774,28.4957,148.539,3.42244
1.10448,502.256,32.9181,164.46,4.1512
-0.836482,559.054,34.3544,173.928,3.89498
-4.29595,517.333,28.2827,146.7,3.49508
1.77315,569.819,38.1772,189.875,4.24561
0.328925,554.792,35.4407,177.999,4.04575
-2.36259,508.295,29.6751,151.838,3.71034
-3.98641,599.146,33.1037,171.329,3.52824
-1.89107,553.871,32.8537,167.55,3.76592
-1.93251,502.942,29.7912,151.975,3.76099
-3.99537,519.267,28.6815,148.451,3.52727
-2.99371,511.029,29.2046,150.093,3.6379
1.79267,592.946,39.7522,197.682,4.24842
-1.26954,530.054,32.1039,163.021,3.84117
-2.39844,537.94,31.3678,160.539,3.70617
-4.22423,509.877,27.9436,144.867,3.50272
-0.601652,503.242,31.1681,157.542,3.92465
-2.43939,515.859,30.0387,153.781,3.70141
-3.36316,566.441,31.968,164.723,3.59649
0.241115,512.24,32.6272,163.967,4.03408
-2.22217,513.125,30.0993,153.857,3.72676
1.86877,513.734,34.5278,171.614,4.25939
-3.59009,558.88,31.2988,161.534,3.57141
-3.24711,502.794,28.488,146.672,3.60941
-2.49638,564.255,32.7936,167.952,3.6948
1.38223,517.413,34.2233,170.66,4.19001
-2.412,566.845,33.0381,169.104,3.70459
-0.757077,547.81,33.7528,170.789,3.90498
-3.09561,589.746,33.5869,172.739,3.6264
-2.65933,505.672,29.2275,149.859,3.67601
-3.66815,597.332,33.3634,172.284,3.56284
-0.129151,567.612,35.7123,179.926,3.98542
-1.33894,552.203,33.3676,169.52,3.83265
-1.1257,593.988,36.1499,183.384,3.85892
-2.21721,523.545,30.7156,157.003,3.72734
-0.700742,569.417,35.1502,177.791,3.91209
1.15308,535.92,35.1807,175.706,4.15795
-0.978611,530.891,32.4692,164.545,3.87719
0.214961,514.26,32.7275,164.5,4.03061
-2.80572,530.52,30.5122,156.606,3.65925
-0.786256,542.415,33.3879,168.977,3.9013
1.42332,516.579,34.2144,170.568,4.1958
-4.83858,547.654,29.3888,153.029,3.43807
-4.5865,599.613,32.4566,168.698,3.46437
-0.55528,570.621,35.3958,178.854,3.93055
-2.9094,578.539,33.1573,170.306,3.64745
-4.9846,540.891,28.8807,150.54,3.42297
1.93721,576.619,38.8415,192.965,4.26929
0.638028,558.159,36.0226,180.542,4.08727
-1.93212,558.484,33.0816,168.761,3.76103
-4.4482,574.912,31.2673,162.357,3.47894
-1.96426,503.486,29.7915,152.011,3.75721
1.44762,563.767,37.3697,186.267,4.19923
1.39278,526.918,34.8641,173.843,4.19149
-4.90777,528.54,28.2958,147.41,3.4309
-0.528575,540.526,33.5589,169.541,3.93396
-4.65348,573.879,30.9923,161.165,3.45735
-1.89893,526.007,31.1926,159.088,3.76499
-0.751695,580.892,35.7976,181.129,3.90565
0.704373,501.423,32.4321,162.473,4.09627
-0.838012,544.986,33.4882,169.545,3.89479
-1.33549,507.854,30.6913,155.92,3.83308
0.586322,530.29,34.1655,171.294,4.08028
-0.212561,583.935,36.6375,184.693,3.97459
-2.42418,574.405,33.465,171.304,3.70317
1.75641,586.178,39.2517,195.241,4.2432
0.656076,594.403,38.3846,192.356,4.08971
-0.0469393,507.866,32.0407,161.337,3.99615
0.149106,510.503,32.4175,163.016,4.0219
-3.66659,539.659,30.1438,155.657,3.56301
-1.19178,537.435,32.6358,165.633,3.85075
-4.6393,576.312,31.1389,161.91,3.45884
0.72205,531.961,34.4273,172.448,4.09867
-1.35882,554.08,33.4588,170.007,3.83022
0.638386,526.307,33.9673,170.24,4.08732
1.06333,521.354,34.1234,170.53,4.14549
0.468195,546.341,35.0622,175.931,4.06438
-3.57942,536.346,30.0478,155.065,3.57258
1.35401,557.483,36.8394,183.74,4.18604
-3.30277,583.152,32.9787,169.859,3.60321
-4.33358,556.091,30.3625,157.53,3.49108
-2.43971,504.698,29.3885,150.453,3.70137
-2.00673,531.93,31.4296,160.417,3.75217
-3.75966,543.432,30.2585,156.352,3.55284
1.4117,545.953,36.1461,180.212,4.19416
-3.37898,512.641,28.9162,149.015,3.59473
-2.49814,509.724,29.6226,151.713,3.6946
-3.68204,587.983,32.8258,169.524,3.56132
-2.5098,576.505,33.4903,171.536,3.69325
-2.78721,546.916,31.4748,161.526,3.66136
0.915367,553.73,36.0659,180.418,4.12509
-0.996348,536.93,32.819,166.338,3.87498
-3.18154,549.545,31.2063,160.593,3.61675
-4.02374,537.665,29.669,153.593,3.52422
1.63249,503.217,33.5595,167.067,4.22547
-4.98059,500.394,26.7221,139.284,3.42338
-2.98324,599.208,34.2561,176.042,3.63908
-2.757,520.02,29.9576,153.708,3.66481
0.540763,559.653,36.0029,180.562,4.07413
-2.55727,541.168,31.3872,160.817,3.68776
-2.35001,510.698,29.828,152.607,3.71181
0.267401,565.054,36.0226,180.998,4.03757
-3.3238,583.259,32.9612,169.794,3.60086
-0.485699,501.355,31.1715,157.433,3.93943
-4.59151,590.315,31.9478,166.06,3.46385
-2.01172,521.112,30.7853,157.133,3.75158
-0.244124,528.447,33.1213,167.004,3.9705
-4.66361,532.574,28.7517,149.524,3.4563
1.81067,588.312,39.4649,196.229,4.25101
-1.58482,538.907,32.2968,164.36,3.80271
1.26908,539.308,35.5388,177.355,4.17413
1.30485,597.746,39.4361,196.757,4.17914
1.74786,530.373,35.5049,176.614,4.24198
-1.37152,566.185,34.1752,173.662,3.82867
-2.14288,592.13,34.8265,177.923,3.73608
0.0666328,571.794,36.2102,182.191,4.01104
-3.1343,560.025,31.8525,163.863,3.62205
-4.12083,523.009,28.7647,149.014,3.51378
-0.618552,593.598,36.7435,185.745,3.92251
0.353114,575.286,36.7793,184.692,4.04898
-2.38686,531.81,31.0225,158.759,3.70751
-1.50004,514.302,30.91,157.21,3.813
-3.9993,594.579,32.8369,169.964,3.52685
-0.457168,505.56,31.4628,158.874,3.94308
-2.84545,520.679,29.9059,153.538,3.65472
-3.9884,502.317,27.7519,143.632,3.52803
-4.62306,517.032,27.9515,145.32,3.46054
-2.45867,591.654,34.4298,176.285,3.69917
-1.15767,583.283,35.4604,179.926,3.85496
-3.99507,561.013,30.9876,160.387,3.52731
-1.39294,564.576,34.0536,173.07,3.82605
-1.09021,529.723,32.277,163.698,3.86331
-2.89255,545.697,31.2929,160.711,3.64936
0.513225,548.615,35.2607,176.873,4.07043
-0.488901,572.394,35.5845,179.725,3.93902
1.81218,544.639,36.537,181.67,4.25122
-3.88299,511.568,28.3648,146.695,3.53943
-0.561261,528.56,32.7803,165.645,3.92979
1.61491,595.675,39.7025,197.672,4.22296
-0.840947,550.679,33.8347,171.303,3.89442
-2.13391,518.449,30.5021,155.821,3.73714
1.21973,523.364,34.4321,171.89,4.16723
-1.40911,552.79,33.3246,169.384,3.82407
-1.40088,567.394,34.2145,173.897,3.82508
-0.582586,596.497,36.9672,186.83,3.92708
-2.60337,525.085,30.407,155.845,3.68244
-2.80704,578.649,33.2788,170.808,3.6591
0.608898,583.799,37.6411,188.69,4.08333
-2.36565,519.975,30.3538,155.314,3.70999
-4.69091,548.673,29.5931,153.93,3.45344
-0.868767,572.702,35.1552,178.022,3.89093
-1.42513,599.589,36.1265,183.646,3.82212
0.967647,568.923,37.1195,185.623,4.13228
-4.77362,544.507,29.2852,152.418,3.44482
-4.21935,540.383,29.6204,153.555,3.50324
-3.19013,573.451,32.5543,167.54,3.61579
-3.60406,503.459,28.1817,145.461,3.56987
-1.57093,552.617,33.1338,168.603,3.8044
0.750647,567.887,36.7872,184.232,4.10256
-1.15286,543.568,33.0513,167.697,3.85556
-1.36031,567.164,34.2472,174.014,3.83004
1.89759,528.296,35.5401,176.611,4.26355
-1.29455,558.86,33.8202,171.767,3.8381
-1.70191,501.986,29.966,152.622,3.78858
-1.69905,595.956,35.5789,181.206,3.78893
-3.85661,531.217,29.4807,152.438,3.54229
-2.90677,597.231,34.2316,175.821,3.64775
-0.820137,516.836,31.7774,160.864,3.89704
0.734342,516.394,33.4335,167.455,4.10034
-1.11809,502.928,30.6158,155.302,3.85986
-0.577935,568.536,35.2399,178.094,3.92767
0.226841,534.248,34.013,170.948,4.03219
0.029736,580.04,36.6875,184.639,4.00619
1.0133,592.873,38.7404,193.668,4.13858
-0.709336,551.846,34.0557,172.265,3.911
-1.91498,543.557,32.216,164.325,3.76307
-1.12859,517.22,31.4747,159.671,3.85856
-3.57862,588.627,32.9776,170.184,3.57267
-0.850305,504.766,31.004,156.981,3.89325
-0.0771833,561.856,35.4113,178.346,3.9922
-0.523213,595.201,36.96,186.717,3.93464
-4.58294,547.199,29.623,153.967,3.46475
-2.61829,589.454,34.1173,174.88,3.68073
-1.87853,563.829,33.4585,170.619,3.76742
-2.17643,558.29,32.7991,167.605,3.73213
-1.65752,546.569,32.6761,166.374,3.79393
-2.95294,504.656,28.8803,148.384,3.64251
-3.49684,549.904,30.894,159.339,3.58168
-1.5095,540.944,32.5009,165.312,3.81185
-2.8831,549.976,31.5484,162.013,3.65043
-2.68206,567.083,32.7518,167.956,3.6734
-3.41997,563.51,31.7412,163.62,3.59018
-0.35821,580.646,36.255,182.948,3.95578
1.37771,523.503,34.621,172.648,4.18937
-3.65672,589.286,32.9269,170.016,3.56409
-4.68749,576.713,31.1091,161.811,3.4538
1.81914,501.592,33.6569,167.341,4.25223
-3.06043,519.222,29.6058,152.227,3.63036
0.109564,514.965,32.6579,164.269,4.01669
1.24631,560.285,36.8934,184.144,4.17094
-3.09879,546.433,31.1168,160.039,3.62604
1.08164,576.395,37.7487,188.623,4.14803
-2.34366,531.393,31.0434,158.818,3.71255
-2.98186,582.585,33.3073,171.164,3.63924
-2.00942,573.824,33.9019,173.038,3.75185
-2.51316,506.446,29.4171,150.677,3.69286
-2.15857,521.323,30.6458,156.582,3.73424
-2.80149,506.397,29.1289,149.502,3.65973
-4.34012,597.935,32.6399,169.354,3.49038
-3.58189,512.994,28.7371,148.304,3.57231
-0.751767,593.017,36.5447,184.909,3.90565
-1.42052,567.568,34.2025,173.86,3.82268
1.63795,589.455,39.3178,195.726,4.22625
-1.7874,548.206,32.6312,166.295,3.77832
-2.49469,579.576,33.686,172.52,3.695
-4.94027,598.162,31.9874,166.68,3.42754
