Evaporator Temperature,Compressor Flow,Cold Water,Tower Water,COP
-0.196871,524.933,29.5402,150.052,3.82905
-1.78485,589.577,31.3969,161.316,3.63593
-2.52903,545.245,28.2893,146.139,3.5505
-1.86427,564.241,29.9644,154.045,3.62667
-1.58684,570.538,30.5937,156.964,3.65919
-4.83423,551.35,26.3662,138.542,3.30424
-0.168475,527.221,29.6981,150.824,3.83265
0.649545,562.629,32.5991,164.596,3.93849
1.36456,500.625,29.7269,149.338,4.03475
1.32561,539.312,31.9815,160.708,4.02942
-4.95792,551.918,26.2771,138.202,3.29176
1.59261,575.836,34.4607,172.841,4.06622
0.786978,533.584,31.0626,156.685,3.95672
0.447237,566.63,32.6032,164.853,3.9119
-2.7212,588.392,30.3226,156.862,3.52893
1.01519,535.835,31.439,158.328,3.98727
-3.22596,598.333,30.2918,157.285,3.47321
0.0937357,596.109,33.884,171.76,3.8661
-2.33515,510.688,26.6771,137.616,3.57246
1.83577,518.567,31.2923,156.682,4.1002
-0.249253,582.496,32.7202,166.267,3.82244
-1.73545,557.188,29.7233,152.663,3.64172
-0.590291,533.396,29.6105,150.833,3.77977
-3.73664,593.679,29.5189,153.849,3.41818
1.66516,531.929,31.9122,159.977,4.07632
-3.40582,532.855,26.8062,139.37,3.45368
-2.14463,589.717,31.0117,159.754,3.59425
-2.23175,570.091,29.8883,154.065,3.58426
-1.08296,548.627,29.9396,153.05,3.71941
-1.9855,527.569,27.8985,143.55,3.61259
1.19302,514.863,30.3932,152.87,4.01133
-4.2778,511.716,24.9601,130.612,3.36128
-3.83927,536.247,26.5666,138.567,3.40728
1.98825,591.218,35.8625,179.373,4.12174
-4.25066,598.068,29.2002,152.769,3.3641
-2.24488,586.083,30.7126,158.329,3.58276
-4.41615,599.619,29.1044,152.454,3.34696
-1.80627,547.034,29.1095,149.587,3.63343
-0.570503,508.262,28.2346,143.804,3.78223
0.577405,593.831,34.3217,173.382,3.92898
-0.690333,516.348,28.5648,145.611,3.76739
-0.0194349,503.889,28.5304,144.739,3.85161
-1.61796,587.52,31.4701,161.497,3.65552
-4.18545,576.558,28.2153,147.544,3.37089
-1.77341,560.202,29.8445,153.328,3.63727
-1.8182,556.477,29.5997,152.119,3.63204
-2.27156,504.598,26.4179,136.215,3.57971
-3.55251,546.317,27.3414,142.307,3.43787
0.778023,508.905,29.6168,149.402,3.95553
-1.44684,584.43,31.492,161.41,3.67578
-4.03922,576.297,28.3492,148.084,3.38619
-3.15104,582.835,29.5853,153.531,3.4814
1.97418,592.091,35.8982,179.57,4.11974
-3.80421,554.669,27.5134,143.468,3.411
-4.52578,506.455,24.4867,128.371,3.33568
1.84969,573.429,34.6193,173.324,4.10216
-3.12096,510.852,25.9588,134.682,3.48469
1.85224,519.031,31.3379,156.892,4.10252
-2.20342,587.276,30.8199,158.834,3.5875
1.53295,565.432,33.7691,169.443,4.05796
-3.8319,577.037,28.5948,149.138,3.40806
-0.0702796,522.243,29.5177,149.802,3.84512
0.00988544,589.208,33.3949,169.382,3.85535
-0.915265,500.089,27.4503,140.156,3.73979
-3.23219,503.707,25.4956,132.387,3.47253
-3.32671,555.17,28.0069,145.528,3.46225
-4.39295,542.643,26.3606,138.058,3.34936
-1.72106,586.69,31.3128,160.81,3.6434
-4.42529,528.073,25.6233,134.229,3.34602
-0.632974,567,31.4294,160.148,3.77448
-3.29812,546.518,27.5982,143.375,3.46536
-3.31823,545.237,27.5141,142.958,3.46317
-1.76792,559.784,29.8279,153.236,3.63791
-0.156116,587.442,33.1045,168.108,3.83422
1.83675,515.775,31.1249,155.842,4.10034
-2.89609,565.351,28.9565,149.988,3.50947
0.405351,525.612,30.1995,152.744,3.90643
-2.51049,536.027,27.8291,143.742,3.55259
0.938002,554.072,32.423,163.373,3.9769
0.202496,597.981,34.1182,172.814,3.8801
-0.914488,596.605,32.749,167.209,3.73989
-1.38633,577.965,31.2093,159.891,3.68298
-1.27794,508.363,27.5548,141.057,3.69593
0.93956,525.016,30.7244,154.812,3.9771
0.981739,522.58,30.6261,154.271,3.98277
-4.19965,522.257,25.5451,133.595,3.36941
-1.57009,516.65,27.7203,142.205,3.66117
-0.989058,593.825,32.512,166.088,3.7308
-1.03745,568.695,31.0839,158.848,3.72493
0.673538,551.266,31.9671,161.377,3.94167
0.495038,578.151,33.3209,168.424,3.91816
1.07092,560.728,32.9625,165.935,3.99479
-1.10547,556.382,30.339,155.117,3.71669
-1.91383,549.84,29.1491,149.907,3.6209
0.0393886,539.429,30.6047,155.198,3.85913
-3.44248,506.534,25.4491,132.35,3.44972
1.59501,530.091,31.7257,159.121,4.06656
-0.847654,555.419,30.559,155.953,3.74806
0.0558902,516.291,29.3087,148.608,3.86124
-3.90702,570.283,28.1851,147.083,3.40011
-4.54562,522.905,25.2642,132.467,3.33364
-0.898525,532.044,29.2213,149.18,3.74184
-1.54515,590.389,31.7042,162.613,3.66412
-3.7516,511.627,25.4256,132.53,3.41659
-1.78669,528.707,28.1536,144.654,3.63572
-1.45789,546.427,29.4329,150.868,3.67446
-4.96507,597.811,28.4549,149.664,3.29104
0.38835,515.346,29.5923,149.691,3.90421
-2.69705,515.674,26.5977,137.569,3.53163
-0.945225,580.783,31.8465,162.637,3.73614
-3.52066,564.493,28.2829,147.172,3.44129
1.40827,530.215,31.5311,158.353,4.04076
0.69125,516.895,29.9922,151.389,3.94401
1.92194,594.327,35.9696,179.993,4.11235
1.59518,575.669,34.4538,172.803,4.06658
-1.70095,536.238,28.6402,147.063,3.64576
0.612262,569.032,32.9279,166.3,3.93357
-4.06898,543.611,26.7131,139.568,3.38307
-4.18431,515.191,25.2132,131.844,3.37101
0.979394,581.129,34.0547,171.544,3.98245
-2.29829,525.031,27.4619,141.626,3.57666
-0.928531,531.567,29.1647,148.924,3.73817
0.0201879,577.031,32.7164,165.929,3.85667
-4.86336,599.373,28.6329,150.486,3.30129
-2.36918,521.053,27.1861,140.276,3.56859
-3.43118,526.516,26.4636,137.615,3.45094
-3.99181,570.959,28.1338,146.907,3.39117
-0.549833,597.071,33.1918,169.027,3.78479
1.46456,501.629,29.8887,150.045,4.04851
0.471177,508.647,29.2911,148.08,3.91503
-3.35925,522.061,26.3064,136.725,3.45872
-0.900909,588.134,32.2992,164.897,3.74154
-1.83877,541.479,28.7813,147.935,3.62964
-0.00489965,572.469,32.4297,164.504,3.85346
-1.79859,591.02,31.4586,161.65,3.63433
0.642331,545.534,31.6008,159.563,3.93754
0.285681,569.942,32.6118,165.086,3.89086
-0.688938,516.588,28.5795,145.685,3.76757
-3.41531,566.957,28.5123,148.251,3.45265
-1.69456,513.821,27.449,140.94,3.64651
-1.06602,515.869,28.1685,143.979,3.72147
-1.07483,585.259,31.9477,163.306,3.7204
-0.0987999,524.853,29.636,150.433,3.84149
-0.276417,564.388,31.6733,160.979,3.81901
-2.11268,528.524,27.8249,143.304,3.59792
-1.69279,507.13,27.0933,139.112,3.64672
-2.03827,503.445,26.5736,136.786,3.60649
0.913655,546.445,31.95,161.017,3.97363
-4.45224,500.046,24.2402,127.009,3.34324
-0.0614228,573.287,32.4126,164.484,3.84625
-4.30482,533.204,25.9833,135.993,3.35848
-3.42834,528.907,26.5865,138.251,3.45125
-0.60675,509.648,28.276,144.052,3.77773
-0.816585,537.107,29.5834,150.94,3.75186
-0.521143,593.419,33.0216,168.126,3.78836
-2.45077,573.188,29.8209,153.963,3.55934
-1.71533,559.958,29.8921,153.507,3.64407
-2.77483,564.293,29.0259,150.214,3.52295
1.46717,551.502,32.8631,164.974,4.04887
-4.1846,550.93,26.9619,140.989,3.37098
-2.45967,508.813,26.4634,136.637,3.55833
-4.36941,534.607,25.992,136.104,3.35179
-1.249,578.312,31.3778,160.595,3.6994
-1.15483,559.187,30.4397,155.688,3.71073
-3.53967,501.679,25.1188,130.726,3.43925
0.781393,518.729,30.192,152.3,3.95597
-4.24914,571.431,27.9012,145.971,3.36426
-1.88645,576.642,30.5993,157.334,3.62409
-3.17478,554.196,28.108,145.89,3.4788
1.64577,557.505,33.4244,167.581,4.07362
-2.2018,506.44,26.5792,136.977,3.58769
-3.51278,510.732,25.5964,133.185,3.44214
-1.76312,566.376,30.1843,155.061,3.63848
0.417669,503.179,28.9228,146.274,3.90804
-3.65236,559.245,27.8898,145.268,3.42717
-0.120516,536.184,30.2531,153.59,3.83873
1.56685,527.927,31.5658,158.35,4.06265
0.864087,521.087,30.4156,153.338,3.967
-2.08967,589.161,31.0422,159.847,3.60057
-1.49422,588.277,31.647,162.259,3.67015
-0.472726,582.689,32.4789,165.305,3.7944
-2.08734,523.18,27.5679,141.955,3.60083
-3.07068,513.053,26.1169,135.452,3.49021
-0.069821,504.017,28.488,144.576,3.84518
-0.641917,560.001,31.0318,158.132,3.77338
-3.87432,508.464,25.1589,131.259,3.40357
-4.92908,546.543,26.048,136.968,3.29466
-2.45661,545.644,28.3821,146.54,3.55868
-3.97063,593.638,29.2733,152.833,3.3934
-3.06638,553.121,28.1608,146.048,3.49068
-1.26289,528.11,28.6401,146.598,3.69774
0.0691269,584.178,33.1776,168.209,3.86294
-3.53993,572.245,28.6518,149.113,3.43922
-4.8067,542.56,25.9713,136.439,3.30703
-2.91789,570.501,29.1979,151.262,3.50706
-4.72057,542.434,26.0451,136.739,3.31577
-4.80421,564.727,27.0347,142.023,3.30728
-4.42635,581.928,28.2354,147.914,3.34591
-1.08554,599.464,32.7109,167.22,3.7191
-0.28706,527.163,29.5733,150.317,3.81767
1.05909,581.62,34.1768,172.063,3.99319
0.587477,522.999,30.2383,152.743,3.93031
0.303551,552.206,31.6164,160.026,3.89318
0.775251,500.406,29.1194,146.896,3.95516
1.05251,541.525,31.8136,160.172,3.9923
-2.16523,516.632,27.1488,139.876,3.59188
-1.81748,543.301,28.8996,148.52,3.63212
1.57509,569.344,34.0518,170.811,4.06379
1.2079,520.356,30.7332,154.563,4.01335
-3.32707,520.125,26.2387,136.341,3.46221
-2.45468,589.655,30.6734,158.368,3.5589
1.66785,550.24,33.0137,165.496,4.07669
-3.51866,529.661,26.5396,138.099,3.44151
-4.16008,525.306,25.7303,134.524,3.37354
1.18693,578.476,34.1413,171.729,4.0105
-2.83767,539.121,27.6699,143.262,3.51595
-2.79734,592.096,30.4319,157.516,3.52044
-3.64411,500.674,24.9761,130.084,3.42805
-0.859544,582.377,32.0291,163.469,3.7466
-1.37391,540.822,29.2163,149.667,3.68446
-4.5278,561.569,27.1495,142.333,3.33547
-1.90626,548.179,29.0688,149.486,3.62178
-3.63824,564.986,28.1902,146.817,3.42868
-1.59834,535.892,28.7244,147.386,3.65784
-2.27772,562.007,29.4171,151.686,3.57901
1.55724,503.016,30.0664,150.839,4.06132
-0.550348,539.859,30.0108,152.828,3.78473
-2.74078,579.234,29.8301,154.337,3.52674
-1.21474,519.753,28.2341,144.469,3.70352
-3.52047,517.382,25.9226,134.89,3.44131
1.08385,514.254,30.2439,152.236,3.99653
-2.33333,597.893,31.2346,161.123,3.57267
-4.5683,595.237,28.7357,150.694,3.33132
0.820273,596.845,34.7851,175.421,3.96115
-0.133652,514.102,28.994,147.211,3.83707
-1.88129,516.583,27.4172,140.967,3.62469
-0.827692,555.579,30.589,156.084,3.7505
-2.26555,574.468,30.0822,155.102,3.5804
-4.0086,539.107,26.5485,138.646,3.38941
-4.92042,530.858,25.3083,133.069,3.29553
1.97046,544.494,33.0082,165.117,4.11921
0.868944,539.278,31.4826,158.712,3.96765
-2.09606,525.518,27.6827,142.555,3.59983
1.50073,586.239,34.9732,175.525,4.0535
-0.89645,548.527,30.1288,153.811,3.74209
0.258854,589.592,33.7049,170.652,3.88739
1.28857,579.458,34.3186,172.497,4.02435
-4.59603,524.677,25.3044,132.727,3.32848
-3.7251,558.677,27.7899,144.825,3.41941
1.12837,590.847,34.8016,175.122,4.00256
1.07889,563.461,33.1322,166.78,3.99586
1.11418,534.142,31.4463,158.254,4.00064
-0.136932,548.201,30.9136,156.961,3.83665
-2.82171,592.236,30.413,157.446,3.51773
0.835377,521.479,30.4084,153.333,3.96317
-2.35158,587.656,30.6801,158.284,3.57059
-4.51212,505.734,24.4637,128.237,3.33708
0.334933,578.824,33.1763,167.884,3.89726
0.87394,524.491,30.6246,154.381,3.96832
-1.08911,523.591,28.5672,146.041,3.71867
-2.6413,538.203,27.8141,143.802,3.53787
-0.381804,525.497,29.3834,149.453,3.80577
-1.33694,567.378,30.6904,157.176,3.68887
-4.53834,545.595,26.3673,138.243,3.33439
1.43588,531.073,31.612,158.728,4.04456
-2.83374,560.501,28.7712,148.96,3.51639
-1.69789,515.007,27.5092,141.252,3.64612
-0.926354,501.724,27.5294,140.571,3.73844
-0.239484,541.944,30.4526,154.734,3.82367
-1.41256,572.876,30.9063,158.368,3.67985
-1.8507,550.727,29.2606,150.412,3.62825
1.33856,572.905,33.9886,170.778,4.03119
-2.25045,560.633,29.3732,151.43,3.58212
-4.81779,530.71,25.394,133.417,3.30591
-4.06646,527.953,25.946,135.558,3.38333
-1.65276,535.059,28.6253,146.935,3.65142
1.14559,597.525,35.2157,177.185,4.00489
-3.20487,559.704,28.3572,147.217,3.47551
0.888648,576.648,33.687,169.801,3.97028
-3.74966,530.328,26.3568,137.382,3.41679
-2.08663,510.989,26.9262,138.65,3.60092
0.421205,546.097,31.3936,158.766,3.9085
0.0464228,572.027,32.4621,164.608,3.86003
-1.85762,522.835,27.772,142.767,3.62744
-1.76508,592.832,31.5921,162.296,3.63825
0.0748815,591.796,33.6169,170.43,3.86368
-2.20752,537.551,28.2063,145.369,3.58703
-3.61675,538.777,26.9029,140.091,3.43098
-2.45407,538.497,28.0128,144.631,3.55897
-0.653998,571.618,31.6623,161.359,3.77188
1.17173,575.807,33.9661,170.866,4.00844
-1.48184,596.583,32.1077,164.607,3.67162
0.383029,588.497,33.7866,170.915,3.90352
-0.551212,539.503,29.9901,152.724,3.78462
-3.08312,595.285,30.2896,157.108,3.48885
-3.11522,573.728,29.1597,151.283,3.48532
-1.17636,574.497,31.2497,159.855,3.70814
0.657747,523.354,30.332,153.14,3.93958
-2.4078,539.357,28.1031,145.048,3.56421
1.51246,518.882,30.9673,155.407,4.05512
-4.10452,597.276,29.3132,153.194,3.37934
-3.27377,572.366,28.9284,150.258,3.468
1.89781,593.421,35.8852,179.601,4.10894
1.21885,539.224,31.8596,160.216,4.01484
0.234344,592.328,33.8327,171.329,3.88422
-1.16734,558.087,30.3666,155.328,3.70922
-4.77319,583.21,27.9505,146.8,3.31043
1.9145,532.771,32.2359,161.318,4.1113
1.14399,532.343,31.3724,157.849,4.00467
-0.352393,509.95,28.5431,145.149,3.80946
0.900028,533.448,31.1755,157.129,3.97181
-2.24129,508.998,26.6765,137.518,3.58317
-4.56494,544.723,26.3003,137.919,3.33166
-4.02973,553.155,27.2199,142.175,3.38719
0.952956,524.186,30.6899,154.624,3.9789
1.40258,541.876,32.2183,161.81,4.03997
-2.89301,506.353,25.9376,134.347,3.50981
0.368983,559.179,32.0879,162.338,3.90169
-3.19494,509.161,25.8056,133.96,3.4766
-1.41872,597.706,32.2389,165.204,3.67912
-1.37006,526.496,28.4462,145.718,3.68492
-3.50727,578.689,29.0079,150.93,3.44273
0.798232,521.556,30.3741,153.2,3.95822
-3.0456,542.167,27.6234,143.239,3.49297
-2.28214,540.055,28.2637,145.744,3.5785
-4.76914,578.206,27.7146,145.557,3.31084
0.637215,509.224,29.4923,148.922,3.93686
1.894,585.033,35.3734,177.044,4.10841
1.92655,550.979,33.3513,166.885,4.113
-4.80351,566.993,27.1439,142.596,3.30735
-2.373,505.336,26.3626,136.03,3.56816
0.254484,549.475,31.4068,159.021,3.88682
-2.97432,555.581,28.3779,147.075,3.50082
-0.160133,504.575,28.4307,144.378,3.83371
0.538996,588.593,33.974,171.673,3.92393
0.197102,562.612,32.0942,162.568,3.8794
1.7144,531.376,31.9327,160.025,4.08319
-0.394908,593.183,33.153,168.642,3.80412
-4.54707,533.568,25.778,135.162,3.33349
-0.234797,541.218,30.4167,154.546,3.82426
-4.27447,551.589,26.9082,140.802,3.36163
-3.67841,546.028,27.2056,141.731,3.42439
-3.87357,555.233,27.4738,143.335,3.40365
-0.838647,548.25,30.174,153.978,3.74916
1.23429,597.997,35.3508,177.753,4.01695
1.3895,540.761,32.1376,161.42,4.03818
1.65237,542.753,32.5473,163.176,4.07453
-4.82952,553.227,26.4604,139.032,3.30472
-2.64511,504.467,26.0671,134.774,3.53745
-3.54913,551.049,27.5815,143.553,3.43823
-1.71008,556.943,29.7366,152.703,3.64469
1.9534,575.026,34.8388,174.296,4.1168
-1.0836,534.537,29.17,149.117,3.71934
-4.28383,563.546,27.4824,143.817,3.36065
-0.908653,587.593,32.2608,164.71,3.7406
-2.98015,574.922,29.3598,152.17,3.50018
-1.07154,520.33,28.4067,145.202,3.7208
-0.543026,530.789,29.5141,150.291,3.78564
-1.5156,574.919,30.9054,158.482,3.66762
-4.65093,552.765,26.607,139.617,3.32287
-1.31993,568.193,30.7527,157.476,3.69091
1.68429,527.675,31.6776,158.78,4.07898
-1.53014,596.35,32.0411,164.323,3.6659
-3.11849,538.05,27.3433,141.863,3.48496
-3.34396,592.862,29.8902,155.334,3.46038
-0.759859,521.87,28.8008,146.887,3.75883
0.0340109,505.663,28.6837,145.462,3.85844
-4.22477,592.432,28.9517,151.439,3.36679
-4.23532,533.113,26.0431,136.236,3.36569
-1.15434,548.108,29.8371,152.605,3.71079
-2.3694,551.454,28.7721,148.46,3.56857
0.309198,549.5,31.4676,159.267,3.89392
-1.21388,579.073,31.4575,160.962,3.70362
-0.255167,552.098,31.0063,157.565,3.82169
-2.06272,503.861,26.5728,136.806,3.60367
1.15851,554.628,32.702,164.522,4.00664
-3.35718,510.668,25.7342,133.749,3.45894
-1.00429,542.864,29.7062,151.771,3.72895
-4.81322,542.795,25.9765,136.473,3.30637
-0.235817,546.848,30.732,156.15,3.82413
-1.23285,541.884,29.4178,150.546,3.70134
-0.738067,508.119,28.0631,143.103,3.76151
-1.83842,550.2,29.2452,150.319,3.62968
-2.32712,569.46,29.7556,153.487,3.57338
0.750111,508.487,29.5641,149.166,3.95182
-0.549485,513.112,28.5248,145.26,3.78484
0.502843,545.156,31.4277,158.846,3.91918
1.98705,511.846,31.0465,155.287,4.12157
-0.252117,529.679,29.7504,151.18,3.82207
1.87723,544.991,32.9334,164.851,4.10604
-2.77584,567.43,29.1862,151.044,3.52283
-4.38556,535.672,26.0288,136.313,3.35012
0.713055,586.798,34.0738,171.964,3.9469
-2.95663,520.198,26.5872,137.776,3.50278
-3.05113,557.022,28.3747,147.141,3.49236
-4.10723,537.268,26.3656,137.792,3.37906
-2.16441,568.975,29.9002,154.051,3.59197
0.17019,530.518,30.2353,153.182,3.87593
-3.96296,532.799,26.2804,137.2,3.39421
-2.66505,503.031,25.9747,134.315,3.53521
-0.275959,529.613,29.7222,151.062,3.81907
-3.58911,519.782,25.9798,135.256,3.43394
-3.26474,556.814,28.1513,146.212,3.46899
0.0649574,540.554,30.6956,155.63,3.8624
-1.03993,501.04,27.3836,139.941,3.72463
-0.0716514,516.665,29.201,148.197,3.84495
-3.5958,561.427,28.0547,146.066,3.43323
1.07876,521.591,30.67,154.386,3.99584
-0.129008,510.622,28.8024,146.233,3.83766
-4.02617,542.689,26.7083,139.499,3.38756
-4.90517,590.552,28.1695,148.096,3.29707
1.84835,514.372,31.0525,155.467,4.10197
1.98746,505.455,30.6593,153.35,4.12162
0.536792,590.764,34.0968,172.295,3.92364
-4.89741,510.269,24.3467,127.991,3.29786
-0.467014,559.282,31.1804,158.69,3.79511
-0.0927887,591.667,33.4156,169.611,3.84226
-1.761,502.987,26.808,137.715,3.63872
-0.569615,558.16,31.0074,157.926,3.78234
-1.3402,561.532,30.3708,155.543,3.68848
0.0249456,530.946,30.1084,152.697,3.85728
-4.05133,563.158,27.691,144.658,3.38492
-2.71768,590.456,30.4327,157.428,3.52932
-2.56869,524.402,27.17,140.397,3.54603
-0.309002,588.295,32.9777,167.648,3.81491
-2.99526,530.414,27.0725,140.331,3.49851
0.232899,588.17,33.5936,170.12,3.88403
-3.57662,536.613,26.8329,139.685,3.43528
-2.47641,553.556,28.7736,148.583,3.55644
-4.40513,537.842,26.1161,136.79,3.3481
0.60989,545.331,31.5538,159.363,3.93326
-2.66647,547.352,28.2619,146.144,3.53505
1.86591,585.155,35.3469,176.946,4.10445
0.534947,580.266,33.4887,169.225,3.9234
0.240865,578.229,33.0349,167.281,3.88506
-0.22381,540.22,30.3722,154.308,3.82565
0.0494573,509.278,28.9042,146.563,3.86042
0.995948,528.366,30.9803,156.039,3.98468
-2.08184,524.643,27.6504,142.374,3.60147
1.30959,552.582,32.7504,164.59,4.02722
-1.94254,526.747,27.8968,143.497,3.61757
0.000122617,528.283,29.9317,151.827,3.8541
1.30623,566.228,33.5553,168.64,4.02677
0.420662,519.569,29.868,151.052,3.90843
-3.03201,581.107,29.6215,153.585,3.49446
-4.18287,573.895,28.0875,146.873,3.37116
-0.722035,517.64,28.6048,145.848,3.76349
-2.33081,517.306,27.027,139.416,3.57295
-1.10005,555.334,30.2876,154.849,3.71735
-2.46642,581.212,30.2218,156.05,3.55757
-0.144264,503.369,28.3783,144.096,3.83572
1.03223,524.013,30.7633,154.907,3.98957
-3.69099,543.982,27.0916,141.151,3.42305
-3.77832,577.509,28.6726,149.484,3.41375
-0.929938,504.189,27.6612,141.248,3.738
-4.48017,518.166,25.0936,131.508,3.34037
-3.88697,541.395,26.7764,139.71,3.40223
-1.16294,502.585,27.3508,139.897,3.70975
-1.18678,517.659,28.1478,143.999,3.70688
0.569443,593.332,34.2835,173.199,3.92793
-1.18818,538.681,29.2894,149.84,3.70671
1.23468,521.952,30.8558,155.151,4.017
-2.03346,573.619,30.2828,155.873,3.60705
1.47319,553.916,33.0138,165.723,4.0497
-1.4729,566.961,30.523,156.472,3.67268
-1.02235,554.908,30.3462,155.061,3.72676
-1.77209,512.961,27.329,140.403,3.63743
-2.76307,540.974,27.8379,144.053,3.52426
1.78757,539.354,32.4932,162.75,4.09343
1.00289,504.844,29.6082,149.121,3.98561
-1.91799,528.631,28.0207,144.108,3.62042
0.179587,584.283,33.3103,168.749,3.87714
1.12379,569.229,33.5229,168.694,4.00194
-0.606349,564.616,31.3261,159.591,3.77778
0.113544,571.513,32.5081,164.763,3.86864
-3.68874,590.279,29.3996,153.173,3.42329
-4.30079,530.839,25.8718,135.405,3.35889
-2.88458,517.661,26.5246,137.379,3.51075
-3.51662,526.482,26.3822,137.278,3.44173
-4.44752,553.542,26.8379,140.615,3.34373
1.56441,540.613,32.3216,162.144,4.06231
-1.20815,596.309,32.4003,165.779,3.70431
-2.44603,501.488,26.0949,134.721,3.55988
-1.76843,520.399,27.7288,142.453,3.63785
-1.47219,531.479,28.6134,146.683,3.67276
1.85081,598.105,36.1105,180.788,4.10232
-0.802142,514.68,28.3624,144.695,3.75364
-2.85251,527.937,27.0817,140.232,3.51431
-4.47621,549.958,26.637,139.592,3.34077
1.04956,503.509,29.5772,148.916,3.9919
0.213954,584.901,33.3851,169.086,3.88158
-3.76931,575.378,28.5759,148.97,3.4147
-3.4506,510.4,25.636,133.33,3.44884
0.249181,586.865,33.5379,169.818,3.88614
0.41053,514.026,29.5391,149.399,3.90711
0.606432,556.491,32.1957,162.609,3.9328
-0.118828,572.894,32.3263,164.113,3.83895
-4.49457,591.553,28.6329,150.072,3.33888
-4.74752,591.92,28.3938,149.1,3.31303
-0.566198,596.259,33.1278,168.721,3.78276
-2.84052,571.243,29.3156,151.786,3.51564
-4.65985,509.889,24.5354,128.755,3.32196
-1.92092,562.248,29.7995,153.26,3.62008
1.37878,591.223,35.1237,176.432,4.03671
-3.07035,580.363,29.5436,153.224,3.49025
0.313119,528.427,30.2649,153.176,3.89442
1.39048,548.725,32.612,163.802,4.03831
-4.49892,584.134,28.2694,148.172,3.33844
-0.212237,554.686,31.198,158.49,3.82711
-0.870714,504.898,27.7571,141.677,3.74523
-2.16741,583.981,30.6856,158.101,3.59163
-2.6564,564.722,29.1691,150.824,3.53618
-3.26108,504.053,25.4872,132.371,3.46939
-3.55308,544.018,27.2258,141.706,3.43781
-0.607758,580.373,32.1988,164.038,3.77761
0.0478534,500.101,28.3818,143.916,3.86021
-2.17463,540.235,28.3798,146.228,3.5908
-0.269897,571.817,32.0974,163.127,3.81983
0.62508,563.673,32.6321,164.791,3.93526
-4.29315,582.484,28.3965,148.611,3.35969
-3.70853,582.567,28.9952,151.088,3.42117
-2.46063,566.247,29.4495,152.056,3.55822
-4.34096,590.398,28.7335,150.428,3.35473
1.94638,520.136,31.5057,157.628,4.11581
0.333699,505.119,28.9505,146.502,3.8971
1.65047,536.534,32.1723,161.298,4.07427
-1.2579,561.999,30.4833,156.026,3.69834
-2.66,531.077,27.4278,141.824,3.53578
-3.29057,526.769,26.6081,138.223,3.46618
0.88471,534.871,31.2422,157.483,3.96976
-2.55593,563.297,29.1983,150.864,3.54747
-3.92174,505.032,24.9472,130.2,3.39856
0.169738,526.595,30.0113,152.047,3.87587
-4.44784,534.282,25.9038,135.721,3.34369
-2.64521,505.818,26.1368,135.134,3.53744
-2.55381,530.262,27.488,142.025,3.54771
-1.40636,548.095,29.5758,151.544,3.68059
-4.2317,544.718,26.6134,139.215,3.36607
-1.40849,521.398,28.1331,144.154,3.68034
-0.253521,554.473,31.1415,158.25,3.8219
0.917365,521.535,30.4975,153.693,3.97413
-2.44287,525.666,27.356,141.229,3.56023
-0.766042,576.631,31.8161,162.273,3.75807
0.0978324,591.056,33.6015,170.324,3.86662
-1.12462,530.368,28.9012,147.787,3.71438
-1.92533,562.647,29.8161,153.35,3.61957
-2.25995,540.664,28.3176,145.998,3.58104
1.88534,546.953,33.0611,165.481,4.10718
-1.10493,584.116,31.8519,162.852,3.71676
1.2605,561.194,33.205,166.932,4.02052
-0.832203,521.818,28.7257,146.581,3.74995
-2.16038,548.021,28.8032,148.394,3.59244
-1.21725,573.711,31.1626,159.457,3.70322
-3.34524,533.693,26.9059,139.826,3.46024
-3.257,551.744,27.9026,144.912,3.46983
-1.32645,529.938,28.6757,146.847,3.69013
-3.67967,592.14,29.5018,153.695,3.42425
-2.73024,588.25,30.3056,156.785,3.52792
-0.739148,538.506,29.7403,151.656,3.76138
1.20856,511.256,30.1964,151.863,4.01344
-0.128232,526.529,29.7004,150.792,3.83775
-2.38264,556.609,29.0276,149.793,3.56706
1.3338,557.952,33.0961,166.299,4.03054
-2.67828,577.177,29.7895,154.056,3.53373
-0.733728,567.275,31.335,159.782,3.76205
0.49115,511.917,29.4997,149.114,3.91765
1.77597,573.756,34.552,173.076,4.09181
-1.02224,530.278,28.9994,148.179,3.72677
-1.89181,503.378,26.7065,137.324,3.62346
1.86838,578.277,34.9343,174.877,4.10479
-0.114824,550.796,31.0837,157.8,3.83946
-3.44559,560.076,28.1361,146.327,3.44938
-1.9723,524.158,27.7309,142.674,3.61412
1.33019,563.836,33.441,168.037,4.03004
1.57703,565.576,33.8287,169.69,4.06406
1.95305,542.786,32.8851,164.522,4.11675
0.449116,542.749,31.2311,157.913,3.91215
-0.0683368,573.69,32.4277,164.568,3.84537
-1.71947,535.415,28.5778,146.762,3.64359
-1.61285,595.106,31.8822,163.606,3.65612
-4.77671,551.382,26.4218,138.775,3.31007
1.68471,544.109,32.6647,163.727,4.07904
-3.1188,549.406,27.92,144.855,3.48493
-3.81344,575.367,28.5308,148.783,3.41002
-3.07984,540.52,27.5062,142.667,3.48921
-3.87069,574.546,28.4324,148.333,3.40395
-3.08629,519.046,26.4075,136.975,3.4885
0.888924,596.376,34.8398,175.612,3.97032
-0.702513,539.493,29.8327,152.087,3.76589
-0.807077,502.379,27.6797,141.218,3.75303
0.140887,590.949,33.6454,170.494,3.87216
-4.21708,517.949,25.3187,132.428,3.36759
-4.92831,550.256,26.2257,137.901,3.29474
-1.72379,585.345,31.2381,160.429,3.64308
-0.551548,595.507,33.1029,168.576,3.78458
-4.43666,548.303,26.5942,139.327,3.34485
1.78199,513.985,30.9589,155.071,4.09265
1.14674,597.429,35.2114,177.162,4.00505
-4.49783,546.332,26.441,138.587,3.33855
-2.89205,510.566,26.1543,135.469,3.50992
-4.9785,578.677,27.5309,144.819,3.28969
-4.73989,568.951,27.2995,143.345,3.31381
-3.99761,501.015,24.6823,128.89,3.39056
-2.35456,544.563,28.4273,146.665,3.57025
0.391659,552.023,31.702,160.359,3.90464
-3.65557,502.341,25.0491,130.475,3.42683
-0.794596,541.873,29.8687,152.372,3.75456
-4.88389,584.232,27.8892,146.599,3.29922
-3.69531,510.212,25.4059,132.372,3.42259
-3.63384,508.475,25.3745,132.148,3.42915
-4.209,565.074,27.6302,144.51,3.36843
-1.14576,529.107,28.8113,147.35,3.71183
-0.00381019,565.076,32.012,162.384,3.8536
1.08739,531.058,31.236,157.225,3.99701
0.393523,575.89,33.0747,167.301,3.90489
-0.587275,541.357,30.0556,153.097,3.78015
-1.34712,555.287,30.0257,153.784,3.68766
-4.21257,526.505,25.741,134.633,3.36806
-1.57602,578.698,31.043,159.257,3.66047
-3.78381,518.664,25.746,134.232,3.41316
-1.37955,514.648,27.7969,142.401,3.68379
-4.45413,523.62,25.3812,132.989,3.34305
-2.33418,593.999,31.0302,160.07,3.57257
-4.68171,593.109,28.5176,149.677,3.31973
-4.39621,535.905,26.0303,136.331,3.34902
-2.04008,519.959,27.4436,141.266,3.60628
1.63981,532.167,31.8988,159.938,4.07279
1.65591,586.446,35.1717,176.328,4.07503
-3.31081,556.786,28.1042,146.017,3.46398
1.78667,518.595,31.2416,156.482,4.09331
-1.57212,564.008,30.2591,155.231,3.66093
-0.633513,547.545,30.3504,154.65,3.77442
1.6806,572.796,34.382,172.34,4.07847
-2.76846,537.57,27.6575,143.125,3.52366
0.125575,503.758,28.666,145.277,3.87019
-1.75199,572.398,30.5171,156.758,3.63978
0.803561,592.812,34.5302,174.156,3.95893
-1.65089,597.183,31.951,164.004,3.65164
-2.21512,598.709,31.407,161.873,3.58616
-0.829003,512.857,28.2356,144.076,3.75034
-1.59848,591.063,31.6815,162.559,3.65782
0.770299,551.557,32.0905,161.889,3.9545
-1.51257,537.21,28.8813,148.099,3.66798
0.742313,514.723,29.9187,150.963,3.95078
-2.27541,569.907,29.833,153.829,3.57927
-3.71496,598.077,29.7604,155.083,3.42049
-1.43439,594.098,32.0269,164.136,3.67726
-3.99702,534.153,26.3154,137.417,3.39062
0.0154669,554.599,31.4394,159.458,3.85607
-1.4194,538.408,29.0399,148.812,3.67904
0.815175,507.177,29.5539,149.046,3.96047
-0.124764,548.119,30.9219,156.99,3.83819
0.254961,593.2,33.9067,171.678,3.88688
-2.93031,526.577,26.9381,139.568,3.50569
-3.86182,507.925,25.1434,131.166,3.40489
-0.761287,532.815,29.4034,149.962,3.75865
0.483947,560.25,32.2769,163.16,3.91671
1.64019,508.852,30.5016,152.933,4.07284
0.773753,540.93,31.4759,158.785,3.95496
1.76629,516.256,31.079,155.69,4.09045
-2.66427,580.198,29.9602,154.923,3.5353
1.6164,562.956,33.7173,169.084,4.06953
1.74893,521.916,31.4011,157.323,4.08802
-1.70663,503.297,26.8755,138.007,3.6451
-2.32504,529.749,27.6827,142.792,3.57361
0.809379,509.258,29.6693,149.633,3.9597
-3.30409,593.185,29.9486,155.592,3.46471
-4.35949,565.396,27.4985,143.982,3.35281
-0.189666,555.507,31.2685,158.823,3.82997
-3.76096,582.578,28.942,150.87,3.41559
-1.60889,585.811,31.3886,161.068,3.65659
1.72123,580.087,34.868,174.726,4.08414
-0.651594,583.672,32.3327,164.772,3.77218
-1.2842,526.423,28.5274,146.043,3.69518
1.41745,536.694,31.9265,160.328,4.04202
1.89437,533.316,32.2467,161.395,4.10846
-4.8923,537.598,25.6553,134.866,3.29837
-3.02106,557.115,28.4095,147.289,3.49567
-0.958032,549.553,30.1206,153.837,3.73458
-2.98704,513.384,26.2108,135.856,3.49942
0.174866,548.338,31.256,158.347,3.87653
0.693583,525.88,30.516,154.03,3.94432
-4.83601,539.342,25.7903,135.518,3.30406
-1.84518,548.324,29.1386,149.779,3.62889
-4.41067,517.853,25.1405,131.686,3.34753
-4.04278,565.955,27.8369,145.412,3.38582
-3.43319,587.721,29.5378,153.603,3.45072
-1.30504,585.155,31.6872,162.244,3.69269
0.829372,583.561,34.0215,171.559,3.96237
0.156678,558.573,31.8194,161.222,3.87419
-2.30865,550.53,28.7851,148.461,3.57548
-1.16489,551.975,30.0366,153.637,3.70952
1.78406,555.15,33.4408,167.5,4.09294
-1.5426,551.318,29.6088,151.862,3.66442
0.679834,535.155,31.0395,156.688,3.9425
-2.51463,585.741,30.4057,157.055,3.55212
-2.41109,561.73,29.2654,151.051,3.56383
-1.61474,542.654,29.0702,149.178,3.6559
-2.88059,506.32,25.9472,134.385,3.51119
0.411151,566.258,32.5413,164.582,3.90719
-4.30261,584.65,28.4925,149.123,3.35871
1.77321,530.798,31.9621,160.106,4.09142
1.93938,594.639,36.0098,180.172,4.11482
0.509712,510.79,29.4535,148.861,3.92008
1.187,508.846,30.0319,151.059,4.01051
1.40401,566.725,33.6974,169.237,4.04017
1.07046,576.22,33.8727,170.518,3.99472
-4.68609,557.426,26.7978,140.654,3.31928
1.84196,594.522,35.8833,179.662,4.10107
-2.32911,545.365,28.4946,146.985,3.57315
-4.56625,526.048,25.3974,133.185,3.33153
0.19874,553.883,31.598,160.053,3.87961
-0.697577,509.833,28.1974,143.745,3.7665
-3.32983,535.4,27.0066,140.334,3.46191
1.54508,572.373,34.1978,171.58,4.05963
1.99232,545.927,33.1197,165.65,4.12231
0.487638,575.354,33.1512,167.576,3.91719
-3.17447,554.45,28.1212,145.959,3.47884
-2.05588,502.597,26.5126,136.489,3.60446
-0.281278,598.57,33.5859,170.706,3.8184
-3.56193,546.025,27.3177,142.193,3.43686
-3.56505,537.61,26.8937,139.99,3.43652
0.375232,532.487,30.5628,154.615,3.9025
-0.220369,551.717,31.0223,157.607,3.82608
0.429681,512.009,29.4426,148.89,3.90961
-4.18828,509.092,24.9112,130.269,3.37059
-3.72665,584.72,29.0837,151.57,3.41924
-1.31567,539.645,29.2119,149.581,3.69142
-3.80273,568.338,28.1929,147.01,3.41115
-2.46003,532.308,27.685,142.945,3.55829
1.00888,519.207,30.4568,153.389,3.98642
1.83474,590.273,35.6181,178.343,4.10006
-0.801279,533.817,29.4178,150.079,3.75374
-4.8654,570.904,27.2709,143.329,3.30109
-2.11695,507.494,26.7137,137.586,3.59743
-1.34493,543.939,29.4144,150.65,3.68792
-0.535088,578.933,32.1999,163.959,3.78663
-4.11398,557.982,27.3756,143.077,3.37835
-0.397653,583.765,32.6236,165.952,3.80378
0.83958,594.823,34.6902,174.919,3.96373
-2.85745,520.17,26.6787,138.15,3.51376
-3.01326,522.884,26.6712,138.269,3.49653
0.864377,599.485,34.9919,176.409,3.96704
-4.84074,509.678,24.3677,128.047,3.30358
-0.986164,597.563,32.72,167.147,3.73116
-4.48132,524.541,25.4013,133.121,3.34025
-0.441127,526.906,29.4017,149.61,3.79834
-2.9761,558.197,28.5097,147.76,3.50063
-3.5541,558.647,27.9569,145.512,3.4377
-0.627222,514.657,28.5337,145.386,3.7752
-1.54574,527.44,28.3233,145.272,3.66405
0.72587,582.423,33.8346,170.742,3.9486
-2.14323,551.562,29.0067,149.424,3.5944
0.236792,576.508,32.9319,166.764,3.88453
1.38987,533.891,31.7297,159.371,4.03823
-3.94445,549.569,27.1253,141.592,3.39616
-3.66882,535.156,26.673,138.947,3.42541
-3.84391,597.194,29.5811,154.296,3.40679
-3.19229,583.41,29.5714,153.506,3.47689
-1.6516,532.124,28.4695,146.134,3.65156
-0.052502,592.362,33.5015,169.998,3.84739
-4.70491,588.321,28.2641,148.372,3.31737
-1.59755,522.269,27.995,143.642,3.65793
-0.732575,524.448,28.9704,147.724,3.76219
0.374198,587.409,33.7139,170.557,3.90237
1.21799,530.024,31.3151,157.478,4.01473
-2.08294,597.636,31.4961,162.177,3.60134
-4.66892,552.308,26.5679,139.43,3.32103
0.738676,578.681,33.6321,169.704,3.9503
-4.50924,588.863,28.4878,149.328,3.33738
-0.427887,580.839,32.4261,164.984,3.8
1.99287,585.999,35.5515,177.812,4.12239
1.31069,592.993,35.1468,176.632,4.02738
-1.90083,588.761,31.2267,160.577,3.62241
-4.81426,537.014,25.6988,135.016,3.30626
-4.87615,587.388,28.0476,147.423,3.3
-1.59111,559.223,29.9825,153.833,3.65869
-1.43113,537.181,28.9618,148.425,3.67764
-0.767426,582.523,32.1396,163.925,3.7579
-1.24998,598.071,32.4487,166.077,3.69929
-3.09215,502.442,25.5574,132.571,3.48785
-3.44421,522.845,26.267,136.606,3.44953
-3.48198,573.783,28.7876,149.756,3.44546
-2.23643,596.08,31.2457,161.067,3.58372
-2.77907,554.733,28.5299,147.651,3.52247
-2.82944,518.532,26.6209,137.822,3.51687
1.24346,581.066,34.3607,172.763,4.0182
-0.818238,563.869,31.0556,158.454,3.75166
-1.02778,531.346,29.0522,148.455,3.7261
0.919202,501.256,29.3134,147.724,3.97438
-1.77646,534.583,28.4767,146.303,3.63692
-4.82479,561.929,26.8811,141.238,3.3052
-2.17081,590.14,31.0056,159.753,3.59124
-2.64777,590.827,30.5267,157.834,3.53715
-0.184104,575.219,32.3843,164.484,3.83067
-2.35512,543.64,28.3786,146.414,3.57019
-1.06108,583.658,31.8755,162.921,3.72206
-2.98954,582.987,29.7618,154.264,3.49914
-4.91642,566.354,27.0044,141.983,3.29594
-0.393934,577.024,32.251,164.053,3.80425
-3.68782,535.734,26.6838,139.023,3.42338
-4.65129,519.731,25.0166,131.272,3.32283
-4.23113,545.034,26.6293,139.298,3.36613
1.02561,519.254,30.477,153.472,3.98867
-0.21285,566.308,31.851,161.808,3.82703
-0.711189,536.636,29.6657,151.246,3.76482
-4.97542,512.253,24.3734,128.206,3.29
-4.00944,571.999,28.1675,147.102,3.38932
-2.59025,503.522,26.0685,134.726,3.54361
-1.4986,536.95,28.8814,148.084,3.66963
-0.730423,599.187,33.1015,168.786,3.76245
-1.63258,587.425,31.449,161.406,3.6538
-3.01809,501.946,25.5989,132.714,3.496
0.57712,554.644,32.0565,161.939,3.92894
-2.97217,570.208,29.1272,150.956,3.50106
1.50808,520.956,31.0864,156.01,4.05452
-4.09967,515.727,25.3153,132.295,3.37985
-1.51084,545.163,29.3106,150.299,3.66818
1.91201,585.65,35.4324,177.317,4.11095
-1.85814,569.041,30.2258,155.382,3.62738
1.92029,548.57,33.1984,166.127,4.11212
-1.83581,557.949,29.6598,152.447,3.62998
-4.07851,586.093,28.7909,150.435,3.38207
-4.9539,507.361,24.1592,127.059,3.29216
0.138032,510.181,29.044,147.18,3.87179
-0.967043,537.079,29.4277,150.308,3.73348
-2.54974,565.109,29.2986,151.376,3.54816
-3.37283,526.693,26.5271,137.886,3.45725
0.0269714,592.056,33.5761,170.281,3.85754
-1.97404,554.44,29.3312,150.91,3.61392
-1.31491,574.927,31.1226,159.364,3.69151
-2.95452,554.619,28.3485,146.901,3.50301
1.51528,565.731,33.7666,169.452,4.05551
-1.7208,533.944,28.4979,146.354,3.64343
-0.402068,514.651,28.7567,146.287,3.80323
-4.74216,527.877,25.3266,132.988,3.31358
-1.11772,525.014,28.6164,146.323,3.71521
-1.10792,550.595,30.0209,153.494,3.7164
-3.0742,581.408,29.5928,153.484,3.48982
-4.69301,510.552,24.5383,128.802,3.31858
-2.91951,501.371,25.6584,132.927,3.50688
0.619338,505.484,29.2577,147.756,3.93451
1.56911,523.874,31.3259,157.144,4.06296
-0.039976,540.732,30.5947,155.235,3.84898
-3.9551,505.078,24.92,130.09,3.39504
1.44462,596.485,35.5163,178.321,4.04576
1.87846,517.151,31.2524,156.435,4.10621
-1.17264,573.017,31.1732,159.46,3.70859
0.138984,549.341,31.2744,158.481,3.87191
-4.25204,534.421,26.0915,136.506,3.36396
-0.680271,549.32,30.3995,154.952,3.76864
0.206827,563.292,32.1437,162.808,3.88066
1.43353,502.7,29.9207,150.238,4.04423
-0.211333,532.423,29.9467,152.133,3.82723
-1.05616,575.239,31.4211,160.593,3.72266
-2.67733,504.283,26.0282,134.604,3.53384
1.00321,563.776,33.0648,166.53,3.98566
-1.07066,568.311,31.027,158.596,3.7209
1.18858,557.082,32.8805,165.385,4.01073
-1.14358,511.191,27.8379,142.369,3.71209
-2.09221,500.594,26.3733,135.808,3.60027
-1.30285,533.682,28.9021,147.981,3.69295
-1.68322,544.655,29.1077,149.445,3.64784
-3.84407,584.731,28.9636,151.075,3.40677
-4.35286,546.668,26.594,139.239,3.3535
-0.0016308,510.08,28.8986,146.589,3.85388
-1.22061,507.909,27.5851,141.154,3.70281
-4.3675,575.011,27.9582,146.398,3.35199
-0.65051,537.849,29.7954,151.841,3.77231
-1.16979,526.891,28.6667,146.635,3.70893
-3.44609,517.784,26.011,135.276,3.44933
-3.12506,534.46,27.1546,140.89,3.48424
1.3568,524.077,31.1112,156.3,4.03369
1.26019,535.012,31.6555,159.143,4.02048
-0.958717,532.288,29.1736,149.002,3.7345
-3.84872,553.299,27.4022,142.935,3.40628
0.642739,545.561,31.6028,159.573,3.93759
-1.86027,571.272,30.3421,155.982,3.62713
-3.186,573.49,29.075,150.922,3.47758
0.987484,504.735,29.5862,149.026,3.98354
-2.63902,558.194,28.8495,149.153,3.53813
1.25653,524.165,31.0098,155.901,4.01998
-1.99249,510.5,26.9892,138.879,3.61178
-2.64345,599.06,30.9568,160.052,3.53763
-0.502196,537.286,29.9176,152.301,3.79072
-0.374253,554.101,30.9909,157.621,3.80671
-4.21132,515.986,25.2278,131.948,3.36819
0.591377,579.367,33.5019,169.224,3.93082
-0.997299,543.718,29.7601,152.039,3.7298
-0.893921,572.298,31.4371,160.488,3.7424
0.323441,508.001,29.1054,147.296,3.89577
1.34121,501.579,29.7598,149.527,4.03155
-2.19799,588.866,30.9092,159.288,3.58812
-2.68872,512.052,26.4185,136.634,3.53256
-0.9613,560.495,30.7168,156.886,3.73418
-4.48332,520.448,25.2013,132.075,3.34004
-3.71698,539.262,26.8318,139.824,3.42027
-3.09632,511.804,26.0298,135.026,3.4874
-2.4123,547.134,28.5038,147.121,3.5637
0.295306,559.387,32.0184,162.071,3.89211
-3.60686,568.137,28.3789,147.766,3.43204
-2.24345,598.687,31.3747,161.74,3.58292
-4.61349,523.972,25.2547,132.483,3.32669
0.145674,558.733,31.8164,161.22,3.87277
-4.79119,543.79,26.0445,136.808,3.3086
-4.98293,525.728,25.0079,131.551,3.28924
1.91539,529.734,32.0531,160.402,4.11142
-2.59859,573.722,29.6942,153.474,3.54267
-0.878316,562.663,30.9246,157.853,3.7443
-3.79792,511.392,25.3723,132.298,3.41166
-0.882925,596.023,32.7529,167.191,3.74374
-4.58159,586.362,28.2939,148.392,3.32996
-2.49916,520.635,27.0408,139.658,3.55387
-4.05553,547.798,26.9317,140.696,3.38448
0.951077,576.453,33.7478,170.033,3.97865
0.216936,515.145,29.4065,148.933,3.88197
-4.31311,514.064,25.0432,131.081,3.35762
-3.41878,511.38,25.7141,133.705,3.45228
-0.12835,500.443,28.2288,143.321,3.83774
-0.908069,548.541,30.1174,153.766,3.74067
-0.140611,506.567,28.5622,145.026,3.83618
-0.326854,585.14,32.7806,166.667,3.81266
-2.86191,557.497,28.5886,148.045,3.51326
0.417186,571.647,32.8578,166.176,3.90797
-1.84909,552.726,29.3685,150.965,3.62844
-0.735331,515.17,28.4553,145.099,3.76185
-0.983575,517.066,28.3149,144.642,3.73147
-1.77295,502.38,26.7645,137.503,3.63733
-3.18043,542.489,27.5087,142.786,3.47818
-3.41669,510.024,25.6478,133.358,3.4525
-3.71395,509.01,25.3293,131.991,3.4206
0.465953,555.177,31.9648,161.604,3.91435
0.882226,539.116,31.4875,158.721,3.96943
-2.70748,500.424,25.8016,133.462,3.53046
-4.56513,533.246,25.746,135.012,3.33164
-2.49551,577.188,29.9819,154.844,3.55428
-3.95104,548.05,27.0441,141.174,3.39547
-0.612367,507.976,28.1778,143.558,3.77704
-4.86464,557.318,26.6227,139.922,3.30116
-1.33569,569.642,30.8142,157.809,3.68902
0.283073,502.182,28.732,145.448,3.89053
1.38421,594.441,35.3214,177.418,4.03745
-1.56487,592.153,31.7771,163.01,3.66179
-4.99514,587.904,27.9533,147.059,3.28801
1.8492,535.788,32.3463,161.944,4.10209
1.83297,519.981,31.3746,157.097,4.09981
0.161956,575.68,32.7999,166.184,3.87487
-0.639111,562.329,31.1639,158.802,3.77372
0.47377,566.124,32.6038,164.825,3.91537
-1.58122,563.38,30.2158,155.019,3.65986
-0.615054,533.3,29.5797,150.703,3.7767
-2.7876,512.709,26.3607,136.433,3.52152
-3.07556,590.293,30.0436,155.823,3.48967
-1.20545,547.39,29.7451,152.19,3.70464
-2.27343,589.821,30.8776,159.212,3.5795
-3.57165,530.009,26.5073,137.985,3.43582
-1.66482,582.747,31.1635,159.978,3.65001
-2.78595,550.909,28.3264,146.605,3.52171
-3.65868,587.596,29.2972,152.605,3.4265
1.00824,547.955,32.1425,161.879,3.98633
0.184727,587.733,33.5129,169.769,3.87781
0.444783,526.853,30.3119,153.27,3.91158
-1.06153,518.62,28.3231,144.765,3.72201
1.23793,585.966,34.6439,174.194,4.01744
-2.80096,594.383,30.5456,158.108,3.52004
-0.703975,518.277,28.658,146.1,3.76571
-2.85512,586.971,30.1073,155.901,3.51402
-0.0172991,548.719,31.071,157.626,3.85188
-0.755716,516.807,28.5255,145.479,3.75934
0.781214,547.435,31.8626,160.727,3.95595
1.26632,557.873,33.015,165.971,4.02131
-2.20994,545.024,28.596,147.38,3.58675
0.0932615,566.055,32.1752,163.099,3.86603
1.10183,508.21,29.9069,150.52,3.99896
-2.58221,581.71,30.125,155.682,3.54451
-3.09843,523.89,26.6425,138.206,3.48716
-3.05182,580.16,29.5526,153.25,3.49228
0.958783,524.62,30.7215,154.776,3.97968
-3.52669,590.13,29.5611,153.83,3.44064
-2.9969,559.607,28.5608,148.047,3.49833
-3.44272,558.368,28.0531,145.893,3.44969
-4.3471,597.094,29.053,152.107,3.3541
-1.81386,553.15,29.4272,151.228,3.63255
-4.74091,528.711,25.3677,133.203,3.31371
-4.58892,506.612,24.4394,128.183,3.32921
-3.85246,584.745,28.9557,151.043,3.40588
-1.28676,592.903,32.1272,164.475,3.69488
-1.82136,586.524,31.1945,160.319,3.63167
-1.24151,507.02,27.5168,140.826,3.7003
0.819893,598.009,34.8525,175.761,3.9611
-1.07855,537.568,29.3406,149.984,3.71995
-1.0285,517.019,28.2681,144.449,3.72601
-3.55507,598.84,29.9673,155.977,3.4376
-1.23164,558.742,30.3343,155.234,3.70149
-2.0999,591.524,31.1555,160.443,3.59939
0.109269,584.422,33.2375,168.464,3.86809
-3.21197,514.29,26.0498,135.245,3.47474
-2.98662,588.006,30.0211,155.605,3.49947
1.3349,502.698,29.8197,149.835,4.03069
1.873,521.992,31.5391,157.876,4.10544
1.56991,556.388,33.271,166.901,4.06307
-0.845484,528.212,29.0643,148.322,3.74832
1.20616,527.781,31.1699,156.761,4.01312
-1.53202,546.779,29.3758,150.656,3.66567
-2.4993,544.132,28.261,145.961,3.55385
1.97338,566.234,34.3295,171.724,4.11963
-1.5396,527.273,28.3204,145.251,3.66478
1.3051,588.572,34.8781,175.289,4.02661
1.8235,583.715,35.2088,176.307,4.09848
-4.64287,561.803,27.0498,141.932,3.32369
-4.86163,571.374,27.297,143.463,3.30147
1.48655,571.174,34.058,170.948,4.05154
-1.51101,587.928,31.6097,162.088,3.66816
-4.61213,504.043,24.2953,127.45,3.32683
-0.741736,585.862,32.3527,164.981,3.76106
-2.82476,535.307,27.4866,142.3,3.51739
-2.33802,581.938,30.396,156.803,3.57213
-4.65459,522.606,25.152,131.985,3.3225
-4.59818,515.06,24.8387,130.286,3.32826
-4.37231,568.396,27.6319,144.694,3.35149
0.4291,599.941,34.4983,174.458,3.90953
-4.08917,520.97,25.5822,133.68,3.38095
-0.242093,569.015,31.9709,162.451,3.82334
-2.98626,594.377,30.3468,157.293,3.49951
-1.1294,578.568,31.5226,161.197,3.7138
1.30315,597.58,35.4095,177.962,4.02635
-4.97916,547.001,26.0233,136.889,3.28962
-4.19826,540.568,26.442,138.284,3.36955
-3.44144,552.268,27.7479,144.304,3.44983
1.09765,550.485,32.39,163.023,3.9984
-2.11458,576.089,30.3269,156.192,3.5977
-0.940876,561.775,30.8088,157.333,3.73667
-0.473948,506.815,28.2485,143.776,3.79424
-2.30168,568.32,29.7226,153.288,3.57627
-3.22454,506.417,25.6397,133.128,3.47337
-1.18775,561.448,30.5278,156.175,3.70677
-0.455348,553.741,30.8839,157.168,3.79657
-0.141086,521.862,29.4241,149.403,3.83612
-1.59624,517.084,27.7183,142.221,3.65808
1.63099,530.275,31.7758,159.332,4.07156
-4.77719,572.884,27.4517,144.185,3.31002
0.390462,501.104,28.7766,145.563,3.90449
-3.14734,577.934,29.3403,152.256,3.4818
0.999926,574.903,33.7136,169.801,3.98521
0.529749,523.443,30.2039,152.632,3.92271
-4.65713,570.551,27.457,144.084,3.32224
-1.6745,503.729,26.9288,138.249,3.64887
-2.18597,503.333,26.4308,136.197,3.5895
-1.49161,532.668,28.658,146.932,3.67046
-1.92284,503.954,26.7081,137.363,3.61986
-4.36081,519.774,25.2785,132.359,3.35268
-0.0362324,526.795,29.81,151.249,3.84946
0.526988,590.351,34.0615,172.129,3.92235
-1.51705,508.525,27.3349,140.174,3.66745
-0.0430695,514.474,29.1059,147.684,3.84859
-3.17353,570.557,28.9391,150.203,3.47894
-4.60596,597.237,28.7937,151.04,3.32746
-4.4071,595.455,28.9116,151.434,3.34789
-3.71454,580.87,28.9046,150.623,3.42053
-3.88879,513.814,25.4106,132.586,3.40204
-4.00015,548.01,26.995,140.97,3.3903
-2.0902,529.214,27.8831,143.581,3.60051
-1.00348,547.468,29.959,153.062,3.72905
-1.10147,575.033,31.3604,160.335,3.71718
-2.89443,555.63,28.4603,147.416,3.50966
0.968479,585.401,34.2922,172.754,3.98099
-1.26585,542.08,29.3947,150.463,3.69738
-2.20403,535.667,28.1109,144.873,3.58743
-2.43426,531.606,27.6735,142.859,3.56121
1.98538,587.936,35.6598,178.363,4.12133
-3.19606,557.418,28.2502,146.651,3.47648
-3.41162,550.361,27.6812,143.926,3.45305
-2.25401,530.935,27.8138,143.395,3.58171
1.03887,545.805,32.05,161.378,3.99046
-4.08887,548.075,26.9134,140.636,3.38098
1.27177,553.675,32.7727,164.746,4.02206
-2.30037,576.281,30.1403,155.441,3.57642
-3.18266,518.041,26.2669,136.343,3.47794
-2.58818,562.499,29.1239,150.515,3.54384
-2.48399,511.87,26.5997,137.365,3.55558
-1.71926,532.864,28.4418,146.064,3.64361
-3.00444,515.573,26.3065,136.369,3.4975
-1.08871,548.014,29.9001,152.855,3.71872
0.790437,579.033,33.7124,170.047,3.95718
-1.21626,512.522,27.8399,142.454,3.70334
0.684904,504.694,29.2779,147.79,3.94317
-1.07318,562.619,30.7136,156.996,3.7206
-0.0245232,571.802,32.3699,164.224,3.85096
-0.498445,593.616,33.0585,168.286,3.79119
-4.83139,570.79,27.2985,143.438,3.30453
-4.90227,597.21,28.49,149.778,3.29736
-1.79009,519.564,27.6634,142.139,3.63532
0.753816,507.824,29.5293,148.986,3.95231
-1.99904,567.477,29.9946,154.351,3.61103
-0.245692,595.08,33.4312,169.876,3.82289
1.05391,539.212,31.6792,159.494,3.99249
-4.72305,555.595,26.6746,140.047,3.31552
-2.13161,523.341,27.5337,141.824,3.59574
-2.03132,531.917,28.0833,144.55,3.6073
-0.49594,579.387,32.2689,164.264,3.7915
-3.95564,587.035,28.9631,151.197,3.39498
1.20414,579.379,34.2148,172.078,4.01284
-3.59696,532.377,26.6019,138.503,3.4331
-4.176,546.078,26.7326,139.781,3.37187
-0.744755,507.594,28.0276,142.929,3.76069
-3.6273,534.348,26.6718,138.898,3.42985
-4.89811,580.233,27.6842,145.537,3.29779
-4.28807,515.085,25.1153,131.434,3.36021
-2.98789,555.155,28.3426,146.907,3.49933
-0.351632,537.133,30.0654,152.889,3.80955
-0.0563743,557.763,31.5404,160.052,3.84689
-4.10835,537.089,26.3558,137.742,3.37894
1.74979,510.524,30.7166,153.892,4.08814
-0.244447,523.81,29.4286,149.536,3.82304
-1.60746,590.707,31.6524,162.42,3.65676
1.91938,511.977,30.9829,155.042,4.11199
-4.26258,583.485,28.4762,148.994,3.36286
1.29694,587.066,34.7791,174.801,4.0255
1.34755,507.123,30.0953,151.206,4.03242
-0.0507789,570.857,32.2872,163.835,3.84761
1.78815,572.335,34.4808,172.704,4.09351
0.171821,565.774,32.2464,163.369,3.87614
-4.91404,590.969,28.1804,148.164,3.29618
-3.40164,591.677,29.7698,154.774,3.45413
-3.73384,531.618,26.4357,137.777,3.41848
0.476613,568.141,32.7232,165.425,3.91575
1.30792,549.007,32.5367,163.518,4.027
-2.02149,589.587,31.1388,160.265,3.60843
1.56113,565.741,33.8202,169.666,4.06186
-0.459121,547.608,30.5379,155.411,3.79609
-2.36684,571.845,29.8387,153.96,3.56886
-3.18121,579.85,29.4024,152.616,3.4781
-1.69935,530.909,28.3572,145.608,3.64595
0.363837,549.272,31.5138,159.439,3.90102
-4.32125,527.491,25.6899,134.474,3.35677
-3.50957,511.767,25.6512,133.467,3.44249
-4.63661,552.891,26.6266,139.705,3.32433
-2.63255,545.91,28.221,145.896,3.53885
1.86051,517.029,31.2258,156.322,4.10368
-4.9527,584.802,27.8479,146.458,3.29228
-1.1743,525.289,28.5751,146.171,3.70839
0.307631,500.841,28.6796,145.158,3.89371
1.39863,577.09,34.3073,172.307,4.03943
-3.97936,593.431,29.2541,152.743,3.39248
-4.85867,579.819,27.7034,145.595,3.30177
-1.39639,582.921,31.466,161.217,3.68178
-0.350814,549.263,30.7453,156.345,3.80965
-1.63835,595.215,31.8597,163.52,3.65312
-2.73995,575.915,29.66,153.456,3.52684
-4.4407,504.556,24.4688,128.196,3.34443
1.33747,506.326,30.0376,150.927,4.03104
-2.83157,598.518,30.725,159.072,3.51663
-3.2617,585.913,29.6257,153.866,3.46932
0.934417,521.403,30.5076,153.725,3.97641
-2.51906,599.376,31.1087,160.691,3.55162
0.554502,597.835,34.5259,174.442,3.92597
-4.07928,526.899,25.8824,135.239,3.38199
-1.12877,501.939,27.3481,139.849,3.71388
1.20474,522.941,30.8825,155.318,4.01292
-0.812074,524.305,28.8828,147.361,3.75242
-3.59966,580.48,29.0028,151.006,3.43281
-3.60154,559.325,27.9439,145.495,3.43261
1.24986,571.875,33.8246,170.06,4.01907
-4.09987,520.094,25.5295,133.415,3.37983
-2.5425,524.598,27.2052,140.552,3.54898
0.936847,597.353,34.9544,176.129,3.97674
0.541961,525.739,30.3492,153.353,3.92432
-0.89605,577.427,31.7165,161.916,3.74214
-1.69175,507.698,27.1246,139.271,3.64684
-4.2645,536.58,26.1853,137.009,3.36266
-2.24801,594.235,31.1364,160.517,3.5824
-1.64865,504.364,26.987,138.522,3.65191
1.8734,532.475,32.1728,161.048,4.1055
-2.57025,535.796,27.7588,143.442,3.54586
1.55477,506.685,30.2832,151.929,4.06098
1.06583,529.516,31.1222,156.677,3.9941
-4.60563,554.662,26.7414,140.274,3.3275
1.9092,596.211,36.0679,180.501,4.11055
-3.04962,563.242,28.6931,148.79,3.49253
-4.9216,539.954,25.7409,135.345,3.29542
-1.09604,535.135,29.19,149.233,3.71783
-1.50717,539.821,29.0271,148.841,3.66862
-3.72798,594.307,29.5592,154.049,3.4191
0.147708,588.793,33.5305,169.903,3.87304
-2.08323,597.952,31.5125,162.261,3.60131
-4.06846,589.053,28.9467,151.237,3.38312
-0.217707,573.579,32.2545,163.864,3.82642
0.0549222,515.644,29.271,148.418,3.86112
0.411395,522.357,30.0187,151.823,3.90722
-4.51915,595.052,28.7771,150.856,3.33636
-0.696347,567.829,31.4063,160.102,3.76665
0.250647,504.555,28.8355,146.006,3.88633
-0.000266538,574.596,32.5554,165.136,3.85405
1.80995,539.045,32.4994,162.755,4.09657
0.687588,581.105,33.7137,170.177,3.94353
-0.703607,524.051,28.9777,147.73,3.76576
1.13187,559.535,32.9612,165.857,4.00303
-1.71126,534.575,28.5411,146.565,3.64455
-2.37964,580.709,30.2876,156.291,3.5674
-3.53704,501.762,25.1253,130.757,3.43953
-1.99966,580.271,30.6702,157.828,3.61096
1.34314,576.971,34.2352,172.012,4.03182
-0.205982,563.339,31.6915,160.99,3.8279
-3.94494,598.004,29.5154,154.068,3.39611
1.22953,585.115,34.5836,173.901,4.0163
-4.87669,549.595,26.2425,137.936,3.29995
0.00100408,583.247,33.047,167.628,3.85422
-1.18237,510.984,27.7891,142.159,3.70741
-3.99103,559.037,27.5472,143.843,3.39125
-1.28127,532.68,28.8695,147.791,3.69553
0.561107,567.809,32.7993,165.711,3.92683
-3.68322,501.65,24.9902,130.195,3.42388
-2.44252,571.531,29.7433,153.553,3.56027
1.90093,553.187,33.4557,167.438,4.10938
-0.213621,557.996,31.3826,159.43,3.82694
-1.58394,547.381,29.355,150.606,3.65954
-3.37971,570.598,28.7314,149.351,3.45651
-4.61629,536.58,25.8598,135.661,3.32641
-4.50951,528.362,25.5607,133.985,3.33735
1.76115,594.966,35.8112,179.402,4.08973
-3.14885,543.449,27.5881,143.165,3.48164
1.23308,567.557,33.5499,168.699,4.01678
-1.52362,522.287,28.0682,143.941,3.66667
1.92508,504.038,30.5084,152.661,4.11279
-1.45365,582.217,31.3653,160.768,3.67497
-3.49488,542.726,27.2171,141.599,3.44407
0.713525,509.586,29.5908,149.339,3.94696
-3.86307,595.292,29.467,153.722,3.40476
-4.77166,508.099,24.3521,127.899,3.31058
-0.0997456,575.907,32.5177,165.062,3.84137
-4.11376,525.127,25.7638,134.653,3.37838
-4.04663,516.867,25.419,132.785,3.38541
-0.523928,565.111,31.4433,160.093,3.78802
-4.59464,582.407,28.09,147.337,3.32862
-2.91596,591.093,30.2539,156.73,3.50727
-3.71356,502.776,25.0194,130.376,3.42064
0.818497,507.642,29.5844,149.196,3.96092
-3.67328,544.815,27.1501,141.437,3.42494
-1.338,539.129,29.1613,149.346,3.68875
-2.12348,511.38,26.9121,138.614,3.59668
-4.50038,566.109,27.3957,143.594,3.33829
-2.56264,573.298,29.7097,153.514,3.54671
0.512214,580.298,33.4644,169.129,3.92041
-1.74142,580.481,30.9594,159.019,3.64102
-2.01279,524.412,27.705,142.583,3.60944
-0.626036,589.563,32.688,166.552,3.77534
-3.18702,545.305,27.6451,143.501,3.47746
0.988191,502.622,29.463,148.405,3.98364
-0.423593,539.874,30.1436,153.366,3.80053
-0.135637,579.913,32.7033,166.047,3.83681
-2.35016,575.457,30.0447,155.004,3.57075
-2.91398,521.196,26.6782,138.204,3.50749
0.196703,579.81,33.0748,167.536,3.87935
-4.88868,535.78,25.5719,134.423,3.29874
-2.93134,558.622,28.5764,148.057,3.50557
-2.41331,557.693,29.0529,149.956,3.56358
-3.75229,546.385,27.1523,141.531,3.41651
-1.95438,590.131,31.2408,160.712,3.6162
-1.03525,561.239,30.6787,156.775,3.72519
-1.59504,580.779,31.134,159.746,3.65823
0.549193,577.392,33.3392,168.453,3.92527
-2.89628,526.312,26.9568,139.63,3.50945
1.44843,513.854,30.6002,153.634,4.04628
-4.62162,555.41,26.7622,140.401,3.32586
-1.75019,564.877,30.118,154.706,3.63999
1.00193,519.492,30.4662,153.444,3.98549
-4.07484,558.975,27.4624,143.489,3.38245
-2.14154,551.757,29.0187,149.484,3.5946
-0.793974,505.243,27.8502,142.074,3.75464
-0.318054,552.287,30.9496,157.347,3.81377
-2.23098,531.673,27.8749,143.685,3.58435
1.31283,592.149,35.0994,176.391,4.02767
0.368465,518.358,29.7449,150.485,3.90162
0.525461,530.249,30.5921,154.598,3.92215
-3.29771,584.639,29.5237,153.377,3.4654
-3.80214,509.693,25.2843,131.842,3.41122
-3.37623,502.4,25.3006,131.514,3.45688
-2.11645,506.702,26.6725,137.373,3.59748
-3.13836,578.704,29.3887,152.497,3.48279
-1.11656,582.61,31.757,162.38,3.71535
-2.33357,510.297,26.6582,137.516,3.57264
-2.87401,596.717,30.5868,158.407,3.51192
0.848989,550.788,32.1325,162.011,3.96498
0.956636,599.45,35.1009,176.843,3.9794
-0.265079,568.495,31.9163,162.201,3.82044
-0.274656,535.487,30.0532,152.743,3.81923
1.91084,525.976,31.8208,159.244,4.11078
-2.30344,546.622,28.586,147.429,3.57607
-2.13374,556.121,29.2561,150.699,3.5955
-1.34744,599.56,32.4194,166.043,3.68762
-2.95776,518.666,26.5078,137.366,3.50265
-2.89268,526.319,26.9606,139.646,3.50985
-4.39485,541.188,26.2881,137.681,3.34916
-2.55747,544.774,28.2367,145.897,3.54729
-0.283208,577.533,32.4034,164.697,3.81816
-2.83587,500.806,25.705,133.087,3.51615
1.55807,544.319,32.5362,163.228,4.06143
-1.77555,546.615,29.1185,149.6,3.63702
-3.53178,546.663,27.3788,142.479,3.4401
-0.53363,589.37,32.7821,166.921,3.78681
-3.81364,538.092,26.6822,139.144,3.41
-3.33206,581.481,29.3287,152.403,3.46167
-3.43901,571.759,28.7297,149.407,3.45009
-4.28026,503.279,24.5464,128.449,3.36102
1.78172,517.908,31.1949,156.254,4.09261
1.25769,547.371,32.3839,162.808,4.02014
0.0128775,516.686,29.2876,148.546,3.85573
-3.51574,556.418,27.8831,145.087,3.44182
-1.82977,507.791,26.9991,138.766,3.63069
-2.83064,581.775,29.8665,154.627,3.51674
-4.80116,588.42,28.1721,147.995,3.30759
-2.58263,592.455,30.681,158.556,3.54446
1.71,575.698,34.5909,173.351,4.08257
0.754154,575.948,33.491,168.974,3.95235
0.248849,500.709,28.6139,144.886,3.88609
-2.57348,567.058,29.3751,151.797,3.54549
1.56324,550.577,32.916,165.128,4.06215
-2.65553,503.688,26.0173,134.526,3.53628
-0.693763,566.174,31.3175,159.647,3.76697
-1.90139,531.279,28.1774,144.897,3.62235
-1.24615,586.681,31.835,162.931,3.69975
-1.2755,582.626,31.5827,161.674,3.69623
-1.61,599.961,32.1455,164.953,3.65646
-2.72631,502.841,25.9091,134.036,3.52836
-0.471933,581.196,32.3966,164.885,3.7945
-1.8101,536.418,28.5408,146.669,3.63298
-2.67383,591.276,30.522,157.839,3.53423
-2.74931,565.375,29.1077,150.608,3.52579
-3.56724,571.012,28.5625,148.678,3.43629
-4.27939,558.494,27.2403,142.545,3.36112
-2.40959,580.123,30.2253,156.004,3.564
-1.99119,501.589,26.5193,136.46,3.61194
-3.49552,500.666,25.1072,130.623,3.444
-4.48231,512.545,24.8195,130.073,3.34015
-3.03775,549.723,28.016,145.267,3.49383
-1.94576,508.068,26.9046,138.396,3.6172
-3.89309,593.033,29.3239,153.01,3.40158
-2.1799,542.392,28.4879,146.79,3.5902
-2.16167,588.216,30.9144,159.272,3.59229
1.32389,557.248,33.0432,166.045,4.02918
-4.40248,593.846,28.8381,151.045,3.34837
-3.3155,550.547,27.7847,144.362,3.46347
-1.428,585.181,31.5532,161.701,3.67802
-1.39263,545.467,29.448,150.874,3.68223
1.36886,579.897,34.4392,173.005,4.03534
0.029168,591.558,33.5505,170.148,3.85782
1.10509,595.34,35.0382,176.342,3.99941
-4.32271,563.634,27.4487,143.682,3.35662
1.62521,561.61,33.6468,168.72,4.07076
-2.23374,548.791,28.7696,148.3,3.58403
-2.78264,511.667,26.3117,136.175,3.52208
-2.72024,557.906,28.7525,148.739,3.52904
0.474102,509.228,29.3274,148.261,3.91542
0.603188,521.269,30.1546,152.303,3.93238
0.88134,590.742,34.5017,173.916,3.96931
-0.54099,542.889,30.189,153.726,3.78589
-0.530237,557.099,30.9907,157.796,3.78723
-2.9164,519.064,26.5668,137.63,3.50722
0.404874,583.995,33.5534,169.708,3.90637
-0.453154,502.267,28.0152,142.567,3.79684
-2.61038,515.676,26.6788,137.901,3.54134
-0.542524,593.898,33.0237,168.162,3.7857
-2.15771,598.836,31.4769,162.166,3.59274
-4.52217,512.029,24.7594,129.797,3.33605
0.146612,522.886,29.7761,150.88,3.87289
0.238099,550.369,31.4402,159.209,3.8847
-4.12204,574.578,28.1817,147.299,3.37751
-4.2252,558.258,27.2812,142.702,3.36675
-3.87236,562.012,27.8104,145.09,3.40377
0.304353,524.862,30.0516,152.106,3.89329
-4.29723,579.106,28.2277,147.732,3.35926
0.806789,570.016,33.2061,167.474,3.95936
-3.93543,528.891,26.1131,136.299,3.39711
-4.37952,550.264,26.7436,140.05,3.35074
-4.11782,571.385,28.0293,146.498,3.37795
-2.36633,563.956,29.4276,151.839,3.56892
-3.72909,537.71,26.7431,139.374,3.41898
0.971041,577.926,33.8573,170.56,3.98133
-0.130404,569.837,32.1409,163.185,3.83748
1.82371,579.027,34.9263,174.893,4.09851
-1.04243,516.85,28.2452,144.347,3.72432
-1.32364,572.323,30.9723,158.605,3.69046
-2.47583,536.41,27.8829,143.984,3.55651
-4.24626,586.662,28.6478,149.874,3.36456
0.428556,536.95,30.8756,156.138,3.90946
-4.79706,547.881,26.235,137.815,3.30801
-4.01436,521.33,25.6678,134.053,3.3888
-2.06341,587.853,31.0017,159.608,3.60359
1.93887,540.677,32.7415,163.82,4.11474
-3.37714,515.614,25.9652,134.969,3.45678
-0.0296909,529.509,29.9704,152.056,3.8503
-2.06162,515.513,27.1884,139.974,3.6038
-0.370276,526.142,29.4312,149.684,3.80721
-4.49764,547.872,26.5157,138.979,3.33857
-4.56563,500.028,24.1417,126.6,3.33159
1.08026,596.78,35.093,176.649,3.99605
-2.02001,563.695,29.7729,153.233,3.6086
-3.062,588.767,29.9803,155.479,3.49117
1.96023,542.523,32.8772,164.474,4.11777
-4.95124,521.836,24.8508,130.694,3.29243
1.6633,575.088,34.4992,172.948,4.07606
-3.54402,527.622,26.4137,137.47,3.43878
-0.497642,527.259,29.3639,149.478,3.79129
-0.856465,508.881,27.99,142.851,3.74698
-3.89126,508.794,25.1602,131.282,3.40178
-2.39987,564.691,29.4313,151.895,3.56511
-1.19119,538.2,29.2602,149.694,3.70635
-1.11571,548.357,29.8908,152.837,3.71545
-2.429,570.927,29.7259,153.448,3.5618
-4.9158,571.765,27.263,143.342,3.296
-1.4105,532.062,28.7065,147.094,3.6801
-3.85342,565.925,28.0229,146.178,3.40578
0.425007,574.941,33.0561,167.169,3.909
-2.43291,552.944,28.7857,148.599,3.56136
-1.66198,550.231,29.4276,151.063,3.65034
1.25512,532.238,31.4859,158.296,4.01979
-2.98241,530.586,27.0935,140.426,3.49993
-0.245139,551.697,30.9946,157.494,3.82296
-4.65513,517.894,24.9248,130.793,3.32244
0.86587,572.875,33.4404,168.585,3.96724
-3.00913,531.298,27.1043,140.51,3.49698
-4.7268,564.964,27.1208,142.393,3.31514
0.855427,514.942,30.0479,151.494,3.96584
-1.79198,574.01,30.5603,157.026,3.6351
-2.17857,581.733,30.5556,157.443,3.59035
0.671617,596.533,34.5898,174.62,3.94141
0.653965,593.313,34.3822,173.593,3.93908
0.384485,531.57,30.5199,154.388,3.90371
-1.96468,553.523,29.2922,150.699,3.61501
0.926288,576.708,33.7341,169.993,3.97532
-0.283545,565.557,31.7311,161.281,3.81811
-4.27596,581.954,28.388,148.547,3.36147
0.253705,570.719,32.6203,165.166,3.88672
1.20921,539.452,31.8625,160.241,4.01353
-2.01378,501.62,26.5,136.383,3.60932
0.00128249,562.453,31.869,161.653,3.85425
-4.29966,550.694,26.8405,140.474,3.35901
-0.971541,588.564,32.2436,164.697,3.73293
-1.01535,559.983,30.6312,156.51,3.72761
-1.54219,547.93,29.4272,150.931,3.66447
-1.71881,589.67,31.4743,161.637,3.64367
-2.27614,501.018,26.2262,135.231,3.57919
1.89866,529.969,32.049,160.4,4.10906
1.64264,520.44,31.1989,156.426,4.07318
-0.195938,569.824,32.0675,162.889,3.82917
0.886949,594.285,34.7153,174.986,3.97006
-2.51592,529.592,27.4898,141.995,3.55198
-3.4614,593.66,29.8066,155.033,3.44768
1.38156,521.809,31.0029,155.729,4.03709
-3.64327,566.913,28.2813,147.297,3.42814
-2.78638,586.27,30.1441,156.014,3.52166
-1.8959,528.695,28.0457,144.214,3.62299
-4.45553,552.987,26.8034,140.442,3.3429
-2.31269,573.215,29.967,154.561,3.57502
-2.86602,590.812,30.2927,156.874,3.51281
1.00155,557.944,32.7209,164.8,3.98543
-4.65159,578.532,27.8466,146.122,3.3228
-3.25331,521.669,26.3851,137.027,3.47023
-4.12684,564.301,27.6729,144.645,3.37701
1.07949,521.581,30.6703,154.387,3.99594
-4.13025,518.27,25.4125,132.834,3.37665
-0.295356,577.487,32.3871,164.629,3.81663
0.905529,523.912,30.624,154.343,3.97254
0.719811,584.907,33.9719,171.442,3.94779
-1.79168,537.582,28.6211,147.062,3.63514
-3.96631,528.929,26.0864,136.19,3.39386
1.6568,514.341,30.8481,154.652,4.07515
-3.03533,574.373,29.2748,151.791,3.4941
-1.14276,580.385,31.6069,161.643,3.71219
1.83996,591.865,35.7205,178.849,4.10079
-3.29865,539.169,27.2266,141.445,3.4653
-1.25774,551.109,29.8927,153.004,3.69836
-3.43245,505.508,25.4066,132.119,3.4508
-3.96761,599.176,29.5496,154.272,3.39372
0.852365,570.966,33.3135,167.962,3.96543
-4.36585,519.946,25.2823,132.384,3.35216
-3.9497,552.51,27.2655,142.328,3.39561
-4.66243,533.863,25.6866,134.799,3.3217
-3.3127,536.48,27.0774,140.684,3.46377
-0.642937,502.29,27.8329,141.832,3.77325
0.573821,541.015,31.2653,157.946,3.92851
0.779515,537.452,31.2798,157.789,3.95573
0.30626,583.462,33.4091,169.097,3.89353
0.0195878,513.134,29.093,147.552,3.85659
-4.65055,530.494,25.5353,133.993,3.32291
0.740536,546.377,31.7566,160.239,3.95054
-2.15559,581.825,30.585,157.568,3.59299
1.20252,525.311,31.0201,156.012,4.01262
1.42962,546.506,32.5237,163.313,4.04369
0.0614494,540.936,30.7136,155.725,3.86195
-4.59001,529.254,25.5306,133.907,3.3291
0.186615,598.737,34.1426,172.957,3.87805
1.71823,532.954,32.0316,160.516,4.08372
-1.79997,566.607,30.1578,154.967,3.63417
-3.90911,508.757,25.1424,131.207,3.39989
-1.93183,525.811,27.8577,143.285,3.61882
1.08464,571.327,33.6014,169.135,3.99664
-3.63415,576.688,28.7782,149.875,3.42912
-0.152029,563.629,31.767,161.312,3.83473
-4.49669,573.32,27.7483,145.438,3.33867
-3.05149,569.832,29.0268,150.523,3.49232
0.0581143,585.956,33.266,168.67,3.86153
-0.80738,551.571,30.3898,155.044,3.75299
-2.67061,581.879,30.0403,155.345,3.53459
-1.84268,543.841,28.9029,148.564,3.62918
-2.31735,579.586,30.2951,156.259,3.57449
-4.58867,576.562,27.814,145.882,3.32923
-0.394448,505.946,28.2778,143.843,3.80418
0.264368,507.9,29.0404,147.029,3.8881
1.85464,586.519,35.4156,177.304,4.10286
-3.98584,565.736,27.8824,145.588,3.3918
0.525984,550.522,31.7623,160.512,3.92222
1.17319,538.889,31.79,159.917,4.00864
-1.73809,518.766,27.6711,142.125,3.64141
1.08104,542.153,31.8816,160.483,3.99615
-2.24718,523.785,27.4458,141.49,3.58249
-4.59234,505.754,24.395,127.953,3.32886
-4.43124,544.296,26.4049,138.33,3.3454
-0.725666,555.545,30.6956,156.513,3.76304
-0.214515,548.742,30.8612,156.782,3.82682
0.526367,559.455,32.2782,163.118,3.92227
-4.94287,537.143,25.5874,134.559,3.29327
-3.65346,529.77,26.4188,137.607,3.42705
-4.29141,574.797,28.0235,146.656,3.35987
-1.59587,578.519,31.0119,159.12,3.65813
-0.79226,526.475,29.0223,148.051,3.75485
-0.127177,587.961,33.1669,168.39,3.83789
-4.95577,535.038,25.4754,133.983,3.29197
-4.97012,500.894,23.8375,125.382,3.29053
-0.938325,500.619,27.4573,140.215,3.73698
-1.11311,552.673,30.1288,154.051,3.71577
-0.108836,575.931,32.5088,165.028,3.84022
1.36147,553.278,32.8499,165.03,4.03433
-2.80249,599.169,30.7899,159.375,3.51987
-0.508006,590.993,32.9015,167.499,3.79
-4.24926,571.09,27.8845,145.883,3.36425
1.51006,533.751,31.8521,159.85,4.05479
0.649746,548.875,31.8024,160.573,3.93852
1.50498,520.822,31.0752,155.957,4.05409
0.474487,562.519,32.397,163.779,3.91547
-0.303778,539.069,30.2238,153.642,3.81557
-2.95588,573.901,29.3327,152.003,3.50286
-0.909816,594.963,32.6642,166.771,3.74046
0.339178,585.908,33.5872,169.959,3.89781
-2.65169,594.145,30.694,158.703,3.53671
-4.82426,584.91,27.981,147.016,3.30525
-0.575598,534.505,29.6872,151.208,3.78159
-4.75166,569.155,27.2978,143.349,3.31261
-3.04773,528.978,26.9493,139.746,3.49273
0.59186,568.244,32.8592,165.977,3.93088
-3.50338,572.064,28.6797,149.218,3.44315
-2.75579,559.436,28.7953,149,3.52507
1.26163,514.402,30.4375,153.018,4.02067
0.812684,598.892,34.8953,175.986,3.96014
-3.01907,514.11,26.2183,135.927,3.49589
-3.75096,583.844,29.0152,151.24,3.41666
-2.47815,545.942,28.3761,146.532,3.55624
-3.45771,591.052,29.6795,154.368,3.44807
0.00284418,575.622,32.617,165.445,3.85445
-3.77089,513.309,25.4918,132.894,3.41454
-2.10906,550.373,28.9788,149.243,3.59833
1.32088,578.148,34.2789,172.258,4.02877
-3.97317,598.169,29.4941,153.989,3.39313
-2.42769,557.064,29.0055,149.728,3.56195
-1.33294,595.205,32.2001,164.903,3.68935
-3.80315,550.71,27.3181,142.448,3.41111
-3.44848,549.29,27.5914,143.498,3.44907
-1.41135,509.006,27.4617,140.717,3.68
-3.8285,552.605,27.3874,142.837,3.40842
-1.94127,564.443,29.8946,153.772,3.61772
-1.58901,532.159,28.5336,146.397,3.65894
0.0428014,503.705,28.5813,144.933,3.85956
1.54576,547.712,32.7252,164.19,4.05973
-0.684757,590.996,32.7008,166.688,3.76808
-4.2247,582.599,28.4712,148.926,3.3668
-4.0585,583.097,28.6641,149.75,3.38417
0.387426,597.249,34.2943,173.477,3.90409
-4.40122,586.148,28.4656,149.092,3.3485
-3.95947,520.375,25.6707,134.013,3.39458
-4.42737,591.013,28.6752,150.219,3.3458
-1.42474,588.565,31.7392,162.651,3.6784
-1.9876,529.291,27.9875,144.011,3.61235
-3.00206,504.712,25.7544,133.505,3.49776
-0.534734,594.764,33.0808,168.444,3.78667
-3.19438,510.357,25.8667,134.276,3.47666
-0.251545,500.282,28.0998,142.791,3.82215
-1.8905,517.1,27.4358,141.072,3.62362
1.02291,543.1,31.8737,160.509,3.98831
-2.35675,529.008,27.6132,142.467,3.57
-2.96405,587.482,30.0182,155.564,3.50196
-0.992828,595.954,32.6243,166.667,3.73035
-0.503372,568.124,31.6335,161.038,3.79058
-3.45652,529.355,26.5825,138.259,3.4482
-0.477904,517.336,28.831,146.744,3.79375
-4.31265,502.859,24.4977,128.225,3.35766
-4.92167,568.92,27.1216,142.605,3.29541
-3.13154,543.467,27.6058,143.239,3.48353
-4.02793,568.248,27.9644,146.062,3.38738
-0.814894,559.29,30.807,157.181,3.75207
-4.93635,588.055,28.0192,147.34,3.29393
-2.89712,558.005,28.5793,148.035,3.50936
-2.79602,513.587,26.398,136.635,3.52059
-1.80762,570.068,30.3338,155.88,3.63327
-0.236151,531.925,29.893,151.887,3.82409
-1.00374,597.495,32.6963,167.047,3.72902
-2.94527,589.791,30.1561,156.258,3.50403
-2.15618,565.942,29.7494,153.265,3.59292
-0.677201,529.396,29.3,149.345,3.76902
-3.05342,551.165,28.074,145.584,3.49211
-3.6029,542.578,27.106,141.134,3.43247
0.731504,515.151,29.9324,151.044,3.94935
-3.02977,523.512,26.6877,138.371,3.49471
-1.93335,551.136,29.1979,150.18,3.61864
-3.25059,524.944,26.5533,137.898,3.47053
-1.21428,599.513,32.5674,166.641,3.70358
1.04855,599.084,35.1903,177.178,3.99177
-4.45103,510.31,24.7387,129.62,3.34337
-4.37636,591.309,28.7416,150.51,3.35107
1.82397,590.414,35.6135,178.333,4.09854
-4.86922,587.608,28.065,147.507,3.3007
-2.13451,531.712,27.9713,144.081,3.59541
1.45613,519.649,30.9534,155.399,4.04735
-0.59879,594.437,32.9893,168.055,3.77872
-2.97887,542.386,27.6995,143.564,3.50032
-3.16666,500.378,25.3857,131.753,3.47969
-3.07884,537.362,27.3465,141.838,3.48931
-4.60214,567.658,27.3713,143.575,3.32785
-1.56931,525.906,28.2177,144.755,3.66126
-3.04914,530.258,27.0132,140.079,3.49258
0.0587021,556.525,31.5957,160.201,3.8616
0.199922,542.527,30.9514,156.776,3.87977
-0.332775,592.283,33.174,168.674,3.81192
-1.18302,501.134,27.2528,139.416,3.70734
-3.22347,525.526,26.6082,138.155,3.47348
-4.87818,587.019,28.0279,147.322,3.2998
-4.50649,566.337,27.4008,143.627,3.33766
1.98228,571.166,34.6391,173.261,4.12089
-2.482,595.871,30.967,159.917,3.55581
-2.26492,589.897,30.8908,159.271,3.58047
-3.04711,504.509,25.7033,133.284,3.4928
-0.459683,567.9,31.6689,161.167,3.79602
0.897054,580.95,33.9481,171.107,3.97141
-0.141367,553.687,31.2181,158.513,3.83609
0.04888,539.303,30.6076,155.202,3.86034
1.53237,569.608,34.0179,170.692,4.05787
-2.10177,553.651,29.1589,150.162,3.59917
0.244197,550.243,31.4396,159.199,3.88549
-0.90412,542.375,29.7829,152.054,3.74115
-0.742165,578.718,31.9577,162.967,3.76101
-0.115568,524.37,29.5916,150.226,3.83936
-4.95168,574.693,27.3676,143.93,3.29239
1.86446,518.175,31.2993,156.685,4.10424
-3.5691,528.165,26.4175,137.515,3.43609
-0.798622,567.43,31.273,159.54,3.75407
-3.40911,514.68,25.8889,134.604,3.45332
1.04032,555.725,32.6342,164.318,3.99066
-1.75114,586.612,31.2758,160.655,3.63988
0.806398,564.975,32.912,165.991,3.9593
-2.09071,528.734,27.8574,143.448,3.60045
0.27517,537.798,30.7614,155.73,3.8895
-3.8814,584.453,28.9116,150.845,3.40282
-2.2237,510.661,26.7801,138.035,3.58518
0.977438,585.366,34.3007,172.786,3.98219
-4.63509,593.661,28.5916,150.013,3.32449
-1.11518,503.364,27.4387,140.299,3.71552
1.86212,519.204,31.3589,156.986,4.10391
0.105791,583.609,33.1873,168.214,3.86764
1.36952,574.823,34.1386,171.494,4.03544
1.13777,521.481,30.7257,154.602,4.00383
-3.0772,538.952,27.429,142.264,3.48949
-2.72967,521.391,26.8617,138.968,3.52798
-3.74531,528.874,26.2886,137.022,3.41726
-4.32748,530.727,25.8418,135.275,3.35613
1.48487,525.887,31.3558,157.387,4.05131
1.50518,559.103,33.3595,167.421,4.05411
0.502688,542.504,31.2747,158.073,3.91916
-0.427964,596.963,33.3262,169.563,3.79999
-1.09452,563.433,30.7352,157.131,3.71802
0.315254,504.063,28.8716,146.122,3.8947
-1.24404,516.007,28.0021,143.312,3.7
-2.00411,531.908,28.1096,144.656,3.61044
0.0408452,502.012,28.4833,144.438,3.85931
-2.71286,514.183,26.506,137.111,3.52986
-3.05004,512.927,26.1295,135.497,3.49248
-0.823497,527.518,29.0483,148.217,3.75102
1.16914,518.26,30.5688,153.778,4.00809
-2.98745,525.689,26.8387,139.111,3.49937
-0.433028,535.883,29.911,152.193,3.79935
0.445996,516.435,29.7138,150.244,3.91174
-4.16156,553.585,27.114,141.76,3.37338
-1.904,513.896,27.2529,140.146,3.62205
1.24123,563.882,33.342,167.644,4.01789
-4.47857,508.742,24.6386,129.122,3.34053
-2.42139,520.65,27.1154,139.965,3.56267
-3.43425,529.309,26.6011,138.333,3.45061
1.8841,578.302,34.9545,174.96,4.10701
0.947209,592.52,34.6839,174.753,3.97813
-4.28556,526.38,25.6683,134.325,3.36047
-2.47303,520.924,27.0806,139.838,3.55682
-4.92324,555.827,26.496,139.317,3.29525
0.907626,518.086,30.2856,152.636,3.97282
-4.67048,592.015,28.4765,149.448,3.32087
-1.82091,566.886,30.1505,154.953,3.63172
-3.50638,517.569,25.9449,134.992,3.44283
-0.636377,510.659,28.3031,144.221,3.77406
1.06842,517.519,30.4199,153.138,3.99445
-0.0368289,593.36,33.576,170.358,3.84939
-1.43395,592.879,31.9616,163.801,3.67731
-1.09807,545.416,29.7487,152.091,3.71759
0.52473,577.096,33.2941,168.254,3.92205
-4.4592,598.353,28.9985,151.949,3.34252
0.284419,584.493,33.4429,169.295,3.8907
-1.3968,534.157,28.8333,147.729,3.68173
-2.90633,508.601,26.0405,134.893,3.50834
-0.773374,525.186,28.9702,147.766,3.75717
-3.21975,563.327,28.5258,148.108,3.47389
1.28076,573.694,33.9681,170.745,4.02328
-3.60528,558.092,27.8787,145.16,3.43221
-3.20742,598.678,30.3291,157.457,3.47524
-1.8836,577.952,30.6718,157.704,3.62442
1.36186,504.429,29.95,150.461,4.03438
1.11064,534.993,31.4925,158.491,4.00016
-3.49601,536.903,26.924,140.076,3.44395
-1.82434,568.151,30.2142,155.284,3.63132
-3.29561,539.886,27.2658,141.645,3.46563
0.588908,560.567,32.412,163.721,3.93049
1.91985,511.24,30.9388,154.821,4.11205
-2.11425,506.401,26.6587,137.3,3.59774
-0.309628,519.655,29.1294,148.085,3.81483
-2.63296,556.336,28.7596,148.681,3.53881
1.09089,532.006,31.2955,157.521,3.99749
-1.689,586.574,31.3417,160.921,3.64716
1.09044,557.241,32.7795,164.991,3.99742
-3.01152,580.653,29.6197,153.553,3.49672
-1.03706,598.83,32.7314,167.267,3.72498
0.384946,599.008,34.3923,173.976,3.90377
-1.53344,500.973,26.9135,138.029,3.6655
-1.91004,529.078,28.0521,144.262,3.62134
-1.05509,584.18,31.9107,163.094,3.72279
-2.82368,597.557,30.6842,158.852,3.51751
-2.26665,535.176,28.0236,144.489,3.58027
0.958457,530.972,31.0931,156.649,3.97964
-2.48549,538.966,28.0063,144.631,3.55541
-0.966837,594.796,32.5904,166.462,3.73351
-1.10947,579.918,31.618,161.661,3.71621
-4.78776,598.33,28.6602,150.544,3.30895
0.43205,562.232,32.3332,163.505,3.90992
-0.0279452,578.996,32.7733,166.274,3.85052
0.883599,556.841,32.5243,163.946,3.96961
-4.87169,522.811,24.968,131.232,3.30045
1.47906,528.457,31.5028,158.131,4.05051
-3.5181,508.987,25.5042,132.71,3.44157
-3.4718,505.772,25.3846,132.043,3.44656
1.35128,571.851,33.9409,170.523,4.03293
-3.78749,504.539,25.0416,130.563,3.41277
-4.49424,534.781,25.8853,135.671,3.33892
0.864604,583.935,34.0846,171.834,3.96707
-0.246972,509.071,28.598,145.318,3.82272
0.0926367,512.404,29.1249,147.638,3.86595
0.88156,557.516,32.5614,164.136,3.96934
1.34952,575.466,34.1533,171.593,4.03269
-4.76134,554.423,26.5821,139.601,3.31163
-1.94223,550.998,29.1815,150.105,3.61761
-3.18844,558.874,28.3316,147.066,3.47731
-3.63179,595.773,29.7331,154.845,3.42937
-2.08907,532.595,28.0624,144.502,3.60064
0.247034,525.999,30.0573,152.196,3.88586
-2.46135,537.516,27.9546,144.338,3.55814
0.57682,500.607,28.9331,146.161,3.9289
1.92785,542.283,32.8264,164.257,4.11318
0.0445889,584.877,33.1892,168.297,3.85979
-1.05371,583.904,31.8971,163.023,3.72296
1.68558,564.568,33.8939,169.887,4.07916
-1.36787,588.1,31.7771,162.778,3.68518
-4.45439,520.151,25.2128,132.107,3.34302
-1.43205,531.822,28.672,146.94,3.67753
0.81303,504.982,29.4239,148.392,3.96019
1.8214,510.311,30.779,154.127,4.09818
1.60153,546.465,32.713,164.065,4.06746
1.06283,540.262,31.7506,159.844,3.99369
-4.81545,579.722,27.7415,145.749,3.30614
0.205583,569.849,32.5165,164.697,3.8805
-0.940691,592.796,32.5103,166.022,3.73669
-2.61785,598.233,30.9419,159.945,3.5405
-4.17849,544.343,26.6454,139.328,3.37161
-0.323217,507.769,28.4498,144.644,3.81312
-2.83711,500.923,25.7099,133.113,3.51602
0.565587,503.048,29.0629,146.829,3.92742
-4.22574,554.249,27.0848,141.675,3.36669
-1.08691,589.305,32.155,164.38,3.71894
-0.591318,567.486,31.5018,160.469,3.77964
1.60051,544.256,32.5796,163.397,4.06732
1.70428,550.116,33.0474,165.622,4.08177
1.06536,544.678,32.0129,161.161,3.99404
0.744977,561.584,32.6455,164.718,3.95113
-3.75953,512.778,25.4757,132.799,3.41574
1.00117,585.15,34.3159,172.834,3.98538
-1.27742,596.245,32.3188,165.445,3.696
-0.226304,582.821,32.7644,166.465,3.82533
1.77497,563.598,33.9391,170.007,4.09167
-4.09255,542.804,26.6512,139.269,3.3806
-2.03218,593.714,31.345,161.339,3.6072
-2.91083,595.19,30.4691,157.839,3.50784
-2.14965,505.214,26.5633,136.843,3.59367
-0.65412,549.929,30.4608,155.236,3.77187
0.65472,514.793,29.8328,150.623,3.93918
-3.51307,559.316,28.031,145.853,3.44211
-0.665811,594.162,32.8975,167.668,3.77042
-4.11568,578.674,28.389,148.376,3.37818
0.752138,597.955,34.7683,175.421,3.95209
-2.66922,583.354,30.1179,155.744,3.53474
0.0146422,525.946,29.8143,151.216,3.85596
-2.05673,519.137,27.3842,140.977,3.60436
-4.70876,530.847,25.4994,133.862,3.31698
0.677825,513.504,29.7817,150.34,3.94223
-0.265937,518.965,29.1347,148.066,3.82033
-1.83166,513.148,27.2822,140.222,3.63047
-3.04406,513.785,26.1787,135.746,3.49314
1.54401,506.384,30.2541,151.794,4.05949
-2.82328,541.022,27.7815,143.825,3.51755
-1.03215,517.575,28.2949,144.59,3.72557
-2.56674,546.424,28.313,146.301,3.54625
0.655632,567.551,32.8912,166.063,3.9393
-4.86852,543.268,25.9479,136.379,3.30077
0.530964,583.781,33.687,170.232,3.92287
-1.4336,538.044,29.0059,148.653,3.67735
-3.61796,503.349,25.1328,130.874,3.43085
-0.426661,570.66,31.8592,162.098,3.80015
-0.531955,519.588,28.9023,147.164,3.78702
-1.17516,595.545,32.3959,165.717,3.70828
-0.205424,565.79,31.83,161.693,3.82797
-4.20196,500.182,24.4633,127.94,3.36917
-2.82063,538.178,27.638,143.079,3.51785
-2.08982,574.529,30.2711,155.877,3.60055
-0.477083,526.712,29.3543,149.407,3.79385
-3.20988,502.457,25.4523,132.141,3.47497
-2.96905,571.738,29.2086,151.374,3.5014
1.00082,581.121,34.0792,171.642,3.98534
-0.763013,573.917,31.6697,161.523,3.75844
-4.2021,575.635,28.1535,147.239,3.36915
-2.75781,582.994,30.0058,155.265,3.52484
0.217651,543.148,31.0058,157.032,3.88206
-2.25641,575.435,30.1424,155.402,3.58144
-2.20677,533.95,28.0181,144.398,3.58712
-4.19487,590.953,28.9101,151.188,3.36991
-3.90206,535.897,26.4903,138.233,3.40063
-2.49963,511.217,26.5512,137.13,3.55382
-2.39731,558.768,29.1252,150.312,3.5654
-3.21755,516.56,26.1596,135.821,3.47413
-0.654759,579.873,32.1187,163.685,3.77179
-0.349159,514.354,28.7928,146.415,3.80986
-1.99545,513.267,27.1327,139.62,3.61144
-2.95672,584.374,29.8671,154.773,3.50277
-1.03007,541.432,29.6013,151.264,3.72582
-0.815554,598.171,32.9479,168.105,3.75199
-4.8015,534.261,25.5788,134.372,3.30755
-3.2479,526.101,26.6144,138.212,3.47082
-0.369448,599.211,33.5195,170.475,3.80732
-1.21501,596.061,32.3791,165.679,3.70349
0.928323,511.913,29.946,150.902,3.9756
-1.99652,577.402,30.5219,157.062,3.61132
-4.9009,545.288,26.0143,136.761,3.2975
-2.37459,558.436,29.1311,150.318,3.56798
-0.592437,567.459,31.4991,160.456,3.77951
-4.78815,542.711,25.9957,136.548,3.30891
-1.41738,535.33,28.8759,147.969,3.67928
-2.8953,542.462,27.785,143.918,3.50956
-4.63256,558.25,26.8886,141.075,3.32475
-3.66694,549.681,27.3987,142.725,3.42561
-3.29263,515.883,26.0563,135.359,3.46595
-2.26097,547.809,28.6908,147.923,3.58092
-3.96115,572.222,28.2268,147.359,3.3944
-0.545232,514.556,28.6093,145.686,3.78537
-4.15764,519.036,25.4254,132.928,3.37379
1.75279,577.224,34.7334,174.013,4.08856
-3.02883,568.522,28.9832,150.272,3.49481
-0.838308,546.996,30.1054,153.627,3.7492
-4.72436,547.948,26.3063,138.114,3.31539
1.39966,561.339,33.3721,167.609,4.03957
0.467025,508.809,29.2962,148.111,3.91449
0.972054,562.028,32.9271,165.873,3.98147
-2.54863,519.924,26.957,139.276,3.54829
-4.66577,517.611,24.9017,130.683,3.32136
-3.91273,530.363,26.2068,136.765,3.39951
-3.93868,562.052,27.7471,144.831,3.39677
-1.76003,534.03,28.4635,146.218,3.63884
-4.06049,554.556,27.2591,142.412,3.38396
-3.56703,595.863,29.8057,155.15,3.43631
0.628103,517.58,29.9668,151.328,3.93566
-0.211915,507.395,28.5384,144.979,3.82715
0.38087,521.116,29.9159,151.336,3.90324
1.16982,563.149,33.2173,167.101,4.00818
-1.81413,572.665,30.4651,156.562,3.63251
-1.80939,512.459,27.2668,140.121,3.63307
-0.246422,577.692,32.4535,164.909,3.82279
-1.03353,583.148,31.8782,162.903,3.7254
1.45994,576.959,34.3716,172.555,4.04787
1.06215,532.177,31.2747,157.449,3.9936
-0.287827,551.226,30.9224,157.175,3.81757
1.2029,548.294,32.3777,162.84,4.01267
-1.88571,532.084,28.2355,145.18,3.62417
-1.57536,596.164,31.9807,164.067,3.66055
-1.09541,548.259,29.9066,152.895,3.71791
-2.75288,588.907,30.3153,156.861,3.52539
1.75502,521.216,31.3656,157.138,4.08887
-2.413,551.074,28.7084,148.178,3.56362
-4.65825,551.515,26.5399,139.272,3.32212
1.352,581.613,34.5211,173.437,4.03303
0.46335,587.399,33.8169,170.97,3.91401
-1.15549,578.036,31.465,160.932,3.71065
-4.02727,556.057,27.3651,142.931,3.38744
0.0545116,504.135,28.6172,145.103,3.86106
0.310647,598.467,34.2734,173.467,3.8941
-2.93754,512.288,26.2005,135.753,3.50489
-0.923877,516.422,28.3383,144.699,3.73874
-4.10382,552.382,27.1106,141.682,3.37942
1.74611,504.873,30.3728,152.174,4.08762
-3.1598,588.503,29.8637,154.986,3.48044
-2.26219,568.71,29.7841,153.562,3.58078
1.64832,555.604,33.3133,167.021,4.07397
-0.0120389,520.712,29.4904,149.602,3.85255
-4.93828,513.432,24.4619,128.636,3.29373
0.394564,595.352,34.1938,172.96,3.90502
0.896194,534.616,31.2397,157.457,3.97129
1.92537,563.194,34.0893,170.58,4.11283
-4.30505,543.564,26.4879,138.634,3.35845
-1.60793,535.748,28.7071,147.307,3.65671
-3.83086,580.899,28.7873,150.141,3.40817
-4.22328,510.818,24.9646,130.582,3.36695
-4.72795,597.97,28.704,150.707,3.31502
-0.399064,566.13,31.6365,160.933,3.8036
-4.35099,563.213,27.4007,143.461,3.35369
1.28357,576.943,34.1638,171.725,4.02367
-0.325947,557.924,31.2569,158.919,3.81278
-4.84412,584.933,27.9622,146.94,3.30324
-0.31923,516.094,28.9202,147.031,3.81362
-1.27184,533.279,28.9114,147.996,3.69666
-2.81775,575.118,29.5381,152.912,3.51817
0.212549,584.02,33.3332,168.825,3.8814
-0.611357,576.533,31.9818,162.937,3.77716
0.722599,551.08,32.0103,161.539,3.94816
-1.2073,559.583,30.4057,155.572,3.70441
1.74521,548.66,33.006,165.368,4.0875
-1.53185,518.466,27.8549,142.855,3.66569
-4.33078,552.389,26.8934,140.783,3.35579
0.6388,530.427,30.7219,155.13,3.93707
-4.95328,585.062,27.8598,146.521,3.29222
-2.05157,506.752,26.7357,137.634,3.60496
0.808491,543.643,31.6716,159.733,3.95958
-1.5683,525.394,28.1912,144.619,3.66138
1.5558,523.711,31.3019,157.038,4.06112
-3.67165,518.792,25.8548,134.687,3.42511
0.630669,526.922,30.5104,154.07,3.936
-2.78058,526.486,27.0757,140.127,3.52231
1.17486,592.441,34.9511,175.817,4.00886
-2.60828,548.938,28.4018,146.805,3.54158
1.62975,596.218,35.7258,179.139,4.07139
-2.28169,586.483,30.694,158.275,3.57855
-2.22153,577.377,30.2812,156.078,3.58543
-1.71723,525.148,28.0319,143.957,3.64385
0.981074,563.006,32.9945,166.202,3.98268
-4.19862,522.635,25.5645,133.696,3.36952
-3.60567,540.062,26.9776,140.468,3.43217
1.60536,566.716,33.9297,170.163,4.068
-0.157449,518.135,29.1974,148.269,3.83405
0.870364,584.527,34.1259,172.035,3.96784
-1.46343,500.31,26.9436,138.114,3.6738
-1.58837,562.724,30.1731,154.808,3.65901
-0.0567199,596.632,33.738,171.204,3.84685
1.86963,541.405,32.7082,163.732,4.10497
-4.63988,518.409,24.9631,130.98,3.324
0.224033,546.752,31.2184,158.102,3.88288
-4.44041,589.196,28.5738,149.702,3.34446
-0.890023,528.775,29.0503,148.298,3.74287
-2.37811,519.354,27.089,139.784,3.56758
-3.0916,509.15,25.8991,134.344,3.48791
-0.390831,555.086,31.0282,157.829,3.80464
-2.99382,586.377,29.9303,155.143,3.49867
0.0984538,504.31,28.6706,145.329,3.8667
-2.83389,577.578,29.6476,153.497,3.51638
0.27684,553.954,31.6873,160.416,3.88972
-3.92224,528.404,26.1012,136.223,3.3985
-1.67827,589.065,31.4866,161.652,3.64843
1.61868,508.339,30.4485,152.69,4.06985
-4.25465,575.204,28.08,146.912,3.36368
-3.11803,515.984,26.2223,136.046,3.48501
-3.39823,565.604,28.4613,147.967,3.4545
-0.110877,544.554,30.7356,156.028,3.83996
1.84388,510.904,30.8384,154.401,4.10134
-0.0886227,593.047,33.4983,170.026,3.84279
-3.69278,525.723,26.1806,136.406,3.42285
-0.125053,559.634,31.5712,160.287,3.83816
-0.76443,519.535,28.6674,146.212,3.75827
1.78537,527.923,31.8021,159.291,4.09312
1.7788,554.74,33.4101,167.353,4.0922
-3.17649,509.593,25.8442,134.142,3.47861
0.976222,575.073,33.6962,169.742,3.98203
-1.03633,513.755,28.082,143.506,3.72506
-0.691533,542.273,29.9978,152.917,3.76725
-1.23342,569.889,30.9376,158.324,3.70127
-4.5218,505.923,24.4645,128.25,3.33609
1.41345,546.899,32.529,163.358,4.04147
-3.42519,583.924,29.3553,152.645,3.45159
-1.80327,546.464,29.0823,149.444,3.63378
0.00634345,528.877,29.9718,152.024,3.8549
-0.706992,584.254,32.3028,164.685,3.76534
-0.263075,500.365,28.0933,142.77,3.82069
-1.8747,563.102,29.8931,153.69,3.62545
-2.04049,584.278,30.8379,158.738,3.60624
-3.30288,513.831,25.9433,134.782,3.46484
-0.169028,533.744,30.065,152.687,3.83258
-2.59561,578.18,29.9281,154.68,3.543
-4.83263,569.87,27.2534,143.202,3.3044
-1.22758,510.342,27.7105,141.803,3.70198
-4.86577,540.045,25.7965,135.581,3.30105
-0.907279,500.173,27.4625,140.21,3.74077
-1.27412,579.437,31.4114,160.796,3.69639
-0.632393,509.563,28.2462,143.927,3.77456
1.74474,580.621,34.9281,174.998,4.08743
-3.77513,531.691,26.4007,137.637,3.41409
-3.49515,536.146,26.8868,139.882,3.44404
1.6797,555.12,33.32,167.018,4.07834
-0.652118,500.454,27.7223,141.277,3.77212
-3.57733,511.679,25.5854,133.192,3.43521
-0.921578,574.591,31.5328,161.008,3.73902
-4.59853,537.792,25.9346,136.035,3.32822
-2.26144,520.873,27.2796,140.648,3.58086
-3.90899,557.271,27.5401,143.719,3.3999
-0.382203,585.525,32.7394,166.523,3.80572
-4.73939,549.871,26.3844,138.54,3.31386
0.622762,548.451,31.7484,160.331,3.93496
-0.960707,593.437,32.5228,166.11,3.73425
0.659108,532.076,30.839,155.698,3.93976
-3.97565,551.527,27.1919,141.972,3.39287
-2.58462,598.564,30.9951,160.182,3.54424
-0.195688,544.747,30.6565,155.721,3.8292
-0.448397,554.924,30.9574,157.534,3.79743
-1.63161,581.808,31.1494,159.867,3.65391
1.71627,501.097,30.115,150.914,4.08345
-0.0808047,559.418,31.6073,160.419,3.84378
-1.86308,529.944,28.1442,144.686,3.62681
-0.240955,563.693,31.6731,160.937,3.82348
-2.31464,531.66,27.7927,143.349,3.5748
-0.980089,525.377,28.7735,146.98,3.73189
1.68287,509.574,30.5895,153.327,4.07879
-0.0415853,589.246,33.3378,169.155,3.84878
-3.74239,504.114,25.0605,130.618,3.41757
0.177123,549.138,31.304,158.588,3.87683
-0.354657,551.547,30.869,156.979,3.80917
-4.14974,517.43,25.3538,132.546,3.37462
-2.3534,592.772,30.9452,159.654,3.57038
0.739104,514.813,29.9206,150.976,3.95035
-0.957468,515.035,28.2292,144.177,3.73465
0.174501,527.816,30.0858,152.419,3.87649
0.75788,527.037,30.6508,154.64,3.95285
-0.134063,535.116,30.1787,153.227,3.83701
-3.12742,597.592,30.3596,157.522,3.48399
-1.99027,548.094,28.979,149.115,3.61204
-3.32616,500.136,25.2311,131.104,3.46231
0.487889,500.698,28.8499,145.833,3.91722
-1.68373,502.096,26.8328,137.765,3.64778
-3.44176,595.453,29.9173,155.587,3.4498
-1.36455,591.609,31.9704,163.764,3.68558
-3.66528,554.038,27.6175,143.863,3.42579
-4.70208,587.8,28.2419,148.252,3.31766
-2.13586,572.807,30.1317,155.211,3.59525
0.9789,516.627,30.2743,152.502,3.98239
-1.07633,562.745,30.7171,157.018,3.72022
-3.54593,536.391,26.8509,139.747,3.43858
-2.27445,525.296,27.4987,141.791,3.57938
1.48676,541.812,32.3074,162.162,4.05157
-1.42581,500.413,26.9845,138.286,3.67828
-3.43497,548.589,27.5693,143.369,3.45053
1.30874,531.292,31.4877,158.245,4.02711
1.562,569.523,34.0473,170.804,4.06198
-0.411237,581.507,32.4821,165.249,3.80208
0.944247,571.418,33.4452,168.516,3.97773
1.62495,553.565,33.1645,166.302,4.07072
-4.77947,592.51,28.3898,149.114,3.30979
1.33624,515.809,30.5989,153.749,4.03087
-2.68493,525.324,27.1069,140.19,3.53299
0.462149,516.953,29.7601,150.461,3.91385
1.95043,501.154,30.3601,151.892,4.11638
1.45014,507.613,30.2303,151.775,4.04652
0.708662,559.408,32.4784,163.918,3.94632
-0.921437,578.721,31.7597,162.166,3.73904
-1.7982,585.439,31.162,160.125,3.63437
1.72707,509.687,30.6425,153.546,4.08496
-2.50856,515.775,26.7795,138.319,3.55281
-3.85223,581.171,28.779,150.121,3.40591
0.698796,518.194,30.0754,151.801,3.94501
-1.19924,547.613,29.7636,152.278,3.70538
-0.707572,501.246,27.7128,141.285,3.76527
-1.03839,523.469,28.611,146.212,3.72481
-2.90177,515.973,26.4222,136.866,3.50884
-0.425878,574.301,32.0634,163.136,3.80025
0.286207,505.351,28.9164,146.379,3.89093
-4.8503,521.012,24.9011,130.86,3.30261
-1.48849,536.726,28.8795,148.064,3.67083
-3.44641,577.204,28.9957,150.799,3.44929
-4.35817,576.431,28.0366,146.798,3.35295
-3.29169,552.192,27.8911,144.889,3.46606
0.920339,517.626,30.2719,152.553,3.97453
-4.53562,590.36,28.5334,149.597,3.33467
0.966993,565.219,33.1083,166.791,3.98079
-4.24319,595.683,29.0915,152.191,3.36488
-1.11376,586.074,31.9489,163.358,3.71569
1.9655,586.544,35.5513,177.845,4.11851
-1.56394,533.13,28.6106,146.766,3.6619
0.431658,536.967,30.8798,156.156,3.90987
1.51904,562.925,33.6034,168.628,4.05603
-1.05912,535.564,29.251,149.505,3.7223
-4.91538,583.926,27.8433,146.392,3.29604
-3.01606,532.004,27.1337,140.67,3.49622
-0.196445,538.749,30.3181,154.003,3.82911
-1.45589,539.25,29.0483,148.894,3.6747
0.0733437,530.536,30.1355,152.781,3.86348
-2.09327,562.074,29.6113,152.483,3.60015
-3.79158,555.766,27.5801,143.803,3.41234
-2.04934,598.207,31.5633,162.483,3.60522
-0.770874,592.371,32.6791,166.68,3.75748
-4.06217,517.232,25.423,132.821,3.38378
-2.63075,504.089,26.0607,134.726,3.53906
-3.1159,539.1,27.3991,142.15,3.48525
-2.50352,573.881,29.8017,153.923,3.55338
-1.04477,520.919,28.4653,145.474,3.72404
-4.95527,517.832,24.6566,129.677,3.29202
1.4726,509.205,30.3484,152.344,4.04962
-3.00466,503.418,25.6861,133.153,3.49748
-2.07748,556.689,29.3437,151.088,3.60197
-3.56359,565.891,28.3099,147.36,3.43668
-3.48495,503.791,25.2734,131.478,3.44514
0.62426,505.097,29.2403,147.663,3.93515
1.7636,524.526,31.574,158.172,4.09007
-2.40713,538.301,28.0487,144.767,3.56428
0.634651,577.308,33.4325,168.821,3.93653
-0.494382,531.151,29.584,150.595,3.7917
0.178876,580.115,33.0718,167.542,3.87705
-4.47899,502.126,24.3178,127.441,3.34049
0.768249,556.481,32.3747,163.326,3.95423
-2.76525,561.113,28.872,149.407,3.52401
1.65853,508.689,30.511,152.96,4.07539
-4.76231,572.234,27.4351,144.081,3.31153
1.15163,584.079,34.4303,173.226,4.00571
-3.42045,524.287,26.3616,137.073,3.4521
0.40432,532.88,30.616,154.852,3.9063
-2.02153,563.927,29.7835,153.29,3.60843
-0.775783,532.758,29.3854,149.886,3.75687
-4.89271,588.912,28.1037,147.737,3.29833
-3.11999,562.382,28.5783,148.272,3.4848
-4.50527,593.401,28.7114,150.496,3.33779
0.799501,557.788,32.4856,163.849,3.95839
-3.47505,539.154,27.0569,140.745,3.4462
-3.03984,559.793,28.5272,147.919,3.4936
-2.44953,598.212,31.1241,160.69,3.55948
0.906068,534.481,31.2423,157.459,3.97262
-2.44859,564.031,29.3467,151.512,3.55959
-4.8677,573.872,27.4104,144.065,3.30086
-0.701627,510.436,28.2267,143.899,3.766
-4.9737,568.653,27.0586,142.329,3.29017
-4.88759,520.927,24.8639,130.701,3.29885
0.918634,534.675,31.2671,157.57,3.9743
0.556529,515.592,29.7783,150.453,3.92623
-2.20352,557.131,29.2378,150.68,3.58749
-4.21069,598.275,29.2519,152.993,3.36826
-1.27709,521.015,28.2414,144.571,3.69604
-4.71897,587.918,28.2305,148.211,3.31594
-2.36129,555.92,29.0134,149.696,3.56949
-4.62201,501.565,24.1674,126.788,3.32582
-2.08643,568.351,29.9491,154.215,3.60094
-4.91359,598.559,28.5428,150.069,3.29622
-1.5905,566.459,30.3711,155.826,3.65876
1.54229,530.14,31.6715,158.908,4.05925
1.39983,524.321,31.1716,156.556,4.0396
-2.48263,507.931,26.3963,136.313,3.55574
-0.583064,565.195,31.3836,159.857,3.78067
0.0964704,587.195,33.3804,169.205,3.86645
-1.37221,538.107,29.0713,148.922,3.68466
-2.43553,523.993,27.276,140.808,3.56106
0.0419298,500.126,28.3774,143.9,3.85945
0.982465,586.352,34.3644,173.101,3.98287
1.70962,524.84,31.5347,158.036,4.08252
-0.693161,552.764,30.5764,155.869,3.76705
-4.69462,529.477,25.4464,133.57,3.31842
1.39375,528.503,31.4137,157.779,4.03876
0.928201,569.589,33.3199,167.903,3.97558
1.48952,531.039,31.668,158.949,4.05195
0.787743,539.634,31.4156,158.465,3.95682
0.698447,568.889,33.0173,166.649,3.94496
-3.18941,537.725,27.2585,141.497,3.4772
-3.43008,512.818,25.7762,134.039,3.45106
-3.82023,530.558,26.3025,137.17,3.4093
0.822305,566.785,33.0355,166.595,3.96142
-0.0864561,576.384,32.5596,165.259,3.84306
-1.16915,554.272,30.1571,154.258,3.70901
-2.79472,535.696,27.5357,142.522,3.52073
-4.56863,515.507,24.8864,130.508,3.33128
-0.254126,521.833,29.3077,148.932,3.82182
-0.636613,511.341,28.3406,144.413,3.77403
-2.913,544.156,27.8544,144.297,3.5076
-3.29123,591.151,29.8594,155.114,3.46611
1.10504,534.604,31.4636,158.351,3.9994
-2.76401,569.662,29.3132,151.688,3.52415
-1.87517,505.203,26.819,137.885,3.6254
-0.0744063,576.254,32.5658,165.276,3.8446
-3.08843,515.92,26.2464,136.142,3.48826
-1.15656,565.749,30.7951,157.507,3.71052
-0.70944,572.786,31.6661,161.442,3.76504
-1.71789,540.645,28.8585,148.202,3.64377
-4.61745,501.902,24.1876,126.889,3.32629
-3.02121,524.809,26.7619,138.747,3.49565
1.07544,516.019,30.339,152.723,3.9954
-1.95836,506.213,26.7945,137.843,3.61574
-4.34907,551.324,26.8241,140.44,3.35389
-4.76243,556.72,26.6911,140.175,3.31152
-2.56936,539.745,27.9644,144.503,3.54596
0.067709,550.043,31.2374,158.374,3.86276
-3.73215,538.942,26.8015,139.682,3.41866
-0.24764,518.774,29.1424,148.085,3.82264
-0.327954,527.933,29.5747,150.368,3.81253
0.608036,518.678,30.0097,151.566,3.93301
-1.81181,585.6,31.1558,160.109,3.63279
-1.28899,567.473,30.7468,157.411,3.69461
-0.793133,565.903,31.1948,159.135,3.75474
-2.41019,586.165,30.5394,157.626,3.56394
1.31441,553.72,32.8233,164.951,4.02788
0.578771,508.172,29.3722,148.377,3.92916
-3.45808,542.813,27.2568,141.768,3.44803
-1.7643,532.807,28.3941,145.866,3.63834
-2.47267,562.506,29.2426,151.001,3.55686
-1.97055,515.178,27.2574,140.237,3.61433
-1.23131,545.66,29.6244,151.601,3.70153
0.583139,594.874,34.3888,173.714,3.92973
-1.96906,569.787,30.1483,155.108,3.6145
0.873003,562.414,32.8378,165.539,3.96819
-3.45017,547.359,27.4928,142.987,3.44889
-1.79248,592.895,31.5652,162.19,3.63504
-3.54382,532.742,26.6702,138.804,3.4388
1.60221,535.859,32.0788,160.884,4.06756
1.69766,501.62,30.1273,150.995,4.08085
-4.15911,533.207,26.1182,136.551,3.37364
-3.67028,509.264,25.3811,132.219,3.42526
-1.6144,588.849,31.5452,161.879,3.65594
-4.49172,584.459,28.2924,148.285,3.33918
-3.15385,501.567,25.4575,132.113,3.48109
1.38767,528.061,31.3809,157.621,4.03793
-1.25885,578.589,31.3821,160.628,3.69822
-0.334245,505.263,28.2985,143.886,3.81173
0.285882,518.213,29.652,150.103,3.89089
-1.36205,590.516,31.9141,163.473,3.68587
-3.68506,567.838,28.2856,147.365,3.42368
1.09153,552.873,32.5237,163.703,3.99757
-2.37925,514.293,26.824,138.418,3.56745
-2.86829,502.109,25.7425,133.313,3.51255
-2.84531,586.103,30.0731,155.713,3.51511
-4.47836,512.127,24.8028,129.982,3.34055
-4.67866,557.054,26.787,140.59,3.32004
-0.13434,510.288,28.7782,146.116,3.83698
-3.3422,511.544,25.792,134.034,3.46057
-4.38112,592.754,28.807,150.857,3.35058
-3.03058,537.743,27.4124,142.13,3.49462
0.778579,541.251,31.4998,158.9,3.9556
-1.03056,524.882,28.696,146.638,3.72576
0.351247,538.582,30.887,156.282,3.89938
0.961468,533.307,31.2331,157.351,3.98005
-0.24167,598.373,33.6209,170.835,3.82339
1.19897,597.003,35.2493,177.287,4.01214
-1.20793,536.445,29.1478,149.137,3.70434
-4.66423,533.736,25.6789,134.76,3.32151
0.2839,513.153,29.3605,148.629,3.89063
0.693433,543.595,31.5438,159.218,3.9443
-4.6829,589.583,28.3469,148.782,3.31961
-3.25992,517.999,26.1933,136.038,3.46951
-1.49054,526.249,28.3137,145.165,3.67059
-4.61105,520.739,25.101,131.675,3.32694
-1.87697,523.827,27.8058,142.961,3.62519
-4.4876,569.287,27.562,144.452,3.3396
0.782962,584.006,33.9932,171.473,3.95618
-1.91747,540.591,28.6552,147.371,3.62048
-1.30366,566.251,30.665,157.008,3.69285
-4.11275,547.564,26.8656,140.411,3.37848
-2.60225,591.361,30.6032,158.177,3.54226
0.0861439,529.912,30.1133,152.655,3.86512
0.957436,597.33,34.9777,176.221,3.9795
-2.69789,506.512,26.1243,135.121,3.53154
-2.58791,594.461,30.7791,159.069,3.54387
0.255893,554.638,31.7035,160.522,3.887
-3.0522,546.564,27.8409,144.374,3.49224
-2.89119,558.585,28.6149,148.213,3.51002
-0.839021,503.435,27.7072,141.39,3.74911
-4.65374,597.366,28.751,150.87,3.32258
-0.398147,575.355,32.153,163.559,3.80372
0.370515,526.161,30.1948,152.758,3.90189
-4.74363,533.14,25.5778,134.309,3.31343
-4.51023,576.351,27.8815,146.151,3.33728
-3.07648,536.493,27.3045,141.618,3.48957
0.663095,529.779,30.7101,155.043,3.94028
-4.08657,544.01,26.716,139.602,3.38122
0.0352979,553.999,31.4269,159.372,3.8586
0.379734,538.288,30.9005,156.319,3.90309
1.08838,581.025,34.1761,172.024,3.99715
0.0165547,527.712,29.9164,151.732,3.8562
1.44501,557.918,33.2203,166.793,4.04581
-4.82635,596.579,28.537,149.94,3.30504
-1.61379,566.075,30.3259,155.621,3.65601
1.7764,516.783,31.1215,155.892,4.09187
-1.36059,562.968,30.4268,155.853,3.68605
-0.837563,572.944,31.5343,160.918,3.74929
0.0567524,552.932,31.3897,159.158,3.86135
-3.51511,566.602,28.3941,147.745,3.44189
-3.12478,590.63,30.0087,155.699,3.48428
0.852826,540.231,31.5207,158.922,3.9655
-1.97254,501.867,26.5513,136.606,3.61409
-3.39205,594.318,29.9128,155.506,3.45517
-4.11632,543.124,26.6444,139.258,3.37811
-2.19485,547.568,28.7446,148.13,3.58848
1.38389,544.584,32.3586,162.536,4.03741
-4.90398,572.645,27.3165,143.61,3.29719
-2.64952,559.722,28.9178,149.517,3.53695
-1.45806,590.769,31.8211,163.11,3.67444
-2.92947,575.02,29.4172,152.411,3.50578
-4.93787,578.26,27.551,144.88,3.29378
-0.316746,525.12,29.4285,149.613,3.81393
1.70603,564.519,33.9146,169.967,4.08202
0.0206415,556.988,31.5805,160.167,3.85673
-1.4401,569.216,30.6794,157.237,3.67658
-3.53459,561.849,28.1366,146.426,3.4398
-2.69505,523.506,27.0035,139.666,3.53185
-4.32656,528.644,25.7412,134.748,3.35622
-3.8963,506.709,25.0526,130.725,3.40124
0.21266,588.89,33.6113,170.234,3.88141
0.734591,527.97,30.6805,154.815,3.94976
-3.94845,590.338,29.1335,152.078,3.39574
-1.34103,573.868,31.0371,158.956,3.68838
0.0365438,531.019,30.1246,152.766,3.85876
-3.42156,587.838,29.5558,153.684,3.45198
-2.81391,571.199,29.3407,151.886,3.5186
-4.89943,598.034,28.5322,149.997,3.29765
-3.44079,575.994,28.9407,150.507,3.4499
0.801223,583.541,33.9875,171.422,3.95861
-1.84333,519.865,27.628,142.012,3.62911
-4.77872,561.791,26.9187,141.387,3.30987
-1.27495,544.373,29.5097,151.062,3.69629
0.96285,584.483,34.2318,172.457,3.98023
-0.23225,533.166,29.9669,152.258,3.82458
-4.63337,524.604,25.2673,132.569,3.32466
1.9784,579.596,35.1456,175.8,4.12034
-2.04159,517.752,27.3256,140.66,3.60611
0.13366,556.728,31.6891,160.589,3.87123
0.322266,561.091,32.1458,162.685,3.89561
-4.80049,569.598,27.2715,143.263,3.30766
0.0517802,542.923,30.8161,156.256,3.86071
-2.06845,542.724,28.6167,147.335,3.60301
-4.45123,533.543,25.8649,135.521,3.34334
-0.0160586,596.838,33.7971,171.454,3.85204
-1.64028,575.944,30.8261,158.218,3.65289
1.78314,530.685,31.9661,160.115,4.09281
-2.35105,569.009,29.7072,153.264,3.57065
-2.91202,551.277,28.2199,146.189,3.50771
-1.50613,566.019,30.437,156.069,3.66874
-3.26661,500.992,25.3274,131.547,3.46878
-0.549144,564.982,31.4087,159.946,3.78488
-0.0601246,553.028,31.2687,158.677,3.84642
1.70327,517.719,31.1001,155.864,4.08163
-3.78186,573.748,28.4823,148.496,3.41337
1.22219,504.43,29.8072,149.891,4.0153
-3.06777,565.969,28.8135,149.435,3.49053
-1.44502,548.736,29.5705,151.559,3.67599
-0.442539,560.125,31.2538,159.036,3.79817
-1.3835,599.362,32.368,165.823,3.68332
-1.18192,563.129,30.6254,156.668,3.70747
-1.43062,581.524,31.3531,160.679,3.6777
0.419375,565.09,32.4834,164.28,3.90826
-2.72446,554.087,28.5514,147.704,3.52857
-3.42635,574.439,28.8773,150.161,3.45146
0.800131,560.047,32.6179,164.515,3.95847
-1.56628,509.653,27.3485,140.294,3.66162
0.429227,591.007,33.9847,171.86,3.90955
-1.4599,527.11,28.3904,145.526,3.67422
1.29753,548.405,32.4894,163.293,4.02558
-3.98133,597.532,29.4542,153.79,3.39228
-1.38447,576.752,31.1459,159.564,3.6832
-4.16855,509.394,24.9434,130.418,3.37265
-1.01793,536.527,29.3455,149.943,3.7273
1.90262,537.656,32.5183,162.745,4.10962
-2.56633,515.483,26.7102,138.019,3.5463
-3.7988,566.948,28.1278,146.666,3.41157
-0.470302,567.18,31.6171,160.916,3.7947
-4.03835,578.655,28.466,148.693,3.38628
-2.0174,595.767,31.4697,161.963,3.6089
-0.127758,578.045,32.6069,165.548,3.83781
-4.69792,518.402,24.9112,130.764,3.31808
0.0652116,515.401,29.2675,148.389,3.86244
-3.27496,553.421,27.9697,145.28,3.46787
-4.3907,590.022,28.6644,150.122,3.34959
-3.61417,598.83,29.9043,155.717,3.43126
-4.2273,588.345,28.7494,150.384,3.36653
-0.0105105,501.334,28.3944,144.04,3.85275
1.85328,556.293,33.5889,168.16,4.10267
1.11596,566.556,33.3566,167.866,4.00088
-1.34545,533.329,28.8401,147.709,3.68786
0.919184,572.528,33.4814,168.728,3.97437
-1.13699,540.091,29.4185,150.445,3.71289
1.86546,557.202,33.6578,168.491,4.10438
-3.90395,522.562,25.8294,134.786,3.40043
-3.98903,562.307,27.7102,144.692,3.39146
-4.45278,567.535,27.5112,144.149,3.34319
-4.668,587.62,28.2675,148.349,3.32113
-1.02933,563.907,30.8309,157.546,3.72591
1.18116,586.807,34.6262,174.175,4.00972
0.88185,500.584,29.2366,147.376,3.96937
-3.56033,583.516,29.1951,151.963,3.43703
-3.64144,512.743,25.5806,133.229,3.42834
-1.78041,569.883,30.3528,155.947,3.63645
1.17687,549.125,32.3979,162.971,4.00914
-0.385808,519.789,29.0602,147.813,3.80526
-4.82174,502.061,24.0198,126.201,3.3055
-4.46882,528.261,25.5928,134.113,3.34153
-4.03753,510.03,25.0909,131.062,3.38637
-1.50249,571.839,30.7538,157.69,3.66917
-4.09136,561.508,27.5707,144.073,3.38072
-3.1563,528.598,26.8272,139.224,3.48082
1.29286,537.328,31.8281,159.974,4.02494
-0.901198,568.027,31.1947,159.258,3.74151
-2.40515,560.291,29.1966,150.689,3.56451
0.616029,549.616,31.8085,160.642,3.93407
-2.68118,561.469,28.9759,149.852,3.53341
-3.37813,562.945,28.3477,147.355,3.45668
-1.46411,576.847,31.0647,159.239,3.67372
1.82534,595.824,35.9415,179.974,4.09874
-2.59183,530.866,27.4826,142.036,3.54343
-4.2483,598.266,29.2124,152.829,3.36435
-1.21708,510.979,27.7553,142.022,3.70324
-4.03095,502.139,24.7084,129.058,3.38706
-1.9506,567.062,30.0235,154.445,3.61664
-1.12355,529.319,28.8452,147.499,3.71451
0.413556,531.402,30.5408,154.462,3.9075
0.788468,557.847,32.4768,163.817,3.95692
-4.28608,560.132,27.3137,142.936,3.36042
-4.57664,511.623,24.6919,129.495,3.33047
-2.84685,511.902,26.2644,135.994,3.51493
0.177689,527.243,30.0565,152.267,3.8769
0.349099,544.766,31.2394,158.067,3.8991
-1.50809,535.822,28.8112,147.735,3.66851
-4.10694,586.755,28.7944,150.485,3.37909
-4.58463,586.584,28.3015,148.435,3.32965
-1.87115,579.864,30.7867,158.28,3.62587
-4.93234,554.013,26.4009,138.827,3.29433
1.57292,529.637,31.6747,158.889,4.06349
-1.79046,571.891,30.4491,156.453,3.63528
-4.40167,571.889,27.7727,145.463,3.34846
-4.41731,526.431,25.5509,133.842,3.34684
-1.9304,526.557,27.8986,143.494,3.61898
-0.497558,595.174,33.1463,168.732,3.7913
-0.299739,509.709,28.5816,145.29,3.81607
-2.90844,567.873,29.0731,150.605,3.50811
-3.32784,585.085,29.5149,153.365,3.46213
1.70659,564.281,33.901,169.898,4.0821
1.28329,514.247,30.4509,153.062,4.02363
-1.65502,593.508,31.7498,162.976,3.65116
-3.32049,576.159,29.0721,151.056,3.46293
-1.98205,558.996,29.5639,152.116,3.61299
1.64948,536.833,32.1891,161.383,4.07413
1.40457,542.678,32.2682,162.058,4.04025
0.00229917,558.014,31.6186,160.382,3.85438
-3.07702,573.922,29.2089,151.496,3.48952
-3.61253,568.004,28.3665,147.708,3.43143
-3.85747,582.489,28.8389,150.439,3.40535
-4.52133,572.736,27.6957,145.189,3.33614
0.456279,522.214,30.0569,151.968,3.91308
-3.22405,577.565,29.2424,151.833,3.47342
-2.60551,508.92,26.3338,136.113,3.54189
-1.00179,525.221,28.7433,146.849,3.72926
0.516142,562.196,32.4249,163.871,3.92093
-3.40073,597.572,30.0673,156.32,3.45423
1.89037,571.436,34.547,172.912,4.10789
1.60582,581.36,34.807,174.562,4.06806
0.20792,594.004,33.8976,171.69,3.8808
-2.96785,507.924,25.9496,134.483,3.50154
-2.55888,576.766,29.8934,154.459,3.54714
0.839344,524.979,30.6167,154.379,3.9637
-0.57512,528.844,29.3732,149.608,3.78165
0.0514675,585.245,33.218,168.435,3.86067
-3.33693,510.593,25.7488,133.805,3.46114
1.96079,585.717,35.4955,177.572,4.11784
-4.99147,536.455,25.5103,134.203,3.28838
1.45039,561.276,33.4264,167.821,4.04655
-2.37065,562.728,29.359,151.49,3.56842
1.29564,583.044,34.5393,173.598,4.02532
1.46842,590.655,35.1978,176.692,4.04904
-3.58702,579.404,28.962,150.78,3.43417
-3.66136,579.984,28.9149,150.617,3.42621
1.99709,520.458,31.5798,157.943,4.12299
-0.824022,580.824,31.983,163.192,3.75095
-2.45862,577.349,30.0291,155.047,3.55845
0.441798,537.746,30.9354,156.426,3.91119
0.294204,547.603,31.3428,158.652,3.89197
-0.538408,566.164,31.4861,160.328,3.78621
0.620241,508.318,29.4226,148.588,3.93462
0.486126,558.752,32.193,162.734,3.91699
-4.16043,535.742,26.2411,137.195,3.3735
0.562982,547.159,31.6085,159.692,3.92708
-0.620465,530.563,29.4224,149.908,3.77603
-0.265821,503.402,28.2611,143.626,3.82035
-3.99295,564.378,27.8084,145.209,3.39105
-0.503982,524.192,29.1867,148.583,3.7905
0.947828,530.731,31.0677,156.533,3.97821
1.27718,537.209,31.8039,159.87,4.0228
1.97077,599.933,36.3694,181.931,4.11926
-0.19296,587.633,33.0731,167.993,3.82955
-1.04847,582.326,31.8167,162.606,3.72359
-2.10511,551.912,29.0638,149.677,3.59879
0.385228,502.997,28.8801,146.092,3.90381
1.37755,544.423,32.342,162.46,4.03654
-4.53891,597.465,28.8735,151.383,3.33433
-4.671,573.606,27.5904,144.799,3.32082
-1.17522,582.237,31.672,162.014,3.70828
0.633035,546.814,31.6648,159.897,3.93631
1.14324,523.559,30.8539,155.241,4.00457
1.93249,578.766,35.0404,175.33,4.11384
-3.51608,597.704,29.9517,155.851,3.44179
-3.09891,512.183,26.0467,135.116,3.48711
-1.27994,564.35,30.5873,156.584,3.69569
-1.86443,556.131,29.5336,151.83,3.62665
-0.658656,559.19,30.9689,157.83,3.77131
-4.35678,518.953,25.2422,132.165,3.35309
-1.4148,500.769,27.0141,138.426,3.67959
-1.11459,582.404,31.7479,162.332,3.71559
-1.28039,587.252,31.8281,162.936,3.69564
-4.89871,526.615,25.1254,132.086,3.29772
-1.94316,566.329,29.9925,154.278,3.6175
1.90574,552.214,33.4024,167.165,4.11006
-2.99727,518.527,26.4639,137.178,3.49829
0.941032,511.528,29.9366,150.841,3.9773
-2.71915,523.567,26.9838,139.589,3.52916
1.9019,503.088,30.4268,152.278,4.10952
-0.689908,541.507,29.9571,152.708,3.76745
-2.46424,533.414,27.7384,143.225,3.55781
0.907129,501.559,29.319,147.765,3.97276
0.646428,545.176,31.5845,159.477,3.93808
0.273389,509.997,29.1694,147.673,3.88927
-0.511046,532.9,29.6643,151.021,3.78962
-3.09773,536.133,27.2658,141.439,3.48724
-2.53767,558.408,28.9635,149.631,3.54952
0.728822,596.989,34.6843,175.026,3.94899
-1.04409,520.766,28.4576,145.434,3.72412
1.54628,525.263,31.3844,157.463,4.0598
-3.0246,578.572,29.5,152.947,3.49528
0.492309,591.197,34.0696,172.212,3.9178
-4.17534,572.486,28.026,146.544,3.37194
-2.3031,531.174,27.7785,143.264,3.57611
-4.61256,580.187,27.9651,146.701,3.32679
-4.14069,508.123,24.9058,130.195,3.37556
-4.45791,563.679,27.3193,143.148,3.34266
-3.87283,546.791,27.0568,141.159,3.40373
-3.12231,586.912,29.8224,154.729,3.48455
1.02779,500.82,29.3973,148.033,3.98897
-2.10939,523.52,27.5646,141.96,3.5983
-2.66781,576.701,29.7759,153.974,3.5349
-3.13452,518.232,26.3213,136.576,3.48321
-0.992368,501.493,27.4537,140.251,3.7304
1.3156,526.887,31.234,156.963,4.02805
-4.52384,537.065,25.9685,136.137,3.33588
-1.6321,595.364,31.8746,163.59,3.65386
-0.931221,534.805,29.3396,149.82,3.73785
-3.2368,524.114,26.5242,137.733,3.47203
-1.03948,590.608,32.2793,164.959,3.72468
-3.08511,595.317,30.2892,157.108,3.48863
-4.39732,523.9,25.4461,133.273,3.3489
1.77627,578.201,34.82,174.418,4.09185
0.403082,571.377,32.8264,166.034,3.90613
-2.51196,540.025,28.0353,144.808,3.55242
-2.68942,575.121,29.6718,153.46,3.53248
1.28114,502.238,29.7376,149.479,4.02334
-3.85021,515.849,25.5461,133.255,3.40612
-2.76688,546.695,28.1285,145.561,3.52383
-2.06017,594.589,31.3605,161.452,3.60397
-4.67662,586.21,28.191,147.957,3.32025
-1.81231,577.792,30.7398,157.972,3.63273
-0.450859,530.928,29.6162,150.712,3.79713
-4.27515,566.86,27.6525,144.698,3.36156
1.29016,532.493,31.5388,158.523,4.02457
-2.26988,517.536,27.0968,139.714,3.5799
-1.78853,546.816,29.116,149.601,3.6355
-2.51994,534.623,27.7471,143.328,3.55152
0.389399,559.662,32.1382,162.568,3.90435
-1.02289,511.445,27.9688,142.914,3.72669
-2.19586,546.115,28.6673,147.732,3.58837
-2.92457,517.22,26.4648,137.11,3.50632
-2.11548,539.797,28.4156,146.349,3.5976
1.87132,532.373,32.1644,161.009,4.10521
-1.75515,569.467,30.3574,155.942,3.63941
-0.486069,555.621,30.9558,157.568,3.79273
0.581792,576.442,33.3217,168.325,3.92956
-0.182563,536.857,30.2262,153.521,3.83087
-4.75311,518.912,24.8867,130.689,3.31247
-4.62764,592.827,28.559,149.833,3.32525
0.800592,553.715,32.2496,162.657,3.95853
-4.48531,533.353,25.8244,135.343,3.33984
0.408636,555.907,31.9437,161.563,3.90686
-4.84854,583.144,27.8723,146.472,3.30279
-2.46536,560.183,29.1293,150.408,3.55769
-4.92691,593.565,28.2912,148.761,3.29488
0.287782,587.2,33.6017,170.094,3.89114
-4.37738,582.375,28.3063,148.231,3.35097
-1.36366,560.734,30.3028,155.221,3.68568
-2.39354,557.005,29.0372,149.854,3.56583
-4.79469,571.813,27.3833,143.844,3.30825
-3.92948,506.22,24.999,130.478,3.39774
-2.27675,542.479,28.3959,146.42,3.57912
1.79381,583.087,35.1353,175.976,4.09431
1.91877,562.089,34.0148,170.215,4.1119
-1.65942,588.038,31.4524,161.455,3.65064
0.640902,532.09,30.8205,155.625,3.93735
-3.96652,594.899,29.3398,153.176,3.39383
0.17412,535.875,30.5448,154.745,3.87644
-3.29529,597.438,30.1726,156.746,3.46566
-3.23345,571.077,28.9043,150.088,3.4724
0.185536,566.769,32.3185,163.718,3.87791
-0.341303,559.482,31.3276,159.296,3.81085
0.801901,542.139,31.5768,159.262,3.9587
0.966693,554.759,32.4952,163.703,3.98075
1.20639,574.882,33.9518,170.752,4.01315
0.446872,596.744,34.3355,173.612,3.91185
-1.93964,509.636,26.9934,138.847,3.61791
0.0723822,525.795,29.8652,151.412,3.86335
-4.64764,555.296,26.7319,140.269,3.32321
1.40579,549.046,32.6482,163.965,4.04042
-4.65441,573.913,27.6215,144.944,3.32251
-1.20405,534.179,29.0286,148.523,3.7048
1.06457,536.672,31.5415,158.789,3.99393
-0.608954,581.751,32.2739,164.422,3.77746
-2.45003,571.525,29.7351,153.519,3.55942
-0.572965,566.706,31.4785,160.329,3.78192
-4.09102,571.798,28.0762,146.714,3.38076
-4.56318,591.761,28.5731,149.836,3.33184
-3.20584,535.691,27.1397,140.897,3.47541
1.87877,531.656,32.1293,160.824,4.10626
-4.5823,571.286,27.5658,144.574,3.32988
-2.13321,564.066,29.6747,152.854,3.59556
-1.98019,562.093,29.7297,152.967,3.61321
-3.57305,527.303,26.3707,137.275,3.43567
-4.60282,537.399,25.9117,135.919,3.32779
-4.06332,558.782,27.4641,143.486,3.38366
-3.62636,530.942,26.5027,138.016,3.42995
-3.52522,522.328,26.1661,136.162,3.4408
-0.621452,561.272,31.1243,158.58,3.77591
0.938883,523.327,30.6248,154.311,3.97701
-4.5443,578.829,27.9675,146.639,3.33378
-1.47524,590.78,31.8026,163.035,3.6724
-3.80564,551.722,27.3658,142.7,3.41084
-1.38125,573.988,31.0001,158.813,3.68358
1.5541,577.502,34.5149,173.16,4.06088
1.02455,510.054,29.9359,150.749,3.98853
-1.67261,568.439,30.3901,156.016,3.64909
-3.0524,516.284,26.2983,136.375,3.49222
-1.15957,539.517,29.3641,150.191,3.71016
-4.18952,530.878,25.9761,135.839,3.37046
0.179986,501.465,28.5892,144.832,3.87719
-0.314692,541.563,30.3522,154.306,3.81419
-1.96553,522.492,27.6493,142.247,3.61491
-3.47605,522.595,26.2249,136.419,3.4461
0.424949,568.434,32.6819,165.277,3.90899
1.78734,540.845,32.5828,163.199,4.0934
-2.96245,507.588,25.9374,134.415,3.50213
-0.811818,544.751,30.0094,153.108,3.75245
-3.62669,527.054,26.3083,137.005,3.42992
-4.98753,595.856,28.3391,149.08,3.28878
-1.97134,532.692,28.1833,145.001,3.61423
1.69976,554.099,33.2815,166.801,4.08114
-4.08767,512.535,25.1693,131.521,3.38111
-3.16035,502.692,25.5087,132.385,3.48038
-2.3142,519.82,27.1741,140.158,3.57485
0.708247,561.241,32.5844,164.453,3.94626
-4.12348,545.934,26.7754,139.951,3.37736
-0.39887,513.531,28.6974,145.982,3.80363
1.43977,594.562,35.3958,177.722,4.04509
0.234983,569.985,32.5573,164.869,3.8843
1.03554,509.218,29.8982,150.547,3.99001
-3.61973,572.816,28.5996,148.929,3.43066
0.879074,537.95,31.416,158.364,3.969
-0.88335,530.48,29.1508,148.804,3.74369
-1.88356,509.58,27.0434,139.048,3.62442
0.2712,595.011,34.0292,172.279,3.88899
-3.15614,514.523,26.113,135.517,3.48084
1.12985,523.395,30.8301,155.136,4.00276
-0.918661,503.122,27.6135,140.993,3.73938
-2.93103,552.642,28.2708,146.473,3.50561
-2.11014,538.766,28.3666,146.091,3.59821
0.100824,540.081,30.7068,155.647,3.86701
-0.312877,528.352,29.6135,150.549,3.81442
-2.55622,554.384,28.736,148.476,3.54743
-1.93093,566.371,30.0075,154.341,3.61892
-2.68408,510.279,26.3314,136.179,3.53308
1.85949,575.685,34.7672,174.052,4.10354
-1.1376,578.243,31.4959,161.07,3.71281
-0.837092,588.288,32.3793,165.23,3.74935
-1.6279,589.103,31.544,161.888,3.65435
-4.99066,570.753,27.1422,142.787,3.28846
-1.85654,540.485,28.7106,147.591,3.62757
1.12896,504.839,29.7362,149.632,4.00264
0.0528155,574.094,32.5866,165.232,3.86085
-3.30934,544.586,27.4898,142.823,3.46414
-2.41257,565.454,29.4579,152.046,3.56367
-3.15033,572.386,29.0556,150.782,3.48148
-3.62599,584.516,29.1773,151.944,3.42999
-1.72587,588.414,31.3996,161.261,3.64284
-4.5029,518.393,25.0843,131.481,3.33803
-1.08771,543.09,29.6325,151.486,3.71884
-0.802502,552.428,30.4421,155.306,3.75359
-1.06718,564.208,30.8067,157.465,3.72132
0.684075,527.71,30.6122,154.526,3.94306
0.137674,514.307,29.2785,148.369,3.87174
-1.27983,573.271,31.0709,159.059,3.69571
-4.60692,566.202,27.2965,143.188,3.32737
-3.00513,585.293,29.8631,154.807,3.49742
-2.70598,541.513,27.9216,144.426,3.53063
-4.73846,535,25.6717,134.797,3.31395
-0.69144,582.259,32.2099,164.193,3.76726
0.0442196,530.769,30.1184,152.726,3.85975
1.3003,559.426,33.1455,166.587,4.02596
1.22726,568.981,33.6274,169.096,4.01599
-0.427586,544.349,30.3893,154.62,3.80003
-2.86074,599.998,30.7694,159.336,3.51339
-0.788638,537.838,29.6524,151.262,3.75529
-1.192,577.697,31.4067,160.676,3.70625
-0.780662,519.099,28.6272,146.024,3.75627
-4.69373,558.967,26.8646,141.013,3.31851
-4.67351,555.762,26.7297,140.284,3.32057
-0.868317,534.115,29.3658,149.886,3.74553
-3.10674,531.104,27.0015,140.077,3.48625
-2.23819,555.711,29.1279,150.152,3.58352
1.70423,520.181,31.249,156.61,4.08177
-0.469879,584.959,32.6087,165.962,3.79475
-2.13683,568.055,29.8807,153.919,3.59514
-2.29962,564.415,29.5205,152.244,3.57651
-2.05228,550.719,29.0547,149.572,3.60488
0.182911,558.789,31.8605,161.401,3.87757
0.129527,592.568,33.7243,170.907,3.8707
1.9221,512.29,31.0047,155.148,4.11237
0.786891,557.02,32.4268,163.567,3.95671
-3.02472,504.218,25.7087,133.291,3.49527
-2.71131,531.195,27.3845,141.653,3.53004
0.280142,572.114,32.7298,165.69,3.89015
-2.46474,535.391,27.8408,143.754,3.55776
1.42554,502.957,29.9278,150.282,4.04313
0.112017,561.308,31.926,161.814,3.86844
1.14815,567.594,33.4546,168.321,4.00524
1.78931,567.373,34.1832,171.213,4.09368
-3.97661,508.274,25.0585,130.834,3.39277
-4.40681,533.707,25.9137,135.732,3.34792
-3.44779,501.122,25.1725,130.917,3.44915
-3.81451,512.263,25.4007,132.461,3.4099
-3.59236,563.253,28.1493,146.555,3.43359
0.258475,552.272,31.5711,159.848,3.88734
1.26391,548.547,32.4605,163.186,4.02099
0.948086,545.803,31.9502,160.979,3.97825
-4.87544,591.11,28.226,148.36,3.30007
0.975138,514.109,30.1229,151.743,3.98188
-3.277,573.077,28.961,150.431,3.46765
-0.734705,508.979,28.1139,143.358,3.76192
-1.74865,530.922,28.3091,145.413,3.64017
-1.06435,512.92,28.0091,143.163,3.72167
1.59599,570.109,34.1219,171.138,4.06669
0.682966,555.241,32.208,162.583,3.94291
-3.73732,514.841,25.5983,133.416,3.41811
-1.46763,536.278,28.8764,148.026,3.67331
1.07956,579.361,34.0679,171.49,3.99595
1.45425,501.662,29.8801,150.012,4.04709
-4.56683,506.795,24.4674,128.309,3.33147
1.07216,526.187,30.9333,155.719,3.99495
1.30294,593.902,35.1914,176.866,4.02632
-4.98864,518.339,24.6513,129.681,3.28867
-0.22214,504.047,28.3401,143.982,3.82586
-3.69123,509.033,25.3508,132.081,3.42302
-4.1482,567.79,27.8229,145.452,3.37478
-2.42622,590.284,30.7368,158.663,3.56212
-3.03673,548.041,27.9313,144.827,3.49394
-3.12656,599.338,30.4492,157.986,3.48408
-3.12073,549.789,27.9376,144.949,3.48472
-0.313825,534.093,29.9344,152.182,3.8143
-0.749985,551.369,30.4392,155.232,3.76004
-2.59023,511.359,26.4742,136.823,3.54361
-3.53163,567.984,28.4468,148.037,3.44011
-4.96087,540.751,25.7427,135.394,3.29146
-1.2309,502.175,27.2639,139.521,3.70158
0.572175,577.626,33.3791,168.627,3.92829
1.25334,567.759,33.5852,168.852,4.01954
-3.25804,505.642,25.5702,132.8,3.46972
-3.6276,598.916,29.8944,155.681,3.42982
1.99766,571.808,34.6962,173.528,4.12307
-2.68906,502.646,25.933,134.123,3.53252
-4.4777,575.855,27.8898,146.159,3.34062
-0.301099,516.244,28.9467,147.147,3.8159
-2.31777,526.452,27.5174,141.932,3.57444
-0.135149,584.146,32.9426,167.261,3.83688
-2.16975,505.52,26.5607,136.85,3.59136
-1.4022,541.192,29.2075,149.652,3.68109
-2.25177,596.898,31.2718,161.22,3.58197
1.08245,525.893,30.9269,155.675,3.99634
-2.01329,558.215,29.4903,151.772,3.60938
-0.032064,551.955,31.2383,158.491,3.84999
-3.58164,545.272,27.261,141.919,3.43474
-3.97732,561.002,27.6574,144.404,3.3927
-3.5963,559.171,27.9415,145.477,3.43317
-3.32527,534.741,26.9777,140.179,3.46241
-3.7527,546.902,27.1776,141.663,3.41647
-4.82032,533.879,25.5433,134.205,3.30565
-2.6261,596.551,30.8459,159.459,3.53958
-1.44666,589.975,31.791,162.942,3.6758
-0.983905,596.298,32.6533,166.804,3.73143
-3.68912,585.542,29.1633,151.942,3.42325
-1.8899,515.527,27.3529,140.646,3.62369
-3.45991,554.691,27.8515,144.863,3.44784
-4.99302,519.833,24.7186,130.039,3.28823
-4.0611,599.244,29.4551,153.886,3.38389
-1.85855,593.515,31.5253,162.063,3.62734
-3.28994,554.882,28.0287,145.602,3.46625
-3.18779,586.296,29.7224,154.285,3.47738
0.721083,559.262,32.4838,163.931,3.94796
-3.94874,594.606,29.3438,153.177,3.39571
1.40613,591.468,35.1712,176.636,4.04046
-0.670018,500.954,27.7328,141.349,3.7699
-0.418003,592.525,33.0898,168.348,3.80123
-1.77035,500.059,26.6433,136.878,3.63763
-1.12546,546.033,29.754,152.148,3.71428
0.970793,541.743,31.7373,159.88,3.9813
-3.4706,574.419,28.8311,149.97,3.44668
-2.16672,512.951,26.954,138.873,3.59171
-0.0471966,545.411,30.8518,156.547,3.84806
0.900504,594.18,34.7253,175.02,3.97187
0.929165,539.054,31.5347,158.907,3.97571
-3.93817,533.627,26.3443,137.508,3.39682
-1.83644,586.001,31.1503,160.109,3.62991
-0.28853,584.256,32.7745,166.59,3.81748
-1.86737,549.751,29.1917,150.076,3.62631
0.228173,567.232,32.3924,164.042,3.88342
-4.44333,578.955,28.0743,147.088,3.34416
-3.11076,577.937,29.3783,152.412,3.48581
-2.20726,531.958,27.9131,143.857,3.58706
-1.47965,563.993,30.356,155.624,3.67188
0.402539,599.737,34.4551,174.272,3.90606
-0.896747,555.25,30.4977,155.695,3.74205
-3.62242,545.604,27.2383,141.843,3.43037
-2.47957,598.026,31.0817,160.506,3.55608
-1.72139,527.564,28.1569,144.603,3.64336
-1.02979,550.106,30.0758,153.688,3.72586
1.47929,596.669,35.5693,178.544,4.05054
-3.10549,562.815,28.6149,148.446,3.48639
-2.7988,593.16,30.485,157.792,3.52028
1.67351,579.54,34.7784,174.335,4.07748
-0.521772,514.716,28.6414,145.825,3.78828
-2.50224,539.378,28.0112,144.674,3.55352
-4.98177,500.761,23.8212,125.308,3.28936
1.20513,555.187,32.7873,164.897,4.01298
-2.46697,598.507,31.1204,160.691,3.55751
0.461406,586.677,33.7731,170.751,3.91375
-1.10104,555.684,30.3056,154.942,3.71723
-1.01589,517.735,28.3197,144.7,3.72754
-3.71518,526.514,26.1992,136.526,3.42047
0.547933,588.09,33.9554,171.568,3.9251
-1.81922,545.181,28.9978,149.027,3.63192
-3.13373,597.866,30.3667,157.567,3.48329
-0.0851777,530.058,29.944,151.982,3.84323
-3.05607,555.134,28.2735,146.622,3.49182
-0.919096,514.501,28.2376,144.18,3.73932
0.942762,502.891,29.4328,148.301,3.97753
-0.745805,596.455,32.933,167.945,3.76056
-3.12281,592.657,30.1137,156.241,3.48449
1.47153,501.658,29.8975,150.082,4.04947
-1.07815,503.877,27.5021,140.585,3.72
-1.32213,564.806,30.567,156.528,3.69064
-1.97729,503.25,26.6201,136.964,3.61354
0.0672359,514.82,29.2366,148.231,3.86269
-2.18284,589.145,30.9402,159.43,3.58986
0.612937,582.533,33.7099,170.249,3.93366
0.267584,533.841,30.527,154.552,3.88852
-3.87828,545.427,26.9841,140.785,3.40315
-4.02285,526.753,25.927,135.415,3.38791
-3.05513,525.215,26.7506,138.723,3.49192
-1.43248,599.27,32.3078,165.574,3.67748
-2.55866,566.03,29.3372,151.585,3.54716
0.0363355,568.998,32.2789,163.691,3.85874
-0.871175,514.007,28.2575,144.232,3.74518
-1.00592,579.551,31.712,162.021,3.72875
-0.72328,511.536,28.2663,144.123,3.76333
-2.54168,520.382,26.9873,139.426,3.54907
-3.91543,593.52,29.3248,153.039,3.39922
-3.21525,515.312,26.0986,135.501,3.47438
-2.37735,567.705,29.6117,152.801,3.56766
-4.93315,596.6,28.4296,149.495,3.29425
-3.08916,529.191,26.9208,139.641,3.48818
-1.38739,507.226,27.3886,140.317,3.68285
-0.666958,586.931,32.4959,165.622,3.77028
1.53317,521.853,31.1667,156.385,4.05799
-2.31369,500.512,26.1652,134.954,3.57491
-4.7162,571.349,27.4377,144.046,3.31622
-3.52747,546.482,27.3739,142.449,3.44056
0.500068,544.33,31.3771,158.594,3.91882
-4.05628,515.098,25.3234,132.295,3.3844
-0.0787949,581.162,32.8382,166.664,3.84404
-4.48647,569.292,27.5634,144.458,3.33972
0.874222,545.401,31.8458,160.537,3.96835
-3.0371,538.686,27.4542,142.353,3.4939
0.241928,592.941,33.8766,171.542,3.8852
-2.93343,560.7,28.6806,148.599,3.50534
-1.58004,542.981,29.123,149.411,3.66
1.65297,589.541,35.3537,177.245,4.07462
-2.55431,597.274,30.9613,159.971,3.54765
-3.38382,556.623,28.0237,145.677,3.45606
-1.62169,509.836,27.3055,140.129,3.65508
1.2301,567.344,33.5339,168.622,4.01638
-0.284578,537.029,30.1294,153.141,3.81798
-1.17229,503.774,27.4066,140.192,3.70863
-2.95408,587.401,30.0246,155.586,3.50306
0.703365,552.679,32.0819,161.923,3.94561
0.875333,529.767,30.9341,155.94,3.9685
-3.04684,501.405,25.5454,132.465,3.49283
-1.90386,543.922,28.8455,148.335,3.62206
-0.0147657,577.634,32.7111,165.943,3.8522
-3.96063,534.023,26.3429,137.524,3.39445
1.75386,509.847,30.6802,153.705,4.08871
-3.64461,526.351,26.2565,136.753,3.428
-3.80718,578.524,28.6936,149.626,3.41068
1.25621,582.866,34.4822,173.359,4.01994
-1.01945,513.706,28.0958,143.56,3.72711
-0.949458,560.099,30.7078,156.827,3.73562
-4.56217,569.391,27.494,144.176,3.33195
-0.508303,555.782,30.941,157.518,3.78996
1.09296,560.214,32.9572,165.883,3.99776
-1.18276,592.54,32.2239,164.847,3.70737
1.12477,550.916,32.4456,163.271,4.00207
-1.34974,558.893,30.218,154.771,3.68734
-2.80684,587.706,30.1962,156.307,3.51938
-1.62884,503.659,26.968,138.404,3.65424
-3.77242,504.944,25.075,130.723,3.41437
-4.76694,593.569,28.4533,149.434,3.31106
-4.07011,505.933,24.8606,129.891,3.38295
-0.787963,530.149,29.2292,149.102,3.75538
-1.656,555.154,29.697,152.44,3.65104
-1.91101,566.844,30.0535,154.555,3.62123
-3.32237,596.675,30.1053,156.427,3.46272
1.69918,540.56,32.4676,162.723,4.08106
-4.64939,571.489,27.5098,144.352,3.32303
-4.18514,534.475,26.1561,136.776,3.37092
-3.28184,500.857,25.307,131.456,3.46713
1.70022,550.451,33.0629,165.705,4.08121
-0.71741,556.231,30.7423,156.742,3.76406
0.121159,518.761,29.5153,149.586,3.86962
-3.92254,500.91,24.7428,129.134,3.39847
-3.96569,579.505,28.5814,149.215,3.39392
-3.7061,554.106,27.581,143.717,3.42143
-4.56161,578.116,27.9158,146.387,3.332
0.0810776,574.427,32.6373,165.456,3.86447
-3.5112,531.209,26.6242,138.531,3.44231
0.0522636,527.889,29.9633,151.931,3.86078
0.709015,530.314,30.7896,155.394,3.94636
-2.50179,584.297,30.3445,156.724,3.55357
1.35957,583.751,34.657,174.111,4.03407
-1.13175,558.564,30.4302,155.613,3.71352
0.814037,585.415,34.1116,172.032,3.96032
-4.62121,574.273,27.6715,145.171,3.3259
-2.82285,529.844,27.2079,140.855,3.5176
-4.89914,507.626,24.2191,127.322,3.29768
-1.67776,529.085,28.281,145.194,3.64849
-0.694997,574.544,31.7792,162.002,3.76682
-4.98681,543.759,25.862,136.048,3.28885
-2.67119,547.627,28.2714,146.198,3.53452
-2.92388,560.763,28.6935,148.655,3.5064
-2.09733,598.391,31.52,162.317,3.59968
-3.14349,544.917,27.6679,143.573,3.48222
-1.36145,567.521,30.672,157.11,3.68595
-2.82756,568.869,29.207,151.209,3.51708
1.21528,560.367,33.1047,166.481,4.01436
1.44722,503.222,29.9658,150.45,4.04612
-3.88257,516.773,25.5626,133.373,3.40269
-3.03316,574.26,29.2713,151.77,3.49434
0.661099,564.192,32.7026,165.105,3.94002
0.811559,539.5,31.4335,158.529,3.95999
-1.01758,513.528,28.0879,143.517,3.72734
-4.71721,514.884,24.7252,129.806,3.31612
0.619076,540.128,31.2626,157.882,3.93447
-0.453743,592.304,33.0365,168.121,3.79677
0.14683,572.779,32.6175,165.278,3.87292
-3.90052,542.571,26.8217,139.961,3.4008
1.96872,555.005,33.6434,168.297,4.11897
-4.20044,501.19,24.5139,128.203,3.36933
-1.93854,587.669,31.1277,160.111,3.61804
-2.68326,583.873,30.1298,155.822,3.53317
-1.32226,566.582,30.663,157.019,3.69063
0.471375,513.172,29.5518,149.399,3.91506
-0.39254,591.758,33.0761,168.248,3.80442
-4.83818,520.628,24.8935,130.808,3.30384
-0.770265,547.058,30.18,153.933,3.75755
-3.69448,553.118,27.5432,143.507,3.42267
-4.02564,524.717,25.8243,134.881,3.38762
-4.57369,530.315,25.5967,134.238,3.33077
1.9256,516.958,31.291,156.577,4.11287
-1.4631,524.066,28.2233,144.673,3.67384
-3.2531,517.291,26.1639,135.878,3.47025
-4.57036,595.504,28.7465,150.753,3.33111
0.700251,516.659,29.9878,151.357,3.9452
-1.32852,598.538,32.3854,165.847,3.68988
-2.06513,546.416,28.8147,148.351,3.60339
-2.96817,529.496,27.0514,140.193,3.5015
-4.78467,542.566,25.992,136.525,3.30926
-2.06595,579.047,30.5346,157.206,3.6033
-2.90949,578.545,29.6183,153.431,3.50799
-0.947405,500.351,27.434,140.105,3.73587
-3.85401,520.53,25.7745,134.45,3.40572
-2.42224,571.721,29.7743,153.69,3.56257
1.8022,510.421,30.7655,154.08,4.09549
-1.38689,565.921,30.5584,156.557,3.68291
-4.7078,507.329,24.3706,127.935,3.31707
-1.09117,534.659,29.169,149.12,3.71842
-0.498079,578.058,32.1925,163.877,3.79124
-3.23184,579.265,29.3204,152.247,3.47257
-0.860548,502.571,27.6389,141.064,3.74648
-1.32357,588.799,31.8639,163.171,3.69047
-2.13638,586.153,30.8332,158.825,3.59519
-3.92811,524.35,25.8956,135.156,3.39788
1.54753,581.245,34.7308,174.251,4.05997
-1.15334,561.888,30.5883,156.446,3.71091
-4.42579,535.615,25.9888,136.144,3.34597
-4.57939,534.637,25.8,135.31,3.33018
1.9113,535.122,32.3747,162.016,4.11085
-2.5979,511.284,26.4632,136.774,3.54275
0.58529,585.555,33.8526,171.002,3.93002
-3.1608,586.407,29.7563,154.43,3.48033
1.56222,547.076,32.7056,164.073,4.06201
-3.35487,500.968,25.2475,131.217,3.4592
0.237696,515.953,29.4737,149.252,3.88465
-4.50732,589.781,28.5342,149.569,3.33758
1.51473,591.844,35.3245,177.271,4.05543
-3.01105,534.879,27.2852,141.45,3.49677
-2.23637,509.24,26.6937,137.602,3.58373
-3.23705,511.509,25.8861,134.419,3.472
-0.708584,551.022,30.4638,155.312,3.76514
-3.00137,595.973,30.4121,157.649,3.49784
1.83163,503.561,30.3825,152.131,4.09962
-0.237967,523.755,29.4321,149.547,3.82386
0.6572,539.4,31.2614,157.833,3.93951
0.503716,551.261,31.7806,160.629,3.9193
-3.35622,578.884,29.1728,151.619,3.45905
-4.01977,532.556,26.2156,136.919,3.38823
-0.978873,567.649,31.0899,158.812,3.73204
-3.41577,518.457,26.0727,135.567,3.4526
0.12051,580.348,33.0186,167.342,3.86954
-2.60427,576.057,29.8091,154.074,3.54203
-4.62887,542.494,26.1331,137.107,3.32512
0.604356,532.604,30.8115,155.62,3.93253
0.217154,557.821,31.8429,161.272,3.88199
-1.0126,511.02,27.9556,142.836,3.72794
-1.24449,581.014,31.5294,161.365,3.69995
-3.13218,500.222,25.4086,131.838,3.48346
1.10607,560.468,32.987,166.017,3.99954
0.168709,500.165,28.504,144.412,3.87574
0.187556,521.576,29.7435,150.671,3.87817
-4.46814,578.759,28.04,146.936,3.3416
-1.1419,528.25,28.7685,147.127,3.71229
-4.74627,594.888,28.5375,149.853,3.31316
-1.57759,588.063,31.5437,161.827,3.66029
-0.664573,507.283,28.0885,143.156,3.77058
-3.80589,511.17,25.3542,132.211,3.41082
-3.36849,529.919,26.6937,138.747,3.45772
-3.6463,526.977,26.2862,136.909,3.42782
-3.14665,591.479,30.0287,155.827,3.48188
-2.40732,599.844,31.2553,161.317,3.56426
-2.61123,528.969,27.3658,141.453,3.54125
-4.03616,566.518,27.8711,145.583,3.38651
-3.02362,577.184,29.4302,152.584,3.49539
0.236316,579.592,33.1075,167.654,3.88447
0.356886,567.737,32.5654,164.767,3.90011
-0.863971,586.253,32.2373,164.537,3.74606
-1.55982,529.641,28.4275,145.822,3.66238
-1.55348,537.966,28.8807,148.14,3.66313
-2.27188,591.709,30.9781,159.729,3.57967
-4.23785,578.02,28.2342,147.701,3.36543
-3.11226,535.385,27.2138,141.184,3.48565
1.0221,570.575,33.4853,168.625,3.9882
-0.681591,578.052,31.9881,163.051,3.76847
0.838231,527.392,30.7562,155.084,3.96355
-4.62021,507.102,24.4357,128.194,3.32601
-1.12011,577.473,31.4731,160.933,3.71492
1.89138,563.987,34.0977,170.662,4.10804
-0.917593,544.898,29.9074,152.704,3.73951
-2.51094,592.068,30.7382,158.768,3.55254
-2.86305,533.93,27.379,141.782,3.51314
-4.939,534.713,25.4752,133.965,3.29366
1.47417,573.678,34.1928,171.64,4.04983
-1.08176,571.132,31.169,159.334,3.71956
-3.78473,584.057,28.9911,151.152,3.41307
0.834781,548.281,31.9707,161.211,3.96309
-3.903,562.419,27.8004,145.071,3.40054
-2.67972,517.732,26.7201,138.184,3.53357
-1.93079,555.654,29.4399,151.421,3.61893
0.754632,544.028,31.6354,159.611,3.95242
-1.45907,580.463,31.2649,160.26,3.67432
-2.60733,532.134,27.5333,142.315,3.54169
-2.70661,580.71,29.942,154.877,3.53056
0.00692293,582.888,33.0333,167.552,3.85497
-4.49235,508.189,24.5998,128.932,3.33911
1.0987,579.787,34.1153,171.705,3.99854
-4.63894,580.264,27.9425,146.612,3.32409
1.74344,510.381,30.7014,153.823,4.08725
1.19534,505.666,29.8527,150.149,4.01165
-0.0255837,554.567,31.3931,159.269,3.85082
-2.36179,574.909,30.0039,154.807,3.56943
-4.96274,502.562,23.9231,125.826,3.29127
-3.34142,552.848,27.8753,144.86,3.46065
1.50039,585.919,34.9537,175.428,4.05345
-3.74405,556.359,27.656,144.148,3.41739
-2.53268,544.054,28.2239,145.805,3.55009
1.10698,504.238,29.6784,149.365,3.99966
-4.62951,528.218,25.4448,133.497,3.32506
-4.10082,554.653,27.2249,142.276,3.37973
-0.494736,547.029,30.468,155.095,3.79165
-3.77547,555.535,27.5844,143.808,3.41405
1.18505,589.297,34.7777,174.932,4.01025
0.725007,526.332,30.5753,154.295,3.94848
-4.21692,585.694,28.6304,149.75,3.36761
-4.67381,505.786,24.3259,127.668,3.32054
0.590142,557.15,32.2157,162.729,3.93066
-4.03468,564.545,27.7756,145.083,3.38667
-4.09197,591.728,29.0539,151.824,3.38066
-2.75609,516.089,26.5639,137.453,3.52504
-2.9362,562.878,28.7892,149.165,3.50503
-3.45192,578.49,29.0547,151.112,3.4487
-3.03428,594.079,30.2803,157.004,3.49421
1.45698,593.709,35.3659,177.55,4.04746
1.65074,505.814,30.3305,152.063,4.07431
-2.19127,542.451,28.4796,146.76,3.58889
-1.08086,511.416,27.9109,142.678,3.71967
-4.66193,518.606,24.953,130.948,3.32175
0.802637,505.06,29.4179,148.373,3.9588
0.173189,573.969,32.7151,165.741,3.87632
-4.58056,580.835,28.0282,146.997,3.33006
-0.655462,520.271,28.8167,146.858,3.7717
0.841076,543.887,31.7213,159.946,3.96393
-1.28326,599.25,32.4751,166.252,3.6953
-3.09592,550.944,28.0208,145.354,3.48744
-1.83369,507.76,26.9938,138.742,3.63023
0.116006,533.282,30.3361,153.751,3.86896
-3.35658,553.01,27.8686,144.841,3.45901
-0.433667,507.091,28.3033,144.013,3.79927
0.775798,554.2,32.2504,162.69,3.95523
1.07988,574.995,33.8116,170.199,3.996
-4.9948,567.121,26.9654,141.861,3.28805
-0.145782,592.692,33.4122,169.659,3.83553
1.62785,550.91,33.0088,165.518,4.07112
-1.22532,537.633,29.1947,149.396,3.70225
-4.40343,581.394,28.2325,147.874,3.34827
0.345647,509.17,29.1947,147.725,3.89865
0.869257,535.466,31.2604,157.591,3.96769
1.50218,504.521,30.0997,151.064,4.0537
-3.02185,548.931,27.9913,145.122,3.49558
-1.18043,565.429,30.7521,157.314,3.70765
-3.94429,536.292,26.4702,138.172,3.39618
-2.03499,523.421,27.6312,142.227,3.60687
-0.712671,555.987,30.7339,156.693,3.76464
-1.27818,521.828,28.2844,144.793,3.6959
-0.920003,518.354,28.4482,145.256,3.73921
-2.37276,560.114,29.2205,150.777,3.56818
-2.425,571.252,29.747,153.552,3.56226
-4.42264,533.029,25.8662,135.499,3.34629
-4.318,555.565,27.0603,141.644,3.35711
-1.77003,593.293,31.6111,162.4,3.63767
-1.44776,576.473,31.0622,159.208,3.67567
-1.1218,522.488,28.4747,145.603,3.71472
-0.166203,507.631,28.5969,145.229,3.83294
-4.95446,545.36,25.9681,136.573,3.29211
-1.00121,559.133,30.5997,156.333,3.72933
-1.3503,531.552,28.7392,147.197,3.68728
-4.28143,582.831,28.4253,148.748,3.3609
-3.94072,552.712,27.2841,142.416,3.39655
-4.55612,573.325,27.6899,145.197,3.33257
1.85378,503.548,30.4047,152.218,4.10274
1.9768,538.718,32.6651,163.394,4.12011
0.616335,520.94,30.1492,152.262,3.93411
-1.73993,589.978,31.4676,161.627,3.64119
-0.467622,553.847,30.8767,157.145,3.79503
-2.79413,573.959,29.5031,152.705,3.5208
-1.90525,555.688,29.468,151.538,3.6219
-3.0447,566.414,28.8596,149.649,3.49307
-4.56654,558.941,26.9852,141.512,3.3315
-4.03956,518.02,25.4821,133.108,3.38615
-1.12759,590.491,32.1742,164.527,3.71402
0.3388,540.444,30.9806,156.769,3.89776
-0.419654,557.296,31.1206,158.332,3.80103
0.535498,554.658,32.0114,161.759,3.92347
0.767403,555.216,32.3002,162.95,3.95411
-3.01188,570.306,29.0915,150.815,3.49668
0.567739,518.121,29.9359,151.237,3.92771
-1.37025,523.639,28.2917,144.926,3.6849
-0.0110917,578.264,32.7509,166.141,3.85267
1.1624,598.122,35.2712,177.443,4.00717
-3.04641,580.514,29.5763,153.367,3.49288
-1.69481,564.141,30.137,154.742,3.64648
-2.68188,536.654,27.6945,143.226,3.53333
-4.35234,512.376,24.9262,130.506,3.35355
0.579644,561.299,32.444,163.894,3.92927
0.816299,515.552,30.0431,151.512,3.96062
-2.06112,568.746,29.9965,154.431,3.60386
-3.00184,573.109,29.2449,151.599,3.49779
-2.68253,511.109,26.3756,136.406,3.53325
1.57439,588.646,35.2054,176.599,4.0637
1.51615,507.95,30.3187,152.148,4.05563
-0.400137,503.964,28.1615,143.257,3.80347
-1.58626,590.419,31.6604,162.437,3.65926
-0.468507,566.647,31.5893,160.773,3.79492
-4.22767,548.917,26.8224,140.304,3.36649
-2.64263,507.796,26.2414,135.672,3.53772
-4.75923,522.125,25.0354,131.476,3.31184
0.84006,588.468,34.3202,173.052,3.96379
-2.03566,530.204,27.9886,144.067,3.60679
-0.654544,597.118,33.0741,168.554,3.77182
-0.254738,548.325,30.7949,156.49,3.82174
-4.98621,589.878,28.0561,147.589,3.28891
-0.435827,542.073,30.2536,153.939,3.799
-4.1946,591.987,28.9609,151.454,3.36994
-1.28072,596.525,32.3303,165.507,3.6956
-2.73509,599.831,30.897,159.85,3.52738
-3.26863,539.259,27.2601,141.587,3.46856
-1.30319,543.868,29.4533,150.804,3.69291
-1.58074,541.136,29.0233,148.901,3.65991
-2.8987,573.484,29.3704,152.134,3.50918
-1.80887,581.759,30.9546,159.071,3.63313
-3.41508,594.456,29.8954,155.442,3.45268
-1.00807,531.581,29.085,148.602,3.72849
-1.38818,546.406,29.5033,151.153,3.68276
-4.62278,587.376,28.3013,148.476,3.32574
-2.35495,563.474,29.4141,151.757,3.57021
-2.18864,547.316,28.7376,148.087,3.58919
1.20891,537.956,31.7738,159.796,4.01349
0.334366,564.976,32.3819,163.865,3.89719
-3.66944,567.802,28.2994,147.42,3.42535
0.108603,508.892,28.9413,146.69,3.86801
-2.13004,582.565,30.6513,157.881,3.59592
-1.78518,552.853,29.4409,151.267,3.6359
-1.02374,516.998,28.2717,144.463,3.72659
-4.05737,502.568,24.7064,129.073,3.38428
-1.7761,550.846,29.3433,150.756,3.63696
-0.977091,577.431,31.6276,161.556,3.73226
-2.77024,516.367,26.565,137.473,3.52346
-1.66731,543.065,29.0389,149.074,3.64971
-4.30709,561.117,27.3413,143.103,3.35824
-0.179747,527.449,29.6994,150.842,3.83122
1.50095,534.455,31.8842,160.021,4.05353
0.514445,568.268,32.7731,165.633,3.9207
0.563469,525.967,30.3848,153.509,3.92715
0.92868,544.263,31.8389,160.44,3.97565
0.0905473,590.391,33.5553,170.098,3.86569
1.07118,519.155,30.5189,153.634,3.99482
-2.70433,579.085,29.8606,154.454,3.53082
-2.87956,521.517,26.727,138.422,3.51131
-4.79203,594.594,28.4769,149.586,3.30852
-2.65751,540.521,27.918,144.356,3.53606
1.1792,527.228,31.1084,156.482,4.00945
-1.15901,521.007,28.3572,145.041,3.71023
-3.04812,533.938,27.2017,141.055,3.49269
-3.73824,553.333,27.5113,143.387,3.41801
-0.408366,546.139,30.5095,155.21,3.80244
1.56588,583.88,34.9102,175.128,4.06252
-4.23256,556.46,27.1862,142.213,3.36598
-1.67483,510.395,27.2848,140.077,3.64883
-4.571,585.09,28.2432,148.114,3.33104
-4.60195,556.86,26.8509,140.845,3.32787
-1.58731,557.749,29.9075,153.444,3.65914
1.43331,507.752,30.2211,151.747,4.0442
0.872473,547.616,31.9732,161.181,3.96812
-2.65671,504.994,26.0837,134.871,3.53615
-4.35632,536.767,26.1091,136.704,3.35314
1.75806,547.251,32.9357,165,4.0893
-4.08371,547.832,26.9065,140.594,3.38152
-0.663053,563.409,31.1978,159.002,3.77076
0.724648,583.334,33.8861,171.003,3.94844
1.45896,531.625,31.6698,158.992,4.04773
-4.40611,588.358,28.568,149.634,3.348
-3.44945,579.304,29.0981,151.335,3.44897
1.82189,582.209,35.1161,175.845,4.09825
-3.37441,541.993,27.2962,141.885,3.45708
-1.98619,520.41,27.5192,141.6,3.61251
-0.745203,531.587,29.3519,149.682,3.76063
-3.3209,523.247,26.4019,137.183,3.46288
-1.55902,568.736,30.5267,156.589,3.66248
-3.27684,525.742,26.5691,138.006,3.46767
-2.73538,525.277,27.0565,139.981,3.52735
-2.10285,594.322,31.2996,161.188,3.59905
-3.25541,538.811,27.2501,141.522,3.47
-4.58104,505.06,24.3713,127.819,3.33001
1.88946,598.197,36.1637,181.005,4.10777
0.0561877,576.664,32.7363,165.987,3.86128
1.95993,516.764,31.3159,156.664,4.11772
-0.495501,562.575,31.333,159.499,3.79156
0.466348,509.187,29.3173,148.218,3.9144
-4.67494,578.452,27.8196,146.006,3.32042
-1.71435,574.201,30.6534,157.416,3.64419
0.22165,573.673,32.7529,165.876,3.88257
-3.75479,544.964,27.0793,141.153,3.41625
1.84772,553.713,33.4268,167.355,4.10188
0.984994,572.564,33.5592,169.042,3.98321
0.600605,516.939,29.9014,151.027,3.93204
-2.92441,572.439,29.2904,151.749,3.50634
-3.86035,560.954,27.7699,144.866,3.40505
0.751862,523.8,30.4563,153.665,3.95205
1.879,581.619,35.1489,175.939,4.10629
0.584422,531.179,30.708,155.119,3.9299
-0.440195,575.989,32.1417,163.551,3.79846
-3.76254,527.766,26.2175,136.669,3.41542
-3.89444,511.139,25.2733,131.875,3.40144
0.665867,536.244,31.0878,156.947,3.94065
-3.48345,596.033,29.9024,155.557,3.4453
-0.865454,574.79,31.6053,161.313,3.74588
-0.959825,586.167,32.1254,164.079,3.73436
-0.500821,511.632,28.4904,145.035,3.79089
-0.716587,552.885,30.5583,155.802,3.76416
0.625592,598.952,34.6751,175.108,3.93533
0.531823,517.389,29.8567,150.875,3.92299
-2.81709,557.401,28.6288,148.204,3.51824
-4.69858,556.698,26.7509,140.421,3.31801
0.545392,588.981,34.0039,171.816,3.92477
-1.62537,524.098,28.0658,144.035,3.65465
1.28718,581.415,34.4328,173.073,4.02416
-1.14933,590.3,32.1395,164.375,3.7114
1.67138,558.663,33.5232,168.046,4.07718
0.537119,558.745,32.2491,162.959,3.92368
-1.69763,574.217,30.6722,157.493,3.64615
-2.92223,552.483,28.2715,146.467,3.50658
-3.78361,539.875,26.7991,139.722,3.41318
-3.11833,569.853,28.9596,150.248,3.48498
-4.15172,555.306,27.2078,142.24,3.37441
-0.279248,591.171,33.1731,168.605,3.81865
-4.53529,596.911,28.8504,151.258,3.3347
-0.810782,547.408,30.1568,153.859,3.75258
-2.32047,565.436,29.5523,152.431,3.57413
-4.16223,577.143,28.2672,147.79,3.37331
-2.77803,555.093,28.5494,147.751,3.52259
-3.82809,591.649,29.3229,152.931,3.40846
0.530198,584.551,33.7305,170.453,3.92277
1.24224,513.618,30.3709,152.705,4.01803
0.869619,551.376,32.1896,162.275,3.96774
-0.203808,524.856,29.5288,150.002,3.82818
-4.59618,534.693,25.7873,135.26,3.32846
-4.68848,560.421,26.9394,141.401,3.31904
-1.4575,572.293,30.8265,158.011,3.67451
-3.27571,544.58,27.5221,142.956,3.46779
1.60069,500.051,29.9336,150.127,4.06735
0.95474,594.089,34.7847,175.252,3.97914
1.50918,547.124,32.6492,163.851,4.05467
-2.24785,564.657,29.5868,152.528,3.58242
-3.12828,510.007,25.9092,134.432,3.48389
-2.81284,521.304,26.7788,138.623,3.51871
-2.62471,517.453,26.7573,138.321,3.53973
-3.24271,535.327,27.086,140.656,3.47139
-0.0974121,525.709,29.6858,150.684,3.84167
-4.9528,586.426,27.9252,146.864,3.29227
-2.41641,575.392,29.9716,154.702,3.56323
-2.46937,533.811,27.7541,143.311,3.55723
-0.879709,536.231,29.4705,150.432,3.74413
-0.454769,539.758,30.1046,153.202,3.79664
-0.396938,571.248,31.9249,162.397,3.80387
-0.422146,587.014,32.7774,166.764,3.80072
0.289402,504.678,28.8811,146.197,3.89135
1.59189,572.949,34.2871,171.971,4.06612
1.27944,578.772,34.2672,172.25,4.0231
-3.34513,568.777,28.6747,149.018,3.46025
-2.3417,592.851,30.9621,159.727,3.57172
-4.46383,599.085,29.0292,152.115,3.34205
0.568845,535.507,30.9416,156.317,3.92785
-4.40318,594.363,28.8626,151.173,3.3483
-4.90886,561.618,26.7858,140.826,3.2967
-2.70437,561.79,28.9688,149.841,3.53081
-3.24898,525.81,26.5986,138.131,3.4707
-4.76361,547.862,26.2654,137.94,3.3114
-0.597859,536.642,29.7828,151.719,3.77883
-4.23876,583.434,28.4978,149.08,3.36534
-1.64377,561.12,30.029,154.131,3.65248
-4.8731,539.425,25.7601,135.397,3.30031
-3.43648,541.796,27.2265,141.588,3.45037
-1.46059,568.094,30.597,156.838,3.67414
-0.515815,564.802,31.4349,160.041,3.78903
0.251082,532.542,30.4354,154.107,3.88638
-1.54036,573.802,30.8187,158.065,3.66469
-3.18449,507.408,25.7261,133.537,3.47774
-2.08374,532.823,28.0796,144.586,3.60125
-3.02262,568.622,28.9947,150.325,3.4955
1.54729,551.875,32.9756,165.445,4.05994
0.325069,525.858,30.1302,152.481,3.89598
-3.36459,587.287,29.5876,153.784,3.45814
0.196326,545.071,31.0928,157.496,3.8793
1.19137,525.383,31.0125,155.986,4.01111
1.20668,529.81,31.2903,157.366,4.01319
-3.35068,576.402,29.0534,150.993,3.45965
-3.13746,590.306,29.9789,155.558,3.48289
1.15203,582.611,34.3443,172.792,4.00577
-3.73103,577.218,28.7061,149.607,3.41878
-1.88175,518.092,27.4968,141.377,3.62463
0.515079,509.062,29.3593,148.379,3.92079
0.33198,558.559,32.0115,161.994,3.89687
1.83881,569.454,34.3666,172.071,4.10063
0.261407,562.972,32.186,162.958,3.88772
0.682077,549.698,31.8855,160.956,3.9428
-1.66691,598.361,31.9962,164.255,3.64976
-1.12813,594.02,32.3659,165.508,3.71395
-3.8098,558.041,27.6752,144.318,3.4104
-2.12411,574.129,30.2137,155.62,3.5966
1.69713,512.419,30.7753,154.243,4.08078
1.33342,517.099,30.6724,154.121,4.03049
1.96723,533.459,32.3357,161.757,4.11876
-2.02469,562.6,29.7102,152.916,3.60806
-4.31458,542.33,26.4189,138.283,3.35746
-1.64682,592.765,31.7191,162.809,3.65212
0.017749,512.837,29.0743,147.46,3.85636
-1.50736,599.881,32.2564,165.4,3.66859
-0.325617,516.741,28.95,147.19,3.81282
-4.66872,588.552,28.3116,148.581,3.32105
0.45291,514.975,29.6368,149.848,3.91264
-1.49629,517.889,27.8584,142.837,3.66991
-2.60847,522.512,27.0343,139.737,3.54156
-4.64999,538.826,25.9369,136.099,3.32297
1.94375,542.94,32.884,164.527,4.11543
-0.277703,591.183,33.1755,168.616,3.81885
-2.89356,520.285,26.6507,138.041,3.50975
-0.952328,501.793,27.5084,140.49,3.73527
1.61983,555.63,33.2825,166.9,4.07001
1.4834,527.793,31.4679,157.951,4.05111
-0.159048,544.428,30.6774,155.786,3.83384
0.266751,546.963,31.2765,158.348,3.88841
0.517318,570.548,32.9079,166.311,3.92108
-4.45478,546.229,26.4765,138.729,3.34298
-2.39783,541.995,28.2504,145.798,3.56534
-0.75838,532.533,29.3908,149.895,3.75901
-1.57508,533.358,28.6118,146.783,3.66058
-3.57778,555.055,27.7539,144.481,3.43516
-2.66538,567.027,29.2789,151.402,3.53518
0.364562,555.167,31.8528,161.153,3.90111
0.246347,572.353,32.7054,165.606,3.88577
-2.46083,522.897,27.1948,140.415,3.5582
-3.76031,570.533,28.3443,147.753,3.41566
-2.87469,509.089,26.0945,135.142,3.51185
-4.94192,584.342,27.8367,146.387,3.29337
1.22566,528.686,31.2442,157.114,4.01577
-1.75408,502.68,26.7981,137.657,3.63953
1.99355,540.914,32.817,164.134,4.12249
-0.438663,526.952,29.4068,149.633,3.79865
-2.59922,557.333,28.8453,149.087,3.5426
-0.464372,537.204,29.9522,152.437,3.79544
-4.0337,569.174,28.0043,146.276,3.38677
-2.70887,593.765,30.6127,158.349,3.53031
1.85524,577.31,34.8603,174.523,4.10294
-0.944676,583.387,31.9899,163.369,3.73621
-1.33084,576.118,31.1698,159.624,3.6896
-0.379817,561.256,31.385,159.632,3.80602
-1.31091,501.631,27.1587,139.063,3.69198
-4.1621,516.208,25.2829,132.187,3.37333
-1.96261,535.167,28.3229,145.71,3.61524
-2.01648,532.856,28.1475,144.864,3.60901
0.830388,523.811,30.5391,153.998,3.9625
-3.13252,521.642,26.4963,137.483,3.48343
1.8032,516.857,31.1545,156.027,4.09563
0.902487,586.231,34.2631,172.688,3.97214
-4.73275,568.662,27.2926,143.301,3.31454
-1.25022,582.879,31.6242,161.857,3.69926
-3.68829,501.915,24.999,130.245,3.42333
0.673042,516.695,29.9619,151.255,3.9416
-3.22943,597.521,30.247,157.056,3.47283
-0.889801,562.912,30.926,157.873,3.7429
-4.28448,516.181,25.172,131.727,3.36059
-0.000216941,558.847,31.6631,160.61,3.85406
-4.52997,508.844,24.5985,128.961,3.33525
-2.5646,557.343,28.8809,149.233,3.54649
-1.67624,572.597,30.6085,157.142,3.64866
1.25682,550.866,32.5898,163.844,4.02002
1.84085,523.686,31.6067,158.251,4.10092
-1.0736,533.071,29.1001,148.749,3.72055
1.89304,566.5,34.2517,171.431,4.10827
-4.98114,568.582,27.0481,142.281,3.28942
-1.6483,554.978,29.6956,152.424,3.65195
1.64605,589.337,35.3332,177.15,4.07365
-1.98278,508.955,26.9167,138.496,3.61291
-2.88122,501.049,25.6765,132.983,3.51112
-4.8945,517.273,24.6834,129.759,3.29815
-2.90598,587.942,30.1032,155.938,3.50838
-1.31784,570.059,30.856,158.002,3.69116
-3.40036,510.767,25.7,133.614,3.45427
-1.40437,523.288,28.2391,144.693,3.68083
-0.799737,540.535,29.7896,151.974,3.75393
-1.8334,512.05,27.2221,139.916,3.63027
-2.03544,589.069,31.0963,160.063,3.60682
-3.67063,516.566,25.7448,134.113,3.42522
-0.298789,562.065,31.5185,160.218,3.81619
-0.428396,587.551,32.8002,166.888,3.79993
1.39649,570.642,33.9216,170.372,4.03914
-2.11726,514.09,27.0606,139.373,3.59739
1.4533,584.475,34.8114,174.771,4.04696
-2.40024,546.984,28.508,147.13,3.56506
-2.89577,514.382,26.3463,136.467,3.50951
-0.519579,576.526,32.0833,163.347,3.78856
0.123043,577.068,32.8348,166.407,3.86986
-1.179,511.151,27.8014,142.219,3.70782
-1.53561,554.59,29.7918,152.793,3.66525
-1.48341,528.227,28.4273,145.74,3.67143
-4.71471,571.413,27.4422,144.068,3.31637
-2.24613,532.91,27.9249,143.959,3.58261
-1.56335,530.917,28.4925,146.159,3.66197
1.26567,527.385,31.2101,156.898,4.02123
-3.98745,574.521,28.3138,147.842,3.39163
-4.35399,504.485,24.5409,128.491,3.35338
-3.96133,597.205,29.4589,153.792,3.39438
0.203791,589.962,33.6621,170.502,3.88027
-0.280595,521.8,29.279,148.814,3.81848
-0.956218,588.513,32.258,164.752,3.7348
-1.32959,516.562,27.9489,143.128,3.68975
-0.15341,566.439,31.9238,162.11,3.83456
-3.54771,530.961,26.5774,138.325,3.43839
0.42325,577.159,33.1816,167.806,3.90877
-4.20627,520.279,25.4423,133.064,3.36872
1.75459,555.382,33.4211,167.436,4.08881
-0.365686,561.326,31.4043,159.714,3.80779
-0.11291,551.24,31.1108,157.935,3.8397
-0.911881,544.274,29.8791,152.553,3.74021
0.57022,535.724,30.9556,156.386,3.92803
1.25976,501.275,29.6589,149.106,4.02042
-2.85953,584.808,29.9917,155.308,3.51353
0.403471,516.014,29.6461,149.947,3.90618
-0.931593,532.754,29.2267,149.243,3.7378
-2.30478,515.893,26.9778,139.136,3.57592
-1.62114,556.218,29.7902,152.88,3.65515
1.94335,506.134,30.6544,153.372,4.11538
-2.19985,542.268,28.4614,146.675,3.58791
-0.74791,595.78,32.8933,167.745,3.7603
-0.879196,547.415,30.0857,153.572,3.7442
-4.71523,558.626,26.8276,140.842,3.31632
-1.9003,529.925,28.1066,144.532,3.62248
-4.50385,555.496,26.8788,140.888,3.33793
0.501067,521.469,30.0603,151.937,3.91895
-2.41956,550.142,28.6532,147.901,3.56287
-4.34438,580.378,28.2424,147.86,3.35438
-3.38203,507.425,25.5484,132.807,3.45625
1.48721,535.83,31.9512,160.373,4.05163
-2.88383,590.971,30.2818,156.838,3.51083
-2.79283,545.789,28.0563,145.215,3.52094
-0.107921,520.656,29.3898,149.193,3.84033
-0.404061,552.259,30.856,156.968,3.80298
1.88864,555.993,33.6113,168.231,4.10765
-4.12762,585.207,28.6974,150.001,3.37693
-1.60739,559.841,29.9986,153.934,3.65677
0.736613,588.269,34.1869,172.506,3.95002
0.705882,544.438,31.6063,159.519,3.94595
0.889368,597.65,34.9148,175.989,3.97038
0.892131,514.429,30.0558,151.494,3.97075
-3.17425,510.09,25.8715,134.281,3.47886
0.114455,521.085,29.6406,150.228,3.86876
0.351626,561.042,32.1755,162.801,3.89943
1.73878,573.209,34.4753,172.737,4.0866
-0.340085,518.827,29.0524,147.725,3.811
-2.83899,594.012,30.4857,157.842,3.51581
-3.96708,538.306,26.5481,138.602,3.39378
-0.659784,596.392,33.0279,168.325,3.77117
-4.37288,533.272,25.9238,135.75,3.35143
0.92991,559.015,32.7032,164.794,3.97581
-4.31153,578.126,28.1656,147.422,3.35778
1.21765,592.175,34.9867,175.943,4.01468
-3.51961,518.013,25.955,135.058,3.44141
1.97275,565.543,34.2869,171.511,4.11954
0.684542,500.792,29.0511,146.646,3.94312
-0.0947957,519.873,29.3588,149.022,3.842
-3.59206,581.502,29.0616,151.304,3.43363
-2.8647,512.869,26.2975,136.183,3.51295
1.17375,509.079,30.032,151.073,4.00871
1.07585,555.866,32.6822,164.519,3.99545
0.371532,570.805,32.7579,165.724,3.90202
-0.210548,513.826,28.9015,146.822,3.82732
-4.93432,518.031,24.6845,129.803,3.29413
-2.39765,574.662,29.9533,154.586,3.56536
-1.22895,560.316,30.4226,155.683,3.70181
1.9804,576.852,34.9816,174.977,4.12062
0.0435669,518.721,29.4341,149.257,3.85966
-2.7463,542.82,27.9494,144.612,3.52613
-0.258968,522.284,29.3281,149.041,3.82121
-4.20116,544.243,26.619,139.213,3.36925
0.5949,550.346,31.8276,160.762,3.93128
-4.85508,593.748,28.3726,149.108,3.30213
-3.6783,538.579,26.8346,139.798,3.4244
-1.37839,538.33,29.0772,148.959,3.68392
0.374424,544.307,31.2403,158.044,3.9024
0.993493,515.957,30.2502,152.365,3.98435
-0.152975,552.035,31.1125,157.989,3.83461
-2.27389,580.69,30.3991,156.746,3.57944
-3.58422,589.538,29.4715,153.429,3.43447
0.931009,590.138,34.5252,173.974,3.97596
-1.82609,592.338,31.4985,161.887,3.63112
1.74308,559.313,33.6444,168.569,4.0872
-3.72364,595.913,29.6436,154.484,3.41956
-4.82191,541.207,25.8924,136.04,3.30549
-1.58348,565.324,30.3177,155.544,3.65959
0.941406,518.503,30.3451,152.899,3.97735
-4.58203,589.045,28.4229,149.069,3.32991
0.107504,518.386,29.48,149.422,3.86786
1.66585,599.152,35.9459,180.197,4.07641
-0.764081,511.953,28.2494,144.079,3.75831
1.4764,546.5,32.5754,163.519,4.05014
-1.25976,589.988,31.9993,163.788,3.69811
-1.56179,594.335,31.8976,163.625,3.66215
-3.13631,576.357,29.2716,151.887,3.48301
0.94947,588.491,34.4507,173.576,3.97843
-0.585681,576.547,32.011,163.056,3.78034
0.0862647,530.105,30.1244,152.711,3.86514
0.850708,563.186,32.8578,165.666,3.96521
0.808154,598.249,34.8524,175.775,3.95954
-2.56302,539.239,27.9443,144.392,3.54667
-3.66003,579.604,28.8973,150.524,3.42635
-2.65593,589.334,30.4409,157.399,3.53623
-2.63856,562.443,29.0696,150.29,3.53818
-3.49787,540.825,27.1189,141.092,3.44375
-2.21341,595.744,31.2533,161.079,3.58636
-2.44472,596.548,31.0428,160.264,3.56002
1.58434,588.221,35.1919,176.519,4.06508
-4.09643,520.542,25.5546,133.543,3.38019
-0.544319,543.501,30.2195,153.885,3.78548
1.04535,592.514,34.8005,175.219,3.99133
-1.53105,500.066,26.8671,137.789,3.66579
-3.79021,505.17,25.0705,130.716,3.41248
-2.09461,582.779,30.7006,158.094,3.6
1.38442,569.232,33.8238,169.895,4.03748
-2.30974,525.797,27.4909,141.787,3.57536
-1.22835,533.792,28.9831,148.316,3.70188
-2.63699,567.55,29.3351,151.661,3.53836
-0.0266569,572.45,32.4042,164.4,3.85068
0.923501,594.05,34.7451,175.091,3.97495
1.55344,548.481,32.7797,164.455,4.06079
0.931959,522.955,30.5958,154.172,3.97609
0.903953,527.55,30.8349,155.408,3.97233
0.115838,502.087,28.5614,144.757,3.86894
1.95383,550.358,33.3448,166.821,4.11686
-3.91985,597.695,29.5265,154.097,3.39876
-3.20136,550.924,27.9159,144.921,3.4759
0.877652,557.986,32.5845,164.257,3.96881
-0.991237,572.327,31.3326,160.066,3.73054
1.49299,565.336,33.7173,169.231,4.05243
1.2308,585.075,34.5827,173.895,4.01647
-1.41361,599.864,32.3611,165.824,3.67973
1.56287,562.52,33.6296,168.708,4.0621
-3.85158,520.579,25.7792,134.472,3.40597
0.596299,508.204,29.3918,148.458,3.93147
-4.50663,541.429,26.1955,137.31,3.33765
-2.19014,537.909,28.2423,145.536,3.58902
-2.38608,524.925,27.372,141.252,3.56667
-1.26854,573.415,31.0909,159.149,3.69706
-3.61012,526.687,26.3054,136.973,3.43169
1.07619,563.072,33.1063,166.653,3.9955
-1.57836,509.558,27.3319,140.221,3.66019
1.18221,519.768,30.6714,154.281,4.00986
-2.08523,506.461,26.689,137.426,3.60108
-3.94164,590.883,29.1674,152.248,3.39646
-1.89214,536.879,28.4836,146.462,3.62343
1.77236,591.722,35.6295,178.478,4.0913
1.33069,597.774,35.4545,178.153,4.03011
-2.02425,503.315,26.5798,136.804,3.60811
-4.43981,570.688,27.6768,145.002,3.34452
1.01368,522.44,30.6515,154.364,3.98707
-1.31919,592.865,32.0889,164.317,3.69099
-0.100956,526.258,29.7131,150.827,3.84122
-2.07924,520.368,27.4275,141.223,3.60177
-4.6872,598.638,28.7779,151.049,3.31917
-3.81952,531.066,26.3283,137.304,3.40937
1.02407,516.812,30.3321,152.744,3.98847
1.65966,542.345,32.531,163.085,4.07555
-0.485225,525.028,29.2522,148.896,3.79284
-1.5788,534.905,28.6911,147.194,3.66014
-1.79419,564.339,30.0431,154.371,3.63484
0.506593,530.175,30.568,154.497,3.91967
-3.92001,540.472,26.6995,139.343,3.39874
-1.24322,519.838,28.2108,144.38,3.7001
-0.231343,588.109,33.056,167.952,3.8247
1.94014,575.254,34.8369,174.302,4.11492
1.23737,533.152,31.5208,158.491,4.01737
-1.74517,523.403,27.9116,143.368,3.64058
-0.966148,576.924,31.6119,161.463,3.73359
-1.38845,501.687,27.0884,138.781,3.68273
-4.23192,557.601,27.2426,142.507,3.36605
0.076086,509.131,28.9224,146.628,3.86383
-4.39701,572.385,27.8014,145.608,3.34894
0.153341,595.381,33.9123,171.831,3.87376
-0.88047,513.465,28.2186,144.043,3.74404
-3.2487,534.096,27.018,140.309,3.47073
-0.340988,518.361,29.0253,147.589,3.81089
-2.03709,567.564,29.9593,154.212,3.60663
-1.62498,545.625,29.2189,149.952,3.6547
-2.94775,569.068,29.094,150.757,3.50376
-2.84272,522.053,26.7891,138.707,3.51539
0.856919,557.555,32.5361,164.037,3.96604
-1.95959,559.111,29.5932,152.242,3.61559
-2.03429,524.484,27.688,142.518,3.60695
-0.574612,587.329,32.6222,166.156,3.78172
0.331809,544.735,31.219,157.984,3.89685
-0.182676,554.461,31.2172,158.555,3.83085
-4.74935,577.716,27.7107,145.515,3.31285
-3.76569,557.858,27.7093,144.449,3.41509
-0.6005,514.386,28.5451,145.417,3.77851
1.47341,522.844,31.1621,156.428,4.04973
-4.63681,586.052,28.2234,148.083,3.32431
-2.48054,562.545,29.2366,150.979,3.55597
-4.40429,555.962,26.9967,141.402,3.34819
-4.71671,502.759,24.1434,126.751,3.31617
-4.67267,563.581,27.1066,142.261,3.32065
-0.847283,510.142,28.0683,143.241,3.7481
-3.32828,545.781,27.5317,143.061,3.46208
1.24603,532.701,31.5034,158.394,4.01855
-2.06961,567.835,29.9395,154.147,3.60288
-0.111937,590.569,33.3315,169.208,3.83982
1.7108,553.238,33.2423,166.592,4.08269
-0.515362,571.924,31.8318,162.061,3.78908
-0.860197,503.469,27.6887,141.317,3.74652
-2.78996,510.105,26.2246,135.732,3.52126
-3.50089,571.222,28.64,149.009,3.44342
-4.43395,560.864,27.2061,142.53,3.34513
0.307047,549.508,31.4657,159.26,3.89364
1.03782,568.413,33.3764,168.058,3.99032
-3.88113,513.01,25.3778,132.407,3.40285
-4.71436,550.951,26.4598,138.91,3.31641
-0.99975,531.539,29.0911,148.624,3.7295
-4.04172,545.322,26.8231,140.115,3.38593
0.866125,589.253,34.3968,173.406,3.96727
-1.76372,592.918,31.5981,162.325,3.63841
-4.12228,566.633,27.7918,145.262,3.37749
-4.69915,519.452,24.9606,131.024,3.31795
-3.01058,550.652,28.0903,145.623,3.49682
1.08904,521.271,30.6621,154.335,3.99724
0.0571103,565.002,32.0752,162.634,3.8614
-0.582819,549.257,30.4989,155.35,3.7807
0.369337,537.015,30.8164,155.905,3.90174
-0.856333,598.535,32.9213,168.019,3.74699
-3.92417,596.444,29.4601,153.756,3.3983
-4.42487,590.477,28.6517,150.093,3.34606
-2.94381,548.951,28.0694,145.443,3.50419
-1.71747,574.003,30.6395,157.348,3.64382
0.452514,579.657,33.3588,168.667,3.91259
1.77478,516.474,31.1012,155.792,4.09164
-4.5973,558.655,26.9419,141.317,3.32835
-4.20778,534.49,26.1359,136.693,3.36856
-0.605943,582.906,32.3414,164.763,3.77783
-1.0738,594.476,32.452,165.883,3.72052
-1.71184,552.2,29.4815,151.395,3.64448
-3.86221,594.295,29.4185,153.468,3.40485
-4.67203,557.735,26.8261,140.788,3.32072
0.141583,554.529,31.5726,159.989,3.87225
-4.27651,545.716,26.6198,139.295,3.36141
0.899834,568.017,33.1956,167.311,3.97178
-2.71683,577.14,29.7473,153.881,3.52942
-4.86893,502.286,23.9902,126.09,3.30073
-2.84162,587.528,30.1501,156.108,3.51552
-4.69429,536.331,25.7761,135.3,3.31845
1.11836,568.941,33.4997,168.583,4.0012
-0.104068,576.047,32.5208,165.083,3.84082
-4.36391,505.102,24.5623,128.612,3.35236
0.765529,565.047,32.87,165.827,3.95387
1.5486,503.477,30.0851,150.942,4.06012
-1.81635,532.092,28.3045,145.461,3.63225
-3.07443,544.88,27.7334,143.84,3.4898
-2.22067,576.873,30.2556,155.946,3.58553
-1.65521,589.154,31.5167,161.78,3.65114
-4.38827,532.254,25.8602,135.433,3.34984
-0.0264232,570.811,32.3117,163.931,3.85071
-1.85363,591.189,31.4072,161.45,3.62791
-0.359739,536.66,30.0305,152.72,3.80853
-4.82724,586.78,28.0674,147.474,3.30495
-4.77052,578.705,27.7372,145.677,3.3107
-2.18373,500.936,26.3069,135.556,3.58976
-0.970495,500.079,27.3971,139.94,3.73306
-0.797181,542.698,29.9115,152.593,3.75424
-3.97508,520.85,25.68,134.077,3.39293
-0.975543,537.243,29.428,150.319,3.73245
0.735964,501.08,29.1193,146.936,3.94994
-3.84679,517.985,25.655,133.82,3.40648
-1.40301,589.632,31.8208,163.043,3.68099
1.12035,526.929,31.0282,156.143,4.00147
1.14506,571.025,33.6533,169.324,4.00482
1.56975,563.728,33.7098,169.102,4.06305
-0.209499,567.396,31.9158,162.134,3.82746
1.34168,544.569,32.311,162.345,4.03162
-3.92764,585.323,28.9073,150.874,3.39793
-2.84865,502.276,25.7689,133.43,3.51473
-1.63791,527.082,28.2132,144.804,3.65317
0.585683,532.615,30.7924,155.544,3.93007
-1.98673,556.175,29.4099,151.329,3.61245
-1.54623,501.848,26.9485,138.222,3.66399
-2.90035,501.215,25.6677,132.957,3.509
0.880034,591.81,34.5625,174.225,3.96913
-3.41101,591.388,29.7454,154.658,3.45312
0.29821,513.316,29.3843,148.735,3.89249
0.415144,596.886,34.3062,173.503,3.90771
-3.00589,505.603,25.7964,133.727,3.49734
-0.862351,577.335,31.7486,162.041,3.74626
-0.496416,540.273,30.0899,153.172,3.79144
0.42242,541.705,31.1424,157.495,3.90866
-1.14329,535.101,29.1402,149.029,3.71212
-2.34687,590.106,30.8131,158.965,3.57113
0.154695,552.911,31.4947,159.58,3.87394
-3.32434,516.317,26.0491,135.353,3.46251
-4.1012,517.925,25.4218,132.853,3.37969
1.73627,592.857,35.6539,178.645,4.08625
-3.67801,508.63,25.3426,132.026,3.42443
-3.00947,582.005,29.6908,153.919,3.49695
1.66319,524.636,31.4725,157.775,4.07604
-3.23172,561.086,28.4004,147.47,3.47258
-0.668634,570.263,31.5712,160.911,3.77007
-4.33514,570.776,27.7842,145.452,3.35533
-1.93935,507.117,26.8602,138.162,3.61794
-0.259854,520.321,29.217,148.477,3.8211
-1.62016,513.326,27.4939,141.094,3.65526
1.49211,567.249,33.8304,169.8,4.05231
-4.2186,553.535,27.0567,141.521,3.36744
-2.80968,501.77,25.7783,133.441,3.51907
-4.37562,560.431,27.2415,142.653,3.35115
-3.81018,568.206,28.1789,146.945,3.41036
-0.00546043,510.912,28.942,146.813,3.85339
-0.331041,534.33,29.9298,152.177,3.81214
-2.87567,533.98,27.3694,141.746,3.51174
-2.1106,589.918,31.0593,159.96,3.59816
0.508289,533.675,30.7716,155.524,3.9199
-3.48216,556.236,27.9071,145.176,3.44544
-3.69964,593.039,29.5257,153.842,3.42212
-0.403472,583.558,32.6054,165.867,3.80305
-3.30681,561.166,28.3293,147.182,3.46441
1.47996,565.639,33.7203,169.262,4.05063
1.12167,548.22,32.2833,162.458,4.00165
-1.52702,562.716,30.2373,155.069,3.66626
1.67422,506.141,30.3744,152.259,4.07758
-4.55275,508.352,24.5549,128.754,3.33291
-1.32725,531.23,28.7448,147.202,3.69003
-2.37173,548.705,28.6264,147.71,3.5683
-0.415051,501.608,28.0154,142.529,3.8016
-0.57382,541.808,30.0946,153.281,3.78182
0.229129,576.907,32.946,166.845,3.88354
-4.5366,581.419,28.1004,147.327,3.33457
-1.22628,554.123,30.0891,153.974,3.70213
-1.71296,541.077,28.8866,148.341,3.64435
-3.60954,527.865,26.3648,137.281,3.43175
-0.668369,512.59,28.3786,144.639,3.77011
-2.62105,546.652,28.2708,146.141,3.54015
0.399292,533.486,30.6455,155.007,3.90564
-4.62376,528.326,25.4552,133.546,3.32564
-4.67222,571.762,27.5005,144.328,3.3207
0.644319,552.948,32.0324,161.741,3.9378
-4.72876,599.753,28.7888,151.153,3.31494
-4.78979,515.939,24.7118,129.806,3.30874
-4.53844,519.012,25.0825,131.507,3.33438
-4.30781,557.116,27.1456,142.08,3.35817
-3.60599,535.452,26.7471,139.268,3.43213
1.88654,569.397,34.4192,172.277,4.10735
-4.82099,565.842,27.0719,142.237,3.30558
-4.96795,573.162,27.2788,143.481,3.29075
-3.41176,582.023,29.2735,152.205,3.45304
-1.73498,551.417,29.4159,151.083,3.64177
-0.806102,573.586,31.6041,161.238,3.75315
-3.5144,591.779,29.6565,154.313,3.44197
1.8928,562.815,34.0286,170.314,4.10824
0.776211,542.241,31.5549,159.181,3.95529
-3.78157,556.953,27.6488,144.15,3.4134
-4.25562,599.601,29.2699,153.139,3.36358
-3.35292,599.103,30.1953,156.93,3.45941
-1.3113,550.443,29.801,152.593,3.69194
1.03466,535.874,31.4623,158.424,3.98989
-1.11101,588.274,32.0719,163.984,3.71602
-1.83203,533.553,28.3666,145.797,3.63043
-1.81197,543.439,28.9125,148.581,3.63277
-0.405138,589.958,32.9611,167.679,3.80284
1.21574,563.053,33.2639,167.281,4.01442
1.24257,541.653,32.0291,161.041,4.01807
-0.409228,566.178,31.628,160.902,3.80233
1.19191,529.63,31.2638,157.25,4.01118
1.44217,546.637,32.5454,163.408,4.04542
-2.34124,578.642,30.2205,155.901,3.57177
1.1998,548.491,32.3859,162.885,4.01225
-3.405,547.909,27.5643,143.311,3.45377
-3.14217,534.931,27.1621,140.947,3.48237
-2.0794,558.635,29.4444,151.608,3.60175
0.873658,567.145,33.1148,166.934,3.96828
-4.17272,541.417,26.5075,138.601,3.37222
1.09828,523.65,30.8118,155.078,3.99848
0.138611,501.454,28.5478,144.664,3.87186
0.498628,541,31.1836,157.617,3.91863
-1.56675,505.418,27.1208,139.126,3.66157
-4.23454,579.782,28.3236,148.165,3.36578
-4.08582,580.57,28.5122,148.987,3.3813
-4.53593,514.57,24.8701,130.391,3.33464
-1.59439,593.388,31.8106,163.217,3.6583
-0.18057,508.511,28.6322,145.423,3.83112
-3.22242,546.306,27.6613,143.622,3.4736
-4.28277,511.524,24.9463,130.544,3.36076
1.43387,511.644,30.4534,152.913,4.04428
-1.48578,589.675,31.7315,162.683,3.67115
-1.06274,549.606,30.0141,153.409,3.72186
1.01141,586.564,34.4109,173.3,3.98676
0.35965,577.597,33.1341,167.642,3.90047
-0.153962,507.348,28.593,145.196,3.83449
-1.09422,524.031,28.5862,146.144,3.71805
-4.32809,531.901,25.8984,135.572,3.35607
1.75137,555.374,33.4169,167.419,4.08836
-1.65022,549.961,29.4252,151.038,3.65172
-4.81567,590.683,28.2658,148.503,3.30612
1.02167,574.162,33.6952,169.683,3.98814
-2.80822,537.513,27.616,142.952,3.51923
-4.20478,544.695,26.6377,139.315,3.36887
-3.65465,538.387,26.8474,139.841,3.42693
0.655055,510.219,29.568,149.286,3.93922
-1.63494,547.148,29.2903,150.329,3.65352
0.292156,530.637,30.3695,153.728,3.8917
-3.92584,558.843,27.6013,144.056,3.39812
-4.54313,529.152,25.5683,134.059,3.3339
-4.17866,570.854,27.9429,146.112,3.3716
1.1173,550.479,32.4115,163.108,4.00106
-2.71373,583.329,30.0696,155.545,3.52977
-2.07603,590.069,31.1049,160.154,3.60214
0.771861,598.632,34.8313,175.714,3.95471
-4.72563,584.417,28.0558,147.301,3.31526
-3.64676,526.643,26.2691,136.821,3.42777
-3.62319,535.626,26.7395,139.246,3.43029
-4.13541,510.783,25.0409,130.896,3.37611
-0.268307,566.619,31.8074,161.651,3.82003
0.795976,586.782,34.1701,172.349,3.95792
0.151963,552.239,31.4534,159.374,3.87358
-2.66148,565.269,29.1921,150.949,3.53561
-0.330025,593.621,33.2521,169.068,3.81226
0.270809,517.776,29.6117,149.915,3.88894
-0.0890034,573.373,32.3866,164.384,3.84274
-0.658341,553.891,30.6758,156.336,3.77135
-0.405269,579.414,32.3719,164.681,3.80283
-2.48484,579.881,30.133,155.613,3.55549
-3.40771,589.915,29.6747,154.286,3.45347
0.482705,552.958,31.8554,161.031,3.91654
-1.26016,599.793,32.5306,166.508,3.69806
-0.389806,557.959,31.1899,158.651,3.80476
-0.324556,564.737,31.6401,160.866,3.81295
0.158638,598.705,34.1078,172.815,3.87444
-0.550891,571.365,31.7616,161.745,3.78466
-2.57329,537.874,27.8636,143.986,3.54551
1.28402,505.086,29.9092,150.339,4.02373
-0.0422397,527.655,29.8525,151.471,3.8487
-4.8027,565.17,27.0574,142.141,3.30743
-1.54702,591.766,31.7762,162.984,3.6639
1.04588,531.228,31.2015,157.098,3.99141
1.67545,597.159,35.8381,179.645,4.07775
0.922103,587.647,34.369,173.198,3.97476
-2.84349,559.235,28.6964,148.583,3.51531
0.931414,538.964,31.5318,158.89,3.97601
0.110916,575.062,32.707,165.774,3.8683
-2.69475,566.595,29.2264,151.163,3.53189
1.08546,501.668,29.5054,148.517,3.99675
0.842424,591.452,34.497,173.941,3.96411
-4.65313,525.102,25.2735,132.621,3.32265
0.793916,528.784,30.7905,155.305,3.95764
-3.35837,520.056,26.2062,136.203,3.45882
-0.949978,500.588,27.4446,140.162,3.73556
1.97551,527.589,31.9889,160.013,4.11993
-4.91194,593.641,28.31,148.842,3.29639
-1.49017,574.85,30.929,158.574,3.67063
1.99094,542.875,32.933,164.718,4.12212
-1.74988,506.528,27.0072,138.727,3.64003
-0.604578,528.488,29.3235,149.387,3.778
-4.28873,549.577,26.7965,140.232,3.36015
-4.6195,582.649,28.0768,147.295,3.32608
-2.41916,554.033,28.8563,148.948,3.56292
-4.7109,532.322,25.5683,134.226,3.31676
0.0682464,559.197,31.7579,161.012,3.86282
-2.21122,508.434,26.675,137.481,3.58661
0.314182,520.028,29.785,150.745,3.89456
0.253075,558.904,31.9442,161.744,3.88664
-3.79223,558.612,27.7207,144.536,3.41227
-0.420659,519.643,29.017,147.631,3.8009
-4.69014,587.472,28.2382,148.219,3.31887
-0.259459,532.974,29.9279,152.089,3.82115
-3.82468,570.233,28.2649,147.409,3.40883
-4.39215,594.35,28.8733,151.217,3.34944
-1.14043,581.602,31.6757,161.993,3.71247
-1.24586,533.97,28.975,148.294,3.69978
-1.33789,506.177,27.379,140.218,3.68876
-1.98383,593.544,31.3891,161.509,3.61279
-3.54789,508.795,25.4677,132.55,3.43837
-1.06185,538.819,29.4259,150.402,3.72197
0.281608,538.311,30.7976,155.906,3.89034
-0.0503563,520.616,29.446,149.417,3.84766
-3.12208,559.326,28.4209,147.457,3.48457
-1.18923,504.205,27.4139,140.246,3.70659
-1.40817,519.574,28.035,143.651,3.68038
0.229866,512.52,29.2697,148.227,3.88364
-1.21677,529.931,28.785,147.29,3.70327
-3.31924,576.385,29.0848,151.121,3.46306
-3.38927,582.903,29.3411,152.531,3.45547
-2.09164,569.441,30.001,154.488,3.60034
-3.03927,585.51,29.8383,154.717,3.49366
-2.80402,570.389,29.3094,151.713,3.5197
-1.66938,591.19,31.61,162.275,3.64947
-3.59323,577.806,28.8757,150.338,3.4335
-1.04135,557.375,30.461,155.669,3.72446
-4.10403,551.026,27.0438,141.333,3.3794
-1.13287,504.808,27.5005,140.633,3.71338
0.854753,553.108,32.2742,162.719,3.96575
-3.00648,562.9,28.7192,148.879,3.49728
-2.2681,598.711,31.3488,161.636,3.58011
1.53545,504.235,30.1169,151.115,4.0583
-1.39387,585.391,31.6021,161.912,3.68208
-2.82424,566.656,29.0968,150.635,3.51745
1.28956,584.542,34.6209,174.015,4.02449
-1.46989,583.701,31.4275,161.106,3.67304
-0.561887,551.658,30.6544,156.119,3.7833
-2.4058,501.434,26.1289,134.857,3.56443
1.29063,572.766,33.9247,170.514,4.02463
0.387084,541.157,31.0731,157.183,3.90405
-0.471068,591.624,32.9788,167.848,3.7946
1.55132,501.538,29.972,150.371,4.0605
-4.87969,584.893,27.9249,146.782,3.29964
0.633815,570.631,33.0449,166.865,3.93642
-1.29139,595.967,32.288,165.304,3.69432
-3.75456,567.438,28.1963,146.975,3.41627
-4.35165,524.088,25.4966,133.492,3.35363
0.0641496,543.326,30.8522,156.425,3.8623
-0.94295,524.793,28.7786,146.967,3.73642
-0.295679,570.476,31.9936,162.629,3.81658
1.58274,531.408,31.7912,159.463,4.06486
-1.14994,571.003,31.0882,158.999,3.71132
1.22162,530.124,31.3248,157.524,4.01522
-2.8215,525.695,26.9962,139.757,3.51775
-4.06989,505.937,24.861,129.892,3.38297
-0.861388,552.596,30.3892,155.102,3.74638
1.03578,520.121,30.5386,153.771,3.99004
-0.993528,518.222,28.3684,144.925,3.73026
-1.5737,510.888,27.4077,140.605,3.66074
-4.3426,556.876,27.1004,141.88,3.35456
-2.87433,563.744,28.8963,149.652,3.51189
-2.69019,562.111,28.9998,149.986,3.5324
1.98777,545.089,33.0638,165.376,4.12167
-4.96539,561.923,26.7463,140.678,3.29101
-0.174244,529.755,29.8349,151.525,3.83192
-2.9397,575.097,29.4106,152.388,3.50465
-1.84343,588.263,31.2629,160.696,3.6291
1.56531,570.603,34.1157,171.143,4.06244
-2.51745,565.624,29.3586,151.649,3.5518
-4.19219,553.775,27.0939,141.687,3.37019
1.24533,542.142,32.061,161.199,4.01845
-4.04348,573.357,28.2003,147.311,3.38574
-1.45524,580.846,31.2897,160.382,3.67478
-2.54333,590.919,30.6437,158.318,3.54889
1.06989,548.114,32.2199,162.198,3.99465
0.555431,513.325,29.6463,149.787,3.92609
-3.00999,523.445,26.7029,138.43,3.49689
1.48933,502.826,29.9854,150.504,4.05193
-4.52928,591.502,28.5951,149.913,3.33532
-1.96636,594.355,31.4512,161.808,3.61481
-2.88712,547.094,28.0303,145.18,3.51047
-2.49776,525.631,27.3016,141.004,3.55403
0.962005,542.28,31.7591,160.001,3.98012
-0.910341,593.086,32.5605,166.242,3.74039
0.13324,543.062,30.9108,156.645,3.87117
0.845246,505.539,29.4889,148.686,3.96448
-0.554981,575.196,31.97,162.811,3.78415
-4.78689,577.405,27.6588,145.283,3.30904
-2.308,585.643,30.6218,157.933,3.57555
-2.67544,580.036,29.9401,154.832,3.53405
0.786068,532.957,31.0251,156.497,3.9566
-3.3304,560.089,28.2514,146.803,3.46185
1.79667,569.188,34.3012,171.795,4.09471
-2.70695,542.217,27.9569,144.61,3.53052
-2.85016,550.028,28.2173,146.109,3.51457
1.61792,505.87,30.2999,151.945,4.06974
-2.88208,544.121,27.8829,144.412,3.51103
0.52921,516.893,29.8254,150.72,3.92264
-0.897844,512.27,28.1359,143.639,3.74192
-3.30382,553.753,27.958,145.25,3.46474
-0.731849,529.534,29.2521,149.159,3.76228
1.3923,583.418,34.6761,174.166,4.03856
1.12654,578.457,34.0696,171.441,4.00231
1.90121,563.804,34.0981,170.653,4.10942
-1.99624,538.255,28.4528,146.414,3.61135
-1.77493,521.122,27.7611,142.625,3.63709
-1.70705,568.256,30.3438,155.818,3.64505
-0.191218,587.07,33.0434,167.84,3.82977
0.357845,569.614,32.6741,165.317,3.90024
-0.229934,506.578,28.4747,144.674,3.82488
-1.80114,504.752,26.8644,138.045,3.63403
-2.99318,597.324,30.4898,158.042,3.49874
-3.54833,545.242,27.2916,142.043,3.43832
0.721209,506.12,29.3973,148.354,3.94798
-2.96867,563.643,28.7954,149.233,3.50145
-4.87714,517.977,24.7323,129.999,3.2999
1.05654,504.592,29.6479,149.265,3.99284
1.57087,537.216,32.1256,161.154,4.06321
-4.75347,590.697,28.3292,148.767,3.31243
-1.73084,502.113,26.7896,137.59,3.64226
-0.102889,548.806,30.9841,157.281,3.84097
-0.705328,554.485,30.6587,156.301,3.76554
-4.10519,564.79,27.7182,144.859,3.37927
0.950569,580.003,33.9551,171.077,3.97858
0.644582,517.046,29.9529,151.24,3.93784
-3.32478,534.476,26.9648,140.111,3.46246
-3.10339,508.595,25.8602,134.153,3.48662
-4.28072,590.507,28.8004,150.71,3.36098
-0.661969,531.829,29.4502,150.094,3.7709
1.56794,530.119,31.6981,159.012,4.0628
-0.464008,504.345,28.1205,143.114,3.79548
-3.82549,549.652,27.244,142.086,3.40874
-1.33456,558.103,30.1912,154.617,3.68916
-3.37684,595.948,30.0109,155.999,3.45682
-2.08052,571.9,30.1424,155.203,3.60162
-4.91965,542.93,25.8845,136.098,3.29561
-0.261234,507.887,28.5174,144.923,3.82092
-3.24028,560.6,28.3672,147.307,3.47165
-2.068,538.137,28.3753,146.091,3.60306
-0.144595,556.586,31.3781,159.328,3.83568
0.317791,560.091,32.0836,162.375,3.89503
-0.902315,557.56,30.6187,156.319,3.74137
-4.26194,532.024,25.9653,135.856,3.36293
-3.89704,590.064,29.173,152.227,3.40116
-2.19438,567.217,29.7766,153.447,3.58854
-3.51013,556.204,27.8779,145.054,3.44243
-1.42227,599.747,32.345,165.752,3.6787
-1.68056,505.954,27.042,138.836,3.64816
1.87753,547.992,33.1151,165.76,4.10608
-3.55088,505.168,25.2835,131.594,3.43805
0.265029,595.04,34.0236,172.258,3.88819
0.147102,581.278,33.1019,167.732,3.87296
-0.0345304,532.644,30.1428,152.936,3.84968
-1.23405,550.065,29.8607,152.813,3.7012
1.94176,530.7,32.1405,160.809,4.11515
-1.07944,525.504,28.6812,146.614,3.71984
-1.56886,538.881,28.9143,148.329,3.66132
-2.09139,578.274,30.4667,156.886,3.60037
-0.269318,582.454,32.6951,166.164,3.81991
0.215784,546.592,31.2004,158.02,3.88182
-2.12383,574.07,30.2109,155.605,3.59664
1.77956,547.26,32.9605,165.1,4.09231
1.62282,523.43,31.3569,157.24,4.07042
-4.30383,525.134,25.5909,133.939,3.35858
-4.41681,575.973,27.956,146.44,3.34689
-2.86762,587.874,30.1403,156.087,3.51263
1.48831,599.071,35.7236,179.307,4.05178
-3.88639,524.818,25.957,135.435,3.40229
-2.75245,520.566,26.7978,138.66,3.52544
-4.63982,509.423,24.5305,128.71,3.324
-4.37857,595.252,28.931,151.504,3.35084
-4.31659,528.752,25.7556,134.813,3.35726
-3.40439,569.339,28.6431,148.919,3.45383
0.0307596,598.045,33.9203,172.021,3.85802
-0.0763223,552.699,31.2326,158.512,3.84435
1.78834,581.445,35.0299,175.454,4.09354
-3.45211,544.915,27.3681,142.341,3.44868
-0.357491,565.413,31.6419,160.913,3.80882
-0.536336,525.469,29.225,148.812,3.78647
-2.11985,533.033,28.0552,144.498,3.59709
0.763203,506.078,29.4373,148.512,3.95356
-1.66283,543.133,29.0471,149.111,3.65024
-2.67941,553.319,28.557,147.684,3.5336
-1.32804,501.307,27.1249,138.907,3.68994
1.25717,586.29,34.6859,174.382,4.02007
0.227287,544.853,31.1135,157.567,3.8833
-1.07196,592.113,32.3251,165.232,3.72075
0.624078,505.052,29.2375,147.649,3.93513
1.23633,517.426,30.5899,153.812,4.01722
-0.282107,554.283,31.1001,158.072,3.81829
1.28214,544.977,32.2693,162.204,4.02347
-4.52962,504.075,24.3683,127.754,3.33528
-0.585053,594.154,32.9893,168.038,3.78042
0.837055,564.132,32.8975,165.882,3.96339
-2.92933,566.418,28.9773,150.132,3.50579
-4.95807,534.757,25.4599,133.904,3.29174
1.21422,561.397,33.1643,166.783,4.01421
-4.84117,523.642,25.0349,131.554,3.30354
-4.91069,517.989,24.7034,129.879,3.29652
-2.21974,545.676,28.6204,147.516,3.58563
-0.608607,579.122,32.1285,163.681,3.7775
-3.78119,522.973,25.9623,135.357,3.41344
-4.07979,552.867,27.1575,141.902,3.38193
1.29033,521.509,30.8884,155.254,4.02459
-0.992858,537.605,29.4301,150.348,3.73034
-0.0338164,544.861,30.8349,156.446,3.84977
-2.79213,505.154,25.9681,134.406,3.52102
-4.93998,508.906,24.2448,127.496,3.29356
-1.75609,521.534,27.8013,142.813,3.6393
0.721487,576.884,33.5078,169.098,3.94802
-4.25911,577.965,28.2103,147.599,3.36322
0.84973,584.953,34.1265,172.064,3.96508
0.400306,595.61,34.2153,173.062,3.90577
-4.22234,568.341,27.7768,145.291,3.36705
-2.80212,554.534,28.4966,147.504,3.51991
-3.48535,590.732,29.6345,154.165,3.4451
-4.95037,570.908,27.1886,142.988,3.29252
-4.24002,532.147,25.9915,135.971,3.36521
0.685847,549.816,31.8965,161.007,3.94329
-2.19734,503.183,26.4123,136.113,3.5882
-2.29432,598.042,31.2851,161.338,3.57711
0.144262,513.703,29.2508,148.221,3.87259
-0.74546,589.443,32.5462,165.972,3.7606
-1.55844,509.267,27.3353,140.218,3.66255
-3.6236,599.342,29.9199,155.809,3.43025
1.15347,574.368,33.86,170.354,4.00596
-4.22106,523.266,25.575,133.773,3.36718
-3.50132,502.417,25.1899,131.059,3.44337
-4.48289,541.826,26.2369,137.502,3.34009
-2.38864,514.186,26.8096,138.353,3.56638
1.32922,585.904,34.7487,174.609,4.02991
-4.88681,551.096,26.3046,138.273,3.29893
-2.51848,564.671,29.308,151.39,3.55169
-3.91647,506.651,25.0318,130.637,3.39911
-3.68746,585.817,29.1787,152.021,3.42342
0.57806,513.452,29.6767,149.916,3.92907
0.759027,593.134,34.4961,174.039,3.953
0.0718189,596.266,33.8673,171.702,3.86328
0.42397,588.111,33.8121,170.994,3.90886
-3.31837,537.79,27.1381,141.005,3.46316
0.088202,569.791,32.3818,164.152,3.86538
-4.11963,572.965,28.105,146.896,3.37776
-4.26582,507.202,24.7505,129.503,3.36252
-1.63328,583.669,31.2472,160.371,3.65372
0.152363,594.042,33.8349,171.44,3.87363
0.211497,562.795,32.1206,162.685,3.88126
-3.49986,565.507,28.3545,147.522,3.44353
-4.69332,530.151,25.48,133.745,3.31855
-3.78915,574.491,28.5118,148.658,3.4126
-3.39558,588.389,29.6107,153.94,3.45479
1.53703,518.753,30.9857,155.473,4.05852
-4.99346,555.598,26.4188,138.984,3.28818
-3.0305,561.95,28.6465,148.528,3.49463
-0.429152,513.002,28.6377,145.71,3.79984
1.11026,561.151,33.0319,166.238,4.00011
-2.83663,524.425,26.9166,139.361,3.51607
-0.145204,588.25,33.1625,168.39,3.8356
0.435431,521.46,29.9919,151.662,3.91036
-3.69693,577.846,28.772,149.912,3.42241
1.31867,525.602,31.1611,156.593,4.02847
-0.490222,543.012,30.249,153.975,3.79221
-1.16878,574.341,31.2494,159.845,3.70905
-2.03783,570.917,30.1355,155.12,3.60654
-1.32024,532.172,28.8029,147.492,3.69087
0.458417,512.283,29.4875,149.087,3.91336
-0.450157,505.746,28.2122,143.566,3.79721
-3.48815,518.615,26.0141,135.334,3.44479
1.4147,546.194,32.4885,163.153,4.04164
-0.0733278,557.853,31.5271,160.003,3.84473
-3.8605,585.301,28.975,151.153,3.40503
-0.0898567,585.774,33.0861,167.936,3.84263
1.81841,563.972,34.0121,170.321,4.09776
-0.257771,541.151,30.3888,154.43,3.82136
0.0260203,569.785,32.3121,163.871,3.85742
1.85237,557.716,33.6738,168.587,4.10254
1.77103,549.825,33.1053,165.835,4.09111
1.29356,531.951,31.5103,158.376,4.02503
-4.14131,578.552,28.3573,148.238,3.3755
-0.586556,538.5,29.8977,152.292,3.78023
-0.0476948,568.63,32.1646,163.209,3.848
-1.56581,546.221,29.3113,150.362,3.66168
0.876443,503.107,29.3785,148.097,3.96865
-0.460738,585.284,32.6371,166.096,3.79589
0.191701,500.404,28.5402,144.571,3.87871
1.75817,594.536,35.7816,179.258,4.08931
-0.277901,585.487,32.8557,166.99,3.81882
-1.19463,524.455,28.5095,145.857,3.70594
-3.35234,595.112,29.9948,155.887,3.45947
0.059625,583.074,33.1041,167.848,3.86172
-1.69094,516.834,27.6135,141.781,3.64694
-1.49952,597.403,32.132,164.753,3.66952
-0.401689,571.688,31.9442,162.501,3.80328
-4.1583,581.726,28.4956,148.98,3.37372
0.401963,550.632,31.6333,160,3.90599
1.88739,528.204,31.93,159.817,4.10747
-2.33882,537.075,28.0519,144.712,3.57204
-3.46952,594.025,29.8164,155.093,3.4468
-4.74161,514.799,24.6996,129.696,3.31363
1.08436,585.56,34.4381,173.347,3.9966
-4.13624,583.094,28.585,149.423,3.37603
-4.59511,509.57,24.5766,128.909,3.32857
-4.62841,587.02,28.2785,148.363,3.32517
-2.49832,567.962,29.4997,152.358,3.55396
0.783489,515.657,30.0154,151.407,3.95625
1.71589,591.462,35.5453,178.126,4.0834
-3.02411,511.837,26.0977,135.307,3.49533
-3.39448,561.501,28.2586,146.91,3.45491
0.511873,538.194,31.036,156.857,3.92037
-2.62899,592.201,30.6179,158.284,3.53925
0.076645,594.426,33.7684,171.195,3.8639
1.70484,542.194,32.5721,163.24,4.08185
-4.30835,559.644,27.2683,142.722,3.35811
-0.542195,554.863,30.8536,157.111,3.78574
-2.60421,575.613,29.7862,153.956,3.54204
-2.02279,584.976,30.8939,159.006,3.60828
-3.98872,520.73,25.6616,133.995,3.3915
1.35152,563.223,33.429,167.951,4.03297
1.50827,539.332,32.1832,161.514,4.05454
-0.612758,534.139,29.6286,150.95,3.77699
1.02818,571.464,33.5444,168.916,3.98902
-2.3101,526.478,27.5262,141.97,3.57531
0.818913,588.385,34.2904,172.928,3.96097
-3.29335,545.503,27.5517,143.128,3.46587
-3.1832,596.793,30.2594,157.067,3.47788
0.88823,562.982,32.8882,165.775,3.97023
-4.79578,527.535,25.2619,132.701,3.30813
-2.73651,546.003,28.1229,145.5,3.52722
-2.13073,552.916,29.0906,149.843,3.59584
0.103119,599.547,34.0904,172.795,3.8673
-1.59395,541.243,29.0157,148.876,3.65835
-4.40449,572.62,27.8054,145.638,3.34816
-1.953,586.585,31.0545,159.752,3.61636
-0.366932,542.373,30.3426,154.316,3.80763
-2.94978,515.161,26.3361,136.468,3.50353
-1.62329,563.239,30.164,154.8,3.65489
-4.7232,561.356,26.9511,141.498,3.31551
-1.82327,501.955,26.6949,137.196,3.63145
-3.46704,579.487,29.0892,151.308,3.44707
-4.3548,531.092,25.8344,135.264,3.3533
-4.73616,531.716,25.5163,133.978,3.31419
-1.39043,582.997,31.4766,161.265,3.68249
-4.60072,503.947,24.3005,127.466,3.328
-4.01627,594.66,29.2763,152.901,3.3886
1.37584,542.13,32.2039,161.768,4.0363
-0.731194,508.276,28.0785,143.174,3.76236
-3.19978,551.872,27.9655,145.177,3.47607
1.0319,556.397,32.6641,164.479,3.98952
-1.86229,509.543,27.0615,139.119,3.6269
-0.832641,576.468,31.7337,161.93,3.7499
0.161262,574.73,32.745,165.907,3.87478
-4.78485,586.765,28.1092,147.646,3.30924
1.41233,524.473,31.194,156.655,4.04132
-1.43711,537.878,28.9934,148.593,3.67693
-0.26404,563.499,31.6369,160.78,3.82057
0.0629389,523.722,29.7377,150.776,3.86214
-4.10341,533.18,26.1685,136.758,3.37946
-2.91714,509.864,26.0953,135.188,3.50714
-2.41747,542.214,28.2424,145.778,3.56311
-4.66967,566.168,27.2339,142.926,3.32096
0.891003,530.773,31.0095,156.303,3.9706
0.365405,594.084,34.0866,172.454,3.90122
-3.88735,597.31,29.5414,154.138,3.40219
-2.50733,551.822,28.6523,147.991,3.55295
-1.84176,596.867,31.722,163.054,3.62929
-1.53591,557.321,29.9381,153.544,3.66521
-1.68482,554.048,29.6081,152.015,3.64766
1.48306,506.894,30.2215,151.696,4.05106
-4.33084,567.016,27.6054,144.511,3.35578
-3.58102,567.867,28.3913,147.802,3.43481
-1.67177,515.327,27.5514,141.442,3.64919
-2.8346,544.927,27.9709,144.817,3.5163
-4.73602,545.511,26.1784,137.455,3.3142
-4.80479,559.834,26.8,140.791,3.30722
-0.579073,547.479,30.4041,154.863,3.78116
-1.85491,510.321,27.1098,139.36,3.62776
-2.59743,576.233,29.8254,154.151,3.5428
0.922696,554.195,32.4132,163.341,3.97484
-4.02868,531.028,26.1321,136.492,3.3873
-0.509902,522.803,29.1034,148.165,3.78976
0.596792,511.354,29.5745,149.38,3.93153
-3.02855,599.047,30.5397,158.342,3.49484
-2.42267,535.843,27.9054,144.044,3.56252
-3.21832,529.853,26.8321,139.313,3.47405
0.472205,597.085,34.3851,173.832,3.91517
0.598238,574.783,33.2446,167.916,3.93172
0.699848,530.444,30.7875,155.394,3.94515
-1.09288,515.576,28.1263,143.791,3.71821
0.958049,571.555,33.4691,168.62,3.97959
-1.40872,549.67,29.6583,151.969,3.68031
-0.789336,563.21,31.0505,158.394,3.75521
0.867469,593.578,34.6508,174.685,3.96745
-2.02105,582.926,30.7875,158.457,3.60848
-4.54973,580.045,28.0209,146.925,3.33322
-0.0856466,563.078,31.8088,161.448,3.84317
-3.14364,563.663,28.6195,148.512,3.48221
0.274072,577.887,33.0532,167.334,3.88936
-1.86833,501.273,26.6167,136.838,3.6262
-4.89527,520.954,24.8584,130.679,3.29807
-2.97509,511.403,26.1207,135.377,3.50074
-1.06767,559.097,30.5272,156.037,3.72126
0.746297,592.792,34.4612,173.878,3.95131
1.59149,505.831,30.2702,151.824,4.06607
-4.78215,520.338,24.9293,130.941,3.30952
0.0943571,562.896,31.9968,162.193,3.86618
-4.65657,596.332,28.6983,150.597,3.32229
-2.70915,560.393,28.8919,149.448,3.53028
-4.94533,594.241,28.3049,148.853,3.29303
0.312602,514.804,29.4841,149.225,3.89436
-0.407744,561.759,31.3828,159.652,3.80252
-4.12409,532.939,26.1375,136.617,3.3773
-0.740708,529.224,29.2261,149.036,3.76119
-3.91159,595.522,29.4277,153.572,3.39963
-3.44964,579.043,29.0848,151.266,3.44895
-3.36158,591.02,29.7788,154.775,3.45847
1.58715,559.34,33.4672,167.865,4.06547
1.23941,595.375,35.202,176.998,4.01764
1.43731,595.131,35.4268,177.881,4.04475
0.582613,529.019,30.5812,154.481,3.92966
0.897693,596.781,34.874,175.773,3.97149
1.6693,549.879,32.9937,165.394,4.07689
1.87204,538.294,32.523,162.803,4.10531
-0.866485,556.354,30.5905,156.134,3.74575
-0.754404,545.394,30.1047,153.531,3.7595
-0.623116,523.902,29.0504,148.015,3.7757
-0.00701495,505.991,28.6617,145.392,3.85319
-0.24066,592.231,33.2769,169.086,3.82352
0.0328842,587.271,33.3116,168.932,3.85829
-3.69365,578.317,28.7989,150.049,3.42276
-2.36992,507.457,26.4761,136.613,3.56851
-4.1688,531.493,26.0253,136.075,3.37263
-4.63361,532.869,25.6651,134.657,3.32464
0.664705,565.874,32.8042,165.614,3.9405
-2.17577,532.452,27.9698,144.117,3.59067
-2.25741,560.061,29.3361,151.246,3.58133
0.690332,501.471,29.0963,146.868,3.94389
-0.903538,551.195,30.2678,154.529,3.74122
-0.0561052,512.885,29.003,147.175,3.84693
-0.463282,515.063,28.7189,146.158,3.79557
0.216098,573.531,32.7385,165.809,3.88186
-0.833522,576.621,31.7411,161.969,3.74979
-3.02928,582.113,29.6756,153.863,3.49476
-1.97657,502.031,26.5563,136.635,3.61363
-2.22656,517.681,27.1455,139.921,3.58485
0.197948,506.145,28.8739,146.255,3.87951
-0.499063,502.32,27.9736,142.402,3.79111
1.75253,545.292,32.8116,164.385,4.08852
-1.55218,599.647,32.1935,165.131,3.66329
0.496963,532.68,30.7022,155.186,3.91841
0.533973,543.801,31.3832,158.587,3.92327
0.079489,529.172,30.0643,152.414,3.86427
-3.19511,594.534,30.1323,156.421,3.47658
-0.964202,523.582,28.691,146.542,3.73383
1.78238,586.322,35.3165,176.897,4.0927
-2.92093,505.477,25.8673,134.01,3.50672
-0.952879,567.85,31.129,158.982,3.73521
-3.05729,515.994,26.279,136.28,3.49168
-3.5297,529.462,26.5192,138.004,3.44032
-1.13479,512.514,27.9185,142.772,3.71315
-3.93106,579.155,28.5992,149.27,3.39757
-2.95959,525.199,26.84,139.089,3.50245
-3.13562,532.583,27.0491,140.354,3.48309
-2.4523,525.927,27.3606,141.262,3.55917
-1.80417,500.943,26.6588,136.991,3.63368
-2.44643,572.888,29.8098,153.901,3.55983
-1.48159,518.162,27.8873,142.97,3.67165
0.182258,540.496,30.8168,156.114,3.87749
-4.79386,592.031,28.3523,148.934,3.30833
-1.54761,511.808,27.4821,140.96,3.66383
1.17859,590.797,34.8585,175.347,4.00937
-3.61371,525.988,26.2671,136.777,3.43131
-3.0042,531.06,27.0969,140.467,3.49753
-2.29367,560.235,29.308,151.141,3.57719
-0.227925,582.554,32.7476,166.381,3.82513
-4.42077,548.797,26.6332,139.515,3.34648
-1.88107,567.51,30.1203,154.865,3.62471
0.454826,525.241,30.2296,152.843,3.91289
-1.46491,506.689,27.2857,139.869,3.67363
0.342262,571.164,32.7455,165.696,3.89821
-4.09743,524.538,25.7499,134.564,3.38009
-1.35101,504.624,27.2826,139.738,3.68719
-3.53917,557.535,27.916,145.283,3.4393
0.629476,548.183,31.7402,160.282,3.93584
-4.76338,538.989,25.8402,135.707,3.31142
1.82836,529.596,31.9498,159.982,4.09916
-1.11481,514.749,28.0597,143.473,3.71556
-3.57808,581.547,29.0783,151.375,3.43513
-2.40252,555.798,28.9651,149.492,3.56481
1.2869,505.259,29.9224,150.402,4.02412
-1.91179,534.724,28.3498,145.794,3.62114
-4.2422,503.146,24.5731,128.553,3.36498
-2.56414,577.196,29.9102,154.551,3.54654
0.670698,563.168,32.6541,164.849,3.94129
0.872846,548.803,32.0429,161.532,3.96817
0.386588,592.73,34.0338,172.161,3.90398
-1.37763,542.583,29.3077,150.139,3.68401
-1.40781,505.269,27.2634,139.697,3.68042
-4.8618,593.32,28.3453,148.972,3.30145
-0.0495333,587.13,33.209,168.511,3.84777
1.51727,564.595,33.7011,169.121,4.05579
-4.9942,552.24,26.2585,138.141,3.28811
1.7903,534.414,32.1986,161.271,4.09382
0.0228259,577.671,32.7557,166.125,3.85701
1.38302,562.782,33.4389,167.963,4.03729
1.89393,579.671,35.0491,175.421,4.1084
-2.72586,522.754,26.9356,139.346,3.52841
-2.6985,568.482,29.3199,151.65,3.53147
0.316385,546.16,31.2841,158.33,3.89485
-2.20647,556.948,29.2252,150.619,3.58715
-2.98599,587.237,29.9825,155.404,3.49954
0.536299,585.587,33.7974,170.783,3.92357
-2.65299,532.458,27.5059,142.22,3.53656
-0.0382972,500.212,28.3037,143.609,3.8492
-2.45913,589.004,30.6347,158.174,3.55839
-2.44903,529.513,27.5503,142.238,3.55954
1.31893,543.177,32.2033,161.83,4.0285
-0.616903,518.853,28.7766,146.613,3.77647
0.56961,573.38,33.1308,167.375,3.92795
-3.76005,508.63,25.2691,131.723,3.41569
1.04379,533.865,31.3542,157.869,3.99112
-1.46105,526.667,28.3654,145.399,3.67409
-3.09024,510.632,25.9758,134.74,3.48806
1.66028,501.201,30.0636,150.716,4.07564
0.714941,536.931,31.1802,157.359,3.94715
-4.30535,595.095,28.9987,151.776,3.35842
-3.53071,567.338,28.4153,147.873,3.44021
-1.55631,535.249,28.732,147.38,3.6628
-4.14605,501.443,24.5737,128.464,3.375
-1.2541,523.025,28.373,145.221,3.69879
-2.93494,542.398,27.743,143.743,3.50517
-2.84329,510.152,26.1779,135.543,3.51533
0.978044,569.019,33.3435,167.963,3.98227
-0.817321,568.88,31.3326,159.866,3.75177
-2.6571,545.581,28.1797,145.709,3.5361
-2.43069,530.577,27.6234,142.597,3.56161
-1.14919,538.065,29.2956,149.83,3.71141
-4.05446,533.837,26.2463,137.115,3.38459
-0.0198114,564.254,31.9478,162.077,3.85156
-3.85864,549.081,27.1837,141.806,3.40523
-0.362378,507.718,28.4084,144.474,3.8082
-3.7105,514.901,25.6256,133.532,3.42097
-0.601306,549.56,30.4962,155.357,3.77841
-0.067768,592.288,33.4796,169.906,3.84544
-3.3171,524.207,26.4539,137.449,3.46329
-2.95732,504.956,25.8075,133.737,3.5027
-1.80836,542.615,28.8723,148.37,3.63319
-2.59947,500.53,25.9052,133.892,3.54257
0.423811,585.701,33.6733,170.292,3.90884
-3.39086,539.959,27.1779,141.287,3.4553
-0.642465,529.692,29.3517,149.571,3.77331
-3.66173,559.045,27.8706,145.178,3.42617
1.67936,540.854,32.4633,162.724,4.0783
-3.30998,598.897,30.2307,157.064,3.46407
-0.236608,555.74,31.2309,158.685,3.82403
-4.32529,573.393,27.9214,146.159,3.35635
-2.0271,588.928,31.0979,160.061,3.60778
1.09522,597.012,35.1247,176.79,3.99807
-1.01697,506.726,27.7165,141.619,3.72741
-0.808693,535.47,29.5013,150.513,3.75283
-3.81477,557.615,27.6492,144.187,3.40988
0.910438,576.376,33.6963,169.822,3.9732
-3.4596,565.61,28.4001,147.716,3.44787
0.0737826,514.576,29.2294,148.187,3.86353
-0.107068,566.742,31.9921,162.403,3.84044
-4.50313,568.862,27.5262,144.281,3.33801
0.921764,590.543,34.538,174.05,3.97472
-1.20118,542.833,29.5019,150.941,3.70515
-4.73423,597.737,28.6864,150.622,3.31438
-1.57971,530.394,28.4482,145.949,3.66004
-2.91359,555.032,28.4105,147.178,3.50754
0.833089,522.128,30.4439,153.514,3.96286
-4.84756,539.688,25.7962,135.561,3.30289
-2.26584,541.284,28.3442,146.141,3.58036
-3.63186,505.78,25.2417,131.455,3.42936
0.0752568,510.066,28.9747,146.894,3.86372
-0.487984,512.073,28.5277,145.211,3.79249
1.59972,538.427,32.2298,161.644,4.06721
0.876104,507.529,29.6364,149.397,3.96861
-2.45418,529.487,27.544,142.211,3.55895
-4.81956,570.508,27.2966,143.415,3.30573
-1.34409,546.455,29.5513,151.35,3.68802
-0.43401,522.762,29.1777,148.462,3.79923
0.347482,523.536,30.0203,151.901,3.89889
-3.34301,568.956,28.6859,149.074,3.46048
-4.12157,508.053,24.9192,130.247,3.37756
0.544766,561.498,32.4165,163.796,3.92469
1.98006,579.463,35.1396,175.768,4.12057
-3.10282,579.768,29.4796,152.929,3.48668
1.97115,544.226,32.9927,165.039,4.11931
-0.897354,590.502,32.4333,165.577,3.74198
-3.79832,599.806,29.7585,155.169,3.41162
-1.48306,525.27,28.2685,144.926,3.67147
-2.23146,597.758,31.3392,161.543,3.58429
0.704699,532.015,30.8838,155.874,3.94579
-3.73974,547.997,27.2445,141.998,3.41785
-4.60845,530.757,25.5863,134.218,3.32721
-2.74218,500.256,25.7615,133.288,3.52659
-1.2492,532.607,28.8977,147.902,3.69938
-3.76696,504.377,25.0517,130.596,3.41495
-2.57047,577.572,29.923,154.625,3.54583
-4.46741,545.359,26.4225,138.459,3.34168
1.11225,575.75,33.8936,170.573,4.00037
0.26392,597.872,34.1842,173.073,3.88804
-3.18282,525.206,26.6301,138.228,3.47792
-3.96198,517.818,25.5423,133.346,3.39431
-4.84683,559.344,26.7364,140.501,3.30297
0.663929,515.618,29.8901,150.902,3.94039
-0.467333,580.24,32.3484,164.635,3.79507
-3.71601,587.18,29.2171,152.253,3.42038
1.44089,551.954,32.8606,164.991,4.04525
-3.76878,589.648,29.2852,152.667,3.41476
-2.66946,569.516,29.4032,152.049,3.53472
1.61336,539.702,32.3212,162.087,4.06911
-0.435122,589.078,32.8778,167.291,3.79909
-0.366214,558.859,31.2657,159.009,3.80772
1.52079,536.173,32.0084,160.622,4.05627
-3.19371,552.802,28.0186,145.446,3.47673
0.106491,537.654,30.5748,154.972,3.86773
-2.28152,511.945,26.7931,138.16,3.57857
-0.110321,593.743,33.5125,170.125,3.84003
1.06138,560.385,32.9315,165.791,3.9935
-2.5162,528.495,27.4326,141.7,3.55195
-4.26794,546.385,26.6605,139.499,3.3623
-2.40676,542.25,28.2549,145.831,3.56432
0.133889,556.107,31.654,160.411,3.87126
0.912986,533.777,31.2086,157.281,3.97354
1.97149,595.119,36.0784,180.474,4.11936
-1.32833,582.979,31.5437,161.536,3.6899
-4.20252,541.309,26.4743,138.457,3.36911
-2.92155,542.829,27.7781,143.91,3.50665
-0.301703,500.903,28.0859,142.772,3.81583
-3.58571,500.565,25.0223,130.268,3.43431
-4.95501,547.403,26.0649,137.083,3.29205
-4.74556,566.131,27.1587,142.612,3.31323
-4.17912,527.108,25.8011,134.914,3.37155
-2.92879,549.701,28.1226,145.703,3.50585
-4.93488,579.988,27.6363,145.325,3.29408
1.1596,554.059,32.6697,164.358,4.00679
-1.40515,560.886,30.2673,155.086,3.68074
-1.45134,524.705,28.2693,144.896,3.67524
-2.46977,546.144,28.3949,146.621,3.55719
1.92791,562.358,34.0417,170.338,4.11319
-1.76647,569.507,30.3476,155.904,3.63808
-1.78632,563.921,30.0291,154.29,3.63576
-0.935099,508.106,27.8711,142.325,3.73737
-0.216124,511.973,28.7917,146.27,3.82662
-0.405573,535.186,29.9005,152.109,3.80279
1.81744,517.455,31.2057,156.268,4.09763
-2.83249,587.688,30.1681,156.19,3.51653
-2.33103,598.177,31.2519,161.21,3.57293
-3.83408,568.4,28.1647,146.897,3.40783
-1.97855,555.523,29.3838,151.185,3.6134
1.34654,517.199,30.6921,154.206,4.03228
-4.31343,514.957,25.0864,131.307,3.35758
-0.186265,509.413,28.6774,145.658,3.8304
-3.31112,543.251,27.4207,142.466,3.46394
-0.614235,583.613,32.3713,164.925,3.7768
1.82755,534.446,32.2415,161.444,4.09905
-4.04164,521.679,25.6602,134.04,3.38594
-0.925139,579.795,31.8145,162.45,3.73859
-1.54809,588.068,31.5764,161.961,3.66377
-4.46484,561.954,27.229,142.683,3.34194
1.60425,509.466,30.5009,152.968,4.06784
0.999297,503.711,29.5381,148.772,3.98513
-2.02901,506.851,26.7621,137.747,3.60756
-3.88067,560.891,27.7468,144.767,3.4029
-0.0401725,562.216,31.8101,161.402,3.84896
1.09948,564.702,33.2286,167.241,3.99865
-4.66631,515.415,24.7956,130.126,3.3213
-2.1261,524.26,27.5874,142.095,3.59637
-0.67971,524.965,29.0523,148.085,3.76871
-1.99208,555.07,29.346,151.006,3.61183
0.499383,575.479,33.1718,167.666,3.91873
0.0461292,595.104,33.7714,171.248,3.85999
1.61119,599.492,35.8992,180.033,4.06881
-0.00354158,529.575,30.0011,152.183,3.85364
-0.936642,530.716,29.1098,148.652,3.73718
1.1496,572.02,33.7171,169.64,4.00544
0.458894,520.238,29.9459,151.404,3.91343
-0.565535,530.385,29.4686,150.084,3.78284
-0.451978,593.115,33.0838,168.359,3.79699
-2.86738,570.128,29.2307,151.376,3.51266
-1.45074,549.972,29.6312,151.877,3.67531
-0.943855,545.983,29.9397,152.898,3.73631
-0.837395,536.63,29.5358,150.72,3.74931
1.16478,520.172,30.677,154.327,4.00749
-2.11958,583.757,30.7253,158.25,3.59712
-0.620189,563.322,31.2394,159.165,3.77607
1.06719,518.425,30.4718,153.401,3.99428
-3.83551,583.368,28.9049,150.759,3.40768
-4.08187,555.475,27.2836,142.563,3.38172
0.201791,508.834,29.0311,147.048,3.88001
1.62475,557.167,33.3801,167.383,4.07069
-4.61446,570.197,27.4817,144.167,3.32659
-4.75448,573.835,27.5195,144.516,3.31233
-4.00602,506.407,24.9405,130.246,3.38968
1.44678,516.675,30.7664,154.47,4.04606
-0.345132,556.127,31.1356,158.324,3.81037
-1.72563,571.896,30.5184,156.735,3.64287
-1.51835,514.867,27.6745,141.917,3.66729
-4.3527,530.983,25.8311,135.245,3.35352
-1.68167,518.93,27.7345,142.392,3.64803
-1.87584,551.624,29.2825,150.552,3.62532
-4.06502,519.602,25.5369,133.419,3.38348
-2.10459,585.231,30.819,158.715,3.59885
0.269006,586.555,33.5431,169.82,3.8887
-3.99332,573.582,28.2616,147.576,3.39101
-3.51227,563.396,28.2363,146.921,3.4422
1.44116,503.833,29.996,150.608,4.04528
1.52366,590.422,35.2504,176.888,4.05667
-4.19381,568.645,27.8198,145.485,3.37002
-4.62035,561.203,27.0426,141.87,3.32599
-2.30837,580.737,30.3649,156.609,3.57551
-0.800267,573.459,31.6035,161.228,3.75387
1.2399,529.401,31.3017,157.387,4.01771
1.10793,559.756,32.9472,165.815,3.99979
-0.426511,577.79,32.2574,164.124,3.80017
-1.17684,515.925,28.0632,143.556,3.70808
-1.4806,546.179,29.3962,150.705,3.67177
1.75885,505.884,30.4469,152.531,4.08941
1.03633,598.684,35.152,177.001,3.99012
-2.86376,564.158,28.9283,149.806,3.51306
0.561328,521.545,30.1271,152.21,3.92686
-4.89552,588.487,28.0807,147.619,3.29805
-4.47146,549.241,26.6067,139.429,3.34126
-1.61523,557.44,29.8618,153.241,3.65584
1.59343,543.316,32.5155,163.084,4.06634
-4.94174,527.414,25.125,132.126,3.29339
0.678491,502.762,29.1594,147.198,3.94232
-2.2527,566.241,29.6647,152.935,3.58186
-2.02842,557.372,29.4302,151.479,3.60763
-3.14103,512.132,26.0055,134.944,3.48249
-2.62508,580.223,30.0027,155.099,3.53969
0.815352,532.277,31.0167,156.423,3.9605
-3.84447,564.429,27.9576,145.828,3.40673
-2.1467,577.492,30.3667,156.433,3.59401
-4.44572,581.168,28.1792,147.64,3.34391
-2.01494,563.385,29.7618,153.171,3.60919
-3.11975,541.367,27.5106,142.732,3.48483
1.34011,510.806,30.3061,152.274,4.0314
-1.76198,571.705,30.4695,156.525,3.63861
-3.89227,517.125,25.5712,133.428,3.40167
1.96935,596.264,36.1452,180.811,4.11906
-0.241262,526.626,29.59,150.353,3.82344
-2.4433,534.308,27.8054,143.549,3.56018
-4.93199,569.916,27.1591,142.813,3.29437
0.635876,564.869,32.7135,165.19,3.93669
-2.61741,546.073,28.2445,146.001,3.54056
0.0624798,560.517,31.8265,161.367,3.86209
-3.5427,578.926,28.9835,150.842,3.43892
-1.04343,592.634,32.3856,165.507,3.7242
-2.25375,508.505,26.639,137.338,3.58174
-3.2359,571.864,28.9416,150.285,3.47213
-3.15225,529.189,26.861,139.395,3.48127
-0.92829,521.552,28.6155,146.119,3.7382
-4.02219,539.418,26.5511,138.674,3.38798
0.50622,541.299,31.209,157.737,3.91963
1.74037,589.832,35.4769,177.754,4.08682
-0.0490864,532.479,30.1183,152.827,3.84782
-1.39192,528.134,28.513,146.083,3.68231
-2.55021,507.43,26.3078,135.923,3.54811
-1.40721,516.42,27.8657,142.783,3.68049
-3.0751,544.379,27.7072,143.705,3.48973
-2.05649,581.849,30.6925,158.008,3.60439
0.68148,539.522,31.2946,157.974,3.94272
-4.68869,523.209,25.1505,132.011,3.31902
-4.69118,529.7,25.4602,133.639,3.31877
0.647243,564.385,32.6982,165.099,3.93819
-2.34468,526.715,27.5052,141.897,3.57138
-3.75139,519.051,25.7948,134.454,3.41661
1.83924,598.881,36.1431,180.966,4.10069
-4.06759,578.923,28.4497,148.64,3.38321
-1.8332,589.622,31.3463,161.113,3.63029
1.14294,577.164,34.0126,171.134,4.00453
-0.933225,563.752,30.9255,157.92,3.7376
-1.30993,517.105,27.9974,143.357,3.6921
-2.42869,519.66,27.057,139.67,3.56184
-1.44081,567.067,30.5628,156.64,3.67649
1.44032,501.024,29.8279,149.765,4.04517
-4.26013,506.274,24.7102,129.287,3.36312
0.706758,547.954,31.8113,160.553,3.94606
-0.841892,509.327,28.0287,143.034,3.74876
1.24413,518.319,30.6509,154.11,4.01829
0.590697,592.462,34.2582,173.045,3.93073
0.80385,579.974,33.7828,170.386,3.95896
-2.5954,507.385,26.2637,135.74,3.54303
-2.56911,599.193,31.0446,160.419,3.54598
-4.81389,598.876,28.6597,150.571,3.3063
-3.33826,550.28,27.7489,144.2,3.461
-0.73171,546.043,30.1643,153.81,3.76229
-1.62716,531.144,28.4413,145.964,3.65444
1.16738,527.582,31.1167,156.537,4.00785
1.89219,514.322,31.096,155.637,4.10815
-1.79683,567.622,30.2151,155.258,3.63453
-3.81648,558.96,27.7142,144.528,3.4097
-4.08504,521.429,25.6085,133.813,3.38138
-4.08109,569.487,27.9726,146.162,3.3818
-3.85129,579.348,28.6897,149.654,3.40601
-1.75372,531.848,28.3535,145.646,3.63958
-3.2258,511.814,25.9118,134.542,3.47323
-3.81165,589.125,29.2148,152.349,3.41021
-4.8558,571.11,27.2901,143.42,3.30206
1.45385,538.372,32.0662,160.988,4.04703
-2.67341,511.119,26.3846,136.443,3.53428
0.0485139,567.902,32.2303,163.43,3.8603
0.616616,512.364,29.6531,149.756,3.93415
1.95803,507.539,30.7549,153.859,4.11745
1.21298,544.984,32.1934,161.901,4.01405
0.932449,552.995,32.3538,163.031,3.97615
-0.433327,574.187,32.0487,163.07,3.79932
-0.0210825,568.067,32.1623,163.166,3.8514
-3.89389,507.679,25.1027,130.985,3.4015
-1.75937,509.242,27.1429,139.434,3.63891
-4.61908,523.312,25.2179,132.296,3.32612
-2.92634,599.811,30.6889,158.996,3.50612
0.0361235,529.717,30.0503,152.39,3.85871
0.542558,581.577,33.5732,169.643,3.9244
0.717804,588.506,34.1786,172.487,3.94753
-3.91817,536.572,26.5085,138.345,3.39893
1.90475,585.222,35.3977,177.152,4.10992
-4.88279,591.105,28.2183,148.328,3.29933
-0.0869496,560.28,31.6493,160.639,3.843
-4.54718,510.091,24.6437,129.215,3.33348
-3.69058,564.451,28.1114,146.463,3.42309
1.52354,508.702,30.3713,152.404,4.05665
-3.28107,512.914,25.9169,134.623,3.46721
1.6816,553,33.1949,166.388,4.07861
-3.91917,514.997,25.4417,132.778,3.39883
-0.563923,532.498,29.5876,150.688,3.78304
-0.435363,574.023,32.0373,163.014,3.79906
0.716996,564.117,32.7612,165.335,3.94742
-1.43859,523.374,28.2101,144.58,3.67676
-4.05979,579.328,28.4775,148.777,3.38403
-4.93741,570.615,27.1872,142.966,3.29382
-3.04263,528.837,26.947,139.729,3.4933
-0.591743,595.928,33.0802,168.509,3.77959
-2.04528,550.927,29.0728,149.658,3.60568
-4.11227,556.824,27.3204,142.787,3.37853
-2.19197,548.188,28.7801,148.309,3.58881
-1.4538,559.7,30.1521,154.55,3.67495
-4.77446,598.236,28.6693,150.577,3.3103
-3.78696,531.986,26.4044,137.668,3.41283
-1.17973,529.131,28.7786,147.218,3.70773
-4.60337,535.996,25.8436,135.563,3.32773
1.17952,513.883,30.3214,152.523,4.0095
-4.10818,553.412,27.1569,141.928,3.37896
0.0946738,565.125,32.1238,162.837,3.86622
-1.48118,596.858,32.1232,164.686,3.6717
-3.56803,552.14,27.6177,143.761,3.4362
-4.63725,541.486,26.0768,136.82,3.32427
1.74919,531.699,31.99,160.273,4.08805
-1.01515,513.944,28.1131,143.643,3.72763
-1.24971,572.914,31.0842,159.093,3.69932
-0.798552,560.923,30.9145,157.711,3.75408
-4.6309,596.567,28.7359,150.765,3.32491
-0.20122,548.928,30.8859,156.892,3.8285
-3.0732,595.061,30.2888,157.092,3.48993
-0.137157,583.587,32.9088,167.092,3.83662
-1.81565,520.756,27.7021,142.365,3.63234
-4.11185,528.145,25.9136,135.434,3.37858
-4.97898,548.948,26.1161,137.377,3.28964
0.210324,524.811,29.9515,151.7,3.88111
-1.19839,512.576,27.8601,142.539,3.70549
1.92892,536.256,32.4628,162.436,4.11334
-0.548688,562.4,31.2656,159.217,3.78494
-3.34377,556.561,28.0602,145.823,3.4604
-1.9019,555.855,29.4803,151.598,3.62229
-3.41937,557.597,28.0375,145.787,3.45221
-2.67474,521.639,26.9264,139.246,3.53413
-2.25586,597.846,31.317,161.458,3.5815
-0.831641,544.648,29.9831,152.996,3.75002
-4.90465,517.42,24.6815,129.758,3.29712
-2.66724,562.874,29.0626,150.285,3.53497
-1.53225,587.26,31.5504,161.809,3.66565
-3.9307,540.116,26.6717,139.21,3.39761
-4.88103,549.559,26.2367,137.91,3.29951
-4.81606,505.684,24.198,127.132,3.30608
1.29519,515.28,30.5245,153.42,4.02526
-0.630092,588.813,32.6418,166.322,3.77484
-2.55646,575.328,29.8214,154.084,3.54741
-2.55775,501.844,26.0113,134.399,3.54726
-1.98302,518.684,27.431,141.142,3.61288
-4.12639,540.834,26.5225,138.632,3.37706
0.303443,523.134,29.9518,151.601,3.89317
0.988586,511.12,29.9616,150.916,3.98369
1.19402,509.287,30.0651,151.218,4.01147
-2.25453,568.043,29.7572,153.414,3.58165
-0.652601,547.226,30.3127,154.479,3.77206
-1.64245,521.648,27.9179,143.293,3.65264
-4.25389,525.23,25.641,134.151,3.36376
-2.5062,548.405,28.4761,147.079,3.55307
-3.68391,534.8,26.641,138.796,3.4238
-4.37122,544.758,26.4838,138.681,3.3516
1.33234,503.911,29.8891,150.186,4.03034
-4.57553,569.109,27.4673,144.05,3.33058
-2.52466,507.35,26.3272,135.999,3.55099
0.377996,577.083,33.1256,167.577,3.90286
-1.63615,570.664,30.5479,156.785,3.65338
1.93662,505.712,30.6218,153.216,4.11443
-2.97841,509.539,26.0224,134.871,3.50037
1.95708,517.552,31.3606,156.89,4.11732
1.74257,567.408,34.1308,171.006,4.08713
-2.1183,564.112,29.6926,152.929,3.59727
0.251819,508.776,29.0779,147.232,3.88648
-2.01018,521.521,27.5548,141.807,3.60974
-1.67984,502.509,26.8586,137.893,3.64824
-4.76828,531.686,25.4856,133.849,3.31092
-2.57216,575.53,29.8154,154.071,3.54564
1.09399,528.518,31.0936,156.502,3.9979
-4.30411,519.887,25.335,132.599,3.35855
1.71752,522.979,31.4314,157.509,4.08362
-1.52901,554.785,29.8091,152.875,3.66603
-2.66891,507.949,26.2251,135.614,3.53478
-3.27256,577.752,29.2019,151.677,3.46814
-3.42334,598.337,30.0818,156.421,3.45179
-0.0617427,552.23,31.2218,158.441,3.84621
-1.07978,571.281,31.1793,159.384,3.7198
1.32775,559.857,33.2022,166.84,4.02971
0.927328,510.204,29.8451,150.394,3.97546
-2.73694,597.662,30.7833,159.264,3.52717
-1.67104,570.341,30.4934,156.545,3.64928
1.41614,534.982,31.8232,159.811,4.04184
-3.68458,589.144,29.3474,152.896,3.42373
-1.54113,578.327,31.0609,159.308,3.66459
-2.82833,549.778,28.2261,146.132,3.51699
-0.517976,569.765,31.7088,161.438,3.78876
-1.05978,599.329,32.7329,167.302,3.72222
1.11659,545.04,32.0905,161.493,4.00096
-3.93012,575.192,28.4044,148.253,3.39767
1.64544,506.524,30.3675,152.255,4.07357
-0.47207,512.978,28.5939,145.531,3.79448
-2.19372,565.227,29.6728,152.912,3.58861
-1.87999,518.601,27.5256,141.523,3.62484
0.254121,512.611,29.2994,148.351,3.88677
1.61686,553.355,33.1428,166.203,4.06959
0.960346,568.766,33.3084,167.808,3.97989
-1.02866,510.528,27.9131,142.635,3.72599
-0.26647,594.42,33.3701,169.591,3.82026
-3.26224,513.159,25.9465,134.758,3.46926
-2.36451,506.27,26.4192,136.314,3.56912
-0.36544,557.151,31.171,158.527,3.80782
-1.87794,546.68,29.018,149.194,3.62508
-2.37134,523.233,27.2978,140.855,3.56835
0.251615,503.025,28.749,145.567,3.88645
-4.49142,595.413,28.8229,151.065,3.33921
-3.64111,531.602,26.5218,138.131,3.42837
0.682322,509.514,29.5549,149.191,3.94283
-4.70835,562.171,27.0045,141.763,3.31702
-2.5307,583.9,30.2931,156.492,3.55031
-1.37301,586.278,31.6729,162.25,3.68457
-1.47475,541.72,29.1622,149.499,3.67246
0.459792,572.429,32.9511,166.597,3.91354
0.953785,546.437,31.9936,161.191,3.97901
1.12878,563.382,33.1843,166.984,4.00261
-2.29269,546.823,28.6073,147.527,3.5773
-3.95118,589.085,29.0688,151.744,3.39545
0.851211,591.957,34.5369,174.131,3.96528
1.65897,506.034,30.3522,152.164,4.07545
-1.69324,534.94,28.5785,146.738,3.64667
-2.30768,523.057,27.3496,141.056,3.57559
-3.32963,580.912,29.3025,152.264,3.46193
-3.8272,586.402,29.0638,151.579,3.40856
-3.59442,585.89,29.2785,152.436,3.43337
0.87753,568.838,33.2181,167.45,3.9688
0.51705,588.231,33.9275,171.464,3.92105
-4.29061,531.885,25.9321,135.711,3.35995
-2.47022,567.771,29.5189,152.425,3.55714
-2.05568,587.979,31.0167,159.677,3.60448
-0.00277085,590.328,33.4438,169.646,3.85373
-0.99419,558.111,30.5512,156.077,3.73018
-4.50096,538.678,26.0677,136.634,3.33823
-4.27418,580.254,28.3069,148.121,3.36166
1.94762,595.648,36.0811,180.518,4.11598
1.92082,550.971,33.3443,166.857,4.11219
-0.233962,510.776,28.7067,145.857,3.82437
-2.75861,597.285,30.7405,159.068,3.52475
-3.68665,573.557,28.5689,148.843,3.42351
-2.29695,504.001,26.3631,135.958,3.57681
-4.15564,529.991,25.9639,135.741,3.374
1.64802,596.281,35.7519,179.247,4.07393
1.97771,503.645,30.5394,152.76,4.12024
-1.38598,543.209,29.3329,150.277,3.68302
-2.95905,547.867,27.999,145.095,3.50251
-2.03186,528.916,27.9244,143.732,3.60723
-4.38909,587.186,28.5283,149.407,3.34975
-3.63861,565.811,28.231,147.03,3.42864
-3.39109,552.842,27.8262,144.658,3.45527
-1.34666,562.204,30.4002,155.701,3.68771
1.24774,521.443,30.8395,155.054,4.01878
-4.86125,526.758,25.1659,132.262,3.30151
-4.53419,587.091,28.3769,148.774,3.33482
-1.29392,511.757,27.7233,141.937,3.69402
-4.63166,583.345,28.0982,147.42,3.32484
-1.36563,560.6,30.2935,155.176,3.68545
1.48142,590.655,35.2134,176.754,4.05083
1.92902,557.722,33.7624,168.939,4.11335
1.18167,579.712,34.2081,172.071,4.00979
-4.79437,502.579,24.068,126.429,3.30828
-0.215807,543.769,30.5801,155.356,3.82666
-1.9915,555.364,29.3621,151.088,3.6119
0.853131,581.896,33.9522,171.181,3.96554
-2.26472,548.479,28.7221,148.089,3.58049
-3.46868,580.542,29.1405,151.577,3.44689
-0.978258,528.09,28.9239,147.747,3.73212
-0.289637,511.699,28.7032,145.897,3.81735
-0.232521,546.802,30.733,156.151,3.82455
0.398398,551.945,31.7049,160.366,3.90552
-1.06489,576.903,31.5024,161.019,3.7216
-0.809688,504.418,27.7895,141.781,3.75271
-4.13121,587.744,28.8181,150.636,3.37655
0.632044,520.433,30.1361,152.179,3.93618
-2.44376,593.698,30.8955,159.503,3.56013
-3.9315,585.645,28.9192,150.941,3.39753
-1.67011,582.975,31.1699,160.017,3.64939
-2.76958,516.682,26.5818,137.56,3.52353
-3.42191,579.132,29.1177,151.406,3.45194
-3.46515,517.825,25.9956,135.215,3.44727
-0.326795,558.833,31.3069,159.174,3.81267
-2.18517,518.289,27.2169,140.247,3.58959
-1.2122,581.716,31.6029,161.704,3.70382
0.528213,508.984,29.3681,148.41,3.92251
-1.73145,543.25,28.9838,148.86,3.64218
-0.715645,551.707,30.4942,155.474,3.76427
0.0887873,570.58,32.4273,164.382,3.86546
1.75051,571.021,34.3574,172.132,4.08824
-2.36742,531.743,27.7456,143.161,3.56879
-3.9011,550.673,27.2216,142.049,3.40074
-0.0990793,517.789,29.2369,148.408,3.84146
-0.111325,538.998,30.4215,154.434,3.8399
0.944642,507.839,29.7244,149.768,3.97779
-3.62498,573.498,28.6283,149.084,3.4301
-4.90435,535.926,25.5646,134.401,3.29715
-4.13802,551.52,27.0354,141.325,3.37584
-3.26131,505.629,25.5666,132.784,3.46936
1.99916,544.035,33.0127,165.107,4.12328
-4.54156,595.748,28.7878,150.937,3.33406
-3.9401,514.097,25.3785,132.469,3.39662
-3.71832,547.024,27.2168,141.831,3.42013
-2.80303,540.089,27.7534,143.658,3.51981
-3.03637,513.806,26.1869,135.781,3.49398
1.08991,589.611,34.683,174.573,3.99735
-1.94701,507.224,26.8587,138.162,3.61705
-4.49716,566.18,27.4023,143.625,3.33862
-2.80908,551.834,28.3509,146.757,3.51913
0.808626,584.584,34.0569,171.763,3.9596
1.94054,554.447,33.5773,167.999,4.11498
-1.5065,508.046,27.3192,140.083,3.66869
0.587846,550.474,31.8273,160.769,3.93035
1.7781,518.805,31.2451,156.509,4.0921
0.915036,599.417,35.0489,176.633,3.97382
0.744717,535.647,31.1375,157.11,3.9511
-0.515455,534.653,29.7573,151.5,3.78907
-1.27062,529.287,28.6962,146.893,3.69681
-0.821466,532.638,29.3323,149.664,3.75126
-0.292373,519.488,29.1374,148.107,3.817
1.89466,509.231,30.7908,154.107,4.1085
-2.4821,562.505,29.2329,150.962,3.5558
-1.16564,535.343,29.1308,149.005,3.70943
-3.65734,581.659,29.0025,151.069,3.42664
-0.347805,503.328,28.1769,143.282,3.81003
0.445392,563.065,32.396,163.807,3.91166
-1.84856,509.973,27.0973,139.29,3.6285
-2.40083,560.98,29.2369,150.892,3.565
-0.6553,515.685,28.5629,145.565,3.77172
0.922911,544.93,31.8716,160.611,3.97487
-3.47478,514.984,25.8442,134.437,3.44623
-0.0455837,591.495,33.4604,169.782,3.84827
1.91799,532.031,32.195,161.109,4.11179
-1.74926,518.331,27.6372,141.962,3.6401
1.20111,544.324,32.1413,161.653,4.01243
1.06945,570.211,33.5183,168.735,3.99459
-1.91143,572.699,30.3635,156.15,3.62118
0.585604,549.625,31.7757,160.511,3.93006
-0.59828,581.426,32.2678,164.379,3.77878
-1.97974,549.856,29.0829,149.638,3.61326
0.998593,536.713,31.4726,158.516,3.98504
0.908467,539.549,31.5412,158.963,3.97294
0.477798,524.632,30.2184,152.762,3.9159
0.288896,510.467,29.2119,147.871,3.89128
-1.47726,578.76,31.1534,159.709,3.67216
-3.8671,518.554,25.6647,133.891,3.40433
-2.93254,549.431,28.1051,145.616,3.50544
1.72597,558.486,33.5751,168.241,4.08481
0.975322,567.454,33.2486,167.489,3.98191
-2.24666,593.79,31.1146,160.403,3.58255
-4.2135,500.163,24.4524,127.894,3.36797
1.21692,538.569,31.8187,160.012,4.01458
-1.27681,586.751,31.8048,162.813,3.69607
-4.3294,531.238,25.8649,135.398,3.35593
1.57792,561.642,33.5944,168.514,4.06419
-3.63481,557.268,27.8085,144.826,3.42905
-4.88488,500.489,23.8907,125.582,3.29912
-1.51578,558.759,30.0365,154.026,3.6676
-3.28786,599.458,30.2826,157.308,3.46647
0.440396,527.975,30.3719,153.578,3.91101
-0.704143,569.353,31.4821,160.498,3.76569
-3.05956,503.424,25.6368,132.952,3.49143
-1.63632,535.271,28.6531,147.06,3.65336
-2.10534,575.834,30.3233,156.163,3.59876
-2.52261,591.442,30.6931,158.549,3.55122
-0.176077,536.275,30.2002,153.382,3.83169
0.0350972,505.716,28.6878,145.481,3.85858
-3.42546,525.284,26.407,137.315,3.45156
-3.63763,535.635,26.7263,139.193,3.42875
-3.05995,545.835,27.7961,144.15,3.49139
-3.11015,551.727,28.0465,145.502,3.48588
1.29108,575.801,34.1049,171.42,4.0247
0.530685,589.888,34.0391,172.011,3.92284
0.366077,555.773,31.8893,161.336,3.90131
0.0251293,546.091,30.9675,157.053,3.8573
-1.58586,523.076,28.0497,143.911,3.65931
-2.5672,533.232,27.629,142.767,3.5462
-4.70613,502.307,24.1308,126.675,3.31724
-3.95634,575.66,28.4012,148.264,3.39491
-1.74042,598.871,31.9414,164.061,3.64113
-0.729262,555.899,30.7114,156.597,3.7626
-4.33728,585.748,28.5109,149.258,3.35511
-4.03326,531.869,26.1692,136.69,3.38681
-2.11118,578.727,30.4694,156.922,3.59809
-0.589681,515.446,28.6146,145.76,3.77985
-3.93329,526.682,26.006,135.737,3.39734
-2.24336,584.037,30.607,157.783,3.58293
-1.14132,570.84,31.0886,158.991,3.71236
-4.42357,536.7,26.0435,136.429,3.3462
-1.7151,565.648,30.1961,155.068,3.6441
0.588715,533.374,30.8395,155.778,3.93047
1.57757,568.774,34.0206,170.652,4.06414
-4.00471,573.543,28.2482,147.519,3.38982
1.0557,550.695,32.3558,162.899,3.99273
-4.58388,580.257,27.997,146.837,3.32972
-2.19252,538.226,28.2565,145.612,3.58875
-3.88618,531.011,26.2635,137.034,3.40231
-3.20325,546.583,27.694,143.772,3.47569
-3.23135,543.272,27.499,142.789,3.47263
-2.94603,598.969,30.6246,158.686,3.50395
0.20441,508.453,29.012,146.948,3.88035
-2.17025,560.648,29.4566,151.772,3.5913
-2.0509,541.377,28.5632,147.041,3.60504
1.2427,597.362,35.3234,177.605,4.01809
1.36766,582.875,34.6146,173.888,4.03518
-2.92347,558.727,28.5897,148.117,3.50644
-4.50223,555.561,26.8835,140.911,3.3381
-3.04373,515.186,26.2504,136.118,3.49317
0.499641,554.126,31.9413,161.446,3.91876
1.80934,536.39,32.3386,161.951,4.09649
-4.05747,519.968,25.5617,133.541,3.38427
-1.15683,598.081,32.5546,166.507,3.71049
-2.14762,598.384,31.4642,162.089,3.5939
-2.76447,523.864,26.9561,139.491,3.5241
-4.82144,540.984,25.8822,135.986,3.30554
-1.63033,524.628,28.0893,144.16,3.65407
0.732195,507.69,29.4996,148.859,3.94944
0.726968,530.883,30.8417,155.637,3.94874
-1.44621,549.746,29.6237,151.833,3.67585
-0.206417,552.508,31.0817,157.893,3.82785
-2.29486,538.625,28.1763,145.307,3.57705
-3.03153,558.835,28.4867,147.701,3.49452
-1.44187,543.693,29.302,150.179,3.67637
0.378908,520.508,29.879,151.152,3.90298
-4.67481,527.078,25.349,133.039,3.32043
-4.88953,567.79,27.0988,142.451,3.29865
-0.765643,550.445,30.3717,154.905,3.75812
-3.51707,547.164,27.4181,142.669,3.44168
-1.35416,539.148,29.1459,149.285,3.68682
0.0867344,593.459,33.7252,170.964,3.8652
-4.25443,564.604,27.5627,144.206,3.36371
-1.53909,588.256,31.5964,162.053,3.66484
-2.50121,590.618,30.6734,158.422,3.55364
-2.53572,582.089,30.1938,155.985,3.54974
-0.84121,503.818,27.7261,141.489,3.74885
-3.11037,593.645,30.1772,156.556,3.48585
0.844065,507.366,29.5943,149.219,3.96433
-1.6573,563.965,30.167,154.854,3.65089
-1.42132,561.694,30.2938,155.24,3.67881
-3.26291,573.626,29.0031,150.634,3.46919
-0.786525,576.094,31.7639,162.031,3.75555
-0.152607,500.681,28.2186,143.294,3.83466
-3.4631,540.408,27.1313,141.12,3.44749
-3.82122,579.937,28.7494,149.932,3.40919
-3.96601,520.243,25.6583,133.955,3.39389
-0.0582041,526.81,29.7882,151.162,3.84666
-1.53299,510.387,27.4197,140.625,3.66556
-2.92016,597.827,30.594,158.497,3.50681
-0.461154,502.752,28.0345,142.673,3.79584
-2.49348,507.884,26.3838,136.26,3.55451
-4.26945,584.104,28.4995,149.123,3.36215
-3.18176,549.358,27.8557,144.588,3.47804
0.2372,519.555,29.679,150.291,3.88458
-1.7589,524.776,27.9714,143.689,3.63897
-2.41467,545.637,28.4235,146.709,3.56343
-0.698141,513.673,28.4092,144.826,3.76643
-1.83558,576.332,30.6372,157.471,3.63001
-4.23218,557.882,27.2561,142.578,3.36602
-3.67708,568.57,28.3301,147.588,3.42453
-2.35968,598.719,31.2488,161.228,3.56967
-4.32673,530.451,25.829,135.208,3.35621
-2.43219,573.446,29.8537,154.111,3.56144
-3.58934,580.45,29.0119,151.042,3.43392
1.82668,507.815,30.634,153.396,4.09893
0.102089,509.025,28.9423,146.702,3.86717
-2.76921,516.971,26.597,137.638,3.52357
0.97178,540.03,31.638,159.379,3.98143
1.76899,589.605,35.498,177.823,4.09083
-4.94694,571.951,27.2416,143.263,3.29286
-2.31149,565.687,29.5747,152.537,3.57516
1.48467,555.456,33.1186,166.236,4.05128
0.208258,546.633,31.1946,157.999,3.88084
-0.158296,527.266,29.7111,150.879,3.83394
0.163035,500.022,28.4902,144.348,3.87501
0.33558,597.197,34.2301,173.216,3.89734
0.435614,527.351,30.331,153.377,3.91038
-4.02099,558.827,27.5076,143.668,3.3881
-4.55452,520.017,25.1167,131.702,3.33273
-1.53643,599.369,32.1963,165.126,3.66515
-4.56068,520.788,25.1484,131.874,3.3321
0.784976,504.15,29.3471,148.034,3.95645
1.54317,595.41,35.5719,178.477,4.05937
-4.29374,599.479,29.2244,152.944,3.35963
-2.3231,556.551,29.0852,150.025,3.57383
-3.00765,543.169,27.7114,143.656,3.49715
0.00061739,509.43,28.8641,146.411,3.85417
1.63051,558.692,33.4781,167.868,4.07149
-1.80451,533.696,28.4015,145.947,3.63364
-3.32342,500.558,25.2548,131.225,3.46261
-0.552422,579.337,32.203,163.995,3.78447
-0.8228,593.449,32.6796,166.745,3.7511
-4.60264,583.36,28.128,147.545,3.3278
-0.780952,549.647,30.3116,154.616,3.75624
-4.36848,567.113,27.5733,144.383,3.35188
-1.77932,561.653,29.9156,153.699,3.63658
1.28568,544.666,32.2548,162.127,4.02396
1.36723,503.114,29.8775,150.091,4.03512
1.01457,592.042,34.7361,174.933,3.98719
-1.33907,566.739,30.6536,156.99,3.68862
-0.876574,580.997,31.9342,163.005,3.74452
-2.90583,513.979,26.3163,136.322,3.5084
1.54937,575.445,34.3864,172.521,4.06023
1.9996,570.667,34.6293,173.191,4.12335
-4.16536,597.565,29.2642,153.006,3.37299
-3.13782,597,30.3184,157.32,3.48285
-0.872106,586.501,32.2418,164.569,3.74506
1.85119,522.559,31.5498,157.954,4.10237
1.0482,560.239,32.9081,165.688,3.99172
-1.17822,502.038,27.3065,139.686,3.70791
-2.64909,509.121,26.3039,136.002,3.537
-1.8806,578.212,30.6888,157.788,3.62477
-3.9374,561.442,27.7183,144.679,3.3969
1.1004,548.573,32.2806,162.469,3.99877
-4.08135,512.43,25.1698,131.517,3.38177
-3.31203,576.07,29.0763,151.069,3.46384
-3.81767,513.418,25.4551,132.748,3.40957
0.855044,527.853,30.8009,155.29,3.96579
-1.6757,539.157,28.8215,147.967,3.64873
-1.72419,525.44,28.0407,144.009,3.64304
-1.9595,504.955,26.7269,137.496,3.61561
-0.160916,559.809,31.542,160.179,3.83361
-4.37997,545.761,26.5243,138.902,3.3507
-4.68493,508.609,24.452,128.341,3.3194
0.80742,573.036,33.3827,168.364,3.95944
-1.61148,525.424,28.1504,144.454,3.65629
1.76501,545.192,32.8196,164.411,4.09027
0.486259,575.107,33.1354,167.498,3.91701
0.134844,591.601,33.6755,170.654,3.87138
-0.625438,543.026,30.1084,153.408,3.77542
-3.45243,531.414,26.6898,138.813,3.44864
-2.40841,532.689,27.755,143.253,3.56414
-1.37478,527.882,28.5164,146.082,3.68435
-4.56942,546.796,26.3961,138.426,3.3312
-4.65399,519.76,25.0156,131.269,3.32256
-4.54762,533.768,25.7872,135.211,3.33344
-0.871469,586.651,32.2507,164.614,3.74514
0.583559,567.505,32.8071,165.723,3.92979
-3.93908,511.297,25.2411,131.751,3.39673
-4.63014,589.852,28.4132,149.071,3.32499
0.550955,534.735,30.878,156.015,3.9255
-4.18625,584.467,28.6015,149.565,3.37081
1.65166,538.278,32.2781,161.827,4.07444
0.715867,514.153,29.8584,150.687,3.94727
-3.19362,561.551,28.4621,147.749,3.47674
-3.57562,528.077,26.407,137.467,3.43539
-0.971031,511.186,28.0051,143.046,3.733
-1.82038,592.485,31.5126,161.953,3.63178
-1.03491,590.627,32.2855,164.985,3.72524
-4.43957,532.356,25.818,135.264,3.34455
-1.0865,514.64,28.0814,143.555,3.71899
0.282194,536.301,30.6832,155.327,3.89041
1.48601,510.861,30.4611,152.895,4.05147
1.40914,556.673,33.1055,166.258,4.04088
-2.53632,510.474,26.4785,136.792,3.54968
-4.43127,540.572,26.2242,137.383,3.3454
-0.168808,571.155,32.1725,163.391,3.83261
-4.74272,575.281,27.6004,144.929,3.31352
0.163543,557.478,31.7645,160.937,3.87508
-0.0590136,583.458,32.9904,167.413,3.84656
-2.65709,520.762,26.8978,139.08,3.5361
-4.40014,545.572,26.4961,138.775,3.34861
0.755507,554.375,32.2381,162.651,3.95253
-3.72927,517.861,25.7558,134.229,3.41897
-0.300255,560.478,31.4279,159.759,3.81601
-3.95444,542.481,26.766,139.726,3.39511
0.718819,526.655,30.5875,154.363,3.94766
-4.77807,531.563,25.4708,133.781,3.30993
0.827794,529.356,30.8597,155.617,3.96216
-2.17769,502.296,26.3839,135.947,3.59045
1.49054,594.903,35.4777,178.07,4.05209
0.328205,544.327,31.1918,157.85,3.89638
-2.58917,556.044,28.7887,148.784,3.54373
1.43198,514.86,30.6428,153.866,4.04402
-2.27307,548.465,28.713,148.051,3.57954
-0.321338,510.18,28.5867,145.338,3.81336
0.224168,589.291,33.6475,170.403,3.8829
-4.10972,506.047,24.8313,129.776,3.3788
-2.32173,555.304,29.0214,149.694,3.57399
-1.62447,545.813,29.2295,150.006,3.65476
1.71119,560.611,33.6858,168.814,4.08274
-1.59461,590.895,31.6767,162.53,3.65828
-3.30165,542.092,27.3714,142.2,3.46497
-3.06395,532.998,27.1386,140.744,3.49095
-0.209136,577.302,32.4734,164.966,3.8275
-2.18067,594.723,31.2355,160.949,3.59011
-3.92454,502.41,24.8152,129.514,3.39826
-3.31502,573.408,28.9389,150.358,3.46352
1.69182,553.598,33.2424,166.614,4.08004
-1.1645,506.907,27.5845,141.094,3.70957
-0.329113,578.19,32.3888,164.677,3.81238
-0.0188486,592.452,33.5455,170.181,3.85168
-4.99652,537.346,25.5481,134.407,3.28788
-4.59772,577.128,27.8324,145.989,3.32831
1.73897,520.178,31.2859,156.756,4.08662
-3.77333,580.768,28.8395,150.349,3.41428
-2.81427,512.381,26.3191,136.245,3.51856
0.278444,532.651,30.4704,154.254,3.88993
-3.63741,546.921,27.2896,142.126,3.42877
-2.6065,583.014,30.1668,155.926,3.54178
-0.738881,563.265,31.1079,158.63,3.76141
-0.0534322,529.061,29.9205,151.828,3.84727
-3.29942,565.869,28.5741,148.446,3.46521
-0.753408,589.754,32.5544,166.024,3.75962
-1.9475,569.703,30.1666,155.178,3.617
0.794494,531.532,30.9511,156.115,3.95772
0.570614,569.996,32.9364,166.392,3.92809
1.23053,522.788,30.9008,155.381,4.01643
-2.47367,583.287,30.3219,156.576,3.55675
0.248426,580.072,33.1488,167.849,3.88604
-1.91693,550.765,29.195,150.147,3.62054
-4.13475,596.227,29.2304,152.795,3.37618
-2.00266,518.079,27.3801,140.901,3.61061
0.686804,514.612,29.8552,150.702,3.94342
1.47023,545.055,32.4824,163.059,4.04929
1.23561,515.371,30.4677,153.198,4.01713
0.348508,576.788,33.075,167.356,3.89902
-0.614744,567.481,31.4759,160.364,3.77674
-2.83203,554.295,28.4543,147.317,3.51658
-1.77917,582.863,31.0455,159.504,3.6366
-3.84202,516.926,25.6069,133.564,3.40699
-0.304843,508.534,28.5107,144.935,3.81543
-0.909104,562.748,30.8963,157.743,3.74054
-0.763886,517.179,28.5379,145.551,3.75833
-1.96002,598.609,31.6833,162.995,3.61555
-4.23829,542.586,26.503,138.645,3.36539
0.83504,558.393,32.5606,164.185,3.96312
-1.9064,536.056,28.4258,146.18,3.62177
-2.06,579.506,30.5652,157.357,3.60399
-0.690528,512.002,28.3242,144.385,3.76737
1.4819,565.565,33.7181,169.248,4.0509
0.966387,559.744,32.7869,165.173,3.98071
1.34298,544.286,32.2956,162.267,4.0318
-0.219452,544.231,30.6023,155.472,3.8262
-1.32428,540.362,29.242,149.745,3.69039
-1.34337,584.566,31.6131,161.909,3.6881
-3.70573,580.013,28.871,150.438,3.42147
-1.15787,593.606,32.3099,165.256,3.71037
-1.43098,501.781,27.0534,138.644,3.67766
-4.36569,540.547,26.2842,137.63,3.35217
-1.68089,589.656,31.5153,161.803,3.64812
-2.48507,526.91,27.3802,141.397,3.55546
1.21534,598.692,35.3689,177.868,4.01437
-0.884374,573.954,31.5386,160.994,3.74356
0.228728,565.144,32.2738,163.441,3.88349
-4.29211,568.117,27.6971,144.949,3.35979
-2.01831,511.421,27.0135,139.03,3.6088
-2.52997,554.028,28.744,148.489,3.55039
-3.14435,518.982,26.3502,136.736,3.48213
0.172237,572.662,32.6395,165.359,3.8762
-4.78754,559.362,26.7938,140.74,3.30897
1.23677,574.142,33.9434,170.674,4.01729
-3.93279,523.563,25.8524,134.935,3.39739
-0.237024,536.569,30.1531,153.21,3.82398
-0.818065,549.514,30.2652,154.42,3.75168
-1.01473,573.906,31.3935,160.404,3.72769
-0.344306,509.447,28.5229,145.038,3.81047
1.74409,587.509,35.3417,177.071,4.08734
0.360238,543.979,31.2062,157.887,3.90055
0.903105,588.75,34.4111,173.433,3.97222
-0.0540519,563.302,31.8562,161.652,3.84719
-3.47742,562.166,28.2093,146.743,3.44595
-1.63703,566.12,30.3037,155.533,3.65328
0.323952,503.795,28.8649,146.079,3.89583
-0.79414,527.648,29.085,148.373,3.75462
-4.19338,570.053,27.8891,145.847,3.37006
-4.925,581.148,27.7013,145.656,3.29507
-4.57333,525.386,25.3591,132.991,3.3308
0.16599,580.181,33.0609,167.502,3.87539
-0.280171,518.207,29.0779,147.792,3.81854
0.511276,585.821,33.7818,170.735,3.92029
-1.0427,595.739,32.5561,166.378,3.72429
1.27924,507.974,30.0753,151.179,4.02308
-2.16769,539.839,28.3659,146.149,3.5916
-4.55643,550.858,26.6045,139.505,3.33254
-0.772294,534.728,29.4976,150.455,3.7573
-0.221425,590.085,33.1784,168.563,3.82595
-3.19196,572.707,29.0292,150.691,3.47692
-0.747575,563.446,31.1085,158.643,3.76034
-1.66262,505.999,27.0613,138.917,3.65027
-1.17144,538.843,29.3153,149.955,3.70873
-4.59043,514.831,24.8345,130.257,3.32905
-0.182962,530.448,29.865,151.687,3.83082
-3.2001,569.427,28.8547,149.794,3.47604
-3.24725,553.798,28.0161,145.491,3.47089
-4.54076,566.513,27.3759,143.533,3.33414
-3.66746,522.728,26.0547,135.725,3.42556
-0.798063,567.287,31.2658,159.503,3.75414
-0.695091,518.284,28.6672,146.138,3.76681
0.139054,552.541,31.4566,159.404,3.87192
-3.80851,541.664,26.8642,140.088,3.41054
1.11904,514.069,30.2696,152.327,4.00129
-3.78548,571.406,28.3624,147.875,3.41299
-2.42453,570.24,29.6948,153.282,3.56231
-0.297101,509.727,28.5853,145.306,3.81641
-3.81251,599.938,29.7501,155.141,3.41012
-1.61338,513.621,27.5162,141.202,3.65606
1.22541,507.994,30.0211,150.963,4.01574
-0.534208,572.625,31.85,162.176,3.78674
-0.315793,519.522,29.1157,148.022,3.81405
0.00874816,512.014,29.0186,147.186,3.85521
-2.07618,558.42,29.4364,151.563,3.60212
-2.44444,518.787,26.9966,139.375,3.56006
-3.45346,578.486,29.0529,151.104,3.44853
-2.06074,589.12,31.0714,159.964,3.6039
-4.32161,530.701,25.8459,135.291,3.35674
1.02971,549.058,32.2309,162.3,3.98923
-0.543785,577.779,32.1261,163.593,3.78555
-0.729714,560.453,30.9624,157.878,3.76254
-1.9922,591.912,31.2936,161.028,3.61182
-3.14419,573.202,29.1033,151.023,3.48215
1.64909,599.678,35.9569,180.274,4.07408
-3.86662,556.08,27.5225,143.582,3.40438
-3.95291,593.787,29.299,152.948,3.39527
1.64218,595.59,35.7033,179.011,4.07312
-0.322721,555.101,31.1023,158.129,3.81318
-3.64169,595.266,29.6974,154.671,3.42831
-4.43852,599.892,29.0945,152.428,3.34465
-4.68649,561.291,26.9832,141.628,3.31924
1.07032,569.205,33.4602,168.441,3.99471
0.176253,506.75,28.8867,146.343,3.87671
-3.16558,572.412,29.0413,150.724,3.47981
-3.59876,506.828,25.3237,131.85,3.43291
-4.45071,572.036,27.7315,145.3,3.3434
-1.63471,565.539,30.275,155.383,3.65355
-3.13962,574.817,29.19,151.467,3.48265
1.31516,571.103,33.8545,170.133,4.02799
-1.88549,573.151,30.415,156.386,3.6242
-4.00121,566.549,27.9072,145.734,3.39018
-1.88414,582.384,30.9064,158.911,3.62436
1.30734,517.24,30.6534,154.054,4.02692
-2.29579,512.83,26.826,138.344,3.57694
-3.58476,579.474,28.9678,150.808,3.43441
-1.57869,563.544,30.2273,155.075,3.66016
-2.1846,545.447,28.6436,147.598,3.58966
-1.86863,510.368,27.0993,139.32,3.62616
-2.90747,565.026,28.9283,149.854,3.50821
0.821513,507.276,29.5661,149.1,3.96132
-4.07907,517.371,25.4145,132.794,3.38201
0.187037,540.729,30.8352,156.202,3.8781
-0.967482,587.771,32.2047,164.493,3.73343
-4.31238,560.245,27.2937,142.859,3.35769
-1.23655,554.949,30.1232,154.16,3.7009
-3.538,528.383,26.4574,137.691,3.43943
0.135311,572.5,32.5887,165.146,3.87144
-2.64635,527.481,27.2551,140.917,3.53731
-4.06411,503.904,24.7662,129.392,3.38358
-0.123507,555.923,31.3636,159.231,3.83835
-4.24344,528.883,25.8289,135.124,3.36485
-2.50389,583.11,30.2806,156.397,3.55334
0.457663,514.555,29.6175,149.745,3.91326
-1.57588,538.445,28.8839,148.18,3.66049
0.416001,545.487,31.3529,158.566,3.90782
-2.22018,538.102,28.2227,145.466,3.58558
-3.09003,597.73,30.4066,157.723,3.48809
1.7013,507.962,30.5119,152.919,4.08136
-4.56768,506.44,24.4495,128.216,3.33138
1.50632,551.387,32.9003,165.115,4.05427
0.992099,522.338,30.6228,154.243,3.98416
-0.260053,517.944,29.0833,147.798,3.82107
-4.4437,525.66,25.4896,133.547,3.34412
-2.57971,569.268,29.4832,152.363,3.54479
1.11371,513.521,30.2318,152.143,4.00057
-2.84635,542.057,27.8121,144.007,3.51499
-4.22839,562.484,27.4846,143.769,3.36642
1.17583,565.502,33.3629,167.827,4.00899
-2.83118,539.24,27.6823,143.319,3.51668
0.559519,584.945,33.7873,170.704,3.92663
1.44648,577.818,34.4069,172.749,4.04602
-3.64373,578.185,28.8432,150.224,3.42809
-1.41249,564.446,30.4516,156.038,3.67986
-4.81641,523.944,25.0715,131.722,3.30604
0.338066,562.21,32.2275,163.08,3.89767
-4.70753,573.506,27.5498,144.625,3.3171
0.598277,532.3,30.7875,155.505,3.93173
-3.23493,541.947,27.4285,142.427,3.47223
-3.57882,511.205,25.5604,133.063,3.43505
-2.93438,507.619,25.9646,134.528,3.50524
1.64476,598.182,35.8618,179.803,4.07348
-1.62479,591.544,31.6782,162.573,3.65472
-0.44738,527.135,29.4082,149.649,3.79756
0.554289,525.953,30.3744,153.467,3.92594
0.602607,526.761,30.4716,153.905,3.9323
-2.38512,513.608,26.7827,138.211,3.56678
-4.64636,522.479,25.1533,131.984,3.32334
-3.40521,507.109,25.5116,132.639,3.45375
0.247714,517.922,29.5965,149.862,3.88595
-2.46717,592.399,30.8026,159.05,3.55748
-1.9015,516.049,27.3695,140.743,3.62234
-2.0186,541.689,28.612,147.257,3.60877
-1.50284,598.8,32.2034,165.123,3.66913
-4.74424,570.586,27.3736,143.739,3.31337
-1.92336,536.741,28.4452,146.298,3.6198
0.173504,592.449,33.7688,171.079,3.87636
-1.1342,588.936,32.0821,164.063,3.71322
-0.836172,583.626,32.1238,163.925,3.74946
0.24736,518.485,29.6283,150.024,3.8859
-1.88493,582.305,30.9014,158.886,3.62426
-0.388008,526.39,29.427,149.682,3.80499
-2.65246,561.614,29.0126,150.01,3.53662
1.14572,551.157,32.4831,163.435,4.00491
-3.30892,515.131,26.0033,135.1,3.46418
-2.9604,580.026,29.641,153.605,3.50236
1.65012,557.339,33.4194,167.55,4.07422
0.272059,505.647,28.9193,146.408,3.8891
-0.975181,561.173,30.7392,157.016,3.73249
-4.5426,525.867,25.41,133.228,3.33395
0.437449,532.96,30.6555,155.016,3.91062
0.943012,543.186,31.7915,160.185,3.97757
0.119365,506.811,28.8336,146.133,3.86939
1.00074,500.711,29.3636,147.892,3.98532
-3.82382,580.305,28.765,150.017,3.40892
-1.14068,549.589,29.9319,153.075,3.71244
-0.721248,507.722,28.0576,143.057,3.76358
0.552448,599.225,34.6038,174.838,3.9257
1.13742,551.968,32.5216,163.639,4.00378
-1.20689,535.081,29.0747,148.762,3.70446
-4.84004,526.203,25.1584,132.202,3.30365
0.724341,520.429,30.2316,152.561,3.9484
1.43174,538.541,32.052,160.942,4.04399
1.42499,546.773,32.5344,163.372,4.04306
-2.73878,580.529,29.8989,154.69,3.52697
-2.9354,576.318,29.4775,152.73,3.50512
1.99409,588.333,35.6945,178.526,4.12256
-2.39646,519.121,27.0595,139.65,3.56549
-0.579575,557.129,30.9394,157.591,3.7811
0.131372,586.985,33.4087,169.306,3.87093
-3.8364,548.497,27.1763,141.744,3.40758
-1.85253,520.214,27.6377,142.071,3.62804
0.712972,500.988,29.091,146.817,3.94689
-4.26426,596.313,29.1005,152.262,3.36269
-2.12665,520.998,27.4152,141.209,3.59631
-2.63679,538.659,27.8421,143.942,3.53838
1.98604,585.738,35.5274,177.7,4.12142
-2.59723,530.818,27.4749,142.002,3.54282
0.059221,538.712,30.585,155.076,3.86167
-0.71433,549.756,30.3877,154.93,3.76444
-3.04863,516.522,26.3139,136.452,3.49264
1.02448,582.571,34.1921,172.181,3.98852
-4.21891,503.115,24.5919,128.629,3.3674
-3.34896,528.192,26.625,138.37,3.45984
0.951447,518.702,30.3673,153,3.9787
0.234757,558.149,31.8809,161.445,3.88427
0.539913,591.813,34.161,172.616,3.92405
-0.181215,587.496,33.0788,168.008,3.83104
1.55898,563.012,33.6545,168.838,4.06156
0.933495,573.058,33.5288,168.95,3.97629
-1.7859,510.48,27.1837,139.67,3.63581
-4.46578,541.532,26.2386,137.494,3.34185
1.96645,591.269,35.8389,179.283,4.11865
-0.22418,568.318,31.9515,162.332,3.8256
1.70375,556.863,33.4521,167.651,4.0817
1.38002,541.682,32.1819,161.653,4.03688
-0.925337,539.268,29.5905,151.094,3.73856
-3.28593,533.103,26.9324,139.903,3.46668
-4.48416,513.838,24.8805,130.395,3.33996
-1.14386,577.642,31.4563,160.874,3.71206
-4.08052,521.692,25.6255,133.897,3.38186
-0.107587,548.23,30.9466,157.096,3.84038
-3.72703,506.093,25.1725,131.187,3.4192
0.730776,554.564,32.2217,162.596,3.94925
-4.18733,511.016,25.0062,130.765,3.37069
-3.48598,513.364,25.7527,133.972,3.44503
1.27649,599.865,35.5125,178.513,4.0227
0.852077,514.39,30.0123,151.318,3.9654
-1.9168,584.665,30.9921,159.389,3.62056
-2.07172,559.249,29.4847,151.807,3.60263
1.24319,509.554,30.1316,151.5,4.01816
-2.79035,598.78,30.783,159.325,3.52122
-0.3615,533.802,29.8687,151.9,3.80831
0.628657,592.12,34.2832,173.125,3.93574
1.27616,583.117,34.5206,173.527,4.02266
-0.899449,515.759,28.326,144.611,3.74172
-1.98168,528.441,27.9483,143.803,3.61304
-3.21787,590.2,29.8886,155.182,3.4741
-4.35912,529.876,25.7713,134.938,3.35285
1.58064,568.359,33.9993,170.541,4.06456
-2.66207,536.591,27.7106,143.288,3.53555
-3.47654,503.625,25.2726,131.465,3.44604
-0.95149,522.612,28.6505,146.322,3.73538
0.0952969,509.211,28.9461,146.728,3.8663
-0.641355,505.861,28.0323,142.846,3.77345
-4.78058,512.526,24.5565,128.981,3.30968
-2.14008,569.73,29.9655,154.359,3.59477
-1.42985,585.442,31.5652,161.765,3.6778
-1.1862,530.956,28.8714,147.7,3.70695
-0.529072,592.822,32.9793,167.92,3.78738
-0.0437295,525.355,29.7208,150.805,3.84851
-0.791467,599.786,33.0645,168.671,3.75495
1.82463,545.938,32.9315,164.902,4.09864
-0.314529,552.177,30.9472,157.331,3.81421
-1.09653,578.628,31.5619,161.36,3.71777
-4.98089,528.779,25.1549,132.322,3.28945
-0.116681,570.637,32.2013,163.476,3.83922
-2.52118,557.227,28.9189,149.383,3.55138
-4.68361,577.839,27.7816,145.816,3.31954
-1.89521,526.665,27.9387,143.663,3.62307
-0.446757,575.234,32.0922,163.307,3.79764
-2.02628,559.884,29.5651,152.171,3.60788
-1.32994,585.264,31.6656,162.163,3.68971
-2.81898,572.042,29.3788,152.089,3.51803
-2.58563,550.294,28.4946,147.26,3.54412
-1.45647,596.426,32.1276,164.679,3.67463
1.92149,591.635,35.8061,179.175,4.11229
-4.41835,573.54,27.8363,145.815,3.34673
0.149939,564.683,32.16,162.956,3.87332
-1.69233,537.696,28.7267,147.498,3.64677
-3.36528,505.207,25.4517,132.289,3.45807
1.61182,538.148,32.2264,161.613,4.06889
0.598916,551.769,31.9142,161.196,3.93181
-3.8381,527.001,26.1096,136.182,3.4074
1.90351,527.496,31.9048,159.673,4.10975
-0.840272,598.31,32.9273,168.03,3.74896
1.38888,550.211,32.6985,164.238,4.03809
-1.56746,514.487,27.6068,141.62,3.66148
-0.890454,534.361,29.3568,149.863,3.74282
-2.78476,520.684,26.7734,138.567,3.52184
-1.80513,586.35,31.2029,160.343,3.63357
0.604725,586.962,33.9566,171.504,3.93258
-1.29379,516.458,27.9781,143.241,3.69403
-3.21718,570.453,28.8893,149.992,3.47417
-1.95369,538.937,28.5313,146.773,3.61628
0.520038,576.591,33.2596,168.085,3.92144
-0.106034,552.574,31.1935,158.347,3.84057
-2.57992,547.965,28.3797,146.66,3.54477
-2.46853,565.798,29.4181,151.903,3.55733
0.457379,515.834,29.6908,150.116,3.91323
-0.0956462,593.316,33.5054,170.071,3.84189
-1.81309,517.364,27.5241,141.447,3.63264
-1.97567,547.894,28.9832,149.121,3.61373
-4.3513,500.432,24.346,127.468,3.35366
-1.01422,550.379,30.107,153.83,3.72775
0.973338,514.953,30.1705,151.985,3.98164
1.89956,592.639,35.84,179.372,4.10919
0.249978,565.583,32.3226,163.663,3.88624
-1.8322,538.609,28.6353,147.178,3.63041
-1.52429,596.048,32.0315,164.266,3.66659
-2.14053,541.862,28.4993,146.807,3.59472
-2.35733,599.555,31.295,161.463,3.56994
-1.7222,559.479,29.8593,153.347,3.64327
-1.49474,559.295,30.0873,154.264,3.67009
-4.32045,590.184,28.744,150.46,3.35686
0.455508,588.778,33.8872,171.335,3.91298
-3.10761,593.877,30.1919,156.63,3.48616
-3.46087,549.781,27.604,143.576,3.44773
-3.65766,539.921,26.921,140.228,3.42661
-3.85506,564.902,27.9706,145.907,3.40561
-3.94318,572.46,28.2565,147.494,3.39629
-1.34809,523.136,28.2863,144.876,3.68754
0.300829,568.902,32.5693,164.853,3.89283
1.09586,555.901,32.7067,164.619,3.99816
1.4904,509.599,30.3904,152.535,4.05207
-4.46919,535.482,25.9423,135.945,3.3415
1.507,557.579,33.2706,166.972,4.05437
-2.67219,569.584,29.4039,152.056,3.53441
-1.41752,587.865,31.7095,162.49,3.67926
-1.50234,520.804,28.0093,143.617,3.66919
-2.59352,583.593,30.2105,156.137,3.54324
-1.14668,591.311,32.1975,164.668,3.71172
-0.902952,505.678,27.7689,141.77,3.7413
1.47791,573.815,34.2053,171.699,4.05035
1.62836,546.345,32.7358,164.149,4.07119
-4.36671,523.12,25.4359,133.189,3.35207
0.240055,528.683,30.2034,152.944,3.88495
-0.742637,525.84,29.0372,148.075,3.76095
-3.81184,581.958,28.8592,150.494,3.41019
-3.01953,525.824,26.8153,139.022,3.49584
-1.84601,590.789,31.3943,161.375,3.6288
0.572586,573.004,33.1125,167.279,3.92834
-0.866044,551.067,30.3003,154.653,3.74581
1.39809,575.155,34.1917,171.727,4.03936
-2.2964,574.965,30.0757,155.103,3.57688
1.81168,532.993,32.1364,160.936,4.09682
-4.17296,532.794,26.0852,136.393,3.37219
-2.90016,558.274,28.59,148.093,3.50902
-1.09768,538.265,29.3591,150.099,3.71763
1.37133,526.409,31.2652,157.058,4.03568
-1.52024,574.463,30.8758,158.335,3.66707
0.940591,540.023,31.6037,159.242,3.97724
-2.90372,532.775,27.2807,141.315,3.50863
-1.92391,584.586,30.9802,159.336,3.61973
1.81708,569.976,34.3726,172.128,4.09758
1.95129,540.333,32.7345,163.771,4.1165
-3.3498,519.69,26.1957,136.14,3.45975
-1.54062,521.165,27.9913,143.564,3.66465
-3.30736,503.828,25.4342,132.141,3.46435
-2.13546,533.314,28.0546,144.511,3.5953
1.97912,594.749,36.0654,180.4,4.12044
-3.70446,525.412,26.1543,136.281,3.42161
-3.64527,513.749,25.6273,133.476,3.42793
1.2891,510.931,30.2606,152.1,4.02442
1.78049,565.674,34.0705,170.659,4.09244
-2.90397,530.833,27.181,140.799,3.5086
1.40685,548.333,32.607,163.757,4.04056
0.738295,595.617,34.6159,174.669,3.95025
-4.86764,598.086,28.5671,150.144,3.30086
-0.634152,549.445,30.4551,155.184,3.77434
-4.07628,562.862,27.6519,144.481,3.3823
-0.815808,521.454,28.722,146.544,3.75196
-4.62817,538.468,25.9398,136.093,3.32519
-1.97694,507.068,26.8224,138.005,3.61359
-3.86933,500.334,24.761,129.178,3.4041
-2.41145,540.29,28.1481,145.284,3.56379
-1.48454,550.792,29.6405,151.961,3.6713
-3.24648,528.651,26.7447,138.888,3.47098
-1.09182,548.507,29.9238,152.98,3.71834
0.715565,515.425,29.932,151.058,3.94723
-2.52155,536.269,27.8309,143.763,3.55134
1.29662,553.234,32.7745,164.727,4.02545
1.42142,598.242,35.5926,178.733,4.04257
-1.88529,553.764,29.3864,151.097,3.62422
-4.27973,555.586,27.0981,141.801,3.36108
-2.09995,572.31,30.1435,155.231,3.59938
0.391848,599.641,34.4368,174.193,3.90467
-0.10438,503.617,28.4314,144.325,3.84078
1.14728,507.189,29.8934,150.404,4.00512
-2.30386,535.231,27.9899,144.355,3.57602
-4.38131,599.039,29.1122,152.456,3.35056
-1.13084,523.825,28.5385,145.939,3.71363
-1.37795,594.625,32.1183,164.538,3.68398
-3.40148,530.039,26.6686,138.651,3.45415
-3.04129,568.872,28.9884,150.312,3.49344
-0.545143,572.225,31.8157,162.014,3.78538
-2.64883,593.685,30.6732,158.592,3.53703
-2.85721,531.4,27.2549,141.133,3.51378
-4.28748,565.255,27.5621,144.238,3.36028
-1.75161,577.46,30.7873,158.146,3.63982
0.159528,511.288,29.1286,147.586,3.87456
-1.65003,554.189,29.6516,152.2,3.65175
-1.14821,549.726,29.9316,153.081,3.71153
1.555,534.818,31.9649,160.365,4.06101
-4.64819,581.666,28.0009,146.928,3.32315
1.06431,533.563,31.3585,157.868,3.99389
-4.13656,544.12,26.6741,139.434,3.37599
-0.292869,595.84,33.4193,169.873,3.81694
1.6629,510.271,30.6104,153.454,4.076
-3.70388,546.606,27.2099,141.78,3.42167
1.47233,588.737,35.0881,176.137,4.04958
-3.29134,558.207,28.1953,146.469,3.46609
-0.414398,504.922,28.2011,143.473,3.80168
-4.57438,517.496,24.9773,130.99,3.3307
-1.33138,551.606,29.8431,152.831,3.68954
0.139714,569.03,32.3961,164.164,3.87201
-4.97061,579.344,27.5704,145.018,3.29048
1.13491,543.398,32.0139,161.087,4.00344
-2.12196,513.635,27.0322,139.231,3.59685
0.688363,592.008,34.3472,173.374,3.94363
-1.28563,547.847,29.687,151.981,3.69501
-1.82286,551.012,29.3042,150.606,3.63149
-4.58381,550.218,26.5478,139.236,3.32973
-3.76502,556.27,27.6311,144.04,3.41516
1.77395,599.093,36.0754,180.709,4.09152
1.62016,536.715,32.1498,161.219,4.07005
0.935795,598.499,35.0202,176.462,3.9766
-4.47719,544.938,26.3929,138.314,3.34067
-3.9003,593.588,29.3439,153.122,3.40082
-0.505031,567.987,31.624,160.992,3.79037
-2.05804,504.23,26.5967,136.924,3.60421
-2.06695,510.365,26.9119,138.556,3.60318
1.39769,535.801,31.8518,159.975,4.0393
-2.35998,574.101,29.9636,154.597,3.56964
0.67673,527.477,30.591,154.427,3.94209
0.722998,567.725,32.9775,166.42,3.94822
-0.374421,588.876,32.9357,167.512,3.80669
-4.39629,553.574,26.8884,140.826,3.34901
-2.59987,539.564,27.925,144.332,3.54252
-3.46343,521.656,26.1895,136.222,3.44746
-2.31859,590.96,30.8883,159.32,3.57435
-0.7662,547.941,30.2329,154.198,3.75805
-1.43608,577.372,31.1233,159.508,3.67705
1.15489,537.678,31.6987,159.478,4.00615
1.5169,511.962,30.559,153.353,4.05574
0.632503,562.426,32.5682,164.46,3.93624
0.307898,598.569,34.276,173.483,3.89375
-4.3769,546.493,26.5628,139.1,3.35101
-4.42397,555.31,26.9462,141.158,3.34615
-0.813552,560.777,30.8904,157.605,3.75224
0.129653,534.717,30.4321,154.223,3.87071
-4.9424,540.404,25.7432,135.378,3.29332
-1.21935,589.598,32.0231,163.863,3.70296
-0.71721,545.966,30.1752,153.85,3.76408
-1.1995,591.517,32.1496,164.486,3.70535
-0.746391,541.275,29.8857,152.406,3.76049
-3.30961,561.455,28.3411,147.246,3.46411
0.321468,530.42,30.3878,153.788,3.89551
1.43533,542.299,32.2796,162.081,4.04448
1.22277,513.937,30.3696,152.719,4.01538
-0.344123,505.966,28.3282,144.047,3.81049
0.991183,514.413,30.1573,151.899,3.98404
0.691747,531.005,30.8115,155.523,3.94408
-0.870622,544.214,29.9187,152.71,3.74525
-2.83844,534.799,27.4473,142.11,3.51587
-4.03275,519.199,25.5463,133.436,3.38687
-0.398515,518.432,28.9716,147.376,3.80367
-0.415846,567.779,31.7102,161.327,3.8015
-2.48853,537.478,27.926,144.219,3.55507
0.3019,539.2,30.8699,156.25,3.89297
-2.8275,532.844,27.3575,141.634,3.51709
-3.58364,582.75,29.1327,151.665,3.43453
1.54178,591.164,35.3166,177.197,4.05918
-2.18412,583.428,30.6386,157.878,3.58971
-4.19993,595.04,29.1048,152.212,3.36938
-0.783578,567.402,31.2879,159.599,3.75591
-3.16188,583.506,29.608,153.661,3.48021
1.7022,598.619,35.9586,180.215,4.08148
-1.86132,504.254,26.7815,137.679,3.62701
1.1368,527.914,31.1037,156.505,4.0037
-4.42313,590.113,28.6359,150.008,3.34624
0.671227,540.637,31.3482,158.256,3.94136
1.98116,506.573,30.7206,153.663,4.12073
-1.85077,505.725,26.8696,138.121,3.62824
-3.29666,586.617,29.6247,153.901,3.46551
-0.240237,508.872,28.5935,145.288,3.82357
-1.60683,562.599,30.147,154.695,3.65684
-1.60272,588.207,31.5237,161.754,3.65732
1.10968,559.586,32.9391,165.772,4.00003
-2.17267,538.9,28.3116,145.874,3.59103
-1.60525,535.81,28.7131,147.335,3.65702
-4.92209,585.807,27.9263,146.836,3.29537
-2.71891,529.784,27.3044,141.247,3.52919
0.382446,583.958,33.5253,169.594,3.90344
0.0542314,542.146,30.7746,156.043,3.86103
-3.8266,510.717,25.3132,132.017,3.40862
-4.5179,559.947,27.0806,141.961,3.33649
-4.79742,527.152,25.2421,132.599,3.30797
-0.393067,559.497,31.2723,159.073,3.80436
1.03535,581.94,34.1677,172.046,3.98999
-4.15222,515.143,25.2395,131.951,3.37436
-3.62181,593.738,29.642,154.36,3.43044
-0.481752,539.897,30.0843,153.127,3.79327
-1.6,524.046,28.0878,144.121,3.65764
-0.87331,540.767,29.7264,151.731,3.74492
-0.756405,559.682,30.8912,157.545,3.75925
-0.873666,516.511,28.3927,144.924,3.74487
-3.1989,507.569,25.7212,133.526,3.47617
-3.6897,526.445,26.2194,136.605,3.42318
-2.11303,512.158,26.9629,138.865,3.59788
0.661458,500.998,29.04,146.613,3.94007
-3.48165,528.42,26.512,137.918,3.44549
-4.0476,563.216,27.6975,144.688,3.38531
0.49563,520.159,29.9792,151.533,3.91824
-2.64611,508.592,26.2793,135.872,3.53733
-3.75197,520.976,25.8899,134.951,3.41655
1.79658,582.184,35.0842,175.717,4.0947
1.78359,566.891,34.1475,171.04,4.09287
0.271444,510.122,29.1746,147.701,3.88902
-2.52614,537.351,27.8826,144.034,3.55082
-3.70759,506.901,25.2301,131.468,3.42128
-0.0230722,592.267,33.5302,170.108,3.85114
0.500909,584.833,33.7128,170.398,3.91893
1.05832,514.495,30.2316,152.201,3.99308
-4.56966,566.567,27.3503,143.43,3.33118
0.520335,594.92,34.3172,173.429,3.92148
0.352167,576.793,33.0795,167.374,3.8995
-4.37624,555.751,27.0134,141.459,3.35108
-3.83286,512.036,25.3729,132.335,3.40796
-1.9356,571.33,30.2653,155.673,3.61838
-3.14608,587.637,29.8342,154.818,3.48194
-2.40916,583.653,30.4097,156.955,3.56405
0.635334,591.585,34.2601,173,3.93662
-2.75666,506.867,26.0887,134.995,3.52497
1.1412,512.314,30.1891,151.899,4.0043
-0.41635,569.803,31.8227,161.9,3.80144
0.286762,560.934,32.0975,162.481,3.891
-1.13139,590.85,32.1895,164.61,3.71356
1.02986,535.966,31.4625,158.43,3.98925
-2.27258,545.431,28.5546,147.234,3.57959
0.778997,522.903,30.4325,153.515,3.95566
-0.759048,579.144,31.9625,163.011,3.75893
0.767155,546.205,31.7757,160.305,3.95408
-1.9761,552.814,29.2431,150.459,3.61368
1.46544,593.091,35.3393,177.406,4.04863
-1.7873,553.064,29.45,151.316,3.63565
0.467832,566.447,32.6158,164.892,3.9146
-3.76438,578.337,28.7278,149.757,3.41523
1.51071,501.303,29.9164,150.135,4.05488
0.819345,556.242,32.4177,163.483,3.96103
-4.29665,520.253,25.3595,132.72,3.35932
-1.47307,510.974,27.5087,141.02,3.67266
0.150973,542.34,30.8886,156.513,3.87346
-1.73891,513.251,27.3762,140.611,3.64131
-0.480104,567.259,31.6108,160.895,3.79348
-2.55048,505.007,26.1819,135.273,3.54808
-0.10467,511.612,28.8825,146.615,3.84075
-2.14548,517.145,27.1945,140.091,3.59415
-0.0177505,517.533,29.3046,148.665,3.85182
-3.88818,518.59,25.6474,133.821,3.4021
-2.20562,548.922,28.8049,148.452,3.58725
-0.554502,587.512,32.6551,166.299,3.78421
-3.37797,583.195,29.3675,152.656,3.45669
-4.54942,501.033,24.2042,126.912,3.33325
-0.389371,527.694,29.4985,150.047,3.80482
-4.66565,515.442,24.7975,130.136,3.32137
0.468522,581.139,33.4625,169.172,3.91469
-1.43513,598.291,32.2521,165.291,3.67717
-3.28447,584.198,29.5153,153.318,3.46684
-3.30606,563.469,28.4463,147.789,3.46449
-0.373617,513.068,28.6965,145.951,3.80679
-3.133,538.821,27.3685,142.008,3.48337
-2.71019,566.572,29.2094,151.092,3.53016
1.56824,543.312,32.4873,162.971,4.06284
-4.14747,545.131,26.7133,139.651,3.37485
0.355013,586.893,33.662,170.318,3.89987
-2.50168,532.26,27.6421,142.767,3.55358
1.37333,531.191,31.5514,158.493,4.03596
-2.20128,518.989,27.2382,140.373,3.58775
-4.07252,572.988,28.1531,147.096,3.3827
-1.70048,536.218,28.6396,147.06,3.64582
-3.54322,551.747,27.6222,143.758,3.43887
1.59376,535.779,32.0647,160.823,4.06638
-3.74331,567.814,28.2262,147.119,3.41747
0.469364,503.72,29.0055,146.639,3.9148
-0.501494,580.239,32.3101,164.48,3.79081
1.1598,578.438,34.1073,171.591,4.00682
-3.20039,524.331,26.5693,137.93,3.476
-3.49238,530.085,26.5855,138.311,3.44434
1.55738,525.205,31.3929,157.493,4.06134
-2.58182,506.881,26.2501,135.657,3.54455
0.0271777,502.657,28.5065,144.57,3.85756
-1.56911,514.773,27.6205,141.692,3.66129
-3.45887,557.527,27.9949,145.608,3.44795
1.62054,531.45,31.8348,159.639,4.07011
-4.41799,593.309,28.7962,150.842,3.34677
0.842071,540.701,31.5365,159.014,3.96406
-3.77963,501.458,24.8956,129.794,3.41361
0.591172,570.527,32.9904,166.641,3.93079
-1.65912,597.932,31.9819,164.173,3.65068
-0.0954331,535.945,30.2658,153.627,3.84192
-2.31544,514.166,26.8774,138.629,3.57471
-4.99243,584.302,27.7847,146.169,3.28829
-1.61737,573.306,30.7094,157.593,3.65559
-1.25051,500.679,27.1642,139.03,3.69922
-2.79116,579.057,29.7682,154.073,3.52113
1.79396,589.76,35.5376,177.991,4.09433
-1.22473,594.548,32.286,165.214,3.70232
-2.87158,539.08,27.6348,143.116,3.51219
-1.89342,588.427,31.217,160.518,3.62328
-2.88341,551.371,28.2531,146.33,3.51088
-2.93521,585.405,29.9425,155.139,3.50514
1.84624,516.058,31.152,155.968,4.10168
-4.74974,505.189,24.2315,127.245,3.31281
-2.21463,527.83,27.6893,142.712,3.58622
0.47628,527.774,30.3979,153.67,3.9157
-4.79546,596.766,28.5774,150.118,3.30817
1.61849,509.684,30.5289,153.093,4.06982
0.92678,538.874,31.5215,158.843,3.97539
-1.24673,582.08,31.5847,161.651,3.69968
-3.15694,529.673,26.8811,139.504,3.48075
-3.91446,599.694,29.6308,154.636,3.39933
-1.55085,568.906,30.5446,156.671,3.66345
1.96093,566.811,34.3499,171.841,4.11787
-3.55919,537.247,26.8811,139.918,3.43715
-4.09346,589.016,28.9192,151.122,3.3805
0.903478,584.499,34.163,172.182,3.97227
-2.77084,563.561,28.9923,150.035,3.52339
-4.91348,527.377,25.1485,132.222,3.29623
-4.62094,540.078,26.0241,136.527,3.32593
-2.58316,541.117,28.0218,144.814,3.5444
0.112544,585.371,33.2952,168.753,3.86851
-4.70537,589.023,28.2974,148.547,3.31732
-0.913537,549.376,30.1575,153.977,3.74
-1.28535,594.786,32.2308,165.004,3.69505
-0.142276,590.537,33.2948,169.058,3.83597
-3.27175,556.162,28.1114,146.012,3.46822
-1.53531,549.937,29.5421,151.512,3.66528
-0.507363,539.035,30.0096,152.776,3.79008
0.0237743,510.111,28.9258,146.7,3.85713
-1.19079,555.253,30.1877,154.439,3.7064
-1.88893,585.079,31.0443,159.625,3.6238
-4.53946,546.552,26.4125,138.481,3.33428
-3.9105,554.018,27.3778,142.874,3.39974
-1.08403,557.058,30.3985,155.398,3.71928
-2.4019,505.848,26.3626,136.059,3.56488
-1.30333,591.24,32.0186,163.939,3.69289
-2.0309,589.527,31.1254,160.207,3.60734
-1.78201,556.289,29.6272,152.22,3.63627
-0.759318,541.834,29.9031,152.509,3.7589
0.846579,567.139,33.0837,166.81,3.96466
1.00784,500.039,29.3313,147.722,3.98628
-4.76874,559.504,26.8186,140.851,3.31088
-4.9194,530.899,25.3111,133.083,3.29564
1.51227,513.548,30.6488,153.809,4.05509
-3.77387,500.529,24.8545,129.575,3.41422
-0.487779,548.623,30.5642,155.577,3.79252
-4.18314,533.999,26.1347,136.662,3.37113
-0.749276,554.003,30.5853,155.977,3.76013
-3.05759,584.161,29.7503,154.282,3.49165
-0.807881,530.309,29.2178,149.065,3.75293
0.139942,584.849,33.297,168.729,3.87204
-1.06816,568.448,31.0372,158.645,3.72121
-3.07224,505.069,25.7091,133.339,3.49004
1.66612,574.617,34.4742,172.82,4.07645
-3.82957,593.329,29.4046,153.359,3.40831
0.36415,585.728,33.6058,170.023,3.90106
-0.638,513.861,28.4789,145.119,3.77386
1.73748,512.343,30.8131,154.389,4.08642
-3.25274,512.702,25.9321,134.674,3.47029
-2.55928,514.888,26.6859,137.886,3.54709
-2.77438,535.555,27.5481,142.565,3.523
-3.54336,539.384,27.0032,140.537,3.43885
-3.17903,515.63,26.1481,135.722,3.47834
1.87233,544.278,32.8848,164.613,4.10535
-4.55688,541.095,26.1326,137.031,3.33249
-3.49146,514.06,25.7826,134.133,3.44444
1.95961,567.7,34.4022,172.104,4.11768
-4.75605,531.155,25.4713,133.762,3.31217
1.59765,588.964,35.2524,176.806,4.06692
-1.666,543.598,29.0687,149.226,3.64987
-4.67531,525.675,25.2811,132.683,3.32038
-1.52753,516.552,27.7562,142.345,3.6662
-2.09917,550.038,28.9712,149.193,3.59947
-3.15422,570.897,28.976,150.373,3.48105
-3.93642,571.692,28.2253,147.324,3.39701
-4.90297,506.959,24.184,127.141,3.29729
-2.04366,513.786,27.1143,139.575,3.60587
-2.13788,597.292,31.4175,161.837,3.59502
0.333047,588.372,33.7213,170.645,3.89701
-0.834674,590.711,32.5154,165.922,3.74965
-1.45447,582.97,31.405,160.972,3.67487
-4.47679,565.666,27.3972,143.577,3.34071
-4.65266,572.533,27.5568,144.602,3.32269
-2.63734,534.821,27.6432,142.914,3.53832
1.82587,503.014,30.3435,151.942,4.09881
-1.00548,540.173,29.5577,151.014,3.72881
-2.32282,562.347,29.3884,151.588,3.57386
0.982775,532.295,31.1966,157.144,3.98291
-2.11089,525.492,27.667,142.489,3.59812
-4.15794,505.761,24.7748,129.527,3.37376
1.65465,519.186,31.1365,156.1,4.07485
0.796586,595.003,34.6495,174.767,3.958
0.735041,535.755,31.1334,157.1,3.94982
-1.97813,507.002,26.8177,137.982,3.61345
-3.4662,590.244,29.63,154.121,3.44716
-3.66838,501.18,24.9799,130.127,3.42546
0.729655,596.795,34.6741,174.973,3.9491
-4.89305,502.46,23.9778,126.048,3.2983
-0.555394,546.688,30.3851,154.74,3.7841
-4.61252,563.226,27.1476,142.413,3.32679
0.314987,548.957,31.4427,159.135,3.89467
-4.15051,567.706,27.8166,145.421,3.37454
-0.19857,591.824,33.3025,169.165,3.82884
1.14457,575.747,33.931,170.722,4.00475
0.599475,591.369,34.2054,172.767,3.93189
0.695798,592.723,34.3974,173.619,3.94461
0.859177,525.523,30.6693,154.622,3.96634
-3.79194,514.224,25.5183,133.053,3.4123
1.38125,546.292,32.4571,163.034,4.03704
1.25305,577.153,34.1405,171.645,4.0195
1.53435,563.687,33.6665,168.927,4.05815
1.15034,581.192,34.2586,172.363,4.00554
-4.47384,573.574,27.7832,145.596,3.34102
0.0839933,596.83,33.9136,171.922,3.86484
-2.50466,598.133,31.0599,160.423,3.55325
-2.09701,599.224,31.5643,162.544,3.59972
-3.87952,528.343,26.1378,136.371,3.40302
0.0822163,574.351,32.6343,165.439,3.86462
-0.046475,552.048,31.228,158.455,3.84816
-0.785787,504.401,27.8117,141.869,3.75564
-0.51202,580.79,32.329,164.589,3.7895
-4.5135,588.366,28.4595,149.184,3.33694
0.0920451,552.342,31.3943,159.142,3.86588
1.73502,501.831,30.1784,151.211,4.08607
-3.91588,554.359,27.3895,142.94,3.39918
-3.23646,558.446,28.262,146.756,3.47207
-1.81145,535.457,28.4884,146.401,3.63283
-0.603818,573.941,31.8463,162.238,3.77809
-2.81139,587.921,30.2024,156.344,3.51888
-4.31693,589.952,28.7363,150.415,3.35722
-1.72535,593.244,31.6579,162.587,3.6429
-3.79684,540.79,26.8319,139.907,3.41178
-2.53474,511.291,26.5223,137.016,3.54985
-1.65127,588.717,31.4977,161.678,3.6516
-4.90656,514.751,24.5525,129.082,3.29693
0.641013,528.397,30.6067,154.545,3.93737
-0.889497,551.944,30.3238,154.799,3.74294
1.7288,518.051,31.1472,156.073,4.0852
-0.321942,551.8,30.9181,157.192,3.81328
-3.39456,513.287,25.8321,134.295,3.4549
-1.32156,511.501,27.6828,141.757,3.69071
1.58138,547.085,32.7275,164.161,4.06467
1.72964,597.255,35.9103,179.938,4.08532
-2.00725,525.232,27.7537,142.828,3.61008
-0.372132,543.751,30.4142,154.686,3.80698
1.7794,525.137,31.6279,158.425,4.09229
-3.91218,506.803,25.0432,130.691,3.39957
-1.8036,559.376,29.7691,152.973,3.63374
1.59038,533.808,31.9431,160.216,4.06592
-1.52846,572.441,30.7583,157.742,3.66609
-1.74778,580.727,30.9657,159.058,3.64027
0.373682,503.313,28.8867,146.138,3.9023
-1.8983,556.849,29.5367,151.884,3.62271
1.4641,518.344,30.8841,155.042,4.04844
-2.21248,538.959,28.2753,145.729,3.58646
1.84142,588.933,35.5453,177.97,4.101
-3.16294,541.484,27.4747,142.591,3.4801
-1.70515,505.704,27.0054,138.673,3.64527
-2.10254,555.841,29.2734,150.753,3.59908
-3.181,578.306,29.3244,152.211,3.47812
-0.45827,558.105,31.1242,158.394,3.7962
-0.960482,507.017,27.7869,141.921,3.73428
-2.40104,534.193,27.8406,143.687,3.56497
-0.0136661,509.464,28.8518,146.364,3.85234
-1.77818,502.77,26.7804,137.59,3.63671
-0.734436,513.911,28.3866,144.748,3.76196
-0.701124,557.8,30.8464,157.254,3.76606
-0.0794999,597.878,33.7819,171.455,3.84395
0.593005,501.827,29.0197,146.582,3.93103
-1.95735,588.317,31.1415,160.205,3.61585
-4.3944,509.396,24.7442,129.594,3.34921
-0.220773,586.244,32.9632,167.468,3.82603
-0.863005,565.407,31.092,158.69,3.74618
1.36549,553.387,32.861,165.081,4.03488
-1.02418,551.63,30.1651,154.138,3.72654
1.81794,505.465,30.4831,152.649,4.0977
-0.218621,525.62,29.5567,150.159,3.8263
1.05266,537.094,31.5534,158.862,3.99232
-2.32494,556.831,29.098,150.093,3.57362
-0.891586,578.224,31.7653,162.16,3.74268
0.73317,567.616,32.9827,166.434,3.94957
-0.333401,511.562,28.6522,145.683,3.81184
1.94907,554.932,33.6164,168.185,4.11619
-4.10628,543.823,26.6882,139.477,3.37916
-3.43798,534.549,26.8609,139.688,3.4502
1.74073,511.845,30.7866,154.253,4.08687
-3.60177,564.015,28.1781,146.715,3.43259
-1.4432,501.365,27.0195,138.482,3.67621
-3.36771,506.391,25.5092,132.59,3.4578
-2.3559,593.718,30.9919,159.898,3.5701
0.735289,543.414,31.5787,159.347,3.94985
1.04285,589.044,34.5938,174.182,3.991
-4.08423,545.349,26.784,139.955,3.38147
0.419034,597.929,34.3707,173.825,3.90822
0.943396,507.299,29.6915,149.604,3.97762
0.534453,543.454,31.3637,158.487,3.92333
-1.36761,544.248,29.4078,150.641,3.68521
-2.89788,587.477,30.0879,155.85,3.50928
0.895214,588.122,34.365,173.211,3.97116
-1.62391,581.325,31.1319,159.768,3.65482
-1.60463,503.409,26.9773,138.428,3.65709
-2.70772,504.094,25.9906,134.439,3.53044
-1.28809,524.151,28.4005,145.397,3.69472
0.127171,554.708,31.5671,159.978,3.87039
-3.06754,580.816,29.5697,153.356,3.49056
-3.22663,524.557,26.5561,137.888,3.47314
0.758671,597.616,34.7564,175.353,3.95295
-3.6721,526.125,26.2198,136.589,3.42506
-3.88427,513.994,25.4236,132.65,3.40252
-2.87765,526.183,26.9679,139.668,3.51152
-3.43231,531.283,26.7021,138.856,3.45082
-3.50503,528.963,26.5174,137.969,3.44298
0.100088,546.721,31.0835,157.557,3.86691
-4.51408,540.813,26.1588,137.125,3.33688
-2.57097,547.068,28.3421,146.456,3.54577
-4.23077,530.128,25.9014,135.49,3.36617
-4.25019,510.803,24.94,130.48,3.36415
-3.99265,552.082,27.2029,142.047,3.39108
-4.91301,579.666,27.6425,145.334,3.29628
-1.23241,502.813,27.2971,139.693,3.7014
-4.09879,503.168,24.6996,129.077,3.37994
-0.094189,530.339,29.9505,152.025,3.84208
-0.993756,599.674,32.8269,167.703,3.73023
0.933822,544.922,31.883,160.657,3.97633
1.71501,558.667,33.5734,168.246,4.08327
-4.29569,515.998,25.153,131.639,3.35942
-1.88923,526.563,27.9391,143.659,3.62376
-4.88453,562.387,26.8458,141.115,3.29916
-0.672154,559.062,30.9473,157.736,3.76964
-1.32131,547.375,29.6246,151.701,3.69074
0.362314,573.396,32.8961,166.434,3.90082
-2.79388,565.223,29.0542,150.381,3.52082
-2.23295,538.744,28.2437,145.589,3.58412
0.0753774,514.949,29.2522,148.301,3.86374
0.885294,591.892,34.5736,174.274,3.96984
-0.715812,540.177,29.8567,152.224,3.76425
1.34402,575.893,34.1723,171.694,4.03194
-1.97108,514.299,27.2104,139.995,3.61426
0.477177,558.76,32.1835,162.696,3.91582
-2.58677,539.232,27.9207,144.295,3.544
-1.57636,579.357,31.078,159.437,3.66043
0.570954,556.431,32.1529,162.434,3.92813
-2.29937,595.229,31.1324,160.557,3.57654
1.28266,595.019,35.233,177.101,4.02354
-1.44046,531.269,28.6338,146.753,3.67653
-3.96265,575.98,28.4106,148.32,3.39424
-4.77746,561.484,26.9051,141.314,3.30999
-0.473127,598.356,33.3517,169.748,3.79435
-1.03477,540.424,29.5414,150.962,3.72525
1.03093,544.393,31.9584,160.926,3.98939
0.460779,513.928,29.5846,149.575,3.91367
-3.35555,534.613,26.9424,140.027,3.45912
-2.26622,588.557,30.8192,158.903,3.58032
0.437687,508.256,29.2348,147.831,3.91065
-0.675875,550.182,30.4519,155.214,3.76918
-3.73467,586.57,29.1675,152.015,3.41839
-2.97108,517.643,26.4431,137.044,3.50118
1.54842,572.168,34.1895,171.534,4.0601
-2.23503,599.742,31.4392,162.063,3.58388
1.46111,588.476,35.0591,176.005,4.04803
-0.565378,528.053,29.3392,149.425,3.78286
-1.87273,596.616,31.6744,162.846,3.62568
-2.83683,501.799,25.7551,133.347,3.51605
-3.47003,526.987,26.451,137.589,3.44675
-0.562239,582.331,32.3585,164.798,3.78325
0.78448,558.15,32.4899,163.888,3.95639
-1.17577,533.61,29.0262,148.481,3.70821
-0.894819,584.34,32.0976,163.86,3.74229
-1.56042,551.284,29.5885,151.778,3.66231
0.942547,547.509,32.0439,161.458,3.97751
0.857781,556.47,32.4738,163.722,3.96616
0.973717,512.815,30.0456,151.355,3.98169
-3.94288,557.306,27.5087,143.591,3.39633
-0.191699,547.493,30.8153,156.523,3.82971
-1.58234,541.616,29.0474,149.026,3.65972
-4.18139,592.33,28.9913,151.598,3.37131
-2.27655,523.147,27.3842,141.203,3.57914
1.98527,534.15,32.3975,162.046,4.12131
0.305809,524.918,30.0564,152.128,3.89348
-2.07779,577.712,30.4516,156.792,3.60193
-0.218101,528.004,29.6912,150.842,3.82637
1.16298,534.354,31.5114,158.527,4.00725
-1.63953,596.587,31.9318,163.892,3.65298
-2.11243,571.498,30.0875,154.957,3.59795
0.781902,545.816,31.7691,160.255,3.95604
-2.30104,506.606,26.4956,136.645,3.57635
0.803165,523.956,30.5191,153.926,3.95887
-3.41458,591.663,29.7555,154.714,3.45273
-1.35573,561.874,30.3728,155.571,3.68663
-4.74128,587.053,28.1666,147.9,3.31367
-2.63334,517.59,26.7563,138.325,3.53877
-2.2269,573.281,30.0607,154.948,3.58481
-4.21575,546.599,26.7204,139.759,3.36773
-2.21059,521.234,27.3472,140.944,3.58668
-1.23461,589.189,31.984,163.68,3.70113
-4.00153,539.545,26.5768,138.787,3.39015
-1.30176,505.182,27.3596,140.083,3.69308
1.94657,589.882,35.7306,178.766,4.11583
-2.71834,580.443,29.9159,154.756,3.52925
-0.459051,577.207,32.1886,163.812,3.7961
-4.34553,589.681,28.6939,150.226,3.35426
1.5336,570.727,34.0861,171.033,4.05804
-3.00016,549.913,28.0628,145.47,3.49797
-3.28041,552.094,27.8973,144.909,3.46728
-0.17525,513.344,28.9096,146.826,3.83179
-0.977621,558.521,30.5913,156.263,3.73219
-0.561525,556.435,30.9203,157.473,3.78334
-1.27616,596.758,32.348,165.593,3.69615
-1.93653,574.444,30.4293,156.517,3.61827
-3.38326,575.505,28.9749,150.621,3.45612
1.09447,552.831,32.5245,163.703,3.99797
-1.7158,569.26,30.3881,156.055,3.64402
-2.0361,505.917,26.7062,137.466,3.60674
-2.992,591.207,30.1788,156.429,3.49887
1.88135,519.024,31.3686,157.014,4.10662
0.24816,576.306,32.9333,166.758,3.886
-2.65518,595.661,30.7685,159.092,3.53632
-3.42133,548.343,27.5703,143.359,3.452
0.321014,588.084,33.6908,170.505,3.89545
1.73141,591.317,35.5554,178.158,4.08557
-0.719479,507.609,28.053,143.032,3.7638
-2.95763,511.264,26.1296,135.406,3.50267
-2.88695,540.39,27.687,143.402,3.51049
-4.78008,535.029,25.6351,134.646,3.30973
-1.35446,565.877,30.5906,156.685,3.68678
1.07832,512.153,30.1146,151.591,3.99579
1.50674,506.255,30.2079,151.602,4.05433
-2.10595,570.227,30.0275,154.64,3.59869
-2.5552,533.597,27.6595,142.913,3.54755
-4.96616,541.847,25.7901,135.649,3.29093
-4.87228,556.037,26.5542,139.57,3.30039
-2.0983,521.386,27.4629,141.425,3.59957
-4.15365,555.929,27.2365,142.392,3.37421
-0.647079,554.498,30.7214,156.556,3.77274
1.89936,507.043,30.6634,153.465,4.10916
0.19728,528.727,30.1614,152.778,3.87943
-0.997028,505.233,27.654,141.279,3.72984
-4.80753,578.513,27.6915,145.477,3.30694
-3.94146,525.984,25.964,135.526,3.39648
1.07346,559.473,32.8916,165.575,3.99513
-4.62506,505.885,24.3729,127.869,3.32551
0.614227,529.659,30.6516,154.801,3.93383
-2.414,503.528,26.2305,135.39,3.5635
-0.877697,570.218,31.3405,159.976,3.74438
-0.00993775,541.77,30.6853,155.661,3.85282
-3.09727,575.179,29.252,151.742,3.48729
-4.73911,563.373,27.0326,141.943,3.31389
-1.0686,585.375,31.9609,163.367,3.72115
-3.8927,565.493,27.9625,145.906,3.40162
-1.61031,522.854,28.0139,143.752,3.65643
-3.11616,588.606,29.915,155.202,3.48522
0.195177,579.273,33.0424,167.374,3.87916
-1.15247,560.138,30.4939,155.962,3.71102
-0.424976,519.146,28.9849,147.472,3.80036
-4.31772,531.126,25.8701,135.414,3.35714
1.57553,557.543,33.3465,167.273,4.06385
0.727179,529.791,30.7785,155.318,3.94877
-2.93673,590.448,30.1988,156.469,3.50497
0.418123,576.863,33.1587,167.697,3.9081
-0.394258,524.485,29.3142,149.114,3.80421
-0.228772,589.414,33.1323,168.337,3.82502
-2.29317,579.316,30.3067,156.291,3.57724
1.68688,529.04,31.7624,159.202,4.07935
-3.54446,552.436,27.6555,143.933,3.43874
-3.53339,575.334,28.8131,149.945,3.43992
-0.558194,569.356,31.6419,161.144,3.78376
-1.67681,581.606,31.0895,159.612,3.6486
-4.72824,553.323,26.5606,139.453,3.31499
-3.3992,513.075,25.8172,134.222,3.4544
-2.38085,562.821,29.3534,151.472,3.56727
-3.99052,562.362,27.7115,144.701,3.39131
-0.767079,574.422,31.6931,161.647,3.75794
-0.927582,528.099,28.9753,147.956,3.73829
-2.45525,542.986,28.2451,145.832,3.55883
-1.47772,593.546,31.9488,163.788,3.67211
-2.42083,547.668,28.5231,147.23,3.56273
1.83372,598.807,36.1317,180.916,4.09991
-3.8324,549.021,27.2061,141.895,3.40801
-4.43423,549.673,26.6629,139.684,3.3451
-1.73435,556.737,29.7004,152.544,3.64184
-0.520813,535.814,29.8164,151.806,3.7884
-3.07935,545.721,27.7714,144.042,3.48926
-3.2077,506.498,25.659,133.212,3.47521
-0.0332173,534.838,30.2683,153.571,3.84985
1.6874,576.001,34.5824,173.336,4.07942
0.223364,582.797,33.2757,168.522,3.8828
0.513806,526.053,30.3379,153.326,3.92062
-3.11252,531.271,27.0045,140.099,3.48562
-2.07328,565.829,29.8299,153.587,3.60245
1.73332,538.438,32.378,162.234,4.08583
0.126255,551.921,31.4075,159.17,3.87027
1.25198,504.778,29.8582,150.116,4.01936
1.28633,514.072,30.4437,153.023,4.02405
-0.387496,552.131,30.8665,157.003,3.80505
-4.6921,566.56,27.2311,142.935,3.31867
-4.00885,560.782,27.6157,144.22,3.38938
-3.34461,528.124,26.6257,138.369,3.46031
-4.88208,572.012,27.3076,143.54,3.2994
-3.56998,589.227,29.4707,153.409,3.43599
-3.00254,573.388,29.2584,151.669,3.49771
-2.91436,561.904,28.7615,148.997,3.50745
-0.503592,530.813,29.5557,150.461,3.79055
0.235739,533.644,30.4823,154.361,3.8844
-0.702051,586.187,32.4152,165.253,3.76595
-4.79081,531.872,25.4741,133.811,3.30864
0.859373,533.254,31.1207,156.898,3.96637
-0.178229,532.871,30.0063,152.399,3.83141
1.04076,500.506,29.3919,147.992,3.99072
-2.39417,542.402,28.2753,145.923,3.56575
-2.93274,539.941,27.6195,143.1,3.50542
-4.09234,520.012,25.5323,133.422,3.38062
-3.95328,518.651,25.5913,133.593,3.39523
0.211767,504.169,28.7749,145.739,3.8813
0.451129,590.404,33.9757,171.788,3.91241
0.992818,546.579,32.0448,161.404,3.98426
1.88077,541.907,32.751,163.934,4.10654
-2.15875,574.434,30.1931,155.553,3.59262
-3.98518,594.676,29.3094,153.038,3.39187
-4.72399,525.944,25.2502,132.569,3.31543
-4.26055,554.17,27.0474,141.516,3.36307
-4.91496,539.805,25.7398,135.333,3.29609
-2.53638,550.889,28.5748,147.621,3.54967
0.673895,599.162,34.7449,175.4,3.94171
-1.1708,505.592,27.5069,140.704,3.70881
-1.68303,502.455,26.8526,137.866,3.64787
-4.28994,585.791,28.561,149.468,3.36002
-2.25942,534.515,27.996,144.34,3.5811
-0.39096,504.9,28.2228,143.559,3.80462
0.22468,576.996,32.9461,166.85,3.88297
-1.60181,548.309,29.3864,150.786,3.65743
-0.476322,530.827,29.5845,150.578,3.79395
-1.4233,516.335,27.8455,142.696,3.67858
-4.1659,524.463,25.6837,134.287,3.37293
-2.19524,538.318,28.2587,145.626,3.58844
-0.735919,579.729,32.0205,163.28,3.76178
0.189949,551.459,31.4502,159.314,3.87848
-3.32768,510.836,25.7695,133.903,3.46215
1.68877,539.474,32.3909,162.35,4.07961
-4.72958,566.363,27.1853,142.735,3.31486
1.19576,517.677,30.5623,153.717,4.0117
1.20815,562.986,33.2513,167.227,4.01339
0.16164,550.829,31.3836,159.009,3.87483
-2.29209,550.133,28.7811,148.423,3.57737
-1.46941,577.329,31.0849,159.349,3.67309
-3.20224,577.559,29.2646,151.924,3.4758
-1.53454,592.32,31.8197,163.193,3.66537
-2.24041,577.345,30.2594,155.988,3.58327
-4.61862,598.8,28.856,151.382,3.32617
-0.666464,576.486,31.9182,162.677,3.77034
-2.00894,534.531,28.2435,145.35,3.60988
-4.7678,507.012,24.3033,127.64,3.31097
1.50419,535.603,31.9562,160.379,4.05398
-4.94775,520.776,24.8034,130.441,3.29278
-3.03012,561.749,28.6366,148.476,3.49467
0.275321,583.619,33.3824,168.999,3.88952
-2.58132,544.095,28.1779,145.619,3.54461
-3.93957,505.547,24.9568,130.267,3.39668
-4.91911,572.175,27.2793,143.431,3.29567
1.8479,533.572,32.2111,161.269,4.10191
-3.24578,522.132,26.4155,137.177,3.47105
-3.13874,516.544,26.2316,136.115,3.48275
1.96898,589.219,35.7177,178.673,4.119
-3.27482,508.635,25.7064,133.523,3.46789
0.887718,510.304,29.8103,150.261,3.97016
-0.246201,520.747,29.2547,148.654,3.82282
-1.16786,506.279,27.5471,140.906,3.70916
-4.44182,539.913,26.1824,137.175,3.34431
-3.91043,584.271,28.8729,150.676,3.39975
-4.05405,504.412,24.8,129.559,3.38463
-2.15352,570.404,29.9868,154.484,3.59322
-0.219023,552.397,31.0619,157.807,3.82625
1.14997,511.886,30.173,151.808,4.00549
-3.64231,581.314,29.0007,151.043,3.42825
-0.72081,577.874,31.9348,162.825,3.76364
-2.64813,548.582,28.3437,146.547,3.53711
-1.73627,569.934,30.4024,156.152,3.64162
-1.09689,599.044,32.6751,167.051,3.71773
-2.60178,553.509,28.6448,148.054,3.54231
-3.61523,572.125,28.5696,148.768,3.43114
-4.47205,575.763,27.8909,146.159,3.3412
-4.20758,563.039,27.5321,143.995,3.36858
-2.58961,566.967,29.3538,151.705,3.54368
-3.7335,552.861,27.4924,143.284,3.41851
1.74379,516.232,31.0537,155.588,4.0873
-1.6378,512.27,27.4205,140.735,3.65319
-2.59205,510.859,26.4466,136.683,3.5434
-3.13028,529.947,26.9203,139.68,3.48367
-1.13566,562.34,30.6317,156.648,3.71304
1.97628,535.202,32.4513,162.325,4.12004
-0.587048,525.591,29.1805,148.639,3.78017
-2.77723,597.319,30.7221,158.994,3.52268
-2.31116,564.771,29.5271,152.291,3.57519
-3.34319,559.822,28.2251,146.68,3.46046
-2.0639,511.819,26.9914,138.962,3.60354
1.76903,534.569,32.1845,161.225,4.09083
-3.55626,585.216,29.2843,152.423,3.43747
-1.93518,581.703,30.8153,158.501,3.61843
-4.34053,509.894,24.8159,129.917,3.35478
0.206372,587.643,33.5328,169.844,3.8806
-4.08969,562.692,27.6304,144.383,3.3809
-0.781212,567.306,31.2851,159.582,3.75621
1.30213,581.706,34.4677,173.23,4.0262
-2.24736,557.259,29.1996,150.532,3.58247
-1.80411,579.298,30.8287,158.419,3.63368
-2.20235,534.356,28.0437,144.525,3.58762
-2.7517,564.719,29.0714,150.424,3.52553
-0.443919,547.727,30.5606,155.51,3.79799
-4.96299,505.277,24.0522,126.505,3.29125
-3.08438,553.938,28.1846,146.191,3.48871
-2.26308,533.061,27.9163,143.932,3.58068
-4.12493,550.17,26.9818,141.031,3.37721
0.190448,511.571,29.1758,147.793,3.87854
-0.0806678,577.706,32.6408,165.665,3.8438
-3.53746,534.85,26.7818,139.378,3.43949
-2.16343,565.819,29.7354,153.2,3.59209
-0.136501,568.645,32.0669,162.817,3.8367
1.43505,569.545,33.9011,170.223,4.04444
0.772374,536.596,31.2223,157.507,3.95478
-0.607949,588.587,32.6543,166.359,3.77758
-0.539795,545.915,30.3585,154.588,3.78604
-1.87386,526.329,27.9417,143.656,3.62555
0.268218,595.58,34.0582,172.429,3.8886
-1.08337,591.215,32.2632,164.929,3.71936
-1.91863,515.452,27.3215,140.513,3.62035
-0.679443,574.982,31.8206,162.195,3.76874
-1.84492,520.836,27.6781,142.271,3.62892
-0.170697,533.089,30.0263,152.493,3.83237
-0.657663,563.848,31.228,159.149,3.77143
-3.20652,566.778,28.714,149.071,3.47533
-1.02914,557.808,30.4976,155.843,3.72594
-3.98556,573.601,28.2703,147.613,3.39183
-2.35138,564.763,29.4851,152.119,3.57061
-1.43009,570.997,30.7861,157.773,3.67777
-4.14539,522.396,25.6011,133.834,3.37507
-4.55914,598.019,28.8795,151.438,3.33226
-1.55923,587.717,31.5453,161.814,3.66245
-4.68532,564.298,27.1289,142.392,3.31936
-0.436093,548.853,30.6317,155.863,3.79897
1.44596,558.296,33.2439,166.91,4.04594
-4.6168,542.382,26.1389,137.126,3.32636
-1.39143,503.496,27.1833,139.27,3.68237
0.460179,506.071,29.1317,147.286,3.91359
-0.626604,547.129,30.3346,154.562,3.77527
-1.00512,545.838,29.8681,152.599,3.72885
1.29613,564.958,33.4685,168.215,4.02538
0.52481,530.176,30.5872,154.574,3.92206
0.493238,573.105,33.028,166.946,3.91792
1.38832,536.733,31.8969,160.212,4.03802
-4.0099,543.221,26.7499,139.699,3.38927
0.430874,544.545,31.3148,158.357,3.90976
-4.74476,507.747,24.3585,127.908,3.31331
-2.30899,524.547,27.4262,141.453,3.57544
-1.77857,550.545,29.3247,150.663,3.63667
-3.85432,532.739,26.3787,137.603,3.40568
1.89168,541.748,32.7536,163.934,4.10808
-1.33634,594.219,32.143,164.615,3.68894
-2.67278,593.263,30.6257,158.374,3.53435
-4.64226,530.193,25.5284,133.948,3.32375
-1.16359,547.367,29.7872,152.36,3.70968
-4.50348,571.236,27.6408,144.882,3.33797
1.37217,585.478,34.7745,174.686,4.0358
-1.0231,537.627,29.4004,150.229,3.72667
1.48775,535.218,31.9153,160.192,4.05171
-2.62797,587.308,30.366,156.98,3.53937
0.00204145,582.147,32.9858,167.317,3.85435
1.05745,511.909,30.0788,151.433,3.99297
1.04197,507.164,29.7841,149.966,3.99088
-0.217141,552.693,31.0806,157.9,3.82649
0.685264,567.324,32.9115,166.131,3.94322
-3.72561,532.273,26.476,137.979,3.41935
-0.581813,599.874,33.3107,169.671,3.78082
-3.90314,565.33,27.9441,145.821,3.40052
-1.23693,513.198,27.8565,142.56,3.70085
-2.81609,544.193,27.9514,144.697,3.51835
-0.360752,500.688,28.0166,142.48,3.80841
-4.77219,549.319,26.3272,138.273,3.31053
-1.9697,528.552,27.9658,143.881,3.61442
-2.17373,582.667,30.6098,157.717,3.5909
-0.627834,503.23,27.8995,142.156,3.77512
-4.87154,537.193,25.655,134.843,3.30047
-4.37529,511.096,24.8437,130.097,3.35118
-1.86189,573.991,30.4847,156.717,3.62695
-0.772568,544.892,30.0581,153.313,3.75727
-2.79569,549.745,28.2568,146.256,3.52062
-4.3998,525.471,25.5202,133.663,3.34865
-3.93185,584.158,28.8454,150.556,3.39749
0.452201,576.889,33.1991,167.86,3.91255
-3.07466,559.027,28.4532,147.574,3.48977
-3.95224,590.482,29.1367,152.099,3.39534
0.176043,575.395,32.7996,166.166,3.87669
0.892743,533.405,31.1652,157.085,3.97083
0.489627,564.375,32.5209,164.387,3.91745
-2.02352,598.396,31.6018,162.651,3.6082
1.68358,511.722,30.7192,153.977,4.07889
-4.70588,531.339,25.5257,133.997,3.31727
1.01106,579.424,33.9917,171.189,3.98671
-0.415356,537.531,30.0214,152.735,3.80156
-4.15982,502.831,24.6297,128.77,3.37356
-3.94255,511.82,25.2638,131.873,3.39636
-3.7069,515.298,25.6486,133.648,3.42135
-0.580999,542.877,30.1465,153.553,3.78092
-0.33922,569.541,31.8931,162.169,3.81111
-0.234525,550.564,30.9423,157.216,3.8243
0.450598,538.546,30.9908,156.697,3.91234
0.0976271,583.692,33.1826,168.2,3.8666
-1.30067,566.666,30.6907,157.136,3.69321
-2.75314,521.297,26.8347,138.852,3.52537
-4.93352,519.824,24.7707,130.255,3.29421
-1.95492,574.113,30.3922,156.347,3.61614
-2.81041,547.399,28.1217,145.572,3.51899
-3.62779,506.331,25.2729,131.614,3.4298
1.63202,517.711,31.024,155.561,4.0717
0.9168,581.243,33.9883,171.286,3.97405
-4.99958,555.884,26.4267,139.032,3.28757
-3.92985,581.155,28.6992,149.791,3.3977
-3.86882,514.195,25.4474,132.759,3.40415
0.827463,580.466,33.8389,170.64,3.96211
-3.66984,524.23,26.1274,136.106,3.4253
1.31976,513.097,30.4208,152.872,4.02862
-1.19661,596.882,32.4445,165.991,3.7057
-0.869085,541.985,29.7977,152.091,3.74543
-0.251877,594.629,33.3987,169.719,3.82211
-1.86527,578.787,30.7358,158.012,3.62655
1.2515,539.579,31.9162,160.464,4.01929
-3.61633,500.241,24.9791,130.072,3.43103
0.337379,558.412,32.009,161.975,3.89758
0.375959,555.94,31.9097,161.428,3.9026
-0.615938,542.514,30.0899,153.303,3.77659
0.709796,558.466,32.425,163.647,3.94647
-3.7035,505.53,25.1655,131.127,3.42171
-4.06381,557.106,27.3813,143.054,3.38361
-1.34439,596.09,32.2351,165.096,3.68798
1.08266,584.124,34.3517,172.914,3.99637
-4.32888,553.659,26.957,141.115,3.35598
-0.802008,548.026,30.2001,154.07,3.75365
-3.36739,573.717,28.901,150.219,3.45784
-0.315218,523.116,29.3177,149.048,3.81413
-1.84245,510.038,27.1066,139.331,3.62921
-1.70156,528.435,28.2228,144.921,3.64569
-4.70986,592.559,28.4627,149.42,3.31686
-4.70034,581.349,27.9337,146.632,3.31783
0.5971,507.912,29.3757,148.376,3.93157
1.00979,521.758,30.6074,154.146,3.98654
-1.76266,563.594,30.0365,154.302,3.63853
0.366903,592.349,33.9889,171.957,3.90142
1.9675,570.348,34.572,172.944,4.1188
-3.4975,581.919,29.1799,151.814,3.44379
-1.26498,538.773,29.2163,149.549,3.69749
-2.25888,529.035,27.7095,142.862,3.58116
-4.21966,570.625,27.8911,145.886,3.36732
-2.99456,534.779,27.2959,141.488,3.49859
-4.39366,568.614,27.6215,144.663,3.34928
-1.26801,564.875,30.6284,156.781,3.69712
-0.721277,546.066,30.1765,153.861,3.76358
-0.844199,505.125,27.7952,141.845,3.74848
-3.60496,509.143,25.4338,132.429,3.43224
0.443769,554.327,31.8915,161.258,3.91145
-0.545855,565.006,31.4136,159.967,3.78529
0.672797,599.428,34.759,175.473,3.94157
1.90276,527.19,31.8855,159.577,4.10964
-2.47389,576.679,29.9782,154.801,3.55672
0.180556,595.198,33.9337,171.906,3.87727
1.00691,575.471,33.755,170.001,3.98616
-2.56349,550.87,28.5466,147.505,3.54662
-1.68155,543.578,29.0519,149.156,3.64804
-3.69712,511.033,25.4451,132.578,3.42239
-3.22229,580.054,29.3702,152.495,3.47361
-2.76033,523.017,26.9165,139.282,3.52456
1.87484,535.092,32.3326,161.846,4.1057
1.28511,558.452,33.0706,166.228,4.02388
-2.23278,525.769,27.5637,142.083,3.58414
-4.26625,578.993,28.2533,147.832,3.36248
0.069877,517.022,29.3644,148.875,3.86303
1.00489,561.421,32.9286,165.842,3.98588
-0.54711,569.052,31.6372,161.107,3.78513
-4.92989,561.737,26.7714,140.772,3.29458
-3.68251,535.374,26.6709,138.95,3.42395
-4.24124,511.692,24.9913,130.74,3.36508
-1.09723,549.039,29.9472,153.105,3.71769
-0.226396,546.008,30.6949,155.95,3.82532
-4.7333,578.949,27.7857,145.891,3.31448
-4.59095,513.61,24.7751,129.946,3.329
-4.97969,543.604,25.8612,136.037,3.28957
1.91044,504.059,30.4945,152.607,4.11073
-4.94742,519.625,24.7489,130.154,3.29281
-0.771442,508.589,28.0565,143.103,3.75741
0.108354,551.51,31.3647,158.973,3.86797
-3.80771,516.667,25.6252,133.625,3.41063
0.676284,526.861,30.5547,154.244,3.94203
0.303074,505.909,28.9652,146.608,3.89312
-3.84963,504.388,24.9791,130.297,3.40618
-4.92377,554.492,26.4319,138.98,3.2952
-0.0708215,581.863,32.8868,166.901,3.84505
-0.357749,528.026,29.5494,150.272,3.80878
-1.41996,599.182,32.3172,165.607,3.67897
-3.28881,570.459,28.8167,149.694,3.46637
1.71943,523.225,31.4482,157.591,4.08389
-4.51894,586.875,28.3819,148.784,3.33638
-1.77066,554.772,29.5581,151.853,3.63759
-0.0836589,596.455,33.6966,171.027,3.84342
-1.7338,534.119,28.4943,146.349,3.64191
0.181409,510.337,29.0964,147.4,3.87738
0.732334,532.395,30.9353,156.103,3.94946
-0.916049,528.035,28.9835,147.985,3.7397
-4.64082,581.372,27.9941,146.884,3.3239
-0.347679,553.624,30.9927,157.6,3.81005
-3.4376,599.539,30.127,156.673,3.45024
-4.95605,573.479,27.3055,143.608,3.29195
-0.21113,536.022,30.1494,153.162,3.82725
-0.83558,517.211,28.4687,145.273,3.74954
1.95346,553.841,33.5553,167.875,4.11681
1.76213,549.169,33.0557,165.597,4.08987
-0.53013,574.679,31.9688,162.776,3.78724
0.974797,585.458,34.303,172.801,3.98184
-2.65345,527.552,27.252,140.908,3.53651
0.284995,591.231,33.8291,171.249,3.89078
-3.69316,584.464,29.1054,151.645,3.42281
-3.05481,526.068,26.7944,138.95,3.49196
0.412484,598.91,34.4193,174.079,3.90736
0.168381,589.355,33.5865,170.162,3.8757
-1.78832,580.215,30.8946,158.74,3.63553
-2.46798,530.792,27.5985,142.507,3.55739
-1.39742,548.539,29.6089,151.704,3.68166
-1.49757,524.982,28.2387,144.788,3.66975
-1.39789,508.293,27.4361,140.572,3.6816
-2.24006,537.828,28.1887,145.312,3.58331
-0.36197,530.953,29.7089,151.087,3.80825
-0.70029,590.056,32.6312,166.351,3.76617
1.39565,548.135,32.5827,163.648,4.03902
-1.40344,523.71,28.2628,144.813,3.68094
-2.28297,507.265,26.5468,136.891,3.57841
1.4935,579.111,34.5394,173.357,4.0525
-1.70574,594.906,31.7683,163.131,3.6452
0.157385,584.866,33.318,168.815,3.87428
1.74004,504.356,30.3354,151.993,4.08677
-0.985756,567.661,31.0832,158.785,3.73121
-1.25528,519.712,28.1921,144.297,3.69865
-4.16357,564.78,27.6603,144.619,3.37317
-2.86935,518.905,26.6026,137.768,3.51244
-2.28056,567.055,29.6784,153.037,3.57868
-0.524305,595.795,33.1502,168.784,3.78797
-3.78318,506.159,25.1258,130.998,3.41323
-4.80589,520.638,24.9226,130.929,3.30711
-0.712036,571.782,31.6077,161.147,3.76472
-0.32856,520.072,29.1337,148.127,3.81245
1.33324,524.027,31.0832,156.185,4.03046
0.309522,584.065,33.4474,169.287,3.89396
-0.885122,504.316,27.7113,141.458,3.74347
-0.950428,573.886,31.4626,160.683,3.73551
0.485109,567.683,32.7064,165.33,3.91686
-4.46528,548.69,26.5859,139.313,3.3419
-3.16623,585.308,29.6949,154.117,3.47974
-1.87669,573.381,30.4366,156.486,3.62522
-1.35492,580.605,31.3862,160.761,3.68672
-4.54808,590.596,28.5322,149.604,3.33339
1.78378,553.314,33.3299,166.945,4.0929
-1.96342,573.19,30.3344,156.059,3.61515
-0.727248,549.968,30.3858,154.935,3.76284
-4.00796,598.674,29.4826,153.969,3.38947
-2.17593,577.108,30.3154,156.203,3.59065
-4.85628,569.142,27.1956,142.924,3.30201
1.93312,572.868,34.684,173.546,4.11393
0.145989,590.822,33.6441,170.481,3.87281
-4.88874,581.359,27.7472,145.858,3.29873
1.77012,511.659,30.8063,154.32,4.09099
-4.69261,502.734,24.1629,126.831,3.31862
-4.96018,567.354,27.0098,142.058,3.29153
-3.17296,500.573,25.3899,131.781,3.479
-2.78109,526.872,27.0951,140.228,3.52225
1.09232,505.021,29.7095,149.537,3.99768
-3.6427,564.082,28.1407,146.564,3.4282
-3.18541,583.498,29.5831,153.559,3.47764
-4.13269,597.728,29.3061,153.188,3.3764
-2.51121,532.81,27.6614,142.877,3.55251
-2.41104,560.658,29.2096,150.763,3.56384
0.185828,545.047,31.0801,157.444,3.87795
-2.15654,525.533,27.6249,142.32,3.59288
1.53193,510.908,30.5118,153.1,4.05781
-3.60011,548.264,27.3928,142.624,3.43276
0.548277,590.889,34.1175,172.386,3.92515
-3.49339,506.696,25.4115,132.204,3.44423
1.47976,513.119,30.5891,153.545,4.0506
-3.79878,578.954,28.7235,149.772,3.41157
-0.93751,598.615,32.833,167.666,3.73708
-0.388895,522.072,29.1847,148.45,3.80488
1.29777,582.657,34.5189,173.493,4.02561
1.95933,583.747,35.3743,176.968,4.11764
1.4746,571.696,34.0752,171.049,4.04989
-0.622404,527.653,29.2591,149.077,3.77579
0.580031,504.518,29.1623,147.316,3.92932
1.68375,581.054,34.8814,174.839,4.07891
1.47056,587.54,35.0147,175.77,4.04934
-3.90177,580.586,28.6996,149.762,3.40067
-2.4888,593.939,30.8592,159.368,3.55504
-4.47103,552.521,26.7661,140.263,3.34131
-2.53812,591.579,30.6835,158.517,3.54947
-4.25676,526.772,25.7137,134.534,3.36347
-2.91101,504.707,25.8369,133.843,3.50782
1.16009,565.15,33.3242,167.65,4.00686
0.317078,587.159,33.6333,170.219,3.89494
-2.48709,534.239,27.7591,143.356,3.55523
1.25366,516.596,30.559,153.638,4.01959
-1.30237,562.624,30.4699,156.008,3.69301
0.268717,526.13,30.0873,152.325,3.88867
-1.49972,539.086,28.9952,148.669,3.6695
-2.24894,568.913,29.8086,153.673,3.58229
1.50978,521.738,31.1349,156.251,4.05475
-4.20874,530.968,25.9627,135.789,3.36846
1.00877,580.281,34.0393,171.431,3.9864
-0.20179,557.283,31.3554,159.278,3.82843
1.7282,579.149,34.8199,174.477,4.08512
-0.281695,567.182,31.8242,161.752,3.81835
1.02905,537.456,31.5491,158.867,3.98914
-3.0079,519.686,26.5131,137.444,3.49712
-4.93328,505.368,24.082,126.634,3.29424
-4.52251,533.512,25.7979,135.242,3.33601
-3.16047,547.856,27.8004,144.279,3.48037
-0.799069,561.344,30.9372,157.828,3.75401
0.695054,536.962,31.1607,157.282,3.94451
-4.78881,599.316,28.7063,150.788,3.30884
0.293911,572.904,32.7905,165.981,3.89193
-3.41739,502.134,25.2505,131.293,3.45243
0.431392,503.694,28.9661,146.479,3.90983
1.59694,502.497,30.0762,150.846,4.06683
-4.38077,510.87,24.8278,130.019,3.35061
-0.875321,595.725,32.7452,167.143,3.74467
-4.1182,534.168,26.2033,136.955,3.37791
0.143338,569.41,32.4218,164.291,3.87247
1.40036,538.46,32.0128,160.781,4.03967
-1.05694,549.93,30.0379,153.524,3.72257
-3.63016,547.559,27.3284,142.321,3.42955
0.363016,521.706,29.9314,151.434,3.90091
-0.423394,506.519,28.2815,143.891,3.80056
-4.45026,543.429,26.345,138.035,3.34344
-1.67925,547.086,29.2417,150.128,3.64831
-3.47262,560.605,28.1358,146.355,3.44647
-3.47817,508.159,25.4986,132.643,3.44587
-0.800885,539.595,29.7366,151.705,3.75379
-3.58735,513.856,25.6852,133.721,3.43413
-4.28706,576.9,28.1303,147.211,3.36032
-4.88548,573.143,27.3583,143.81,3.29906
0.350566,508.166,29.1421,147.454,3.89929
1.7167,594.109,35.7054,178.928,4.08351
0.427315,515.646,29.6493,149.938,3.9093
0.324784,532.805,30.5279,154.494,3.89594
1.86841,549.192,33.1773,166.082,4.1048
-0.419039,518.116,28.9334,147.203,3.8011
-0.556544,556.66,30.9381,157.558,3.78396
-2.7855,599.629,30.8319,159.572,3.52176
-2.33908,577.924,30.1852,155.717,3.57201
-0.495031,512.227,28.5293,145.227,3.79162
-4.56198,505.13,24.3912,127.905,3.33197
0.689435,528.826,30.6826,154.875,3.94377
-4.81228,527.432,25.2421,132.614,3.30646
-1.81431,547.822,29.1433,149.769,3.63249
-0.468775,567.499,31.6366,161.014,3.79489
1.68017,520.798,31.2604,156.693,4.07841
-2.67401,551.591,28.4732,147.245,3.53421
0.35593,536.972,30.7997,155.835,3.89999
1.14193,513.935,30.2854,152.382,4.0044
-4.59345,506.364,24.4234,128.104,3.32874
-1.67402,567.572,30.3422,155.772,3.64893
-1.45695,520.11,28.0162,143.605,3.67457
-3.60889,505.229,25.2347,131.396,3.43182
-1.06527,532.673,29.0868,148.672,3.72156
0.108035,519.632,29.5514,149.783,3.86793
-3.6325,551.629,27.5293,143.369,3.4293
-1.46678,586.495,31.5813,161.891,3.67341
0.558347,589.231,34.0335,171.95,3.92647
-4.70271,584.632,28.0891,147.45,3.31759
-3.68603,515.82,25.6936,133.862,3.42358
-0.522116,544.152,30.279,154.163,3.78824
0.952549,574.038,33.6082,169.327,3.97885
0.478237,532.663,30.6815,155.102,3.91596
-4.51426,516.386,24.9771,130.93,3.33686
-4.36438,585.87,28.4894,149.175,3.35231
1.53739,560.724,33.493,168.053,4.05857
-2.6585,545.444,28.1712,145.667,3.53595
-3.9818,561.704,27.6876,144.567,3.39223
-3.1769,598.856,30.3708,157.638,3.47857
0.329658,587.584,33.6722,170.401,3.89657
-1.52213,580.751,31.2117,160.06,3.66684
-1.10332,514.276,28.0451,143.387,3.71695
-0.445834,523.043,29.1814,148.494,3.79775
-4.38953,539.794,26.2254,137.346,3.34971
-2.40201,539.448,28.1135,145.096,3.56486
-2.91902,502.529,25.7181,133.236,3.50693
-1.92873,584.863,30.9896,159.39,3.61917
-1.84951,576.449,30.6285,157.442,3.62839
-2.75846,547.542,28.1805,145.821,3.52477
-0.644926,551.883,30.5788,155.827,3.773
1.23253,533.163,31.5162,158.474,4.01671
-3.4658,550.465,27.6336,143.735,3.4472
0.326781,540.071,30.9464,156.609,3.8962
-1.09151,521.25,28.4371,145.379,3.71838
-1.69502,514.179,27.4677,141.037,3.64646
-1.55794,545.11,29.2597,150.089,3.66261
0.312128,525.248,30.0818,152.25,3.8943
-4.30159,571.18,27.8371,145.692,3.35881
-0.328262,508.449,28.4829,144.817,3.81249
-0.18996,514.846,28.9795,147.197,3.82993
-3.96166,596.209,29.4094,153.534,3.39435
0.482921,521.423,30.0389,151.849,3.91657
-0.907588,523.633,28.7503,146.786,3.74073
-2.92765,586.042,29.983,155.34,3.50598
-1.09509,583.689,31.8395,162.777,3.71795
0.973033,536.353,31.4239,158.299,3.9816
-4.50481,551.008,26.6607,139.746,3.33783
-0.573285,586.225,32.5624,165.85,3.78188
-0.395705,504.653,28.2043,143.47,3.80402
-3.10933,588.972,29.9408,155.328,3.48597
1.87991,513.231,31.017,155.255,4.10642
-3.39387,520.038,26.1725,136.063,3.45497
-4.65243,586.139,28.2119,148.04,3.32272
-0.70872,512.827,28.352,144.545,3.76513
0.580407,570.268,32.9632,166.516,3.92937
-3.24183,512.239,25.9187,134.593,3.47148
-0.159724,564.049,31.7822,161.398,3.83376
0.562335,506.785,29.2755,147.906,3.927
-4.80838,560.309,26.8193,140.896,3.30686
0.374711,546.196,31.3491,158.593,3.90244
1.1877,518.475,30.6009,153.92,4.01061
-2.21276,547.577,28.7271,148.058,3.58643
-0.839556,530.82,29.2138,149.079,3.74905
1.12233,553.223,32.5787,163.944,4.00174
0.488898,596.611,34.3775,173.773,3.91735
0.0113583,597.266,33.8534,171.706,3.85554
-3.25718,552.923,27.9621,145.221,3.46981
-4.21633,595.657,29.118,152.3,3.36767
-0.35499,542.732,30.3753,154.468,3.80913
-4.00237,560.871,27.6264,144.269,3.39006
-4.35759,554.576,26.9741,141.234,3.35301
0.820549,517.053,30.135,151.97,3.96119
-1.45001,586.382,31.5937,161.934,3.6754
0.00723274,542.622,30.7518,155.979,3.85501
1.72144,506.94,30.4715,152.694,4.08417
-2.16195,582.096,30.5924,157.614,3.59226
-0.892029,590.373,32.4322,165.565,3.74263
1.71433,522.038,31.3714,157.212,4.08318
-2.31566,524.697,27.4277,141.467,3.57468
0.430154,576.993,33.18,167.79,3.90967
-3.94533,554.967,27.3909,142.979,3.39607
-3.75003,520.008,25.8436,134.707,3.41675
-4.18182,503.803,24.658,128.939,3.37127
-2.74668,536.483,27.6227,142.922,3.52609
-4.47416,566.807,27.4551,143.877,3.34098
-3.68116,531.788,26.4935,138.025,3.4241
1.16615,563.056,33.2076,167.057,4.00768
-0.692256,502.162,27.7782,141.603,3.76716
-1.87639,569.62,30.2373,155.461,3.62526
1.09115,597.15,35.1279,176.811,3.99752
-4.75669,583.186,27.9658,146.862,3.3121
-2.8603,585.464,30.0245,155.479,3.51344
1.0336,599.052,35.1703,177.096,3.98975
-4.91125,560.356,26.7233,140.5,3.29646
-3.86609,549.897,27.217,141.987,3.40444
-1.33664,595.167,32.1939,164.876,3.68891
0.0872331,523.938,29.775,150.938,3.86526
-3.97106,533.672,26.3159,137.393,3.39336
1.86724,593.501,35.8526,179.476,4.10463
1.80606,597.472,36.0172,180.377,4.09603
-4.87106,518.06,24.7417,130.042,3.30052
0.0119874,547.243,31.0187,157.328,3.85562
-1.75221,591.425,31.5312,161.968,3.63975
-0.193832,580.591,32.6758,165.976,3.82944
0.342508,528.287,30.2875,153.258,3.89824
-0.828181,585.705,32.2472,164.545,3.75044
-2.93168,510.136,26.0958,135.205,3.50553
0.201258,516.711,29.48,149.322,3.87994
1.9699,513.015,31.0993,155.569,4.11914
1.43709,559.121,33.2829,167.116,4.04472
-4.44598,586.247,28.4251,148.929,3.34389
-2.81927,576.797,29.6227,153.352,3.518
-2.46194,533.535,27.747,143.267,3.55807
-2.02788,548.04,28.938,148.945,3.60769
-3.7258,551.641,27.4392,142.998,3.41933
0.118142,520.701,29.6226,150.133,3.86923
0.159767,539.908,30.7594,155.848,3.87459
-2.97053,579.447,29.6009,153.409,3.50124
-0.46649,589.277,32.8532,167.203,3.79517
-3.82075,534.072,26.4762,138.077,3.40924
0.805889,534.184,31.1178,156.943,3.95924
-1.26682,519.379,28.1628,144.158,3.69727
-1.21996,516.344,28.0439,143.501,3.70289
1.16508,527.183,31.0907,156.409,4.00754
-0.0010441,504.423,28.5787,144.966,3.85395
1.49594,576.827,34.4061,172.685,4.05284
-2.71552,514.463,26.518,137.175,3.52957
-4.28163,572.136,27.9034,146.018,3.36088
-0.588058,586.711,32.5727,165.92,3.78005
-1.04586,556.938,30.4323,155.528,3.72391
-0.093405,547.739,30.934,157.016,3.84218
-0.983264,560.271,30.6811,156.729,3.73151
0.0879026,508.38,28.8915,146.459,3.86535
-1.05318,567.103,30.9799,158.335,3.72302
-2.68086,556.996,28.7453,148.659,3.53344
-0.421484,583.819,32.5997,165.859,3.8008
-1.28831,543.609,29.4545,150.794,3.69469
-4.33562,523.608,25.4878,133.43,3.35528
-1.57724,590.749,31.6881,162.568,3.66033
-1.17362,587.808,31.9768,163.571,3.70847
-4.19413,551.497,26.9806,141.097,3.36998
-0.790547,577.601,31.8425,162.436,3.75506
-3.64399,546.969,27.2857,142.113,3.42807
-2.79112,581.636,29.9008,154.76,3.52113
1.45334,536.983,31.9829,160.57,4.04696
-2.17661,541.821,28.4611,146.649,3.59057
0.256514,580.923,33.2067,168.132,3.88708
-1.61564,551.102,29.5219,151.497,3.6558
-3.08387,539.967,27.4742,142.505,3.48876
-4.22918,555.807,27.1576,142.06,3.36633
-4.22967,566.085,27.6593,144.684,3.36628
0.515856,522.628,30.1425,152.336,3.92089
-1.46586,515.538,27.7614,142.308,3.67352
0.507014,564.56,32.551,164.519,3.91973
-1.33511,517.759,28.0083,143.438,3.68909
-0.2337,584.447,32.8475,166.896,3.8244
0.101577,599.972,34.1128,172.911,3.8671
-4.00192,553.365,27.2571,142.34,3.39011
-2.74311,531.487,27.3689,141.606,3.52648
1.62325,576.415,34.5315,173.159,4.07048
0.707216,584.187,33.9154,171.172,3.94613
-2.92744,565.198,28.9168,149.816,3.506
-2.82115,592.037,30.4034,157.396,3.51779
-4.29365,536.487,26.1537,136.873,3.35964
1.53885,578.973,34.5848,173.529,4.05877
1.84223,533.798,32.2185,161.312,4.10111
-2.13065,585.713,30.8163,158.731,3.59585
0.0355576,521.541,29.5859,150.035,3.85864
-4.81932,586.158,28.0456,147.35,3.30575
-1.0253,542.209,29.6487,151.501,3.7264
0.74908,500.131,29.0773,146.71,3.95168
-2.22863,508.54,26.6643,137.443,3.58462
-1.80588,505.073,26.877,138.114,3.63348
-0.980567,503.666,27.584,140.905,3.73184
-0.474815,504.891,28.1404,143.226,3.79414
-4.97164,559.647,26.6321,140.083,3.29038
-2.39538,566.048,29.5067,152.279,3.56562
-1.12926,524.759,28.591,146.205,3.71382
-4.79243,549.109,26.2981,138.142,3.30848
-0.482157,523.738,29.1834,148.543,3.79322
-0.733444,538.32,29.7359,151.628,3.76208
-4.40935,577.282,28.0269,146.803,3.34766
-4.04843,529.066,26.0173,135.912,3.38522
-2.96469,571.664,29.2093,151.373,3.50189
-2.24166,578.143,30.3,156.198,3.58313
-0.85081,510.056,28.0601,143.203,3.74767
-1.85429,576.95,30.65,157.558,3.62783
-4.01474,511.925,25.2045,131.633,3.38876
-2.96321,537.914,27.4862,142.442,3.50205
1.40542,542.806,32.2768,162.1,4.04036
-3.35709,599.003,30.1858,156.885,3.45896
1.57893,575.245,34.4093,172.6,4.06433
-2.14114,558.464,29.3718,151.302,3.59465
-3.8414,504.45,24.9894,130.343,3.40705
1.91755,520.513,31.4975,157.619,4.11173
-4.74498,580.119,27.8303,146.138,3.31329
-0.534446,547.633,30.4597,155.097,3.78671
-4.64904,569.373,27.4082,143.819,3.32306
1.64035,500.201,29.9833,150.334,4.07286
-0.077487,581.499,32.8587,166.767,3.84421
-0.797564,521.941,28.767,146.755,3.7542
-3.33431,535.075,26.9859,140.231,3.46143
-3.85199,509.452,25.2278,131.596,3.40593
-1.10236,593.013,32.34,165.344,3.71707
-3.14913,508.62,25.8198,133.989,3.48161
-1.16323,548.048,29.8246,152.551,3.70972
-3.44508,503.439,25.2913,131.532,3.44944
-4.58013,552.156,26.6447,139.741,3.33011
-4.4728,590.904,28.6236,149.999,3.34112
-3.9394,500.693,24.7174,129.017,3.39669
-1.8348,526.033,27.9642,143.731,3.6301
-2.45498,584.266,30.3927,156.92,3.55886
-4.48611,565.861,27.3976,143.589,3.33976
-3.33729,596.287,30.0699,156.26,3.4611
-3.05898,501.513,25.54,132.449,3.4915
-1.0844,511.322,27.9024,142.638,3.71924
-3.55902,500.108,25.0231,130.246,3.43717
-0.302946,580.668,32.557,165.502,3.81567
1.62881,528.821,31.6863,158.885,4.07126
-2.58105,574.516,29.7536,153.761,3.54464
-0.711035,594.689,32.8751,167.608,3.76484
-2.47195,590.645,30.7063,158.558,3.55694
-4.55145,580.495,28.0409,147.032,3.33305
-3.66346,534.486,26.6446,138.793,3.42599
-0.805233,536.796,29.5779,150.9,3.75326
-3.18224,589.425,29.8869,155.132,3.47799
-3.94213,523.878,25.8594,134.981,3.3964
-1.25539,599.024,32.4944,166.317,3.69864
-2.2347,509.824,26.7259,137.767,3.58392
1.18074,562.513,33.1922,166.962,4.00966
-4.68795,579.572,27.8606,146.235,3.31909
0.828214,570.041,33.232,167.579,3.96221
-4.64848,569.001,27.3909,143.727,3.32312
-0.710302,594.512,32.8662,167.561,3.76493
1.62393,528.207,31.6442,158.68,4.07058
-3.51756,506.723,25.3912,132.122,3.44163
-2.27219,562.208,29.4333,151.764,3.57964
-2.85115,569.312,29.2056,151.228,3.51446
-4.85177,515.549,24.6387,129.482,3.30247
-0.928919,524.723,28.7888,147.005,3.73813
0.0229526,519.618,29.464,149.431,3.85702
-4.01755,507.24,24.9713,130.418,3.38846
-2.64152,509.344,26.3225,136.09,3.53785
-2.43642,557.042,28.9954,149.685,3.56096
-4.04623,525.107,25.8246,134.904,3.38545
-1.32431,563.948,30.5183,156.281,3.69038
0.222422,593.884,33.9077,171.723,3.88267
-2.20942,563.197,29.55,152.296,3.58681
-1.78003,536.474,28.5738,146.806,3.6365
-4.70527,520.725,25.0163,131.323,3.31733
-0.933652,530.323,29.0913,148.554,3.73755
-2.34342,522.254,27.2734,140.7,3.57152
-3.95783,554.717,27.3664,142.864,3.39475
-0.230889,591.353,33.2388,168.881,3.82475
-3.46542,512.959,25.7511,133.943,3.44724
-1.81864,545.915,29.0374,149.23,3.63199
-3.1299,511.79,25.9983,134.896,3.48371
1.12336,525.779,30.9636,155.815,4.00188
-4.73767,564.634,27.0945,142.266,3.31403
0.35941,506.712,29.0675,147.067,3.90044
-1.66822,551.19,29.4724,151.301,3.64961
0.988034,571.592,33.5057,168.769,3.98362
-1.69842,592.939,31.6714,162.625,3.64606
-1.04985,539.6,29.4809,150.67,3.72342
-2.3424,523.262,27.3271,140.976,3.57164
0.0400973,500.218,28.3807,143.919,3.85922
-1.30666,533.135,28.8686,147.814,3.69249
-3.29979,565.356,28.5479,148.31,3.46517
-3.24318,564.689,28.5712,148.369,3.47134
-0.632225,561.186,31.1079,158.509,3.77458
-3.18405,558.696,28.3269,147.037,3.47779
-1.19038,517.09,28.1133,143.826,3.70645
-0.139427,570.086,32.1449,163.216,3.83633
-2.39855,581.118,30.2889,156.319,3.56526
-1.50172,513.72,27.6289,141.666,3.66926
-2.92569,511.006,26.1458,135.458,3.5062
0.22944,563.141,32.1602,162.865,3.88358
-0.0831088,524.435,29.6285,150.378,3.84349
-4.55252,570.072,27.5363,144.387,3.33294
-0.735197,502.531,27.7573,141.54,3.76186
-4.50829,567.213,27.4414,143.842,3.33748
-4.38314,587.446,28.547,149.498,3.35037
-3.33104,572.536,28.8786,150.062,3.46178
-4.03009,543.934,26.7658,139.804,3.38715
0.658584,529.202,30.6719,154.855,3.93969
-1.90573,579.523,30.7314,158.036,3.62185
1.40481,599.781,35.6639,179.112,4.04028
-2.61281,550.84,28.4956,147.295,3.54107
-2.62122,524.036,27.101,140.095,3.54013
-3.7318,514.898,25.6062,133.452,3.4187
-4.03572,565.594,27.8261,145.348,3.38656
-4.52341,552.968,26.7378,140.17,3.33592
0.901092,506.246,29.5868,149.121,3.97195
-4.13762,550.461,26.9839,141.055,3.37588
1.2133,565.996,33.4349,168.145,4.01409
0.432385,512.626,29.4808,149.081,3.90996
1.66813,546.718,32.8027,164.438,4.07673
-2.44813,557.802,29.0231,149.841,3.55964
-2.28769,528.53,27.6552,142.612,3.57787
0.055444,534.271,30.3289,153.781,3.86118
1.83239,576.699,34.7962,174.23,4.09973
-2.62587,505.705,26.1488,135.177,3.53961
-1.51612,569.869,30.6333,157.087,3.66756
0.784172,508.037,29.5726,149.172,3.95634
0.14462,563.649,32.0952,162.634,3.87264
1.16829,553.308,32.6351,164.174,4.00797
-0.432107,530.627,29.6186,150.704,3.79947
1.15904,574.315,33.8634,170.364,4.00672
0.67825,563.553,32.6849,164.996,3.94229
-3.7018,569.67,28.3601,147.771,3.42189
-4.76985,559.005,26.7936,140.721,3.31077
0.854095,580.573,33.8761,170.796,3.96567
-3.67937,592.843,29.5371,153.879,3.42429
0.113878,503.884,28.6616,145.267,3.86868
-0.317278,522.264,29.2679,148.797,3.81387
-3.48982,553.048,27.7396,144.313,3.44461
-1.38553,506.557,27.3542,140.139,3.68307
-2.78367,519.745,26.7261,138.321,3.52196
-3.87547,555.805,27.5002,143.475,3.40345
-2.12854,540.394,28.434,146.458,3.59609
-4.65537,515.752,24.8215,130.252,3.32242
1.4622,529.393,31.5404,158.339,4.04818
-0.591752,555.478,30.8347,157.071,3.77959
-4.54631,507.054,24.4978,128.448,3.33357
-4.41155,515.23,25.0124,131.015,3.34744
1.05293,528.9,31.0723,156.44,3.99236
-2.221,515.708,27.0473,139.409,3.58549
0.289755,560.041,32.0497,162.236,3.89139
-4.10944,505.657,24.8124,129.677,3.37883
-4.06802,599.24,29.4477,153.855,3.38317
-2.68604,519.412,26.8008,138.608,3.53286
1.86986,558.001,33.7111,168.753,4.105
1.69948,573.512,34.4472,172.644,4.0811
0.0421301,574.561,32.601,165.318,3.85948
1.10544,510.825,30.0645,151.31,3.99945
-4.35194,502.051,24.4243,127.878,3.3536
-0.821241,557.524,30.703,156.658,3.75129
-0.767673,583.278,32.181,164.136,3.75787
1.24104,535.964,31.691,159.343,4.01787
-4.75911,544.942,26.1295,137.222,3.31186
-2.66079,502.864,25.97,134.287,3.53569
-0.639545,516.739,28.6369,145.925,3.77367
-1.52952,580.973,31.2156,160.089,3.66597
-3.97306,507.148,25.0062,130.557,3.39315
-2.08156,560.361,29.5331,152.067,3.6015
0.301651,521.776,29.8721,151.2,3.89294
1.4914,526.588,31.4046,157.625,4.05221
0.686417,553.482,32.1098,162.083,3.94337
0.630115,554.962,32.1334,162.267,3.93593
-3.25407,505.144,25.5486,132.684,3.47015
-2.22833,596.493,31.2763,161.215,3.58465
-3.91474,533.745,26.3721,137.629,3.3993
-0.897098,546.748,30.0304,153.309,3.74201
-3.15936,509.489,25.8546,134.179,3.48049
-4.95968,501.118,23.857,125.475,3.29158
-0.941384,530.36,29.0854,148.533,3.73661
0.119934,500.151,28.4553,144.215,3.86946
-3.87392,596.507,29.5158,153.989,3.40361
1.99525,541.657,32.8639,164.367,4.12273
1.95175,542.703,32.8786,164.491,4.11656
-3.03596,556.017,28.3386,146.938,3.49403
1.31389,522.194,30.9539,155.557,4.02781
1.51141,554.544,33.0945,166.083,4.05498
0.630019,577.832,33.4575,168.953,3.93591
-0.779027,586.215,32.3303,164.911,3.75647
-1.58262,585.629,31.4076,161.135,3.65969
0.6177,536.286,31.0388,156.753,3.93429
-4.82757,502.313,24.0268,126.244,3.30491
-3.32931,511.103,25.7815,133.967,3.46197
-0.513151,516.123,28.7283,146.258,3.78936
-0.50472,583.383,32.4816,165.357,3.79041
1.26815,585.296,34.6401,174.138,4.02156
1.37071,599.266,35.5917,178.792,4.0356
-4.53135,524.476,25.353,132.918,3.33511
0.412199,571.705,32.8555,166.17,3.90732
-3.57163,555.046,27.7595,144.503,3.43582
1.31325,553.82,32.8279,164.976,4.02773
0.170506,579.733,33.0405,167.393,3.87597
-1.37056,504.684,27.2673,139.679,3.68486
-3.83904,585.592,29.0115,151.319,3.4073
-0.190391,596.816,33.5929,170.63,3.82987
-1.21786,519.44,28.2141,144.37,3.70314
-1.42928,554.955,29.9221,153.344,3.67786
-2.33742,550.328,28.7456,148.288,3.5722
-2.89857,561.719,28.768,149.014,3.5092
-2.67571,554.768,28.6355,148.086,3.53402
-4.77645,544.782,26.1058,137.115,3.3101
1.14603,588.818,34.703,174.605,4.00495
0.578456,538.863,31.1458,157.337,3.92912
-4.0206,538.784,26.5214,138.517,3.38815
0.793533,511.747,29.7981,150.3,3.95759
0.160913,503.663,28.6956,145.39,3.87474
0.128083,537.315,30.5782,154.965,3.87051
1.73026,589.323,35.4341,177.552,4.08541
0.302344,544.711,31.1859,157.849,3.89303
-1.74386,555.464,29.6226,152.155,3.64073
-4.46998,576.069,27.9078,146.245,3.34141
0.677632,517.421,30.0087,151.487,3.94221
1.98666,567.534,34.4239,172.18,4.12151
-3.20866,586.706,29.7213,154.303,3.4751
-3.41658,562.771,28.3004,147.151,3.45252
-0.296459,528.812,29.6562,150.749,3.81649
-2.24563,597.042,31.2861,161.286,3.58267
-2.99042,540.82,27.6083,143.103,3.49905
-1.49268,508.491,27.3563,140.259,3.67033
-4.20133,577.762,28.2583,147.786,3.36923
-4.7805,525.446,25.1756,132.233,3.30968
-1.73779,525.344,28.0223,143.929,3.64144
-0.0425729,515.912,29.1878,148.099,3.84865
-3.05624,560.88,28.5661,148.139,3.4918
-2.96168,573.548,29.3087,151.885,3.50222
-1.94594,505.049,26.7446,137.573,3.61718
-1.59219,518.242,27.7843,142.556,3.65856
0.183381,558.032,31.8178,161.184,3.87763
-2.55693,516.441,26.7686,138.311,3.54735
-2.98542,599.991,30.6343,158.782,3.4996
0.712649,540.377,31.3778,158.358,3.94685
-3.37053,522.146,26.3003,136.704,3.4575
-2.72787,519.592,26.7707,138.495,3.52818
1.36611,565.619,33.588,168.733,4.03497
-3.38952,522.383,26.2946,136.694,3.45544
-0.478946,505.412,28.1654,143.358,3.79362
0.983732,500.326,29.3239,147.709,3.98304
-2.83343,545.875,28.0207,145.074,3.51643
-3.69558,575.767,28.6699,149.379,3.42256
0.508738,566.209,32.648,165.007,3.91996
-4.94304,548.034,26.106,137.287,3.29326
-2.0504,570.078,30.078,154.838,3.60509
-0.133133,560.912,31.6345,160.617,3.83713
-1.93703,514.199,27.2375,140.1,3.61821
-4.24812,555.062,27.1029,141.793,3.36436
-0.795846,575.209,31.7048,161.74,3.75441
-1.75491,598.655,31.9137,163.936,3.63944
-1.93411,514.715,27.2677,140.252,3.61855
-2.269,568.965,29.7904,153.602,3.58
-2.41504,586.106,30.5312,157.589,3.56339
1.55254,590.246,35.2747,176.974,4.06067
1.77143,518.973,31.2481,156.531,4.09117
-0.0803255,527.667,29.8139,151.316,3.84384
-2.1919,566.484,29.7407,153.259,3.58882
-2.44203,545.902,28.41,146.669,3.56033
-1.40941,558.356,30.1263,154.368,3.68023
-2.99881,527.63,26.927,139.58,3.49812
-1.78447,557.571,29.6929,152.561,3.63598
-3.56181,506.181,25.3244,131.818,3.43687
-0.806747,579.947,31.9539,163.023,3.75307
-1.48705,526.829,28.3484,145.34,3.671
-3.53682,556.69,27.876,145.073,3.43956
0.336764,588.77,33.7485,170.778,3.8975
-3.22497,506.161,25.6263,133.059,3.47332
-4.56587,541.802,26.1584,137.175,3.33157
1.77433,559.26,33.6771,168.696,4.09158
-2.08717,572.27,30.1549,155.275,3.60085
-3.69938,548.84,27.3254,142.378,3.42215
-2.87538,554.147,28.4034,147.1,3.51177
1.93681,534.752,32.3804,162.015,4.11445
0.285136,564.835,32.3189,163.604,3.89079
-4.17018,596.057,29.1853,152.599,3.37248
-0.69196,503.928,27.8762,142.103,3.76719
-4.34137,593.921,28.9045,151.323,3.35469
-3.22724,578.497,29.2863,152.065,3.47307
1.81032,565.281,34.0816,170.678,4.09663
-2.80068,541.104,27.8078,143.937,3.52007
1.16203,582.46,34.3471,172.794,4.00712
-4.50985,574.279,27.7817,145.627,3.33731
0.45443,537.772,30.9504,156.488,3.91284
0.190724,513.625,29.2933,148.387,3.87858
-2.91853,504.761,25.8328,133.83,3.50699
1.14082,519.355,30.6037,153.985,4.00424
-0.15236,534.856,30.1449,153.075,3.83469
-2.77332,512.067,26.3409,136.317,3.52311
-2.60618,567.315,29.3548,151.728,3.54182
-3.01518,513.52,26.1918,135.786,3.49632
-3.69005,580.66,28.9192,150.672,3.42315
-2.4273,560.141,29.1661,150.556,3.562
-3.49311,572.132,28.6935,149.279,3.44426
-4.90901,573.216,27.3388,143.733,3.29668
-0.214151,512.803,28.8404,146.516,3.82687
-3.88858,583.195,28.8421,150.491,3.40206
-4.8103,588.631,28.173,148.01,3.30666
-0.519905,566.972,31.5513,160.638,3.78852
-2.91773,582.849,29.8301,154.537,3.50708
1.21276,529.86,31.2997,157.407,4.01401
-3.94719,561.603,27.7166,144.681,3.39587
-4.80303,541.204,25.9097,136.112,3.3074
1.44368,551.179,32.8175,164.772,4.04563
-1.63673,583.72,31.2461,160.369,3.65331
-1.62674,561.099,30.0457,154.197,3.65449
0.164678,583.358,33.2405,168.413,3.87522
1.69884,522.817,31.4016,157.38,4.08101
-0.699476,525.478,29.0607,148.149,3.76627
-2.79631,562.134,28.893,149.549,3.52055
-3.30238,578.618,29.2149,151.778,3.46489
-4.04517,599.465,29.4826,154.011,3.38556
-4.50712,575.84,27.8599,146.035,3.3376
-4.5783,512.482,24.7318,129.707,3.33029
-4.98537,516.114,24.5484,129.136,3.289
0.790917,575.576,33.5117,169.034,3.95724
-3.15505,501.651,25.4607,132.131,3.48096
-2.62965,546.395,28.249,146.038,3.53918
-4.75076,554.721,26.6064,139.717,3.3127
1.42452,541.692,32.2316,161.852,4.04299
0.430342,532.435,30.6178,154.833,3.90969
0.320696,596.098,34.1496,172.827,3.89541
-4.11322,560.459,27.4978,143.715,3.37843
-1.10689,544.37,29.6826,151.763,3.71652
-3.62918,513.056,25.6073,133.357,3.42965
-1.35979,536.409,28.9922,148.504,3.68614
-4.48466,525.252,25.4327,133.29,3.3399
-0.193444,539.761,30.3783,154.305,3.82949
-1.89585,561.539,29.788,153.173,3.62299
-4.48857,585.947,28.3676,148.675,3.3395
0.932601,583.918,34.1632,172.148,3.97617
-3.76107,523.46,26.005,135.559,3.41558
1.64061,563.151,33.7569,169.254,4.0729
-3.10096,566.277,28.7955,149.378,3.48689
-3.90511,594.792,29.3984,153.412,3.40031
-0.130561,593.766,33.4904,170.037,3.83746
-1.73402,531.591,28.3593,145.655,3.64188
-0.00642824,588.731,33.3491,169.17,3.85327
-4.2038,561.685,27.4696,143.664,3.36898
0.6797,500.111,29.0068,146.427,3.94248
0.398437,513.397,29.4906,149.166,3.90553
-3.23096,514.599,26.0481,135.254,3.47267
-4.49965,593.862,28.7395,150.637,3.33836
-2.77368,521.414,26.8214,138.804,3.52307
-3.5699,568.803,28.4493,148.092,3.436
0.418578,576.424,33.134,167.571,3.90816
-1.54153,506.633,27.2099,139.558,3.66455
-0.488777,515.517,28.7188,146.185,3.79239
-4.23631,545.208,26.6329,139.322,3.36559
1.05988,599.726,35.2417,177.423,3.9933
-1.02089,587.169,32.1121,164.083,3.72694
-4.26761,581.059,28.3527,148.353,3.36234
-4.70234,511.368,24.5693,128.974,3.31763
-1.22943,559.595,30.3829,155.481,3.70175
-1.37105,508.376,27.4663,140.699,3.6848
-3.96509,584.307,28.8188,150.454,3.39398
1.16425,547.326,32.2778,162.381,4.00742
1.86352,522.806,31.578,158.082,4.10411
-0.986338,539.43,29.5367,150.886,3.73113
-3.55003,560.547,28.056,146.024,3.43814
0.456932,533.266,30.6937,155.187,3.91317
-1.51467,547.53,29.4339,150.935,3.66773
-4.72865,540.629,25.9509,136.253,3.31495
-1.35362,518.886,28.0511,143.677,3.68688
-4.05226,582.936,28.6625,149.735,3.38482
-2.39021,574.667,29.9614,154.62,3.5662
-2.05299,542.302,28.6099,147.283,3.60479
-3.44026,577.37,29.0103,150.868,3.44996
-4.32072,585.84,28.5321,149.351,3.35683
1.54278,521.433,31.1519,156.3,4.05932
-4.58684,537.102,25.9121,135.905,3.32942
1.35314,506.592,30.0695,151.071,4.03319
1.30563,562.734,33.3476,167.596,4.02668
-0.320731,591.45,33.1411,168.492,3.81343
-1.52259,528.416,28.3986,145.634,3.66679
-4.20306,597.478,29.2208,152.822,3.36905
-0.796457,535.024,29.4892,150.438,3.75433
-0.817753,580.927,31.9957,163.249,3.75172
-4.31616,557.421,27.1525,142.124,3.3573
-1.55654,592.999,31.8318,163.281,3.66277
-0.248382,560.053,31.4605,159.865,3.82255
0.668689,576.289,33.4126,168.68,3.94102
-4.63465,549.881,26.4835,138.952,3.32453
-1.20239,517.299,28.1129,143.836,3.70501
-0.943761,582.947,31.9668,163.25,3.73632
-2.77552,588.096,30.2495,156.547,3.52287
-1.80682,547.687,29.1438,149.764,3.63337
1.70293,593.772,35.6683,178.759,4.08159
0.183522,520.041,29.6518,150.211,3.87765
1.93057,597.763,36.1882,181.075,4.11357
1.52471,550.491,32.8675,164.929,4.05682
0.0798331,510.514,29.0047,147.041,3.86431
-4.47653,570.251,27.6195,144.742,3.34074
-4.66467,596.466,28.6965,150.596,3.32147
-1.4763,506.191,27.2481,139.687,3.67228
-0.383162,544.973,30.471,154.986,3.8056
-2.74403,585.517,30.1502,155.997,3.52638
-1.4015,512.784,27.675,141.8,3.68117
-4.61017,583.056,28.1058,147.436,3.32703
-4.25033,518.803,25.3305,132.523,3.36413
-1.93582,501.343,26.5577,136.602,3.61835
-2.5186,500.316,25.9678,134.136,3.55168
0.92534,595.149,34.8116,175.424,3.9752
-2.01934,565.555,29.8718,153.742,3.60868
-4.62997,548.434,26.4182,138.604,3.32501
-0.0103713,530.345,30.0377,152.376,3.85276
0.0713052,544.462,30.9243,156.783,3.86322
-1.3819,511.371,27.6176,141.485,3.68351
0.434411,508.973,29.2727,148.026,3.91022
-4.6951,507.306,24.3804,127.975,3.31837
-3.84902,554.227,27.4479,143.174,3.40625
1.28048,514.666,30.4728,153.176,4.02325
-0.908461,575.021,31.5708,161.187,3.74062
-3.54695,537.717,26.9163,140.088,3.43847
1.72298,561.254,33.738,169.062,4.08439
-2.62379,558.342,28.8726,149.255,3.53984
0.88418,595.597,34.7886,175.359,3.96969
1.60335,559.64,33.5037,168.029,4.06772
-4.85916,572.256,27.3416,143.694,3.30172
-3.99148,583.625,28.7583,150.168,3.39121
-1.53065,599.455,32.2074,165.176,3.66583
1.83728,539.779,32.574,163.098,4.10041
0.462495,511.465,29.4445,148.865,3.9139
-2.95358,574.843,29.3832,152.262,3.50311
0.443284,592.35,34.0785,172.317,3.91138
-0.367582,543.073,30.3811,154.512,3.80755
-1.36387,549.792,29.7113,152.191,3.68566
-2.76643,526.835,27.1072,140.275,3.52388
-3.39997,560.206,28.188,146.548,3.45431
-0.458697,546.255,30.4629,155.029,3.79615
0.280996,566.156,32.3899,163.968,3.89026
-0.851599,542.257,29.8308,152.241,3.74757
0.994494,515.039,30.1974,152.098,3.98448
-4.34896,550.638,26.7908,140.265,3.3539
-4.37791,597.768,29.054,152.147,3.35091
-0.470834,531.12,29.6064,150.683,3.79463
-1.48392,514.988,27.7143,142.085,3.67137
0.422083,559.787,32.1816,162.75,3.90861
0.647587,560.529,32.4753,163.973,3.93823
-4.32597,540.168,26.3029,137.687,3.35628
0.652764,532.109,30.8342,155.681,3.93892
-1.92126,596.251,31.6013,162.527,3.62004
-1.36549,500.004,27.0192,138.403,3.68546
-4.48965,507.037,24.5464,128.649,3.33939
-1.59787,519.419,27.8419,142.857,3.65789
-0.178485,520.538,29.3115,148.871,3.83138
-1.13853,541.632,29.5008,150.868,3.7127
-2.58196,516.879,26.7678,138.332,3.54454
-3.7124,581.239,28.9252,150.728,3.42076
0.980296,545,31.9385,160.883,3.98257
-3.51409,544.444,27.2847,141.971,3.442
0.755207,512.6,29.8085,150.393,3.95249
-0.946254,519.437,28.4816,145.454,3.73601
0.210654,520.667,29.7153,150.504,3.88115
1.57023,532.248,31.8278,159.661,4.06312
1.91002,586.366,35.4733,177.524,4.11067
-1.3131,541.541,29.3172,150.118,3.69172
-3.67493,517.504,25.7876,134.341,3.42476
-0.316224,518.172,29.0396,147.635,3.814
0.242103,560.446,32.0203,162.142,3.88522
-3.20305,539.568,27.3388,141.928,3.47571
-0.636199,508.828,28.2017,143.704,3.77408
-3.06841,576.301,29.3389,152.16,3.49046
-0.00949545,512.446,29.0248,147.237,3.85287
-4.61362,552.144,26.6124,139.606,3.32668
1.95904,564.852,34.229,171.238,4.1176
-2.17824,559.773,29.4024,151.501,3.59039
1.60622,522.598,31.2893,156.919,4.06811
0.443078,518.522,29.8308,150.839,3.91136
-4.49483,574.709,27.8174,145.798,3.33886
-4.073,571.147,28.0622,146.621,3.38265
-1.94144,566.828,30.0207,154.421,3.6177
-4.61521,521.043,25.112,131.737,3.32652
-1.26866,595.534,32.2901,165.287,3.69705
0.191978,557.354,31.7886,161.026,3.87874
1.18981,589.743,34.8097,175.087,4.01089
1.20148,519.471,30.6742,154.274,4.01248
-2.87598,516.274,26.4616,137.044,3.5117
-4.07989,568.967,27.9483,146.033,3.38192
-2.48821,517.726,26.9,138.92,3.5551
1.97219,551.253,33.4199,167.175,4.11946
-1.20925,579.694,31.4963,161.155,3.70418
1.36971,562.245,33.3918,167.742,4.03546
-1.48387,574.775,30.9318,158.581,3.67138
-0.159333,579.095,32.6304,165.705,3.83381
-1.93007,597.584,31.6622,162.851,3.61902
-4.0188,575.535,28.3322,147.973,3.38833
1.26092,555.979,32.8969,165.383,4.02058
0.862921,574.583,33.5367,169.074,3.96684
-4.6605,536.788,25.8291,135.544,3.32189
-1.84048,594.303,31.5871,162.359,3.62944
-1.13942,556.226,30.2948,154.929,3.71259
0.33139,510.163,29.2373,147.955,3.8968
1.9497,585.778,35.4858,177.537,4.11627
-3.19406,527.423,26.7319,138.768,3.47669
-0.848257,592.789,32.6144,166.443,3.74798
1.21242,586.989,34.6741,174.377,4.01397
-3.91117,539.19,26.6445,139.047,3.39967
-0.270988,518.956,29.1291,148.042,3.8197
-2.97377,590.573,30.1658,156.34,3.50088
1.78272,513.965,30.9585,155.068,4.09275
1.90804,551.121,33.3389,166.845,4.11039
-0.947151,582.896,31.9602,163.22,3.7359
-3.17023,579.086,29.3751,152.462,3.4793
-2.74578,593.152,30.5415,158.023,3.52619
-1.41911,575.297,31.0298,159.009,3.67907
1.49529,551.791,32.9121,165.187,4.05275
-4.01718,548.412,26.9985,141.006,3.3885
-0.878701,510.961,28.0827,143.347,3.74426
-2.19715,512.373,26.8949,138.6,3.58822
-4.84302,582.171,27.8313,146.25,3.30335
0.255281,587.869,33.6023,170.137,3.88692
1.22259,591.923,34.9777,175.892,4.01535
-3.50857,503.906,25.258,131.421,3.44259
-2.6503,552.669,28.5527,147.63,3.53686
0.627544,579.976,33.5788,169.569,3.93559
0.245328,514.174,29.3799,148.768,3.88564
0.558944,516.156,29.8134,150.627,3.92655
1.38068,513.109,30.485,153.129,4.03697
-3.68026,588.965,29.343,152.869,3.42419
-3.26975,514.238,25.9942,135.013,3.46844
1.93485,552.628,33.4606,167.423,4.11417
-4.97719,561.076,26.6948,140.419,3.28982
-4.2081,564.821,27.6187,144.449,3.36853
1.36707,527.061,31.2994,157.234,4.0351
-3.33891,589.383,29.7201,154.444,3.46093
-3.30665,563.635,28.4541,147.83,3.46443
-2.18976,504.257,26.4757,136.432,3.58907
-0.146135,549.951,31.0024,157.423,3.83548
-4.75474,558.058,26.7626,140.542,3.3123
-1.62588,579.102,31.0107,159.149,3.65459
-2.08096,563.943,29.7225,153.042,3.60157
-4.82646,577.279,27.6137,145.089,3.30503
-1.17795,508.665,27.6672,141.531,3.70795
-1.87305,512.12,27.1881,139.781,3.62565
1.11996,523.786,30.8427,155.21,4.00142
-4.97599,503.866,23.9739,126.105,3.28994
-2.73204,538.037,27.717,143.395,3.52772
-0.509354,570.366,31.7517,161.647,3.78983
-2.03378,556.053,29.3551,151.098,3.60701
-3.15923,531.095,26.9511,139.87,3.4805
-2.6441,588.446,30.4076,157.214,3.53756
0.370219,559.272,32.0946,162.37,3.90185
-2.79915,549.611,28.2465,146.206,3.52024
-1.19998,565.156,30.7163,157.154,3.70529
-1.39076,562.304,30.359,155.54,3.68245
-1.7318,582.05,31.0535,159.491,3.64214
-3.48084,518.579,26.019,135.352,3.44558
0.833624,542.967,31.6595,159.644,3.96293
-2.69379,592.921,30.5854,158.19,3.53199
1.01053,561.488,32.9389,165.887,3.98664
0.382293,579.941,33.2945,168.426,3.90342
-0.428711,542.707,30.2965,154.149,3.79989
1.5553,549.402,32.8369,164.74,4.06105
-4.4059,517.311,25.1185,131.565,3.34802
-3.83437,504.94,25.0199,130.495,3.4078
-1.07523,513.427,28.0262,143.261,3.72035
-2.04226,577.721,30.4899,156.949,3.60603
-4.02466,532.331,26.1999,136.842,3.38772
1.10255,515.731,30.3503,152.751,3.99906
-3.49191,505.342,25.345,131.857,3.44439
0.427688,560.332,32.2191,162.933,3.90935
-1.44232,584.366,31.4935,161.412,3.67631
0.618699,582.635,33.7225,170.305,3.93442
-0.843649,501.852,27.6156,140.928,3.74855
-3.80364,594.124,29.4711,153.676,3.41106
-0.890871,545.168,29.95,152.892,3.74277
-0.58536,542.695,30.1318,153.483,3.78038
-0.0133497,548.287,31.0507,157.518,3.85238
-0.540461,518.324,28.8235,146.772,3.78596
-4.23716,583.031,28.4797,148.984,3.3655
-3.91927,507.988,25.0954,130.971,3.39882
-0.445097,524.43,29.2596,148.891,3.79785
-3.87511,580.917,28.7431,149.959,3.40348
0.204827,584.235,33.3366,168.852,3.8804
-1.3563,566.623,30.6289,156.883,3.68656
-4.36975,554.602,26.9638,141.193,3.35175
-2.0709,576.361,30.3877,156.456,3.60273
-2.81582,587.337,30.1677,156.169,3.51838
-4.74689,541.859,25.993,136.493,3.3131
-0.617361,524.223,29.074,148.129,3.77642
-1.39458,548.85,29.6287,151.802,3.682
-2.57408,523.172,27.1012,140.047,3.54542
-4.0055,545.827,26.8824,140.387,3.38973
-1.88817,593.724,31.5038,161.987,3.62389
-1.56816,587.343,31.5154,161.671,3.6614
-4.0629,559.555,27.5025,143.686,3.3837
-3.91082,546.808,27.0212,141.013,3.39971
-0.173626,507.999,28.6103,145.304,3.832
-0.500383,525.315,29.2529,148.916,3.79095
0.298541,559.3,32.017,162.06,3.89253
0.865638,573.095,33.453,168.649,3.96721
1.24161,522.424,30.891,155.32,4.01794
-1.58666,548.086,29.39,150.788,3.65921
-1.75456,572.033,30.4949,156.647,3.63948
-3.34962,597.554,30.1207,156.538,3.45977
1.61426,585.129,35.0428,175.734,4.06923
-1.68436,525.543,28.0853,144.196,3.64771
0.900822,585.499,34.2184,172.465,3.97191
-3.24377,575.222,29.1035,151.134,3.47127
-2.53499,565.092,29.3129,151.433,3.54983
1.87421,533.922,32.2612,161.49,4.10561
-4.71978,527.341,25.321,132.937,3.31585
-2.06457,567.846,29.9454,154.171,3.60346
-0.827394,597.91,32.92,167.977,3.75054
-0.695547,565.319,31.2683,159.398,3.76675
-3.61731,584.651,29.193,152.016,3.43092
0.687223,594.517,34.4914,174.104,3.94348
-1.25499,597.088,32.3898,165.781,3.69868
-3.39701,581.856,29.2804,152.224,3.45463
-0.754577,587.674,32.4383,165.433,3.75948
-0.842725,539.348,29.6799,151.461,3.74866
-0.777714,509.898,28.1227,143.447,3.75663
-4.85811,547.671,26.1679,137.525,3.30183
1.13622,584.38,34.4299,173.242,4.00362
-1.4808,531.457,28.6037,146.642,3.67174
0.666466,517.508,30.0022,151.466,3.94073
-4.68207,523.436,25.1673,132.093,3.31969
-4.28503,548.897,26.7668,140.073,3.36053
-0.165326,543.826,30.6368,155.587,3.83305
-2.22461,515.221,27.0184,139.264,3.58508
0.540937,588.904,33.9943,171.772,3.92418
-4.85707,501.717,23.9731,125.989,3.30193
-4.31515,576.573,28.0864,147.012,3.35741
-3.0489,503.256,25.6378,132.947,3.49261
-3.83555,540.227,26.7673,139.61,3.40767
-4.65566,523.987,25.2175,132.33,3.32239
-0.454438,536.337,29.9142,152.232,3.79668
0.43356,531.683,30.578,154.628,3.91011
1.49659,501.571,29.918,150.158,4.05293
-4.1989,559.116,27.3487,143.027,3.36949
-3.54528,573.441,28.7062,149.402,3.43865
-2.64459,543.877,28.1041,145.304,3.5375
-4.03331,580.325,28.5533,149.144,3.38681
-1.05644,568.507,31.0531,158.712,3.72263
0.398844,515.254,29.5977,149.708,3.90558
-3.57431,515.301,25.7693,134.146,3.43553
-4.85233,560.64,26.7931,140.805,3.30241
-0.0849122,583.24,32.9486,167.232,3.84326
-2.38473,516.944,26.957,139.11,3.56682
1.08525,587.544,34.5559,173.939,3.99672
-2.95346,540.294,27.6174,143.111,3.50313
-4.83755,556.804,26.6238,139.899,3.3039
0.824294,517.595,30.1704,152.145,3.96169
1.52935,592.529,35.3831,177.546,4.05746
-1.64217,566.929,30.3416,155.733,3.65267
1.43044,516.715,30.7516,154.414,4.04381
1.07793,500.389,29.4225,148.107,3.99573
0.26429,588.925,33.6731,170.484,3.88809
1.13432,584.629,34.4423,173.307,4.00336
1.14774,529.119,31.1864,156.909,4.00518
-3.08071,535.576,27.2538,141.359,3.48911
-1.92422,539.832,28.6081,147.136,3.6197
-4.66107,565.691,27.2193,142.84,3.32184
-3.39846,526.601,26.4985,137.763,3.45447
0.260197,531.65,30.394,153.887,3.88756
1.21047,504.564,29.8031,149.883,4.0137
-2.00013,565.821,29.9059,153.896,3.6109
-4.24442,503.624,24.5945,128.667,3.36475
1.85337,551.789,33.3171,166.799,4.10268
-3.27792,593.653,29.9999,155.828,3.46755
-1.3578,556.1,30.0585,153.963,3.68638
-0.894404,591.772,32.5064,165.947,3.74234
-1.69597,520.754,27.8181,142.836,3.64635
-2.47654,584.324,30.3728,156.841,3.55642
-2.97563,565.835,28.9003,149.784,3.50068
-4.36339,570.699,27.7526,145.317,3.35241
0.469867,531.244,30.5909,154.653,3.91486
-3.13388,506.167,25.709,133.399,3.48328
-2.86654,522.186,26.7735,138.65,3.51275
-0.439373,584.534,32.6194,165.981,3.79856
-1.17716,527.086,28.67,146.66,3.70804
-1.86623,527.726,28.0234,144.068,3.62644
0.807054,543.297,31.6499,159.625,3.95939
-0.833857,549.145,30.2283,154.25,3.74975
-1.36296,588.9,31.8257,163.021,3.68577
-0.0638538,508.062,28.7225,145.76,3.84594
-0.318514,551.975,30.9316,157.256,3.81371
1.74943,592.928,35.6742,178.731,4.08809
0.0399036,564.054,32.0024,162.285,3.85919
0.621498,540.844,31.3066,158.102,3.93479
-2.62239,599.392,30.9969,160.235,3.53999
-1.9564,556.667,29.4672,151.59,3.61596
-1.87003,524.41,27.8436,143.148,3.626
-2.63842,518.439,26.7954,138.532,3.5382
-4.92296,549.482,26.1938,137.728,3.29528
-2.08387,543.775,28.6566,147.557,3.60123
-4.41044,574.109,27.8718,145.992,3.34755
-1.68533,530.375,28.3425,145.518,3.6476
-0.873998,573.463,31.523,160.902,3.74483
0.0695886,521.109,29.5961,150.051,3.863
0.232443,563.402,32.1784,162.954,3.88397
-3.97656,566.536,27.931,145.832,3.39278
-1.76743,578.433,30.8222,158.343,3.63797
-2.2861,551.663,28.8672,148.86,3.57805
0.166116,539.559,30.7462,155.775,3.87541
-2.30564,500.303,26.1617,134.928,3.57582
1.42052,508.521,30.2536,151.924,4.04244
0.263411,592.781,33.8925,171.596,3.88798
-4.93588,517.902,24.677,129.765,3.29398
-1.76575,511.639,27.2646,140.065,3.63817
1.45999,501.535,29.8784,149.998,4.04788
-0.57843,503.413,27.9575,142.401,3.78124
-3.00106,572.253,29.202,151.376,3.49787
1.43827,527.525,31.4033,157.678,4.04488
-2.76117,561.526,28.8974,149.534,3.52447
1.95545,584.384,35.4082,177.142,4.11709
-0.779665,512.561,28.2676,144.188,3.7564
-3.95984,536.677,26.4746,138.21,3.39454
-0.122478,517.649,29.2053,148.272,3.83848
1.86083,589.774,35.6197,178.318,4.10373
-4.28966,517.149,25.2145,131.954,3.36005
0.745301,500.477,29.0936,146.797,3.95118
-4.76663,504.335,24.176,126.97,3.31109
-1.06314,513.599,28.0473,143.357,3.72181
-3.81524,514.144,25.4932,132.945,3.40983
-4.0971,593.968,29.1585,152.377,3.38012
-0.559258,552.107,30.6821,156.257,3.78362
-1.979,529.311,27.9969,144.05,3.61335
-3.28193,511.389,25.8391,134.22,3.46712
-2.03458,565.759,29.8667,153.732,3.60692
0.550319,529.471,30.5734,154.477,3.92542
-4.82073,575.921,27.5544,144.771,3.30561
1.52427,556.619,33.2329,166.763,4.05675
-3.0881,549.736,27.9671,145.067,3.4883
-2.99742,523.32,26.7084,138.445,3.49827
1.73832,584.594,35.1594,176.165,4.08653
1.26271,522.99,30.9468,155.578,4.02082
-1.56073,571.823,30.6906,157.431,3.66228
-0.185358,543.291,30.5855,155.349,3.83051
-4.95171,565.531,26.9312,141.636,3.29238
-3.81238,523.732,25.9713,135.435,3.41013
-2.74283,532.881,27.441,141.978,3.52652
-3.60743,529.603,26.4535,137.741,3.43198
-1.82912,513.227,27.2888,140.254,3.63076
-3.93493,505.457,24.9565,130.261,3.39716
-3.35441,589.24,29.6966,154.34,3.45925
-2.7823,598.389,30.7716,159.257,3.52211
-3.93142,573.303,28.3099,147.76,3.39754
-4.82973,575.163,27.5093,144.544,3.3047
0.308127,590.334,33.8047,171.097,3.89378
-2.94702,583.232,29.8189,154.512,3.50384
-2.84606,565.514,29.0159,150.24,3.51502
1.98208,511.455,31.0176,155.147,4.12086
1.50273,594.093,35.4442,177.886,4.05378
0.358375,596.053,34.1913,172.992,3.90031
-2.12919,590.737,31.0822,160.099,3.59602
1.53458,543.145,32.4399,162.772,4.05818
-1.29449,557.435,30.1972,154.603,3.69395
-0.475158,503.4,28.057,142.802,3.79409
-4.88594,598.814,28.5832,150.25,3.29901
-1.41398,582.283,31.4123,160.963,3.67968
-1.68118,573.311,30.6414,157.316,3.64808
-2.96283,513.632,26.2459,136.014,3.50209
-1.96806,579.306,30.653,157.704,3.61461
-2.66974,540.188,27.8888,144.218,3.53469
-3.06873,506.984,25.8097,133.857,3.49042
1.72469,567.319,34.1046,170.896,4.08463
-3.13034,509.436,25.8783,134.274,3.48367
-4.41274,540.657,26.2456,137.476,3.34731
-3.54132,537.751,26.9233,140.119,3.43907
1.1426,535.955,31.5837,158.914,4.00449
-4.99296,522.413,24.8413,130.685,3.28823
0.589746,598.202,34.589,174.717,3.9306
-4.1641,570.713,27.9504,146.136,3.37312
1.53788,583.064,34.828,174.751,4.05864
1.35999,581.38,34.5167,173.406,4.03413
-3.44195,546.6,27.4626,142.821,3.44978
-0.683862,516.201,28.5631,145.596,3.76819
-2.61997,533.912,27.613,142.74,3.54027
-3.73829,512.508,25.4815,132.808,3.418
-4.34063,580.907,28.2719,148.011,3.35477
1.72525,550.303,33.0823,165.773,4.0847
-1.39751,571.734,30.8609,158.118,3.68165
-1.82535,555.607,29.5461,151.851,3.6312
-2.56968,579.221,30.0093,155.07,3.54592
0.392769,501.392,28.7954,145.656,3.90479
-0.483049,581.884,32.4225,165.03,3.79311
-1.52822,583.227,31.3381,160.715,3.66612
-4.6036,552.906,26.6587,139.838,3.32771
-0.867378,513.954,28.2583,144.232,3.74564
0.986416,570.335,33.4302,168.39,3.9834
-1.06778,590.935,32.2654,164.922,3.72125
-1.54472,523.479,28.1116,144.186,3.66417
-3.12418,520.42,26.442,137.192,3.48434
-2.76056,530.185,27.2852,141.19,3.52454
-4.39883,596.722,28.9816,151.792,3.34875
-0.75528,576.327,31.8112,162.235,3.75939
-4.42033,539.574,26.186,137.172,3.34653
1.30086,562.288,33.3157,167.442,4.02603
-3.47251,579.626,29.0906,151.321,3.44648
-2.52049,578.098,30.0028,154.981,3.55146
-2.10431,552.452,29.0931,149.827,3.59888
-0.336838,571.192,31.9882,162.65,3.81141
-1.2973,553.169,29.9632,153.408,3.69361
-1.93262,507.86,26.9059,138.39,3.61872
1.12288,564.495,33.2431,167.287,4.00181
-4.22811,581.785,28.428,148.704,3.36644
1.29805,572.626,33.925,170.507,4.02565
-1.67595,503.972,26.9404,138.31,3.6487
-2.78953,551.4,28.348,146.721,3.52131
-0.794838,528.815,29.1487,148.699,3.75453
-2.7468,514.021,26.4661,136.938,3.52607
-2.33038,520.353,27.1866,140.239,3.573
1.1992,515.61,30.4438,153.117,4.01217
-1.56425,563.978,30.2658,155.256,3.66186
1.74867,515.434,31.0109,155.368,4.08798
0.254657,589.109,33.6725,170.493,3.88684
1.03687,571.472,33.5549,168.958,3.99019
0.207265,587.549,33.5284,169.821,3.88072
-2.54725,514.326,26.6681,137.782,3.54845
0.566913,576.15,33.2878,168.172,3.9276
0.08041,519.763,29.5307,149.708,3.86438
-3.30133,535.87,27.0575,140.569,3.46501
-1.14616,551.818,30.0476,153.673,3.71178
0.811859,500.652,29.1704,147.115,3.96003
-3.12585,561.764,28.541,148.085,3.48416
-2.24924,543.955,28.5006,146.93,3.58226
-4.52034,573.418,27.7297,145.366,3.33624
-3.43278,575.812,28.9397,150.493,3.45077
-0.955476,589.482,32.312,165.026,3.73489
1.71365,516.983,31.0669,155.687,4.08308
-3.59913,542.035,27.0824,141.007,3.43287
-4.28901,505.376,24.6411,128.953,3.36012
1.59297,597.054,35.7309,179.212,4.06627
-2.71982,504.288,25.9896,134.446,3.52908
-0.126212,583.218,32.9004,167.036,3.83801
-2.39121,550.056,28.6773,147.994,3.56609
-4.14496,504.772,24.7378,129.321,3.37511
-1.31816,556.157,30.1031,154.148,3.69112
-4.44271,506.153,24.5445,128.595,3.34422
0.336927,533.092,30.5572,154.629,3.89752
-1.49655,567.366,30.5196,156.482,3.66987
-1.16111,503.355,27.3945,140.119,3.70997
-0.486652,539.484,30.0562,152.99,3.79266
-1.79275,587.818,31.2946,160.8,3.63501
0.990587,521.338,30.5626,153.941,3.98396
-2.24527,520.905,27.2967,140.72,3.58271
-0.175896,515.459,29.0281,147.429,3.83171
-2.20438,507.451,26.6298,137.241,3.58739
0.252238,589.929,33.7165,170.719,3.88653
-1.09912,525.441,28.6582,146.517,3.71746
-2.61085,538.218,27.8446,143.928,3.54129
-2.79991,548.637,28.1957,145.944,3.52015
-2.05693,585.581,30.8889,159.02,3.60434
0.549362,552.126,31.8805,161.082,3.92529
-0.430739,560.337,31.2785,159.148,3.79964
1.08793,551.902,32.4626,163.399,3.99709
-3.82616,595.696,29.5255,153.985,3.40867
-2.32799,589.725,30.8136,158.946,3.57328
-3.31764,581.628,29.3511,152.502,3.46324
-2.04349,506.085,26.7081,137.483,3.60589
0.811178,548.867,31.9789,161.28,3.95994
-4.24091,552.064,26.9635,141.056,3.36511
-2.70358,541.295,27.9127,144.377,3.5309
0.858039,521.406,30.4279,153.406,3.96619
-4.00728,563.658,27.7589,144.966,3.38955
1.67204,558.536,33.5163,168.01,4.07728
1.25026,593.259,35.0899,176.421,4.01912
-4.74553,556.303,26.6872,140.136,3.31324
-4.43729,540.435,26.212,137.325,3.34478
0.55727,553.974,31.9959,161.656,3.92633
1.1399,572.996,33.7634,169.885,4.00412
-0.88011,590.076,32.4293,165.536,3.74409
-1.98159,544.52,28.7988,148.179,3.61305
-2.71612,596.924,30.7678,159.16,3.5295
-3.09142,558.305,28.3997,147.314,3.48793
-1.30691,560.791,30.3659,155.48,3.69246
1.48528,586.089,34.9458,175.407,4.05137
0.848289,524.385,30.5914,154.242,3.96489
-0.0308078,559.515,31.6675,160.667,3.85015
-2.01449,557.638,29.4586,151.61,3.60924
-1.34895,503.746,27.2371,139.503,3.68744
-3.07276,596.738,30.3747,157.537,3.48998
-3.25458,538.366,27.2284,141.408,3.47009
-2.95827,512.407,26.1874,135.706,3.50259
0.691399,521.31,30.2485,152.682,3.94403
0.0659492,547.211,31.0747,157.551,3.86253
-2.48173,551.189,28.6452,147.926,3.55584
-3.12936,500.862,25.4436,132.017,3.48377
-0.307524,553.49,31.0283,157.736,3.81509
-0.920196,531.937,29.1934,149.061,3.73919
1.60199,524.147,31.3774,157.366,4.06753
-2.54714,530.156,27.4889,142.023,3.54846
-1.14872,507.24,27.6178,141.248,3.71147
-2.54619,597.208,30.9666,159.99,3.54856
-3.17004,560.372,28.426,147.536,3.47932
-0.276315,597.842,33.5508,170.521,3.81902
1.04517,531.974,31.2446,157.316,3.99131
-2.58414,562.437,29.1249,150.516,3.54429
0.82557,534.418,31.1524,157.096,3.96186
-3.11702,570.321,28.9848,150.377,3.48513
-2.86622,555.322,28.4728,147.45,3.51278
-4.14301,554.154,27.1597,141.98,3.37532
-1.22325,531.345,28.8553,147.657,3.7025
1.26685,510.599,30.2179,151.909,4.02139
-3.388,599.47,30.1764,156.872,3.45561
1.75171,584.062,35.1436,176.069,4.08841
-3.61169,579.839,28.9584,150.789,3.43152
1.75325,555.026,33.3981,167.323,4.08862
-0.367916,513.666,28.7357,146.144,3.80751
-2.87339,519.18,26.613,137.826,3.51199
-0.929386,503.584,27.6286,141.081,3.73807
-4.90251,575.426,27.4505,144.314,3.29734
1.63667,526.465,31.5536,158.211,4.07235
-3.52495,544.268,27.2654,141.882,3.44083
0.327343,574.222,32.9039,166.515,3.89627
0.895927,544.414,31.8119,160.341,3.97126
-2.71257,544.4,28.064,145.169,3.52989
-0.10875,549.363,31.0093,157.416,3.84023
1.60783,521.171,31.2055,156.498,4.06834
0.137051,566.686,32.2597,163.476,3.87166
-3.03893,564.264,28.7559,149.105,3.4937
0.475613,596.092,34.3319,173.559,3.91561
0.122934,548.601,31.215,158.198,3.86985
-0.958902,533.96,29.2651,149.469,3.73447
-1.47015,591.967,31.8722,163.386,3.67301
1.0769,537.96,31.6306,159.224,3.99559
-2.89046,544.196,27.8785,144.398,3.5101
-3.59084,568.42,28.4091,147.906,3.43376
-3.09252,505.384,25.7067,133.346,3.48781
-1.38473,539.962,29.1589,149.384,3.68317
-2.87736,540.065,27.6797,143.354,3.51155
-2.81778,525.171,26.9728,139.632,3.51817
-3.25962,565.633,28.6024,148.549,3.46954
-2.48596,596.891,31.0157,160.173,3.55536
-3.24957,590.153,29.8529,155.032,3.47064
0.163719,588.307,33.5213,169.837,3.8751
1.93792,559.537,33.8825,169.53,4.11461
1.7629,539.361,32.4662,162.643,4.08997
1.6165,595.994,35.6962,179.008,4.06954
-1.34873,517.268,27.9684,143.248,3.68746
1.84637,550.192,33.2127,166.285,4.10169
-4.85266,505.986,24.1809,127.077,3.30238
-1.1938,500.196,27.1916,139.114,3.70604
-0.319782,586.512,32.8655,167.09,3.81355
0.442663,530.617,30.5262,154.356,3.9113
0.7927,522.87,30.4448,153.563,3.95748
-2.98853,576.778,29.4459,152.626,3.49926
-4.91681,593.304,28.289,148.738,3.2959
-3.17825,597.465,30.2988,157.266,3.47842
0.156078,531.149,30.2565,153.304,3.87411
-1.70818,573.083,30.6003,157.136,3.64491
-2.40894,586.555,30.5611,157.736,3.56408
-4.15292,590.41,28.9265,151.227,3.37428
-2.85825,564.135,28.9328,149.823,3.51367
1.54452,564.911,33.7513,169.34,4.05956
-4.27914,539.025,26.2909,137.577,3.36114
-0.670379,530.625,29.375,149.719,3.76986
-3.62537,596.2,29.7611,154.984,3.43006
-2.04089,577.74,30.4924,156.961,3.60619
-0.201931,542.85,30.5432,155.152,3.82841
0.513165,589.092,33.9726,171.697,3.92054
0.809662,571.477,33.2945,167.916,3.95974
1.62799,539.465,32.3232,162.08,4.07114
-0.610175,538.531,29.8749,152.202,3.77731
-2.32951,515.473,26.9324,138.927,3.5731
-4.4569,582.241,28.2199,147.866,3.34276
-2.72559,565.212,29.1235,150.664,3.52844
0.894374,541.56,31.6434,159.494,3.97105
0.969616,580.289,33.9941,171.251,3.98114
1.64113,506.137,30.3399,152.121,4.07297
-1.13332,579.967,31.5945,161.569,3.71333
-3.98702,500.356,24.6591,128.758,3.39168
1.52009,589.039,35.1635,176.456,4.05618
1.07423,541.598,31.8415,160.289,3.99523
1.161,503.788,29.7069,149.451,4.00698
-1.19299,538.165,29.2565,149.677,3.70614
-1.18459,555.11,30.1865,154.426,3.70715
-4.8882,527.744,25.1888,132.409,3.29879
-2.83433,552.123,28.3405,146.73,3.51633
-2.31198,579.277,30.2847,156.199,3.5751
-4.67074,558.922,26.8844,141.093,3.32085
-0.371233,538.725,30.134,153.26,3.80709
-3.11379,594.344,30.2091,156.726,3.48548
-3.80655,584.106,28.9711,151.072,3.41075
1.433,500.516,29.7902,149.583,4.04416
-4.10998,519.677,25.4999,133.27,3.37877
-1.06412,554.221,30.2647,154.691,3.7217
0.344912,516.247,29.5997,149.775,3.89856
-1.37413,505.699,27.3187,139.946,3.68443
-0.0967225,517.358,29.2149,148.293,3.84176
-2.41528,590.89,30.7801,158.874,3.56336
-2.54906,558.715,28.9678,149.666,3.54824
-4.70947,502.972,24.1598,126.831,3.3169
1.67109,548.864,32.9348,165.097,4.07714
-3.80909,520.907,25.8342,134.717,3.41048
-0.161688,500.041,28.1737,143.075,3.83351
-0.825632,566.684,31.2027,159.212,3.75075
1.08965,506.029,29.7661,149.825,3.99732
-2.04854,537.686,28.3708,146.048,3.60531
-2.693,558.039,28.7869,148.887,3.53208
1.6701,510.434,30.6278,153.533,4.07701
-3.22075,546.656,27.6806,143.721,3.47378
-2.8397,556.722,28.5712,147.931,3.51573
-1.9488,581.209,30.7745,158.307,3.61685
-4.04721,533.907,26.2565,137.161,3.38535
-2.34302,582.915,30.4417,157.045,3.57157
1.90048,582.316,35.2168,176.252,4.10932
-0.777096,558.739,30.8171,157.19,3.75671
0.743831,532.327,30.9435,156.132,3.95098
-3.6456,544.062,27.1391,141.351,3.42789
-3.7749,501.383,24.896,129.792,3.41411
-1.35739,508.952,27.5105,140.911,3.68643
1.58789,579.901,34.6984,174.039,4.06557
-0.257877,578.04,32.4602,164.957,3.82135
0.906588,551.784,32.2543,162.559,3.97269
1.46355,513.96,30.6223,153.729,4.04837
-2.64844,574.704,29.693,153.524,3.53707
-3.59535,567.712,28.3692,147.703,3.43327
-3.76662,507.958,25.2299,131.524,3.41499
-2.90987,520.62,26.6526,138.068,3.50795
-2.19059,512.177,26.8908,138.572,3.58897
-1.85157,556.872,29.5862,152.087,3.62815
-1.05758,545.228,29.7804,152.209,3.72249
0.965838,507.543,29.7286,149.767,3.98063
1.91682,502.923,30.4324,152.29,4.11163
-1.92778,587.46,31.1283,160.102,3.61928
-3.36904,567.515,28.587,148.589,3.45766
-2.29163,554.429,29.0063,149.583,3.57742
1.41986,529.901,31.525,158.309,4.04235
0.341927,586.833,33.6434,170.24,3.89817
0.959199,588.749,34.4773,173.698,3.97974
1.55777,557.594,33.3293,167.207,4.06139
0.0851489,523.062,29.723,150.677,3.86499
-0.229398,523.1,29.404,149.395,3.82494
1.42664,587.486,34.9589,175.545,4.04328
0.972418,584.317,34.2333,172.453,3.98152
-2.42819,515.9,26.8617,138.662,3.5619
-2.59263,589.615,30.5232,157.752,3.54334
1.19373,580.828,34.2881,172.459,4.01143
-4.17747,543.261,26.5933,139.054,3.37172
0.395211,523.308,30.0566,152.033,3.90511
-2.03034,515.561,27.2207,140.109,3.60741
-1.37548,562.278,30.3738,155.598,3.68427
-0.273082,528.99,29.6902,150.896,3.81943
-0.0880864,528.508,29.8534,151.525,3.84286
-0.977867,599.899,32.8574,167.839,3.73216
-1.57938,581.227,31.175,159.938,3.66007
-3.13116,563.288,28.6131,148.464,3.48358
1.76693,533.646,32.1267,160.937,4.09054
-4.3097,503.918,24.5519,128.506,3.35797
-4.01369,538.921,26.5346,138.579,3.38887
0.847652,572.475,33.3962,168.384,3.96481
-0.198314,562.551,31.6556,160.799,3.82887
-1.10092,564.128,30.7663,157.297,3.71724
-2.93938,512.144,26.1914,135.708,3.50468
-1.55131,531.258,28.5228,146.301,3.66339
1.38248,525.69,31.2344,156.891,4.03721
-3.87866,594.556,29.4143,153.465,3.40311
-1.4602,543.12,29.2524,149.945,3.67419
1.32624,579.153,34.3448,172.583,4.0295
-4.49546,599.443,29.0139,152.07,3.33879
0.379966,583.138,33.4754,169.344,3.90312
-0.272226,568.288,31.8968,162.11,3.81954
-3.06419,571.19,29.083,150.828,3.49092
-2.02507,506.101,26.7262,137.558,3.60802
0.770906,500.346,29.1116,146.861,3.95458
0.339685,562.832,32.2649,163.267,3.89788
-2.13886,568.61,29.9078,154.061,3.59491
1.22382,520.709,30.7708,154.735,4.01552
-0.210688,597.785,33.6239,170.812,3.82731
1.36084,589.16,34.9796,175.73,4.03424
0.0389677,541.288,30.7098,155.731,3.85907
-0.0822877,536.075,30.2869,153.719,3.84359
0.735659,512.915,29.8068,150.405,3.9499
-3.92399,528.013,26.0803,136.116,3.39832
-0.646108,524.073,29.0367,147.97,3.77286
0.425836,506.059,29.0965,147.144,3.9091
-2.7884,570.757,29.3443,151.877,3.52143
-4.4613,557.555,27.0193,141.58,3.34231
-4.60899,509.482,24.5602,128.836,3.32715
-1.58953,563.755,30.2272,155.087,3.65888
-1.30401,591.068,32.0085,163.888,3.69281
-1.82102,534.34,28.4194,146.056,3.63171
-2.40438,587.651,30.6231,158.051,3.5646
-4.3155,506.66,24.6804,129.184,3.35737
-2.75056,549.524,28.2903,146.381,3.52565
-0.0946159,591.371,33.3968,169.518,3.84203
-3.48901,577.898,28.9869,150.801,3.4447
-4.44854,556.253,26.9684,141.3,3.34362
1.36684,556.206,33.0299,165.928,4.03507
-0.285268,576.039,32.3172,164.262,3.8179
-2.60474,594.806,30.7788,159.087,3.54198
-0.604305,567.924,31.5119,160.535,3.77803
-4.05821,554.31,27.2493,142.358,3.3842
-1.71404,523.413,27.9425,143.494,3.64423
-0.66357,565.935,31.3371,159.712,3.7707
0.187798,536.009,30.5668,154.842,3.8782
-0.214832,570.204,32.0679,162.913,3.82678
-0.584137,534.384,29.6717,151.138,3.78054
-0.11583,557.494,31.4606,159.714,3.83933
-1.20088,597.518,32.4742,166.148,3.70519
-3.74891,505.396,25.1184,130.926,3.41687
0.499111,558.231,32.1773,162.64,3.91869
0.595832,502.87,29.0829,146.898,3.93141
-2.54026,528.984,27.4348,141.736,3.54923
-1.89397,548.504,29.0985,149.626,3.62321
-2.07998,526.465,27.7482,142.875,3.60168
-2.93066,559.366,28.6152,148.257,3.50565
-3.31939,588.29,29.6854,154.242,3.46305
-1.70643,531.465,28.3798,145.732,3.64512
1.26976,539.61,31.938,160.552,4.02178
0.30463,562.996,32.2354,163.158,3.89332
0.31941,543.837,31.1542,157.67,3.89524
-1.72725,566.53,30.2303,155.258,3.64268
1.58353,549.486,32.8736,164.891,4.06496
-4.81081,590,28.238,148.352,3.30661
-1.26096,541.249,29.3546,150.253,3.69797
-1.09316,577.591,31.509,161.085,3.71818
1.94087,515.499,31.2189,156.2,4.11503
-0.526396,556.195,30.9445,157.557,3.78771
0.188754,561.411,32.0165,162.184,3.87833
-1.16242,525.872,28.6186,146.381,3.70982
0.120303,592.274,33.6969,170.779,3.86951
-0.192115,574.099,32.3123,164.128,3.82966
1.41576,544.112,32.3659,162.536,4.04179
1.80494,515.291,31.0619,155.562,4.09587
-3.3748,593.947,29.9123,155.484,3.45704
-0.529433,564.063,31.379,159.772,3.78733
1.14158,511.675,30.1519,151.711,4.00435
-3.16591,551.232,27.9664,145.146,3.47977
-2.61237,596.54,30.8602,159.517,3.54112
-2.97935,546.512,27.9097,144.654,3.50027
-3.57048,594.113,29.7146,154.679,3.43594
0.353376,571.292,32.7654,165.783,3.89966
-2.29983,502.152,26.2638,135.448,3.57648
-3.04158,588.126,29.9692,155.399,3.49341
-3.0776,516.378,26.2797,136.304,3.48945
-3.75819,529.801,26.3227,137.212,3.41589
1.52182,563.95,33.6678,168.948,4.05641
-2.6869,570.376,29.4296,152.205,3.53277
-2.24381,539.013,28.2471,145.617,3.58288
0.149556,506.49,28.8453,146.161,3.87327
-3.08474,595.463,30.2969,157.148,3.48867
-2.42649,540.705,28.1549,145.335,3.56209
-2.87639,561.021,28.7547,148.921,3.51166
-0.117454,502.375,28.3485,143.917,3.83912
-4.79009,513.193,24.5801,129.115,3.30871
-3.98274,578.35,28.5072,148.847,3.39213
1.56656,524.091,31.3361,157.198,4.06261
-2.88816,506.006,25.9242,134.273,3.51035
-1.61986,533.53,28.5763,146.649,3.6553
-0.808812,591.534,32.59,166.271,3.75282
-3.83367,524.045,25.9672,135.435,3.40787
-4.18234,555.481,27.1868,142.163,3.37121
-0.129428,517.316,29.1795,148.149,3.8376
0.0830643,564.36,32.0675,162.565,3.86473
-4.48898,511.984,24.7864,129.907,3.33946
1.99592,597.444,36.2496,181.3,4.12282
-3.21109,576.856,29.2198,151.702,3.47484
1.88136,533.915,32.2686,161.519,4.10662
-3.35013,503.072,25.3577,131.785,3.45971
-2.3737,599.949,31.2976,161.496,3.56808
1.19565,557.325,32.9029,165.489,4.01169
-4.51724,554.34,26.81,140.542,3.33656
-0.646694,590.926,32.7401,166.843,3.77279
-0.913858,579.018,31.7843,162.283,3.73996
-2.74345,541.182,27.8678,144.187,3.52645
-1.94536,530.032,28.0681,144.381,3.61724
-3.06137,595.917,30.3451,157.37,3.49123
-3.01562,531.649,27.116,140.577,3.49627
-4.42119,542.457,26.3251,137.901,3.34644
-2.7892,504.173,25.9203,134.156,3.52135
-2.19551,508.19,26.6769,137.475,3.58841
1.89072,551.683,33.3531,166.936,4.10794
-2.72507,515.941,26.5853,137.533,3.5285
-2.94215,580.083,29.663,153.699,3.50438
-1.07891,569.876,31.1036,158.996,3.7199
-0.376332,556.248,31.1087,158.222,3.80645
-1.60219,545.09,29.2135,149.9,3.65738
1.12195,520.216,30.6346,154.161,4.00169
-2.94091,516.765,26.4263,136.927,3.50451
-2.25078,583.52,30.572,157.611,3.58208
-3.2646,513.692,25.9713,134.889,3.469
1.40136,592.988,35.2558,177.067,4.03981
-2.74558,513.372,26.4338,136.77,3.52621
-4.17967,586.937,28.7291,150.225,3.37149
1.1512,566.803,33.4114,168.1,4.00565
-1.64055,536.372,28.7078,147.346,3.65286
1.7084,595.34,35.7691,179.258,4.08235
-4.23499,591.377,28.8896,151.126,3.36573
0.228324,581.366,33.1997,168.131,3.88344
-2.63636,596.423,30.8282,159.379,3.53843
0.333611,516.796,29.6196,149.888,3.89709
-2.05003,593.124,31.2944,161.099,3.60514
-2.82039,526.152,27.0207,139.883,3.51788
-4.96126,580.665,27.6425,145.387,3.29142
-2.22052,569.7,29.8796,154.007,3.58554
1.6138,597.016,35.7541,179.302,4.06917
-2.48105,520.233,27.0371,139.621,3.55591
-1.80066,560.788,29.8473,153.372,3.63409
-3.6064,540.151,26.9814,140.489,3.43209
-0.430999,533.038,29.7543,151.393,3.79961
-1.37637,581.993,31.4378,161.05,3.68417
-1.24538,512.435,27.807,142.315,3.69984
-4.87582,523.108,24.9785,131.292,3.30004
0.52199,584.743,33.7321,170.47,3.92169
-2.66281,540,27.8859,144.195,3.53546
-2.79655,513.727,26.4047,136.67,3.52053
-0.887292,516.824,28.3964,144.958,3.74321
1.16862,521.137,30.7379,154.63,4.00802
1.86459,533.477,32.2237,161.313,4.10426
-1.64338,556.526,29.7836,152.87,3.65253
-3.33791,599.768,30.2448,157.17,3.46104
-0.743318,564.993,31.1986,159.097,3.76086
-0.7069,550.083,30.4136,155.054,3.76535
-0.0128009,522.915,29.6144,150.231,3.85245
-3.84726,527.538,26.1278,136.286,3.40643
-4.71552,561.323,26.9569,141.521,3.31629
1.87692,543.808,32.8615,164.492,4.106
-2.96645,594.37,30.3676,157.378,3.50169
-3.02337,567.115,28.9171,149.923,3.49542
-3.34628,589.474,29.7169,154.436,3.46013
-3.835,553.337,27.4174,143,3.40773
-1.00914,517.117,28.2925,144.554,3.72836
-1.95916,584.884,30.9578,159.262,3.61564
-1.31059,505.792,27.3843,140.218,3.69202
-0.490772,582.804,32.465,165.256,3.79215
-3.14826,597.543,30.3348,157.418,3.4817
1.43133,528.233,31.438,157.859,4.04393
-4.94475,509.376,24.2631,127.597,3.29308
-2.55548,582.115,30.1742,155.906,3.54752
-2.32864,524.372,27.3982,141.329,3.5732
-1.64122,549.097,29.3882,150.839,3.65278
-3.97395,592.244,29.2011,152.46,3.39305
-2.0173,515.461,27.2279,140.132,3.60892
1.33794,525.903,31.1994,156.765,4.03111
-2.3196,569.499,29.7656,153.53,3.57423
-0.653464,545.454,30.2136,153.975,3.77195
-0.191744,540.135,30.4011,154.419,3.8297
-0.791165,582.509,32.1124,163.814,3.75498
-1.48909,549.35,29.5582,151.544,3.67076
1.01889,558.886,32.7957,165.156,3.98777
1.18049,592,34.9318,175.713,4.00963
-2.87847,590.033,30.2395,156.613,3.51143
1.6975,582.14,34.9631,175.232,4.08083
-2.70233,518.821,26.755,138.388,3.53104
1.08783,580.077,34.1197,171.74,3.99707
0.994292,541.914,31.7729,160.033,3.98446
-2.17379,516.729,27.1457,139.869,3.5909
-4.31847,537.891,26.199,137.136,3.35706
-1.59072,572.993,30.7212,157.623,3.65874
-0.773434,587.136,32.3874,165.196,3.75716
-2.26713,589.176,30.8506,159.066,3.58022
1.60699,585.108,35.0328,175.693,4.06822
1.17356,526.931,31.0849,156.37,4.00869
-3.2483,569.45,28.8069,149.599,3.47078
1.11964,559.576,32.9498,165.814,4.00137
-4.66389,527.245,25.3669,133.122,3.32155
-3.22983,563.309,28.5148,148.062,3.47279
-4.83528,582.591,27.8591,146.388,3.30413
-3.97773,568.615,28.0323,146.362,3.39265
-0.420429,522.586,29.1816,148.468,3.80093
1.33646,575.513,34.1409,171.546,4.0309
-0.324959,591.393,33.1331,168.457,3.8129
0.747766,535.541,31.1345,157.092,3.95151
-1.7263,578.834,30.8879,158.634,3.64279
-1.43769,512.87,27.6448,141.682,3.67686
0.408333,547.695,31.4715,159.175,3.90682
1.29457,590.978,35.0081,175.955,4.02517
-0.649311,533.79,29.5718,150.7,3.77246
-1.91844,514.447,27.2684,140.24,3.62037
-4.27239,543.964,26.5382,138.864,3.36184
-1.145,557.686,30.3684,155.312,3.71192
-3.8611,586.134,29.0156,151.365,3.40497
-2.30424,564.099,29.4992,152.139,3.57598
0.279354,517.521,29.6058,149.876,3.89004
1.34079,553.921,32.8649,165.129,4.0315
-1.73705,565.769,30.1794,155.007,3.64153
-4.17944,506.204,24.7776,129.562,3.37152
-1.63555,511.144,27.3623,140.435,3.65345
-3.04221,540.006,27.5165,142.682,3.49334
-0.162342,586.262,33.0309,167.742,3.83343
1.71875,546.302,32.8345,164.539,4.0838
-4.69672,570.122,27.3977,143.815,3.3182
-4.48055,519.989,25.1816,131.969,3.34033
0.107615,558.62,31.7682,161.02,3.86788
-3.52632,543.172,27.2092,141.591,3.44069
-0.982419,573.23,31.3917,160.357,3.73161
-0.0699262,553.42,31.2802,158.747,3.84517
-0.728801,539.189,29.7887,151.892,3.76265
-4.91803,530.346,25.286,132.95,3.29578
-0.0577523,541.604,30.6252,155.409,3.84672
-2.19349,503.841,26.4504,136.305,3.58864
-0.0756399,502.349,28.388,144.075,3.84444
0.425355,529.538,30.446,153.969,3.90904
-3.46047,521.781,26.1985,136.266,3.44778
-1.64312,545.268,29.1813,149.779,3.65256
-0.395857,506.378,28.3005,143.96,3.80401
-2.72858,500.428,25.7827,133.384,3.52811
-1.11123,596.512,32.5208,166.279,3.716
1.93358,529.425,32.0543,160.388,4.114
-0.465695,529.245,29.5071,150.172,3.79527
-3.90772,578.367,28.5839,149.165,3.40004
-3.36384,599.61,30.2092,157.014,3.45822
-4.82316,585.358,28.0035,147.133,3.30536
-1.50387,538.242,28.9456,148.419,3.66901
-2.63049,573.232,29.6356,153.207,3.53909
0.0983944,579.612,32.9516,167.028,3.86669
0.490134,574.23,33.0893,167.26,3.91752
-2.49702,553.376,28.7435,148.45,3.55411
-4.49835,548.769,26.5585,139.204,3.3385
-1.82197,506.303,26.9274,138.389,3.6316
-2.70612,518.625,26.7413,138.321,3.53062
-3.74646,540.865,26.8835,140.124,3.41713
-2.87087,547.461,28.0651,145.343,3.51227
-0.353055,529.436,29.6331,150.692,3.80937
0.316507,587.785,33.6685,170.398,3.89486
-1.9556,532.21,28.1733,144.933,3.61606
-1.59723,559.547,29.9935,153.896,3.65797
1.58669,547.016,32.7294,164.164,4.0654
-2.2701,530.544,27.7776,143.225,3.57988
-0.200629,537.068,30.2192,153.505,3.82858
-2.14342,599.914,31.5493,162.522,3.59438
0.904204,505.911,29.5705,149.035,3.97237
-3.54482,549.679,27.5171,143.213,3.4387
-2.14404,539.179,28.3547,146.066,3.59431
-3.50012,549.949,27.5742,143.463,3.4435
-1.43909,511.604,27.5752,141.326,3.6767
-0.207459,593.006,33.3587,169.462,3.82772
-4.14158,512.083,25.0991,131.206,3.37547
1.31361,585.007,34.6769,174.267,4.02777
1.10107,596.406,35.0961,176.638,3.99886
0.592079,528.636,30.569,154.409,3.93091
-4.12557,549.186,26.9329,140.776,3.37714
0.388006,572.803,32.8912,166.379,3.90417
-2.62829,572.447,29.5973,153.007,3.53933
1.57755,549.072,32.8421,164.74,4.06413
1.18546,557.877,32.924,165.607,4.0103
-3.01869,562.3,28.6763,148.669,3.49593
-0.310355,516.139,28.9316,147.08,3.81474
0.755043,582.964,33.9001,171.037,3.95247
-3.6562,591.898,29.5142,153.733,3.42676
0.123657,533.226,30.3409,153.767,3.86994
1.48895,579.758,34.5727,173.529,4.05187
-4.6953,543.038,26.0975,136.989,3.31835
-2.27122,512.042,26.8079,138.226,3.57975
-3.11477,506.998,25.7686,133.689,3.48537
-1.97765,508.399,26.8921,138.364,3.6135
-0.594842,557.62,30.9504,157.664,3.77921
0.156447,549.546,31.3049,158.616,3.87416
0.697715,509.103,29.5466,149.133,3.94487
-0.824181,527.956,29.0717,148.337,3.75093
-1.60864,543.589,29.1265,149.46,3.65662
-0.853769,553.943,30.4713,155.512,3.74731
-4.88908,527.125,25.1584,132.25,3.2987
-2.70969,589.602,30.3973,157.236,3.53022
-2.29893,589.554,30.8361,159.028,3.57659
-4.09691,519.277,25.492,133.216,3.38014
-4.57772,575.742,27.7853,145.72,3.33035
-1.23958,515.6,27.9844,143.217,3.70053
0.483411,509.763,29.3677,148.455,3.91664
-3.64288,554.645,27.6697,144.111,3.42819
1.90136,552.283,33.4015,167.166,4.10944
-0.27181,549.833,30.8614,156.847,3.81959
-3.05024,548.277,27.9301,144.834,3.49246
1.85848,546.992,33.0332,165.372,4.1034
-2.08814,564.361,29.7371,153.125,3.60074
1.23177,573.049,33.873,170.325,4.0166
-1.90758,570.766,30.2651,155.64,3.62163
-1.09196,577.051,31.4809,160.94,3.71833
0.456646,512.324,29.4881,149.092,3.91313
-1.319,522.873,28.3007,144.919,3.69102
-3.47196,504.069,25.2989,131.598,3.44654
1.15518,508.39,29.9723,150.793,4.00619
-3.27323,506.99,25.6246,133.097,3.46806
-4.03684,575.482,28.3115,147.884,3.38644
1.38562,566.678,33.6734,169.138,4.03764
-0.979668,559.088,30.6202,156.413,3.73195
-2.43683,572.637,29.8068,153.874,3.56092
-3.06316,585.003,29.7874,154.48,3.49104
1.15774,558.952,32.9561,165.801,4.00654
-0.119289,512.844,28.9374,146.909,3.83889
0.847264,510.254,29.766,150.081,3.96475
1.17833,523.968,30.9152,155.511,4.00933
1.21102,514.527,30.3922,152.845,4.01378
-2.16234,534.629,28.0974,144.76,3.59221
-1.51743,529.833,28.4799,146.046,3.6674
-0.82552,510.209,28.0932,143.346,3.75077
-0.0142067,575.581,32.5955,165.356,3.85227
1.31011,569.297,33.7417,169.572,4.0273
0.528721,588.858,33.9773,171.702,3.92258
0.964563,503.81,29.5087,148.66,3.98046
-1.75925,571.445,30.4585,156.466,3.63893
-1.3148,504.756,27.3242,139.914,3.69152
1.07435,535.322,31.4727,158.432,3.99525
-1.51536,579.687,31.1619,159.797,3.66765
0.484824,588.017,33.8776,171.251,3.91682
0.494264,555.86,32.0353,161.928,3.91806
-4.34993,543.402,26.4379,138.419,3.3538
-3.69212,553.837,27.5813,143.703,3.42293
-3.41252,599.762,30.1649,156.841,3.45295
-0.0288115,532.838,30.1597,153.015,3.85041
1.57466,501.417,29.9888,150.43,4.06373
0.282738,593.581,33.9609,171.919,3.89048
1.66054,536.151,32.1604,161.227,4.07567
-1.06891,501.89,27.4024,140.066,3.72111
0.574476,565.7,32.6925,165.155,3.92859
1.09206,574.502,33.7967,170.109,3.99764
-1.34055,581.554,31.4533,161.087,3.68844
-3.8583,517.49,25.6201,133.649,3.40526
-3.41029,508.889,25.5965,133.085,3.4532
0.124878,528.181,30.0551,152.318,3.8701
-1.60034,531.638,28.4944,146.208,3.6576
-4.97393,570.735,27.1575,142.849,3.29015
0.127636,550.861,31.3486,158.87,3.87045
-4.6038,506.789,24.4349,128.174,3.32768
-0.630781,560.802,31.0882,158.407,3.77475
-2.07342,514.205,27.1082,139.573,3.60244
-3.57226,507.139,25.363,132.029,3.43575
-0.854476,578.167,31.8031,162.31,3.74722
-4.6099,582.817,28.0945,147.377,3.32706
-0.176893,506.422,28.5182,144.84,3.83158
-2.32095,570.513,29.8171,153.798,3.57408
-1.3878,568.373,30.6898,157.231,3.6828
0.742992,558.508,32.4644,163.807,3.95087
1.84173,592.581,35.7659,179.074,4.10104
-2.95115,549.365,28.0833,145.523,3.50338
0.130781,589.64,33.5591,170.069,3.87086
-4.87038,536.178,25.6076,134.592,3.30058
-2.29063,551.52,28.8551,148.803,3.57753
-2.0785,502.617,26.4926,136.409,3.60185
-1.68792,541.612,28.9404,148.59,3.64729
1.50864,530.299,31.6446,158.81,4.05459
0.841184,570.172,33.2544,167.677,3.96394
-0.109556,510.67,28.8244,146.325,3.84013
-0.66794,549.31,30.412,155.002,3.77016
-2.3827,526.017,27.4322,141.56,3.56706
-3.15575,575.8,29.2233,151.658,3.48088
-1.31687,522.387,28.2765,144.793,3.69127
-4.06595,575.782,28.297,147.84,3.38339
-1.12975,511.156,27.8494,142.413,3.71376
1.05085,586.313,34.4428,173.412,3.99208
-0.0833776,563.913,31.8585,161.697,3.84346
-1.66952,570.301,30.4929,156.541,3.64945
0.158893,501.263,28.5569,144.69,3.87448
0.055295,544.387,30.903,156.692,3.86116
-0.064235,552.489,31.2337,158.505,3.84589
-4.28679,527.974,25.7449,134.727,3.36035
-1.09371,580.993,31.694,162.032,3.71811
-3.75882,559.352,27.7903,144.863,3.41582
0.704281,558.332,32.4111,163.583,3.94574
-4.12668,549.443,26.9445,140.837,3.37703
-2.32364,554.161,28.9598,149.378,3.57377
1.60939,567.186,33.9625,170.322,4.06856
0.288569,593.671,33.9729,171.972,3.89124
-4.45508,504.264,24.4422,128.07,3.34295
-3.46416,512.568,25.7326,133.846,3.44738
0.302713,560.117,32.0684,162.315,3.89307
-2.55072,582.782,30.2138,156.105,3.54805
-4.42458,527.047,25.5742,133.971,3.34609
-3.29636,593.815,29.9886,155.79,3.46555
0.795059,503.535,29.3214,147.894,3.95779
-2.75043,588.83,30.314,156.852,3.52567
-4.06666,572.192,28.1199,146.916,3.38331
-3.55598,502.2,25.1304,130.802,3.4375
-4.85847,590.004,28.1902,148.154,3.30179
-3.99814,531.704,26.1937,136.783,3.39051
1.94131,510.651,30.9258,154.732,4.11509
0.51037,552.311,31.8484,160.964,3.92017
-3.2336,551.713,27.9241,144.999,3.47238
0.887225,502.219,29.3375,147.879,3.97009
-2.25708,513.456,26.8952,138.662,3.58136
-2.94858,559.99,28.629,148.348,3.50367
-0.563027,541.728,30.1014,153.304,3.78316
-0.546647,598.3,33.2638,169.39,3.78519
-0.248936,573.181,32.1973,163.61,3.82248
-0.820394,515.369,28.3823,144.816,3.7514
-2.04405,536.991,28.3386,145.877,3.60583
1.55114,565.016,33.7653,169.403,4.06047
-1.94081,546.168,28.9272,148.795,3.61777
0.387746,596.751,34.2661,173.334,3.90413
-2.86911,561.743,28.7991,149.143,3.51246
-3.53569,513.039,25.6912,133.701,3.43968
-1.44085,543.629,29.2996,150.166,3.67649
-3.25006,506.597,25.6257,133.08,3.47059
0.802014,529.326,30.8307,155.499,3.95872
-2.05885,556.965,29.3775,151.241,3.60412
-4.45014,520.289,25.2233,132.158,3.34346
-3.1867,547.989,27.7815,144.208,3.4775
-3.58456,599.519,29.9701,156.025,3.43443
-4.64697,547.297,26.3475,138.251,3.32327
0.780385,541.442,31.5129,158.964,3.95584
-0.786975,528.957,29.1645,148.771,3.7555
-3.4407,521.795,26.2175,136.345,3.44991
1.033,518.572,30.4447,153.302,3.98967
-2.50528,571.87,29.6955,153.376,3.55318
-4.27058,504.471,24.613,128.788,3.36203
-3.91322,527.778,26.0786,136.096,3.39946
-4.70328,555.369,26.6825,140.068,3.31753
-3.41446,534.321,26.8718,139.72,3.45275
-2.43764,559.066,29.0995,150.224,3.56083
-1.39487,543.664,29.3484,150.366,3.68196
1.92294,544.683,32.9661,164.962,4.11249
-3.17152,539.984,27.3903,142.162,3.47916
-0.11712,521.912,29.4513,149.515,3.83917
-2.10701,503.981,26.538,136.671,3.59857
-0.25281,520.406,29.2289,148.53,3.82199
-3.21548,574.613,29.1017,151.093,3.47436
0.346246,565.442,32.4219,164.054,3.89873
-3.54217,582.76,29.1759,151.844,3.43898
1.74664,508.785,30.6087,153.355,4.0877
-2.63154,572.634,29.6036,153.043,3.53897
0.791436,531.001,30.917,155.946,3.95731
-1.97352,581.67,30.7723,158.324,3.61398
0.860461,569.579,33.2418,167.591,3.96652
-2.255,546.105,28.6075,147.487,3.5816
0.0103963,595.123,33.7308,171.085,3.85542
-4.11069,535.848,26.2927,137.414,3.3787
-2.18305,581.436,30.5352,157.343,3.58984
1.02266,534.443,31.3654,157.949,3.98828
-4.59178,575.492,27.7593,145.599,3.32891
-3.70194,571.215,28.4368,148.171,3.42188
-3.71163,544.906,27.1178,141.309,3.42084
-2.04712,590.442,31.156,160.384,3.60547
-4.38421,513.949,24.9745,130.79,3.35026
-1.50077,558.4,30.0329,153.991,3.66937
1.33972,590.124,35.0116,175.917,4.03135
-4.07733,512.588,25.1811,131.572,3.38219
-2.23872,546.204,28.629,147.581,3.58346
-0.80422,567.939,31.295,159.659,3.75338
-3.23529,586.192,29.6674,154.053,3.4722
1.75401,525.85,31.6433,158.53,4.08873
-4.38707,544.008,26.4324,138.428,3.34996
-1.56463,524.893,28.1679,144.495,3.66182
-2.07037,512.975,27.0463,139.251,3.60279
-2.14577,587.246,30.8806,159.08,3.59411
0.136556,552.635,31.4593,159.421,3.8716
-3.34622,511.149,25.7684,133.916,3.46013
-1.50125,532.036,28.6144,146.718,3.66932
1.96334,562.325,34.0808,170.492,4.11821
-2.10395,508.967,26.8035,138.035,3.59892
-0.960073,551.306,30.2146,154.32,3.73433
-3.63569,553.489,27.619,143.84,3.42895
-1.8637,516.746,27.4427,141.081,3.62673
0.324391,590.046,33.8072,171.09,3.89589
1.7259,593.085,35.655,178.664,4.0848
-1.45194,570.705,30.747,157.597,3.67517
-1.23753,599.966,32.5657,166.66,3.70078
-3.65823,523.895,26.1215,136.063,3.42654
-2.30938,582.389,30.4501,157.049,3.5754
-0.795343,523.069,28.8314,147.081,3.75447
-0.279719,598.819,33.6017,170.784,3.81859
-1.97524,574.195,30.375,156.282,3.61378
-2.76819,544.873,28.0335,145.071,3.52369
-4.21039,549.894,26.8866,140.622,3.36829
0.639967,556.647,32.2419,162.803,3.93723
-4.13336,530.234,25.9963,135.888,3.37633
-4.9742,543.798,25.8755,136.106,3.29012
0.360944,505.194,28.982,146.633,3.90064
0.891202,545.674,31.8803,160.691,3.97063
-1.92001,556.604,29.5013,151.726,3.62019
0.159207,517.992,29.5103,149.52,3.87452
-4.16457,576.006,28.2092,147.489,3.37307
-4.33599,571.969,27.8415,145.752,3.35525
1.52512,599.828,35.8138,179.713,4.05687
-0.721748,506.385,27.9832,142.678,3.76352
-0.531862,560.378,31.1714,158.718,3.78703
-2.83997,503.824,25.8562,133.874,3.5157
-4.12308,515.122,25.2646,132.053,3.3774
0.954168,506.83,29.675,149.509,3.97906
0.603948,560.085,32.4008,163.648,3.93248
-4.7483,509.641,24.4463,128.372,3.31295
-2.48676,557.732,28.9802,149.661,3.55527
1.9584,572.79,34.7093,173.642,4.11751
-2.933,587.207,30.0369,155.626,3.50539
-4.50085,580.17,28.0757,147.159,3.33824
1.96428,592.977,35.9398,179.79,4.11834
-3.31646,585.945,29.5701,153.639,3.46336
1.38035,504.212,29.9561,150.472,4.03692
0.160216,567.741,32.3456,163.885,3.87465
-1.33412,535.291,28.9576,148.299,3.68921
0.714001,554.851,32.2198,162.606,3.94702
-4.19235,529.14,25.8884,135.383,3.37017
-1.66239,537.256,28.7332,147.5,3.65029
-1.52672,550.619,29.5876,151.736,3.6663
-3.63591,535.065,26.6995,139.051,3.42893
-0.228202,591.505,33.2505,168.937,3.82509
-3.61132,577.131,28.8236,150.086,3.43156
-4.31483,535.935,26.1071,136.651,3.35744
-0.140578,538.674,30.3725,154.218,3.83619
1.43092,583.274,34.7134,174.306,4.04387
-0.491393,582.26,32.434,165.099,3.79207
-0.25073,543.239,30.5135,155.056,3.82225
-3.80951,583.639,28.945,150.939,3.41043
0.0575439,582.71,33.081,167.733,3.86145
0.0720146,500.465,28.4261,144.116,3.86331
-3.95479,558.075,27.5351,143.741,3.39507
1.10126,569.658,33.5223,168.717,3.99889
-0.0479329,559.749,31.662,160.659,3.84797
-0.379606,545.67,30.5137,155.2,3.80604
-3.73322,529.248,26.3185,137.165,3.41854
-1.02015,573.622,31.372,160.301,3.72703
-2.89914,517.695,26.5128,137.333,3.50914
0.339961,534.832,30.6601,155.146,3.89791
-0.424379,510.947,28.5277,145.145,3.80044
-2.16375,519.78,27.3156,140.734,3.59205
0.648399,550.156,31.8752,160.942,3.93834
-4.17789,526.789,25.7866,134.837,3.37168
-4.72096,512.899,24.6266,129.292,3.31573
1.68231,541.961,32.5331,163.07,4.07871
-3.35092,547.709,27.6069,143.475,3.45962
-2.66038,581.588,30.0361,155.311,3.53573
-4.53681,575.651,27.8214,145.865,3.33455
1.5265,552.04,32.962,165.401,4.05706
-4.96455,511.708,24.357,128.109,3.29109
-3.58979,524.62,26.221,136.513,3.43387
-1.25904,530.662,28.7824,147.322,3.6982
1.96594,583.335,35.3573,176.874,4.11857
-3.61579,564.599,28.1933,146.809,3.43108
0.774775,536.627,31.2267,157.527,3.95509
-2.01774,584.813,30.8907,158.984,3.60886
-0.173205,594.281,33.4701,169.986,3.83205
1.2844,544.179,32.2246,161.976,4.02378
-4.25604,555.835,27.1331,141.96,3.36354
-0.0845604,589.38,33.2959,168.994,3.8433
-0.187729,537.084,30.2336,153.564,3.83021
-4.90627,520.596,24.8316,130.549,3.29696
1.18559,506.745,29.9064,150.429,4.01032
-1.99941,558.126,29.5,151.806,3.61098
-2.98987,587.461,29.9898,155.447,3.49911
-3.33278,569.71,28.7343,149.314,3.46159
1.25128,574.587,33.9867,170.874,4.01926
-0.655911,560.196,31.0276,158.126,3.77165
-0.209579,508.823,28.6211,145.396,3.82745
-1.62312,581.633,31.1492,159.856,3.65491
-4.09813,576.139,28.2822,147.799,3.38001
-1.70745,571.399,30.5112,156.678,3.645
-1.95024,565.517,29.9421,154.026,3.61668
1.77532,560.981,33.7819,169.219,4.09171
-4.15306,514.346,25.1997,131.743,3.37427
-4.61845,574.626,27.6913,145.271,3.32619
-1.64893,547.05,29.2707,150.244,3.65188
0.377151,508.412,29.1829,147.632,3.90275
-1.27436,566.725,30.722,157.267,3.69636
-4.47298,548.667,26.5775,139.277,3.34111
0.534861,520.302,30.0279,151.737,3.92338
1.38476,514.283,30.5591,153.496,4.03753
-3.71763,593.954,29.5525,154.002,3.42021
-4.12268,501.051,24.5748,128.448,3.37744
0.481478,525.076,30.2478,152.906,3.91638
-0.126598,507.939,28.6534,145.475,3.83796
-0.156593,533.053,30.0389,152.542,3.83416
0.349577,596.728,34.2197,173.147,3.89916
-3.52837,534.427,26.7692,139.303,3.44046
-3.12702,511.163,25.9691,134.742,3.48403
-2.55809,552.532,28.6382,147.972,3.54722
0.453791,566.747,32.6173,164.917,3.91276
-2.85555,567.034,29.0842,150.604,3.51397
-0.413873,577.701,32.2666,164.156,3.80175
-3.61295,582.428,29.0864,151.457,3.43139
-2.21625,549.572,28.8282,148.583,3.58603
-2.83074,557.832,28.6372,148.263,3.51672
-2.10793,531.508,27.9866,144.132,3.59846
-3.10732,550.23,27.9732,145.119,3.48619
-3.40612,551.355,27.7366,144.208,3.45365
-3.13344,522.67,26.5477,137.75,3.48333
-2.53562,575.734,29.8643,154.282,3.54976
-2.4452,522.162,27.1715,140.278,3.55997
-1.60338,584.782,31.3395,160.81,3.65724
-3.96387,575.404,28.381,148.167,3.39411
0.741052,543.359,31.5818,159.356,3.95061
1.9363,585.99,35.4824,177.537,4.11438
0.99745,586.478,34.3894,173.208,3.98488
-0.536896,548.195,30.4884,155.246,3.7864
1.27296,553.458,32.7612,164.687,4.02222
1.87662,518.638,31.3402,156.877,4.10595
0.716592,503.29,29.2283,147.506,3.94737
-3.99421,597.61,29.4446,153.754,3.39092
-4.1351,522.005,25.5913,133.773,3.37615
-0.370797,533.859,29.8623,151.877,3.80715
0.436832,555.135,31.9304,161.463,3.91054
1.27462,558.681,33.0722,166.249,4.02245
-3.301,518.659,26.1888,136.055,3.46504
-4.76178,569.055,27.2832,143.283,3.31158
0.726693,511.131,29.694,149.846,3.94871
1.01371,544.059,31.9199,160.752,3.98707
-3.1262,593.612,30.1587,156.479,3.48412
-4.2919,598.927,29.1994,152.811,3.35982
-0.524921,519.629,28.9117,147.204,3.78789
1.23617,519.298,30.7005,154.368,4.0172
-0.278927,557.071,31.2599,158.881,3.81869
1.37314,594.251,35.2968,177.308,4.03593
-2.04282,568.082,29.9806,154.328,3.60597
-1.25732,518.204,28.1083,143.87,3.69841
-2.22785,538.053,28.2125,145.422,3.5847
0.0521698,578.132,32.815,166.391,3.86076
-1.97915,522.309,27.6264,142.144,3.61333
-1.81488,501.898,26.6997,137.212,3.63243
0.571949,538.95,31.1439,157.335,3.92826
-4.96649,501.777,23.8826,125.616,3.29089
-1.85124,543.834,28.8939,148.527,3.62819
-0.484865,510.795,28.4596,144.861,3.79288
-4.32435,579.372,28.2135,147.687,3.35645
-0.511468,557.711,31.0449,158.051,3.78957
1.82992,509.525,30.7405,153.926,4.09938
-2.53292,508.644,26.3867,136.314,3.55006
-3.15297,514.745,26.1271,135.587,3.48119
-4.00072,522.76,25.7507,134.472,3.39024
1.34809,516.044,30.6252,153.868,4.0325
-0.477465,518.308,28.8856,147.022,3.79381
-2.68011,531.768,27.4441,141.929,3.53353
-3.6229,521.766,26.0478,135.644,3.43032
-4.61567,509.441,24.5524,128.802,3.32647
0.444342,566.323,32.5823,164.75,3.91152
-0.346365,574.973,32.1893,163.683,3.81021
-3.26573,561.836,28.4042,147.527,3.46888
-2.3383,587.76,30.6998,158.371,3.5721
-2.33291,595.942,31.1331,160.599,3.57272
-3.87006,520.685,25.7675,134.43,3.40402
-1.55024,575.863,30.9187,158.59,3.66352
-4.33695,508.95,24.7731,129.69,3.35515
-1.7788,554.285,29.5237,151.685,3.63664
-1.67185,536.366,28.6761,147.217,3.64918
1.55312,539.894,32.2662,161.879,4.06075
1.35885,575.626,34.1738,171.684,4.03397
-2.92712,555.914,28.4421,147.357,3.50604
-0.769301,531.467,29.3208,149.55,3.75767
-2.56514,598.768,31.0269,160.323,3.54643
-4.12918,521.721,25.5827,133.722,3.37676
-0.968608,501.93,27.5003,140.465,3.73329
-3.7862,585.164,29.0445,151.432,3.41291
-3.55998,520.453,26.0401,135.541,3.43707
-3.78939,530.741,26.3403,137.336,3.41257
1.42738,529.552,31.5123,158.237,4.04339
-2.8589,547.827,28.0957,145.489,3.5136
-4.69561,530.78,25.5081,133.895,3.31831
1.76414,561.595,33.806,169.353,4.09015
-3.57497,561.065,28.0572,146.057,3.43546
-1.9006,562.153,29.8157,153.321,3.62244
1.96529,561.264,34.0188,170.179,4.11848
1.43644,545.553,32.4745,163.058,4.04463
-0.462698,570.991,31.8379,162.031,3.79565
-0.849173,570.888,31.4085,160.29,3.74787
1.0602,520.581,30.5912,154.01,3.99334
0.637081,509.159,29.4884,148.903,3.93685
-3.93377,511.001,25.2313,131.694,3.39729
-0.58013,552.493,30.6814,156.277,3.78103
-1.61212,538.004,28.8237,147.91,3.65621
0.308601,564.433,32.3221,163.593,3.89384
-3.13181,561.895,28.5416,148.094,3.4835
-0.350582,586.7,32.841,167.002,3.80968
1.33911,542.23,32.1694,161.637,4.03127
0.0211926,501.602,28.4407,144.243,3.8568
-4.70903,561.145,26.9545,141.501,3.31695
0.710667,573.984,33.327,168.198,3.94658
1.20727,509.354,30.0827,151.293,4.01327
-2.17012,554.062,29.1108,149.989,3.59132
-3.38445,543.863,27.3807,142.335,3.45599
-0.828623,573.269,31.562,161.049,3.75039
-3.74944,516.084,25.6491,133.693,3.41682
-1.33187,585.122,31.6558,162.114,3.68948
-3.12906,553.097,28.0975,145.787,3.48381
-3.69406,542.597,27.0197,140.779,3.42272
-3.6709,572.052,28.5098,148.518,3.42519
-2.61594,588.525,30.4418,157.358,3.54072
-1.76921,576.587,30.7219,157.83,3.63776
-0.0366245,596.01,33.7262,171.12,3.84941
-2.10359,547.594,28.838,148.512,3.59896
-2.1855,541.381,28.4292,146.494,3.58956
-3.21666,550.556,27.8822,144.763,3.47423
-0.478623,505.275,28.1581,143.32,3.79366
1.91512,507.729,30.7214,153.738,4.11139
-0.934372,506.551,27.7865,141.892,3.73746
-3.92344,529.259,26.1423,136.439,3.39838
-1.49596,595.98,32.0594,164.376,3.66994
-0.858138,589.032,32.3966,165.343,3.74677
1.75943,506.822,30.5039,152.816,4.08949
-4.59423,542.319,26.1569,137.197,3.32866
-3.78228,571.23,28.3568,147.842,3.41333
-4.77139,581.034,27.848,146.26,3.31061
0.0922936,510.883,29.0381,147.198,3.86591
0.974287,589.214,34.5224,173.907,3.98177
-2.97685,539.845,27.5717,142.899,3.50054
-0.748681,504.371,27.8458,142.006,3.7602
-3.19661,596.178,30.214,156.846,3.47642
-4.90747,534.973,25.5162,134.15,3.29684
1.292,501.983,29.7336,149.448,4.02482
1.31997,506.776,30.0462,150.989,4.02865
-0.422497,552.928,30.8737,157.079,3.80067
-2.21389,534.591,28.0447,144.543,3.5863
-2.31487,567.864,29.685,153.109,3.57477
-2.4706,564.661,29.3568,151.589,3.5571
-2.98075,522.059,26.6596,138.176,3.50011
-4.59209,528.171,25.4765,133.626,3.32888
1.81872,533.024,32.146,160.976,4.09781
-1.05561,527.858,28.8336,147.368,3.72273
-1.45332,517.749,27.8926,142.968,3.67501
-2.33482,532.141,27.7981,143.398,3.5725
-1.29159,513.999,27.847,142.568,3.6943
-2.80424,532.164,27.345,141.545,3.51967
1.60997,597.538,35.7807,179.44,4.06864
-3.78834,518.95,25.7561,134.289,3.41268
-0.822709,510.701,28.123,143.495,3.75111
-0.271151,516.337,28.9819,147.295,3.81967
-1.03068,585.326,32.0004,163.524,3.72575
0.960892,583.847,34.1922,172.26,3.97997
-3.91766,526.653,26.019,135.789,3.39899
-1.30024,537.808,29.1281,149.136,3.69326
-1.25645,543.287,29.4698,150.837,3.69851
1.62674,501.504,30.0474,150.669,4.07097
-2.40461,570.891,29.7495,153.542,3.56457
1.74744,508.247,30.5772,153.196,4.08781
-4.3066,583.375,28.4263,148.782,3.35829
-4.80877,519.128,24.8478,130.539,3.30682
-2.32607,525.345,27.4516,141.601,3.5735
-4.33304,599.113,29.1658,152.682,3.35555
1.57609,533.005,31.8795,159.913,4.06393
-4.0567,521.895,25.6571,134.039,3.38435
-2.14245,515.044,27.087,139.534,3.5945
-1.57795,513.688,27.5538,141.359,3.66024
-1.92459,507.512,26.895,138.326,3.61966
-2.96122,526.303,26.8949,139.375,3.50227
-0.874218,551.665,30.3245,154.786,3.74481
-4.55765,519.483,25.0881,131.555,3.33241
-3.48714,516.214,25.8946,134.711,3.4449
-4.86426,512.624,24.488,128.702,3.3012
0.582476,561.632,32.4664,164.004,3.92965
-2.24999,541.464,28.3694,146.254,3.58217
-2.3805,596.948,31.1336,160.658,3.56731
0.259788,525.762,30.057,152.181,3.88751
-0.830188,590.382,32.5024,165.85,3.7502
1.53508,568.282,33.9418,170.307,4.05825
0.600029,502.609,29.0719,146.838,3.93196
0.898221,532.519,31.1193,156.848,3.97157
-0.592825,562.659,31.2322,159.097,3.77946
0.376415,565.762,32.4739,164.282,3.90266
1.52086,584.596,34.8993,175.129,4.05628
0.744406,562.186,32.6798,164.892,3.95106
-0.527685,562.641,31.3018,159.377,3.78755
1.04011,524.586,30.8053,155.11,3.99063
-2.73661,526.735,27.1304,140.365,3.52721
-3.9591,553.982,27.329,142.67,3.39462
1.87568,530.874,32.0786,160.574,4.10582
-4.47534,507.391,24.576,128.791,3.34086
-2.83551,506.475,25.9963,134.595,3.51619
-3.19138,544.431,27.5965,143.253,3.47699
0.817993,515.504,30.0421,151.504,3.96085
-1.75253,561.403,29.9303,153.745,3.63972
-4.30295,506.756,24.6961,129.254,3.35867
-4.75677,595.621,28.562,149.993,3.31209
0.886269,533.976,31.1916,157.225,3.96997
-2.08877,509.346,26.8377,138.196,3.60067
-0.0459572,517.448,29.2712,148.526,3.84822
-2.81469,519.55,26.687,138.149,3.51851
-2.84937,566.009,29.0379,150.358,3.51465
-3.7712,524.951,26.0697,135.907,3.4145
1.22993,576.629,34.0825,171.381,4.01635
0.783981,572.358,33.3164,168.057,3.95632
-1.46203,527.682,28.4191,145.675,3.67397
-1.75711,549.103,29.2699,150.357,3.63918
1.47136,567.859,33.8427,169.886,4.04945
-1.68645,542.663,28.9981,148.885,3.64746
1.7393,567.527,34.1341,171.027,4.08667
-0.869872,531.352,29.2123,149.104,3.74534
-2.78202,504.918,25.9652,134.381,3.52215
-2.3314,598.116,31.2483,161.192,3.57289
-4.26171,569.263,27.783,145.366,3.36295
-3.66309,576.929,28.7608,149.816,3.42602
-1.20033,567.654,30.8517,157.847,3.70525
-3.20065,558.95,28.3232,147.036,3.47597
-0.567242,500.802,27.8233,141.706,3.78263
-3.80807,540.275,26.7957,139.73,3.41059
0.985227,593.281,34.7738,175.159,3.98324
-0.541603,540.878,30.0765,153.154,3.78582
-3.33077,537.555,27.1144,140.895,3.46181
0.58033,553.775,32.0098,161.7,3.92936
-1.97209,573.563,30.3449,156.123,3.61415
-2.25969,554.779,29.0571,149.811,3.58106
-4.29504,562.936,27.4417,143.616,3.35949
-0.0576337,567.238,32.0748,162.765,3.84673
0.265058,534.367,30.5545,154.694,3.88819
-1.41097,571.667,30.8428,158.041,3.68004
1.79613,578.462,34.8594,174.591,4.09463
-0.313228,512.463,28.7227,146.021,3.81438
-0.817046,523.215,28.8178,147.034,3.75181
-4.43185,565.988,27.4567,143.84,3.34534
1.17285,596.142,35.167,176.905,4.00859
0.288075,500.49,28.6401,144.978,3.89117
1.3217,532.658,31.5826,158.708,4.02888
-3.56864,556.025,27.8114,144.77,3.43614
-3.41372,575.609,28.949,150.52,3.45282
-4.03503,588.395,28.9486,151.21,3.38663
-0.762593,518.047,28.5871,145.8,3.75849
0.750337,592.807,34.4669,173.902,3.95185
-4.62451,579.821,27.9356,146.559,3.32557
-1.01111,523.996,28.6669,146.469,3.72812
-0.166659,552.407,31.1188,158.036,3.83288
-3.78512,561.681,27.88,145.36,3.41302
-2.09414,549.153,28.9297,148.974,3.60005
-1.69546,595.833,31.8293,163.432,3.64641
-1.42718,512.149,27.616,141.524,3.67811
-1.77314,594.666,31.6809,162.762,3.6373
-4.36453,559.951,27.2288,142.575,3.35229
-3.19724,575.455,29.1631,151.392,3.47635
-2.97162,545.772,27.8796,144.489,3.50112
-3.09703,591.818,30.0985,156.132,3.48732
-4.3739,584.153,28.3963,148.699,3.35132
-2.17704,581.402,30.5398,157.36,3.59053
-3.5637,507.712,25.3993,132.209,3.43667
-1.58467,522.983,28.0458,143.89,3.65945
-3.86413,511.309,25.3088,132.031,3.40465
-0.69283,518.099,28.6592,146.095,3.76709
-0.296903,504.588,28.2973,143.841,3.81643
-1.35932,521.513,28.1876,144.382,3.6862
-1.68242,584.941,31.2616,160.502,3.64794
-3.37574,522.735,26.3251,136.838,3.45693
-3.92882,525.899,25.9714,135.552,3.39781
-4.38974,521.619,25.3422,132.721,3.34969
0.826508,522.019,30.4307,153.455,3.96198
-3.27621,506.92,25.6184,133.068,3.46774
1.7017,572.604,34.3953,172.381,4.08141
-0.92799,544.237,29.8604,152.476,3.73824
-0.990379,550.088,30.1161,153.85,3.73064
1.79174,562.256,33.8777,169.68,4.09402
-1.65805,535.356,28.6359,146.995,3.6508
-0.669249,571.716,31.651,161.319,3.77
0.52749,523.195,30.1873,152.55,3.92242
1.06929,576.196,33.8699,170.505,3.99457
0.762676,598.341,34.8034,175.585,3.95349
-2.62415,560.571,28.9875,149.849,3.5398
-0.0389165,543.538,30.7546,156.045,3.84912
0.998008,550.412,32.2753,162.559,3.98496
-0.744217,569.304,31.4356,160.307,3.76075
-4.35021,532.568,25.9105,135.658,3.35377
-0.955283,543.059,29.7675,152.031,3.73491
-1.80184,545.406,29.0274,149.16,3.63395
-1.85964,556.426,29.5542,151.931,3.62721
-1.94633,585.423,31.0002,159.465,3.61713
-3.43988,574.568,28.8699,150.138,3.45
-0.15519,570.449,32.1479,163.25,3.83433
-0.0595818,551.149,31.163,158.14,3.84649
-0.62347,552.376,30.6289,156.058,3.77566
1.14669,529.983,31.2362,157.161,4.00504
-1.07107,542.936,29.6413,151.513,3.72085
0.876824,522.088,30.4873,153.686,3.9687
-1.74702,578.527,30.8492,158.459,3.64036
-1.69696,505.018,26.9765,138.516,3.64623
-3.40432,583.765,29.3689,152.692,3.45384
-2.54828,557.192,28.8896,149.261,3.54833
-2.62016,544.642,28.1677,145.608,3.54025
-0.43958,501.349,27.9771,142.359,3.79854
-4.05001,591.939,29.1075,152.057,3.38506
-0.420155,516.412,28.8371,146.715,3.80096
0.483771,539.846,31.1012,157.217,3.91668
-2.12961,591.961,31.1461,160.429,3.59597
-1.3383,590.102,31.9181,163.465,3.68871
-4.97687,533.192,25.3684,133.442,3.28985
-4.1244,566.754,27.7956,145.284,3.37726
-3.42454,519.236,26.1038,135.737,3.45166
1.82048,597.1,36.0125,180.336,4.09805
-3.05867,518.037,26.3818,136.814,3.49153
1.41126,535.34,31.8391,159.896,4.04117
-0.194875,553.355,31.1418,158.185,3.82931
1.45745,524.748,31.2585,156.929,4.04753
1.8952,589.908,35.6696,178.525,4.10857
0.667012,560.41,32.49,164.025,3.9408
-1.05948,597.223,32.6181,166.715,3.72226
-2.99303,530.976,27.1033,140.488,3.49876
-3.42075,582.723,29.2995,152.35,3.45207
-4.04455,588.638,28.9508,151.232,3.38563
-3.25874,570.419,28.8453,149.81,3.46964
-3.41071,591.79,29.7659,154.764,3.45315
1.26187,595.184,35.2178,177.05,4.02071
1.08693,512.553,30.1471,151.745,3.99695
-2.37202,587.373,30.6433,158.118,3.56827
-4.44699,527.199,25.5612,133.925,3.34378
-1.85237,541.34,28.7602,147.841,3.62805
-1.05292,587.062,32.0705,163.908,3.72305
-3.16696,516.17,26.1866,135.91,3.47966
-0.126864,530.096,29.903,151.819,3.83793
0.198461,518.37,29.5718,149.79,3.87958
-0.0791639,551.928,31.1859,158.279,3.84399
-0.480976,586.398,32.6763,166.32,3.79337
1.85139,568.823,34.3433,171.939,4.1024
-1.08113,536.86,29.2993,149.775,3.71964
-0.298425,555.953,31.1761,158.477,3.81624
-3.74524,592.213,29.4371,153.432,3.41727
1.36916,507.21,30.1227,151.321,4.03539
0.611328,593.781,34.3589,173.528,3.93345
-3.79649,535.688,26.5791,138.589,3.41182
-4.58528,523.8,25.2718,132.545,3.32958
-0.35943,530.028,29.6597,150.834,3.80857
1.32166,598.757,35.5018,178.402,4.02888
-1.35839,599.856,32.423,166.075,3.68631
0.976415,555.199,32.5319,163.877,3.98205
-4.22335,542.544,26.515,138.692,3.36694
-2.3245,541.421,28.2931,145.941,3.57367
-1.73672,537.502,28.6719,147.264,3.64157
-3.57383,531.706,26.5901,138.418,3.43558
-4.41374,502.866,24.4103,127.863,3.34721
0.874719,597.253,34.874,175.802,3.96842
-1.73275,577.519,30.8108,158.245,3.64203
-0.629785,521.075,28.8869,147.189,3.77488
-1.84152,524.657,27.8844,143.328,3.62932
-0.676627,509.28,28.1873,143.672,3.76909
-1.10919,581.77,31.7193,162.179,3.71624
-0.0392509,558.796,31.6176,160.424,3.84908
-0.99597,513.742,28.1208,143.663,3.72996
1.72794,570.5,34.2996,171.87,4.08508
0.985417,545.757,31.9885,161.129,3.98326
0.203358,544.846,31.0874,157.461,3.88021
1.85023,570.061,34.4166,172.308,4.10224
-3.75561,529.36,26.3032,137.108,3.41616
-4.59921,579.394,27.9402,146.556,3.32815
-1.15209,575.132,31.3107,160.139,3.71106
-1.71872,527.841,28.1743,144.689,3.64368
1.76982,585.023,35.2231,176.445,4.09094
1.60484,554.134,33.1758,166.382,4.06792
-4.26734,579.281,28.2662,147.9,3.36237
-4.125,567.099,27.812,145.37,3.3772
-3.52114,561.319,28.1234,146.343,3.44124
-4.2374,505.585,24.6964,129.193,3.36548
0.770577,535.862,31.1776,157.284,3.95454
-3.9783,574.623,28.328,147.906,3.39259
-2.5406,550.166,28.533,147.41,3.54919
-0.518946,509.458,28.3516,144.347,3.78864
1.1436,527.041,31.0595,156.275,4.00462
-0.349519,501.963,28.0988,142.886,3.80982
-0.774135,559.144,30.8426,157.317,3.75707
1.97803,571.931,34.6804,173.473,4.12029
1.37194,519.67,30.8656,155.05,4.03577
-2.84017,547.762,28.1109,145.548,3.51568
0.563978,557.968,32.234,162.851,3.92721
-1.41798,539.782,29.1154,149.197,3.67921
-0.144061,555.851,31.3372,159.12,3.83575
-2.14512,535.407,28.1552,145.04,3.59419
-0.155597,558.385,31.4676,159.795,3.83428
-0.404356,584.919,32.6805,166.25,3.80294
0.277105,534.947,30.6003,154.913,3.88975
-3.41705,548.785,27.5967,143.492,3.45247
-0.50678,569.91,31.7292,161.529,3.79015
-2.69435,570.95,29.4515,152.326,3.53193
-2.72064,522.182,26.911,139.213,3.52899
1.34135,550.432,32.6585,164.092,4.03157
-4.30318,526.225,25.6447,134.219,3.35865
1.06355,587.244,34.5125,173.747,3.99379
1.51109,572.579,34.1704,171.483,4.05493
-1.24208,575.057,31.2087,159.721,3.70023
0.845831,561.047,32.7275,165.015,3.96456
-0.0170251,509.314,28.8399,146.307,3.85191
-2.3204,549.255,28.7066,148.069,3.57414
-4.56429,514.594,24.8462,130.293,3.33173
-0.987278,530.643,29.0546,148.424,3.73102
1.67385,595.901,35.7606,179.259,4.07753
-2.91531,597.22,30.5682,158.358,3.50735
-2.32245,543.618,28.41,146.541,3.57391
-4.43291,556.306,26.986,141.375,3.34523
1.93029,501.072,30.3343,151.785,4.11353
-4.50472,512.479,24.7965,129.975,3.33784
-2.5268,533.48,27.6811,142.994,3.55075
-4.30573,546.868,26.6483,139.474,3.35838
-3.31876,526.876,26.587,138.142,3.46311
-3.20535,559.918,28.3676,147.271,3.47546
0.433322,581.035,33.416,168.98,3.91008
1.28289,510.692,30.24,152.003,4.02358
-3.12329,556.007,28.251,146.577,3.48444
-4.52539,565.854,27.359,143.428,3.33572
-4.21538,551.411,26.956,140.99,3.36777
-4.8402,521.788,24.9471,131.092,3.30364
-2.88661,519.952,26.6401,137.98,3.51052
0.27263,537.578,30.7461,155.656,3.88917
0.582007,548.489,31.7061,160.164,3.92959
1.53092,577.267,34.4736,172.981,4.05767
0.0344764,524.923,29.7767,151.004,3.8585
-2.92813,537.587,27.5035,142.495,3.50593
-0.597405,514.893,28.5763,145.572,3.77889
-2.76182,572.407,29.4567,152.428,3.5244
-3.72044,536.358,26.6841,139.058,3.41991
0.0492413,593.556,33.6871,170.816,3.86039
-3.14525,550.8,27.9648,145.116,3.48203
-2.47534,557.253,28.9669,149.58,3.55656
-1.92148,506.09,26.8226,137.95,3.62002
-2.49235,536.499,27.8714,143.941,3.55464
0.111621,585.751,33.3158,168.859,3.86839
-1.54609,536.823,28.8268,147.855,3.66401
-2.84733,538.654,27.6365,143.099,3.51488
-4.94138,571.452,27.2232,143.16,3.29342
-4.46006,508.709,24.6532,129.181,3.34244
0.362357,572.212,32.8283,166.091,3.90083
1.80065,581.725,35.0614,175.597,4.09527
0.551986,500.983,28.9301,146.172,3.92564
-4.63319,560.484,26.9956,141.637,3.32468
1.90329,577.09,34.9041,174.684,4.10972
-1.05462,593.063,32.3965,165.576,3.72285
-0.716222,589.663,32.5914,166.168,3.7642
-3.74699,583.745,29.0143,151.231,3.41708
-0.761777,512.199,28.2652,144.158,3.75859
0.901418,523.761,30.6108,154.281,3.97199
-3.8803,546.856,27.0528,141.146,3.40294
-0.0484513,556.089,31.4544,159.606,3.8479
0.835882,591.688,34.5031,173.979,3.96323
-0.793523,548.678,30.2449,154.29,3.75469
-1.48976,562.126,30.2449,155.066,3.67068
0.33261,581.233,33.3117,168.572,3.89696
-1.10198,562.476,30.6751,156.832,3.71711
0.272754,597.941,34.1986,173.134,3.88919
0.0990507,599.84,34.1023,172.861,3.86678
1.48236,533.301,31.7952,159.595,4.05096
-2.04453,538.361,28.4104,146.247,3.60577
-2.60276,531.121,27.4853,142.062,3.5422
-1.19373,563.015,30.6066,156.585,3.70605
-4.53288,560.27,27.0818,141.983,3.33495
-2.98016,559.213,28.5575,148.012,3.50018
-0.984392,504.601,27.6315,141.151,3.73137
0.0209585,501.223,28.419,144.133,3.85677
-3.80143,587.881,29.1637,152.07,3.41129
-0.452673,517.794,28.8817,146.976,3.7969
-2.89978,543.392,27.8282,144.147,3.50907
0.759412,551.841,32.095,161.925,3.95305
-0.0201763,593.694,33.6143,170.532,3.85151
-3.28543,506.128,25.5701,132.826,3.46674
-0.388154,553.913,30.9655,157.507,3.80497
-2.44816,521.385,27.1282,140.058,3.55963
-4.74304,589.194,28.2676,148.432,3.31349
0.666562,520.208,30.1589,152.257,3.94074
0.0433918,520.994,29.5629,149.91,3.85964
0.250345,554.548,31.6923,160.472,3.88629
-1.52514,587.03,31.5459,161.777,3.66649
-0.0384216,580.025,32.8197,166.522,3.84918
-1.97781,501.801,26.543,136.568,3.61348
-1.15847,561.314,30.5516,156.264,3.71029
-2.41451,580.966,30.264,156.209,3.56345
-1.60103,598.489,32.0767,164.59,3.65752
-3.61763,549.064,27.4157,142.762,3.43089
-2.03679,545.081,28.7728,148.105,3.60666
-0.8641,507.891,27.9281,142.543,3.74604
-0.918462,595.691,32.6943,166.935,3.7394
-1.62182,593.668,31.7952,163.17,3.65507
-1.86261,597.431,31.7289,163.114,3.62686
-3.40088,542.868,27.3147,142.009,3.45421
-2.90307,506.766,25.9495,134.419,3.5087
0.553226,597.337,34.4956,174.29,3.9258
-2.05358,511.552,26.9871,138.93,3.60473
0.537578,502.985,29.0313,146.698,3.92374
0.567295,503.43,29.0867,146.947,3.92765
-1.23031,588.688,31.9615,163.56,3.70165
-3.15836,575.226,29.1915,151.496,3.4806
0.581204,506.042,29.2516,147.766,3.92948
-1.20877,555.119,30.1616,154.325,3.70424
-0.0605417,577.649,32.6603,165.739,3.84636
0.717409,543.904,31.5878,159.413,3.94748
0.224846,576.693,32.929,166.763,3.88299
-4.76742,581.592,27.8787,146.417,3.31101
-0.695808,595.401,32.9319,167.879,3.76672
-2.12709,526.091,27.6828,142.587,3.59626
-0.351162,504.963,28.2652,143.734,3.80961
1.10664,509.716,30.0005,150.986,3.99962
-3.59103,526.678,26.3227,137.043,3.43374
-0.299207,583.127,32.6991,166.22,3.81614
-1.70373,501.58,26.7865,137.548,3.64544
-1.96835,520.573,27.545,141.714,3.61458
-3.46008,515.739,25.8955,134.689,3.44782
-0.325163,594.566,33.3107,169.36,3.81288
0.708088,559.444,32.4799,163.926,3.94624
-1.53679,533.593,28.6627,147.004,3.66511
-1.83913,519.348,27.6046,141.887,3.6296
0.664828,506.053,29.3364,148.106,3.94051
-1.98351,576.151,30.4696,156.778,3.61282
-4.19291,591.416,28.9347,151.315,3.37011
0.23093,550.993,31.4681,159.358,3.88377
-0.243467,532.383,29.9112,151.987,3.82317
-4.78544,507.34,24.3038,127.659,3.30918
0.0332562,511.513,29.0148,147.141,3.85834
-4.26983,577.619,28.1826,147.466,3.36211
-4.80706,537.159,25.7124,135.08,3.30699
1.00733,514.397,30.1731,151.961,3.98621
-2.89746,534.911,27.3961,141.907,3.50932
-2.14036,528.159,27.7787,143.095,3.59473
-3.96835,574.474,28.3306,147.909,3.39364
-1.15815,536.093,29.1792,149.244,3.71033
-3.77731,504.294,25.0384,130.537,3.41385
1.56074,514.162,30.7363,154.196,4.0618
-2.98086,538.15,27.4812,142.435,3.5001
-3.00547,534.13,27.2523,141.274,3.49739
-1.89161,572.077,30.3515,156.066,3.62349
1.78586,510.813,30.7719,154.13,4.09319
1.64428,583.467,34.9791,175.377,4.07341
-0.901642,520.142,28.5645,145.831,3.74146
-1.6569,531.808,28.4473,146.026,3.65094
1.69477,512.946,30.8044,154.392,4.08045
-3.17382,568.44,28.8314,149.644,3.47891
-4.24864,592.138,28.9128,151.262,3.36431
-0.869407,543.762,29.8951,152.588,3.74539
-0.645933,532.053,29.479,150.223,3.77288
-0.215278,548.681,30.857,156.761,3.82673
1.72028,596.222,35.8367,179.581,4.08401
-0.987157,593.539,32.4985,166.017,3.73104
-2.00178,523.336,27.6589,142.334,3.61071
-2.13284,526.238,27.685,142.605,3.5956
1.67716,528.386,31.7126,158.963,4.07799
1.25885,598.973,35.4383,178.162,4.02029
-3.77686,509.665,25.3055,131.929,3.4139
-4.95906,571.324,27.1999,143.057,3.29164
-3.70959,598.914,29.8077,155.323,3.42106
-3.31251,554.727,27.9986,145.47,3.46379
-1.50457,551.577,29.662,152.093,3.66892
1.64785,570.683,34.2169,171.552,4.07391
1.9825,510.082,30.9348,154.733,4.12092
-2.21471,545.438,28.6129,147.472,3.58621
-2.28423,508.879,26.6301,137.322,3.57826
1.86911,503.578,30.4224,152.291,4.1049
-0.256807,557.977,31.3348,159.236,3.82148
-1.69974,512.173,27.356,140.468,3.6459
1.60628,574.19,34.3783,172.411,4.06812
-1.184,507.86,27.6176,141.283,3.70722
-2.91026,575.637,29.4687,152.656,3.5079
-2.64191,541.149,27.9657,144.586,3.53781
-2.19963,582.603,30.5787,157.587,3.58794
-0.456931,540.691,30.1544,153.457,3.79637
-2.24133,525.144,27.5226,141.88,3.58316
-1.70308,566.52,30.2553,155.359,3.64551
-2.57567,583.991,30.25,156.321,3.54525
1.37473,553.453,32.8753,165.142,4.03615
-3.89537,554.928,27.4375,143.169,3.40134
-3.10431,564.528,28.7032,148.903,3.48652
-4.71024,541.495,26.0095,136.542,3.31683
-1.46822,547.781,29.4952,151.198,3.67324
-2.63098,586.173,30.3041,156.664,3.53903
-0.122786,501.522,28.2951,143.652,3.83845
1.78902,542.757,32.6998,163.783,4.09364
1.49846,529.53,31.5877,158.536,4.05319
-4.24681,538.347,26.288,137.529,3.3645
-4.41769,516.237,25.0558,131.249,3.3468
-0.476178,500.499,27.8944,141.975,3.79397
0.148179,588.155,33.4947,169.721,3.8731
-3.14944,597.683,30.3407,157.449,3.48157
0.269366,538.575,30.7996,155.93,3.88875
1.92722,503.205,30.4602,152.418,4.1131
-2.60023,582.632,30.1536,155.851,3.54248
-1.87087,552.002,29.3077,150.676,3.6259
-0.55729,504.382,28.0319,142.758,3.78387
1.1359,536.212,31.5916,158.961,4.00358
-4.30847,527.095,25.6823,134.421,3.3581
-0.996426,583.734,31.9514,163.233,3.72991
-3.0008,533.429,27.221,141.106,3.4979
-3.34664,558.122,28.136,146.221,3.46009
-4.09799,508.145,24.9446,130.356,3.38003
1.76673,587.8,35.3866,177.268,4.09051
-3.3849,596.438,30.0271,156.092,3.45594
1.16135,588.6,34.7084,174.613,4.00703
-1.60627,504.241,27.0204,138.65,3.6569
-0.860867,590.09,32.4517,165.628,3.74644
-2.30666,564.278,29.5061,152.177,3.57571
-2.75014,581.432,29.9335,154.882,3.5257
-0.267045,540.448,30.3396,154.19,3.82019
-2.70166,583.868,30.1101,155.741,3.53111
-4.17182,550.738,26.9647,140.991,3.37231
0.401106,587.565,33.7541,170.728,3.90588
-0.6085,569.178,31.5769,160.871,3.77751
-0.848805,539.636,29.6895,151.516,3.74792
0.970003,549.717,32.2036,162.23,3.98119
-0.0662713,570.924,32.2736,163.784,3.84563
1.57162,596.387,35.665,178.908,4.06331
0.761798,523.194,30.4314,153.529,3.95337
-4.65862,575.418,27.6898,145.307,3.32208
-0.469408,548.347,30.5682,155.577,3.79481
-3.25588,577.263,29.1943,151.619,3.46995
1.44039,559.094,33.2851,167.123,4.04518
1.7359,541.004,32.5351,163.019,4.08619
-0.912101,551.436,30.272,154.56,3.74018
-1.7632,514.125,27.3996,140.756,3.63847
-2.55256,585.137,30.334,156.728,3.54785
-0.299882,545.992,30.616,155.631,3.81606
-2.28887,519.847,27.1997,140.264,3.57773
1.74157,545.651,32.8209,164.445,4.08699
1.28015,575.684,34.0853,171.334,4.0232
-3.48018,583.647,29.2844,152.338,3.44565
-3.30766,554.023,27.9679,145.305,3.46432
-2.77239,522.515,26.8792,139.102,3.52322
-2.9674,587.317,30.0062,155.506,3.50159
1.98565,556.894,33.7774,168.947,4.12137
0.955461,510.711,29.9036,150.659,3.97924
-1.019,574.345,31.4128,160.508,3.72717
1.63332,520.033,31.1646,156.264,4.07188
-4.34739,597.17,29.0564,152.125,3.35407
1.52263,536.199,32.012,160.638,4.05653
-2.38394,572.338,29.8465,154.02,3.56691
-1.83605,542.904,28.8597,148.335,3.62996
0.872078,591.16,34.5151,173.996,3.96807
0.864962,527.995,30.8197,155.374,3.96712
-4.05468,506.061,24.8805,129.98,3.38457
-3.03381,553.395,28.2071,146.253,3.49427
-0.421757,564.086,31.4975,160.252,3.80076
-0.886333,525.819,28.8916,147.484,3.74333
-2.25485,527.286,27.6218,142.406,3.58162
-4.00451,530.592,26.133,136.472,3.38984
0.0890634,591.717,33.6289,170.473,3.8655
1.89601,555.281,33.5767,168.049,4.10869
1.09934,572.376,33.6801,169.514,3.99863
-0.408936,595.308,33.2557,169.182,3.80237
1.64294,553.987,33.2102,166.51,4.07322
1.5846,567.036,33.9248,170.163,4.06511
-1.23562,585.399,31.7771,162.623,3.70101
-2.95016,521.191,26.644,138.064,3.50349
1.23826,583.631,34.5062,173.502,4.01749
-1.91626,592.705,31.4189,161.583,3.62062
-3.55786,599.382,29.9915,156.106,3.4373
-2.47252,586.474,30.4888,157.436,3.55688
1.82962,530.488,32.0049,160.257,4.09934
1.71518,542.427,32.5976,163.356,4.0833
-0.680796,571.082,31.6032,161.089,3.76857
1.4125,513.337,30.5318,153.33,4.04134
-3.32268,547.935,27.6458,143.648,3.46269
-1.09887,559.078,30.4931,155.898,3.71749
-3.44888,502.366,25.234,131.238,3.44903
-1.84098,543.48,28.8854,148.473,3.62938
-3.7391,521.189,25.9123,135.054,3.41792
-1.21862,511.07,27.7587,142.041,3.70305
-1.18888,500.855,27.2321,139.316,3.70663
-0.933814,576.603,31.6298,161.517,3.73753
1.8203,557.399,33.6178,168.344,4.09803
1.64368,548.085,32.8572,164.74,4.07332
-0.0216638,581.688,32.9328,167.076,3.85132
-4.5482,508.578,24.5698,128.828,3.33338
-3.39627,574.674,28.9197,150.348,3.45471
-0.0993589,555.732,31.379,159.281,3.84142
-2.24847,519.47,27.2185,140.319,3.58235
1.54892,549.041,32.8082,164.603,4.06017
0.0851579,517.24,29.3922,149,3.86499
-4.48675,574.712,27.8255,145.832,3.33969
-2.22604,514.536,26.9811,139.073,3.58491
-4.62359,549.538,26.4774,138.908,3.32566
-3.60455,557.472,27.8484,145.001,3.43229
1.24557,504.146,29.8143,149.902,4.01848
-3.10517,541.026,27.5074,142.7,3.48643
-4.98881,564.697,26.8559,141.279,3.28865
-4.64419,574.573,27.6634,145.152,3.32356
1.604,572.954,34.3016,172.029,4.06781
-2.49861,533.656,27.7176,143.154,3.55393
-0.30798,515.361,28.8904,146.868,3.81504
-4.11895,571.92,28.0544,146.631,3.37783
1.42009,539.711,32.1088,161.24,4.04238
1.73757,533.286,32.0728,160.701,4.08643
0.700946,584.795,33.9434,171.321,3.94529
-1.37966,580.14,31.3341,160.522,3.68377
0.917904,511.469,29.9093,150.728,3.9742
0.455937,547.588,31.517,159.351,3.91304
-2.09512,504.966,26.6009,136.983,3.59994
-1.4332,500.914,27.0046,138.396,3.6774
0.220016,500.006,28.5454,144.569,3.88236
-4.74899,584.414,28.0323,147.203,3.31288
0.996941,571.607,33.5169,168.814,3.98481
-3.70249,550.81,27.4205,142.876,3.42182
-3.81677,543.007,26.9229,140.402,3.40966
1.9697,552.82,33.512,167.639,4.11911
-0.289189,521.612,29.2598,148.726,3.8174
-0.776677,591.592,32.6296,166.435,3.75676
-4.1468,509.806,24.9828,130.604,3.37492
1.85174,586.097,35.3866,177.163,4.10245
-2.15098,519.882,27.3332,140.811,3.59352
-0.820748,507.082,27.9256,142.486,3.75135
0.941613,525.705,30.7669,155.024,3.97738
-0.409619,559.449,31.2517,158.988,3.80228
-1.44989,502.042,27.0496,138.644,3.67541
0.309872,531.032,30.4107,153.917,3.894
-2.00506,534.052,28.222,145.236,3.61033
-3.82607,579.709,28.7332,149.853,3.40868
1.31712,596.646,35.3711,177.752,4.02826
-0.578626,516.575,28.6883,146.123,3.78122
1.12805,557.863,32.8584,165.345,4.00251
1.32427,546.673,32.4165,162.895,4.02923
-0.109271,580.546,32.7689,166.348,3.84016
1.4777,591.167,35.2394,176.89,4.05032
-4.74603,507.623,24.3515,127.872,3.31319
-4.24769,515.167,25.1553,131.604,3.36441
1.40222,558.654,33.2154,166.818,4.03993
-4.40959,567.048,27.5298,144.2,3.34764
-3.78884,500.374,24.8337,129.48,3.41263
-0.605712,536.036,29.7411,151.515,3.77786
-2.78782,543.673,27.9525,144.672,3.5215
-4.96886,512.247,24.3789,128.229,3.29066
-3.97366,548.151,27.0273,141.11,3.39308
-0.645125,507.654,28.128,143.338,3.77298
1.81129,521.149,31.4219,157.358,4.09676
0.948972,525.616,30.7694,155.029,3.97837
-2.05784,561.006,29.5916,152.343,3.60423
-1.11048,526.441,28.7014,146.75,3.71609
1.99135,574.334,34.8419,174.265,4.12218
1.50738,581.257,34.6839,174.065,4.05442
0.448486,506.114,29.1225,147.252,3.91206
-0.822362,570.91,31.4389,160.414,3.75116
-1.87832,528.275,28.0406,144.17,3.62503
-4.47438,518.252,25.1029,131.551,3.34096
-1.51376,589.345,31.6828,162.466,3.66783
1.26578,599.235,35.4622,178.274,4.02124
1.83849,534.735,32.271,161.579,4.10059
-3.2638,582.29,29.4403,152.906,3.46909
-0.619193,591.358,32.7953,167.091,3.77619
1.61531,580.508,34.7673,174.351,4.06938
1.63168,576.491,34.546,173.221,4.07166
-0.633372,566.785,31.4171,160.085,3.77443
-3.94653,527.942,26.056,136.012,3.39594
-3.97607,597.344,29.4504,153.764,3.39283
-3.05304,577.479,29.4148,152.537,3.49215
-2.00768,516.375,27.2853,140.418,3.61003
-2.72771,565.848,29.1541,150.825,3.5282
0.279951,574.607,32.8722,166.411,3.89012
-1.80527,576.496,30.6784,157.648,3.63355
-1.73579,523.846,27.9443,143.526,3.64168
1.07723,584.263,34.3534,172.93,3.99564
-3.42648,592.427,29.7814,154.862,3.45145
-0.0816576,578.603,32.6903,165.917,3.84367
-3.88495,537.149,26.5682,138.622,3.40244
-0.024055,517.803,29.3135,148.717,3.85102
-3.66075,584.79,29.1551,151.868,3.42627
-4.29271,502.23,24.4844,128.137,3.35973
-0.410904,597.179,33.3579,169.704,3.80212
-2.38539,590.23,30.778,158.828,3.56675
1.37036,535.956,31.8312,159.902,4.03555
-3.84062,549.09,27.2016,141.88,3.40714
1.20948,505.28,29.8444,150.092,4.01357
-1.1809,544.785,29.6288,151.569,3.70759
1.46829,552.253,32.9092,165.204,4.04902
-3.65913,515.698,25.7119,133.931,3.42645
0.505427,578.165,33.3336,168.476,3.91952
-0.806352,571.858,31.5086,160.751,3.75312
-4.948,596.337,28.402,149.367,3.29276
-4.51623,562.06,27.1844,142.503,3.33666
1.41906,584.082,34.7473,174.491,4.04224
-4.64676,586.606,28.2401,148.181,3.32329
1.20378,594.84,35.1274,176.668,4.01279
1.42195,562.02,33.4382,167.914,4.04264
-0.503102,528.55,29.4302,149.821,3.79061
-1.23736,590.221,32.0369,163.954,3.7008
-0.631046,509.292,28.2325,143.856,3.77472
-0.743244,525.852,29.0373,148.076,3.76087
0.068982,504.107,28.63,145.153,3.86292
-2.20511,524.183,27.5072,141.763,3.58731
-3.17744,547.703,27.7761,144.17,3.47851
-1.18986,594.471,32.321,165.351,3.70651
-4.28243,560.532,27.3367,143.053,3.3608
-4.34277,503.891,24.5218,128.38,3.35454
-0.613124,579.227,32.1293,163.691,3.77694
-2.94622,550.687,28.1558,145.894,3.50393
1.88496,564.173,34.1015,170.689,4.10713
-2.34925,517.189,27.0034,139.313,3.57086
0.589394,554.553,32.0648,161.967,3.93056
-1.6172,580.561,31.0982,159.588,3.65561
1.63007,590.169,35.3637,177.324,4.07143
-2.69955,576.228,29.7183,153.712,3.53135
0.0705754,588.141,33.4044,169.357,3.86312
0.829675,551.273,32.1394,162.068,3.96241
-0.294095,534.37,29.9704,152.343,3.81678
-4.67948,571.441,27.478,144.218,3.31996
-1.29235,541.349,29.328,150.15,3.69421
-3.95767,536.426,26.4642,138.154,3.39477
-2.55202,596.004,30.8979,159.641,3.54791
-2.63755,580.032,29.9797,154.994,3.53829
-1.27884,523.084,28.3518,145.139,3.69583
-4.80939,566.795,27.1287,142.523,3.30676
-1.39105,526.072,28.4025,145.516,3.68241
0.179273,550.937,31.4089,159.117,3.8771
1.07178,547.44,32.1823,162.007,3.9949
-3.64952,580.098,28.9326,150.697,3.42748
1.33103,533.727,31.6561,159.067,4.03016
-2.31599,508.402,26.5756,137.073,3.57464
-4.99032,595.566,28.3225,148.995,3.2885
-4.842,526.284,25.1605,132.215,3.30345
-3.60269,529.161,26.4359,137.645,3.43249
-2.99977,569.197,29.0473,150.572,3.49801
-1.00643,516.874,28.2819,144.497,3.72869
-1.08907,591.998,32.2996,165.122,3.71868
0.674992,594.766,34.4913,174.118,3.94186
1.83095,547.937,33.0592,165.534,4.09953
-0.172346,534.189,30.0866,152.801,3.83216
-3.9837,596.516,29.4016,153.518,3.39203
-0.875739,587.046,32.2677,164.706,3.74462
-0.557468,509.404,28.3108,144.179,3.78385
-4.52406,591.087,28.5804,149.83,3.33586
-2.17518,594.973,31.2547,161.042,3.59074
1.69655,591.746,35.5389,178.119,4.0807
-1.27172,543.874,29.486,150.937,3.69668
-3.37193,556.567,28.0326,145.71,3.45735
0.238442,530.608,30.3117,153.494,3.88475
-4.26533,590.675,28.8243,150.818,3.36258
0.804433,508.619,29.627,149.426,3.95904
-2.48322,507.159,26.3556,136.104,3.55567
-0.615526,564.677,31.3196,159.568,3.77664
1.26404,572.278,33.8649,170.246,4.021
0.782044,580.722,33.801,170.504,3.95606
-0.72846,500.091,27.6289,140.879,3.76269
-4.20717,512.752,25.0734,131.136,3.36863
1.56421,534.901,31.9799,160.43,4.06228
-4.17619,562.1,27.5168,143.882,3.37185
-2.43183,583.514,30.3783,156.819,3.56148
0.319189,503.097,28.8202,145.857,3.89521
-2.01954,504.341,26.6384,137.101,3.60866
-0.741439,557.389,30.7807,156.964,3.7611
-4.83779,586.216,28.0299,147.288,3.30388
-2.20486,541.893,28.4368,146.554,3.58734
-0.827274,577.845,31.8154,162.341,3.75055
-2.50509,581.281,30.1843,155.901,3.5532
-0.725949,522.57,28.8734,147.222,3.763
-0.71379,596.173,32.954,168.014,3.7645
-0.850453,580.854,31.9554,163.082,3.74771
-4.89982,580.129,27.6776,145.504,3.29761
-0.682219,546.545,30.2439,154.161,3.7684
-4.87497,504.182,24.0755,126.544,3.30012
-3.61103,574.734,28.7042,149.464,3.43159
-2.68526,588.444,30.3636,157.033,3.53295
-4.37073,532.724,25.8992,135.619,3.35165
-4.99461,502.689,23.902,125.745,3.28807
-2.7247,528.716,27.2438,140.939,3.52854
-0.338743,544.186,30.4738,154.951,3.81117
-0.192546,566.982,31.9113,162.091,3.8296
-1.26586,553.63,30.021,153.669,3.69738
0.833864,552.773,32.2315,162.528,3.96297
-1.42862,555.663,29.9609,153.542,3.67794
-3.16233,574.149,29.1328,151.196,3.48016
-1.68709,526.707,28.1448,144.505,3.64739
-4.08951,502.846,24.6919,129.028,3.38092
-2.74474,571.956,29.4512,152.381,3.5263
-4.80452,514.628,24.6361,129.423,3.30725
-0.682629,585.387,32.3928,165.115,3.76835
1.0543,540.71,31.7676,159.939,3.99254
-3.60138,594.934,29.7231,154.759,3.43263
-2.67865,565.096,29.1656,150.83,3.53369
1.33678,586.907,34.8172,174.944,4.03095
-3.62206,580.192,28.9654,150.837,3.43041
-4.86703,561.037,26.798,140.846,3.30092
0.105944,550.102,31.282,158.557,3.86766
-1.89487,592.648,31.4393,161.663,3.62311
-1.29057,532.968,28.8757,147.833,3.69442
0.829186,538.424,31.3898,158.289,3.96234
-0.13215,555.338,31.3212,159.025,3.83726
-2.61673,508.457,26.2995,135.947,3.54063
1.86741,568.177,34.323,171.819,4.10466
1.22822,514.209,30.3913,152.822,4.01612
1.72525,590.081,35.4736,177.756,4.0847
-4.45388,556.576,26.9789,141.361,3.34307
-1.4047,518.226,27.9656,143.292,3.68079
-0.600145,554.992,30.7988,156.897,3.77855
-2.71459,515.639,26.5795,137.492,3.52967
0.00409359,510.916,28.9517,146.852,3.85461
-4.0881,586.673,28.8096,150.544,3.38106
-2.31925,524.018,27.3887,141.27,3.57427
-2.40275,505.196,26.3278,135.88,3.56478
-4.82905,586.639,28.0589,147.431,3.30476
-4.16327,515.947,25.269,132.116,3.3732
-4.97635,548.069,26.0767,137.167,3.2899
-2.18936,505.927,26.5638,136.885,3.58911
-2.9518,529.867,27.086,140.356,3.50331
-3.51375,582.538,29.1941,151.906,3.44204
-3.28652,558.978,28.239,146.691,3.46662
-2.64711,562.706,29.0745,150.324,3.53722
-0.948564,511.58,28.0486,143.245,3.73573
-0.518382,598.037,33.2817,169.447,3.78871
-1.03889,518.716,28.3507,144.882,3.72475
-4.45886,529.322,25.6533,134.42,3.34256
-1.56212,514.78,27.6277,141.721,3.66211
0.923073,548.98,32.1086,161.806,3.97489
-2.0037,540.86,28.5831,147.092,3.61049
-2.45705,561.136,29.1874,150.699,3.55863
-0.283775,590.873,33.1512,168.499,3.81808
0.587196,593.499,34.3141,173.331,3.93027
1.35644,574.459,34.1017,171.325,4.03364
-0.0670442,574.028,32.4483,164.671,3.84553
1.16784,546.707,32.2453,162.214,4.00791
-3.50455,564.733,28.311,147.301,3.44303
-3.77215,558.047,27.7124,144.472,3.4144
1.26883,508.771,30.1118,151.373,4.02166
1.49104,502.708,29.9801,150.475,4.05216
-2.15186,529.653,27.846,143.454,3.59341
0.427089,511.399,29.4048,148.702,3.90927
-4.64512,550.488,26.5029,139.064,3.32346
0.920033,592.382,34.6435,174.583,3.97449
-1.15702,582.134,31.6864,162.067,3.71047
-3.41963,578.322,29.0794,151.204,3.45219
-1.65359,588.919,31.5059,161.723,3.65133
0.799108,536.018,31.2173,157.452,3.95833
-0.942673,563.113,30.8803,157.7,3.73645
-1.73453,571.36,30.4803,156.55,3.64182
0.797163,581.749,33.8784,170.876,3.95807
-1.29653,560.929,30.3843,155.563,3.69371
0.56594,553.074,31.9535,161.432,3.92747
-1.56789,529.955,28.4363,145.876,3.66143
-2.78279,531.051,27.3083,141.333,3.52206
-4.2066,591.979,28.9482,151.4,3.36869
1.20191,574.787,33.941,170.703,4.01254
-2.56554,526.206,27.2665,140.893,3.54638
0.372938,593.027,34.0349,172.183,3.9022
-3.29209,562.041,28.3882,147.472,3.46601
-4.46165,583.006,28.2522,148.041,3.34227
-3.28047,584.137,29.5163,153.319,3.46728
1.80025,501.475,30.2243,151.372,4.09521
-2.47869,519.996,27.027,139.566,3.55618
0.436309,552.366,31.7705,160.655,3.91047
-2.65209,576.051,29.7587,153.868,3.53666
-2.28098,569.829,29.8231,153.784,3.57863
-3.77268,563.781,27.9966,145.954,3.41435
0.793154,517.182,30.1141,151.894,3.95754
-4.49705,503.026,24.3458,127.605,3.33863
0.178015,548.611,31.2749,158.44,3.87694
-0.297441,506.838,28.4229,144.48,3.81636
-3.89664,592.166,29.2774,152.771,3.40121
-4.89685,585.609,27.942,146.891,3.29791
-4.57744,571.558,27.5836,144.662,3.33038
-3.76479,524.273,26.0419,135.756,3.41518
-2.63955,548.197,28.3323,146.479,3.53807
0.902126,588.211,34.3784,173.27,3.97209
-3.66589,599.663,29.8912,155.708,3.42573
-1.02816,542.609,29.6676,151.6,3.72605
-3.92644,501.644,24.7757,129.309,3.39806
-1.84676,515.764,27.4068,140.878,3.62871
-4.04261,586.012,28.8236,150.566,3.38583
-1.61942,572.238,30.65,157.29,3.65535
-2.34871,563.857,29.4406,151.886,3.57092
-1.0394,598.451,32.7081,167.15,3.72469
-0.771175,517.402,28.543,145.584,3.75744
-3.62483,567.127,28.3104,147.429,3.43012
-0.922291,563.341,30.9147,157.852,3.73893
-1.37923,545.003,29.4367,150.802,3.68382
-2.75515,527.277,27.1406,140.437,3.52514
-2.92196,568.228,29.0774,150.642,3.50661
-4.23061,510.582,24.9466,130.495,3.36619
-4.30606,580.702,28.2966,148.102,3.35835
-1.41614,578.741,31.2188,159.974,3.67943
-3.51985,543.851,27.2494,141.794,3.44138
-0.371707,554.39,31.0098,157.714,3.80703
-2.15547,561.834,29.5342,152.155,3.593
-4.37944,599.218,29.1228,152.51,3.35075
-0.044533,536.06,30.3256,153.874,3.8484
0.575179,523.292,30.2424,152.777,3.92869
0.518808,556.453,32.0966,162.209,3.92128
0.672369,559.57,32.4473,163.803,3.94151
-0.413371,508.762,28.4166,144.568,3.80181
0.155393,519.507,29.5927,149.942,3.87403
-1.47692,521.278,28.0596,143.849,3.6722
-2.50896,519.374,26.966,139.282,3.55276
-3.87465,592.071,29.2955,152.841,3.40353
-1.1187,521.671,28.4332,145.387,3.71509
-2.05403,530.515,27.987,144.078,3.60467
-1.63009,551.339,29.5196,151.501,3.65409
0.0223571,504.672,28.6159,145.13,3.85695
-1.98535,541.666,28.644,147.387,3.61261
0.702653,522.621,30.3364,153.113,3.94552
-2.15436,512.139,26.923,138.701,3.59313
-3.62136,518.892,25.9058,134.903,3.43049
-1.32105,580.864,31.4373,160.983,3.69077
-0.8572,565.964,31.1289,158.872,3.74689
0.167202,586.123,33.4009,169.223,3.87555
1.94743,555.82,33.6683,168.447,4.11595
-3.58506,520.897,26.0393,135.562,3.43438
-1.33058,566.199,30.6334,156.877,3.68963
1.60012,543.737,32.5481,163.24,4.06727
-2.57823,598.543,31.001,160.205,3.54496
-3.15728,546.88,27.7541,144.035,3.48072
-2.15763,568.808,29.8986,154.034,3.59275
-4.89765,578.085,27.5822,145,3.29783
-4.81102,587.97,28.1406,147.84,3.30659
-2.41621,545.494,28.4145,146.664,3.56325
-0.431515,581.825,32.4771,165.247,3.79954
-1.35126,541.238,29.2619,149.876,3.68716
-1.96079,574.962,30.4309,156.553,3.61546
-2.67686,524.318,27.0627,139.953,3.53389
0.348086,559.059,32.0579,162.21,3.89897
-2.49583,543.201,28.2161,145.725,3.55424
-1.86984,575.658,30.5648,157.138,3.62602
-0.513796,529.029,29.446,149.913,3.78928
-4.82991,519.091,24.8273,130.452,3.30468
-4.36496,518.3,25.2031,131.969,3.35225
-3.11671,562.264,28.5756,148.254,3.48516
-3.06599,526.632,26.8126,139.056,3.49073
-1.57189,534.456,28.6738,147.098,3.66096
-3.36505,511.425,25.7652,133.918,3.45809
-3.5772,541.32,27.0677,140.908,3.43522
0.908707,563.713,32.9541,166.083,3.97297
-0.681073,528.854,29.2661,149.176,3.76854
-4.82697,528.567,25.2832,132.844,3.30498
-4.14918,578.546,28.349,148.204,3.37467
-1.16777,598.822,32.5826,166.663,3.70917
-3.8448,587.434,29.0968,151.77,3.40669
-4.06148,536.549,26.3731,137.784,3.38385
-1.00706,521.243,28.5204,145.716,3.72862
0.402863,564.438,32.4275,164.016,3.90611
-1.5506,589.463,31.6485,162.334,3.66347
1.97866,579.78,35.1571,175.857,4.12038
-3.47992,538.3,27.0094,140.503,3.44568
0.539724,575.185,33.201,167.765,3.92402
-2.04555,531.882,28.0675,144.483,3.60565
1.27035,583.113,34.5135,173.499,4.02186
-2.04977,542.424,28.6196,147.33,3.60517
-1.91328,552.185,29.274,150.549,3.62097
-3.09525,542.441,27.589,143.113,3.48751
0.567922,513.737,29.6828,149.958,3.92773
-0.726638,517.276,28.5802,145.727,3.76292
0.919673,582.828,34.0843,171.766,3.97444
-2.16317,518.675,27.2581,140.437,3.59212
-1.19018,591.741,32.1722,164.591,3.70647
-0.11513,516.23,29.1326,147.896,3.83942
1.6697,542.974,32.5798,163.319,4.07695
0.687851,582.985,33.8231,170.729,3.94356
-0.50888,597.36,33.255,169.299,3.78989
-4.41647,548.457,26.6208,139.445,3.34693
0.134203,558.59,31.7957,161.128,3.8713
0.923886,562.529,32.902,165.803,3.975
-2.86398,580.366,29.7592,154.109,3.51303
-4.88354,582.476,27.8057,146.16,3.29926
-4.33496,556.012,27.0657,141.69,3.35535
-1.07741,554.985,30.2924,154.848,3.72009
-1.90346,512.727,27.1914,139.829,3.62211
0.597397,524.768,30.3509,153.301,3.93161
-4.33234,534.265,26.0096,136.158,3.35562
-3.81932,566.396,28.0801,146.439,3.40939
-3.17161,511.451,25.9429,134.65,3.47915
-0.799446,519.401,28.6252,146.033,3.75397
-0.535764,554.886,30.8617,157.145,3.78654
-0.0123809,588.168,33.3104,168.98,3.85251
-2.51266,575.693,29.8862,154.37,3.55235
-2.49166,513.359,26.6699,137.736,3.55472
1.39889,537.038,31.9266,160.349,4.03947
0.0412558,522.916,29.6698,150.455,3.85937
-4.1472,565.165,27.6953,144.784,3.37488
-3.2139,542.648,27.4843,142.695,3.47453
-3.46653,567.76,28.501,148.248,3.44712
1.92343,517.932,31.3476,156.863,4.11256
-4.69814,548.366,26.3509,138.321,3.31806
-3.48479,598.744,30.037,156.259,3.44516
0.117481,589.306,33.5247,169.911,3.86915
-0.0911812,523.674,29.5772,150.127,3.84246
0.185098,568.572,32.4208,164.236,3.87785
-2.39189,507.287,26.4468,136.484,3.56601
1.43878,555.059,33.043,165.91,4.04496
-3.48252,576.761,28.9365,150.531,3.4454
-4.98,554.736,26.3905,138.821,3.28954
-4.44977,501.315,24.3038,127.34,3.3435
-3.75347,583.74,29.0074,151.202,3.41639
-2.35288,572.607,29.8931,154.225,3.57044
-4.56718,514.91,24.8589,130.362,3.33143
-0.407069,550.77,30.7696,156.532,3.8026
-1.20306,508.235,27.6197,141.313,3.70492
-1.6914,542.631,28.9913,148.856,3.64688
-3.23307,539.367,27.2997,141.756,3.47244
0.129173,570.944,32.4933,164.669,3.87065
1.71159,592.159,35.5819,178.316,4.0828
-2.28937,507.172,26.5361,136.842,3.57768
-0.685946,575.142,31.8222,162.211,3.76794
-2.23194,511.329,26.8074,138.184,3.58424
-1.72783,538.645,28.7418,147.613,3.64261
-1.02043,500.385,27.3663,139.833,3.72699
1.95424,570.194,34.5471,172.835,4.11692
-3.27855,506.931,25.6168,133.062,3.46748
-4.32778,550.645,26.8113,140.351,3.3561
-2.7732,585.573,30.1222,155.885,3.52313
1.29157,534.556,31.6625,159.143,4.02476
-2.81301,506.72,26.0295,134.744,3.5187
-3.58044,592.19,29.608,154.136,3.43487
1.73811,587.145,35.3126,176.933,4.0865
1.72396,502.773,30.2237,151.45,4.08452
-1.61843,542.891,29.0792,149.228,3.65547
1.63305,543.045,32.5433,163.178,4.07185
-1.44338,594.156,32.0199,164.111,3.67619
-3.38044,592.062,29.8115,154.966,3.45643
-1.46789,519.193,27.9562,143.309,3.67328
-4.16833,530.435,25.9739,135.806,3.37268
0.808952,511.736,29.8132,150.36,3.95964
-0.376611,543.241,30.381,154.521,3.80642
-1.61504,502.642,26.9264,138.177,3.65587
-3.66445,549.45,27.3896,142.675,3.42588
-4.20531,521.206,25.4885,133.305,3.36882
1.12525,561.978,33.0976,166.552,4.00213
1.78476,596.038,35.9046,179.84,4.09304
-2.83597,523.186,26.8536,139.034,3.51614
-2.00093,589.841,31.1746,160.426,3.61081
-2.41067,586.47,30.5548,157.706,3.56388
1.71315,533.105,32.0352,160.54,4.08301
-4.56913,543.022,26.2143,137.472,3.33123
-0.418738,532.027,29.7105,151.157,3.80114
0.346879,502.472,28.8118,145.786,3.89881
-1.27367,569.708,30.8844,158.098,3.69645
1.6551,578.296,34.6819,173.874,4.07492
-1.20748,527.019,28.6361,146.518,3.70439
-1.2844,592.199,32.0917,164.29,3.69516
-0.363193,573.893,32.1101,163.3,3.8081
-4.56257,507.8,24.5196,128.579,3.33191
0.492891,575.878,33.1874,167.752,3.91788
0.830718,573.136,33.4153,168.501,3.96255
-3.27002,501.091,25.3294,131.561,3.46841
-4.94107,543.782,25.9053,136.229,3.29345
-4.29029,500.286,24.3918,127.649,3.35998
-1.3581,591.291,31.9604,163.705,3.68635
1.40152,535.001,31.8084,159.753,4.03983
-2.72912,556.369,28.6643,148.292,3.52805
-0.875969,562.757,30.9323,157.89,3.74459
-2.82231,523.346,26.8748,139.13,3.51766
1.91294,560.842,33.9326,169.81,4.11108
-1.10841,507.191,27.6538,141.392,3.71634
-0.885609,510.462,28.0485,143.18,3.74341
0.461201,594.695,34.2344,173.084,3.91373
-3.73536,511.9,25.4538,132.661,3.41832
-2.6468,529.219,27.3445,141.38,3.53726
-4.57622,578.179,27.9044,146.343,3.33051
-1.14581,500.456,27.2512,139.37,3.71182
1.26507,551.6,32.6424,164.099,4.02114
-4.80052,549.766,26.322,138.275,3.30765
-0.358302,506.313,28.3337,144.09,3.80871
0.296862,503.062,28.796,145.758,3.89231
-4.4708,517.324,25.0612,131.329,3.34133
-0.924585,556.676,30.5465,155.975,3.73866
-2.05335,584.756,30.8493,158.812,3.60475
-3.73715,524.212,26.0644,135.845,3.41813
-2.4271,513.769,26.7517,138.093,3.56202
-2.83236,560.797,28.7878,149.044,3.51654
-3.03547,578.869,29.5038,152.979,3.49408
-1.54943,554.588,29.7773,152.734,3.66361
-1.52457,586.624,31.5247,161.668,3.66655
1.5449,545.742,32.6065,163.596,4.05961
-3.7502,524.144,26.049,135.778,3.41674
-0.363661,562.788,31.4883,160.138,3.80804
1.79804,555.275,33.4643,167.601,4.0949
-0.994705,508.154,27.8161,142.105,3.73012
-3.27819,579.561,29.2874,152.128,3.46752
-3.21131,541.969,27.4525,142.526,3.47481
-0.489748,580.058,32.3132,164.482,3.79227
0.208902,541.575,30.9067,156.54,3.88093
1.0648,585.317,34.4008,173.183,3.99396
-2.88532,542.007,27.7714,143.838,3.51067
-0.613783,569.805,31.6059,161.025,3.77686
-0.242175,550.384,30.924,157.132,3.82333
-1.2645,502.951,27.2742,139.607,3.69754
1.77723,589.813,35.5205,177.926,4.09198
-4.60531,540.304,26.0494,136.644,3.32753
-4.52466,553.363,26.7557,140.265,3.33579
-3.75759,553.161,27.4839,143.265,3.41595
-1.03787,518.546,28.3424,144.839,3.72488
1.84571,531.254,32.0688,160.559,4.1016
-4.53905,516.615,24.9661,130.897,3.33432
-3.7959,598.935,29.7179,154.954,3.41188
-1.27262,543.911,29.487,150.943,3.69657
-1.89086,525.215,27.866,143.285,3.62357
-2.82981,544.824,27.9703,144.809,3.51683
-3.51697,576.201,28.8733,150.24,3.44169
-3.2513,544.901,27.5621,143.137,3.47045
1.35622,500.832,29.7307,149.365,4.03361
1.76156,503.143,30.2847,151.716,4.08979
0.905115,572.074,33.4387,168.53,3.97249
-2.38096,595.677,31.0668,160.314,3.56725
-1.74566,556.173,29.6586,152.342,3.64052
0.36045,582.18,33.3979,168.976,3.90058
0.744056,512.329,29.7813,150.268,3.95101
0.766049,537.235,31.2527,157.668,3.95393
-3.54663,521.317,26.0957,135.817,3.4385
-0.473697,555.694,30.9732,157.643,3.79428
-1.09832,576.114,31.4228,160.651,3.71756
-0.327654,551.731,30.9081,157.147,3.81256
-0.204118,508.838,28.6273,145.422,3.82814
-2.88922,527.988,27.0494,140.102,3.51023
-2.72743,535.208,27.5758,142.659,3.52823
0.727844,578.845,33.6291,169.702,3.94886
-4.45614,534.433,25.9035,135.728,3.34284
-0.466415,574.654,32.038,163.054,3.79518
-4.89035,515.669,24.6105,129.371,3.29857
1.11919,521.492,30.7068,154.527,4.00131
1.72048,579.139,34.8101,174.437,4.08404
-1.78601,549.921,29.2839,150.461,3.6358
1.10625,537.404,31.6297,159.186,3.99956
1.62711,565.475,33.8806,169.89,4.07102
-0.819416,551.688,30.3835,155.026,3.75152
-2.57735,564.933,29.2611,151.212,3.54506
-0.842224,509.38,28.0313,143.047,3.74872
-2.26395,539.112,28.2324,145.563,3.58058
-1.23322,515.184,27.9679,143.126,3.7013
-0.00328407,512.17,29.0154,147.183,3.85367
1.26847,530.532,31.3993,157.846,4.02161
-4.70397,574.447,27.5984,144.876,3.31746
-2.57682,568.2,29.4309,152.089,3.54512
-0.499487,522.522,29.0982,148.127,3.79106
0.31555,531.721,30.4561,154.141,3.89474
1.25928,500.636,29.6206,148.914,4.02035
-1.83962,541.89,28.8022,148.044,3.62954
0.739436,595.424,34.606,174.618,3.9504
-3.21399,550.894,27.9019,144.862,3.47452
-2.67804,547.74,28.2705,146.2,3.53376
-0.812587,548.908,30.2376,154.274,3.75235
-0.33816,556.271,31.1511,158.395,3.81124
1.74649,523.773,31.5103,157.872,4.08768
1.68807,577.637,34.6815,173.832,4.07951
-0.934631,516.503,28.3322,144.679,3.73743
-4.60451,545.576,26.3044,137.981,3.32761
0.525234,548.399,31.639,159.889,3.92212
-2.81506,561.415,28.837,149.28,3.51847
-0.881421,597.962,32.8612,167.742,3.74393
-3.32512,516.43,26.054,135.379,3.46242
1.58968,521.004,31.1762,156.37,4.06582
-3.39958,516.921,26.0104,135.226,3.45435
-1.81259,505.424,26.8894,138.185,3.63269
-4.45933,527.457,25.5625,133.944,3.34251
-2.00877,599.583,31.6808,163.04,3.6099
-0.981747,587.296,32.1628,164.296,3.73169
-4.64861,592.221,28.5085,149.592,3.32311
1.06648,500.155,29.3973,147.992,3.99419
-1.79519,521.742,27.7744,142.715,3.63473
1.41336,551.259,32.7883,164.66,4.04146
0.764605,571.832,33.2636,167.814,3.95374
-1.71692,554.487,29.5984,152.001,3.64389
-1.0452,510.131,27.8753,142.459,3.72399
-3.97885,537.491,26.4969,138.346,3.39254
-0.44453,592.023,33.0314,168.084,3.79792
-1.24057,510.74,27.7196,141.863,3.70042
-4.08446,520.15,25.5462,133.487,3.38144
1.53642,519.287,31.0169,155.63,4.05844
-4.46205,523.454,25.366,132.918,3.34223
-1.19596,542.949,29.5135,150.995,3.70578
-3.67248,514.119,25.6211,133.471,3.42502
-0.0183965,556.851,31.5302,159.957,3.85174
-1.76155,578.779,30.8469,158.464,3.63866
-2.02573,543.653,28.7086,147.762,3.60794
1.67996,580.41,34.8383,174.628,4.07838
-4.39686,569.243,27.6489,144.81,3.34895
-1.34605,575.342,31.1113,159.342,3.68778
0.220272,563.025,32.1434,162.79,3.8824
1.4523,502.254,29.9134,150.181,4.04682
0.293505,596.979,34.168,172.954,3.89188
0.63759,540.609,31.3104,158.102,3.93691
-4.78424,590.642,28.2955,148.624,3.30931
-2.88482,500.262,25.6329,132.761,3.51072
0.748376,532.136,30.9373,156.096,3.95159
-3.4226,509.602,25.6212,133.226,3.45187
-2.74499,584.428,30.0931,155.702,3.52627
-2.08254,594.345,31.3231,161.285,3.60139
0.276379,543.37,31.0813,157.349,3.88966
0.817455,594.879,34.6672,174.83,3.96078
-3.27425,538.338,27.2081,141.323,3.46795
-1.98992,510.77,27.0059,138.962,3.61208
-1.29942,541.364,29.3216,150.125,3.69336
0.898179,569.666,33.29,167.789,3.97156
0.371349,589.857,33.8511,171.255,3.902
-1.17204,529.074,28.7832,147.234,3.70866
1.27747,501.681,29.7009,149.299,4.02284
-3.40388,594.81,29.925,155.584,3.45389
-4.74717,509.753,24.4527,128.404,3.31307
-4.96213,526.411,25.059,131.799,3.29133
1.59542,531.333,31.8005,159.495,4.06662
-0.318926,549.148,30.7727,156.449,3.81366
-4.57519,594.19,28.6782,150.4,3.33061
-4.34829,570.412,27.7536,145.305,3.35397
-2.38198,539.663,28.1445,145.235,3.56714
0.451653,555.887,31.9899,161.747,3.91248
1.403,531.896,31.6254,158.832,4.04003
-1.10717,518.841,28.2903,144.644,3.71649
-1.05424,502.191,27.4328,140.207,3.72289
1.25584,509.634,30.1494,151.576,4.01988
0.645599,554.501,32.1238,162.201,3.93797
-1.69667,592.609,31.6557,162.542,3.64626
0.51773,535.007,30.8585,155.953,3.92114
-0.669056,574.695,31.8161,162.16,3.77002
-2.019,594.598,31.4062,161.638,3.60872
-2.67525,540.224,27.8852,144.205,3.53407
1.10858,527.192,31.0311,156.171,3.99988
0.870764,587.082,34.2755,172.789,3.96789
-1.35012,581.444,31.4368,161.014,3.6873
-2.25534,578.736,30.3165,156.299,3.58156
-3.01793,589.087,30.0431,155.755,3.49601
-1.2568,511.337,27.7363,141.965,3.69847
0.984609,517.378,30.3243,152.747,3.98315
1.88834,509.868,30.8226,154.273,4.10761
1.97959,547.475,33.1992,166.062,4.12051
-4.49086,538.602,26.0733,136.653,3.33927
1.8046,571.729,34.4636,172.599,4.09582
0.167559,562.856,32.0754,162.507,3.87559
-2.63009,549.503,28.4092,146.867,3.53913
-1.78795,560.441,29.8421,153.331,3.63557
0.615164,500.812,28.9831,146.374,3.93395
-4.00392,571.624,28.1545,147.028,3.3899
-1.26631,574.283,31.1404,159.4,3.69733
-3.80508,505.224,25.06,130.676,3.4109
0.83116,562.865,32.817,165.483,3.9626
-1.29337,575.489,31.1764,159.615,3.69409
-1.42964,536.553,28.9295,148.257,3.67782
1.22648,572.848,33.855,170.241,4.01588
1.55997,589.111,35.2158,176.669,4.0617
1.32757,538.831,31.9551,160.573,4.02969
-0.846913,522.775,28.7637,146.79,3.74815
0.397335,599.68,34.4456,174.231,3.90538
0.508624,568.301,32.7685,165.617,3.91994
-0.635791,568.812,31.5268,160.647,3.77413
-1.72821,530.567,28.3104,145.398,3.64256
-4.53752,542.507,26.2189,137.464,3.33447
0.761129,503.21,29.2684,147.662,3.95328
-2.2987,542.237,28.3614,146.265,3.57661
-2.04463,592.624,31.2739,160.988,3.60576
-1.5552,564.475,30.302,155.432,3.66293
-0.553053,505.8,28.1148,143.176,3.78439
-2.88577,541.178,27.7285,143.616,3.51062
-4.91845,500.117,23.8444,125.37,3.29573
-3.08939,531.993,27.0632,140.38,3.48816
1.56388,557.607,33.337,167.239,4.06224
-3.73009,548.815,27.2945,142.249,3.41888
-0.488267,572.34,31.8849,162.3,3.79246
-0.702989,502.947,27.8113,141.783,3.76583
-2.33632,579.01,30.2449,156.022,3.57233
-4.9502,588.4,28.0218,147.369,3.29253
-4.53348,550.269,26.5978,139.446,3.33489
-2.74146,567.086,29.2038,151.097,3.52667
-0.785543,521.699,28.7657,146.735,3.75567
-3.67454,572.155,28.5113,148.529,3.4248
-2.32818,527.337,27.5536,142.13,3.57325
-0.437284,561.8,31.353,159.535,3.79882
1.13211,544.079,32.051,161.277,4.00306
0.730935,524.511,30.4757,153.786,3.94927
1.62203,567.606,34.0024,170.507,4.07031
1.73079,569.213,34.2256,171.495,4.08548
1.91365,506.583,30.6505,153.385,4.11118
-3.0266,588.433,30.0007,155.545,3.49506
-4.85761,514.907,24.6029,129.3,3.30188
-4.61069,554.407,26.7243,140.19,3.32698
-4.21517,516.288,25.2392,132.011,3.36779
0.773328,537.307,31.2647,157.72,3.9549
-0.593351,548.913,30.4686,155.208,3.77939
-2.01119,598.59,31.6257,162.759,3.60962
-3.35138,590.044,29.7403,154.563,3.45957
-3.43545,518.376,26.0506,135.471,3.45048
-2.57783,527.156,27.3039,141.099,3.545
-0.105485,504.634,28.4878,144.612,3.84064
-2.89956,554.205,28.3822,147.016,3.50909
-3.54016,535.444,26.8089,139.523,3.4392
-4.68101,579.248,27.8519,146.182,3.3198
0.0334769,526.172,29.8465,151.359,3.85837
0.189524,536.31,30.5858,154.936,3.87843
-4.75515,509.976,24.4564,128.431,3.31226
-2.98868,548.512,28.0027,145.146,3.49924
-1.94171,591.789,31.3424,161.22,3.61767
0.414688,571.628,32.8539,166.159,3.90765
-2.27585,547.977,28.6846,147.907,3.57922
-2.58951,533.001,27.5954,142.617,3.54369
-0.865184,587.36,32.2967,164.842,3.74591
-1.10585,548.318,29.8989,152.868,3.71665
-0.176421,559.734,31.5209,160.09,3.83164
-0.375343,542.369,30.3336,154.279,3.80658
-4.73651,503.847,24.1786,126.955,3.31415
-0.936413,598.699,32.8389,167.695,3.73721
0.310997,513.448,29.4048,148.825,3.89415
-3.54624,587.503,29.4092,153.062,3.43854
-3.91225,538.238,26.5964,138.797,3.39956
1.95069,503.484,30.5015,152.6,4.11642
1.10891,509.109,29.9671,150.816,3.99992
-4.65678,570.542,27.457,144.083,3.32227
-3.19709,552.974,28.024,145.478,3.47636
-0.757699,564.327,31.1462,158.847,3.7591
-2.87105,594.017,30.4516,157.703,3.51225
-2.85549,533.765,27.3778,141.768,3.51398
1.9738,576.02,34.9233,174.694,4.11969
-1.91926,511.99,27.1374,139.567,3.62027
-4.10283,550.9,27.0388,141.305,3.37952
1.71271,599.29,36.0118,180.468,4.08295
-1.36315,584.505,31.588,161.804,3.68574
1.75974,598.667,36.0322,180.511,4.08953
1.30543,544.207,32.2494,162.077,4.02666
0.566593,526.835,30.4382,153.776,3.92756
-0.0902792,525.8,29.6982,150.74,3.84258
0.956879,577.293,33.8038,170.308,3.97943
1.85715,555.935,33.5717,168.07,4.10321
1.43957,504.277,30.0207,150.734,4.04506
-3.45721,555.495,27.8945,145.083,3.44813
-2.8705,588.337,30.161,156.197,3.51231
-4.12139,563.589,27.6434,144.485,3.37758
-1.33759,579.202,31.3293,160.449,3.68879
0.844311,595.479,34.7342,175.134,3.96436
-4.59379,583.103,28.1245,147.516,3.32871
-2.61186,536.461,27.7527,143.454,3.54118
-4.05342,553.29,27.2037,142.115,3.3847
1.99749,517.135,31.3785,156.936,4.12305
-3.2195,576.814,29.209,151.655,3.47392
-3.75509,512.798,25.4807,132.821,3.41622
-3.54718,569.145,28.4893,148.275,3.43844
0.19459,517.58,29.5228,149.546,3.87908
1.70891,550.152,33.0548,165.654,4.08242
0.646734,557.662,32.3082,163.13,3.93812
-2.53204,515.705,26.7538,138.21,3.55016
-2.61157,588.833,30.4624,157.46,3.54121
0.524276,569.163,32.8359,165.939,3.92199
-0.78449,554.788,30.5913,156.047,3.7558
-0.763381,544.665,30.0551,153.288,3.7584
-0.841446,556.749,30.6388,156.353,3.74882
-2.1611,524.173,27.5491,141.934,3.59235
-2.80059,531.082,27.2928,141.271,3.52008
-3.52221,571.315,28.6231,148.945,3.44113
-1.67858,595.702,31.841,163.472,3.64839
1.29334,511.794,30.3161,152.374,4.025
-4.01138,510.747,25.1494,131.343,3.38911
1.22306,517.164,30.5605,153.679,4.01542
-1.36516,556.184,30.0554,153.955,3.6855
-4.52645,511.895,24.7491,129.747,3.33561
-0.541205,513.263,28.5413,145.336,3.78587
-3.42089,556.685,27.9901,145.542,3.45205
-2.24955,584.331,30.6158,157.835,3.58222
-2.07192,526.671,27.7669,142.963,3.60261
-3.48857,588.843,29.5363,153.658,3.44475
0.0875831,547.5,31.1144,157.728,3.86531
-4.00337,590.588,29.0891,151.909,3.38996
1.0736,561.866,33.0324,166.284,3.99515
1.32985,577.436,34.2472,172.088,4.03
1.37381,588.536,34.9581,175.606,4.03602
-3.07896,574.631,29.243,151.675,3.4893
-4.14228,599.3,29.3732,153.55,3.3754
1.6901,532.926,31.9992,160.385,4.0798
-0.307725,514.586,28.8472,146.648,3.81507
-0.545912,598.599,33.2813,169.478,3.78528
-1.98705,567.978,30.0337,154.539,3.61241
0.867162,585.8,34.1964,172.395,3.96741
0.890269,507.773,29.6651,149.527,3.9705
-2.87359,570.135,29.2247,151.352,3.51197
1.44326,582.691,34.6933,174.19,4.04557
0.789944,519.671,30.2558,152.612,3.95711
0.689201,533.386,30.9469,156.21,3.94374
0.910491,592.88,34.6613,174.685,3.97321
0.344809,536.811,30.7787,155.741,3.89854
-2.12129,571.278,30.0666,154.859,3.59693
1.10411,521.988,30.7201,154.611,3.99927
0.357681,579.842,33.2606,168.284,3.90022
-4.33138,565.682,27.54,144.169,3.35572
-1.42283,542.261,29.2442,149.863,3.67863
0.0132589,540.455,30.6353,155.381,3.85578
1.01946,508.111,29.8167,150.154,3.98785
-2.9022,566.039,28.9856,150.145,3.5088
-1.98892,530.711,28.0612,144.391,3.6122
1.66868,562.046,33.723,169.051,4.07681
-4.52644,588.377,28.4469,149.133,3.33561
-2.28899,543.552,28.4399,146.66,3.57772
-3.47852,533.897,26.7898,139.359,3.44583
-3.78761,559.75,27.7818,144.85,3.41276
-0.119864,568.818,32.0951,162.94,3.83882
1.4092,597.481,35.5325,178.447,4.04089
-4.91454,532.915,25.4117,133.607,3.29613
-0.931614,506.306,27.7758,141.834,3.7378
-4.87064,548.651,26.203,137.722,3.30056
1.91324,563.131,34.0714,170.504,4.11112
0.557377,517.961,29.916,151.147,3.92634
-0.352804,515.418,28.8488,146.703,3.8094
-3.31444,596.746,30.1173,156.48,3.46358
-4.22148,593.627,29.0135,151.759,3.36714
-3.15244,594.057,30.1534,156.481,3.48125
-3.25926,564.175,28.529,148.168,3.46958
-1.1748,555.637,30.2255,154.614,3.70833
1.60667,531.309,31.8113,159.537,4.06818
1.14911,529.582,31.2151,157.052,4.00537
-4.73145,529.35,25.4069,133.4,3.31467
-1.91517,597.407,31.6694,162.87,3.62075
-1.47027,548.163,29.5136,151.295,3.67299
-0.631469,582.46,32.2881,164.521,3.77467
-3.11186,577.514,29.3557,152.296,3.48569
-1.4664,556.984,29.9926,153.746,3.67345
-1.41836,564.943,30.4722,156.15,3.67916
-0.0258696,583.66,33.0397,167.623,3.85078
1.09007,524.879,30.8754,155.408,3.99737
-0.206844,569.511,32.0377,162.75,3.82779
-4.83504,557.885,26.6779,140.181,3.30416
-1.16613,592.476,32.2391,164.904,3.70937
-3.70503,595.138,29.6246,154.364,3.42155
-0.957063,588.546,32.2589,164.757,3.7347
1.81625,566.139,34.1402,170.965,4.09746
-4.35522,501.174,24.3788,127.643,3.35326
-1.95161,514.829,27.257,140.215,3.61652
0.409561,594.226,34.1467,172.704,3.90698
-1.12412,590.592,32.1836,164.571,3.71444
-2.48129,527.3,27.4041,141.517,3.55589
-4.92077,512.933,24.4534,128.575,3.2955
-3.16139,555.291,28.1768,146.233,3.48027
-4.73568,593.993,28.5053,149.672,3.31424
-1.21924,545.972,29.6538,151.738,3.70298
0.0843175,565.35,32.1251,162.855,3.86489
-4.68012,595.784,28.6479,150.359,3.31989
1.18615,555.42,32.7797,164.881,4.0104
-3.19645,522.099,26.4599,137.358,3.47643
1.87262,567.226,34.2717,171.556,4.10539
0.171425,529.26,30.1649,152.824,3.87609
-0.4247,549.492,30.6795,156.093,3.8004
0.343377,551.604,31.6253,160.026,3.89836
0.170931,575.534,32.8017,166.183,3.87603
-2.80306,500.829,25.7359,133.215,3.5198
1.99458,503.473,30.5465,152.778,4.12263
-3.35288,591.933,29.8339,155.052,3.45941
-0.939261,503.197,27.5979,140.934,3.73687
0.821017,574.939,33.5093,168.986,3.96125
0.665705,593.381,34.4,173.669,3.94063
-2.68677,566.473,29.2283,151.164,3.53278
-1.66132,547.886,29.3028,150.422,3.65042
1.70736,519.367,31.2035,156.378,4.0822
-4.01293,514.476,25.3317,132.296,3.38895
1.63527,565.754,33.9068,170.012,4.07215
-0.438245,591.284,32.9973,167.903,3.7987
-2.56754,532.047,27.5672,142.449,3.54616
-4.47168,513.474,24.8739,130.348,3.34124
-0.252455,579.165,32.5295,165.302,3.82203
-4.86048,524.956,25.0805,131.812,3.30158
0.701888,551.899,32.035,161.688,3.94542
-4.9835,552.421,26.2771,138.228,3.28918
-3.60826,506.62,25.3048,131.761,3.43189
-3.70019,530.05,26.3891,137.5,3.42206
-3.57545,582.223,29.1148,151.562,3.43541
-3.88957,584.71,28.916,150.877,3.40195
-1.72227,539.975,28.8183,148,3.64326
-2.18221,538.205,28.2656,145.648,3.58993
-3.12865,506.586,25.7351,133.529,3.48385
1.91039,597.063,36.1209,180.765,4.11072
-3.28287,505.124,25.5217,132.572,3.46701
-1.5239,519.166,27.9002,143.08,3.66663
-3.29904,538.84,27.2096,141.357,3.46526
-2.20174,510.493,26.7919,138.074,3.58769
-1.91288,544.339,28.8585,148.412,3.62101
-2.13603,551.853,29.0293,149.532,3.59523
1.53566,552.234,32.984,165.5,4.05833
-1.98436,551.611,29.171,150.097,3.61273
-3.84239,535.198,26.5117,138.284,3.40695
-1.84882,572.516,30.4203,156.371,3.62847
-2.5539,522.631,27.0923,139.981,3.5477
-0.516321,515.74,28.7038,146.137,3.78896
1.52822,541.63,32.3424,162.29,4.0573
-0.963585,543.347,29.7747,152.077,3.7339
0.00936114,577.421,32.7263,165.992,3.85528
-4.96715,557.742,26.5457,139.624,3.29083
-0.85913,506.945,27.8809,142.297,3.74665
-1.63335,589.93,31.5823,162.091,3.65371
-3.66619,545.732,27.2026,141.703,3.42569
1.44796,530.507,31.5913,158.611,4.04622
-3.23811,588.884,29.8007,154.748,3.47189
-3.02821,570.74,29.097,150.861,3.49488
-1.28355,519.181,28.1356,144.037,3.69526
-4.09164,590.188,28.9786,151.43,3.38069
-0.151105,519.264,29.2675,148.618,3.83485
1.36529,543.62,32.2808,162.167,4.03485
0.890763,548.377,32.0377,161.485,3.97057
-4.67024,594.125,28.5782,149.982,3.3209
-4.46075,559.08,27.0937,141.969,3.34236
-4.21796,532.292,26.019,136.092,3.3675
0.909478,503.559,29.4383,148.363,3.97307
-0.616534,548.577,30.4255,155.014,3.77652
-1.69033,585.311,31.2727,160.568,3.64701
0.211984,517.29,29.5239,149.533,3.88133
-1.01395,551.426,30.1646,154.124,3.72778
-0.0452694,508.236,28.7508,145.884,3.84831
-4.86678,565.447,27.0089,141.954,3.30095
-0.596602,588.946,32.6871,166.513,3.77899
-4.28473,546.055,26.6285,139.349,3.36056
1.35044,570.406,33.8541,170.088,4.03282
-2.15396,525.332,27.6169,142.276,3.59317
0.262528,576.758,32.9754,166.954,3.88786
-3.87761,598.254,29.5983,154.424,3.40322
-2.397,586.748,30.584,157.841,3.56543
-2.73859,525.358,27.0576,139.99,3.52699
-0.0958248,551.538,31.146,158.095,3.84187
-1.63411,561.057,30.0357,154.154,3.65362
-3.56322,598.576,29.9455,155.873,3.43672
-3.68007,583.081,29.05,151.342,3.42421
-3.13092,540.432,27.4523,142.441,3.4836
-3.1393,514.133,26.1087,135.478,3.48268
-4.27797,569.961,27.801,145.478,3.36126
-1.2486,532.414,28.8879,147.851,3.69945
-1.63928,558.28,29.8817,153.369,3.65301
-2.17156,562.94,29.5757,152.387,3.59115
-4.10306,542.32,26.6175,139.104,3.3795
-4.93554,581.316,27.6989,145.655,3.29401
-2.85938,526.252,26.9888,139.758,3.51354
1.77863,570.007,34.3293,171.957,4.09218
1.78881,597.713,36.0105,180.366,4.09361
-3.84538,595.608,29.5011,153.88,3.40663
1.51287,521.065,31.0981,156.063,4.05518
-0.968341,562.369,30.812,157.38,3.73332
-2.6272,593.347,30.6791,158.598,3.53946
-0.948112,590.722,32.3882,165.407,3.73579
-0.138277,545.28,30.7475,156.119,3.83648
-1.70904,577.101,30.814,158.234,3.64481
-2.46631,542.026,28.1843,145.529,3.55758
-0.826675,546.704,30.1014,153.594,3.75063
-0.43914,555.26,30.986,157.669,3.79859
-2.54374,532.705,27.6244,142.719,3.54884
-0.00892191,581.176,32.9183,166.988,3.85295
-3.53531,575.438,28.8163,149.964,3.43972
1.54191,599.308,35.8033,179.639,4.05919
-1.18857,506.07,27.5159,140.768,3.70667
1.63753,534.379,32.0288,160.593,4.07247
-2.96015,527.234,26.9434,139.626,3.50239
1.7287,524.78,31.5517,158.099,4.08519
1.32101,572.187,33.9256,170.483,4.02879
-3.58037,508.739,25.4357,132.415,3.43488
-1.09066,552.589,30.1477,154.123,3.71848
-0.288818,545.621,30.6069,155.573,3.81745
-3.3875,584.175,29.407,152.872,3.45566
1.35586,509.305,30.2333,151.891,4.03356
-1.56531,531.834,28.5397,146.403,3.66174
1.44546,582.958,34.7118,174.281,4.04588
1.42829,558.378,33.2287,166.854,4.04351
0.860223,543.973,31.7472,160.055,3.96648
-3.10318,552.395,28.0874,145.707,3.48664
-4.15232,573.158,28.0819,146.811,3.37435
-2.32351,505.856,26.4355,136.358,3.57379
-2.33374,596.903,31.1824,160.854,3.57262
0.863688,567.948,33.1503,167.125,3.96695
-2.93804,515.565,26.3676,136.62,3.50483
1.99507,552.557,33.5251,167.675,4.1227
0.304071,595.687,34.1065,172.63,3.89325
1.39094,535.402,31.8207,159.826,4.03838
-4.73997,552.836,26.5262,139.285,3.3138
-0.0295321,587.333,33.2434,168.661,3.85032
-2.7551,520.106,26.7716,138.527,3.52515
-1.14704,587.745,32.0029,163.674,3.71167
-0.909491,596.359,32.7412,167.163,3.7405
-2.85296,530.062,27.1903,140.795,3.51426
1.82862,525.655,31.7123,158.793,4.0992
-4.75237,555.43,26.6388,139.889,3.31254
0.0846322,540.801,30.7305,155.785,3.86493
1.83047,553.88,33.4172,167.328,4.09946
-3.36946,589.172,29.6774,154.257,3.45762
-3.52303,575.823,28.8481,150.116,3.44104
1.21175,569.628,33.6477,169.216,4.01388
-3.2448,545.129,27.58,143.223,3.47116
-4.07064,540.889,26.5778,138.863,3.38289
-0.276804,556.557,31.2334,158.743,3.81896
0.902035,578.755,33.8256,170.484,3.97208
-4.8878,522.093,24.9194,130.992,3.29883
-0.479591,515.8,28.7437,146.302,3.79354
1.22145,563.137,33.2754,167.333,4.0152
-2.58532,532.728,27.5853,142.56,3.54416
-3.65662,534.277,26.6406,138.766,3.42672
-3.56592,586.72,29.3496,152.774,3.43643
-1.01,547.34,29.9452,152.999,3.72826
-4.19167,514.432,25.1694,131.623,3.37024
1.28829,526.114,31.159,156.616,4.02431
-0.221473,521.73,29.335,149.036,3.82594
-0.148168,583.311,32.8807,166.962,3.83522
-1.4854,556.549,29.9493,153.546,3.6712
-1.82212,587.859,31.2647,160.68,3.63158
-2.74897,578.745,29.7963,154.172,3.52583
0.573443,559.598,32.3387,163.369,3.92846
-4.17237,583.252,28.5561,149.312,3.37225
-3.19561,529.412,26.8312,139.285,3.47652
-3.55364,523.78,26.2125,136.432,3.43775
-1.82798,511.955,27.2222,139.911,3.6309
0.765639,517.07,30.0792,151.748,3.95388
-2.99567,579.852,29.5954,153.409,3.49847
-0.649613,510.935,28.3054,144.246,3.77242
-4.24725,549.212,26.8181,140.302,3.36445
-4.77816,561.864,26.9227,141.407,3.30992
-0.601954,593.362,32.9261,167.737,3.77833
-3.97235,589.76,29.0803,151.828,3.39322
-2.07527,549.642,28.9746,149.185,3.60223
-1.02463,548.535,29.9953,153.271,3.72648
-4.36888,513.551,24.9687,130.745,3.35184
-0.0165353,539.905,30.5726,155.097,3.85198
-1.70762,555.558,29.6652,152.333,3.64498
-1.52168,577.062,31.0139,159.045,3.6669
-3.83608,525.883,26.0561,135.901,3.40762
-1.62977,560.508,30.0109,154.022,3.65413
0.352517,502.082,28.7951,145.696,3.89955
1.00238,596.418,34.9782,176.168,3.98555
0.250891,540.514,30.8908,156.413,3.88636
-2.02987,587.211,31.0042,159.582,3.60746
-3.0946,540.34,27.4828,142.561,3.48758
-3.21301,516.468,26.1592,135.814,3.47463
-4.13609,573.24,28.1021,146.898,3.37604
-1.3082,550.325,29.7978,152.573,3.69231
-2.53934,508.427,26.3695,136.231,3.54934
-3.10717,599.172,30.4616,158.028,3.48621
-4.79616,518.513,24.8295,130.431,3.3081
-1.58316,599.201,32.1349,164.867,3.65963
-0.44213,574.601,32.062,163.148,3.79822
0.843576,536.193,31.2753,157.695,3.96426
0.597564,521.628,30.1695,152.385,3.93163
-4.29882,545.947,26.61,139.267,3.3591
1.15407,526.859,31.0599,156.266,4.00604
-3.941,562.031,27.7438,144.816,3.39652
-0.432383,585.047,32.6559,166.158,3.79943
-2.99114,564.573,28.8201,149.385,3.49897
1.59087,586.647,35.1056,176.078,4.06598
-0.857725,594.035,32.6723,166.749,3.74682
-4.81749,587.842,28.128,147.781,3.30594
1.96617,571.771,34.6567,173.369,4.11861
1.07752,587.684,34.555,173.944,3.99568
1.57127,501.547,29.993,150.455,4.06326
-2.06205,540.903,28.5271,146.866,3.60375
-3.21482,536.012,27.1473,140.946,3.47443
-1.38232,561.77,30.3391,155.428,3.68346
1.16966,568.491,33.5322,168.686,4.00816
1.79175,508.045,30.6113,153.32,4.09402
-3.78804,598.448,29.7019,154.862,3.41271
-1.21028,502.825,27.3188,139.781,3.70406
1.24731,525.302,31.0672,156.2,4.01872
0.501504,591.943,34.1234,172.473,3.91901
-4.58524,519.653,25.0717,131.496,3.32958
-2.95243,518.264,26.4922,137.28,3.50324
-3.57334,559.541,27.9826,145.666,3.43563
0.774206,516.037,30.0279,151.48,3.95502
-0.975939,509.658,27.9166,142.599,3.7324
-4.34647,528.528,25.7174,134.643,3.35416
0.630981,514.465,29.7894,150.429,3.93604
-4.59301,502.719,24.248,127.183,3.32879
-3.8874,579.83,28.6768,149.627,3.40218
-0.831906,592.309,32.6065,166.383,3.74999
-1.58424,590.801,31.6832,162.551,3.6595
1.57947,506.86,30.3192,152.083,4.0644
0.131336,568.847,32.3763,164.074,3.87093
-4.71321,502.188,24.119,126.62,3.31652
1.08059,567.107,33.3486,167.867,3.99609
1.11826,552.64,32.5398,163.753,4.00119
-4.98184,581.921,27.6819,145.616,3.28935
1.18476,509.935,30.0939,151.373,4.01021
-3.02674,514.54,26.2332,136.011,3.49504
-2.62554,505.564,26.1418,135.14,3.53964
-4.96678,550.111,26.1828,137.715,3.29087
0.939473,584.679,34.2158,172.404,3.97709
-4.79973,502.915,24.0795,126.494,3.30773
0.927681,557.026,32.5843,164.198,3.97551
1.45275,575.266,34.2623,172.015,4.04688
-0.59852,521.071,28.918,147.315,3.77875
-1.31719,557.037,30.1518,154.396,3.69123
-3.222,564.743,28.5952,148.471,3.47365
-1.49742,517.257,27.8233,142.658,3.66977
-1.89944,587.058,31.1379,160.118,3.62258
-3.71024,555.788,27.6607,144.136,3.42099
-1.62764,568.512,30.4417,156.231,3.65438
1.39314,569.021,33.8213,169.872,4.03868
-0.596678,598.753,33.2313,169.285,3.77898
-4.74405,513.379,24.6294,129.329,3.31339
-4.78633,553.858,26.5314,139.36,3.30909
1.42283,552.145,32.8516,164.967,4.04276
-4.94853,532.201,25.3469,133.3,3.2927
-0.10637,585.85,33.0716,167.881,3.84053
-1.66857,565.83,30.2549,155.318,3.64957
-4.12361,589.949,28.934,151.233,3.37735
-1.04699,526.96,28.7932,147.152,3.72377
0.542888,572.418,33.0449,166.973,3.92444
-0.121206,562.56,31.7405,161.142,3.83865
0.74847,500.6,29.1039,146.845,3.9516
-2.08124,545.686,28.76,148.086,3.60154
-0.367227,583.159,32.6241,165.919,3.80759
1.41525,519.292,30.8889,155.12,4.04172
1.94523,532.714,32.2663,161.435,4.11564
1.98888,546.186,33.1315,165.713,4.12182
-2.02933,531.625,28.0699,144.478,3.60753
0.0972706,504.989,28.7081,145.52,3.86655
1.57259,510.223,30.5132,153.064,4.06345
-4.94403,581.041,27.6774,145.552,3.29316
-2.94823,585.337,29.9253,155.065,3.5037
-3.80016,503.075,24.9577,130.138,3.41143
1.01214,529.9,31.0875,156.561,3.98686
-2.18713,506.847,26.6142,137.143,3.58937
1.75766,533.377,32.1003,160.815,4.08924
-3.89108,518.542,25.6424,133.798,3.40179
-1.77516,587.629,31.3037,160.826,3.63707
-3.05413,547.271,27.875,144.553,3.49203
0.652961,504.932,29.2595,147.73,3.93895
1.76946,505.042,30.4073,152.321,4.09089
0.290936,576.819,33.0112,167.102,3.89155
-3.4786,586.495,29.4289,153.088,3.44582
-1.08606,591.616,32.2821,165.029,3.71904
-2.58364,536.229,27.7683,143.504,3.54435
-1.06009,557.069,30.4244,155.503,3.72218
-2.07652,572.865,30.1974,155.482,3.60208
-1.0213,513.28,28.0707,143.433,3.72689
0.0500322,501.614,28.4697,144.36,3.86049
1.68308,514.439,30.8818,154.792,4.07881
-3.4385,504.858,25.3685,131.927,3.45015
-0.171714,556.21,31.3276,159.103,3.83224
-3.27545,573.704,28.9943,150.602,3.46782
1.53923,577.213,34.4802,173.004,4.05883
-2.69063,564.505,29.1228,150.622,3.53235
-2.36543,573.063,29.9037,154.294,3.56902
-3.19767,556.283,28.1911,146.346,3.4763
-2.53438,548.167,28.4355,146.9,3.5499
-3.77766,597.424,29.662,154.642,3.41382
-1.53117,559.906,30.0819,154.276,3.66577
1.48393,597.777,35.6411,178.898,4.05118
-2.14487,555.552,29.2148,150.498,3.59422
-4.43077,518.455,25.1517,131.764,3.34545
-3.70309,577.977,28.7723,149.921,3.42176
0.0634165,556.731,31.6126,160.281,3.86221
-2.31033,560.63,29.3115,151.178,3.57529
1.70677,564.266,33.9003,169.894,4.08212
-2.96343,572.837,29.2705,151.689,3.50202
-1.73905,598.421,31.9189,163.944,3.64129
0.651987,589.786,34.1755,172.552,3.93882
-2.21099,580.168,30.4388,156.878,3.58663
-3.12044,562.55,28.5864,148.314,3.48475
1.02238,554.798,32.5597,163.964,3.98824
-3.74126,526.985,26.1985,136.548,3.41769
-0.760301,533.558,29.4454,150.175,3.75878
-3.87602,595.355,29.4566,153.682,3.40339
-4.10135,518.007,25.4257,132.874,3.37968
-4.71841,529.549,25.4283,133.499,3.31599
0.882872,596.361,34.8317,175.578,3.96951
-3.07213,519.1,26.4234,137.043,3.49005
-0.120814,599.557,33.8284,171.741,3.8387
0.795591,522.655,30.4354,153.512,3.95786
-0.0736032,513.974,29.047,147.417,3.8447
-2.94263,527.122,26.9543,139.664,3.50432
-4.11868,554.366,27.1936,142.131,3.37786
-2.74981,546.117,28.1157,145.476,3.52574
-1.06653,576.081,31.4558,160.782,3.7214
-4.93704,533.62,25.4249,133.699,3.29386
-2.04319,524.885,27.7006,142.592,3.60592
-2.68158,574.685,29.6574,153.377,3.53336
-3.45029,558.37,28.0457,145.863,3.44887
-3.29728,537.978,27.1678,141.138,3.46545
-1.70277,574.266,30.6693,157.484,3.64555
-3.38983,517.799,26.0635,135.493,3.45541
1.79927,522.144,31.4689,157.607,4.09507
-2.02876,534.302,28.2118,145.208,3.60759
0.37264,539.828,30.9813,156.735,3.90217
-3.6736,517.885,25.8077,134.444,3.4249
-3.50303,510.603,25.5988,133.188,3.44319
-3.65512,594.603,29.6502,154.441,3.42688
-2.74845,505.081,26.0043,134.55,3.52589
-1.29983,591.287,32.0251,163.968,3.69331
-4.07372,575.371,28.269,147.703,3.38257
-3.23915,581.376,29.4197,152.771,3.47177
1.3158,565.237,33.5076,168.388,4.02807
1.83537,524.132,31.6277,158.362,4.10015
-0.726412,589.739,32.5841,166.143,3.76295
1.63127,561.564,33.6511,168.734,4.0716
1.44272,513.486,30.5723,153.5,4.0455
-4.21395,535.461,26.1776,136.918,3.36792
1.54347,542.907,32.4355,162.74,4.05941
-3.55552,506.356,25.3388,131.886,3.43755
-2.94299,537.934,27.5068,142.528,3.50428
-4.47478,503.371,24.3818,127.772,3.34092
-0.118472,594.841,33.5651,170.401,3.83899
-4.27891,545.234,26.594,139.162,3.36116
-4.0397,583.29,28.6927,149.879,3.38614
-0.747344,552.776,30.5197,155.64,3.76037
0.83009,582.64,33.9687,171.292,3.96246
-4.7322,503.994,24.1893,127.007,3.31459
-1.42576,598.228,32.2592,165.317,3.67828
-0.736104,599.596,33.1176,168.875,3.76175
-2.12976,551.054,28.9936,149.342,3.59595
-2.46308,539.58,28.0602,144.886,3.55795
-4.31965,534.586,26.0369,136.289,3.35694
-3.33243,532.553,26.8605,139.577,3.46163
-4.46056,529.277,25.6496,134.402,3.34238
-4.41333,505.216,24.5247,128.463,3.34725
-0.0317448,578.006,32.713,165.973,3.85003
0.660177,596.166,34.5549,174.458,3.9399
-2.82218,539.515,27.7052,143.428,3.51768
1.93084,535.656,32.4286,162.263,4.11361
-0.656569,524.338,29.0408,148.002,3.77156
-4.20499,553.088,27.048,141.46,3.36885
-2.90346,558.314,28.5887,148.09,3.50866
-0.34702,551.246,30.8603,156.926,3.81013
-3.15321,562.462,28.5489,148.156,3.48116
-0.114054,521.419,29.4266,149.387,3.83955
-2.54529,571.429,29.6309,153.087,3.54867
-2.05188,558.142,29.4467,151.59,3.60492
0.10053,581.398,33.0555,167.553,3.86697
-1.6802,516.129,27.5861,141.629,3.6482
-3.17115,505.77,25.6551,133.156,3.4792
-1.46918,512.278,27.5826,141.395,3.67312
1.27323,526.572,31.17,156.688,4.02226
-4.33933,594.911,28.9548,151.584,3.3549
1.49984,568.789,33.9312,170.296,4.05338
0.329384,509.577,29.2016,147.777,3.89654
-3.52716,506.97,25.3949,132.151,3.44059
-3.5093,558.776,28.0077,145.728,3.44252
-3.40193,512.694,25.7955,134.112,3.4541
0.861677,557.704,32.5502,164.102,3.96668
-3.75077,555.097,27.5868,143.794,3.41668
-3.50249,535.416,26.8433,139.662,3.44325
0.336347,565.856,32.4345,164.129,3.89744
-2.32938,503.778,26.3215,135.776,3.57312
1.99001,519.739,31.5285,157.694,4.12199
-1.29034,529.648,28.6961,146.913,3.69445
-3.43756,569.645,28.6249,148.861,3.45025
-3.95929,538.126,26.5466,138.586,3.3946
-3.9096,543.97,26.8821,140.286,3.39984
-0.515083,584.608,32.5381,165.657,3.78912
1.26294,532.902,31.5336,158.527,4.02085
-2.28684,552.703,28.9209,149.138,3.57797
0.859981,513.139,29.9474,150.982,3.96645
-4.9565,508.445,24.2086,127.321,3.2919
-1.39884,581.968,31.4118,160.943,3.68149
-3.36812,509.529,25.6669,133.41,3.45776
-2.60883,572.402,29.6152,153.077,3.54152
-4.48702,599.357,29.0184,152.084,3.33966
-0.418345,577.829,32.2687,164.172,3.80119
0.631338,567.878,32.8827,166.049,3.93609
1.20577,578.591,34.1702,171.851,4.01306
-3.80055,564.459,28.0026,146.015,3.41139
0.231964,596.918,34.0921,172.645,3.88391
-3.47923,516.446,25.9135,134.802,3.44575
1.38899,591.037,35.1249,176.425,4.03811
-1.5586,522.995,28.072,143.997,3.66253
-2.52544,595.583,30.9049,159.646,3.5509
1.18649,546.062,32.2278,162.104,4.01044
1.39004,559.562,33.2556,167.035,4.03825
-4.95455,546.35,26.0152,136.821,3.2921
0.277611,558.85,31.9682,161.837,3.88982
-2.80495,580.015,29.803,154.269,3.51959
-4.32412,584.788,28.4775,149.069,3.35648
-3.74588,576.045,28.6327,149.241,3.4172
1.02067,570.313,33.4682,168.541,3.98801
-3.82176,596.355,29.5628,154.175,3.40913
1.90637,532.92,32.236,161.327,4.11015
-2.93845,527.994,27.0029,139.912,3.50479
-4.99633,538.789,25.6169,134.768,3.28789
-3.03274,583.575,29.7465,154.234,3.49438
1.22055,590.549,34.894,175.473,4.01508
-3.83667,586.423,29.0551,151.544,3.40755
-4.98021,559.66,26.6245,140.052,3.28952
-2.76145,542.953,27.9413,144.587,3.52444
-2.99003,541.161,27.6261,143.195,3.49909
-2.75396,533.702,27.4725,142.153,3.52527
-3.39645,540.251,27.1873,141.342,3.45469
0.979692,501.906,29.4124,148.159,3.98249
1.98983,531.525,32.2433,161.269,4.12196
-0.323349,543.531,30.4533,154.83,3.8131
0.504794,520.641,30.0164,151.711,3.91944
0.846896,595.275,34.7253,175.087,3.9647
-3.50892,513.904,25.7589,134.027,3.44256
0.834311,558.813,32.5843,164.306,3.96302
0.621784,501.296,29.0177,146.542,3.93483
0.396838,502.056,28.8376,145.865,3.90532
-3.18977,539.007,27.3232,141.832,3.47716
-2.59281,597.853,30.9494,159.955,3.54332
0.71122,524.753,30.4691,153.774,3.94666
-4.57694,502.411,24.247,127.163,3.33043
1.51189,592.592,35.3657,177.481,4.05504
1.73466,505.495,30.3984,152.314,4.08602
1.69522,534.642,32.1079,160.924,4.08051
-1.99768,529.447,27.9859,144.013,3.61118
-0.00802514,539.412,30.5537,154.991,3.85306
1.795,596.12,35.9221,179.915,4.09448
-2.99789,547.259,27.9296,144.777,3.49822
-4.26474,502.285,24.5114,128.251,3.36264
-0.14292,568.666,32.061,162.794,3.83589
-0.321631,548.516,30.7344,156.258,3.81332
-0.852067,575.048,31.6342,161.445,3.74752
0.836576,548.159,31.9655,161.183,3.96333
-4.86286,543.32,25.9556,136.414,3.30134
-0.907036,565.04,31.0243,158.395,3.7408
-0.68363,588.119,32.5428,165.881,3.76822
-4.46626,551.313,26.7121,139.975,3.3418
-4.15654,573.179,28.0787,146.798,3.37391
-3.22526,513.413,25.9932,134.964,3.47329
1.50389,547.877,32.6882,164.053,4.05394
0.93307,573.518,33.5553,169.084,3.97623
-2.5008,557,28.9279,149.407,3.55368
-4.08302,535.887,26.3204,137.531,3.3816
-2.71317,592.493,30.5426,157.991,3.52983
-1.29859,500.716,27.1208,138.856,3.69346
-4.51384,555.893,26.8884,140.949,3.33691
-0.18654,535.316,30.1353,153.064,3.83036
-3.16958,589.642,29.9113,155.244,3.47937
-0.158746,546.958,30.8202,156.512,3.83388
-2.18129,597.754,31.3941,161.767,3.59004
1.93138,537.415,32.5356,162.798,4.11368
0.545687,591.123,34.128,172.442,3.92481
1.44437,568.553,33.8528,169.969,4.04573
-4.64163,506.924,24.4085,128.072,3.32382
-3.10912,569.098,28.9306,150.088,3.48599
-2.81243,522.043,26.8172,138.821,3.51876
-4.49598,534.399,25.8652,135.567,3.33874
0.728684,598.545,34.7746,175.482,3.94897
-4.81864,508.138,24.3132,127.74,3.30582
-4.07579,546.131,26.8304,140.188,3.38235
-1.78143,537.614,28.6331,147.112,3.63633
-4.01494,517.246,25.4663,133.001,3.38874
-0.967848,578.113,31.6751,161.788,3.73338
1.26641,545.014,32.2542,162.146,4.02133
0.737627,539.699,31.3654,158.268,3.95016
1.27384,516.297,30.5625,153.633,4.02234
1.55226,530.852,31.7249,159.164,4.06063
-1.39006,525.418,28.3682,145.339,3.68253
-3.72845,527.62,26.2419,136.761,3.41905
-1.20482,536.507,29.1543,149.167,3.70471
-2.71709,538.214,27.7407,143.502,3.52939
-2.0046,580.418,30.6727,157.847,3.61038
-2.71418,546.648,28.1783,145.762,3.52972
0.376861,571.115,32.7817,165.838,3.90272
-4.92881,500.919,23.8738,125.535,3.29469
0.134909,535.174,30.4635,154.377,3.87139
-4.48514,561.663,27.1953,142.527,3.33986
1.41413,512.536,30.4859,153.097,4.04156
-2.26085,594.26,31.1237,160.467,3.58093
0.465653,555.486,31.9823,161.692,3.91431
-3.53607,541.853,27.1337,141.209,3.43964
1.04708,517.085,30.3721,152.921,3.99157
1.85658,591.873,35.7412,178.932,4.10313
-3.15083,547.014,27.7672,144.096,3.48142
-4.6001,504.831,24.3437,127.692,3.32806
-2.30696,515.211,26.94,138.943,3.57567
0.0622216,593.353,33.6907,170.819,3.86205
-3.29086,571.035,28.8437,149.837,3.46615
-4.52574,510.445,24.6797,129.382,3.33568
-4.31186,572.751,27.9034,146.05,3.35775
-1.56563,531.578,28.5257,146.331,3.6617
-2.58494,588.364,30.4666,157.451,3.5442
1.7085,531.369,31.9258,159.997,4.08236
-0.881858,593.857,32.6351,166.589,3.74387
-2.8499,506.468,25.9828,134.539,3.5146
-4.63201,585.96,28.2238,148.08,3.3248
0.0773036,549.159,31.1976,158.161,3.86399
-4.75013,543.282,26.0583,136.839,3.31277
-4.95891,563.892,26.8463,141.196,3.29166
-2.36871,551.78,28.7898,148.55,3.56864
0.0302366,581.222,32.9654,167.18,3.85795
-0.0548897,574.64,32.4965,164.902,3.84708
0.942243,544.021,31.8395,160.428,3.97746
-2.31715,545.592,28.5184,147.095,3.57451
-1.82957,557.206,29.6267,152.27,3.63071
1.55048,521.718,31.1771,156.418,4.06038
1.1539,519.075,30.6009,153.956,4.00602
-1.99089,555.377,29.3634,151.094,3.61197
-3.21878,589.829,29.8689,155.08,3.474
-3.39014,597.457,30.0728,156.336,3.45538
0.641304,552.019,31.9753,161.456,3.9374
-4.88641,564.105,26.926,141.539,3.29897
-2.6934,520.472,26.8486,138.863,3.53204
0.35876,511.969,29.3684,148.59,3.90036
1.88052,538.709,32.5574,162.965,4.1065
-0.342483,565.896,31.6854,161.117,3.8107
-1.67389,553.134,29.5705,151.81,3.64894
-3.58541,561.071,28.0472,146.016,3.43434
-0.123857,510.014,28.7732,146.08,3.83831
0.111266,533.589,30.3486,153.82,3.86835
-1.98093,533.468,28.2149,145.174,3.61312
-2.75156,521.655,26.8546,138.953,3.52554
-3.37305,501.892,25.2778,131.392,3.45723
-3.14134,549.327,27.8939,144.744,3.48246
-3.37531,511.835,25.7765,133.987,3.45698
-3.54558,505.94,25.3269,131.815,3.43862
-1.85014,545.618,28.9897,149.019,3.62831
-3.59789,502.076,25.087,130.617,3.433
-1.13522,557.287,30.357,155.243,3.7131
1.87509,522.312,31.5606,157.982,4.10574
-0.91818,570.701,31.323,159.933,3.73944
-2.06539,511.445,26.9703,138.855,3.60336
-4.9853,586.692,27.9055,146.796,3.289
-0.451128,522.076,29.1221,148.198,3.79709
-4.84506,521.687,24.938,131.048,3.30314
-3.95353,538.116,26.5515,138.605,3.3952
-2.94024,568.225,29.0586,150.565,3.50459
-1.38336,501.671,27.0924,138.796,3.68333
-4.71129,550.824,26.4566,138.89,3.31672
0.593563,591.566,34.2098,172.797,3.93111
-3.55957,594.414,29.7411,154.805,3.43711
-3.35579,565.658,28.5067,148.157,3.4591
0.140436,502.512,28.6098,144.977,3.8721
-2.22521,594.851,31.1936,160.785,3.58501
-0.688607,559.816,30.9714,157.877,3.76761
-3.92661,501.282,24.7577,129.215,3.39804
-2.15512,523.382,27.5133,141.743,3.59304
-1.74225,546.26,29.1334,149.64,3.64092
-1.89256,534.563,28.3603,145.828,3.62338
-0.321175,586.281,32.851,167.018,3.81338
-3.6202,561.015,28.0099,145.859,3.43061
-0.363443,558.07,31.2245,158.797,3.80807
1.81377,536.401,32.3442,161.974,4.09711
-1.19878,566.285,30.779,157.473,3.70544
-4.02424,510.924,25.1467,131.341,3.38776
1.20208,542.201,32.017,161.027,4.01256
-3.82535,535.28,26.5317,138.371,3.40875
-0.0875336,563.177,31.8123,161.468,3.84293
-0.392222,537.339,30.0347,152.777,3.80446
-3.97961,576.144,28.4016,148.292,3.39246
-0.0666615,509.409,28.7959,146.136,3.84558
-0.76675,518.4,28.6024,145.883,3.75798
1.95741,560.301,33.9513,169.851,4.11737
-3.38589,576.934,29.0441,150.983,3.45584
-4.18366,524.397,25.6643,134.203,3.37108
-0.0176522,552.462,31.2825,158.699,3.85183
-4.42536,577.8,28.0361,146.869,3.34601
-0.0906083,504.397,28.489,144.603,3.84254
-2.35922,588.185,30.6995,158.393,3.56972
-2.43351,522.004,27.1744,140.281,3.56129
-1.63531,522.158,27.9522,143.462,3.65348
-0.719756,503.092,27.8031,141.758,3.76377
-4.04774,504.513,24.8105,129.607,3.38529
-4.67579,514.531,24.7447,129.869,3.32033
-0.642629,548.714,30.4056,154.942,3.77329
-0.380124,568.182,31.772,161.6,3.80598
-3.64052,569.316,28.4039,147.933,3.42844
-1.08489,579.267,31.6096,161.59,3.71918
-4.51766,592.804,28.6699,150.292,3.33651
-1.9678,575.387,30.446,156.638,3.61464
1.44883,523.841,31.1953,156.622,4.04634
1.7556,542.681,32.6579,163.612,4.08895
-3.23036,593.14,30.0243,155.9,3.47273
-4.19096,590.23,28.8787,151.02,3.37031
-3.73082,505.372,25.1333,130.986,3.4188
-0.544651,551.471,30.6623,156.14,3.78544
-3.39587,533.402,26.8432,139.552,3.45476
-3.51355,576.244,28.8789,150.266,3.44206
-1.51947,596.693,32.0715,164.466,3.66716
-4.96831,573.798,27.3087,143.639,3.29071
-2.36707,545.303,28.4535,146.813,3.56883
-2.91262,587.285,30.0625,155.735,3.50764
0.790146,557.123,32.4365,163.612,3.95714
-0.767807,596.4,32.9048,167.828,3.75785
-2.13252,575.59,30.2817,155.98,3.59564
-3.76413,580.552,28.8381,150.332,3.41525
0.907862,578.287,33.8051,170.373,3.97286
-1.82344,537.546,28.5875,146.923,3.63143
-0.364239,529.799,29.642,150.749,3.80797
-3.879,580.597,28.7233,149.86,3.40307
-2.23715,529.169,27.7377,142.984,3.58364
-4.75768,539.442,25.8671,135.842,3.312
-0.637676,548.606,30.4048,154.932,3.7739
-0.602987,531.968,29.5182,150.377,3.7782
-1.24371,533.332,28.9426,148.125,3.70004
-0.15796,540.792,30.4736,154.75,3.83398
-2.70388,594.981,30.6808,158.695,3.53087
-0.443549,514.993,28.7346,146.218,3.79804
-0.485968,545.424,30.3878,154.677,3.79274
0.642434,501.114,29.0278,146.571,3.93755
-4.16262,551.041,26.9884,141.105,3.37327
-2.22892,570.145,29.8941,154.091,3.58458
0.586894,593.911,34.3375,173.45,3.93023
0.0172511,593.888,33.6687,170.762,3.85629
-3.40228,570.818,28.7196,149.315,3.45406
-4.02402,542.93,26.7222,139.569,3.38779
-4.0532,546.712,26.8805,140.427,3.38472
-4.58715,524.763,25.3165,132.782,3.32939
-3.89331,525.932,26.0058,135.696,3.40156
1.04783,527.103,30.9613,155.887,3.99167
-2.62198,521.178,26.9525,139.328,3.54004
-4.6383,564.396,27.179,142.605,3.32416
-4.21193,503.723,24.6278,128.81,3.36813
-4.11935,550.288,26.9929,141.083,3.37779
-4.03065,512.336,25.2105,131.68,3.38709
0.0439928,582.715,33.0659,167.673,3.85972
-4.79366,534.243,25.585,134.397,3.30835
-3.05367,512.549,26.1069,135.384,3.49208
-0.168089,515.544,29.0407,147.485,3.8327
1.54659,586.764,35.0595,175.901,4.05984
1.78124,564.998,34.0307,170.458,4.09255
-2.23348,574.648,30.1254,155.289,3.58406
-4.46372,509.669,24.6966,129.411,3.34206
-3.51183,530.745,26.6003,138.408,3.44224
-4.50017,563.458,27.2676,142.922,3.33831
-3.91725,588.091,29.0547,151.632,3.39903
1.00021,531.319,31.158,156.93,3.98525
-1.05134,567.784,31.0191,158.533,3.72324
-3.92087,584.887,28.8927,150.791,3.39865
-4.12965,545.864,26.7661,139.908,3.37671
-0.773793,558.551,30.8102,157.151,3.75712
1.85794,523.012,31.5844,158.12,4.10332
-0.52692,543.574,30.2418,153.979,3.78764
1.3194,587.848,34.8522,175.141,4.02857
-1.49093,534.573,28.7612,147.46,3.67054
-1.4548,544.805,29.3487,150.433,3.67483
-4.63057,520.061,25.0509,131.431,3.32495
-4.57888,526.098,25.3884,133.151,3.33024
1.41054,527.806,31.3903,157.643,4.04107
0.634246,550.299,31.8679,160.921,3.93647
-3.68684,588.023,29.2892,152.596,3.42349
-1.39592,557.301,30.0835,154.134,3.68183
1.74714,577.17,34.7234,173.97,4.08777
-4.25646,574.862,28.0615,146.817,3.3635
1.00559,576.774,33.8299,170.38,3.98598
-1.4274,549.281,29.6181,151.784,3.67809
-4.80232,596.123,28.5397,149.927,3.30747
-1.32932,585.068,31.6557,162.111,3.68978
1.46897,564.404,33.6341,168.842,4.04912
0.265988,566.301,32.3814,163.943,3.88831
0.396368,586.889,33.7098,170.51,3.90526
1.38362,564.038,33.5142,168.341,4.03737
0.645403,526.456,30.4989,153.996,3.93795
-3.02232,550.121,28.0516,145.435,3.49553
1.08366,559.265,32.8909,165.56,3.99651
0.233632,562.826,32.1469,162.793,3.88412
-4.76443,557.183,26.7114,140.283,3.31132
-0.230952,566.543,31.8442,161.795,3.82475
1.83416,553.961,33.4263,167.369,4.09998
0.667729,575.936,33.391,168.573,3.9409
-2.10559,596.069,31.3886,161.65,3.59873
-3.13716,544.383,27.6469,143.458,3.48292
1.10779,540.771,31.8296,160.19,3.99977
0.643214,515.262,29.8482,150.713,3.93766
-0.0881663,565.294,31.9312,162.072,3.84285
-4.07239,585.381,28.7622,150.278,3.38271
-2.73801,509.191,26.2255,135.684,3.52705
1.12052,592.531,34.8913,175.584,4.00149
-4.5319,528.538,25.5489,133.945,3.33505
1.34033,504.163,29.9122,150.294,4.03143
-0.926078,572.853,31.4325,160.501,3.73847
-4.43911,553.067,26.8229,140.528,3.34459
0.840486,534.698,31.1847,157.242,3.96385
1.3251,516.14,30.6068,153.801,4.02935
0.930665,536.74,31.4009,158.231,3.97591
-1.37605,509.825,27.5398,141.081,3.6842
-1.13834,595.058,32.4109,165.75,3.71272
-3.63694,537.441,26.817,139.664,3.42882
-2.42361,524.244,27.3005,140.922,3.56241
-1.2392,563.487,30.5838,156.52,3.70058
-3.84501,553.739,27.4276,143.064,3.40667
-0.0590659,556.9,31.4887,159.793,3.84655
1.09615,574.296,33.7893,170.067,3.9982
-3.7659,528.276,26.2398,136.788,3.41507
-1.78892,553.665,29.4803,151.473,3.63546
-2.56383,527.501,27.3353,141.246,3.54658
1.73518,521.502,31.3615,157.139,4.08609
-0.0681319,590.008,33.3503,169.25,3.8454
-1.88636,563.505,29.9022,153.75,3.6241
-1.35603,524.605,28.3579,145.251,3.68659
-2.70081,589.363,30.3944,157.21,3.53121
0.579185,548.991,31.732,160.298,3.92921
-3.15457,591.525,30.0226,155.805,3.48101
-0.720288,573.17,31.6753,161.502,3.7637
-1.00782,554.893,30.3607,155.119,3.72852
-2.35797,517.408,27.0066,139.338,3.56986
-4.97304,544.097,25.8908,136.186,3.29024
-1.86575,517.913,27.5027,141.391,3.6265
0.00170511,535.349,30.3338,153.865,3.85431
-0.151601,530.115,29.8785,151.722,3.83479
-3.37005,581.003,29.2653,152.116,3.45755
-4.17706,547.053,26.7793,140.027,3.37176
-1.16943,597.448,32.5059,166.273,3.70897
-1.23593,501.436,27.2191,139.297,3.70097
-3.49738,563.746,28.2687,147.073,3.4438
-3.41597,527.118,26.5081,137.831,3.45258
-3.87819,500.835,24.7781,129.276,3.40316
-4.12589,507.783,24.9022,130.162,3.37711
-1.23077,525.715,28.5421,146.062,3.70159
-3.88365,517.954,25.62,133.674,3.40258
-4.27019,560.826,27.363,143.177,3.36207
-2.15,526.363,27.6749,142.571,3.59363
-1.74589,590.156,31.4705,161.649,3.64049
-1.11037,591.854,32.2678,164.985,3.7161
1.93447,509.941,30.8756,154.489,4.11412
-3.03829,528.768,26.9476,139.727,3.49377
-3.22009,591.878,29.9713,155.613,3.47385
-1.17058,511.62,27.8351,142.382,3.70883
-0.938872,572.647,31.4073,160.387,3.73691
1.77372,513.681,30.9319,154.945,4.09149
1.52568,562.846,33.6063,168.635,4.05695
-1.83922,547.445,29.0979,149.563,3.62959
1.37839,540.957,32.137,161.43,4.03665
-3.02606,547.533,27.9159,144.735,3.49512
-4.68925,534.979,25.7158,134.978,3.31896
-2.12617,548.875,28.8826,148.766,3.59637
-4.134,580.643,28.4671,148.804,3.37626
1.01683,506.26,29.7054,149.596,3.98749
1.39602,554.434,32.9575,165.53,4.03907
-1.13195,506.288,27.582,141.048,3.71349
-4.8819,560.986,26.7814,140.774,3.29942
1.26479,597.675,35.3687,177.805,4.02111
-0.700154,558.095,30.8638,157.342,3.76618
-0.650743,525.157,29.0921,148.257,3.77229
-1.53281,509.756,27.386,140.452,3.66558
-3.61016,569.634,28.4503,148.141,3.43169
-0.0689297,586.924,33.175,168.362,3.84529
-0.0611169,552.551,31.2406,158.536,3.84629
1.693,586.793,35.2371,176.611,4.0802
-1.66564,509.316,27.2359,139.816,3.64991
-1.34212,513.144,27.7518,142.132,3.68825
0.144854,504.79,28.7439,145.652,3.87267
-3.30448,535.511,27.0363,140.462,3.46466
0.256875,584.359,33.4035,169.128,3.88713
0.912658,519.499,30.3735,153.073,3.9735
0.168856,570.131,32.4915,164.613,3.87576
-2.49516,552.608,28.7054,148.252,3.55432
-2.58038,586.385,30.369,156.941,3.54472
-1.72447,573.521,30.6063,157.186,3.643
-4.54892,514.76,24.8678,130.391,3.33331
-2.19849,581.559,30.5251,157.309,3.58807
-3.59851,582.911,29.1255,151.644,3.43294
-3.00736,565.203,28.8358,149.484,3.49718
-2.08511,556.651,29.3339,151.046,3.60109
-0.141771,538.764,30.3763,154.239,3.83604
-0.311361,520.717,29.1872,148.38,3.81461
-4.03801,524.611,25.8077,134.807,3.38632
-0.280648,554.516,31.1147,158.145,3.81848
-0.969572,524.285,28.7242,146.717,3.73317
-0.48954,571.261,31.8234,161.988,3.7923
-3.27213,582.54,29.4443,152.936,3.46818
1.39172,501.266,29.7927,149.639,4.03848
0.263255,548.274,31.3477,158.712,3.88796
-1.83696,526.08,27.9645,143.735,3.62985
0.491775,525.483,30.282,153.068,3.91773
-1.9806,563.798,29.8194,153.429,3.61316
1.39708,545.19,32.4092,162.775,4.03922
-1.58178,583.347,31.2861,160.511,3.65979
-0.932109,563.201,30.8964,157.77,3.73774
-1.39155,564.655,30.4851,156.186,3.68236
-4.92597,549.172,26.1762,137.638,3.29497
0.878507,520.225,30.3803,153.144,3.96893
-0.913139,589.314,32.3503,165.172,3.74005
-3.62443,586.8,29.2929,152.545,3.43016
-2.20299,593.475,31.1457,160.512,3.58755
-2.45142,574.689,29.8983,154.363,3.55926
-3.74088,556.142,27.6483,144.104,3.41773
-3.43459,571.787,28.7356,149.433,3.45057
-1.45897,546.529,29.4372,150.891,3.67433
-3.73272,559.866,27.8415,145.103,3.4186
-2.37991,594.699,31.017,160.055,3.56737
0.509696,583.967,33.6731,170.187,3.92008
-3.50606,598.377,29.9961,156.07,3.44286
-0.582095,554.522,30.792,156.843,3.78079
-3.71102,586.026,29.1648,151.975,3.42091
1.79526,510.872,30.7854,154.188,4.09451
-3.55043,562.951,28.176,146.648,3.43809
0.239782,521.968,29.8195,151,3.88492
-2.02323,523.284,27.6354,142.236,3.60823
-0.463689,596.402,33.2537,169.238,3.79552
0.680994,598.012,34.6867,175.097,3.94265
-2.81641,508.016,26.093,135.076,3.51832
1.50957,534.52,31.8975,160.078,4.05472
-2.23578,500.82,26.2529,135.329,3.5838
-0.778149,532.449,29.366,149.789,3.75658
-0.48137,516.489,28.7803,146.49,3.79332
-4.51995,508.409,24.5863,128.887,3.33628
-2.3923,535.819,27.9339,144.159,3.56597
-4.53707,536.044,25.9069,135.828,3.33452
-2.79459,531.841,27.3377,141.497,3.52075
-0.730758,533.345,29.4638,150.237,3.76241
-1.28966,506.374,27.4357,140.46,3.69453
-1.46867,579.428,31.1987,159.932,3.67318
-1.53639,549.916,29.5399,151.502,3.66516
-4.81873,519.899,24.8759,130.696,3.30581
-0.724409,532.889,29.4451,150.135,3.76319
-4.25714,593.485,28.9698,151.57,3.36343
-3.69242,570.039,28.3879,147.906,3.42289
-0.842584,578.075,31.8111,162.337,3.74868
-2.61439,518.538,26.8231,138.651,3.54089
-4.65922,565.258,27.2003,142.739,3.32202
-2.62753,527.403,27.2691,140.97,3.53942
-1.54987,563.578,30.2595,155.208,3.66356
-3.42966,560.355,28.1659,146.466,3.4511
1.63541,532.462,31.9117,160.008,4.07217
-1.22408,558.36,30.3215,155.161,3.7024
-3.69152,508.251,25.3116,131.877,3.42299
-2.25021,532.228,27.8852,143.759,3.58215
0.246628,536.314,30.6463,155.179,3.8858
1.52602,502.522,30.0049,150.563,4.057
1.13058,530.084,31.2249,157.122,4.00286
-2.17193,537.358,28.2313,145.46,3.59111
-3.34766,542.31,27.3379,142.074,3.45998
0.479978,548.06,31.5703,159.593,3.91619
-1.86947,535.289,28.4217,146.12,3.62606
1.43007,549.278,32.6892,164.143,4.04376
-2.10892,505.597,26.6213,137.102,3.59835
-4.62262,506.508,24.405,128.035,3.32576
-1.3729,543.003,29.3352,150.275,3.68458
-2.26875,543.083,28.4355,146.615,3.58003
1.93154,502.786,30.4393,152.309,4.11371
-1.25166,595.14,32.2879,165.256,3.69908
1.47591,547.118,32.6117,163.702,4.05007
-2.85985,577.975,29.6409,153.492,3.51349
-3.5408,581.535,29.116,151.53,3.43913
1.39928,596.384,35.4552,178.071,4.03952
-0.254611,588.235,33.0365,167.881,3.82176
-1.07049,597.508,32.6213,166.744,3.72092
1.36354,531.854,31.5802,158.649,4.03461
-0.713173,501.714,27.7333,141.396,3.76458
-2.77223,537.996,27.6758,143.224,3.52324
-0.803049,531.481,29.2873,149.415,3.75352
-1.90437,593.194,31.4578,161.77,3.622
-4.01068,545.459,26.8594,140.272,3.38919
-3.03256,584.288,29.783,154.423,3.4944
-0.05026,502.726,28.4342,144.283,3.84767
-3.10235,533.364,27.1205,140.69,3.48673
1.81681,509.704,30.7376,153.925,4.09754
-1.35674,501.506,27.1086,138.852,3.68651
-0.942352,516.278,28.3122,144.585,3.73649
-3.8467,563.002,27.8847,145.45,3.40649
-3.3907,596.596,30.0288,156.108,3.45532
-3.0623,523.919,26.6779,138.354,3.49113
0.257409,549.823,31.4299,159.135,3.8872
1.87455,515.438,31.1447,155.9,4.10566
-0.856816,570.724,31.3911,160.21,3.74693
-3.42752,562.886,28.2953,147.136,3.45133
1.79327,584.485,35.2189,176.395,4.09423
-1.49539,504.498,27.1389,139.147,3.67001
-4.25338,564.287,27.5483,144.129,3.36382
-1.9859,526.085,27.8196,143.145,3.61255
1.64303,592.669,35.5293,178.137,4.07323
-3.14249,572.185,29.0534,150.762,3.48233
-0.206375,579.617,32.6068,165.64,3.82785
-2.96131,560.896,28.6625,148.536,3.50226
-0.0781305,564.625,31.9045,161.924,3.84412
1.80757,584.016,35.2078,176.322,4.09624
-0.672769,588.976,32.6026,166.173,3.76956
-3.86671,540.463,26.7495,139.549,3.40437
-3.79414,538.614,26.7265,139.355,3.41207
-1.61776,560.97,30.0483,154.2,3.65555
0.494361,572.957,33.0208,166.908,3.91807
1.4664,528.511,31.4923,158.093,4.04876
-1.865,505.535,26.8461,138.015,3.62658
-2.81196,556.074,28.5658,147.873,3.51881
0.301421,583.949,33.4313,169.216,3.89291
0.880836,595.321,34.7685,175.262,3.96924
-0.738019,503.238,27.7936,141.728,3.76152
0.297102,540.324,30.9292,156.556,3.89235
0.203032,541.554,30.8993,156.509,3.88017
1.61571,555.404,33.2642,166.813,4.06943
0.356135,589.138,33.7921,170.975,3.90002
0.608212,533.886,30.8898,156.011,3.93304
-0.784228,553.759,30.5348,155.758,3.75583
0.856231,520.604,30.3791,153.163,3.96595
-3.61883,577.885,28.8536,150.251,3.43076
-1.59014,519.891,27.8747,143.018,3.6588
1.72216,568.296,34.1604,171.179,4.08427
-4.41105,578.966,28.107,147.224,3.34749
0.712237,566.854,32.9148,166.116,3.94679
0.0483995,524.179,29.7488,150.847,3.86028
-4.43444,551.937,26.7725,140.259,3.34507
-3.29275,548.977,27.7277,144.041,3.46594
-3.46809,579.206,29.074,151.23,3.44695
1.98485,596.803,36.197,181.051,4.12125
1.65258,536.91,32.1971,161.42,4.07456
-3.76345,536.343,26.6428,138.887,3.41533
1.81522,500.032,30.1527,150.998,4.09731
-2.25632,549.005,28.7581,148.265,3.58145
-2.69806,550.76,28.4063,146.924,3.53152
-0.637532,582.274,32.271,164.441,3.77392
-0.452162,559.777,31.224,158.895,3.79696
-2.92064,504.637,25.8246,133.789,3.50676
-1.35186,553.439,29.9209,153.252,3.68709
-4.31607,592.425,28.8576,151.049,3.35731
-1.83715,531.358,28.2449,145.176,3.62983
-2.36143,594.297,31.0161,160.029,3.56947
-2.63389,522.784,27.0243,139.711,3.53871
1.9874,565.49,34.3008,171.563,4.12161
0.5944,557.195,32.2231,162.761,3.93122
-0.905568,557.894,30.6336,156.398,3.74098
-4.05993,539.801,26.5344,138.625,3.38402
-1.22378,531.975,28.889,147.83,3.70243
-2.17311,513.797,26.9924,139.078,3.59098
-4.84219,564.966,27.0096,141.932,3.30343
-2.48994,534.207,27.7546,143.336,3.55491
0.971689,527.751,30.9185,155.755,3.98142
-0.49313,570.591,31.7821,161.782,3.79185
-1.32472,516.636,27.9576,143.168,3.69033
-0.0321469,582.062,32.9421,167.136,3.84998
-3.89567,505.293,24.9831,130.362,3.40131
-4.99799,536.708,25.5165,134.242,3.28773
1.27085,533.987,31.6063,158.884,4.02193
0.672084,594.205,34.4553,173.94,3.94147
0.702449,598.464,34.7385,175.332,3.94549
-1.82836,519.826,27.6404,142.06,3.63085
1.03259,510.23,29.9546,150.834,3.98961
-4.63592,598.643,28.8307,151.268,3.3244
-1.70995,503.342,26.8748,138.007,3.64471
-4.07655,515.843,25.3418,132.411,3.38227
-3.36258,566.284,28.5315,148.293,3.45836
-1.57263,573.734,30.7804,157.906,3.66087
-4.80556,587.827,28.1392,147.827,3.30714
-2.3943,526.824,27.463,141.731,3.56574
-1.93918,562.754,29.8073,153.321,3.61796
0.0315666,581.338,32.9736,167.219,3.85813
-4.17433,515.217,25.2233,131.888,3.37205
-0.297951,561.436,31.4841,160.042,3.8163
-4.11683,514.136,25.2218,131.824,3.37806
1.43907,564.881,33.628,168.847,4.04499
-1.39662,518.629,27.9952,143.435,3.68175
1.60834,589.569,35.3016,177.039,4.06841
-2.82003,525.99,27.0127,139.841,3.51792
0.142634,533.011,30.3485,153.785,3.87238
-1.33398,569.47,30.8068,157.769,3.68923
-0.592707,575.114,31.9237,162.619,3.77947
1.19028,586.488,34.6182,174.123,4.01096
-3.69456,509.789,25.3855,132.265,3.42267
-1.34155,533.639,28.8608,147.811,3.68832
-3.21228,537.755,27.2381,141.414,3.47471
0.97578,517.486,30.3214,152.742,3.98197
0.107177,570.43,32.4394,164.422,3.86782
-0.939918,559.86,30.7049,156.801,3.73679
1.28477,566.877,33.5691,168.734,4.02383
1.32682,553.853,32.8451,165.046,4.02958
-4.85081,587.265,28.067,147.498,3.30256
-2.84751,511.271,26.2314,135.824,3.51486
-0.422739,558.576,31.1888,158.682,3.80064
-3.48632,530.693,26.6217,138.493,3.44499
1.53965,595.263,35.5588,178.415,4.05888
-1.06979,590.236,32.225,164.718,3.72101
-1.66493,557.818,29.8303,153.134,3.64999
-1.63889,573.25,30.6834,157.484,3.65306
-2.29069,581.288,30.4125,156.834,3.57753
1.13802,565.713,33.3322,167.717,4.00387
1.30768,501.025,29.6928,149.226,4.02696
-2.73198,560.412,28.8697,149.358,3.52773
1.49996,504.645,30.1048,151.092,4.05339
-3.40948,580.746,29.2117,151.881,3.45328
0.507788,548.969,31.6529,159.979,3.91983
-0.669741,587.102,32.5022,165.658,3.76994
-4.02325,529.702,26.0718,136.172,3.38787
-4.26004,519.339,25.3479,132.623,3.36313
-4.67337,592.645,28.5038,149.595,3.32058
-4.75277,520.985,24.9865,131.213,3.3125
-0.0646032,564.196,31.8951,161.861,3.84585
-2.44734,513.293,26.7079,137.887,3.55973
1.83946,503.643,30.3956,152.188,4.10072
-2.13124,505.442,26.5924,136.975,3.59578
-0.10684,502.223,28.3503,143.915,3.84047
-2.54767,566.428,29.3691,151.738,3.5484
-2.38138,517.128,26.9698,139.172,3.56721
0.538009,545.96,31.5122,159.234,3.9238
-3.42397,577.781,29.0477,151.044,3.45172
-1.67333,554.761,29.6581,152.259,3.64901
1.55595,514.785,30.7686,154.363,4.06114
-2.985,514.916,26.291,136.269,3.49964
-1.8875,557.347,29.5743,152.065,3.62396
-2.53087,596.626,30.9531,159.902,3.55029
-2.22341,556.083,29.1625,150.314,3.58521
-0.939535,502.723,27.5716,140.8,3.73683
-1.25279,575.542,31.2234,159.809,3.69895
-4.36913,594.271,28.893,151.294,3.35182
-3.18499,525.371,26.6364,138.263,3.47769
-2.43719,586.849,30.5461,157.691,3.56088
-0.737498,511.48,28.2493,144.051,3.76158
-1.82011,530.226,28.2015,144.935,3.63182
0.470809,587.109,33.809,170.921,3.91499
0.291484,560.429,32.0738,162.356,3.89162
0.0185531,526.292,29.8379,151.332,3.85646
-1.99469,549.216,29.0338,149.402,3.61153
-1.882,556.642,29.5426,151.896,3.6246
0.451461,535.364,30.8086,155.774,3.91245
0.00518503,530.001,30.0344,152.342,3.85475
-0.854233,580.345,31.9231,162.922,3.74725
1.77196,556.592,33.5138,167.88,4.09124
-4.51458,508.561,24.5983,128.945,3.33683
-1.2299,543.791,29.5244,151.088,3.7017
-4.56129,540.509,26.1002,136.866,3.33204
0.822691,504.864,29.4268,148.396,3.96148
0.488448,500.186,28.8209,145.686,3.9173
-1.8572,567.079,30.1226,154.85,3.62749
-1.4263,573.752,30.9388,158.55,3.67822
1.98297,570.327,34.589,173.01,4.12099
-4.65749,531.201,25.5631,134.145,3.3222
1.44148,567.467,33.7848,169.631,4.04533
1.10215,532.073,31.3115,157.589,3.99901
-3.9099,501.766,24.7962,129.401,3.39981
-4.07558,556.391,27.3347,142.823,3.38237
0.814469,582.231,33.9266,171.099,3.96038
-2.964,586.419,29.9639,155.283,3.50196
1.38749,564.629,33.5538,168.535,4.0379
-0.00571217,552.563,31.3011,158.78,3.85336
-1.16372,523.552,28.4911,145.731,3.70966
-2.18697,599.261,31.4669,162.149,3.58939
0.393237,569.386,32.7009,165.41,3.90485
-0.453011,558.476,31.1505,158.522,3.79686
-1.9296,543.441,28.794,148.098,3.61907
-4.27721,507.777,24.7685,129.608,3.36134
-2.24075,544.829,28.5549,147.201,3.58323
1.35519,575.519,34.1632,171.635,4.03347
-2.90107,527.218,26.9987,139.852,3.50892
-1.66346,510.831,27.3189,140.24,3.65017
-1.12503,580.676,31.6422,161.803,3.71433
-2.19281,529.819,27.8149,143.336,3.58872
-2.94665,563.441,28.8074,149.271,3.50388
-1.20884,584.202,31.7417,162.41,3.70423
-1.29533,501.968,27.1917,139.216,3.69385
-4.2944,515.653,25.1373,131.555,3.35956
-2.59099,599.521,31.0377,160.409,3.54352
0.436166,577.854,33.2363,168.067,3.91045
0.493945,577.61,33.2884,168.262,3.91802
-3.74442,530.182,26.3544,137.364,3.41735
0.621168,506.171,29.2993,147.964,3.93475
0.8418,585.616,34.1559,172.222,3.96402
0.193368,569.425,32.4786,164.52,3.87892
-2.71035,509.982,26.2918,136,3.53014
-4.65178,528.594,25.4427,133.508,3.32278
-2.56204,598.654,31.0244,160.306,3.54678
-0.682996,516.918,28.6036,145.801,3.7683
-3.26597,507.518,25.6579,133.263,3.46885
0.911006,589.478,34.4629,173.685,3.97328
-2.43341,593.463,30.8945,159.485,3.5613
0.300525,571.066,32.6928,165.478,3.89279
-0.169867,561.909,31.6505,160.741,3.83247
-1.12064,527.812,28.766,147.091,3.71486
1.97175,526.991,31.9485,159.815,4.1194
-2.01089,595.83,31.4802,162.01,3.60966
-1.51217,538.927,28.974,148.574,3.66802
-3.306,564.706,28.5088,148.114,3.4645
1.2288,532.442,31.4695,158.243,4.0162
-3.71747,549.018,27.3168,142.352,3.42022
-4.67749,584.604,28.1129,147.548,3.32016
-4.95208,572.731,27.2737,143.437,3.29234
0.0258656,505.286,28.6542,145.321,3.8574
0.00307908,575.881,32.6319,165.52,3.85448
-2.10681,579.126,30.4951,157.05,3.59859
-3.65055,553.8,27.62,143.861,3.42737
-3.22844,513.071,25.973,134.862,3.47294
-2.69192,522.619,26.9607,139.441,3.5322
-4.04962,546.278,26.8626,140.329,3.3851
-4.72219,541.713,26.0089,136.551,3.31561
-0.673006,509.295,28.1916,143.691,3.76953
0.419525,514.514,29.5763,149.577,3.90828
-4.35347,568.792,27.6696,144.872,3.35344
-4.6674,563.087,27.0879,142.158,3.32119
-3.81527,547.804,27.1622,141.649,3.40982
-0.340719,509.986,28.5567,145.205,3.81092
0.317286,553.115,31.6834,160.35,3.89497
-2.68643,534.553,27.5817,142.647,3.53282
-1.82889,529.999,28.1808,144.838,3.63079
-0.552119,502.205,27.9159,142.162,3.78451
-3.84299,560.056,27.7425,144.704,3.40688
1.73659,512.259,30.8071,154.36,4.08629
-3.15805,512.571,26.0122,134.996,3.48063
-0.37695,558.14,31.2139,158.758,3.80637
-0.344956,540.317,30.2506,153.823,3.81039
-2.96712,505.252,25.8138,133.778,3.50162
-1.11413,582.136,31.7338,162.259,3.71565
-1.50911,517.328,27.8158,142.632,3.66839
-0.41242,569.86,31.8302,161.934,3.80193
-2.37899,599.31,31.2585,161.3,3.56748
-0.188114,523.578,29.4729,149.701,3.83016
-3.99985,511.434,25.1936,131.562,3.39033
-0.997965,541.55,29.6408,151.43,3.72972
0.97995,576.194,33.7661,170.09,3.98253
-4.07843,523.473,25.7149,134.362,3.38208
-2.16132,548.663,28.836,148.564,3.59233
-1.5963,540.623,28.9801,148.695,3.65808
-4.31427,539.507,26.2816,137.564,3.3575
-2.2929,566.831,29.6538,152.924,3.57727
-2.1209,505.236,26.5912,136.958,3.59697
0.690979,577.771,33.5241,169.217,3.94397
-1.36628,579.541,31.3163,160.416,3.68537
-3.96891,520.292,25.6581,133.957,3.39358
1.91816,576.977,34.915,174.72,4.11182
1.80527,547.498,33.0037,165.286,4.09592
-3.63433,558.643,27.8775,145.185,3.4291
-2.66341,530.527,27.3961,141.663,3.5354
-4.87834,590.614,28.1994,148.224,3.29978
0.367944,545.21,31.2852,158.278,3.90155
-0.752595,532.012,29.3679,149.772,3.75972
-4.55577,555.237,26.8166,140.617,3.3326
-0.866645,559.687,30.7735,157.069,3.74573
-3.84334,574.752,28.4701,148.5,3.40685
-3.20107,585.05,29.6454,153.9,3.47593
-4.55533,522.934,25.2569,132.438,3.33265
-2.50927,584.21,30.3319,156.668,3.55273
1.4171,527.846,31.3997,157.683,4.04197
-4.41402,519.056,25.1959,131.979,3.34718
1.60294,579.493,34.6918,173.987,4.06766
-3.71795,519.722,25.8587,134.754,3.42017
-4.3303,525.27,25.5735,133.874,3.35584
-0.264198,517.445,29.0511,147.639,3.82055
0.481961,529.71,30.5153,154.258,3.91645
-4.42335,553.008,26.8351,140.575,3.34622
-2.65445,590.559,30.5057,157.733,3.5364
1.86612,535.241,32.3319,161.853,4.10447
0.837548,539.388,31.4551,158.608,3.96346
-1.63144,593.574,31.7795,163.101,3.65393
-4.11042,545.798,26.7812,139.967,3.37873
1.27011,590.361,34.9422,175.654,4.02183
-1.92765,574.893,30.4625,156.678,3.6193
0.0783433,570.515,32.412,164.317,3.86412
-4.42828,578.86,28.0846,147.126,3.34571
-0.882167,580.399,31.8952,162.812,3.74383
-3.38518,516.884,26.0217,135.271,3.45591
-2.58773,593.523,30.7308,158.819,3.54389
0.918263,530.472,31.021,156.33,3.97425
-0.457639,540.101,30.1208,153.287,3.79628
0.964328,519.808,30.4455,153.38,3.98043
-3.47453,500.501,25.1176,130.657,3.44626
-1.00465,508.177,27.8078,142.072,3.72891
1.56922,517.193,30.9265,155.14,4.06298
-0.104919,518.996,29.2991,148.73,3.84072
-3.20398,599.421,30.3704,157.667,3.47561
1.80876,598.647,36.0914,180.745,4.09641
-2.00482,501.358,26.4945,136.345,3.61036
-0.887902,554.826,30.4838,155.614,3.74313
-2.0671,538.643,28.4029,146.232,3.60317
-3.74467,567.443,28.2064,147.017,3.41732
0.116798,507.552,28.8732,146.336,3.86906
-1.85339,537.498,28.5551,146.788,3.62794
-0.568469,572.069,31.7814,161.866,3.78248
-3.38283,511.646,25.7601,133.909,3.45617
-1.05006,598.475,32.6973,167.108,3.7234
-4.572,513.331,24.7784,129.945,3.33094
1.1615,504.547,29.7521,149.678,4.00705
-4.94878,545.615,25.9855,136.659,3.29268
-2.73296,569.323,29.3277,151.729,3.52762
-3.42693,511.2,25.6977,133.628,3.4514
-4.92937,529.71,25.2455,132.748,3.29463
-4.48386,583.943,28.2753,148.186,3.33999
1.40878,518.932,30.8607,154.985,4.04083
0.863291,520.825,30.3994,153.257,3.96689
-2.11165,509.114,26.8039,138.045,3.59804
-0.914825,537.509,29.5047,150.645,3.73985
1.69598,506.02,30.3898,152.312,4.08062
-4.90133,590.878,28.1889,148.194,3.29746
-2.71578,544.172,28.0491,145.096,3.52954
-0.595478,518.688,28.7888,146.653,3.77913
0.943957,577.538,33.8031,170.32,3.97769
-4.41983,570.286,27.677,144.982,3.34658
1.59814,547.648,32.78,164.405,4.06699
-2.34559,596.232,31.1344,160.621,3.57127
-2.20953,552.705,28.9994,149.458,3.5868
-4.18879,535.191,26.1878,136.945,3.37054
-4.67874,509.956,24.5221,128.703,3.32003
-3.06701,528.723,26.9181,139.604,3.49061
-0.190988,510.427,28.7298,145.929,3.8298
1.52741,558.29,33.3363,167.278,4.05719
-3.50095,502.889,25.2139,131.183,3.44341
-2.93868,596.813,30.5222,158.147,3.50476
0.0799273,515.011,29.2603,148.337,3.86432
1.47468,556.817,33.1884,166.598,4.0499
-3.13676,595.087,30.2224,156.821,3.48296
-1.90788,559.254,29.6543,152.499,3.6216
-3.36229,568.882,28.6626,148.974,3.45839
0.948486,570.248,33.3816,168.191,3.9783
-0.935529,537.522,29.4842,150.563,3.73732
0.670925,517.721,30.0191,151.546,3.94132
-2.30588,508.418,26.5858,137.115,3.57579
-4.20086,522.37,25.5495,133.619,3.36928
-4.55089,587.823,28.3954,148.89,3.3331
1.78708,522.347,31.468,157.616,4.09336
-3.59049,572,28.5884,148.839,3.4338
-4.15001,551.422,27.0191,141.252,3.37459
-3.40305,587.37,29.5516,153.641,3.45398
-3.58119,505.635,25.2798,131.604,3.43479
-2.85853,515.798,26.4534,136.985,3.51364
1.81321,585.677,35.3148,176.851,4.09703
-2.83496,579.322,29.736,153.956,3.51626
-4.24967,518.425,25.3126,132.429,3.3642
0.0893604,573.34,32.5848,165.18,3.86553
1.25543,539.992,31.9449,160.603,4.01983
1.58022,509.358,30.4695,152.836,4.06451
0.866447,584.127,34.0979,171.899,3.96732
-0.408181,562.406,31.4184,159.834,3.80246
1.38711,576.653,34.2679,172.122,4.03785
-4.89193,599.705,28.6196,150.448,3.29841
-1.11849,598.156,32.6022,166.704,3.71512
1.75352,516.863,31.102,155.819,4.08866
-0.457779,574.717,32.0511,163.111,3.79626
0.422777,557.5,32.0509,162.088,3.9087
0.921227,542.628,31.7351,159.925,3.97465
-3.26923,589.281,29.788,154.718,3.4685
-2.2078,574.053,30.1213,155.238,3.587
0.360991,517.352,29.6795,150.162,3.90065
-1.70007,540.327,28.8595,148.188,3.64586
-2.12052,548.427,28.8648,148.668,3.59702
1.55194,594.388,35.5215,178.213,4.06058
-1.26366,526.943,28.576,146.27,3.69765
1.75209,545.027,32.7952,164.303,4.08846
-1.71331,504.095,26.9119,138.201,3.64431
-1.54737,547.776,29.4137,150.867,3.66386
-0.352194,560.16,31.3537,159.441,3.80948
-2.10111,543,28.5985,147.276,3.59925
-3.40568,595.931,29.9795,155.869,3.45369
1.78578,549.803,33.1206,165.895,4.09318
-2.40369,584.514,30.4604,157.21,3.56467
-4.13862,594.619,29.1476,152.366,3.37578
-4.89815,532.947,25.4281,133.677,3.29778
-0.0304337,510.926,28.9178,146.716,3.8502
-4.54139,563.492,27.2293,142.765,3.33408
-0.819136,579.352,31.9074,162.8,3.75155
-1.78971,546.727,29.11,149.572,3.63537
-4.16729,507.057,24.8301,129.825,3.37278
-0.775973,584.753,32.2531,164.513,3.75685
0.287296,567.913,32.4975,164.505,3.89107
-0.971295,546.863,29.9594,153.029,3.73296
0.814861,549.206,32.0027,161.395,3.96043
0.381685,595.908,34.2105,173.061,3.90334
-3.08758,577.91,29.4009,152.504,3.48835
0.7887,512.455,29.8343,150.488,3.95695
-4.97213,583.303,27.7573,146.002,3.29033
-0.564352,547.337,30.4117,154.886,3.78299
1.00401,595.286,34.9138,175.841,3.98576
-4.14283,568.592,27.8676,145.68,3.37534
-2.46037,581.341,30.2349,156.111,3.55825
-3.50807,585.131,29.33,152.607,3.44265
1.02661,546.239,32.062,161.453,3.98881
1.80225,525.003,31.6444,158.482,4.09549
-3.77586,576.805,28.6401,149.312,3.41401
-4.67428,571.099,27.4666,144.152,3.32049
-3.84608,547.347,27.11,141.408,3.40656
-0.25722,520.615,29.2361,148.572,3.82143
-0.0547846,502.073,28.3929,144.078,3.8471
1.90775,586.059,35.452,177.42,4.11035
-0.769027,566.262,31.2407,159.342,3.7577
-0.816257,590.468,32.5229,165.937,3.7519
0.347891,593.299,34.0211,172.144,3.89894
0.56286,561.383,32.43,163.843,3.92707
0.130251,526.404,29.9595,151.828,3.87079
1.31744,544.701,32.292,162.278,4.0283
0.627143,536.842,31.0811,156.956,3.93554
-0.201004,507.403,28.5497,145.025,3.82853
-3.7674,593.908,29.4982,153.776,3.41491
-0.372487,536.848,30.0278,152.72,3.80693
-4.25105,525.84,25.6734,134.318,3.36406
0.703694,591.205,34.3186,173.211,3.94566
-3.86492,556.344,27.5372,143.657,3.40456
0.742766,576.554,33.5132,169.099,3.95084
0.239173,550.854,31.4691,159.354,3.88484
1.11282,566.222,33.3333,167.752,4.00045
-2.85468,540.123,27.7047,143.46,3.51407
-4.69868,569.946,27.3874,143.763,3.318
-1.81969,579.547,30.8253,158.419,3.63187
0.0235319,527.396,29.9057,151.67,3.8571
0.405508,501.387,28.8078,145.705,3.90645
-0.539424,578.383,32.1645,163.783,3.78609
1.49798,504.495,30.0938,151.039,4.05312
0.20916,522.23,29.803,150.949,3.88096
1.1845,554.54,32.7259,164.612,4.01017
-1.38912,561.222,30.3023,155.247,3.68265
1.19721,518.303,30.6007,153.909,4.0119
0.375507,544.072,31.228,157.98,3.90254
-1.61606,561.986,30.1044,154.487,3.65575
-0.989987,527.861,28.8996,147.635,3.73069
0.480355,585.211,33.7107,170.413,3.91624
1.35826,563.392,33.4468,168.032,4.03389
-4.4084,573.334,27.8362,145.803,3.34776
1.58337,516.195,30.8818,154.901,4.06494
-3.62993,546.22,27.2618,141.974,3.42957
-0.712292,582.124,32.1791,164.061,3.76469
-3.48917,533.782,26.7739,139.288,3.44468
0.257873,578.268,33.0564,167.37,3.88726
-2.85766,555.213,28.4758,147.456,3.51374
1.35774,511.248,30.3506,152.478,4.03382
1.44817,539.284,32.1143,161.236,4.04625
0.893329,551.332,32.2132,162.367,3.97091
-4.99763,591.658,28.1293,147.987,3.28776
-3.48033,501.415,25.1583,130.874,3.44564
-1.17027,556.327,30.2677,154.825,3.70887
-4.67932,522.417,25.1208,131.846,3.31997
-0.174167,589.806,33.2169,168.701,3.83193
-1.46152,523.909,28.2164,144.636,3.67403
-3.59139,536.828,26.8296,139.683,3.4337
-0.628334,519.019,28.7744,146.614,3.77506
1.30357,598.85,35.4853,178.342,4.0264
-0.743927,595.643,32.8903,167.725,3.76079
-0.431102,518.796,28.9592,147.348,3.7996
-1.25096,560.816,30.4264,155.728,3.69917
0.278043,563.605,32.2407,163.216,3.88987
0.697208,579.064,33.6064,169.625,3.9448
1.79767,578.02,34.8346,174.465,4.09485
-2.49498,591.263,30.7136,158.623,3.55434
0.855609,571.365,33.3406,168.094,3.96587
-1.00273,598.225,32.7374,167.256,3.72914
-2.67104,509.616,26.3092,136.051,3.53454
-2.88991,599.128,30.6932,158.976,3.51016
1.73114,573.032,34.4556,172.648,4.08553
-1.47888,557.239,29.9933,153.764,3.67197
-2.57197,574.058,29.7393,153.678,3.54566
-0.559797,591.082,32.8475,167.286,3.78356
-4.66486,507.469,24.4146,128.125,3.32145
-0.399322,505.001,28.2202,143.555,3.80357
-3.10077,556.914,28.3196,146.909,3.48691
-4.17119,578.891,28.3438,148.201,3.37238
1.19881,559.519,33.036,166.155,4.01212
-3.22779,589.839,29.8599,155.044,3.47301
-2.73794,521.847,26.8774,139.057,3.52706
1.68848,530.108,31.8282,159.53,4.07957
-1.98728,527.453,27.8906,143.511,3.61239
1.56871,558.721,33.4092,167.595,4.06291
-4.6261,529.175,25.494,133.752,3.32541
-4.46177,569.858,27.615,144.702,3.34226
-3.98108,598.723,29.5131,154.097,3.3923
0.439567,532.505,30.6316,154.892,3.9109
-3.71962,550.436,27.3853,142.711,3.41999
-1.25374,587.077,31.8481,163.007,3.69883
-3.26521,569.493,28.7919,149.539,3.46894
-3.36029,563.936,28.4154,147.687,3.45861
-3.51544,513.422,25.7288,133.877,3.44186
-3.2097,561.636,28.4503,147.705,3.47499
-0.522519,533.972,29.7121,151.278,3.78819
-0.290224,546.879,30.676,155.926,3.81727
-3.81981,593.377,29.4172,153.413,3.40934
-3.28947,546.18,27.5896,143.321,3.4663
-4.35997,514.938,25.0441,131.131,3.35276
1.67654,553.205,33.2015,166.427,4.0779
-2.57865,504.135,26.1109,134.934,3.54491
-3.92847,544.959,26.913,140.467,3.39785
-4.0216,571.868,28.1489,147.018,3.38804
-4.22382,503.34,24.5986,128.669,3.36689
-4.15408,573.778,28.1105,146.962,3.37416
-2.38757,596.951,31.1261,160.627,3.5665
-2.91672,577.994,29.5826,153.254,3.50719
1.21994,535.283,31.6279,159.049,4.01499
1.86663,576.608,34.8314,174.365,4.10455
1.05355,574.946,33.7782,170.062,3.99244
-3.12779,516.074,26.2178,136.033,3.48394
1.69389,555.448,33.3559,167.181,4.08032
-2.8052,559.307,28.7387,148.76,3.51956
1.97488,500.731,30.3598,151.865,4.11984
-4.1086,518.152,25.4263,132.884,3.37892
-2.39916,549.53,28.6418,147.82,3.56519
-4.18698,588.535,28.7998,150.603,3.37073
-1.15607,525.563,28.6081,146.321,3.71058
-1.84394,594.248,31.5804,162.329,3.62904
-2.21755,590.66,30.9821,159.686,3.58588
-4.10186,541.034,26.5555,138.779,3.37962
1.52807,583.019,34.8137,174.691,4.05728
-2.91259,520.588,26.6484,138.049,3.50765
-2.77928,511.761,26.3197,136.213,3.52245
-2.52575,549.119,28.4936,147.19,3.55087
-1.03426,578.353,31.6153,161.56,3.72531
-3.62879,576.479,28.7732,149.843,3.42969
0.791869,518.731,30.203,152.344,3.95737
-1.69064,505.552,27.011,138.687,3.64697
-3.35343,549.233,27.6813,143.865,3.45935
-3.3885,590.174,29.7079,154.437,3.45555
1.8015,568.489,34.2647,171.606,4.09539
-0.851356,522.537,28.7462,146.705,3.7476
-4.66311,510.543,24.564,128.908,3.32163
-4.02939,522.794,25.7262,134.373,3.38722
1.74192,508.566,30.5906,153.27,4.08704
-1.60943,562.378,30.1324,154.623,3.65653
-4.96158,590.86,28.1275,147.938,3.29139
-3.59279,574.976,28.7348,149.603,3.43355
-0.0932722,570.181,32.2016,163.45,3.8422
-4.67136,524.573,25.2316,132.42,3.32079
-1.57464,546.454,29.3147,150.389,3.66063
1.89841,554.953,33.5596,167.961,4.10903
1.85636,557.867,33.6875,168.65,4.1031
1.19629,558.689,32.9841,165.897,4.01178
-2.18158,508.027,26.6813,137.483,3.59
-2.35925,526.221,27.4654,141.707,3.56972
-0.464819,574.877,32.0522,163.125,3.79538
-1.21257,512.497,27.8421,142.461,3.70378
-0.386527,590.83,33.0311,168.012,3.80517
-2.25321,507.733,26.5991,137.131,3.58181
-3.33187,536.601,27.0652,140.64,3.46169
-4.38037,518.849,25.216,132.051,3.35066
-0.410566,509.301,28.4494,144.732,3.80216
-0.139794,510.294,28.7731,146.096,3.83629
1.21455,510.891,30.1811,151.779,4.01426
-3.0311,578.98,29.514,153.027,3.49456
0.635558,547.333,31.6976,160.06,3.93665
-1.68875,570.878,30.5033,156.616,3.64719
-0.765113,501.5,27.6716,141.133,3.75818
-4.55036,541.469,26.1567,137.151,3.33316
1.12751,527.609,31.0758,156.375,4.00244
-4.65961,507.532,24.4222,128.16,3.32198
-4.63605,527.027,25.3816,133.172,3.32439
-1.3176,569.407,30.8209,157.823,3.69119
-0.552719,586.356,32.5929,165.98,3.78444
1.67592,565.366,33.9306,170.083,4.07782
-4.82269,508.732,24.3381,127.875,3.30541
1.22702,595.033,35.1668,176.837,4.01596
-1.6237,507.601,27.1839,139.507,3.65485
-2.42551,508.911,26.5002,136.793,3.5622
-0.910947,560.513,30.7716,157.109,3.74032
-4.01374,571.015,28.1147,146.831,3.38887
-4.50236,544.066,26.3271,137.995,3.33808
-2.22696,517.969,27.1603,139.998,3.58481
-2.82379,570.494,29.2943,151.657,3.5175
1.68188,539.024,32.3563,162.184,4.07865
0.191139,552.152,31.491,159.519,3.87863
-2.45653,584.873,30.4226,157.076,3.55869
-2.71232,567.025,29.2306,151.203,3.52992
0.796762,549.246,31.9851,161.328,3.95802
-2.65006,568.387,29.3649,151.829,3.53689
-3.14778,506.658,25.7214,133.477,3.48176
0.262694,534.076,30.5353,154.6,3.88788
-3.98439,560.635,27.6324,144.281,3.39195
-3.38012,529.606,26.6669,138.62,3.45646
-1.64153,526.276,28.1665,144.568,3.65275
0.63629,546.73,31.6635,159.887,3.93674
-4.41411,513.602,24.9311,130.592,3.34717
0.241561,536.001,30.6231,155.067,3.88515
-3.21058,563.651,28.5514,148.231,3.47489
0.654295,578.253,33.5099,169.189,3.93912
-4.01328,528.612,26.0274,135.929,3.38891
-0.855799,583.443,32.0918,163.785,3.74706
-4.37182,599.72,29.1551,152.67,3.35154
-3.12558,561.157,28.5104,147.926,3.48419
-3.56481,530.9,26.5583,138.243,3.43655
-4.2636,533.211,26.0217,136.152,3.36275
-3.52573,568.216,28.4643,148.122,3.44075
1.20077,575.594,33.9874,170.938,4.01238
0.680198,541.636,31.4159,158.587,3.94255
-2.29024,559.169,29.2557,150.868,3.57758
-3.01429,592.053,30.1983,156.555,3.49641
-0.262624,581.651,32.6577,165.965,3.82075
-1.01811,561.854,30.7306,157.021,3.72727
1.90513,512.669,31.0097,155.192,4.10998
-1.88228,578.67,30.7113,157.905,3.62457
-4.80797,599.432,28.6923,150.735,3.3069
-3.94818,563.043,27.7867,145.048,3.39577
-1.08003,564.341,30.8003,157.447,3.71977
0.956163,516.149,30.2227,152.266,3.97933
-2.62261,528.41,27.3259,141.259,3.53997
-0.66083,578.105,32.014,163.159,3.77104
1.34576,509.209,30.2172,151.821,4.03218
-1.58091,591.701,31.7351,162.813,3.65989
-2.96494,507.742,25.943,134.446,3.50186
-3.35884,559.967,28.2169,146.654,3.45877
-2.57139,592.896,30.7159,158.723,3.54573
1.92468,523.792,31.7036,158.643,4.11274
-3.43965,552.538,27.7632,144.382,3.45002
-4.92731,573.742,27.346,143.791,3.29484
1.24466,523.183,30.9391,155.559,4.01836
-0.427076,509.969,28.4705,144.857,3.8001
-3.84921,514.157,25.4633,132.822,3.40623
0.43991,562.123,32.3357,163.509,3.91094
-4.84915,570.099,27.2483,143.193,3.30273
-2.9585,529.741,27.0731,140.296,3.50257
1.15715,590.985,34.8441,175.3,4.00646
-4.70694,513.562,24.6707,129.51,3.31716
-0.529547,543.898,30.2571,154.06,3.78732
-1.29204,502.235,27.2092,139.303,3.69424
-2.99652,523.546,26.7207,138.509,3.49837
-4.9586,550.31,26.1999,137.797,3.29169
0.89409,596.806,34.8711,175.763,3.97101
-2.68965,547.321,28.2373,146.041,3.53246
-1.5732,577.32,30.9721,158.89,3.6608
-0.584425,587.754,32.6347,166.231,3.7805
-4.15394,568.429,27.8486,145.593,3.37418
-0.139965,561.965,31.6864,160.889,3.83626
-1.53774,579.5,31.1275,159.646,3.665
-2.12287,506.492,26.6554,137.291,3.59675
-0.197129,536.263,30.1775,153.29,3.82902
0.512745,541.01,31.1993,157.681,3.92048
0.938175,581.64,34.0365,171.502,3.97692
-2.18906,599.526,31.4786,162.211,3.58915
-0.956787,589.558,32.3146,165.042,3.73473
1.57093,524.505,31.3656,157.341,4.06322
-0.910988,562.993,30.9077,157.804,3.74031
-1.05671,524.903,28.6711,146.538,3.72259
-4.57494,511.882,24.7059,129.567,3.33064
0.842945,549.518,32.0518,161.611,3.96418
-1.00486,501.146,27.4228,140.106,3.72888
-3.52288,545.201,27.3141,142.134,3.44106
-2.13221,521.1,27.4153,141.215,3.59567
-3.64898,523.615,26.116,136.026,3.42753
0.431062,580.438,33.3791,168.796,3.90979
0.143802,579.181,32.9787,167.112,3.87253
-4.1906,573.014,28.0367,146.616,3.37035
-4.90856,516.455,24.632,129.502,3.29673
-1.42835,562.697,30.3405,155.487,3.67797
-3.6677,500.647,24.9539,129.991,3.42553
0.866917,508.323,29.6734,149.593,3.96738
-4.69142,535.421,25.735,135.082,3.31874
-0.943156,511.725,28.0618,143.307,3.73639
-3.37333,517.838,26.0807,135.566,3.4572
-1.83765,577.878,30.7172,157.884,3.62977
-1.76622,544.775,29.03,149.135,3.63811
0.463554,581.292,33.4656,169.194,3.91404
-4.7514,519.398,24.9116,130.818,3.31264
-2.25837,537.994,28.1793,145.283,3.58122
-0.290416,525.557,29.4798,149.846,3.81725
1.82737,589.861,35.5843,178.183,4.09902
0.421115,591.905,34.0269,172.083,3.90849
0.474814,514.692,29.6429,149.855,3.91551
-3.58353,516.189,25.8053,134.342,3.43454
-1.22249,543.545,29.5186,151.05,3.70259
-4.78946,535.144,25.632,134.64,3.30878
0.664129,530.07,30.728,155.132,3.94042
-1.08592,513.887,28.0409,143.347,3.71906
-4.02269,544.419,26.7968,139.957,3.38792
-0.883681,504.803,27.7394,141.6,3.74365
-1.29298,554.307,30.0293,153.742,3.69413
1.53858,521.934,31.1773,156.432,4.05874
-4.55829,511.549,24.7044,129.543,3.33234
-2.2424,501.463,26.2806,135.478,3.58304
-2.61871,572.723,29.6215,153.121,3.54041
-1.51982,530.042,28.4887,146.094,3.66712
0.551106,500.774,28.9171,146.107,3.92552
-3.23987,588.156,29.762,154.549,3.4717
-4.79498,530.888,25.4232,133.548,3.30822
-2.76471,546.271,28.1089,145.457,3.52407
-4.04421,542.12,26.6633,139.282,3.38567
-3.50421,514.495,25.7928,134.199,3.44306
-2.21865,575.721,30.1974,155.643,3.58576
0.543518,508.331,29.3458,148.281,3.92452
1.71039,568.071,34.1331,171.056,4.08263
1.94444,597.137,36.1674,180.954,4.11553
-2.65369,525.759,27.1591,140.428,3.53648
-0.164747,570.65,32.1486,163.264,3.83312
-1.79615,599.924,31.9353,164.096,3.63461
-1.13954,520.249,28.3351,144.908,3.71258
-2.7027,576.541,29.7312,153.782,3.531
-1.41498,554.251,29.899,153.209,3.67956
-3.45124,575.569,28.9086,150.351,3.44877
-4.78106,582.067,27.8879,146.48,3.30963
-2.96972,534.896,27.3258,141.617,3.50133
-0.998653,555.879,30.4244,155.434,3.72964
0.986786,535.053,31.3626,157.975,3.98345
1.2744,516.305,30.5635,153.638,4.02242
-1.36809,501.86,27.117,138.907,3.68515
-4.14013,508.728,24.9359,130.352,3.37562
1.5403,553.512,33.0655,165.904,4.05897
-4.13178,534.667,26.2151,137.03,3.37649
-2.93885,557.263,28.4994,147.666,3.50474
-3.03193,517.596,26.3841,136.8,3.49447
-2.86176,598.553,30.6942,158.948,3.51328
-1.40392,576.031,31.0859,159.279,3.68088
-1.52621,555.016,29.8244,152.95,3.66636
-2.53126,576.44,29.9055,154.49,3.55025
0.511058,599.595,34.5758,174.748,3.92026
-3.74608,583.7,29.013,151.223,3.41718
-0.171902,553.017,31.1475,158.188,3.83222
-0.441459,564.767,31.5141,160.359,3.7983
-3.60778,564.487,28.1957,146.813,3.43194
-0.973943,554.443,30.3718,155.138,3.73264
1.48414,571.678,34.0852,171.088,4.05121
-0.733018,508.613,28.0953,143.262,3.76213
1.30676,538.401,31.9068,160.354,4.02684
-2.7269,566.296,29.178,150.948,3.52829
-3.59751,550.271,27.4955,143.156,3.43304
-2.77261,574.555,29.556,152.955,3.52319
-4.70141,504.206,24.2261,127.171,3.31772
-1.38309,587.174,31.7102,162.453,3.68336
-0.770176,502.836,27.7404,141.49,3.75756
-0.85,519.247,28.5665,145.787,3.74777
1.70805,517.472,31.0903,155.81,4.0823
-4.38491,563.773,27.3949,143.466,3.35019
-4.22587,594.496,29.0514,151.962,3.36668
-1.10385,582.673,31.7744,162.455,3.71689
-2.37872,556.185,29.0095,149.695,3.56751
-3.82108,510.573,25.311,132,3.40921
-2.99487,561.593,28.6643,148.581,3.49856
-3.87625,534.436,26.4422,137.956,3.40336
0.832268,502.215,29.2819,147.656,3.96275
-2.82575,562.54,28.8839,149.535,3.51728
-2.4359,547.598,28.5044,147.15,3.56102
-4.93492,535.939,25.5373,134.288,3.29407
-3.14079,580.401,29.4723,152.934,3.48252
-4.44902,502.877,24.3802,127.739,3.34357
0.125383,521.661,29.6846,150.439,3.87016
-3.55746,591.59,29.602,154.078,3.43734
-0.229605,551.017,30.973,157.367,3.82492
-3.2395,504.879,25.5483,132.668,3.47174
1.72933,532.733,32.0305,160.498,4.08528
-1.262,578.507,31.3742,160.591,3.69784
1.97368,592.717,35.9355,179.757,4.11967
0.112366,524.798,29.8497,151.29,3.86849
0.592782,559.412,32.3495,163.401,3.931
-3.98221,545.172,26.8724,140.31,3.39218
-0.0785858,550.959,31.1318,158.003,3.84407
-1.85579,550.048,29.2193,150.205,3.62766
-1.1979,545.018,29.624,151.562,3.70555
1.43442,517.367,30.7946,154.625,4.04435
0.235454,541.114,30.9087,156.52,3.88436
0.729991,559.159,32.4878,163.94,3.94915
-4.49055,527.674,25.5446,133.882,3.3393
0.497915,552.901,31.8688,161.082,3.91854
-1.43558,561.779,30.2833,155.202,3.67711
-3.08896,551.861,28.0743,145.624,3.4882
-3.53065,594.006,29.7511,154.824,3.44022
-4.22939,518.961,25.357,132.641,3.36631
-2.36366,543.461,28.3608,146.331,3.56922
1.49173,582.759,34.7549,174.44,4.05226
-0.425597,529.562,29.5659,150.428,3.80028
1.58545,522.836,31.2813,156.902,4.06523
-0.527705,552.08,30.7142,156.385,3.78755
-4.72011,510.679,24.5207,128.736,3.31582
-4.96479,562.221,26.7611,140.755,3.29107
-3.621,561.179,28.0173,145.898,3.43053
1.66496,543.256,32.5915,163.383,4.07629
0.675855,549.991,31.8957,161.014,3.94197
-4.6257,536.446,25.8447,135.591,3.32545
-2.02641,585.445,30.9147,159.118,3.60786
1.73681,551.64,33.1758,166.228,4.08632
-0.823275,569.533,31.3621,160.023,3.75104
-2.34569,510.245,26.6442,137.456,3.57126
0.915989,534.334,31.2444,157.458,3.97394
-2.2784,560.162,29.3198,151.186,3.57893
-0.0152513,519.962,29.4447,149.373,3.85214
0.523122,526.18,30.3549,153.402,3.92184
-0.9028,541.263,29.7232,151.747,3.74131
1.37018,577.042,34.2711,172.159,4.03553
-3.10019,594.861,30.2499,156.922,3.48697
1.50591,501.253,29.9085,150.101,4.05422
-2.36276,502.302,26.2137,135.252,3.56932
0.432819,514.241,29.5741,149.552,3.91002
1.97459,568.048,34.4409,172.28,4.1198
1.46267,507.115,30.2135,151.678,4.04825
-2.29195,504.175,26.3769,136.024,3.57738
-1.73013,504.572,26.9215,138.267,3.64234
-0.0312924,502.519,28.4411,144.299,3.85009
1.85573,568.564,34.3327,171.881,4.10301
-4.03888,540.67,26.5969,138.93,3.38623
-3.40804,578.033,29.0767,151.178,3.45344
-2.79243,536.649,27.5869,142.785,3.52099
-2.00644,525.783,27.7837,142.981,3.61017
0.157976,519.327,29.5851,149.9,3.87436
-1.04445,558.531,30.5209,155.979,3.72408
-0.878944,543.089,29.8482,152.36,3.74423
-4.6856,528.357,25.4008,133.321,3.31933
-3.09095,517.761,26.3378,136.618,3.48799
-4.37513,506.843,24.6371,129.015,3.3512
-1.68736,503.284,26.8929,138.077,3.64736
-2.07245,578.139,30.4798,156.931,3.60255
0.154408,508.266,28.9514,146.693,3.8739
-1.53997,518.464,27.8469,142.823,3.66473
-3.1194,570.841,29.0088,150.505,3.48486
-2.24227,574.123,30.0886,155.109,3.58306
-4.43882,548.89,26.6206,139.468,3.34462
-1.3538,583.475,31.5426,161.56,3.68686
-4.22691,539.771,26.3761,137.969,3.36657
-1.0094,507.253,27.7526,141.795,3.72833
-0.0963371,530.195,29.9402,151.975,3.84181
1.56729,582.852,34.8504,174.827,4.06271
-1.18674,539.679,29.3452,150.124,3.70689
1.95639,566.82,34.3451,171.822,4.11722
-0.052842,573.855,32.4544,164.685,3.84734
-3.36352,531.224,26.7641,139.108,3.45826
-1.28783,574.483,31.1279,159.36,3.69475
0.0675082,526.847,29.9199,151.694,3.86273
-4.87223,575.263,27.4725,144.396,3.3004
-3.24092,595.549,30.135,156.487,3.47158
-3.38365,563.821,28.3862,147.561,3.45608
-1.94782,536.839,28.4261,146.225,3.61696
-2.16588,562.467,29.5567,152.282,3.5918
0.170784,504.195,28.7357,145.583,3.87601
0.270187,558.327,31.9301,161.653,3.88886
-3.20904,589.389,29.8568,155.007,3.47506
-0.92212,595.278,32.6675,166.802,3.73896
-4.25228,520.311,25.4023,132.901,3.36393
-0.161445,585.735,33.0022,167.595,3.83354
-0.110593,521.026,29.4079,149.288,3.83999
-3.65164,557.163,27.7867,144.73,3.42725
-2.67305,583.379,30.1151,155.734,3.53432
-2.50563,567.191,29.4521,152.12,3.55314
-4.51189,551.469,26.6763,139.835,3.33711
-3.75729,509.67,25.3233,132.002,3.41598
-0.407363,529.419,29.5765,150.463,3.80256
-1.99852,574.075,30.3439,156.148,3.61109
0.831674,530.6,30.9363,155.999,3.96267
1.19355,544.002,32.114,161.524,4.0114
1.80183,571.988,34.476,172.664,4.09543
-1.8975,513.3,27.2275,140.009,3.6228
-2.48357,564.905,29.3561,151.599,3.55563
-2.44416,592.012,30.8073,159.048,3.56009
-1.44453,509.505,27.4569,140.726,3.67605
-2.16925,548.975,28.8443,148.616,3.59142
-3.86139,528.485,26.1616,136.477,3.40494
0.749603,527.41,30.6638,154.715,3.95175
0.706278,513.442,29.8072,150.439,3.946
-2.21804,538.857,28.2644,145.679,3.58583
1.93554,536.759,32.5005,162.618,4.11427
-0.900349,599.8,32.9405,168.17,3.74161
-4.98236,525.162,24.9815,131.412,3.2893
0.75248,526.398,30.608,154.43,3.95213
0.69282,570.033,33.0773,166.959,3.94422
-0.317728,590.77,33.1065,168.313,3.81381
0.480954,515.521,29.6969,150.122,3.91631
0.667545,521.713,30.2471,152.701,3.94087
-1.27513,587.525,31.8487,163.035,3.69627
-4.37341,576.429,28.0213,146.734,3.35138
1.27811,517.771,30.6542,154.09,4.02292
-3.06576,546.018,27.7998,144.175,3.49075
-1.56277,557.755,29.9334,153.55,3.66204
-2.72112,520.982,26.8487,138.892,3.52894
0.909179,580.698,33.9475,171.089,3.97303
-3.86333,503.505,24.9232,130.019,3.40473
-0.748259,533.133,29.4342,150.105,3.76026
-0.416835,577.545,32.2545,164.098,3.80138
-2.44694,565.993,29.4505,152.046,3.55977
-0.444197,574.076,32.0304,162.99,3.79796
-0.22481,526.42,29.5953,150.362,3.82552
1.13838,516.648,30.4416,153.172,4.00391
-2.33983,560.741,29.287,151.084,3.57193
0.160712,539.592,30.7424,155.761,3.87471
-0.369599,574.065,32.1126,163.321,3.8073
-4.7982,521.259,24.9592,131.114,3.30789
0.965399,546.298,31.9982,161.201,3.98057
1.65724,598.733,35.9102,180.029,4.07521
1.8341,576.128,34.7638,174.066,4.09997
-1.82566,510.943,27.1706,139.643,3.63117
-0.135951,550.965,31.0705,157.757,3.83677
-0.0653598,535.388,30.2658,153.594,3.84575
-1.60845,546.152,29.264,150.166,3.65664
1.93211,582.881,35.2891,176.575,4.11379
0.850347,593.375,34.6186,174.544,3.96517
-2.7867,538.027,27.6633,143.174,3.52162
-0.926883,541.231,29.6966,151.638,3.73837
-4.713,569.064,27.3311,143.482,3.31654
-0.64825,509.331,28.2178,143.799,3.77259
0.885657,530.581,30.9926,156.223,3.96988
1.19233,546.945,32.2864,162.392,4.01124
0.968075,584.929,34.2641,172.613,3.98093
0.601354,543.813,31.4567,158.882,3.93213
-4.57188,592.048,28.5781,149.872,3.33095
-0.223414,518.818,29.1693,148.196,3.8257
0.47165,519.449,29.9136,151.227,3.9151
1.03067,564.759,33.1537,166.945,3.98936
-1.74831,512.738,27.3398,140.434,3.64021
-4.39156,552.297,26.8309,140.52,3.3495
-4.64404,582.185,28.03,147.076,3.32357
-4.2147,548.079,26.7938,140.141,3.36784
-1.44822,500.019,26.9422,138.091,3.67561
-1.24773,503.451,27.3172,139.811,3.69956
-0.963074,511.774,28.045,143.242,3.73397
-4.57012,583.536,28.169,147.724,3.33113
-3.00688,565.421,28.8474,149.544,3.49723
0.242304,550.335,31.4428,159.217,3.88525
-3.71926,584.088,29.0599,151.437,3.42003
-3.77928,556.37,27.6221,144.009,3.41364
-2.74855,596.183,30.6946,158.819,3.52588
0.651358,579.453,33.576,169.526,3.93873
-1.46434,591.906,31.8754,163.395,3.6737
-3.33383,544.083,27.4407,142.594,3.46148
-4.84928,500.947,23.943,125.824,3.30272
1.42223,579.635,34.4865,173.178,4.04268
-1.62664,511.413,27.3852,140.543,3.6545
-2.17124,599.722,31.5085,162.345,3.59119
-1.87332,529.387,28.1046,144.493,3.62561
-1.08049,514.378,28.0729,143.506,3.71971
-2.34619,514.313,26.8561,138.55,3.5712
-1.77676,591.128,31.4884,161.777,3.63688
-3.9719,582.166,28.7063,149.874,3.39327
1.91494,500.249,30.2686,151.472,4.11136
-2.3899,563.789,29.3946,151.694,3.56624
-4.39772,584.701,28.3989,148.739,3.34886
-1.87136,583.952,31.0035,159.395,3.62584
-3.91326,533.464,26.3596,137.563,3.39945
1.46331,559.985,33.3643,167.494,4.04834
-4.63409,511.228,24.6224,129.187,3.32459
-3.40344,588.672,29.6167,153.98,3.45394
-4.51162,529.034,25.5913,134.147,3.33713
-2.10977,512.428,26.9802,138.951,3.59825
-4.58268,586.226,28.2863,148.353,3.32985
-1.35706,551.582,29.8151,152.716,3.68647
0.792331,520.867,30.3279,152.973,3.95743
-4.05207,591.349,29.0764,151.897,3.38484
-2.79323,550.053,28.2751,146.348,3.5209
1.58994,513.437,30.7237,154.1,4.06585
-1.9497,515.979,27.3198,140.536,3.61674
-2.79811,579.569,29.7873,154.18,3.52035
-1.85915,578.856,30.746,158.057,3.62726
-3.35999,563.347,28.3861,147.534,3.45864
-2.33771,560.735,29.2889,151.091,3.57217
-2.69657,577.028,29.7627,153.938,3.53168
-1.78343,560.619,29.8563,153.399,3.6361
-4.72512,528.701,25.3816,133.26,3.31531
-1.62275,530.467,28.4094,145.795,3.65496
0.12826,522.022,29.7081,150.556,3.87053
-2.37672,501.209,26.1439,134.906,3.56773
0.716426,501.821,29.1428,147.075,3.94735
-0.332158,527.738,29.5594,150.295,3.812
-0.169571,525.072,29.576,150.204,3.83251
-2.50422,584.974,30.377,156.895,3.5533
-0.892505,582.558,32.0024,163.371,3.74257
0.898852,560.536,32.7572,165.103,3.97165
-2.81855,542.836,27.8793,144.326,3.51808
0.730209,592.688,34.4361,173.772,3.94917
1.04906,572.659,33.6386,169.365,3.99184
-0.938127,540.93,29.6685,151.507,3.737
-1.50343,507.664,27.3015,139.989,3.66906
-2.77619,574.359,29.5422,152.887,3.5228
0.44812,505.179,29.0682,146.978,3.91202
1.00932,559.233,32.8052,165.216,3.98648
1.52877,524.248,31.305,157.084,4.05738
0.339479,582.742,33.406,169.042,3.89785
-2.90785,571.048,29.2362,151.449,3.50817
-2.59883,511.923,26.4954,136.942,3.54264
-3.39306,515.662,25.953,134.922,3.45506
1.06182,531.984,31.263,157.39,3.99356
-2.96056,547.221,27.9644,144.917,3.50234
-1.95005,578.029,30.6047,157.435,3.6167
1.18822,523.758,30.9133,155.491,4.01068
-2.63179,586.844,30.338,156.839,3.53894
1.65596,556.89,33.3991,167.442,4.07503
-3.10159,525.34,26.7132,138.577,3.48682
-1.86656,502.909,26.7052,137.292,3.6264
-2.78424,590.835,30.3811,157.238,3.5219
-2.99081,537.394,27.433,142.195,3.499
-1.21824,585.334,31.7928,162.682,3.7031
-1.60538,581.275,31.1493,159.836,3.65701
-1.95236,542.545,28.7237,147.761,3.61643
0.719694,553.786,32.1642,162.319,3.94778
0.519759,570.614,32.9145,166.341,3.9214
-3.5054,586.851,29.419,153.067,3.44294
0.906754,546.744,31.9599,161.075,3.97271
1.0144,591.826,34.7232,174.869,3.98716
-4.27326,591.868,28.8744,151.089,3.36175
-2.59417,562.881,29.1376,150.593,3.54316
0.0609752,562.777,31.9532,162.011,3.86189
-1.79074,537.624,28.6243,147.077,3.63525
-1.75287,520.722,27.7612,142.603,3.63968
-3.80251,503.135,24.9587,130.145,3.41118
-0.172641,532.12,29.9697,152.208,3.83212
-2.18647,560.582,29.4364,151.685,3.58944
-4.85732,556.376,26.5846,139.714,3.30191
-1.35902,572.764,30.958,158.572,3.68624
-1.72898,580.671,30.983,159.125,3.64247
1.16711,549.887,32.432,163.154,4.00781
1.59914,511.47,30.6156,153.549,4.06713
-4.83966,583.163,27.8821,146.513,3.30369
1.33439,590.665,35.0373,176.052,4.03062
-2.31211,539.528,28.2065,145.481,3.57508
-1.36894,543.153,29.3473,150.333,3.68505
-2.31822,520.307,27.1958,140.274,3.57439
-1.65232,579.703,31.0143,159.197,3.65148
-0.883185,574.035,31.5443,161.022,3.74371
-3.07617,575.675,29.299,151.962,3.48961
-4.69999,510.419,24.5258,128.743,3.31787
-2.88218,527.291,27.0204,139.945,3.51102
-2.19653,542.772,28.4912,146.825,3.58829
1.97257,537.856,32.6081,163.114,4.11951
-0.696464,546.535,30.2284,154.098,3.76664
-2.20043,598.06,31.3891,161.764,3.58784
-4.82599,594.944,28.4592,149.531,3.30507
-4.26542,585.269,28.5604,149.437,3.36257
-1.78218,562.179,29.9407,153.831,3.63625
-4.38781,504.27,24.501,128.314,3.34989
-1.49401,515.285,27.7205,142.127,3.67018
-4.89074,585.723,27.9535,146.945,3.29853
-3.47368,501.811,25.1841,131.002,3.44635
-0.50749,532.941,29.6702,151.048,3.79006
-2.05466,534.04,28.1724,145.033,3.6046
-4.84489,530.804,25.3739,133.339,3.30316
-1.66009,589.532,31.5315,161.862,3.65056
-3.33936,508.102,25.621,133.143,3.46088
-4.66933,530.457,25.5165,133.913,3.32099
-3.05447,588.045,29.9514,155.321,3.49199
-3.83974,533.081,26.4093,137.747,3.40723
-3.95011,533.604,26.3321,137.457,3.39556
-1.01201,554.184,30.3175,154.903,3.72802
-3.21696,536.616,27.1759,141.096,3.47419
0.674455,582.684,33.79,170.579,3.94179
-3.28712,557.993,28.1887,146.43,3.46655
-2.48581,523.304,27.1921,140.427,3.55538
-4.73363,531.131,25.4905,133.84,3.31444
-2.51017,572.197,29.7073,153.443,3.55263
-4.32009,583.423,28.4151,148.738,3.35689
-0.465246,503.699,28.0833,142.926,3.79533
-2.51333,587.294,30.4878,157.478,3.55227
-4.42956,573.367,27.8169,145.725,3.34558
-2.0824,536.252,28.2616,145.521,3.6014
-0.900095,563.717,30.9592,158.054,3.74164
-1.49905,540.896,29.0932,149.171,3.66958
-4.73087,588.439,28.2436,148.293,3.31473
-0.750982,547.517,30.2255,154.144,3.75992
-1.59343,592.219,31.749,162.9,3.65842
-1.54927,558.529,29.989,153.82,3.66363
-3.12342,528.921,26.8746,139.436,3.48442
-3.42304,586.392,29.4815,153.299,3.45182
-0.306461,591.626,33.1674,168.609,3.81523
-1.84615,518.859,27.5718,141.726,3.62878
-3.28147,554.817,28.0338,145.62,3.46717
1.33553,561.135,33.2869,167.256,4.03078
0.352891,543.925,31.1953,157.84,3.89959
0.0380842,546.831,31.0233,157.322,3.85896
0.742023,544.689,31.6601,159.75,3.95074
1.49265,571.681,34.0953,171.129,4.05238
-2.2939,527.823,27.6122,142.396,3.57716
0.870007,516.365,30.146,151.973,3.96779
-3.79263,594.222,29.4874,153.749,3.41223
-4.8551,578.732,27.655,145.337,3.30213
1.49843,534.101,31.8604,159.905,4.05318
-3.75393,502.241,24.9571,130.09,3.41634
-2.96569,568.147,29.0286,150.438,3.50178
0.752842,581.478,33.8111,170.59,3.95218
-0.67228,594.996,32.9364,167.874,3.76962
-3.19856,527.918,26.7528,138.881,3.4762
-4.52278,514.257,24.8666,130.359,3.33599
-4.12022,524.443,25.7244,134.454,3.3777
0.914094,567.27,33.1681,167.156,3.97369
-4.19034,502.664,24.5948,128.617,3.37038
-0.329897,559.035,31.3149,159.218,3.81228
-0.101845,558.544,31.5351,160.077,3.84111
-4.96866,597.382,28.4308,149.541,3.29068
-0.348686,553.536,30.9867,157.571,3.80992
-3.3608,512.999,25.8484,134.346,3.45855
0.527712,565.911,32.6522,165.006,3.92245
-2.51238,510.003,26.4763,136.756,3.55238
-4.14094,514.357,25.2111,131.791,3.37554
-1.82701,582.016,30.9486,159.062,3.63101
0.297877,548.315,31.3875,158.874,3.89245
0.0530405,566.101,32.1331,162.932,3.86088
-0.131725,593.288,33.4621,169.895,3.83731
-4.64509,594.993,28.6456,150.307,3.32347
1.26346,506.992,30.001,150.822,4.02092
1.1392,530.782,31.2753,157.366,4.00402
-2.30534,569.364,29.7733,153.554,3.57586
1.17115,564.463,33.2963,167.497,4.00836
-4.13043,540.906,26.5223,138.635,3.37663
-4.05078,521.142,25.6255,133.868,3.38498
-3.4432,553.634,27.8148,144.654,3.44964
-4.05157,538.478,26.4772,138.318,3.38489
-4.64118,561.879,27.0551,141.958,3.32387
1.56103,594.683,35.5502,178.345,4.06184
0.518689,553.502,31.9262,161.348,3.92126
0.0452884,571.604,32.4368,164.481,3.85988
-0.305641,529.84,29.7044,151.003,3.81533
-3.16888,502.603,25.4966,132.331,3.47945
-1.38575,565.947,30.561,156.569,3.68305
-0.198925,562.341,31.6431,160.736,3.82879
0.126734,541.331,30.8054,156.118,3.87034
0.965517,554.92,32.5033,163.746,3.98059
0.472829,554.38,31.9264,161.402,3.91525
-3.60703,586.334,29.2876,152.498,3.43202
-0.891085,587.57,32.2793,164.783,3.74274
-0.377863,588.697,32.9217,167.445,3.80626
-4.68141,569.55,27.3852,143.733,3.31976
-2.62854,588.462,30.4251,157.286,3.5393
-2.10153,575.05,30.2861,155.967,3.5992
-4.24498,551.695,26.9415,140.946,3.36469
-0.97735,545.474,29.877,152.614,3.73223
-0.705589,543.052,30.0263,153.078,3.76551
-0.356094,542.179,30.3432,154.306,3.80899
-2.61556,513.166,26.5442,137.21,3.54076
0.290547,512.191,29.3122,148.378,3.8915
-2.31986,560.937,29.3178,151.221,3.5742
-0.00237814,572.145,32.4141,164.422,3.85378
1.68958,592.294,35.5633,178.25,4.07972
-2.19638,527.371,27.6829,142.66,3.58831
-0.723743,513.092,28.3519,144.56,3.76328
1.4677,586.967,34.9771,175.585,4.04894
-4.83582,530.65,25.3748,133.335,3.30408
-3.85897,561.54,27.8003,145.023,3.40519
1.7931,519.283,31.2899,156.717,4.09421
0.294933,586.436,33.5662,169.906,3.89206
0.442094,540.603,31.1001,157.259,3.91123
-2.31683,536.123,28.0238,144.543,3.57455
-0.167412,589.237,33.1927,168.57,3.83278
-3.62869,596.594,29.7773,155.072,3.4297
0.547518,559.182,32.2859,163.132,3.92505
-0.640016,554.159,30.7101,156.491,3.77361
-2.14212,560.851,29.4963,151.945,3.59453
1.89717,566.115,34.2332,171.333,4.10885
-4.25816,567.424,27.6967,144.911,3.36332
1.30415,567.541,33.6308,169.021,4.02648
1.07497,573.087,33.6937,169.611,3.99533
-1.53714,500.469,26.883,137.876,3.66507
-4.78313,579.684,27.7716,145.872,3.30942
-4.4809,535.494,25.9321,135.903,3.34029
-0.752095,508.436,28.067,143.137,3.75978
1.13581,535.773,31.5657,158.831,4.00356
-2.78328,527.51,27.1258,140.389,3.52201
-4.10034,583.318,28.6324,149.631,3.37978
1.22662,574.744,33.9672,170.805,4.0159
0.831925,530.667,30.9405,156.02,3.96271
-3.27381,562.689,28.4393,147.717,3.468
-3.801,515.599,25.5783,133.375,3.41134
-3.69801,504.295,25.1088,130.827,3.4223
-0.13131,599.347,33.8043,171.632,3.83736
1.47386,562.435,33.5223,168.275,4.04979
-4.90611,586.456,27.9732,147.065,3.29698
0.59966,568.58,32.8874,166.11,3.93191
-1.13885,568.271,30.9514,158.287,3.71266
-3.52417,510.725,25.5858,133.141,3.44092
-0.222605,560.315,31.5032,160.053,3.8258
-0.826193,562.421,30.9673,158.012,3.75069
0.879427,599.818,35.0295,176.579,3.96905
-0.237469,598.582,33.6375,170.914,3.82392
-2.59683,537.232,27.8073,143.72,3.54287
-4.25974,509.749,24.8801,130.175,3.36316
0.992489,512.091,30.0225,151.219,3.98421
0.946187,505.47,29.5873,149.076,3.97799
-2.29534,525.192,27.4731,141.681,3.577
-1.18545,538.417,29.2778,149.778,3.70704
1.36294,541.053,32.1257,161.39,4.03453
-3.86597,594.506,29.425,153.506,3.40445
-3.76362,554.364,27.5378,143.552,3.41531
-4.72189,508.694,24.4239,128.229,3.31564
1.06688,502.675,29.5458,148.74,3.99424
-1.23522,563.735,30.6015,156.606,3.70106
-1.0701,519.435,28.3592,144.958,3.72097
-4.92349,504.974,24.0716,126.57,3.29523
-0.360108,545.887,30.5465,155.345,3.80849
-3.9345,519.343,25.6425,133.841,3.39721
-1.11284,549.58,29.9605,153.19,3.7158
0.372217,586.075,33.635,170.161,3.90211
-2.73058,563.931,29.0524,150.302,3.52788
-4.51675,540.309,26.1319,136.987,3.33661
-0.440454,583.546,32.563,165.695,3.79843
-3.24154,543.227,27.4869,142.737,3.47151
-4.33284,544.601,26.5123,138.791,3.35557
-0.774683,568.455,31.3556,159.934,3.75701
-0.101211,573.57,32.3841,164.386,3.84119
1.31852,564.027,33.439,168.04,4.02845
-0.964517,515.205,28.2317,144.197,3.73379
1.61099,535.237,32.0512,160.735,4.06878
-2.55215,531.186,27.5375,142.279,3.54789
-1.21352,516.177,28.0411,143.48,3.70367
-0.293777,559.397,31.3744,159.479,3.81682
-2.49385,568.781,29.5469,152.596,3.55447
-3.82918,569.618,28.23,147.232,3.40835
-2.57272,554.238,28.7118,148.369,3.54558
-4.1391,524.568,25.7133,134.415,3.37573
-2.79163,584.443,30.0446,155.505,3.52108
1.6518,576.262,34.5561,173.247,4.07446
-2.27524,545.485,28.5547,147.237,3.57929
0.230185,522.5,29.84,151.114,3.88368
-3.78286,594.468,29.5098,153.854,3.41326
0.636512,564.586,32.6979,165.11,3.93677
-2.92668,581.834,29.7687,154.229,3.50609
1.80105,517.974,31.2195,156.355,4.09532
-2.77529,535.097,27.5237,142.44,3.5229
-2.86284,550.51,28.2294,146.186,3.51316
-0.0570823,560.165,31.6755,160.738,3.8468
-3.67132,599.409,29.8728,155.618,3.42515
-1.49154,523.718,28.1766,144.463,3.67047
-1.9437,551.651,29.2146,150.277,3.61744
-1.96546,529.206,28.0046,144.076,3.61491
-1.75054,554.458,29.5621,151.852,3.63995
-1.42194,531.997,28.6915,147.029,3.67874
0.989629,503.681,29.5265,148.724,3.98383
-0.516893,523.393,29.1292,148.303,3.78889
-4.41474,527.175,25.5894,134.041,3.34711
1.17619,592.473,34.9545,175.833,4.00904
0.878862,528.147,30.8433,155.478,3.96898
1.33731,555.466,32.9526,165.574,4.03102
-1.4001,558.018,30.1178,154.314,3.68134
-3.44477,598.77,30.0808,156.44,3.44947
-4.97816,537.869,25.5897,134.607,3.28972
-2.24428,513.183,26.893,138.637,3.58283
-3.32641,505.611,25.5071,132.538,3.46228
-1.29779,512.853,27.7789,142.225,3.69355
-0.905154,557.233,30.5977,156.215,3.74103
-2.66115,568.057,29.3364,151.694,3.53565
0.9524,584.769,34.2362,172.492,3.97883
-3.94747,587.875,29.0129,151.448,3.39584
-2.96582,528.68,27.0119,139.987,3.50176
-3.45438,516.154,25.9216,134.819,3.44843
-2.80759,514.926,26.4561,136.947,3.5193
-0.627492,504.749,27.9841,142.587,3.77516
-1.52309,517.874,27.8315,142.727,3.66673
-0.383689,542.294,30.3206,154.222,3.80553
-2.76756,555.666,28.5894,147.947,3.52376
-2.85403,539.99,27.6985,143.427,3.51414
-1.75431,556.487,29.6664,152.391,3.63951
-0.64012,558.426,30.9465,157.695,3.7736
-1.90307,578.375,30.6734,157.734,3.62215
-3.83063,571.073,28.3006,147.602,3.40819
1.08222,503.925,29.6348,149.171,3.99631
-3.72473,545.103,27.1151,141.308,3.41945
0.380446,527.031,30.255,153.052,3.90318
-0.790776,515.749,28.4325,145.041,3.75503
-0.371498,535.971,29.9798,152.475,3.80706
-0.40468,548.69,30.656,155.951,3.8029
1.0038,597.55,35.0463,176.509,3.98574
-3.09216,578.333,29.4177,152.596,3.48785
-4.83322,558.72,26.7195,140.398,3.30434
-2.5684,584.82,30.3007,156.574,3.54606
-2.71863,512.087,26.3926,136.53,3.52922
-3.76158,570.426,28.3377,147.72,3.41553
-4.62182,599.258,28.8748,151.484,3.32584
-0.677607,563.61,31.1932,158.995,3.76897
-1.3014,540.143,29.2534,149.778,3.69312
1.71576,576.369,34.638,173.58,4.08338
-3.40988,533.549,26.8373,139.536,3.45324
-0.990899,528.624,28.9404,147.845,3.73058
1.33424,509.991,30.2517,152.006,4.0306
-2.89372,586.734,30.0542,155.671,3.50974
-2.10829,517.398,27.2433,140.304,3.59842
-0.122262,560.832,31.6419,160.642,3.83851
-0.950569,585.433,32.0955,163.915,3.73549
-3.24979,525.974,26.6061,138.171,3.47062
0.00386811,578.392,32.7751,166.246,3.85458
-4.19679,521.799,25.5253,133.489,3.36971
-3.28415,580.358,29.3216,152.312,3.46687
1.11114,505.405,29.7513,149.728,4.00022
1.4975,589.686,35.175,176.542,4.05305
-2.85328,578.871,29.6937,153.758,3.51422
0.63451,569.435,32.9764,166.518,3.93651
-3.40273,586.883,29.5274,153.515,3.45401
0.366247,576.123,33.0571,167.244,3.90133
1.53999,555.036,33.1562,166.36,4.05893
1.11686,569.797,33.5484,168.83,4.001
0.500486,575.555,33.1775,167.693,3.91887
-2.74432,529.961,27.2892,141.194,3.52635
-0.148493,524.08,29.5416,150.007,3.83518
1.38575,517.606,30.7576,154.492,4.03766
-2.23224,545.218,28.5838,147.341,3.5842
-2.57725,536.082,27.7668,143.49,3.54507
-0.844758,558.516,30.7325,156.835,3.74841
-2.06361,513.249,27.0671,139.352,3.60357
-1.39546,583.602,31.5037,161.41,3.68189
-1.69407,575.78,30.7595,157.937,3.64657
1.55839,597.31,35.704,179.12,4.06148
-2.39089,532.098,27.7413,143.163,3.56613
-3.26068,554.069,28.0166,145.508,3.46943
-1.92936,598.321,31.702,163.055,3.6191
-2.86699,517.895,26.5531,137.509,3.5127
0.66046,585.639,33.9451,171.378,3.93994
0.983576,536.106,31.4208,158.272,3.98302
-0.533707,536.16,29.8224,151.851,3.7868
0.793691,558.986,32.5489,164.175,3.95761
-4.7254,563.481,27.051,142.025,3.31528
-0.347255,536.382,30.0279,152.694,3.8101
-1.54192,591.409,31.7626,162.908,3.6645
-4.43366,568.546,27.579,144.483,3.34516
-3.14981,545.279,27.6801,143.643,3.48153
-1.26063,563.085,30.5392,156.316,3.69801
0.245924,506.694,28.9531,146.606,3.88571
0.26785,563.84,32.2428,163.239,3.88855
-2.99801,503.536,25.6981,133.209,3.49821
-1.41644,596.203,32.1604,164.799,3.67939
-2.26518,571.936,29.95,154.42,3.58044
-1.87376,576.57,30.609,157.37,3.62556
-4.73724,578.913,27.7801,145.866,3.31408
0.219367,527.335,30.1049,152.467,3.88228
-1.45864,518.99,27.9543,143.289,3.67437
-3.24209,543.456,27.4979,142.795,3.47145
-3.21349,569.277,28.8335,149.699,3.47457
-4.69404,538.913,25.9004,135.953,3.31847
0.877008,543.749,31.7524,160.063,3.96873
-1.52125,504.084,27.0922,138.933,3.66695
-1.02584,506.298,27.6845,141.464,3.72634
-3.56093,533.324,26.6832,138.89,3.43697
-4.14362,568.841,27.879,145.74,3.37526
0.616943,507.598,29.3776,148.365,3.93419
-1.3155,590.266,31.9523,163.614,3.69144
-0.874939,535.737,29.4482,150.314,3.74472
0.505043,545.137,31.429,158.851,3.91947
0.862249,598.095,34.9082,175.99,3.96675
-3.74788,539.854,26.8319,139.856,3.41698
1.68656,546.059,32.7838,164.322,4.0793
-3.09664,532.417,27.0779,140.463,3.48736
-3.27282,530.631,26.8199,139.305,3.46811
-0.855313,569.557,31.3286,159.889,3.74712
-3.97083,598.53,29.5143,154.092,3.39338
1.61946,537.955,32.2233,161.589,4.06996
0.515394,537.171,30.9808,156.574,3.92083
-2.36488,592.439,30.9154,159.514,3.56908
0.406142,515.889,29.6416,149.922,3.90653
-0.815156,517.842,28.5237,145.532,3.75204
0.539429,550.625,31.783,160.601,3.92398
-4.75606,588.941,28.2423,148.314,3.31217
-3.59173,570.104,28.4924,148.34,3.43366
-2.00063,508.285,26.8645,138.245,3.61084
1.09366,581.065,34.1847,172.06,3.99786
-2.10863,596.369,31.4011,161.718,3.59838
-2.44082,549.665,28.607,147.685,3.56047
-4.48754,596.969,28.9023,151.476,3.33961
-0.853263,533.47,29.3457,149.767,3.74737
-2.42946,596.344,31.0488,160.277,3.56175
-2.37031,576.519,30.0789,155.204,3.56846
-2.99922,521.023,26.5895,137.831,3.49808
-2.33672,584.836,30.5488,157.59,3.57228
-1.17322,590.039,32.0986,164.194,3.70852
-1.34262,509.851,27.5732,141.218,3.68819
-3.80188,561.051,27.8323,145.128,3.41124
-0.329591,588.676,32.9756,167.661,3.81232
-2.82929,506.002,25.9777,134.492,3.51689
-4.95073,528.092,25.1492,132.263,3.29248
-0.633819,543.08,30.1026,153.388,3.77438
-1.37691,552.593,29.8491,152.912,3.6841
-3.0735,510.998,26.0097,134.899,3.4899
1.88485,582.445,35.2059,176.217,4.10711
1.05584,548.004,32.1979,162.103,3.99275
0.879912,584.144,34.1147,171.967,3.96912
-3.01652,521.529,26.599,137.898,3.49617
-1.72363,581.769,31.0474,159.45,3.6431
1.80792,567.885,34.2358,171.454,4.09629
-1.77387,554.318,29.5306,151.715,3.63722
-4.45342,503.05,24.3848,127.768,3.34312
1.4506,545.344,32.4778,163.058,4.04658
-1.57691,544.484,29.2068,149.838,3.66037
-3.16387,526.358,26.7063,138.604,3.47999
-3.55177,580.429,29.0494,151.195,3.43795
-4.7337,566.025,27.1651,142.633,3.31444
-2.45176,552.089,28.7222,148.291,3.55923
-3.56458,556.424,27.8354,144.891,3.43657
-3.67563,567.222,28.2643,147.244,3.42469
-0.356203,582.546,32.6022,165.794,3.80898
-4.09055,560.554,27.5246,143.831,3.38081
-3.73947,579.314,28.8018,150.115,3.41788
0.726164,560.487,32.5607,164.312,3.94864
-1.16602,577.748,31.4378,160.806,3.70938
-4.24043,584.775,28.5616,149.416,3.36516
-2.04912,585.059,30.8698,158.913,3.60524
0.844707,581.783,33.9357,171.108,3.96441
-0.0541867,575.918,32.5696,165.272,3.84717
1.05118,551.736,32.4119,163.186,3.99212
-2.5513,514.508,26.6737,137.815,3.54799
-4.55501,549.624,26.5463,139.198,3.33268
0.192373,578.389,32.9888,167.105,3.87879
-2.99444,561.376,28.6536,148.526,3.4986
-1.36469,599.032,32.3713,165.818,3.68556
-4.69701,522.859,25.1262,131.892,3.31817
-0.108132,540.139,30.4893,154.775,3.84031
-0.327229,502.932,28.1748,143.25,3.81262
-1.85411,510.408,27.1152,139.387,3.62785
-0.985496,527.071,28.8608,147.432,3.73124
-0.97223,566.638,31.0417,158.558,3.73285
1.81803,506.644,30.5543,153.006,4.09771
0.996768,560.62,32.8724,165.569,3.98479
-2.69237,568.461,29.3251,151.671,3.53215
-0.197958,589.029,33.1459,168.369,3.82892
-4.94459,575.171,27.3972,144.079,3.2931
-3.26933,500.3,25.29,131.355,3.46849
-2.66241,558.926,28.8636,149.251,3.53551
-0.583943,555.226,30.8291,157.034,3.78056
-3.63616,560.012,27.9441,145.533,3.4289
-3.24056,504.39,25.5226,132.536,3.47162
0.223556,529.181,30.2147,153.019,3.88282
-2.18785,538.525,28.2768,145.711,3.58929
-2.43872,547.921,28.5184,147.225,3.5607
-4.3676,562.566,27.353,143.229,3.35198
-2.85354,565.572,29.0113,150.224,3.51419
-4.52094,552.34,26.7098,140.02,3.33618
1.93191,588.618,35.6362,178.312,4.11376
-1.2184,565.382,30.7089,157.137,3.70308
-0.24466,506.537,28.4579,144.604,3.82302
0.67642,532.79,30.8987,155.981,3.94205
-3.23857,513.205,25.9705,134.859,3.47184
-2.1489,512.81,26.9633,138.904,3.59375
-4.10246,504.44,24.7588,129.39,3.37956
-4.5348,525.646,25.4064,133.201,3.33475
1.9685,580.962,35.2166,176.167,4.11894
-2.32565,548.884,28.682,147.948,3.57354
-4.44665,500.753,24.2792,127.208,3.34382
-2.22976,568.131,29.7876,153.544,3.58449
0.759979,500.482,29.1086,146.857,3.95313
-2.2083,595.536,31.248,161.046,3.58694
-3.78436,514.338,25.5307,133.11,3.41311
-1.88459,586.917,31.1465,160.146,3.6243
-2.43774,538.355,28.0214,144.659,3.56081
1.36637,525.645,31.2145,156.809,4.035
1.45783,514.688,30.6597,153.922,4.04758
-2.09778,573.054,30.185,155.442,3.59963
1.34925,599.706,35.5917,178.819,4.03266
-4.78594,597.371,28.6161,150.311,3.30913
0.74576,540.197,31.4031,158.449,3.95124
0.491094,533.518,30.7444,155.406,3.91764
0.407632,547.795,31.4765,159.201,3.90673
-0.990466,571.568,31.292,159.857,3.73063
-3.82774,503.172,24.9382,130.063,3.4085
1.7845,500.896,30.1731,151.133,4.093
-2.96511,534.765,27.3235,141.601,3.50184
-2.74769,554.399,28.5442,147.691,3.52597
1.84478,574.478,34.6769,173.618,4.10147
1.34868,561.658,33.3329,167.472,4.03258
-1.85294,585.285,31.0943,159.841,3.62799
-3.72096,531.519,26.4429,137.801,3.41985
-1.28287,598.401,32.4295,166.018,3.69534
0.363282,528.857,30.3419,153.511,3.90095
-2.23417,513.802,26.935,138.844,3.58398
-0.62535,514.702,28.538,145.407,3.77543
-3.73148,592.131,29.4473,153.47,3.41873
0.458202,517.08,29.7634,150.482,3.91334
-3.58004,598.921,29.9449,155.889,3.43492
-3.47694,518.025,25.9948,135.223,3.446
1.34509,561.56,33.323,167.426,4.03209
-0.543239,545.067,30.3078,154.333,3.78561
-4.30111,574.767,28.0124,146.609,3.35886
-1.10063,599.54,32.6979,167.172,3.71728
-2.37634,519.708,27.1092,139.886,3.56778
-4.99984,552.417,26.2616,138.164,3.28754
0.00774552,550.781,31.2147,158.326,3.85508
-3.02064,586.952,29.9314,155.179,3.49572
-4.87933,556.744,26.5813,139.72,3.29968
-0.750606,546.414,30.165,153.835,3.75997
1.48232,515.967,30.7616,154.408,4.05096
-4.89105,510.194,24.3487,127.995,3.2985
-0.0685724,503.851,28.4798,144.533,3.84534
-3.63148,580.228,28.9576,150.806,3.42941
-0.222427,519.728,29.2215,148.46,3.82582
-1.03615,583.122,31.8739,162.884,3.72509
-4.80395,572.491,27.4067,143.977,3.30731
-0.0433994,562.589,31.8276,161.494,3.84855
1.24862,598.44,35.3943,177.954,4.0189
1.23221,526.803,31.1399,156.582,4.01666
0.679424,572.932,33.2302,167.747,3.94244
0.045081,595.896,33.815,171.47,3.85986
-1.17912,598.985,32.5786,166.656,3.70781
-2.6428,513.304,26.5259,137.143,3.53771
1.71382,567.148,34.0817,170.794,4.08311
1.41021,587.79,34.9573,175.557,4.04102
-0.703088,582.623,32.217,164.243,3.76582
0.845393,578.902,33.7685,170.264,3.9645
-2.09371,591.635,31.1681,160.5,3.6001
-2.54458,516.645,26.7908,138.413,3.54875
-4.1446,581.885,28.5173,149.078,3.37515
-0.722398,593.271,32.7838,167.156,3.76344
-2.25777,584.389,30.61,157.815,3.58128
-0.9851,522.945,28.6353,146.28,3.73129
0.488332,552.059,31.8098,160.794,3.91728
-4.46965,532.587,25.8016,135.208,3.34145
-3.34569,523.259,26.3794,137.091,3.46019
-3.27938,524.119,26.4847,137.57,3.46739
-0.660093,510.613,28.2772,144.114,3.77113
-3.13805,522.967,26.5585,137.811,3.48282
-2.53787,564.837,29.2967,151.353,3.5495
1.47697,578.449,34.4805,173.081,4.05022
-2.50726,589.732,30.6209,158.158,3.55295
0.528487,546.98,31.5607,159.49,3.92255
-1.72036,542.181,28.938,148.613,3.64348
-1.11173,561.281,30.5995,156.456,3.71594
-2.57875,596.785,30.9094,159.732,3.5449
-3.83142,559.359,27.7193,144.571,3.40811
-2.90263,504.665,25.8423,133.863,3.50875
0.625395,523.659,30.316,153.094,3.9353
-4.83646,544.126,26.0186,136.718,3.30401
-1.19537,512.658,27.8675,142.574,3.70585
-3.54166,576.891,28.8826,150.316,3.43904
-3.96943,549.868,27.1161,141.569,3.39353
-2.49194,570.439,29.635,153.049,3.55468
-3.79718,595.962,29.569,154.179,3.41174
0.544404,512.47,29.5857,149.492,3.92464
-2.2705,597.823,31.2997,161.386,3.57983
-2.35567,548.703,28.6424,147.776,3.57013
-3.25614,538.342,27.2257,141.395,3.46992
-2.17418,523.929,27.5236,141.816,3.59085
-0.275475,573.637,32.1934,163.621,3.81913
1.84311,560.849,33.8522,169.491,4.10123
-1.74435,512.221,27.316,140.308,3.64067
0.57764,519.065,30.0007,151.554,3.92901
1.31021,519.174,30.7711,154.642,4.02731
-2.41878,505.618,26.335,135.933,3.56296
-4.73488,556.066,26.686,140.119,3.31432
-2.67888,507.485,26.192,135.453,3.53366
-4.72641,516.482,24.7938,130.175,3.31518
-3.96885,575.982,28.4045,148.295,3.39359
-2.54291,572.556,29.6918,153.4,3.54893
-1.07783,533.441,29.116,148.835,3.72004
0.202263,533.188,30.4211,154.088,3.88007
-3.64858,522.827,26.0771,135.823,3.42758
-0.296213,527.488,29.5822,150.372,3.81652
-1.97362,501.058,26.5075,136.381,3.61397
0.957011,585.989,34.3131,172.873,3.97945
-2.0237,535.924,28.3024,145.669,3.60818
0.200482,595.989,34.0021,172.228,3.87984
-1.65879,527.604,28.2206,144.864,3.65072
-1.81894,503.755,26.7947,137.704,3.63195
0.479235,559.846,32.2483,163.022,3.91609
-0.665567,541.951,30.007,152.936,3.77045
-0.979503,557.225,30.5183,155.893,3.73197
-4.39866,590.453,28.6773,150.198,3.34877
1.74213,580.627,34.9254,174.988,4.08707
-4.27737,529.894,25.8472,135.253,3.36132
0.210059,588.328,33.5762,170.059,3.88108
-1.30207,524.2,28.3893,145.355,3.69304
-4.97166,528.572,25.1533,132.305,3.29037
-1.28388,583.89,31.642,161.988,3.69522
-4.72712,580.638,27.8729,146.342,3.31511
0.252627,539.339,30.8255,156.08,3.88658
0.945438,557.774,32.648,164.498,3.97789
1.82786,575.411,34.7131,173.82,4.09909
-1.12696,574.167,31.2854,159.981,3.7141
0.0991767,577.249,32.8181,166.351,3.86679
-2.15945,552.9,29.0605,149.719,3.59254
-0.95336,560.751,30.7393,156.992,3.73515
1.36832,524.972,31.1767,156.617,4.03527
-2.76607,557.441,28.6823,148.426,3.52392
1.17533,598.994,35.3383,177.764,4.00893
0.113119,544.201,30.9541,156.887,3.86859
-1.88315,513.087,27.2299,140.006,3.62447
1.22415,586.994,34.6883,174.434,4.01557
1.28657,553.681,32.7897,164.814,4.02408
1.88908,592.227,35.8023,179.197,4.10771
-1.31174,590.46,31.967,163.684,3.69189
0.155712,502.203,28.6073,144.949,3.87407
0.209708,535.855,30.5811,154.89,3.88103
-0.429911,568.407,31.7298,161.443,3.79974
-2.08843,510.119,26.8787,138.407,3.60071
-1.84773,572.523,30.4218,156.378,3.62859
-0.961456,597.904,32.7668,167.357,3.73416
-4.61145,528.6,25.4796,133.661,3.3269
-3.60922,591.027,29.5198,153.709,3.43179
-4.45255,524.255,25.4134,133.157,3.34321
-2.99972,511.798,26.1182,135.388,3.49802
-3.10634,537.422,27.3231,141.745,3.4863
-4.44499,579.676,28.1075,147.264,3.34399
-0.403006,561.37,31.3662,159.562,3.80311
-3.53265,515.875,25.836,134.452,3.44
-0.343555,522.207,29.2381,148.673,3.81057
1.17428,527.558,31.1227,156.559,4.00878
1.21875,598.946,35.388,177.96,4.01483
0.384127,581.155,33.3664,168.787,3.90366
-3.65357,565.12,28.1816,146.789,3.42704
-3.44704,512.097,25.7245,133.787,3.44923
-0.728209,526.538,29.0903,148.33,3.76272
-3.48671,515.159,25.8421,134.438,3.44495
-0.602261,577.68,32.0555,163.302,3.77829
1.41491,598.503,35.6002,178.78,4.04167
-2.41772,550.949,28.6971,148.125,3.56308
0.284067,540.245,30.9108,156.477,3.89065
-3.47099,530.546,26.6287,138.514,3.44664
-4.15754,504.031,24.6905,129.085,3.3738
0.509097,593.867,34.2432,173.069,3.92
1.17121,595.554,35.1303,176.723,4.00837
-2.13727,509.843,26.8183,138.145,3.59509
-0.724804,535.676,29.5987,150.919,3.76314
0.0817097,505.316,28.7112,145.552,3.86455
-0.274273,572.056,32.106,163.176,3.81928
-1.96953,585.97,31.0041,159.512,3.61444
0.0931267,541.085,30.7557,155.903,3.86602
1.66455,560.687,33.6367,168.623,4.07623
-2.53869,577.656,29.9607,154.784,3.54941
1.52714,512.486,30.601,153.553,4.05715
0.12589,565.885,32.2017,163.195,3.87023
-1.73742,511.997,27.3107,140.273,3.64148
-0.492968,501.322,27.924,142.143,3.79187
0.993345,595.22,34.8971,175.771,3.98433
-2.78874,548.758,28.213,146.021,3.5214
-1.59262,529.587,28.3921,145.675,3.65851
0.0828005,510.13,28.9858,146.943,3.86469
-4.3109,590.981,28.7926,150.703,3.35785
-2.73752,503.596,25.9378,134.195,3.52711
-0.0019109,501.105,28.3899,144.009,3.85384
0.93532,552.467,32.3261,162.888,3.97654
0.858888,524.675,30.6195,154.372,3.96631
0.178379,515.898,29.4104,148.994,3.87699
1.0385,588.049,34.5301,173.867,3.99041
0.348722,572.695,32.8405,166.169,3.89905
0.729224,584.52,33.9604,171.372,3.94904
-0.235691,531.17,29.8511,151.673,3.82415
-4.06545,597.882,29.3836,153.517,3.38344
-1.26175,585.197,31.7373,162.449,3.69787
-0.378648,514.806,28.7888,146.425,3.80616
-1.58817,549.387,29.4582,151.14,3.65904
-1.29908,519.918,28.1603,144.179,3.6934
-3.37,520.386,26.2121,136.245,3.45756
-2.92313,508.71,26.0307,134.859,3.50648
-3.24262,560.178,28.3435,147.186,3.4714
-3.04098,547.839,27.9169,144.756,3.49348
-3.16496,549.334,27.871,144.65,3.47988
1.81573,583.04,35.1588,176.066,4.09739
-0.177056,513.27,28.9037,146.798,3.83156
1.76393,532.716,32.0674,160.644,4.09012
0.330078,543.49,31.1458,157.615,3.89663
-3.72172,527.323,26.2334,136.71,3.41977
-1.00981,579.235,31.6904,161.915,3.72828
0.0731392,512.358,29.1027,147.545,3.86345
1.97528,518.865,31.4596,157.366,4.1199
-0.204551,527.008,29.6491,150.614,3.82808
-3.82476,578.283,28.6638,149.49,3.40882
-4.81291,574.867,27.5116,144.538,3.3064
-2.85448,514.051,26.3676,136.536,3.51409
-2.53158,569.19,29.529,152.546,3.55021
-4.93133,520.35,24.7977,130.395,3.29444
0.848109,586.339,34.2055,172.464,3.96487
-1.52313,545.778,29.3311,150.417,3.66673
-0.177469,592.68,33.375,169.508,3.83151
-2.95512,566.054,28.9324,149.927,3.50294
-4.19674,531.112,25.9809,135.871,3.36971
-4.35043,548.13,26.6674,139.621,3.35375
-1.05889,548.648,29.9658,153.158,3.72233
-1.64932,534.541,28.601,146.807,3.65183
-3.74374,577.446,28.7045,149.613,3.41742
-1.80301,549.852,29.2628,150.371,3.63381
-2.72645,584.963,30.1403,155.925,3.52834
-2.8382,577.587,29.6436,153.481,3.5159
-0.572637,587.662,32.6429,166.259,3.78196
0.344013,560.127,32.1147,162.502,3.89844
-1.16134,577.525,31.4308,160.764,3.70995
-4.29943,501.691,24.4523,127.975,3.35904
-0.100215,584.718,33.0147,167.585,3.84131
0.164317,557.565,31.7704,160.965,3.87517
-0.590966,534.7,29.6822,151.199,3.77969
-3.32295,553.135,27.908,145.01,3.46266
-0.744657,566.391,31.2743,159.485,3.7607
-0.293492,501.861,28.1477,143.077,3.81686
0.00902069,520.967,29.5263,149.761,3.85524
-4.4643,583.907,28.2932,148.259,3.342
-3.95606,505.876,24.9585,130.292,3.39494
-1.76723,543.138,28.9417,148.683,3.638
-1.44405,510.824,27.5284,141.092,3.67611
-1.49322,544.728,29.3052,150.252,3.67027
-0.997412,585.788,32.0627,163.803,3.72979
-0.537278,583.204,32.435,165.158,3.78636
0.903,513.236,29.9974,151.188,3.9722
-0.520611,590.205,32.8433,167.218,3.78843
1.50576,587.908,35.0789,176.049,4.05419
-4.36618,593.147,28.8414,151.021,3.35212
0.182094,550.079,31.363,158.881,3.87747
-3.35416,549.053,27.6715,143.815,3.45927
-1.64789,578.502,30.9548,158.887,3.652
-1.26439,597.128,32.3813,165.749,3.69756
0.227152,555.012,31.6935,160.504,3.88329
-4.92442,529.27,25.229,132.656,3.29513
-1.82496,580.979,30.8957,158.787,3.63125
-3.8415,535.702,26.5375,138.417,3.40704
-4.25759,534.029,26.0672,136.384,3.36338
1.67325,594.485,35.6749,178.83,4.07744
-4.66654,539.611,25.9594,136.234,3.32128
-1.27851,556.295,30.1522,154.355,3.69587
-1.56965,534.229,28.6639,147.045,3.66122
0.226208,505.092,28.8419,146.064,3.88316
-2.47552,573.681,29.8206,153.989,3.55654
-2.70956,543.943,28.0434,145.059,3.53023
-4.7169,548.594,26.3442,138.306,3.31615
0.31792,516.509,29.5872,149.741,3.89505
-4.91856,584.779,27.8808,146.593,3.29572
-3.19299,577.997,29.2963,152.079,3.47681
-4.16084,593.395,29.0646,151.958,3.37346
0.949949,577.67,33.8178,170.386,3.9785
1.90234,560.104,33.8757,169.538,4.10958
-0.11181,503.45,28.4147,144.247,3.83984
-0.994357,585.352,32.0423,163.695,3.73016
1.87794,596.937,36.0733,180.567,4.10614
-3.26645,584.574,29.553,153.494,3.4688
-2.47685,516.61,26.8527,138.665,3.55639
-4.99688,527.13,25.0621,131.85,3.28784
1.3761,515.071,30.5968,153.695,4.03634
-1.37364,559.716,30.2373,154.897,3.68449
0.309007,592.756,33.9444,171.803,3.89389
-2.12175,570.749,30.0383,154.714,3.59687
-0.0767418,510.24,28.8328,146.334,3.8443
0.593775,589.098,34.0673,172.077,3.93114
1.3088,577.738,34.2404,172.079,4.02712
0.18081,561.128,31.9916,162.067,3.8773
-2.11502,550.128,28.9599,149.152,3.59765
1.83484,583.205,35.1917,176.208,4.10007
-1.78289,578.664,30.8179,158.339,3.63616
-1.36842,594.816,32.1393,164.634,3.68511
-4.64248,580.882,27.9688,146.753,3.32373
-0.954716,523.75,28.7096,146.628,3.73498
1.88663,587.577,35.5182,177.778,4.10737
-3.02503,522.534,26.6423,138.131,3.49523
-1.42343,543.22,29.2953,150.125,3.67856
-4.06902,583.046,28.6509,149.693,3.38306
-2.03839,506.108,26.7141,137.509,3.60648
-1.19324,564.188,30.6709,156.914,3.70611
1.75868,562.081,33.8289,169.475,4.08938
-0.511685,531.501,29.5858,150.622,3.78954
-1.22149,592.379,32.1718,164.626,3.70271
-4.44003,534.467,25.92,135.798,3.3445
-3.93789,568.331,28.0579,146.452,3.39685
1.34265,508.802,30.1898,151.687,4.03175
-4.8831,572.674,27.3382,143.702,3.2993
-2.48931,594.065,30.8652,159.399,3.55498
0.517968,509.932,29.4124,148.644,3.92117
-2.594,539.296,27.9169,144.283,3.54318
-4.7225,559.875,26.8806,141.128,3.31558
-3.85983,594.779,29.4449,153.603,3.4051
-4.58781,577.003,27.8362,145.998,3.32932
1.85741,566.422,34.2053,171.242,4.10325
-2.3211,526.639,27.5239,141.969,3.57406
-3.68129,501.699,24.9944,130.214,3.42408
0.369774,540.724,31.0297,156.983,3.90179
-1.98445,592.576,31.3372,161.243,3.61272
-2.95613,568.379,29.0502,150.539,3.50283
1.58919,504.907,30.2124,151.537,4.06575
1.03647,523.416,30.7327,154.748,3.99014
-4.81999,580.619,27.7799,145.955,3.30568
-0.524719,564.234,31.3937,159.841,3.78792
1.80661,511.775,30.8518,154.508,4.0961
0.739999,508.311,29.5436,149.073,3.95047
-3.37094,559.964,28.2047,146.604,3.45745
-2.4635,582.812,30.308,156.492,3.5579
0.893843,515.118,30.0978,151.704,3.97098
-1.1063,524.964,28.625,146.355,3.71659
-4.67613,592.971,28.5167,149.665,3.3203
-0.343143,585.846,32.8017,166.793,3.81062
-0.513646,509.86,28.3792,144.482,3.7893
-4.96072,536.051,25.5191,134.218,3.29148
-0.830572,529.378,29.1435,148.711,3.75015
1.11319,511.85,30.1328,151.645,4.0005
-2.74075,599.388,30.868,159.707,3.52675
0.710324,569.378,33.0591,166.847,3.94654
-4.48825,535.662,25.9334,135.917,3.33953
-3.87158,544.83,26.9609,140.658,3.40386
-2.37232,591.57,30.862,159.247,3.56824
-2.17224,502.004,26.3736,135.889,3.59108
0.891899,599.877,35.0479,176.657,3.97072
-3.72293,506.484,25.1956,131.303,3.41964
0.413257,538.895,30.9711,156.638,3.90746
0.969454,583.876,34.204,172.309,3.98112
-1.29946,552.757,29.9386,153.284,3.69336
-1.85986,582.661,30.9474,159.093,3.62718
-0.676237,571.036,31.6057,161.096,3.76913
-0.316553,539.201,30.2178,153.625,3.81396
-4.06708,503.463,24.7419,129.267,3.38327
1.35879,592.277,35.1623,176.65,4.03396
-1.95588,569.237,30.1331,155.015,3.61602
1.9429,563.572,34.1326,170.775,4.11531
-3.85776,556.002,27.5273,143.597,3.40532
-1.06133,570.258,31.1434,159.18,3.72203
-0.585976,535.263,29.7186,151.379,3.78031
-2.42182,592.726,30.8687,159.339,3.56262
-2.41675,581.024,30.2646,156.215,3.56319
-2.73154,569.071,29.3162,151.668,3.52778
-0.730004,564.123,31.1649,158.91,3.7625
-3.43701,594.866,29.8929,155.454,3.45031
-2.8423,528.106,27.1001,140.317,3.51544
0.988969,593.686,34.802,175.297,3.98374
-2.9777,546.048,27.8876,144.538,3.50045
-4.86514,570.736,27.2632,143.289,3.30111
1.0498,582.527,34.2192,172.287,3.99194
-4.50864,586.315,28.3652,148.685,3.33744
0.21463,504.845,28.8163,145.946,3.88167
-2.24454,517.343,27.1107,139.76,3.5828
-4.08648,507.572,24.9266,130.251,3.38123
-3.6366,582.413,29.0614,151.353,3.42886
-0.269502,599.655,33.6605,171.07,3.81988
-0.303555,523.953,29.3765,149.334,3.81559
-1.12383,514.368,28.0301,143.332,3.71447
-1.03588,524.911,28.6923,146.624,3.72512
-2.88755,569.2,29.1625,151.045,3.51042
-2.84906,539.648,27.6859,143.356,3.51469
-1.09624,564.946,30.8159,157.545,3.71781
-3.72224,593.964,29.5481,153.985,3.41971
-4.64614,535.581,25.7843,135.295,3.32336
-2.97727,521.601,26.6395,138.068,3.5005
1.11461,591.955,34.8503,175.385,4.00069
-2.51491,557.939,28.9622,149.6,3.55209
-1.86755,518.06,27.5088,141.424,3.62629
1.13094,580.15,34.1745,171.964,4.00291
-4.20981,591.801,28.9362,151.341,3.36835
-2.51814,586.874,30.4608,157.344,3.55173
-1.44589,559.431,30.1459,154.509,3.67589
-0.317576,573.259,32.1253,163.324,3.81383
1.27783,502.467,29.7478,149.534,4.02289
0.699388,556.061,32.2738,162.896,3.94509
0.753204,549.371,31.9445,161.173,3.95223
-3.22154,588.957,29.8218,154.839,3.4737
-4.97262,557.55,26.5313,139.554,3.29028
-4.20559,599.117,29.2983,153.231,3.36879
-2.65982,551.996,28.5083,147.411,3.5358
0.439216,510.096,29.3422,148.373,3.91085
0.946773,598.32,35.0228,176.462,3.97807
-1.97469,563.68,29.8193,153.422,3.61385
-4.53049,554.053,26.7835,140.417,3.3352
1.53809,524.295,31.3178,157.138,4.05867
-4.18034,551.895,27.0132,141.253,3.37142
-2.46429,552.478,28.7298,148.344,3.55781
-4.7404,504.026,24.1838,126.986,3.31376
0.407206,564.53,32.4376,164.062,3.90667
1.53408,544.532,32.5222,163.186,4.05811
-2.63437,580.064,29.9847,155.016,3.53865
1.31763,518.188,30.7204,154.38,4.02833
-2.61219,518.586,26.8277,138.672,3.54114
1.27268,517.69,30.6437,154.043,4.02218
-4.71231,568.42,27.3008,143.323,3.31661
-0.437973,580.585,32.4006,164.866,3.79874
-0.281438,592.314,33.2347,168.921,3.81838
1.42852,525.654,31.2815,157.077,4.04354
-2.57479,572.143,29.6372,153.153,3.54534
-1.9641,575.069,30.433,156.568,3.61507
-0.16079,556.766,31.3707,159.309,3.83362
0.155074,524.11,29.8545,151.269,3.87398
-1.33254,502.542,27.1875,139.232,3.6894
1.64446,580.559,34.805,174.504,4.07343
-1.39426,560.555,30.2609,155.041,3.68203
0.0414773,546.475,31.0067,157.234,3.85939
-1.88678,519.81,27.5832,141.826,3.62405
-4.13366,536.432,26.2999,137.475,3.3763
-4.05707,568.95,27.9701,146.123,3.38432
-1.70887,590.702,31.5404,161.964,3.64483
1.5888,581.261,34.7809,174.451,4.0657
-3.53892,537.045,26.8903,139.945,3.43933
-1.44152,553.946,29.8549,153.013,3.67641
0.652375,525.115,30.4285,153.633,3.93887
1.32264,539.723,32.0026,160.817,4.02901
-1.81709,551.867,29.3556,150.864,3.63217
-0.157358,532.101,29.9845,152.266,3.83406
0.354462,555.144,31.8404,161.102,3.8998
1.4418,556.907,33.1565,166.476,4.04537
-0.586348,563.667,31.2952,159.411,3.78026
-0.563403,566.385,31.4711,160.28,3.78311
0.403784,553.896,31.8228,160.957,3.90623
-2.23971,594.104,31.1386,160.519,3.58335
-3.68939,575.181,28.647,149.253,3.42322
-4.41239,554.867,26.9358,141.091,3.34735
-1.56325,559.203,30.0106,153.946,3.66198
0.46434,508.546,29.2783,148.023,3.91414
1.71783,568.309,34.1561,171.163,4.08367
-0.898721,529.986,29.1081,148.603,3.74181
0.496435,573.197,33.0369,166.988,3.91834
-0.580892,546.971,30.374,154.712,3.78094
-3.8178,576.259,28.5706,148.996,3.40955
0.489167,572.592,32.9938,166.778,3.91739
1.23962,538.247,31.8245,160.016,4.01767
0.871104,595.513,34.7681,175.272,3.96794
-3.98032,535.526,26.3986,137.835,3.39238
-3.94643,514.363,25.3859,132.514,3.39595
-3.93525,589.448,29.1032,151.905,3.39713
0.694043,544.221,31.5808,159.404,3.94438
0.817011,524.995,30.5942,154.29,3.96072
-3.52584,545.754,27.339,142.266,3.44074
-0.649066,518.756,28.7392,146.456,3.77249
-1.32553,526.73,28.503,145.962,3.69024
-1.87958,565.48,30.0142,154.318,3.62489
-3.5546,571.947,28.622,148.974,3.43765
-0.382847,540.746,30.235,153.786,3.80564
-4.85007,574.248,27.4456,144.231,3.30264
-3.18643,545.37,27.649,143.52,3.47753
-1.17119,513.351,27.9286,142.861,3.70876
-0.685694,538.792,29.8113,151.96,3.76797
1.72667,526.269,31.639,158.539,4.0849
-3.69179,585.275,29.1473,151.862,3.42296
-2.4203,549.069,28.5966,147.609,3.56279
1.37665,599.734,35.6268,178.961,4.03641
1.55949,516.946,30.9015,155.025,4.06163
1.51392,565.608,33.7577,169.409,4.05532
-3.52162,560.671,28.0904,146.172,3.44119
1.34592,591.074,35.0753,176.229,4.0322
-1.91767,519.937,27.5602,141.74,3.62046
-3.08344,524.661,26.6958,138.468,3.48881
1.32033,585.253,34.6995,174.373,4.02869
-1.41562,513.756,27.7139,142.013,3.67949
-4.44235,595.33,28.8693,151.252,3.34426
0.281386,573.55,32.8134,166.111,3.89031
0.501966,591.613,34.1048,172.379,3.91907
-0.402593,560.589,31.323,159.342,3.80316
0.982992,505.973,29.6541,149.373,3.98294
1.79719,544.792,32.8316,164.434,4.09478
-3.63505,563.319,28.1102,146.397,3.42902
-4.74981,525.785,25.2194,132.433,3.3128
-1.78937,569.127,30.3031,155.702,3.63541
-2.23803,583.027,30.5598,157.533,3.58354
-1.34364,510.55,27.61,141.407,3.68807
-1.53939,584.714,31.4058,161.075,3.6648
-3.02561,527.719,26.9061,139.5,3.49517
-3.14555,510.168,25.9016,134.41,3.482
1.81284,527.83,31.8264,159.382,4.09698
-0.143544,514.235,28.9916,147.209,3.83581
-2.27933,527.254,27.5965,142.3,3.57882
0.633563,597.807,34.6183,174.811,3.93638
-0.483286,522.649,29.1217,148.229,3.79308
1.46925,556.278,33.1501,166.412,4.04915
-1.73237,536.624,28.6294,147.041,3.64208
0.0171097,591.046,33.5075,169.945,3.85628
-1.20664,553.093,30.0537,153.771,3.70449
-3.26737,599.697,30.3166,157.461,3.4687
-1.67231,565.719,30.245,155.271,3.64913
1.88601,575.714,34.8004,174.186,4.10728
-2.03981,576.742,30.4409,156.694,3.60632
-3.34071,510.319,25.7316,133.719,3.46073
-1.18586,561.081,30.5098,156.081,3.70699
0.47303,576.783,33.2169,167.925,3.91528
-1.03391,515.2,28.1634,143.92,3.72536
-2.63808,595.722,30.7901,159.184,3.53824
-4.94577,584.729,27.8514,146.468,3.29298
-4.5843,564.246,27.2241,142.784,3.32968
-4.85122,524.359,25.0602,131.697,3.30252
-0.36905,568.211,31.7858,161.658,3.80737
-4.43541,546.768,26.5209,138.942,3.34498
-1.41329,574.235,30.9788,158.741,3.67977
1.73215,508.424,30.5719,153.186,4.08567
-1.71602,566.487,30.2399,155.294,3.64399
-2.34424,550.607,28.7533,148.335,3.57143
-3.81138,561.332,27.8368,145.163,3.41024
-1.43174,569.155,30.6851,157.257,3.67757
0.415273,548.777,31.5412,159.519,3.90773
-2.51671,528.792,27.4475,141.778,3.55189
0.152277,568.7,32.3914,164.126,3.87362
-2.75948,575.075,29.5965,153.149,3.52466
-1.84804,501.238,26.6337,136.906,3.62856
-1.74282,527.947,28.1562,144.622,3.64085
-2.26735,506.886,26.5415,136.848,3.58019
0.186819,500.015,28.5132,144.44,3.87808
-0.888443,557.18,30.6125,156.272,3.74307
-3.92742,593.074,29.2903,152.873,3.39796
-0.945685,558.585,30.6288,156.419,3.73608
-3.15169,566.386,28.7496,149.195,3.48133
0.296327,565.299,32.358,163.788,3.89224
-2.56188,589.869,30.5693,157.955,3.5468
-0.18103,540.806,30.4501,154.657,3.83106
1.34663,504.528,29.9403,150.429,4.0323
-3.30559,535.3,27.0247,140.402,3.46454
-3.99882,509.057,25.0774,130.954,3.39043
1.46577,573.438,34.1687,171.529,4.04867
1.14024,563.764,33.2198,167.149,4.00417
-1.00324,517.464,28.3173,144.674,3.72908
-4.24225,519.073,25.3509,132.622,3.36497
0.393123,549.942,31.5841,159.761,3.90484
1.32887,563.029,33.3916,167.79,4.02986
0.253414,592.255,33.8508,171.397,3.88668
-4.60646,536.224,25.8517,135.608,3.32741
0.0383505,570.872,32.3875,164.239,3.85899
0.552269,552.015,31.8773,161.062,3.92567
0.222238,585.238,33.4139,169.222,3.88265
-2.37512,590.52,30.8042,158.952,3.56792
-2.42511,574.534,29.9178,154.434,3.56225
1.21641,525.04,31.0189,155.991,4.01451
-1.60131,543.107,29.1081,149.358,3.65749
-3.05962,542.171,27.6099,143.184,3.49143
1.77754,581.793,35.0379,175.508,4.09203
0.394444,570.933,32.7911,165.865,3.90501
-3.76196,531.385,26.3978,137.608,3.41549
-1.67728,525.05,28.0658,144.089,3.64854
-4.88022,527.169,25.1685,132.294,3.29959
-3.84812,519.718,25.7396,134.263,3.40634
-2.60196,594.398,30.7607,158.99,3.54229
-1.64403,534.763,28.6182,146.89,3.65245
0.257224,578.694,33.0801,167.49,3.88718
-1.01852,526.321,28.7867,147.089,3.72722
-4.11599,533.536,26.1743,136.801,3.37814
0.460399,551.002,31.7183,160.364,3.91362
0.492189,531.107,30.6066,154.708,3.91779
0.325308,502.488,28.7914,145.705,3.89601
-1.38075,597.608,32.2764,165.351,3.68364
-1.2114,599.66,32.5787,166.696,3.70392
-2.27463,520.857,27.2661,140.592,3.57936
-2.53407,514.569,26.693,137.897,3.54993
-0.406926,523.669,29.2557,148.83,3.80262
0.603105,506.039,29.2735,147.853,3.93236
1.71185,536.667,32.2478,161.607,4.08283
-1.80137,576.321,30.6733,157.617,3.634
1.38789,572.748,34.0368,170.961,4.03796
1.86113,572.282,34.5636,173.031,4.10377
1.8933,503.394,30.4364,152.335,4.10831
-3.71186,516.355,25.6967,133.904,3.42082
-0.684153,512.981,28.3846,144.686,3.76816
1.1396,549.478,32.3773,162.91,4.00408
0.543919,557.361,32.1767,162.585,3.92457
-2.21168,599.774,31.4666,162.177,3.58655
-4.29916,529.274,25.797,135.012,3.35906
-1.22499,598.522,32.5015,166.317,3.70229
-4.60169,537.861,25.935,136.041,3.3279
1.09696,522.218,30.7261,154.649,3.99831
-2.95943,549.339,28.0738,145.483,3.50247
1.65324,581.913,34.8966,174.953,4.07466
-2.55171,543.493,28.176,145.577,3.54794
1.09702,563.568,33.1591,166.894,3.99831
-3.4368,564.229,28.3535,147.449,3.45033
-1.02734,571.928,31.2716,159.796,3.72615
-0.718454,547.008,30.2315,154.138,3.76393
-1.70586,530.46,28.3268,145.459,3.64519
1.36097,574.896,34.1329,171.476,4.03426
-2.35871,547.309,28.5665,147.388,3.56978
-0.547764,598.309,33.263,169.387,3.78505
0.955057,540.156,31.6272,159.344,3.97918
-2.97532,588.725,30.0698,155.844,3.50071
-3.30499,555.998,28.0702,145.834,3.46461
1.50334,515.558,30.7594,154.373,4.05386
0.553761,505.139,29.1719,147.391,3.92587
-1.4369,564.04,30.4038,155.821,3.67696
-1.77237,575.874,30.6805,157.621,3.63739
1.17985,560.146,33.0515,166.255,4.00954
-1.80258,562.317,29.9267,153.782,3.63386
-1.47604,549.01,29.5533,151.505,3.67231
-2.66376,582.344,30.0715,155.498,3.53536
-2.87668,579.383,29.6955,153.793,3.51162
1.98946,512.746,31.1037,155.57,4.12191
-2.91144,545.105,27.9045,144.555,3.50777
0.0148207,555.442,31.4865,159.697,3.85598
-1.44955,580.536,31.2792,160.322,3.67545
-0.640526,544.182,30.1567,153.671,3.77355
0.559767,570.291,32.9412,166.429,3.92666
-1.87755,539.409,28.6324,147.211,3.62512
1.12086,593.053,34.9225,175.74,4.00154
-0.706068,561.267,31.0328,158.21,3.76545
-0.36128,599.029,33.5188,170.462,3.80834
-2.56494,549.184,28.4578,147.047,3.54645
-1.95404,582.419,30.8329,158.613,3.61624
-4.79337,573.829,27.4811,144.357,3.30838
-2.39472,535.596,27.9199,144.089,3.56569
-3.93581,508.651,25.1134,131.081,3.39707
-1.64087,527.904,28.2543,145.018,3.65282
0.828634,541.523,31.5699,159.197,3.96227
-0.410438,569.564,31.8158,161.858,3.80218
-0.683388,519.308,28.7355,146.474,3.76825
-2.75644,599.759,30.8701,159.736,3.525
0.0320782,569.169,32.2839,163.721,3.85819
-3.01998,502.364,25.6185,132.818,3.49579
-2.27365,530.252,27.7589,143.132,3.57947
1.27218,558.441,33.0553,166.166,4.02211
-4.18649,520.269,25.4597,133.136,3.37078
1.24933,533.873,31.5763,158.757,4.019
-0.536659,551.814,30.6899,156.272,3.78643
-0.556198,572.856,31.8386,162.143,3.784
-1.40512,544.29,29.3717,150.497,3.68074
-3.89985,536.05,26.4999,138.281,3.40087
-2.76085,594.529,30.5962,158.324,3.5245
-4.36814,553.219,26.8981,140.847,3.35192
-0.932642,584.034,32.0387,163.604,3.73767
-4.25242,527.346,25.7457,134.697,3.36392
0.279679,574.245,32.8512,166.305,3.89009
-4.04819,569.28,27.9951,146.244,3.38525
0.897406,589.268,34.4346,173.559,3.97146
1.24707,596.192,35.2595,177.278,4.01869
-4.01031,557.292,27.4424,143.316,3.38923
0.320183,576.16,33.0068,167.044,3.89534
-4.04928,514.037,25.2774,132.048,3.38513
-0.31157,538.623,30.1906,153.482,3.81459
-4.30221,543.527,26.4888,138.636,3.35875
-3.17867,547.694,27.7744,144.163,3.47838
-1.30623,509.389,27.5832,141.232,3.69255
-4.40893,518.072,25.1527,131.748,3.34771
-1.02568,586.144,32.0507,163.775,3.72636
1.27102,533.435,31.5739,158.721,4.02196
-2.78835,504.882,25.9576,134.348,3.52144
-2.28802,586.117,30.668,158.149,3.57783
1.01003,508.208,29.8128,150.144,3.98658
-0.98948,538.005,29.4555,150.474,3.73075
-4.95375,517.937,24.663,129.708,3.29218
-1.66094,500.439,26.7656,137.397,3.65046
-3.22744,597.143,30.23,156.965,3.47305
-4.62736,578.41,27.8648,146.191,3.32528
-4.49034,533.24,25.8143,135.295,3.33932
-0.342072,546.788,30.616,155.678,3.81075
-1.06381,560.224,30.5928,156.368,3.72173
-1.14435,505.64,27.5348,140.82,3.712
0.561564,544.536,31.4555,158.921,3.92689
-2.84438,512.679,26.3066,136.21,3.51521
1.24069,557.699,32.9757,165.803,4.01782
-4.50575,507.834,24.5709,128.793,3.33774
-0.966396,580.814,31.8247,162.551,3.73356
-3.80444,516.964,25.6429,133.715,3.41097
-3.38645,577.441,29.0691,151.114,3.45577
-1.15032,500.398,27.2437,139.337,3.71128
0.459566,505.325,29.0881,147.067,3.91351
-4.83042,515.03,24.6326,129.429,3.30463
-1.8871,578.797,30.7129,157.919,3.62401
1.56524,565.102,33.7867,169.493,4.06243
0.883299,535.376,31.2702,157.625,3.96957
-1.90823,561.386,29.7671,153.079,3.62155
-2.71498,584.005,30.1031,155.72,3.52963
-3.14161,559.77,28.4239,147.494,3.48243
0.849388,534.056,31.1568,157.091,3.96504
-1.47087,546.129,29.4035,150.731,3.67292
1.43681,571.844,34.04,170.918,4.04468
1.64721,568.893,34.1088,171.011,4.07382
1.5046,539.325,32.1787,161.495,4.05403
-0.282976,518.898,29.1138,147.977,3.81818
-4.00498,587.268,28.9239,151.048,3.38979
0.82305,578.853,33.7397,170.146,3.96152
-2.39284,557.666,29.0723,150.034,3.5659
-0.83448,501.55,27.6078,140.878,3.74967
1.40192,539.618,32.0833,161.133,4.03988
1.29868,559.507,33.1485,166.604,4.02573
0.911661,540.267,31.5866,159.188,3.97336
-4.57083,574.985,27.7556,145.557,3.33106
-1.30516,502.332,27.2021,139.279,3.69267
0.0534301,564.166,32.0237,162.377,3.86093
0.341543,501.129,28.7296,145.376,3.89812
-0.968771,577.29,31.629,161.554,3.73327
-2.79504,561.433,28.8583,149.368,3.5207
-0.399636,590.366,32.9902,167.82,3.80353
-0.273727,561.478,31.5129,160.161,3.81935
-2.72842,556.198,28.6562,148.25,3.52812
1.24375,502.666,29.7249,149.455,4.01824
-3.41778,522.113,26.2547,136.515,3.45239
-3.81396,573.998,28.4623,148.427,3.40996
-1.6689,534.288,28.568,146.658,3.64953
-0.220562,550.753,30.9678,157.33,3.82606
1.31259,594.859,35.2597,177.197,4.02764
-0.284289,598.625,33.5855,170.707,3.81802
-2.1495,519.315,27.3048,140.664,3.59369
1.03479,506.928,29.763,149.867,3.98991
-0.826407,543.632,29.9326,152.732,3.75066
-1.99059,525.405,27.7791,142.941,3.612
-1.75322,515.354,27.4746,141.131,3.63963
-4.50768,522.34,25.271,132.465,3.33754
-0.988871,507.546,27.7884,141.958,3.73083
-2.01545,507.655,26.8173,138.017,3.60913
-3.46893,537.615,26.9855,140.368,3.44687
0.95949,507.811,29.7379,149.82,3.97978
-1.94868,511.437,27.0802,139.303,3.61686
-0.63471,501.312,27.7866,141.588,3.77427
-1.02637,551.566,30.1592,154.111,3.72627
-1.15587,571.548,31.1114,159.124,3.71061
-3.64998,568.391,28.3483,147.653,3.42743
-0.617173,553.078,30.6745,156.283,3.77644
-1.8006,503.286,26.7869,137.646,3.63409
-0.136214,582.107,32.8264,166.672,3.83674
-0.000840039,513.007,29.0652,147.433,3.85398
-3.22036,559.074,28.3098,146.987,3.47382
-4.36261,506.41,24.627,128.95,3.35249
-0.475341,518.87,28.9191,147.19,3.79407
-4.15876,537.469,26.3273,137.644,3.37367
-1.07606,569.385,31.0798,158.871,3.72025
-1.12274,566.235,30.8578,157.789,3.71461
-0.969231,599.324,32.8357,167.718,3.73322
-2.46897,553.157,28.7604,148.507,3.55728
-0.758224,564.858,31.175,158.994,3.75903
-0.658036,597.067,33.0673,168.524,3.77138
-1.77462,590.865,31.4768,161.715,3.63713
-3.49409,523.626,26.2599,136.619,3.44415
-3.26785,536.543,27.1235,140.877,3.46865
-4.00951,538.727,26.529,138.545,3.38931
-2.53737,571.27,29.6309,153.078,3.54956
-3.96407,560.812,27.661,144.409,3.39409
-4.86413,552.36,26.3863,138.679,3.30122
0.533723,539.059,31.1092,157.202,3.92324
-0.940338,598.962,32.8488,167.75,3.73673
-4.19937,542.406,26.5308,138.75,3.36944
-0.699738,536.32,29.6601,151.204,3.76623
-2.32188,556.755,29.0971,150.085,3.57397
-3.07585,529.339,26.941,139.732,3.48964
-2.35849,519.462,27.1133,139.89,3.56981
1.2789,568.106,33.6351,169.073,4.02303
-3.39368,559.887,28.1782,146.491,3.45499
-2.06986,534.17,28.1643,145.007,3.60285
1.49542,539.136,32.1573,161.399,4.05277
-3.14702,571.502,29.0141,150.563,3.48184
-1.1955,535.532,29.1108,148.934,3.70583
-1.06919,530.675,28.9738,148.099,3.72108
-2.64074,585.523,30.2602,156.447,3.53794
-2.04619,563.107,29.7146,152.963,3.60558
-1.97308,571.656,30.243,155.6,3.61403
-1.82262,509.62,27.1032,139.293,3.63152
-3.06921,564.072,28.7155,148.928,3.49037
1.42744,538.099,32.0209,160.791,4.04339
1.71851,543.365,32.6577,163.653,4.08376
0.440842,505.112,29.0571,146.929,3.91107
-1.65375,570.004,30.4938,156.528,3.65131
-4.23596,536.723,26.2188,137.155,3.36563
1.58833,567.261,33.9426,170.247,4.06563
1.84042,524.711,31.6681,158.558,4.10086
0.486652,542.34,31.2479,157.956,3.91706
1.36309,511.312,30.36,152.52,4.03455
0.322516,511.557,29.3082,148.324,3.89565
-4.12865,551.935,27.0648,141.468,3.37682
0.725425,543.816,31.5913,159.422,3.94854
-4.77099,554.938,26.5976,139.692,3.31065
-3.22642,559.381,28.3193,147.043,3.47316
-4.60932,542.558,26.1544,137.199,3.32712
-3.14793,586.773,29.7884,154.582,3.48174
-4.26917,581.474,28.3714,148.453,3.36218
-4.87745,570.159,27.2236,143.094,3.29987
-1.14474,574.388,31.2781,159.964,3.71195
-2.37841,505.651,26.374,136.095,3.56754
-1.95702,526.491,27.8692,143.37,3.61589
-2.54651,554.214,28.737,148.47,3.54853
-3.68793,559.017,27.8434,145.064,3.42337
-4.60719,579.174,27.9216,146.467,3.32734
0.410722,556.028,31.953,161.607,3.90713
-3.16787,515.093,26.1311,135.623,3.47956
-3.04026,532.635,27.1428,140.742,3.49356
-4.24432,528.947,25.8313,135.137,3.36476
-1.44386,523.274,28.1995,144.531,3.67613
-1.37672,576.876,31.161,159.632,3.68412
0.479774,580.844,33.4585,169.138,3.91616
-4.54198,502.963,24.3039,127.428,3.33402
-3.23541,507.871,25.7035,133.47,3.47218
0.94603,576.636,33.7527,170.063,3.97797
1.91164,542.127,32.7988,164.138,4.11089
-0.119232,562.573,31.7434,161.154,3.8389
-1.20256,540.107,29.3523,150.178,3.70498
-0.440724,512.186,28.5807,145.432,3.79839
1.3109,532.781,31.5783,158.698,4.0274
-2.22589,514.819,26.9961,139.15,3.58493
0.557916,594.739,34.3511,173.555,3.92642
-0.554185,573.174,31.8585,162.242,3.78425
-2.12443,556.61,29.2914,150.87,3.59657
-1.72796,575.719,30.7199,157.773,3.64259
-2.64568,574.364,29.6783,153.445,3.53738
1.17469,517.228,30.5137,153.496,4.00884
-1.45287,547.071,29.4727,151.066,3.67506
1.98375,555.516,33.6916,168.521,4.1211
-2.96676,575.726,29.4147,152.44,3.50166
-0.588921,510.848,28.3601,144.462,3.77994
-3.43064,537.255,27.0039,140.424,3.451
1.96143,565.786,34.2884,171.532,4.11794
1.49475,533.294,31.8082,159.647,4.05267
-2.6911,584.011,30.1286,155.825,3.5323
0.016018,568.674,32.2379,163.507,3.85614
-2.71411,565.066,29.1278,150.674,3.52972
-3.38702,583.308,29.3638,152.647,3.45571
-0.456185,577.123,32.1871,163.801,3.79646
-2.97035,599.096,30.6048,158.612,3.50126
-2.80467,573.112,29.4486,152.434,3.51962
0.113151,561.21,31.9216,161.791,3.86859
1.40114,542.196,32.2357,161.899,4.03978
-1.48012,597.667,32.1679,164.914,3.67182
-4.05903,520.478,25.5854,133.666,3.38411
1.51377,568.851,33.9511,170.379,4.0553
-1.49796,561.104,30.1813,154.749,3.66971
0.580945,538.699,31.1391,157.3,3.92945
-4.07202,553.865,27.214,142.189,3.38275
-3.73046,531.557,26.4359,137.774,3.41884
1.75696,599.41,36.0735,180.721,4.08914
-0.982308,553.606,30.3172,154.868,3.73162
-4.46703,591.694,28.6678,150.225,3.34172
-1.71076,542.794,28.9804,148.821,3.64461
-1.45033,538.526,29.0149,148.717,3.67536
-4.32211,572.924,27.9017,146.053,3.35668
1.53104,565.775,33.7874,169.538,4.05769
-2.04643,552.799,29.1704,150.161,3.60555
-4.20298,581.07,28.4184,148.626,3.36906
1.33127,516.313,30.6235,153.878,4.03019
1.02361,505.576,29.6722,149.422,3.9884
-1.30894,531.598,28.7831,147.378,3.69222
-2.4341,598.146,31.1376,160.741,3.56123
-2.4349,538.261,28.0193,144.645,3.56114
0.115366,568.744,32.3526,163.973,3.86887
-4.08277,504.128,24.7608,129.381,3.38162
-3.85305,541.974,26.8372,139.993,3.40582
-0.0187403,588.457,33.3194,169.034,3.85169
1.79879,581.535,35.0478,175.531,4.09501
-1.51364,566.701,30.4656,156.224,3.66785
-1.04549,585.929,32.0169,163.625,3.72395
-0.579262,570.272,31.6697,161.31,3.78114
-0.84387,545.098,29.9951,153.071,3.74852
-2.01383,509.016,26.8907,138.393,3.60932
-4.83274,580.983,27.7847,145.994,3.30439
-0.373207,503.517,28.1628,143.236,3.80684
-4.85436,583.077,27.8633,146.431,3.3022
-0.103776,560.703,31.6549,160.687,3.84086
-4.47785,550.581,26.6656,139.744,3.34061
0.275846,550.021,31.4612,159.273,3.88959
0.40962,527.764,30.3276,153.387,3.90699
-0.917166,562.183,30.8566,157.55,3.73956
-3.44365,597.588,30.0226,156.136,3.44959
-3.35978,555.005,27.9659,145.351,3.45866
-0.803605,511.516,28.1866,143.8,3.75346
-0.300667,599.579,33.62,170.902,3.81596
-4.15602,585.661,28.6907,149.998,3.37396
-0.874801,563.27,30.9618,158.039,3.74473
-3.72429,558.937,27.8036,144.896,3.4195
-4.34945,545.386,26.5348,138.926,3.35385
-2.82582,546.894,28.0805,145.375,3.51727
-1.55277,514.708,27.6328,141.738,3.66322
0.909861,534.29,31.2352,157.419,3.97312
-4.57141,569.727,27.5012,144.223,3.331
-1.28649,588.001,31.8619,163.116,3.69491
-1.17597,568.171,30.906,158.097,3.70819
1.36807,529.491,31.4448,157.964,4.03524
1.49404,537.299,32.0463,160.843,4.05258
-1.71239,528.19,28.1991,144.81,3.64442
-2.18771,553.791,29.0786,149.843,3.5893
1.37421,592.62,35.2012,176.826,4.03608
-4.7275,511.589,24.558,128.938,3.31507
-0.698631,543.308,30.0477,153.179,3.76637
-1.50441,526.078,28.2909,145.063,3.66894
-2.66199,596.149,30.7863,159.192,3.53555
-0.0301466,581.301,32.9013,166.926,3.85024
-4.99835,501.336,23.8345,125.393,3.28769
-0.920648,577.191,31.6766,161.741,3.73914
1.69351,526.591,31.6225,158.493,4.08027
-4.77635,535.315,25.6522,134.732,3.31011
0.327876,597.721,34.251,173.332,3.89634
0.29025,536.907,30.7264,155.536,3.89146
0.553919,571.944,33.03,166.885,3.92589
-4.40094,500.656,24.314,127.347,3.34853
-4.22197,568.264,27.7734,145.273,3.36708
0.991714,589.966,34.5872,174.211,3.98411
1.67884,515.873,30.9634,155.206,4.07822
-4.98569,507.761,24.1508,127.045,3.28896
-0.809885,535.75,29.5155,150.587,3.75269
0.838778,571.985,33.3574,168.199,3.96362
-4.47592,580.885,28.1352,147.443,3.3408
1.51039,510.227,30.4486,152.806,4.05484
1.14069,594.072,35.0063,176.137,4.00423
-3.29398,591.837,29.8912,155.282,3.46581
-3.23749,511.405,25.8804,134.39,3.47196
-0.687126,582.094,32.2055,164.166,3.76779
-3.85069,597.819,29.605,154.428,3.40607
-4.54341,512.389,24.7581,129.811,3.33387
0.459119,507.419,29.2082,147.674,3.91346
-4.42854,516.479,25.0579,131.27,3.34568
1.16057,537.098,31.6706,159.331,4.00692
0.331059,577.071,33.0714,167.358,3.89676
-1.15402,559.707,30.4688,155.836,3.71083
-3.26821,559.798,28.2987,146.981,3.46861
0.707769,595.328,34.5628,174.439,3.9462
-4.85987,581.906,27.8019,146.114,3.30165
-1.67134,557.793,29.8223,153.1,3.64924
-0.209993,562.155,31.6205,160.634,3.8274
-3.83982,599.98,29.7234,155.033,3.40722
-0.417144,538.23,30.0586,152.926,3.80134
1.13693,560.473,33.0222,166.158,4.00372
-0.405901,566.611,31.6559,161.039,3.80275
-4.53496,569.575,27.5295,144.333,3.33474
0.26174,540.633,30.9092,156.494,3.88776
1.65757,507.637,30.4469,152.64,4.07526
-1.10755,542.472,29.5784,151.231,3.71644
-1.33095,538.565,29.1379,149.219,3.68959
0.298691,524.239,30.0101,151.902,3.89255
-1.41964,524.454,28.287,144.954,3.67901
-4.81808,555.678,26.5884,139.693,3.30588
-0.716782,590.677,32.6468,166.451,3.76413
-3.69603,570.971,28.4306,148.133,3.42251
-4.98936,587.009,27.9165,146.859,3.2886
-0.564733,511.07,28.3963,144.622,3.78294
1.64156,553.342,33.17,166.31,4.07303
-3.20612,598.192,30.3059,157.334,3.47538
-2.52761,559.375,29.0239,149.932,3.55066
-1.10985,587.79,32.0468,163.854,3.71616
-3.61273,528.336,26.3853,137.391,3.43141
-0.204774,565.263,31.8011,161.546,3.82805
0.213856,594.033,33.9062,171.726,3.88157
1.19157,558.511,32.9682,165.823,4.01113
-3.0335,596.943,30.4271,157.764,3.4943
-1.08707,574.29,31.3356,160.192,3.71892
-0.478109,569.843,31.757,161.637,3.79372
-4.2347,556.545,27.1883,142.226,3.36576
-0.752865,559.67,30.8944,157.557,3.75969
-1.73278,507.694,27.0856,139.112,3.64203
-3.74708,551.994,27.4361,143.005,3.41707
1.31647,549.811,32.5939,163.796,4.02817
-0.605022,591.096,32.7968,167.082,3.77795
-4.04052,596.642,29.3487,153.306,3.38605
-0.923378,540.257,29.6467,151.379,3.7388
-3.88795,516.397,25.5391,133.256,3.40213
-1.92506,544.967,28.8794,148.533,3.6196
-4.16425,556.837,27.2707,142.582,3.3731
-1.83093,525.152,27.9211,143.506,3.63055
-2.49278,523.646,27.2033,140.491,3.55459
-0.942015,592.248,32.4788,165.862,3.73653
-4.91262,540.415,25.7711,135.495,3.29632
-4.55414,512.114,24.7353,129.702,3.33277
0.037632,508.696,28.8593,146.349,3.8589
-3.11114,529.051,26.8929,139.518,3.48577
-2.00028,537.341,28.4005,146.149,3.61088
-1.29681,592.956,32.1189,164.444,3.69367
-0.980725,542.08,29.6876,151.651,3.73182
-1.86094,585.247,31.0836,159.795,3.62706
-1.68407,559.227,29.8856,153.439,3.64774
0.768431,597.72,34.7741,175.43,3.95425
-0.791866,514.581,28.367,144.708,3.7549
0.467556,552.743,31.8264,160.902,3.91456
1.37978,586.899,34.868,175.146,4.03684
-0.53297,533.116,29.6538,150.992,3.78689
-0.28578,572.024,32.0914,163.115,3.81783
-3.61362,526.241,26.2798,136.843,3.43132
-0.324202,566.265,31.7261,161.302,3.813
-0.836009,582.844,32.0809,163.706,3.74948
0.399816,572.008,32.8589,166.202,3.90571
-1.15215,593.929,32.3339,165.373,3.71106
-3.36609,599.905,30.2217,157.082,3.45798
-3.08566,526.957,26.8105,139.065,3.48857
-0.0374551,583.296,33.0058,167.466,3.84931
1.24851,518.747,30.6808,154.256,4.01888
1.42299,560.715,33.3617,167.529,4.04278
-3.89013,561.57,27.7711,144.904,3.4019
-2.45566,587.811,30.5764,157.869,3.55879
0.895453,502.169,29.3429,147.897,3.97119
1.85787,569.122,34.3689,172.06,4.10331
0.617304,599.952,34.7231,175.36,3.93424
-0.0673002,593.211,33.5323,170.173,3.8455
-0.916254,533.394,29.2774,149.486,3.73967
1.19492,545.703,32.2159,162.035,4.01159
-2.43477,559.451,29.1225,150.339,3.56115
-2.77834,556.927,28.6435,148.238,3.52256
-1.1683,541.648,29.4711,150.748,3.70911
1.08127,588.184,34.5888,174.109,3.99618
-0.687576,589.015,32.588,166.116,3.76773
-1.14767,507.982,27.6592,141.459,3.7116
-1.81737,580.487,30.8777,158.686,3.63214
-3.79455,584.616,29.0088,151.255,3.41202
0.437034,552.663,31.7884,160.745,3.91057
-4.13738,590.922,28.9676,151.424,3.37591
1.13457,506.673,29.8499,150.199,4.0034
-1.21069,595.449,32.3507,165.528,3.70401
0.85865,503.633,29.3913,148.18,3.96627
0.924509,578.481,33.8357,170.507,3.97509
-0.263448,505.587,28.3861,144.258,3.82065
-4.39178,541.072,26.2853,137.663,3.34948
-3.37384,513.187,25.8459,134.346,3.45714
-3.68417,541.517,26.9753,140.538,3.42377
-1.01316,532.979,29.1563,148.971,3.72788
-1.13536,526.793,28.6957,146.747,3.71308
-0.577713,521.449,28.9599,147.506,3.78133
-2.14717,504.141,26.5092,136.562,3.59395
-4.08855,503.352,24.7176,129.161,3.38102
1.05697,504.303,29.6314,149.181,3.9929
1.57382,565.241,33.8049,169.574,4.06362
-2.35057,555.965,29.0267,149.753,3.57071
0.22527,571.581,32.6375,165.287,3.88304
-2.40548,546.85,28.4958,147.073,3.56447
-1.78543,536.783,28.5849,146.869,3.63587
1.95261,500.979,30.3517,151.848,4.11669
-4.43306,542.225,26.3027,137.796,3.34522
1.67826,566.598,34.0072,170.464,4.07814
1.59867,544.166,32.5722,163.362,4.06707
-0.492558,528.254,29.4245,149.781,3.79192
-3.77305,552.412,27.4316,143.009,3.41431
-4.85361,561.713,26.8432,141.069,3.30228
-3.82292,526.271,26.0875,136.052,3.40901
1.13275,524.737,30.9122,155.546,4.00315
-0.330795,526.815,29.5091,150.038,3.81217
-4.71367,521.566,25.0492,131.504,3.31648
-0.424062,548.385,30.6184,155.782,3.80048
0.232589,595.894,34.0344,172.352,3.88399
-4.62674,552.887,26.6358,139.742,3.32534
1.19263,580.688,34.2786,172.412,4.01128
-0.23283,518.065,29.1175,147.943,3.82451
-1.14736,588.074,32.0205,163.764,3.71163
0.977752,512.733,30.0449,151.348,3.98223
-0.659037,557.927,30.8985,157.472,3.77126
-1.83073,586.203,31.1673,160.19,3.63058
-0.18553,563.033,31.6967,160.993,3.83049
-3.45324,586.998,29.4806,153.328,3.44856
-4.34355,518.326,25.2236,132.055,3.35446
-1.34949,586.743,31.7241,162.485,3.68737
-1.4225,521.561,28.1281,144.143,3.67867
1.62263,545.956,32.7061,164.006,4.0704
-0.976524,509.419,27.903,142.53,3.73233
0.354291,528.38,30.3052,153.334,3.89978
-0.912629,560.857,30.7887,157.198,3.74011
-2.09318,586.126,30.8785,159.008,3.60016
-3.55218,556.805,27.8666,145.04,3.43791
-0.150707,594.653,33.5171,170.197,3.8349
-0.414221,540.966,30.2144,153.716,3.80171
-4.61167,561.994,27.0891,142.105,3.32688
-4.57277,567.99,27.416,143.778,3.33086
-3.40845,599.291,30.1456,156.736,3.45339
-1.04392,567.999,31.0388,158.625,3.72414
-4.14914,520.847,25.5218,133.423,3.37468
-0.474411,539.228,30.0547,152.969,3.79419
-0.509615,515.478,28.6959,146.09,3.7898
-4.39112,597.025,29.0042,151.902,3.34954
0.142092,512.492,29.1797,147.863,3.87231
-3.98322,523.39,25.7977,134.7,3.39208
-1.09471,515.017,28.0939,143.628,3.71799
-2.03014,531.727,28.0744,144.503,3.60743
1.98076,570.564,34.6007,173.071,4.12067
-3.85042,575.865,28.5181,148.758,3.4061
-2.88517,593.407,30.4052,157.479,3.51068
1.33922,589.498,34.9738,175.728,4.03128
-4.70711,537.119,25.8022,135.45,3.31714
-4.45604,594.726,28.8259,151.041,3.34285
-2.29738,597.398,31.248,161.15,3.57676
-0.103355,534.649,30.1844,153.222,3.84091
-3.51,592.123,29.6784,154.422,3.44244
-3.8222,549.861,27.2575,142.153,3.40909
0.0759468,597.261,33.9287,172.009,3.86381
-4.38216,583.173,28.3403,148.415,3.35047
-1.43219,579.746,31.2555,160.181,3.67752
-4.02654,583.571,28.7199,150.006,3.38752
-3.71631,535.181,26.6294,138.769,3.42035
-3.9016,533.853,26.3897,137.708,3.40068
-2.92844,525.178,26.8683,139.204,3.50589
-1.84711,577.989,30.7129,157.873,3.62867
0.218544,574.809,32.8142,166.19,3.88217
-2.61959,588.079,30.4148,157.223,3.54031
-2.03751,530.912,28.0242,144.252,3.60658
-0.637132,517.845,28.7006,146.247,3.77397
-1.83987,531.184,28.233,145.118,3.62951
-0.333828,500.227,28.0169,142.454,3.81179
-3.47148,595.42,29.8843,155.449,3.44659
-2.70322,578.908,29.8527,154.411,3.53094
-3.60348,573.928,28.6716,149.286,3.4324
-0.927395,543.377,29.8138,152.237,3.73831
-3.55695,544.217,27.232,141.742,3.43739
1.75103,549.076,33.0376,165.519,4.08831
-2.63557,509.503,26.3362,136.155,3.53852
0.189283,522.316,29.7874,150.892,3.87839
-3.37521,525.599,26.4698,137.59,3.45699
0.427856,513.568,29.5303,149.336,3.90937
0.193971,555.319,31.6748,160.447,3.879
-2.34492,524.687,27.399,141.35,3.57135
-0.51239,546.11,30.3982,154.759,3.78945
-2.70098,544.146,28.0623,145.148,3.53119
0.71003,558.803,32.4448,163.747,3.9465
-0.239907,518.135,29.1143,147.934,3.82362
-0.887109,575.964,31.646,161.546,3.74323
-1.94661,500.743,26.5159,136.398,3.6171
-4.52787,532.059,25.7227,134.853,3.33546
0.851391,584.393,34.0958,171.907,3.9653
-0.862652,519.842,28.5867,145.903,3.74622
-0.380597,517.435,28.9338,147.165,3.80592
-0.245304,531.946,29.8848,151.855,3.82293
-4.60965,541.607,26.1083,136.957,3.32709
1.91416,523.428,31.6702,158.487,4.11125
0.556181,548.101,31.6555,159.938,3.92619
0.913354,529.754,30.9738,156.098,3.97359
-1.69189,522.7,27.926,143.386,3.64683
-3.19102,556.962,28.2321,146.552,3.47703
-4.80924,569.744,27.27,143.265,3.30677
-3.09307,508.991,25.8897,134.296,3.48775
-1.45951,542.498,29.2196,149.776,3.67427
-3.74031,518.25,25.7651,134.288,3.41779
-2.09471,522.028,27.5002,141.613,3.59999
-1.51883,515.243,27.6943,142.018,3.66723
-1.27294,579.793,31.4319,160.899,3.69653
-3.71321,570.166,28.3733,147.853,3.42068
0.887396,556.113,32.486,163.749,3.97012
-3.27125,577.361,29.1835,151.58,3.46828
-0.238868,549.462,30.8757,156.883,3.82375
-2.07541,510.537,26.913,138.57,3.60221
-4.70656,519.232,24.9434,130.942,3.3172
-3.4286,504.73,25.3709,131.93,3.45122
-1.47487,567.959,30.5746,156.739,3.67245
-0.171111,577.864,32.5478,165.299,3.83232
-0.261724,547.489,30.7405,156.222,3.82086
-1.6295,537.447,28.7765,147.686,3.65416
1.62643,558.671,33.4722,167.843,4.07092
-2.13471,535.02,28.1451,144.977,3.59538
-2.48299,538.378,27.9782,144.483,3.5557
0.72405,504.334,29.2964,147.842,3.94836
0.963131,500.099,29.2899,147.56,3.98027
-3.1003,579.907,29.4893,152.976,3.48696
-1.48223,500.643,26.9439,138.134,3.67157
-4.06553,595.922,29.2872,153.013,3.38343
-0.574439,503.606,27.9721,142.471,3.78174
-4.04329,545.54,26.8323,140.165,3.38576
1.09342,566.881,33.3499,167.859,3.99783
-0.0728513,514.123,29.0562,147.463,3.8448
-2.84391,505.155,25.9209,134.213,3.51526
-0.831064,539.948,29.7249,151.678,3.75009
-4.33903,582.469,28.3495,148.415,3.35493
0.780033,548.353,31.9148,160.992,3.95579
-1.49063,537.73,28.9314,148.332,3.67058
-1.62107,531.805,28.4827,146.17,3.65516
0.574335,519.479,30.0212,151.661,3.92858
1.32468,547.819,32.4849,163.239,4.02929
-3.06266,597.599,30.4293,157.809,3.49109
-0.170765,583.584,32.8704,166.937,3.83236
-1.31355,564.927,30.5827,156.598,3.69167
-0.697173,578.427,31.9915,163.087,3.76655
-4.78385,582.809,27.9206,146.655,3.30935
-1.79373,598.057,31.8386,163.596,3.6349
0.481217,549.122,31.6328,159.908,3.91635
0.0316656,579.645,32.8776,166.733,3.85814
1.69151,522.173,31.3551,157.155,4.07999
0.669212,512.413,29.7096,149.986,3.94109
-3.0584,526.367,26.8062,139.015,3.49156
-0.258784,578.24,32.4704,165.009,3.82123
-1.06686,556.636,30.3937,155.354,3.72136
0.838541,539.532,31.4645,158.655,3.96359
0.871743,530.073,30.9482,156.014,3.96802
-0.493428,595.937,33.1935,168.968,3.79181
-3.40734,538.6,27.0938,140.867,3.45352
-3.90527,557.645,27.5622,143.83,3.4003
-3.00345,558.71,28.5085,147.783,3.49761
0.669355,559.57,32.444,163.79,3.94111
-3.28254,508.574,25.6963,133.478,3.46705
-3.79337,563.616,27.9679,145.826,3.41215
-2.31329,567.329,29.6586,152.972,3.57495
-1.02499,521.957,28.5416,145.843,3.72644
0.244845,566.985,32.3969,164.046,3.88557
-4.89395,585.872,27.9574,146.969,3.2982
-0.0629548,544.357,30.7754,156.177,3.84606
-2.07283,576.407,30.3881,156.46,3.60251
0.714302,565.137,32.8174,165.622,3.94706
-3.56554,524.31,26.228,136.525,3.43647
0.327407,571.508,32.7484,165.728,3.89628
0.69535,528.897,30.693,154.921,3.94455
-0.646879,571.98,31.6902,161.492,3.77276
0.566151,555.846,32.1139,162.242,3.9275
0.694681,514.92,29.8812,150.825,3.94446
-4.89149,515.316,24.5927,129.279,3.29845
1.27133,597.628,35.3738,177.822,4.022
-4.35737,531.54,25.8539,135.369,3.35303
-3.92327,548.139,27.0751,141.307,3.3984
-3.20805,533.508,27.027,140.314,3.47517
-0.400557,537.007,30.0075,152.648,3.80342
0.21507,567.156,32.3735,163.962,3.88172
0.421779,542.099,31.1644,157.606,3.90857
-0.899297,554.173,30.4359,155.382,3.74174
-4.24398,500.596,24.447,127.895,3.36479
1.38279,587.352,34.8985,175.295,4.03726
0.0824035,594.846,33.799,171.343,3.86464
-1.13444,555.67,30.2697,154.795,3.71319
-3.74053,570.4,28.3575,147.8,3.41777
-2.52745,541.121,28.0769,145.04,3.55068
0.337505,522.924,29.9749,151.682,3.89759
-0.167004,529.542,29.8304,151.494,3.83284
-3.70496,561.246,27.9376,145.573,3.42156
-2.76778,537.196,27.6389,143.028,3.52373
0.493368,566.356,32.6392,164.981,3.91794
-3.25519,553.404,27.9884,145.355,3.47003
1.15651,555.873,32.7731,164.882,4.00637
-4.96779,581.204,27.6617,145.495,3.29076
-2.73333,552.263,28.4486,147.181,3.52758
1.57648,542.84,32.4682,162.866,4.06399
-4.91751,519.93,24.7899,130.34,3.29583
-4.2205,524.418,25.6318,134.069,3.36724
-4.60785,548.445,26.4396,138.693,3.32727
-0.203068,501.41,28.2104,143.304,3.82827
-2.90164,587.121,30.0657,155.739,3.50886
-1.63062,570.277,30.5331,156.703,3.65403
-2.60963,599.64,31.0236,160.358,3.54143
0.423491,591.75,34.0208,172.05,3.9088
-3.65191,592.404,29.5439,153.883,3.42722
-3.44773,584.663,29.369,152.742,3.44915
-3.31683,577.756,29.1565,151.49,3.46332
-1.51801,566.713,30.4617,156.209,3.66733
-2.06635,523.704,27.6158,142.18,3.60325
-4.14398,590.013,28.9162,151.163,3.37522
-4.82828,583.721,27.9201,146.701,3.30484
1.34225,525.683,31.191,156.717,4.0317
-4.15129,535.714,26.2483,137.223,3.37445
-3.99857,537.816,26.4944,138.353,3.39046
0.188259,505.407,28.8221,146.003,3.87826
1.59419,593.591,35.5251,178.178,4.06644
0.569062,572.311,33.0684,167.061,3.92788
-3.29418,501.838,25.3455,131.668,3.46578
-2.78084,564.714,29.0414,150.3,3.52228
-3.51166,578.397,28.9887,150.835,3.44226
1.91909,579,35.0386,175.337,4.11195
-0.634832,584.026,32.3711,164.948,3.77425
-4.84092,521.774,24.9458,131.085,3.30356
-4.71479,555.707,26.6878,140.107,3.31636
-0.560164,548.142,30.4608,155.131,3.78351
-3.16405,585.899,29.7272,154.282,3.47998
-4.81268,576.966,27.6123,145.067,3.30642
1.74506,552.116,33.2137,166.409,4.08748
-0.278722,563.517,31.6219,160.72,3.81872
1.81954,553.199,33.3637,167.072,4.09792
-0.292544,519.116,29.1164,148.001,3.81698
-1.61374,595.527,31.9038,163.718,3.65602
-3.16462,511.945,25.9744,134.806,3.47991
1.08879,503.007,29.5875,148.926,3.9972
-4.46245,544.305,26.3761,138.211,3.34219
-0.00925531,582.434,32.9892,167.347,3.85291
-3.33765,570.671,28.7778,149.546,3.46106
-4.99094,551.058,26.2053,137.858,3.28844
-0.959289,542.618,29.7392,151.891,3.73443
-0.304719,596.132,33.422,169.901,3.81545
-3.88316,591.489,29.2579,152.654,3.40263
-0.216653,588.691,33.1055,168.186,3.82655
-4.41226,539.882,26.2085,137.281,3.34736
-4.25525,556.33,27.158,142.089,3.36362
-4.37063,545.384,26.5147,138.843,3.35166
-3.09474,570.883,29.0361,150.619,3.48757
-0.965756,590.808,32.3731,165.351,3.73364
-2.20847,550.502,28.8849,148.867,3.58692
-4.81194,525.368,25.1436,132.096,3.3065
-0.0357703,575.14,32.5462,165.132,3.84952
-1.16171,520.661,28.3357,144.934,3.7099
-2.94466,538.665,27.5426,142.715,3.5041
-0.884951,588.341,32.3285,165.027,3.74349
-2.65831,587.899,30.3642,157.006,3.53597
-0.759719,578.377,31.9194,162.792,3.75885
1.55063,560.577,33.4994,168.069,4.0604
-0.679059,521.349,28.8528,147.067,3.76879
1.39401,562.837,33.4548,168.03,4.0388
-2.35643,541.756,28.279,145.901,3.57004
-4.43003,555.698,26.9592,141.232,3.34553
-4.49916,573.468,27.753,145.466,3.33841
-2.90454,546.391,27.9771,144.924,3.50854
0.167916,574.316,32.7289,165.817,3.87564
-3.43131,586.94,29.5005,153.407,3.45092
-3.87674,549.765,27.2002,141.911,3.40331
-4.3195,580.505,28.2735,147.996,3.35695
-3.21592,547.553,27.7308,143.976,3.47431
-2.48637,521.357,27.0904,139.902,3.55531
1.37545,515.39,30.6151,153.788,4.03625
-0.749888,584.049,32.2434,164.433,3.76006
-3.38077,578.102,29.1082,151.311,3.45639
-4.81662,503.87,24.1107,126.674,3.30602
-2.60371,573.709,29.6882,153.449,3.54209
-2.27085,501.062,26.2334,135.263,3.57979
-4.34515,592.208,28.8173,150.871,3.3543
-2.49104,501.397,26.049,134.528,3.55479
0.43854,513.678,29.5475,149.412,3.91076
-0.537927,552.734,30.7397,156.527,3.78627
0.463959,563.918,32.4658,164.139,3.91409
-0.338448,544.049,30.4664,154.913,3.81121
-2.73466,524.897,27.0376,139.883,3.52743
0.0181576,534.632,30.3103,153.728,3.85641
-2.60132,513.165,26.5574,137.264,3.54236
-0.462019,569.484,31.7546,161.607,3.79573
0.60951,508.719,29.4349,148.662,3.93321
-1.39336,504.977,27.2614,139.672,3.68214
-4.96589,573.846,27.3134,143.661,3.29096
-4.83354,514.664,24.6124,129.326,3.30431
-1.35286,564.521,30.519,156.316,3.68697
-0.531547,524.522,29.1772,148.563,3.78707
0.810178,511.304,29.7893,150.238,3.95981
-4.30035,597.802,29.1358,152.488,3.35894
1.35384,528.068,31.345,157.478,4.03328
-1.55375,580.314,31.1539,159.8,3.6631
-4.47981,502.482,24.3344,127.529,3.3404
0.760568,540.345,31.4277,158.556,3.95321
-4.25868,523.484,25.5514,133.687,3.36327
-4.01735,522.046,25.7004,134.226,3.38849
-1.01959,560.34,30.6462,156.591,3.72709
1.10953,595.191,35.0348,176.319,4.00001
-3.98486,512.063,25.238,131.779,3.3919
0.0372988,543.475,30.8321,156.353,3.85886
-4.89403,532.259,25.399,133.52,3.2982
-0.952991,504.48,27.655,141.24,3.73519
0.122476,574.934,32.7128,165.789,3.86979
1.95235,569.984,34.5321,172.763,4.11665
-1.64519,569.69,30.4861,156.478,3.65232
-2.1516,520.53,27.3667,140.984,3.59344
-0.486764,537.033,29.9195,152.294,3.79265
-2.94738,595.602,30.451,157.788,3.5038
0.856654,540.923,31.5653,159.143,3.96601
1.51588,537.936,32.1082,161.129,4.05559
-4.68576,590.321,28.3795,148.956,3.31932
-2.01576,505.609,26.7089,137.46,3.60909
-0.07526,569.603,32.189,163.365,3.84449
-4.28306,582.65,28.4148,148.695,3.36073
-1.68806,592.98,31.685,162.683,3.64728
-0.861672,508.149,27.9447,142.625,3.74634
-2.95059,556.755,28.4616,147.483,3.50344
1.04468,585.201,34.3702,173.054,3.99124
0.924985,560.031,32.7571,165.071,3.97515
1.73967,564.542,33.955,170.129,4.08672
-4.26347,529.822,25.8564,135.288,3.36277
-0.0628849,593.197,33.5366,170.19,3.84606
-0.309768,554.416,31.0778,157.99,3.81481
-1.50198,516.707,27.7893,142.488,3.66923
-3.41404,585.858,29.4641,153.198,3.45279
-2.1396,578.064,30.4043,156.619,3.59482
-1.48945,541.437,29.132,149.36,3.67072
-4.69649,577.918,27.7726,145.783,3.31822
-4.55375,543.848,26.2685,137.741,3.33281
0.694376,565.88,32.8381,165.75,3.94442
1.15627,518.44,30.5659,153.778,4.00634
-3.81897,531.324,26.3416,137.373,3.40943
-2.60299,546.676,28.29,146.221,3.54217
-2.11932,502.006,26.4227,136.089,3.59715
-0.638708,507.708,28.1372,143.378,3.77377
-3.89604,587.555,29.05,151.584,3.40127
-0.789964,545.609,30.0795,153.442,3.75513
1.25834,506.209,29.9494,150.568,4.02023
1.13101,558.083,32.8747,165.423,4.00291
-3.04325,597.301,30.4349,157.816,3.49323
-2.62343,541.313,27.9924,144.705,3.53988
0.233235,576.988,32.9553,166.887,3.88407
-2.82624,547.426,28.1074,145.515,3.51722
-0.538954,585.95,32.5858,165.928,3.78615
0.361435,572.915,32.8676,166.291,3.90071
-3.53356,547.898,27.4389,142.794,3.43991
0.653244,594.706,34.462,173.997,3.93898
-0.593805,580.804,32.2383,164.223,3.77934
-4.76012,541.623,25.9695,136.382,3.31175
-0.291912,567.752,31.845,161.87,3.81706
-3.79975,574.307,28.492,148.566,3.41147
1.01607,599.496,35.1752,177.143,3.98739
-1.08769,597.498,32.6012,166.662,3.71884
-2.1681,546.266,28.7032,147.887,3.59155
-3.39884,519.406,26.1361,135.879,3.45443
-3.36443,522.956,26.3467,136.94,3.45816
0.102639,529.157,30.0875,152.506,3.86724
-0.0463725,585.492,33.1199,168.055,3.84817
1.29404,555.024,32.8777,165.248,4.0251
-0.267931,519.943,29.1876,148.336,3.82008
-4.33184,554.293,26.9851,141.264,3.35568
-0.132838,592.505,33.4166,169.665,3.83717
-2.87894,550.311,28.2032,146.067,3.51137
0.0769733,594.503,33.7732,171.219,3.86394
-4.09627,550.586,27.0297,141.251,3.38021
-1.66051,517.483,27.6775,142.078,3.65051
0.775381,527.661,30.7056,154.897,3.95518
-0.946796,561.938,30.8114,157.353,3.73595
-3.17968,545.631,27.6688,143.616,3.47827
-2.06834,542.363,28.5978,147.237,3.60302
0.823542,548.564,31.9748,161.245,3.96159
0.0686393,553.44,31.4314,159.356,3.86287
-4.54107,579.243,27.9907,146.757,3.33411
1.04271,595.654,34.9818,176.136,3.99098
-3.28,505.329,25.5346,132.636,3.46733
-3.75587,506.735,25.1787,131.247,3.41613
-0.0659034,544.136,30.7597,156.101,3.84568
-0.420986,528.323,29.5014,150.095,3.80086
1.59719,521.981,31.2427,156.696,4.06686
-2.8803,591.332,30.3041,156.95,3.51122
-1.81054,561.392,29.8691,153.495,3.63293
-0.203268,589.419,33.1618,168.456,3.82825
-1.36683,558.055,30.1547,154.466,3.6853
1.78012,505.759,30.4615,152.582,4.09239
-3.00862,576.011,29.3859,152.337,3.49704
-4.97793,588.229,27.9859,147.211,3.28974
-0.334581,564.001,31.5879,160.612,3.81169
0.29474,500.146,28.627,144.905,3.89204
-1.88783,542.637,28.7934,148.05,3.62393
0.543207,597.376,34.486,174.254,3.92448
0.861968,559.854,32.676,164.736,3.96672
0.470359,599.252,34.5077,174.454,3.91493
0.601401,502.338,29.0576,146.765,3.93214
-0.671603,577.582,31.9731,162.963,3.76971
-3.42718,589.396,29.6282,154.067,3.45137
-2.18349,522.364,27.4325,141.356,3.58978
1.73169,514.517,30.9378,155.02,4.08561
1.80356,583.052,35.1449,176.012,4.09568
0.894888,509.518,29.7717,150.059,3.97112
-0.718293,576.207,31.8454,162.367,3.76395
-1.8681,526.193,27.9401,143.642,3.62622
-1.0162,535.643,29.2989,149.703,3.72751
-3.58763,545.824,27.2828,142.039,3.4341
-4.29424,532.698,25.9684,135.904,3.35957
-1.05211,576.54,31.4966,160.974,3.72315
0.613471,512.22,29.6416,149.701,3.93373
-0.391336,531.678,29.7192,151.171,3.80457
-1.15372,580.45,31.5984,161.613,3.71087
-4.4662,530.93,25.7245,134.8,3.3418
-0.275333,519.22,29.1395,148.1,3.81915
0.605151,570.474,33.0032,166.689,3.93263
-1.51297,542.156,29.1468,149.461,3.66793
-2.84431,565.172,29.0002,150.157,3.51522
-1.38516,551.486,29.7808,152.571,3.68312
1.06885,578.609,34.0112,171.217,3.99451
-3.99584,580.932,28.6212,149.456,3.39075
0.469676,506.544,29.1685,147.462,3.91484
1.35012,569.436,33.7962,169.797,4.03277
0.93476,531.135,31.0773,156.596,3.97646
-3.83219,543.985,26.9567,140.595,3.40803
-3.78992,587.991,29.181,152.148,3.41251
1.66158,550.641,33.0307,165.588,4.07582
-0.306951,579.166,32.4683,165.055,3.81517
1.29981,572.98,33.948,170.621,4.02589
-1.60069,584.073,31.3044,160.626,3.65756
-4.58334,509.803,24.5982,129.01,3.32978
1.02698,535.259,31.4179,158.209,3.98886
-2.80996,579.199,29.7558,154.031,3.51903
-1.79982,511.987,27.2507,140.029,3.63419
-2.60503,579.559,29.9895,155.008,3.54195
1.64707,554.806,33.264,166.775,4.0738
-0.455229,551.798,30.7757,156.617,3.79658
1.01298,591.972,34.7301,174.905,3.98697
-2.46825,553.498,28.7788,148.601,3.55736
-1.5257,570.012,30.6307,157.085,3.66642
-1.00836,555.391,30.3874,155.256,3.72846
-2.7626,500.233,25.7419,133.206,3.52431
-0.805573,537.888,29.6377,151.205,3.75321
-2.47478,524.219,27.2502,140.715,3.55662
-2.9251,554.702,28.3821,147.044,3.50626
-0.443187,553.705,30.8949,157.21,3.79808
0.856143,595.428,34.7453,175.176,3.96594
-1.70421,506.338,27.0402,138.851,3.64538
0.777274,513.506,29.8838,150.75,3.95543
1.67463,551.482,33.0959,165.9,4.07764
1.69215,588.354,35.3298,177.076,4.08008
-3.29466,567.749,28.6739,148.959,3.46573
-3.61215,502.028,25.072,130.552,3.43147
1.26235,550.681,32.585,163.813,4.02077
1.29917,520.085,30.8134,154.867,4.0258
-3.08196,540.298,27.4929,142.601,3.48897
-1.15924,518.694,28.2311,144.396,3.7102
1.9645,504.787,30.5949,153.052,4.11837
1.0253,530.241,31.1216,156.719,3.98863
1.26447,539.161,31.9056,160.396,4.02106
-4.58135,516.795,24.9373,130.787,3.32998
0.128693,525.96,29.9327,151.693,3.87059
-0.462358,561.646,31.3172,159.381,3.79569
-0.540227,525.831,29.2412,148.899,3.78599
1.32713,598.785,35.5101,178.437,4.02962
-0.311794,532.209,29.8309,151.653,3.81456
-0.46028,507.247,28.286,143.952,3.79595
0.656474,514.334,29.808,150.496,3.93941
-3.76212,538.134,26.733,139.355,3.41547
1.35469,582.368,34.5691,173.675,4.0334
0.434042,530.653,30.5192,154.33,3.91018
-1.36079,524.993,28.3742,145.339,3.68602
1.29166,525.628,31.1338,156.486,4.02477
-4.25141,547.424,26.7269,139.829,3.36402
-4.17751,542.96,26.5786,138.977,3.37172
1.62596,516.593,30.9506,155.199,4.07086
-4.94665,566.674,26.9905,141.942,3.29289
-1.54319,566.918,30.4459,156.157,3.66435
-3.90759,548.361,27.1011,141.426,3.40005
-0.774899,515.826,28.4524,145.126,3.75698
-1.96203,582.349,30.8206,158.559,3.61531
0.990213,511.044,29.9587,150.9,3.98391
-2.38558,546.23,28.4834,146.988,3.56673
-3.99946,599.823,29.5481,154.301,3.39037
1.60377,571.345,34.205,171.545,4.06777
-4.17653,580.104,28.3978,148.489,3.37182
1.52983,501.184,29.9289,150.178,4.05752
-0.532312,546.287,30.3871,154.725,3.78697
-4.45993,588.81,28.5353,149.522,3.34245
1.2504,565.597,33.4539,168.196,4.01914
-4.15635,526.722,25.803,134.901,3.37393
-4.79928,508.555,24.35,127.915,3.30778
0.816945,529.883,30.8789,155.726,3.96071
-2.85053,579.395,29.7235,153.909,3.51453
-0.559021,566.76,31.4967,160.406,3.78365
-2.36613,589.902,30.7816,158.825,3.56894
-4.05389,560.261,27.546,143.904,3.38465
-2.52813,562.591,29.1902,150.792,3.5506
-3.01656,504.81,25.7463,133.477,3.49616
-2.66614,538.537,27.8071,143.791,3.53509
-1.73312,570.774,30.4505,156.395,3.64199
-0.958289,542.329,29.7244,151.814,3.73455
-1.95279,567.841,30.0624,154.648,3.61638
-0.678089,562.473,31.1297,158.672,3.76891
-0.0488892,504.196,28.5187,144.71,3.84785
1.84506,575.463,34.7366,173.917,4.10151
0.663461,597.123,34.6143,174.753,3.94033
-1.7048,530.382,28.3236,145.442,3.64531
-3.52149,563.248,28.2197,146.844,3.4412
-4.47953,512.306,24.8104,130.023,3.34043
1.8542,537.645,32.4639,162.527,4.1028
-0.100356,580.937,32.801,166.501,3.8413
-3.42808,506.807,25.4758,132.475,3.45127
-1.23471,583.224,31.6601,162.023,3.70112
-1.20047,563.452,30.6232,156.678,3.70524
-2.00697,523.279,27.6508,142.298,3.61011
-1.94923,504.156,26.6942,137.317,3.6168
1.67855,536.609,32.2077,161.443,4.07818
0.560248,574.38,33.1779,167.624,3.92672
-1.78389,564.849,30.0811,154.555,3.63605
0.424452,571.828,32.8765,166.262,3.90892
1.37389,502.476,29.8464,149.928,4.03603
-4.2752,514.456,25.0961,131.321,3.36155
-4.36532,508.858,24.7436,129.563,3.35221
-0.46339,566.732,31.5997,160.82,3.79556
1.21114,549,32.4286,163.086,4.01379
-0.188681,506.56,28.5144,144.833,3.83009
-3.93683,575.26,28.401,148.242,3.39696
-1.27114,584.537,31.6911,162.224,3.69675
-3.1428,527.144,26.7661,138.893,3.4823
-0.599527,566.757,31.4524,160.226,3.77863
-4.84799,521.884,24.9448,131.087,3.30285
-4.27566,501.067,24.4425,127.901,3.3615
-2.04812,586.064,30.9239,159.19,3.60536
-0.848622,509.336,28.0226,143.01,3.74794
-4.09396,506.941,24.889,130.062,3.38045
-4.32507,508.16,24.7451,129.532,3.35638
1.05711,537.647,31.5907,159.045,3.99292
-4.30751,524.824,25.5725,133.846,3.3582
-3.86794,528.103,26.1366,136.353,3.40424
-1.21603,594.775,32.3081,165.316,3.70336
0.990658,579.645,33.9809,171.159,3.98397
-4.71062,538.182,25.85,135.705,3.31679
-1.05053,533.502,29.147,148.964,3.72334
1.99617,590.497,35.8284,179.193,4.12286
-0.657295,516.693,28.6167,145.841,3.77148
-4.69952,583.859,28.0551,147.269,3.31792
-3.16873,537.112,27.2473,141.417,3.47946
-1.20998,564.393,30.6642,156.898,3.70409
-0.68533,530.988,29.3798,149.76,3.76801
-4.50598,500.628,24.222,126.965,3.33771
-4.05809,587.885,28.8999,150.982,3.38421
0.951917,573.501,33.576,169.166,3.97876
-2.87828,503.304,25.7947,133.593,3.51145
-3.50382,533.995,26.7707,139.286,3.44311
1.1945,537.903,31.755,159.717,4.01153
1.93505,576.248,34.891,174.579,4.1142
-4.87512,587.713,28.0641,147.509,3.30011
-4.53206,559.912,27.0653,141.896,3.33503
1.22606,563.834,33.3218,167.561,4.01583
-4.29232,520.946,25.3972,132.913,3.35977
-4.39459,564.422,27.417,143.592,3.34919
-2.41729,598.988,31.1997,161.042,3.56313
1.85015,582.307,35.1559,176.009,4.10223
0.260125,565.401,32.3234,163.656,3.88755
0.355433,576.668,33.076,167.353,3.89993
-2.89414,542.116,27.7684,143.831,3.50969
1.2172,597.979,35.329,177.665,4.01462
1.89683,546.478,33.0454,165.389,4.10881
-1.48841,567.416,30.5309,156.531,3.67084
1.89,590.604,35.7053,178.71,4.10784
-1.05074,584.091,31.9106,163.089,3.72332
-1.5599,518.348,27.8213,142.712,3.66238
1.80972,583.405,35.1736,176.148,4.09654
-2.84472,539.061,27.66,143.218,3.51517
-3.19943,559.932,28.3742,147.299,3.47611
0.0815629,564.237,32.0589,162.523,3.86453
-3.63799,589.058,29.3915,153.074,3.42871
-2.38234,577.735,30.1296,155.479,3.5671
-3.9085,599.981,29.6513,154.736,3.39995
-4.43237,569.89,27.6454,144.83,3.34529
0.464751,527.529,30.3717,153.551,3.91419
0.110667,521.633,29.668,150.371,3.86827
-1.85207,505.485,26.8556,138.051,3.62809
-4.9071,532.319,25.39,133.486,3.29688
1.41394,508.668,30.2556,151.941,4.04154
-0.237631,523.59,29.4231,149.501,3.8239
-3.92913,590.303,29.1517,152.152,3.39778
-0.0760964,509.548,28.7944,146.138,3.84438
0.434795,577.69,33.2253,168.013,3.91027
0.673259,534.212,30.9778,156.384,3.94163
-0.227106,523.681,29.439,149.57,3.82523
0.600818,538.399,31.143,157.298,3.93206
1.4497,527.61,31.4207,157.752,4.04646
-2.98764,525.569,26.8324,139.078,3.49935
-4.00093,501.544,24.7054,129.014,3.39021
0.358923,593.366,34.0379,172.215,3.90038
-2.04698,559.147,29.5048,151.883,3.60549
-1.16214,528.033,28.7365,146.984,3.70985
0.117742,594.484,33.8196,171.405,3.86918
-3.54934,540.095,27.0331,140.699,3.43821
-3.94964,520.552,25.6884,134.096,3.39561
1.04888,553.254,32.4986,163.625,3.99181
1.93957,578.16,35.0122,175.18,4.11484
-3.02156,577.298,29.4382,152.623,3.49561
-0.354413,533.685,29.8695,151.896,3.8092
1.77041,598.956,36.0627,180.65,4.09103
-1.28205,563.48,30.5379,156.333,3.69544
-4.51505,590.584,28.5652,149.74,3.33678
-1.87543,590.578,31.3508,161.186,3.62537
-2.11351,529.283,27.864,143.507,3.59782
-2.73948,587.151,30.2392,156.452,3.52689
-2.69931,503.104,25.9472,134.207,3.53138
1.84716,507.077,30.6109,153.258,4.10181
0.0144136,564.753,32.0139,162.372,3.85593
-4.04132,511.689,25.1691,131.474,3.38597
-4.72925,505.959,24.2862,127.513,3.31489
1.35266,554.35,32.9037,165.311,4.03312
-2.12521,519.876,27.3576,140.91,3.59648
0.245507,522.734,29.8691,151.245,3.88566
-4.68912,576.185,27.6966,145.376,3.31898
1.19782,503.227,29.7113,149.434,4.01198
-4.6343,513.964,24.754,129.877,3.32457
1.33596,524.702,31.1261,156.398,4.03083
-2.51934,506.637,26.2951,135.827,3.55159
-4.92118,542.019,25.8397,135.864,3.29546
-3.33327,542.745,27.3738,142.245,3.46154
0.208607,509.181,29.0577,147.175,3.88089
-0.446914,540.884,30.1757,153.554,3.79762
-1.44224,569.075,30.6695,157.189,3.67632
-4.23413,598.459,29.2365,152.94,3.36582
-0.675139,503.674,27.8784,142.096,3.76927
-2.13847,553.03,29.0887,149.841,3.59495
0.532742,509.431,29.3984,148.558,3.92311
0.685732,518.292,30.0676,151.775,3.94328
0.746625,567.255,32.977,166.389,3.95135
0.496319,560.96,32.3315,163.422,3.91833
-0.681924,503.737,27.8753,142.088,3.76843
0.647846,573.651,33.2358,167.813,3.93827
-1.92584,579.653,30.7167,157.983,3.61951
-1.31964,505.026,27.3341,139.97,3.69094
1.20026,547.265,32.314,162.523,4.01232
-2.59497,537.13,27.8038,143.7,3.54308
-2.54798,502.554,26.057,134.626,3.54836
-3.98931,565.278,27.8564,145.456,3.39144
-4.77413,522.032,25.0177,131.397,3.31033
1.70542,588.28,35.3414,177.118,4.08193
-3.41802,537.385,27.0225,140.507,3.45236
-4.81368,549.427,26.2934,138.139,3.30632
-2.56802,548.436,28.4159,146.835,3.54611
-1.65616,540.697,28.9235,148.47,3.65103
-3.74278,521.293,25.9141,135.067,3.41753
-2.09555,586.83,30.913,159.189,3.59989
-0.570872,515.785,28.6521,145.931,3.78218
-3.7388,544.467,27.0699,141.088,3.41795
-1.00018,545.327,29.8452,152.477,3.72945
0.184199,543.996,31.0184,157.133,3.87774
-0.235215,599.196,33.6747,171.1,3.82421
0.892508,580.731,33.93,171.021,3.9708
1.66088,583.73,35.0147,175.535,4.07572
-2.06929,571.302,30.1227,155.089,3.60291
1.582,571.518,34.1899,171.496,4.06475
-2.33219,539.694,28.1953,145.444,3.5728
-3.28746,596.136,30.1152,156.438,3.46651
-0.386869,513.064,28.6831,145.897,3.80513
-1.34249,573.641,31.0232,158.887,3.68821
-1.52064,537.777,28.9037,148.222,3.66702
0.723818,546.944,31.7713,160.332,3.94833
-4.68988,568.361,27.3198,143.398,3.3189
-4.68246,577.947,27.7879,145.848,3.31965
-4.45168,538.636,26.1114,136.813,3.3433
-2.1174,592.172,31.1706,160.541,3.59737
-1.66159,562.761,30.0981,154.505,3.65039
-2.14381,523.571,27.5341,141.839,3.59434
-4.41553,589.224,28.6004,149.814,3.34702
-0.711501,589.848,32.607,166.242,3.76478
1.13538,543.128,31.9985,161.009,4.00351
-4.40551,595.868,28.9332,151.546,3.34806
0.669828,567.891,32.927,166.227,3.94118
-1.93755,591.133,31.3122,161.06,3.61815
0.54645,580.11,33.493,169.233,3.92491
1.84264,544.796,32.8828,164.637,4.10117
0.756343,527.963,30.703,154.905,3.95264
-0.895623,548.559,30.1314,153.823,3.74219
0.0911406,510.507,29.0156,147.085,3.86576
0.397803,572.506,32.8852,166.337,3.90545
-0.630456,546.929,30.3195,154.489,3.7748
-1.1975,580.876,31.5734,161.536,3.70559
0.765055,549.222,31.9489,161.181,3.9538
0.14063,527.573,30.0368,152.208,3.87212
1.84436,589.264,35.5689,178.084,4.10141
-2.98411,523.408,26.7254,138.52,3.49974
1.47863,544.456,32.456,162.917,4.05045
-3.75842,502.021,24.9423,130.017,3.41586
0.244648,501.737,28.6685,145.167,3.88555
-3.43029,541.753,27.2303,141.601,3.45104
-4.91624,516.264,24.6162,129.426,3.29596
-0.160516,566.578,31.9238,162.118,3.83366
-1.60663,538.633,28.8629,148.106,3.65686
1.10269,589.942,34.7177,174.732,3.99908
-1.89904,528.29,28.0212,144.091,3.62262
-2.18833,560.403,29.4251,151.629,3.58923
-4.08359,566.024,27.8,145.263,3.38154
-2.73927,583.483,30.0505,155.476,3.52691
-3.48758,595.434,29.868,155.383,3.44485
0.656773,525.58,30.4601,153.788,3.93945
1.27481,505.691,29.9356,150.481,4.02247
-4.61315,519.422,25.0357,131.335,3.32673
-0.972587,539.667,29.5638,151.01,3.73281
1.7681,575.365,34.6396,173.524,4.0907
-2.53694,511.489,26.5306,137.061,3.54961
-4.00691,546.843,26.9311,140.643,3.38958
-1.12266,551.094,30.0327,153.57,3.71462
-1.21306,550.012,29.8797,152.887,3.70372
-1.83266,512.304,27.2363,139.988,3.63035
-3.55156,513.125,25.6811,133.664,3.43797
-0.661659,547.664,30.3274,154.564,3.77094
0.106767,559.152,31.7976,161.169,3.86777
0.746763,505.825,29.406,148.371,3.95137
-1.89799,545.477,28.9338,148.783,3.62275
1.3112,527.734,31.2795,157.196,4.02745
-1.80799,543.113,28.8992,148.508,3.63323
-3.7483,582.058,28.9291,150.788,3.41694
-2.98289,519.225,26.5129,137.418,3.49988
-1.20361,500.926,27.222,139.279,3.70486
-3.43551,567.599,28.5241,148.335,3.45047
0.105257,504.102,28.6655,145.296,3.86758
-2.26838,564.789,29.5724,152.477,3.58007
0.0287399,524.104,29.7243,150.745,3.85776
-3.11635,584.854,29.724,154.212,3.4852
-1.47404,524.744,28.249,144.816,3.67255
-2.80197,568.099,29.1938,151.112,3.51992
0.390878,551.409,31.6659,160.178,3.90454
-3.36866,526.387,26.5156,137.822,3.4577
-3.47412,570.798,28.6459,149.01,3.44631
-3.75309,557.101,27.6841,144.304,3.41643
-0.21634,551.33,31.0048,157.514,3.82659
-4.58955,553.862,26.7181,140.136,3.32914
-2.9623,597.244,30.5189,158.157,3.50215
-1.37236,551.218,29.7795,152.55,3.68464
-1.77998,579.954,30.8897,158.705,3.6365
-1.04108,509.811,27.8619,142.386,3.72449
1.62364,576.656,34.5464,173.233,4.07054
-4.0951,540.374,26.5294,138.636,3.38033
-3.4545,586.633,29.461,153.228,3.44842
0.690187,569.536,33.0455,166.801,3.94387
1.59657,590.691,35.3545,177.319,4.06677
-0.895379,537.333,29.515,150.676,3.74222
1.01928,577.386,33.8817,170.625,3.98782
-3.92273,590.438,29.165,152.214,3.39845
-2.12778,503.936,26.5164,136.58,3.59618
-2.12792,530.132,27.8946,143.679,3.59616
-1.0769,521.376,28.4585,145.473,3.72015
-2.65071,570.236,29.4598,152.321,3.53682
-3.82962,515.422,25.5436,133.222,3.4083
0.771416,537.898,31.297,157.885,3.95465
0.338204,506.35,29.0255,146.877,3.89768
-1.23211,593.919,32.2435,165.006,3.70143
-2.92258,541.737,27.7212,143.617,3.50654
-3.11296,539.292,27.4117,142.212,3.48557
-3.21464,521.486,26.4118,137.127,3.47445
-4.75744,504.744,24.2035,127.106,3.31203
-3.57655,575.953,28.8002,149.926,3.43529
-3.67386,553.833,27.5989,143.776,3.42487
-1.64429,565.916,30.2851,155.446,3.65242
0.0312196,574.537,32.5874,165.262,3.85808
-0.707701,510.559,28.2276,143.91,3.76525
-3.16351,587.957,29.8322,154.827,3.48003
-3.87731,591.596,29.2692,152.707,3.40325
0.385501,577.768,33.1734,167.81,3.90384
-2.77686,539.935,27.771,143.721,3.52272
-2.25858,596.304,31.2332,161.029,3.58119
-2.00194,520.964,27.5334,141.689,3.61069
0.96717,581.54,34.0645,171.609,3.98081
-0.594378,566.977,31.4702,160.311,3.77926
-3.06094,577.892,29.4276,152.612,3.49128
-4.91728,587.32,28.0032,147.235,3.29585
-0.56871,580.069,32.2256,164.129,3.78245
-1.18351,580.301,31.5576,161.438,3.70728
-1.46717,523.978,28.2146,144.633,3.67336
-0.27279,585.013,32.8348,166.878,3.81947
0.132087,575.901,32.7787,166.112,3.87102
0.68383,556.102,32.2589,162.839,3.94303
-3.20263,521.335,26.4154,137.133,3.47576
-0.395199,513.868,28.7198,146.092,3.80409
-1.69386,513.771,27.447,140.929,3.64659
-2.60672,506.796,26.2228,135.54,3.54175
0.878036,541.57,31.6263,159.426,3.96886
-1.76543,556.221,29.6407,152.271,3.63821
-2.52178,560.877,29.1077,150.359,3.55132
-3.19035,532.432,26.9893,140.1,3.4771
-0.147768,544.043,30.6676,155.724,3.83527
-2.79777,563.723,28.9732,149.966,3.52039
-3.95252,565.973,27.927,145.785,3.39531
-4.43046,583.708,28.3176,148.349,3.34549
-3.09346,507.134,25.7949,133.805,3.48771
1.94695,563.876,34.1557,170.886,4.11589
-4.31874,507.672,24.7269,129.43,3.35703
-0.303238,507.371,28.4471,144.61,3.81563
-4.00822,591.482,29.1281,152.118,3.38945
1.3968,537.318,31.941,160.424,4.03918
-4.85317,531.443,25.397,133.469,3.30232
-0.784959,513.346,28.3057,144.388,3.75574
1.80695,554.269,33.4138,167.338,4.09615
-2.26169,502.547,26.3196,135.698,3.58084
1.43247,584.691,34.7995,174.737,4.04409
0.299179,559.001,32.0006,161.976,3.89261
-4.07778,575.302,28.2616,147.668,3.38214
1.96487,518.473,31.4248,157.203,4.11842
-4.27093,507.141,24.743,129.469,3.36199
-3.75616,534.955,26.5806,138.555,3.4161
-4.88445,555.439,26.5142,139.372,3.29916
1.51318,532.354,31.7721,159.445,4.05522
0.789206,590.215,34.362,173.325,3.95701
-3.56274,575.159,28.7745,149.777,3.43677
-1.1799,565.465,30.7546,157.327,3.70771
-4.16779,578.807,28.3431,148.193,3.37273
1.18023,544.612,32.1353,161.646,4.00959
-2.6145,581.332,30.0712,155.441,3.54088
-3.83722,512.556,25.3947,132.453,3.4075
-3.97027,572.109,28.212,147.292,3.39344
-0.162695,517.305,29.1454,148.01,3.83338
-2.6514,560.289,28.9452,149.661,3.53674
-4.94078,528.235,25.165,132.336,3.29348
-0.981352,548.944,30.0628,153.568,3.73174
-4.50808,538.588,26.0567,136.584,3.3375
-4.11535,507.584,24.9017,130.149,3.37821
1.83589,534.062,32.2274,161.364,4.10022
-1.842,580.96,30.8763,158.707,3.62926
0.711733,550.01,31.9362,161.178,3.94672
-4.93276,573.737,27.3405,143.768,3.29429
-1.92278,584.226,30.9624,159.243,3.61987
1.58389,538.411,32.2114,161.57,4.06501
-2.74025,553.329,28.4965,147.437,3.5268
-0.302205,574.957,32.2376,163.877,3.81576
-4.77476,574.512,27.5321,144.604,3.31027
0.0458687,570.298,32.3633,164.108,3.85996
-4.76099,584.098,28.0052,147.074,3.31166
-1.23871,561.301,30.4657,155.915,3.70064
0.442315,546.08,31.4155,158.853,3.91126
-1.85804,566.945,30.1146,154.81,3.62739
0.643541,553.784,32.08,161.982,3.9377
-0.278448,574.173,32.2201,163.76,3.81875
-0.0408773,544.489,30.8063,156.309,3.84887
-1.25244,590.475,32.0339,163.957,3.69899
0.662167,540.686,31.3413,158.231,3.94016
-4.04381,516.537,25.4053,132.711,3.38571
0.791564,532.598,31.0101,156.415,3.95733
-2.86119,559.109,28.672,148.476,3.51334
-2.29484,549.302,28.7348,148.187,3.57705
-4.60113,588.656,28.3848,148.89,3.32796
-4.82784,555.084,26.5508,139.506,3.30489
1.71223,535.226,32.1616,161.174,4.08289
-4.55704,574.392,27.7405,145.463,3.33247
1.95477,584.816,35.4336,177.27,4.11699
-3.79313,526.263,26.1146,136.163,3.41217
-1.22952,568.102,30.8447,157.844,3.70174
-2.06569,585.104,30.8543,158.852,3.60333
0.743284,535.497,31.1272,157.06,3.95091
1.32353,505.364,29.9662,150.583,4.02913
0.753571,508.817,29.5868,149.276,3.95228
1.50345,502.118,29.9576,150.35,4.05388
1.45595,510.759,30.4237,152.74,4.04732
1.62919,503.985,30.1986,151.425,4.07131
0.61221,583.552,33.768,170.543,3.93357
-4.79771,522.693,25.0283,131.476,3.30794
-1.29272,572.457,31.0129,158.777,3.69416
-0.146928,564.153,31.8021,161.484,3.83538
1.21632,563.283,33.2782,167.353,4.0145
-3.67552,514.229,25.6238,133.488,3.4247
-3.89486,570.692,28.2175,147.238,3.4014
-1.1552,524.499,28.5511,146.028,3.71069
0.445107,589.94,33.9419,171.625,3.91162
-0.635183,572.219,31.7163,161.612,3.77421
-1.45265,521.265,28.0827,143.941,3.67508
-2.33963,580.293,30.3084,156.353,3.57195
1.23356,582.339,34.4243,173.095,4.01685
-4.13422,540.146,26.4815,138.425,3.37624
-2.66563,525.007,27.109,140.181,3.53515
-3.70073,553.707,27.5664,143.635,3.42201
0.00645744,523.87,29.6882,150.585,3.85491
-1.10821,516.162,28.1432,143.893,3.71636
-1.61921,537.377,28.783,147.709,3.65538
-0.706453,598.271,33.0784,168.639,3.76541
-3.12163,518.634,26.3537,136.731,3.48462
1.88342,550.844,33.2941,166.65,4.10691
0.51822,568.978,32.8184,165.857,3.9212
0.846278,526.9,30.7361,154.973,3.96462
-4.76477,509.372,24.4191,128.245,3.31128
-4.48111,513.049,24.8449,130.206,3.34027
0.070989,534.133,30.3373,153.807,3.86318
-0.852852,591.456,32.5359,166.048,3.74742
-2.35695,535.434,27.9485,144.197,3.56998
0.449617,581.978,33.489,169.329,3.91221
-0.97476,541.414,29.6573,151.489,3.73254
-3.49922,547.037,27.4291,142.707,3.4436
-1.55718,540.355,29.0052,148.782,3.6627
-1.89333,518.921,27.5297,141.558,3.62329
1.58648,584.671,34.9821,175.464,4.06537
-4.67642,518.739,24.9465,130.928,3.32027
-1.12778,545.398,29.717,151.962,3.714
-2.45356,581.56,30.2535,156.199,3.55902
-1.75632,513.389,27.3669,140.581,3.63927
-3.08239,565.331,28.7662,149.206,3.48892
-3.95036,535.99,26.4496,138.07,3.39554
0.0886284,550.341,31.2769,158.551,3.86544
0.341247,509.049,29.1833,147.672,3.89808
-0.760863,551.964,30.4606,155.353,3.75871
-2.09642,565.364,29.7813,153.362,3.59979
-0.037206,591.887,33.4923,169.933,3.84934
-3.58295,579.867,28.9893,150.917,3.4346
-4.44937,579.66,28.1024,147.242,3.34354
-4.6617,540.673,26.015,136.521,3.32177
-4.51559,532.065,25.7343,134.901,3.33673
1.90693,596.732,36.0966,180.647,4.11023
-2.47427,543.38,28.2468,145.861,3.55668
-3.62572,560.524,27.9799,145.709,3.43002
-2.77994,549.906,28.2808,146.363,3.52238
-4.44702,562.929,27.2935,143.002,3.34378
-3.88486,538.018,26.6114,138.847,3.40245
-0.330544,580.334,32.5073,165.281,3.8122
-0.66601,551.076,30.5118,155.509,3.7704
1.32941,568.077,33.6917,169.297,4.02994
1.41093,539.464,32.084,161.126,4.04112
0.682876,577.9,33.5223,169.217,3.9429
-1.4207,533.175,28.7563,147.36,3.67888
-2.3165,503.273,26.307,135.688,3.57458
1.88204,566.33,34.2285,171.328,4.10672
-0.194504,596.701,33.5816,170.578,3.82935
-0.525745,576.513,32.0757,163.315,3.78779
-3.01844,590.963,30.1383,156.249,3.49596
-3.52779,569.952,28.5492,148.566,3.44053
1.42906,580.142,34.5248,173.362,4.04362
-3.76989,512.695,25.4623,132.739,3.41464
-2.67631,550.507,28.415,146.946,3.53395
-3.30039,587.223,29.6514,154.044,3.46511
-1.81783,504.465,26.8335,137.903,3.63208
-0.0558417,599.918,33.9249,172.151,3.84696
-1.64975,501.528,26.8343,137.739,3.65178
-2.03235,593.277,31.3218,161.22,3.60718
0.265542,539.003,30.82,156.038,3.88825
-3.79384,534.502,26.5228,138.292,3.4121
-3.45523,519.681,26.0979,135.737,3.44834
0.639438,578.816,33.5253,169.285,3.93716
-4.88985,568.477,27.1313,142.622,3.29862
-2.4098,515.004,26.8323,138.492,3.56398
-3.64607,587.218,29.2913,152.561,3.42784
-1.50687,560.107,30.1183,154.436,3.66865
-4.36161,523.169,25.4429,133.221,3.35259
-0.589545,548.773,30.4649,155.185,3.77986
1.37264,576.74,34.2561,172.081,4.03586
1.83224,542.467,32.7306,163.887,4.09971
-2.52861,525.057,27.2423,140.729,3.55055
-1.12639,510.378,27.8102,142.21,3.71416
-2.57439,558.021,28.9061,149.374,3.54539
-1.19418,572.101,31.1001,159.11,3.70599
-3.15874,535.255,27.1627,140.967,3.48056
-2.70508,537,27.6898,143.226,3.53073
-3.89865,575.619,28.4573,148.494,3.401
-3.95703,582.009,28.7137,149.897,3.39483
-0.377913,511.683,28.6148,145.54,3.80625
-1.08974,513.242,28.002,143.152,3.71859
-1.58192,503.978,27.0292,138.671,3.65977
-1.7035,559.894,29.901,153.54,3.64546
-2.91868,511.863,26.1961,135.712,3.50697
0.473477,567.727,32.6958,165.29,3.91533
-3.63097,548.905,27.3948,142.667,3.42946
0.982181,585.881,34.3364,172.96,3.98283
-3.10219,509.177,25.8908,134.311,3.48675
0.29238,536.362,30.6974,155.388,3.89173
-1.91408,545.646,28.9265,148.763,3.62088
0.484443,575.277,33.1431,167.539,3.91677
-3.48569,572.975,28.7433,149.53,3.44506
-4.78162,583.448,27.9535,146.825,3.30957
-2.21911,562.609,29.5091,152.096,3.58571
0.413063,519.003,29.8277,150.856,3.90744
-2.15338,508.366,26.7255,137.683,3.59324
1.46426,577.908,34.4332,172.859,4.04847
-0.704955,563.964,31.1832,158.975,3.76559
-1.67505,502.105,26.8414,137.801,3.6488
-3.20935,556.513,28.1911,146.359,3.47503
0.0963489,592.487,33.6812,170.729,3.86643
-2.74119,581.853,29.9645,155.033,3.5267
-4.96384,536.421,25.5339,134.299,3.29116
-3.9646,545.461,26.9033,140.454,3.39404
-0.965282,534.037,29.2628,149.464,3.7337
-1.79676,567.733,30.2211,155.288,3.63454
-3.23803,539.03,27.2779,141.648,3.4719
0.973925,545.339,31.9514,160.955,3.98172
1.47841,567.642,33.8379,169.854,4.05042
0.259147,560.545,32.0447,162.246,3.88743
1.13364,537.684,31.6759,159.388,4.00327
-3.91515,583.176,28.814,150.374,3.39925
-0.118026,514.422,29.0277,147.366,3.83905
-2.51696,560.327,29.0841,150.232,3.55186
-1.64479,598.494,32.028,164.392,3.65236
-4.21146,549.416,26.8622,140.496,3.36818
-4.98477,501.214,23.8402,125.41,3.28906
-1.84561,548.172,29.13,149.735,3.62884
-2.36314,514.622,26.8563,138.568,3.56928
-1.22004,517.006,28.0797,143.685,3.70288
-2.61705,561.911,29.064,150.237,3.5406
1.2546,508.086,30.0566,151.111,4.01971
-4.65887,550.539,26.4924,139.023,3.32206
-2.88001,584.221,29.94,155.063,3.51126
-1.67076,569.525,30.4501,156.323,3.64931
-3.12386,522.442,26.5451,137.727,3.48438
-3.61498,519.244,25.9292,135.019,3.43117
-0.291024,597.741,33.5281,170.424,3.81717
-2.973,589.923,30.1334,156.172,3.50097
-1.92898,518.1,27.4519,141.195,3.61915
-0.381455,560.498,31.3409,159.409,3.80581
-0.491185,534.986,29.8009,151.695,3.79209
-4.27853,594.237,28.9845,151.671,3.3612
-4.42673,520.258,25.2428,132.237,3.34587
1.90659,591.338,35.7699,179.013,4.11018
1.52247,579.518,34.598,173.615,4.0565
-0.667477,526.778,29.165,148.646,3.77022
1.03933,591.738,34.7477,174.961,3.99052
0.318738,519.043,29.7332,150.479,3.89515
0.960544,562.449,32.9387,165.945,3.97992
-3.11529,589.468,29.9597,155.433,3.48531
0.397359,580.787,33.3604,168.741,3.90539
1.22103,568.713,33.6044,168.987,4.01514
0.819697,501.595,29.2332,147.423,3.96108
-4.05095,575.406,28.2936,147.806,3.38496
0.142266,577.652,32.8899,166.663,3.87233
-2.30263,528.244,27.6257,142.475,3.57617
-4.37421,596.82,29.0117,151.922,3.35129
-3.63284,560.418,27.9676,145.652,3.42926
-1.51011,584.439,31.4231,161.13,3.66827
-3.64726,597.454,29.8007,155.215,3.42772
-4.01121,516.549,25.4353,132.835,3.38913
-2.77857,523.604,26.9294,139.368,3.52253
-4.20425,517.858,25.3257,132.453,3.36893
-0.727633,570.976,31.5461,160.851,3.7628
-3.16844,552.689,28.0378,145.519,3.4795
-4.14213,550.516,26.9823,141.051,3.37541
-3.60241,597.49,29.8498,155.419,3.43252
1.37916,544.857,32.3696,162.597,4.03676
-4.40641,566.216,27.4926,144.001,3.34797
-4.52303,507.846,24.5564,128.733,3.33596
-0.736519,504.323,27.8549,142.039,3.7617
0.0837418,505.806,28.7411,145.701,3.86481
1.7609,517.156,31.1275,155.939,4.08969
0.218959,544.62,31.0912,157.463,3.88223
1.80836,567.635,34.2212,171.38,4.09635
-0.629523,535.654,29.6954,151.308,3.77491
0.623389,539.934,31.256,157.844,3.93504
-2.82711,525.464,26.979,139.674,3.51713
-3.49257,502.803,25.217,131.192,3.44432
-3.86984,504.308,24.9573,130.203,3.40404
-2.6976,577.984,29.8109,154.189,3.53157
-2.41862,512.822,26.7104,137.871,3.56298
-4.16662,511.531,25.0498,130.973,3.37285
-0.0142923,553.908,31.368,159.129,3.85226
1.6178,504.074,30.1921,151.405,4.06972
-0.26764,540.758,30.3564,154.276,3.82012
-1.36975,599.355,32.3831,165.884,3.68495
-3.05291,566.431,28.8521,149.619,3.49216
1.08592,503.154,29.5932,148.958,3.99681
-1.68476,511.496,27.3342,140.34,3.64766
-1.98797,536.395,28.3627,145.942,3.61231
-3.72736,560.869,27.8967,145.384,3.41917
-0.0276878,583.598,33.0341,167.597,3.85055
1.07268,505.566,29.7216,149.618,3.99502
-0.792606,512.969,28.2774,144.252,3.75481
-2.26354,552.472,28.9324,149.172,3.58062
-2.07801,571.391,30.1182,155.076,3.60191
-1.24508,532.364,28.8887,147.851,3.69988
-0.165922,538.736,30.3494,154.128,3.83297
-1.24741,549.398,29.8106,152.572,3.69959
-3.56849,589.356,29.4787,153.449,3.43615
-4.58934,591.858,28.5513,149.75,3.32916
-1.83517,596.242,31.6961,162.913,3.63006
-1.40564,506.98,27.3578,140.179,3.68068
-1.32618,562.932,30.4614,155.991,3.69016
-3.05713,588.781,29.9861,155.504,3.4917
-2.54339,569.718,29.5442,152.637,3.54888
1.45487,507.703,30.2405,151.821,4.04717
-0.268352,525.06,29.4744,149.795,3.82003
-0.137766,545.88,30.7818,156.293,3.83654
-2.0479,594.141,31.3503,161.385,3.60538
-3.8799,571.152,28.2552,147.419,3.40298
-4.97448,586.304,27.8978,146.744,3.29009
-0.541783,510.531,28.3888,144.56,3.7858
0.810467,508.93,29.6513,149.542,3.95985
0.611002,531.435,30.7509,155.306,3.93341
-0.606967,597.784,33.1657,168.963,3.7777
-2.52652,534.599,27.7394,143.295,3.55078
-4.53387,544.572,26.3221,138.001,3.33485
-0.521682,521.927,29.0428,147.869,3.7883
-4.70041,570.846,27.4289,143.983,3.31783
-2.11601,583.477,30.7143,158.189,3.59753
-3.93622,568.294,28.0577,146.45,3.39703
-3.99006,561.985,27.6934,144.605,3.39136
-4.48175,550.897,26.6772,139.809,3.3402
-2.8378,557.975,28.6374,148.271,3.51594
1.23851,555.351,32.8345,165.096,4.01752
-2.4138,575.786,29.9949,154.819,3.56353
-4.64457,526.038,25.3262,132.89,3.32352
1.96269,526.376,31.9014,159.59,4.11811
-4.93052,541.535,25.808,135.707,3.29452
-0.506223,532.348,29.6385,150.885,3.79022
0.896522,552.324,32.2748,162.674,3.97134
1.49672,561.163,33.4727,167.999,4.05295
-0.75369,519.637,28.6837,146.284,3.75959
0.373516,521.751,29.9448,151.491,3.90228
-1.07241,561.353,30.6453,156.646,3.72069
0.772866,574.326,33.4182,168.584,3.95484
0.696649,549.714,31.9024,161.025,3.94473
0.714516,552.936,32.1091,162.047,3.94709
0.785466,531.775,30.9557,156.148,3.95652
-1.7772,541.316,28.8345,148.143,3.63683
0.937205,526.945,30.8348,155.371,3.97679
-3.29702,587.128,29.6502,154.033,3.46548
-2.44039,572.841,29.8137,153.914,3.56051
-0.81106,537.927,29.6342,151.193,3.75254
-0.469139,507.945,28.3162,144.115,3.79484
-3.98714,519.584,25.6066,133.706,3.39166
1.34369,541.766,32.1469,161.518,4.03189
-2.84204,538.808,27.6496,143.161,3.51547
-0.937581,562.456,30.8497,157.538,3.73707
1.41165,566.84,33.713,169.306,4.04122
-1.40123,595.349,32.1314,164.633,3.6812
-0.846128,537.408,29.5696,150.902,3.74824
-0.893372,504.33,27.7041,141.43,3.74247
-1.26912,576.133,31.2377,159.901,3.69699
-2.43122,535.126,27.8597,143.817,3.56155
-0.656936,594.407,32.9212,167.778,3.77152
-3.7201,549.706,27.3485,142.52,3.41994
-2.55978,597.915,30.9885,160.119,3.54703
-4.85198,564.101,26.9588,141.675,3.30244
1.87929,537.282,32.4698,162.528,4.10633
-1.34686,531.041,28.715,147.07,3.68769
0.980695,536.075,31.4159,158.25,3.98263
-0.698447,595.761,32.9488,167.968,3.76639
1.0421,564.505,33.1518,166.922,3.9909
-4.84532,564.01,26.9609,141.679,3.30312
-4.21084,556.318,27.2003,142.263,3.36824
1.03807,533.124,31.3045,157.625,3.99035
-3.65405,507.317,25.2986,131.773,3.42699
0.995448,537.783,31.5319,158.818,3.98461
-3.49022,543.507,27.2607,141.821,3.44457
0.658247,552.071,31.997,161.546,3.93964
-2.56602,537.002,27.8255,143.781,3.54633
1.35942,578.987,34.374,172.689,4.03405
-1.75811,525.33,28.0017,143.844,3.63906
-3.21636,515.325,26.0982,135.5,3.47426
1.09876,550.705,32.4042,163.093,3.99855
-1.58041,558.549,29.9575,153.693,3.65995
-0.0520167,544.591,30.8002,156.291,3.84745
-4.43476,523.13,25.3749,132.937,3.34504
-0.932861,538.144,29.5211,150.748,3.73765
0.763795,514.56,29.9313,151.003,3.95363
0.0187785,579.53,32.8565,166.641,3.85649
-0.957672,531.944,29.1558,148.91,3.73462
-3.50053,599.57,30.0617,156.405,3.44346
-1.26738,559.814,30.3547,155.379,3.6972
-4.03679,582.28,28.6459,149.631,3.38644
-1.03125,597.098,32.6433,166.81,3.72568
-4.32374,533.499,25.9802,135.996,3.35652
-2.2836,559.935,29.3026,151.103,3.57834
-4.90802,541.839,25.8432,135.869,3.29678
-2.64064,544.698,28.1504,145.54,3.53795
0.216458,500.961,28.5964,144.83,3.8819
1.59074,555.504,33.2418,166.73,4.06597
-4.41178,573.857,27.8583,145.922,3.34741
1.01983,557.211,32.6984,164.665,3.98789
-2.39304,575.316,29.9922,154.782,3.56588
-4.07394,578.613,28.4281,148.534,3.38255
-0.200106,531.049,29.8811,151.787,3.82865
-1.99712,547.31,28.9306,148.874,3.61125
-4.71593,543.584,26.1046,137.046,3.31625
-3.65448,590.781,29.4603,153.451,3.42694
-4.01842,545.264,26.8424,140.191,3.38837
-3.18886,575.509,29.1745,151.441,3.47726
1.80422,557.684,33.6166,168.357,4.09577
1.58222,592.546,35.4481,177.806,4.06478
-2.88959,535.709,27.4446,142.149,3.51019
-2.76731,579.927,29.8379,154.407,3.52378
1.20314,545.656,32.2222,162.057,4.01271
-4.51058,545.056,26.3673,138.214,3.33724
-0.659435,514.965,28.5189,145.345,3.77121
-4.30935,554.345,27.0091,141.367,3.35801
-3.25896,587.955,29.7318,154.414,3.46962
-4.35653,566.015,27.5315,144.152,3.35312
-4.58617,585.768,28.2606,148.222,3.32949
-3.04754,538.392,27.4291,142.234,3.49275
-3.76809,558.178,27.7229,144.522,3.41483
-2.16482,577.607,30.3535,156.386,3.59193
0.614377,571.963,33.0999,167.166,3.93385
-4.12801,540.645,26.5118,138.577,3.37689
-1.9024,528.408,28.0241,144.11,3.62223
-1.00245,595.756,32.6026,166.567,3.72918
-1.50785,529.004,28.4448,145.856,3.66853
-4.64318,543.659,26.1759,137.347,3.32366
-2.4326,554.895,28.8876,149.124,3.5614
-3.55729,519.702,26.005,135.356,3.43736
-1.29101,580.431,31.4467,160.996,3.69437
-1.59973,547.181,29.3281,150.485,3.65767
1.55659,550.814,32.9227,165.169,4.06123
-0.501855,502.81,27.9982,142.53,3.79076
-0.840131,545.71,30.0327,153.259,3.74898
-4.01615,513.791,25.2951,132.108,3.38861
-4.02694,524.652,25.8199,134.86,3.38748
-3.89906,520.317,25.7229,134.226,3.40095
1.11414,590.791,34.7813,175.038,4.00063
-1.54398,574.139,30.8329,158.142,3.66426
-4.80632,512.757,24.545,128.946,3.30707
-4.77978,516.191,24.7327,129.906,3.30976
-2.20534,585.876,30.7443,158.447,3.58728
-3.71206,572.553,28.4932,148.477,3.4208
-2.78397,563.311,28.9661,149.914,3.52193
-1.22312,585.195,31.7799,162.622,3.70251
0.295942,542.776,31.0683,157.261,3.89219
-0.930884,569.404,31.238,159.513,3.73789
-0.787461,543.703,29.977,152.916,3.75544
-1.11742,572.653,31.2133,159.601,3.71525
1.92982,503.965,30.5089,152.659,4.11346
-3.52806,576.177,28.8607,150.187,3.4405
0.319652,514.148,29.4537,149.063,3.89527
-4.59865,584.219,28.1734,147.778,3.32821
-1.63392,502.359,26.8936,138.027,3.65364
-0.525308,566.774,31.5343,160.558,3.78784
-1.08159,539.171,29.4249,150.418,3.71958
-4.31034,509.136,24.8056,129.834,3.3579
0.0368649,545.871,30.9675,157.04,3.8588
-3.00277,589.78,30.0946,156.004,3.49768
-0.0207069,570.444,32.2973,163.851,3.85144
-0.583529,560.035,31.0966,158.396,3.78061
1.83819,552.984,33.3719,167.092,4.10054
-0.310989,577.82,32.3883,164.654,3.81466
-0.947973,502.434,27.5477,140.686,3.7358
-0.596143,552.858,30.6847,156.311,3.77905
0.201478,579.052,33.037,167.338,3.87997
-4.29818,509.254,24.822,129.909,3.35916
-2.89194,506.369,25.9394,134.355,3.50993
0.631807,593.466,34.3648,173.533,3.93615
1.43809,547.233,32.5763,163.567,4.04486
0.353838,554.755,31.8174,160.986,3.89972
-0.510618,593.056,33.0134,168.071,3.78967
1.60967,532.845,31.9065,160.011,4.06859
-1.19508,513.906,27.9356,142.922,3.70588
-0.148956,586.596,33.065,167.899,3.83512
-3.87176,554.475,27.4381,143.147,3.40384
-4.3446,521.065,25.3559,132.748,3.35436
-4.09861,542.819,26.6462,139.249,3.37996
-0.0746794,592.74,33.4972,170.003,3.84456
-3.06999,518.129,26.3759,136.795,3.49029
-0.982748,596.448,32.6628,166.851,3.73157
-0.388451,593.802,33.1951,168.848,3.80493
-3.95552,545.122,26.8953,140.402,3.39499
-2.56072,531.863,27.5643,142.426,3.54693
0.0574395,509.322,28.9146,146.608,3.86144
-2.4532,508.228,26.439,136.505,3.55906
-0.00468075,506.253,28.6788,145.477,3.85349
-0.846609,516.303,28.4079,144.974,3.74818
-4.4919,577.251,27.9433,146.455,3.33916
-3.78027,573.146,28.454,148.347,3.41354
-0.385061,547.445,30.6072,155.681,3.80536
-4.92515,523.155,24.9369,131.121,3.29506
-1.65419,516.496,27.6309,141.832,3.65126
0.886341,512.103,29.914,150.786,3.96998
1.05796,575.597,33.8215,170.275,3.99304
-3.86454,591.683,29.2868,152.784,3.4046
1.95662,578.637,35.0614,175.406,4.11725
-4.17501,527.635,25.8307,135.064,3.37198
0.0275878,523.529,29.6905,150.574,3.85762
0.661631,539.319,31.2615,157.829,3.94009
-2.314,544.82,28.4812,146.9,3.57487
-1.55537,536.103,28.7788,147.619,3.66291
1.56748,574.994,34.3808,172.471,4.06274
-2.56254,583.811,30.2546,156.33,3.54672
-4.6458,596.127,28.6994,150.591,3.32339
-3.55122,549.637,27.5088,143.177,3.43801
-3.27629,566.317,28.6201,148.66,3.46773
1.9199,518.085,31.3531,156.894,4.11206
0.986006,571.402,33.4923,168.703,3.98334
0.976654,572.118,33.5235,168.872,3.98209
-3.49181,558.268,27.9995,145.667,3.4444
-1.45501,546.01,29.4134,150.765,3.6748
0.274354,581.457,33.2577,168.369,3.8894
-3.42253,552.684,27.7873,144.489,3.45187
-0.359032,588.665,32.9414,167.523,3.80862
-2.2849,503.25,26.335,135.801,3.57819
-0.348453,592.952,33.1935,168.792,3.80995
-2.34961,529.238,27.6321,142.557,3.57082
0.372092,589.128,33.8101,171.047,3.90209
-2.54154,531.495,27.5638,142.404,3.54909
-2.51429,579.735,30.0943,155.447,3.55216
-2.06211,518.937,27.3686,140.902,3.60374
-3.89757,559.802,27.6763,144.418,3.40111
-4.38678,535.566,26.0225,136.281,3.34999
0.736897,525.748,30.5538,154.174,3.95006
0.931625,541.394,31.6742,159.607,3.97604
-1.41199,545.118,29.4094,150.697,3.67992
-4.19528,593.163,29.0177,151.752,3.36986
-0.882495,576.411,31.6756,161.692,3.74379
-0.670955,506.732,28.0517,142.976,3.76979
-3.7298,538.865,26.7999,139.671,3.41891
-1.04016,508.657,27.7997,142.067,3.7246
-0.944352,525.829,28.834,147.252,3.73625
-1.47101,542.112,29.1871,149.622,3.67291
-4.84577,541.037,25.8623,135.906,3.30307
-2.30195,535.3,27.9954,144.381,3.57624
-0.0712185,543.049,30.6927,155.766,3.845
-2.97184,501.759,25.631,132.836,3.5011
0.53338,548.698,31.6651,160.012,3.92319
0.546866,598.112,34.5328,174.486,3.92496
-0.751051,570.384,31.4878,160.581,3.75991
-0.742546,573.044,31.6439,161.368,3.76096
0.347223,582.475,33.3996,169,3.89886
-1.55172,542.601,29.1313,149.424,3.66334
-1.26702,519.6,28.1745,144.219,3.69724
-4.04232,527.75,25.9582,135.597,3.38586
-1.72276,520.831,27.7961,142.751,3.6432
0.448015,593.253,34.136,172.602,3.912
-3.06963,598.747,30.4802,158.081,3.49033
0.00553805,565.058,32.0214,162.421,3.8548
-0.953797,531.523,29.1367,148.807,3.73509
0.463029,592.104,34.0874,172.338,3.91397
-2.85076,523.838,26.8731,139.15,3.5145
-4.85383,579.217,27.6794,145.464,3.30226
-1.16037,573.84,31.2313,159.743,3.71006
1.40968,558.991,33.244,166.953,4.04095
-0.392634,598.761,33.4674,170.239,3.80441
-3.83013,573.351,28.414,148.193,3.40825
0.29551,540.459,30.9352,156.588,3.89214
1.17717,578.562,34.135,171.709,4.00918
-0.0715587,528.938,29.8948,151.717,3.84496
-3.70897,589.131,29.3215,152.789,3.42113
0.595442,502.912,29.0849,146.909,3.93135
1.01507,578.344,33.933,170.888,3.98725
0.426146,576.946,33.1727,167.758,3.90914
-0.0450112,559.676,31.6611,160.651,3.84834
-1.91569,512.935,27.1909,139.839,3.62069
-0.342738,551.807,30.8963,157.104,3.81067
-0.0649538,538.976,30.4691,154.625,3.8458
-0.412119,565.247,31.5729,160.624,3.80197
-2.81338,590.687,30.3424,157.071,3.51865
0.628805,595.387,34.4725,174.081,3.93575
-1.47346,568.164,30.5871,156.802,3.67261
0.613827,549.204,31.7822,160.512,3.93378
1.77165,587.989,35.4039,177.349,4.0912
0.562149,581.901,33.6145,169.828,3.92697
1.28161,545.896,32.3232,162.475,4.0234
-0.312104,598.729,33.559,170.606,3.81452
-1.10591,561.96,30.6427,156.671,3.71664
-1.32046,571.007,30.9045,158.254,3.69084
1.95587,570.806,34.586,173.028,4.11715
0.162319,512.354,29.1922,147.905,3.87492
-1.99449,571.742,30.2249,155.531,3.61155
-2.68452,544.762,28.1103,145.379,3.53303
-2.52294,553.182,28.7073,148.291,3.55119
-3.19818,548.248,27.7834,144.23,3.47625
1.33836,511.126,30.3232,152.361,4.03116
1.67253,581.35,34.8859,174.875,4.07734
0.219623,591.672,33.7782,171.071,3.88231
1.84333,557.758,33.6659,168.558,4.10127
-1.95329,577.523,30.5745,157.283,3.61632
-1.55435,579.192,31.093,159.488,3.66303
-0.282584,583.39,32.7327,166.371,3.81823
1.06057,596.293,35.0407,176.41,3.99339
-0.91669,575.337,31.5791,161.239,3.73962
-0.129792,534.318,30.1381,153.016,3.83756
0.04047,521.103,29.5661,149.93,3.85926
0.955722,589.274,34.5039,173.836,3.97927
-4.82443,579.695,27.7313,145.705,3.30523
-1.50351,593.044,31.8931,163.532,3.66905
0.731622,585.699,34.0317,171.729,3.94936
0.00486091,539.183,30.5543,154.98,3.85471
-1.24018,597.642,32.4365,166.003,3.70046
1.41633,556.7,33.1153,166.299,4.04187
-1.76124,598.443,31.8953,163.849,3.6387
-4.34864,561.784,27.3334,143.106,3.35394
-1.76423,584.555,31.1519,160.034,3.63835
-4.07143,563.875,27.7064,144.761,3.38281
-3.11755,572.771,29.1087,151.021,3.48507
-3.34741,531.162,26.7762,139.155,3.46
-3.36699,549.774,27.6953,143.952,3.45788
-4.9842,577.545,27.4715,144.512,3.28911
-3.28327,540.744,27.321,141.919,3.46697
-4.09546,576.915,28.323,148.009,3.38029
-1.12152,518.516,28.2585,144.497,3.71475
-0.986695,513.651,28.1248,143.674,3.73109
-3.25179,532.428,26.9307,139.859,3.4704
-1.78098,522.43,27.8248,142.959,3.63639
-3.3173,562.272,28.3746,147.429,3.46327
0.723463,574.233,33.3561,168.33,3.94828
-0.859443,528.914,29.0888,148.462,3.74661
1.00445,532.525,31.2333,157.304,3.98582
-1.8744,564.938,29.9908,154.192,3.62549
-2.68785,575.005,29.6674,153.436,3.53266
0.740776,573.656,33.3424,168.24,3.95058
-1.12052,585.686,31.9203,163.22,3.71487
0.807817,549.593,32.0175,161.478,3.95949
0.548765,516.534,29.8248,150.696,3.92521
-1.59187,590.817,31.6756,162.521,3.6586
1.53608,585.47,34.9696,175.463,4.05839
-3.4592,582.198,29.2333,152.049,3.44791
-1.22574,541.067,29.3807,150.348,3.7022
-4.56405,529.334,25.5581,134.026,3.33175
-1.57053,565.907,30.3626,155.76,3.66112
-2.53893,589.514,30.5755,157.96,3.54938
0.505774,536.188,30.9138,156.246,3.91957
-0.479836,522.796,29.1333,148.285,3.79351
-2.77107,539.374,27.7478,143.595,3.52337
0.954203,554.092,32.4422,163.451,3.97907
-2.7933,537.561,27.6329,143.024,3.52089
0.218236,583.002,33.2816,168.557,3.88213
0.766518,557.651,32.4408,163.661,3.954
-4.82539,573.363,27.4275,144.109,3.30513
-3.01264,545.296,27.815,144.198,3.4966
0.0240295,592.68,33.6081,170.447,3.85716
-3.52942,512.501,25.67,133.584,3.44035
1.95495,547.281,33.1596,165.893,4.11702
-3.08587,532.76,27.1056,140.596,3.48854
1.46512,585.633,34.8946,175.174,4.04858
-2.61399,525.068,27.1613,140.399,3.54094
0.278825,522.407,29.8848,151.289,3.88998
-3.4645,564.564,28.3426,147.422,3.44734
-3.61543,540.617,26.996,140.574,3.43112
-1.71065,501.14,26.7566,137.401,3.64462
-2.83014,598.471,30.7241,159.066,3.51679
-4.32324,550.878,26.827,140.428,3.35657
-2.97771,509.534,26.0228,134.872,3.50045
1.37169,553.994,32.904,165.29,4.03573
-0.242551,528.166,29.6752,150.787,3.82328
1.80743,570.221,34.376,172.157,4.09622
-3.60065,543.513,27.1548,141.386,3.43271
-3.86555,537.228,26.5905,138.718,3.4045
0.408194,532.241,30.5834,154.683,3.9068
-3.08291,595.813,30.3167,157.248,3.48887
0.417335,526.806,30.2806,153.142,3.90799
-2.28555,501.2,26.2271,135.245,3.57811
0.860793,539.865,31.508,158.849,3.96656
0.110128,547.656,31.1474,157.87,3.8682
-0.715127,568.734,31.4358,160.275,3.76434
0.717981,556.442,32.3165,163.09,3.94755
-4.60749,509.082,24.5422,128.74,3.32731
-0.456479,509.04,28.3897,144.476,3.79642
-4.76398,559.495,26.8227,140.867,3.31136
0.377673,566.074,32.4933,164.378,3.90282
0.376231,535.03,30.7098,155.358,3.90263
-0.821728,570.333,31.4079,160.255,3.75123
-4.39547,586.341,28.4808,149.165,3.3491
-4.96981,567.01,26.9842,141.934,3.29056
-4.77204,570.111,27.3238,143.508,3.31054
-0.00774772,505.723,28.6458,145.313,3.8531
-4.19726,584.241,28.5793,149.461,3.36966
-1.25453,520.361,28.2281,144.48,3.69874
-4.68417,540.836,26.002,136.476,3.31948
-1.0314,596.773,32.6254,166.719,3.72566
-1.66995,554.405,29.6426,152.176,3.6494
-4.36122,513.219,24.9593,130.689,3.35264
-0.673681,569.592,31.5285,160.7,3.76945
-4.59687,580.632,28.0022,146.879,3.32839
1.23411,555.794,32.8557,165.208,4.01692
-3.88551,502.503,24.8541,129.679,3.40238
-3.7766,553.649,27.4896,143.315,3.41393
-1.82779,585.228,31.1186,159.936,3.63092
-1.18152,500.276,27.2076,139.183,3.70752
-0.434443,589.345,32.8935,167.37,3.79918
-0.0799828,512.892,28.9794,147.081,3.84389
-3.96717,531.641,26.2194,136.885,3.39377
-0.295142,555.656,31.163,158.407,3.81665
-1.50895,554.635,29.8219,152.918,3.6684
-0.349835,510.281,28.5642,145.253,3.80978
0.568465,513.277,29.6568,149.826,3.9278
1.64632,556.362,33.3565,167.24,4.07369
-3.70951,573.769,28.5563,148.802,3.42107
0.826095,536.439,31.2708,157.692,3.96193
-4.93417,505.349,24.0803,126.626,3.29415
-3.66394,585.186,29.1716,151.957,3.42593
-4.03603,515.585,25.3655,132.495,3.38652
-3.57095,549.225,27.469,142.99,3.43589
-4.81713,520.94,24.9271,130.964,3.30597
-3.81281,560.346,27.7865,144.902,3.41008
-4.29857,599.847,29.2373,153.017,3.35912
-3.42373,576.271,28.972,150.651,3.45174
-1.55286,508.721,27.3113,140.089,3.66321
1.54141,504.819,30.1579,151.314,4.05913
-4.32986,519.555,25.2956,132.419,3.35588
0.650614,552.361,32.0054,161.597,3.93863
-2.73392,532.152,27.412,141.819,3.52751
-3.21892,538.663,27.2777,141.627,3.47398
-3.17528,580.392,29.4361,152.784,3.47875
1.56033,515.816,30.8348,154.69,4.06175
-0.0860316,554.51,31.3244,158.989,3.84312
-1.47244,587.602,31.6347,162.171,3.67273
-4.05573,563.625,27.7096,144.761,3.38446
0.346435,514.618,29.5079,149.309,3.89875
-0.0237549,545.792,30.8983,156.757,3.85105
0.236475,515.934,29.4714,149.241,3.88449
-1.24108,537.278,29.1594,149.232,3.70035
-0.382797,536.086,29.9745,152.46,3.80564
-3.28687,552.29,27.9008,144.935,3.46658
0.711491,539.978,31.3534,158.237,3.94669
-3.83798,525.486,26.0347,135.791,3.40742
1.51646,587.452,35.0645,175.963,4.05567
1.46031,587.089,34.9756,175.587,4.04792
-0.442771,514.728,28.7205,146.145,3.79814
-3.26819,521.16,26.3455,136.836,3.46861
-3.56224,578.583,28.9463,150.67,3.43683
0.970591,524.802,30.7446,154.88,3.98127
-4.11113,522.401,25.6325,133.964,3.37865
-1.09251,534.498,29.1588,149.07,3.71826
0.286454,565.644,32.3667,163.844,3.89096
-2.5096,568.597,29.521,152.48,3.55269
0.650314,521.29,30.2047,152.505,3.9386
1.55426,577.727,34.5286,173.228,4.06091
-4.71778,579.894,27.8465,146.193,3.31606
1.03989,529.905,31.1174,156.681,3.9906
0.23876,582.295,33.2647,168.447,3.88479
-1.117,548.642,29.905,152.911,3.7153
-4.14647,501.376,24.57,128.445,3.37496
-1.14262,574.826,31.3043,160.096,3.71221
-4.4574,524.168,25.4048,133.116,3.34271
-3.59408,525.585,26.2652,136.747,3.43341
-2.49996,568.543,29.5282,152.506,3.55378
-4.34773,538.556,26.2041,137.193,3.35403
-4.91241,565.527,26.9688,141.792,3.29634
-3.75648,507.829,25.2325,131.528,3.41607
1.64892,529.92,31.774,159.303,4.07405
-4.39559,595.39,28.9202,151.467,3.34908
1.54566,510.751,30.5167,153.11,4.05971
-2.0161,592.711,31.3097,161.138,3.60905
-1.59297,564.811,30.2802,155.362,3.65847
-1.55766,534.664,28.6993,147.213,3.66264
1.61187,561.407,33.6193,168.598,4.0689
0.192879,564.078,32.1732,162.973,3.87886
-4.21444,514.836,25.1688,131.642,3.36787
-3.44348,575.548,28.9155,150.379,3.44961
-4.38739,565.18,27.4608,143.814,3.34993
-2.87247,582.351,29.8521,154.599,3.51209
0.655947,565.233,32.7572,165.387,3.93934
-2.44115,555.195,28.8945,149.169,3.56043
0.262199,509.609,29.136,147.515,3.88782
0.520729,598.51,34.5248,174.478,3.92153
-3.90628,517.741,25.589,133.534,3.40019
0.173816,544.364,31.0283,157.195,3.8764
0.519399,505.434,29.1544,147.339,3.92135
0.799224,545.076,31.745,160.113,3.95835
-1.32511,587.03,31.7665,162.673,3.69029
-4.79671,519.527,24.8776,130.684,3.30804
0.450168,540.192,31.0851,157.174,3.91228
-3.70276,557.447,27.7506,144.597,3.42179
-4.58739,512.443,24.722,129.664,3.32936
-3.14026,552.746,28.0686,145.649,3.48258
-2.52951,564.368,29.281,151.262,3.55044
-1.25329,554.857,30.1007,154.063,3.69889
-1.50862,572.096,30.7611,157.734,3.66844
1.59202,529.576,31.6916,158.953,4.06614
1.15724,542.593,31.991,160.947,4.00647
-2.85666,583.405,29.9227,154.948,3.51385
-1.1849,545.375,29.6568,151.716,3.70711
-2.21942,557.84,29.2587,150.806,3.58567
-2.13739,536.557,28.2233,145.382,3.59508
-0.647924,527.07,29.2009,148.808,3.77263
1.95023,593.634,35.9623,179.921,4.11635
-4.16947,554.41,27.1468,141.94,3.37256
-1.52659,598.281,32.1488,164.871,3.66632
-4.7018,567.196,27.2522,143.056,3.31768
-1.54688,560.839,30.1156,154.467,3.66392
-2.73594,572.571,29.492,152.582,3.52728
-4.13147,533.721,26.169,136.789,3.37653
1.50245,547.983,32.6929,164.079,4.05374
-4.53075,581.266,28.0988,147.313,3.33517
-1.35249,597.988,32.3287,165.585,3.68702
-3.94392,523.073,25.8181,134.767,3.39622
-4.83392,564.467,26.9937,141.839,3.30427
-0.0522103,570.86,32.2857,163.829,3.84742
1.69253,521.31,31.3043,156.9,4.08013
-4.1323,503.001,24.662,128.913,3.37644
1.62138,592.662,35.5026,178.031,4.07022
-2.46584,524.127,27.254,140.726,3.55763
-4.31897,558.029,27.1794,142.268,3.35701
-2.39601,534.311,27.8517,143.738,3.56554
-4.39034,569.737,27.6793,144.962,3.34963
-2.75725,549.415,28.278,146.324,3.52491
-1.42494,580.716,31.3157,160.481,3.67838
-3.39327,545.525,27.4558,142.734,3.45504
-0.406254,500.143,27.942,142.147,3.8027
0.400799,581.143,33.3848,168.861,3.90584
-1.41566,535.065,28.8633,147.903,3.67948
-2.67205,562.582,29.0426,150.187,3.53443
-2.64352,566.935,29.2967,151.469,3.53762
0.824809,594.753,34.6686,174.828,3.96176
-1.70209,521.749,27.8652,143.085,3.64563
-2.59474,573.323,29.6775,153.384,3.5431
-4.01515,546.909,26.9265,140.627,3.38872
-1.281,521.873,28.284,144.794,3.69557
1.11079,562.33,33.1019,166.59,4.00018
0.381508,545.558,31.3198,158.437,3.90332
-0.693258,500.758,27.6996,141.204,3.76703
-2.86804,561.665,28.7962,149.126,3.51258
0.502091,558.249,32.1817,162.658,3.91908
-2.88176,516.021,26.4432,136.955,3.51106
-2.54552,582.045,30.1812,155.931,3.54864
-2.09875,538.331,28.355,146.019,3.59952
1.51964,537.674,32.0967,161.067,4.05611
1.22027,532.983,31.4923,158.367,4.01504
-1.14229,542.044,29.5194,150.967,3.71225
-1.11932,590.116,32.163,164.46,3.71502
1.65645,504.948,30.2844,151.826,4.0751
-3.17605,582.931,29.5641,153.449,3.47866
-3.1039,502.158,25.5324,132.453,3.48656
-4.91097,568.037,27.0899,142.427,3.29649
-4.93168,574.212,27.3641,143.891,3.2944
-0.387174,502.905,28.1149,143.007,3.80509
-1.68976,547.913,29.2752,150.312,3.64708
0.0124895,557.031,31.5741,160.144,3.85568
-3.66579,545.922,27.2125,141.754,3.42574
-2.94926,595.632,30.4505,157.787,3.50359
-2.05735,598.152,31.5515,162.432,3.60429
-3.32889,517.058,26.0822,135.53,3.46201
-0.563369,515.197,28.6269,145.795,3.78311
-4.15934,561.182,27.4883,143.715,3.37361
1.18382,579.419,34.1934,171.994,4.01008
-0.80349,526.73,29.025,148.077,3.75347
-1.68955,512.793,27.3989,140.678,3.6471
-4.92545,590.265,28.1354,147.94,3.29503
-0.491786,542.531,30.2206,153.832,3.79202
0.12192,539.439,30.6926,155.552,3.86972
-4.88572,502.967,24.0083,126.201,3.29904
-1.15083,581.487,31.658,161.914,3.71121
-4.40882,500.208,24.2855,127.205,3.34772
-0.137848,526.937,29.7135,150.869,3.83653
-4.63216,500.12,24.0891,126.386,3.32479
-1.00893,544.475,29.7895,152.202,3.72839
-2.66849,508.541,26.2561,135.774,3.53483
-4.66521,552.528,26.582,139.5,3.32141
-1.85559,511.939,27.1951,139.799,3.62768
-3.96348,559.139,27.5791,143.98,3.39415
-2.76326,598.591,30.8026,159.395,3.52424
0.399549,562.842,32.3321,163.538,3.90567
0.29301,558.791,31.9818,161.888,3.89181
-0.506454,590.287,32.864,167.306,3.79019
0.260768,596.237,34.0871,172.585,3.88764
-4.1651,539.708,26.431,138.193,3.37301
0.468923,579.633,33.3763,168.736,3.91474
-2.56004,527.872,27.3581,141.36,3.547
-4.65626,570.68,27.4641,144.12,3.32233
-3.26681,513.544,25.9618,134.842,3.46876
1.21036,585.172,34.5643,173.828,4.01369
-3.10587,591.425,30.0691,155.99,3.48635
0.940101,552.962,32.3604,163.055,3.97718
-3.52395,572.348,28.6731,149.206,3.44094
0.786213,553.294,32.2092,162.47,3.95662
-2.38778,584.399,30.4714,157.249,3.56648
0.156968,582.164,33.1636,168.033,3.87423
-1.86224,523.981,27.8284,143.062,3.62691
-0.611895,562.532,31.2046,158.978,3.77709
0.306573,550.99,31.55,159.687,3.89357
0.75823,585.841,34.0711,171.896,3.9529
0.920903,503.679,29.4569,148.445,3.9746
-0.310108,518.411,29.0592,147.728,3.81477
-1.79138,541.107,28.8091,148.027,3.63517
0.381248,503.65,28.9136,146.266,3.90329
-2.27741,597.623,31.2817,161.301,3.57904
-0.184682,599.926,33.7746,171.546,3.8306
-1.77423,543.406,28.9489,148.727,3.63718
-0.453871,526.535,29.368,149.452,3.79675
-1.63095,552.249,29.5675,151.747,3.65399
-1.09005,570.937,31.1494,159.243,3.71856
-1.1197,567.816,30.9472,158.243,3.71497
-4.02816,558.245,27.4719,143.49,3.38735
-4.55739,552.566,26.6861,139.934,3.33244
-1.27652,580.455,31.4639,161.067,3.6961
-0.22455,567.676,31.915,162.147,3.82556
-2.22757,511.182,26.8038,138.161,3.58474
-2.45617,594.987,30.9491,159.794,3.55873
-4.98368,503.959,23.9717,126.101,3.28917
-2.66333,550.708,28.4383,147.053,3.5354
-1.32773,525.08,28.4116,145.496,3.68997
-3.88084,554.973,27.4539,143.239,3.40288
1.12949,525.538,30.9559,155.77,4.00271
-2.52083,504.543,26.1851,135.261,3.55142
-1.45152,554.697,29.885,153.178,3.67522
-3.66415,513.035,25.5746,133.221,3.42591
-4.11493,523.486,25.6823,134.228,3.37826
-1.45215,524.025,28.2318,144.705,3.67514
-0.567749,547.637,30.4248,154.956,3.78257
-1.47681,527.468,28.3929,145.557,3.67222
0.1994,552.401,31.5142,159.628,3.8797
1.64374,517.827,31.0434,155.645,4.07333
-4.52494,550.625,26.6231,139.57,3.33577
-2.40385,500.866,26.1011,134.712,3.56466
0.732944,546.263,31.7417,160.172,3.94954
-2.77424,520.4,26.7687,138.532,3.52301
-0.429371,565.081,31.5447,160.501,3.79981
-3.64698,573.786,28.6204,149.067,3.42775
-2.58741,573.486,29.6936,153.459,3.54392
-1.24727,597.835,32.439,166.024,3.69961
1.76588,580.942,34.9727,175.196,4.09039
-2.47911,553.024,28.7432,148.43,3.55613
0.536574,522.462,30.1544,152.374,3.92361
-2.21824,553.815,29.0488,149.722,3.5858
-3.43348,581.99,29.2494,152.104,3.45069
1.94812,520.38,31.5223,157.709,4.11605
1.46619,514.607,30.6636,153.933,4.04873
-3.89025,509.781,25.2099,131.54,3.40188
-2.20609,558.171,29.2897,150.951,3.5872
0.610602,502.249,29.0617,146.776,3.93335
0.80578,560.461,32.6483,164.662,3.95922
-4.1389,516.819,25.3336,132.43,3.37575
-3.75914,512.598,25.4671,132.754,3.41579
0.54153,528.469,30.5063,154.147,3.92426
-2.78021,523.858,26.9409,139.429,3.52235
-0.177891,551.394,31.0497,157.698,3.83146
0.146368,502.494,28.6146,144.995,3.87286
-4.96412,547.481,26.0601,137.067,3.29113
-1.37882,513.209,27.7199,142.006,3.68387
-1.79298,506.504,26.9653,138.555,3.63498
-4.80745,553.257,26.4826,139.126,3.30695
0.778218,506.013,29.4487,148.554,3.95555
1.68129,551.087,33.0797,165.811,4.07857
-1.72177,524.728,28.0051,143.823,3.64332
0.477066,547.188,31.5169,159.326,3.9158
1.99056,515.694,31.2837,156.469,4.12206
-1.3333,583.565,31.57,161.677,3.68931
-1.94015,533.263,28.2443,145.282,3.61785
-0.640792,594.926,32.9685,167.999,3.77352
-0.225269,528.45,29.709,150.94,3.82546
1.10323,504.605,29.6962,149.458,3.99915
-0.98108,511.037,27.9871,142.965,3.73177
-4.43693,503.569,24.4242,127.959,3.34482
1.52448,535.223,31.9557,160.354,4.05678
0.994812,515.534,30.2267,152.245,3.98453
0.379193,581.678,33.3907,168.916,3.90302
1.04655,563.854,33.1186,166.75,3.9915
-0.746714,544.406,30.0582,153.286,3.76045
-3.17826,569.753,28.8935,149.971,3.47842
-1.44802,500.727,26.9805,138.288,3.67563
1.04112,577.956,33.9405,170.895,3.99076
-4.0943,553.579,27.1785,142.027,3.38041
1.91243,541.64,32.7703,163.994,4.11101
-4.03419,526.999,25.9287,135.435,3.38672
1.15552,572.482,33.7512,169.804,4.00624
-1.44903,510.35,27.4981,140.941,3.67552
-0.377474,594.136,33.2264,168.994,3.80631
-4.99554,565.629,26.8938,141.485,3.28797
-0.576095,599.667,33.3058,169.639,3.78153
-3.00965,517.208,26.3851,136.782,3.49693
-1.72483,555.075,29.6216,152.129,3.64296
-3.86371,516.528,25.5675,133.38,3.40469
-2.94566,550.881,28.1663,145.947,3.50399
-1.91366,523.815,27.7696,142.813,3.62092
-3.83467,595.068,29.4855,153.786,3.40777
-4.21822,586.716,28.679,150.006,3.36748
-4.75873,575.773,27.6083,144.987,3.31189
-3.57463,567.579,28.3833,147.754,3.4355
-2.34094,530.289,27.6954,142.875,3.5718
-2.64742,538.16,27.8059,143.766,3.53719
-1.92218,531.304,28.1582,144.82,3.61994
-0.473007,517.917,28.8682,146.929,3.79436
-4.79264,582.503,27.8972,146.542,3.30845
-3.88416,553.616,27.3835,142.875,3.40253
-4.98831,580.682,27.6166,145.28,3.2887
-0.619679,513.026,28.4507,144.956,3.77613
0.659771,571.107,33.102,167.123,3.93985
-0.0895532,508.011,28.6942,145.643,3.84267
-1.59368,508.02,27.2349,139.738,3.65839
0.177502,512.232,29.2005,147.931,3.87687
-4.7752,523.961,25.1091,131.879,3.31022
-2.4299,543.334,28.2884,146.028,3.5617
-1.61199,570.15,30.5461,156.749,3.65623
-2.15834,512.332,26.9293,138.738,3.59267
-3.00389,532.65,27.1783,140.888,3.49756
0.101161,571.655,32.5023,164.748,3.86705
-2.21698,524.77,27.5265,141.875,3.58595
0.511573,584.738,33.7197,170.42,3.92033
-3.47358,558.472,28.0278,145.794,3.44636
-3.36566,547.172,27.5655,143.276,3.45803
-0.263629,567.632,31.8694,161.961,3.82062
-0.824781,572.243,31.5097,160.778,3.75086
1.5592,526.117,31.4494,157.774,4.06159
-4.39342,512.423,24.8921,130.368,3.34931
0.813553,539.132,31.4142,158.429,3.96026
-2.35225,550.818,28.7562,148.359,3.57052
-0.0440737,500.889,28.3364,143.78,3.84846
-3.77403,546.156,27.1201,141.386,3.4142
-0.92972,572.827,31.4271,160.478,3.73803
-1.59537,543.338,29.1265,149.446,3.65819
-3.91391,568.465,28.0884,146.585,3.39938
-1.98957,504.619,26.681,137.29,3.61212
-0.18047,512.316,28.8465,146.512,3.83113
0.316107,501.008,28.6975,145.24,3.89481
-1.24076,541.916,29.4115,150.522,3.70039
0.880517,511.059,29.847,150.454,3.9692
-2.33238,567.208,29.6325,152.858,3.57278
-4.07693,546.737,26.8591,140.34,3.38223
-4.38514,525.552,25.5374,133.739,3.35016
-4.9636,517.529,24.6349,129.57,3.29119
-2.38358,576.103,30.0432,155.035,3.56696
-1.50043,595.126,32.0085,164.12,3.66941
-2.77014,555.343,28.5702,147.85,3.52347
-0.253072,582,32.688,166.108,3.82195
1.48073,509.92,30.3995,152.591,4.05074
1.20358,538.444,31.7968,159.917,4.01277
0.217915,591.47,33.7646,171.004,3.88209
-0.266631,510.761,28.6735,145.722,3.82024
0.705409,574.489,33.3503,168.322,3.94589
0.962277,595.072,34.8513,175.578,3.98015
-3.89209,515.722,25.502,133.066,3.40169
-3.8892,522.3,25.8299,134.774,3.40199
-3.5676,554.321,27.7272,144.331,3.43625
-1.27597,526.003,28.5128,145.96,3.69617
-3.30469,539.789,27.2522,141.584,3.46464
-0.537827,542.849,30.1901,153.728,3.78629
-0.954669,547.294,30.0003,153.219,3.73499
-2.49401,591.784,30.7417,158.767,3.55445
0.0107775,586.818,33.2605,168.7,3.85547
-1.83422,574.802,30.5574,157.059,3.63017
-4.56324,502.092,24.2434,127.131,3.33184
-2.95089,514.732,26.3131,136.35,3.50341
-3.67693,512.2,25.5215,132.956,3.42455
-0.647602,597.863,33.1234,168.797,3.77267
-1.0462,505.388,27.6152,141.131,3.72387
-1.42771,531.615,28.6652,146.901,3.67805
-1.90539,516.215,27.3746,140.773,3.62189
-1.03272,563.26,30.7918,157.35,3.7255
-1.45694,534.256,28.7782,147.511,3.67457
0.494999,522.745,30.1276,152.284,3.91815
0.132414,548.817,31.2375,158.301,3.87107
-2.77183,527.318,27.1269,140.383,3.52328
-1.5128,596.411,32.0638,164.419,3.66795
-4.975,526.608,25.0569,131.801,3.29004
-2.29683,599.901,31.3796,161.828,3.57683
0.701207,558.304,32.406,163.561,3.94533
-0.153706,540.545,30.4642,154.698,3.83452
-3.34822,588.529,29.6672,154.18,3.45992
0.665124,587.302,34.0469,171.887,3.94055
1.80001,504.626,30.4139,152.322,4.09518
-1.23372,555.275,30.1439,154.262,3.70124
-0.264531,573.292,32.1862,163.572,3.82051
-2.43586,548.384,28.5453,147.361,3.56103
-0.517466,524.305,29.1793,148.559,3.78882
1.66913,522.167,31.3307,157.058,4.07687
1.01551,561.21,32.9282,165.828,3.98731
1.92418,524.668,31.7561,158.906,4.11267
-2.68372,560.219,28.9087,149.507,3.53312
-2.09812,533.632,28.1081,144.747,3.59959
0.79623,528.314,30.7656,155.177,3.95795
-4.55869,561.491,27.1159,142.189,3.3323
-1.77769,536.895,28.5986,146.931,3.63677
1.86264,526.136,31.7782,159.085,4.10398
-4.62695,526.159,25.348,132.986,3.32532
0.0955544,549.809,31.2542,158.428,3.86633
-4.83479,534.826,25.5754,134.388,3.30418
0.446228,562.397,32.3585,163.617,3.91177
-1.54429,561.752,30.1673,154.729,3.66422
1.39516,547.288,32.5318,163.393,4.03896
-3.20453,571.54,28.9573,150.331,3.47555
-4.38274,590.251,28.6837,150.214,3.35041
-1.10902,594.448,32.4108,165.714,3.71626
-2.07963,511.858,26.9787,138.912,3.60172
1.84892,533.348,32.1987,161.205,4.10205
0.200974,574.255,32.7627,165.95,3.8799
-4.85464,550.096,26.287,138.147,3.30218
-0.543838,564.781,31.4033,159.912,3.78554
-1.51412,596.545,32.0695,164.449,3.66779
-3.71982,541.676,26.9493,140.439,3.41997
-0.97313,544.403,29.8227,152.332,3.73274
-4.1811,580.423,28.4088,148.551,3.37134
-4.41913,579.993,28.1488,147.452,3.34665
1.04153,592.028,34.7674,175.058,3.99082
0.0217641,506.774,28.7345,145.732,3.85687
0.420405,520.187,29.9033,151.23,3.9084
0.172502,585.982,33.399,169.207,3.87623
-0.955781,510.898,28.0042,143.026,3.73485
1.08679,564.82,33.2211,167.218,3.99693
-0.749171,510.159,28.1649,143.633,3.76014
-1.50566,519.083,27.9135,143.129,3.66879
0.311498,516,29.5515,149.567,3.89421
-4.2461,537.923,26.268,137.423,3.36457
0.0703796,541.223,30.7393,155.846,3.8631
1.48568,574.288,34.2426,171.876,4.05142
-4.15091,552.329,27.0627,141.481,3.37449
-4.2857,549.308,26.7862,140.176,3.36046
-1.3259,550.566,29.7925,152.565,3.69019
-0.202628,567.041,31.9035,162.063,3.82833
1.87182,535.52,32.3551,161.962,4.10528
-4.78848,528.659,25.3223,133.012,3.30888
1.02493,534.88,31.3935,158.088,3.98858
-0.643937,566.554,31.3928,159.973,3.77313
-3.45482,595.715,29.9167,155.599,3.44839
-0.803877,501.166,27.616,140.889,3.75342
-0.969851,512.057,28.054,143.294,3.73314
-3.44711,502.741,25.2544,131.342,3.44922
-0.358885,580.355,32.4765,165.159,3.80864
-1.40733,597.793,32.2564,165.28,3.68048
1.65821,575.271,34.5042,172.979,4.07535
1.14936,590.095,34.7823,174.999,4.0054
-1.52527,503.766,27.0713,138.83,3.66647
1.43758,511.082,30.4238,152.76,4.04479
0.978361,511.113,29.9506,150.872,3.98231
-1.74069,551.495,29.4142,151.081,3.6411
1.95615,584.362,35.4078,177.139,4.11719
-2.99166,575.755,29.3904,152.342,3.49891
-0.0918028,511.481,28.8879,146.629,3.84238
-1.07468,516.131,28.1743,144.018,3.72042
-3.09044,592.188,30.1243,156.259,3.48804
-1.22087,565.386,30.7065,157.127,3.70278
-3.75421,567.766,28.2129,147.061,3.41631
1.66367,513.212,30.7877,154.342,4.07611
-3.49668,514.047,25.7772,134.11,3.44387
-3.62052,555.538,27.7361,144.434,3.43058
-0.250486,564.416,31.7033,161.101,3.82228
-4.52916,543.373,26.2685,137.715,3.33533
1.15248,591.031,34.8411,175.292,4.00583
0.821922,530.16,30.9003,155.828,3.96137
-4.94986,573.421,27.3088,143.619,3.29257
-1.30438,559.466,30.2968,155.124,3.69277
-4.02747,510.606,25.1282,131.247,3.38742
-4.608,533.66,25.7267,134.954,3.32726
-2.79937,541.984,27.8543,144.176,3.52021
0.48709,510.332,29.4042,148.635,3.91712
-3.86837,559.901,27.7099,144.561,3.4042
-0.409944,539.48,30.1359,153.311,3.80224
1.99865,583.83,35.4268,177.181,4.12321
-2.58072,527.36,27.3117,141.142,3.54468
1.88564,597.604,36.1231,180.807,4.10723
0.335763,571.34,32.7482,165.717,3.89737
-3.54088,568.204,28.4485,148.056,3.43912
-4.13296,528.627,25.9179,135.478,3.37637
-1.18805,588.473,31.9969,163.691,3.70673
1.55624,535.428,32.0027,160.554,4.06118
1.08505,581.581,34.2049,172.173,3.9967
-1.05184,598.107,32.6751,166.997,3.72318
-4.73868,519.611,24.9331,130.919,3.31393
1.58524,532.768,31.8753,159.882,4.0652
1.2757,569.676,33.7244,169.526,4.02259
-3.74744,540.284,26.8537,139.97,3.41703
-2.69571,534.083,27.5484,142.485,3.53178
-0.228873,537.637,30.2216,153.549,3.82501
-3.99632,509.908,25.1216,131.182,3.3907
-4.3982,593.218,28.8121,150.903,3.34881
-0.127545,550.552,31.0562,157.675,3.83784
0.205985,569.247,32.4827,164.525,3.88055
0.342971,555.934,31.8731,161.281,3.8983
-3.21025,501.746,25.416,131.952,3.47493
-3.11389,581.094,29.5355,153.231,3.48547
-1.70953,537.167,28.6812,147.283,3.64475
1.22758,582.4,34.4208,173.085,4.01603
1.02844,541.006,31.7569,159.914,3.98906
-2.35777,557.613,29.1053,150.166,3.56989
-2.25121,591.515,30.9904,159.768,3.58203
-1.40998,563.704,30.4142,155.844,3.68016
-1.36708,560.909,30.3087,155.255,3.68527
-4.02555,587.439,28.9113,151.005,3.38762
-0.484099,577.661,32.186,163.828,3.79298
1.79214,546.211,32.9114,164.839,4.09407
-0.253837,525.365,29.5064,149.941,3.82186
-3.70121,536.299,26.6993,139.117,3.42196
-3.11329,527.598,26.817,139.127,3.48553
1.65997,555.648,33.3292,167.087,4.07559
-4.4357,527.21,25.572,133.971,3.34494
-2.83945,567.001,29.099,150.663,3.51576
-1.07907,546.913,29.8501,152.589,3.71989
1.00636,591.64,34.7028,174.776,3.98608
-4.59064,528.8,25.5081,133.79,3.32903
-0.396796,593.127,33.1477,168.618,3.80389
-3.18584,537.539,27.2525,141.462,3.47759
-3.91879,554.682,27.4026,143.012,3.39887
-4.45311,537.881,26.0734,136.615,3.34315
-4.33443,557.078,27.1181,141.964,3.35541
-1.79738,555.612,29.5752,151.97,3.63447
1.38506,531.547,31.5852,158.65,4.03757
0.623688,519.994,30.102,152.016,3.93508
-4.91024,530.739,25.3118,133.078,3.29656
-2.75916,517.468,26.632,137.809,3.52469
1.92638,585.454,35.4379,177.327,4.11298
1.23893,502.18,29.6912,149.29,4.01758
1.13004,556.709,32.7926,165.011,4.00278
0.388633,502.272,28.8419,145.895,3.90425
-1.67807,547.061,29.2416,150.126,3.64845
1.73404,535.266,32.188,161.282,4.08593
-3.75688,568.063,28.225,147.128,3.41603
-3.53445,536.752,26.8799,139.886,3.43981
-1.81661,599.062,31.8666,163.767,3.63222
1.88376,563.164,34.0392,170.378,4.10696
-4.07342,505.147,24.819,129.677,3.3826
-1.61264,542.882,29.0845,149.249,3.65615
-4.09462,512.945,25.1832,131.6,3.38038
1.61311,595.853,35.6836,178.949,4.06907
1.30148,554.877,32.8773,165.237,4.02612
-4.85961,560.397,26.7746,140.715,3.30167
-3.37645,586.642,29.5427,153.565,3.45686
-4.92238,586.375,27.9531,146.977,3.29534
-3.08777,555.358,28.2534,146.551,3.48833
0.0613387,508.091,28.8486,146.27,3.86194
-1.89713,533.715,28.3108,145.578,3.62285
-1.43305,542.015,29.2205,149.752,3.67742
-2.34718,505.572,26.3988,136.192,3.57109
-0.393475,548.221,30.6416,155.866,3.8043
1.86792,593.779,35.8702,179.563,4.10473
-2.78502,566.293,29.1183,150.703,3.52181
-3.18355,562.373,28.5139,148.007,3.47784
1.47563,550.498,32.8128,164.711,4.05003
1.34529,556.536,33.0251,165.929,4.03211
-2.74805,596.657,30.7195,158.947,3.52593
-3.84041,592.912,29.3727,153.205,3.40716
-3.73605,584.981,29.087,151.598,3.41824
-2.91569,508.341,26.0186,134.789,3.5073
-4.53797,595.488,28.7789,150.886,3.33443
-2.90523,582.513,29.826,154.501,3.50846
1.19673,500.874,29.5712,148.731,4.01183
-3.70555,500.475,24.912,129.809,3.42149
1.79869,563.813,33.9796,170.182,4.09499
-3.32162,557.729,28.1411,146.22,3.4628
-1.3896,517.262,27.9283,143.085,3.68259
-0.357167,502.637,28.1291,143.048,3.80886
-0.680388,540.205,29.8949,152.381,3.76862
-3.25241,594.368,30.063,156.127,3.47033
-0.45036,504.352,28.1342,143.17,3.79719
0.937447,544.161,31.8424,160.448,3.97682
-2.81981,598.9,30.7573,159.226,3.51794
-2.15685,534.009,28.0702,144.614,3.59284
1.43579,594.704,35.3995,177.746,4.04454
-1.34292,595.89,32.226,165.047,3.68816
-2.23446,581.836,30.5012,157.227,3.58395
1.251,572.926,33.8881,170.378,4.01922
-4.01682,513.409,25.2757,132.007,3.38854
0.668243,563.533,32.6725,164.944,3.94097
1.87615,571.561,34.5377,172.883,4.10589
-3.24581,533.077,26.9692,140.053,3.47105
0.475114,541.959,31.2136,157.795,3.91555
1.82477,567.588,34.2375,171.442,4.09866
1.50783,502.425,29.9804,150.46,4.05448
-2.05518,520.671,27.4666,141.4,3.60454
1.2784,523.924,31.0188,155.922,4.02296
-2.5982,534.97,27.6889,143.109,3.54271
-0.322333,519.514,29.1087,147.993,3.81323
0.612989,596.93,34.5431,174.456,3.93367
-0.167645,536.778,30.2373,153.561,3.83276
-3.72844,548.147,27.2629,142.082,3.41905
-2.49122,570.373,29.6323,153.034,3.55476
-3.9946,542.718,26.7397,139.63,3.39088
-4.88048,575.306,27.4664,144.373,3.29956
-2.85159,542.353,27.8222,144.065,3.51441
-0.772958,532.512,29.3748,149.829,3.75722
-2.22302,548.784,28.7801,148.343,3.58526
-0.954142,505.963,27.7352,141.65,3.73505
-2.91482,508.927,26.0494,134.948,3.5074
1.70511,588.988,35.3836,177.33,4.08189
0.740162,576.596,33.5126,169.1,3.9505
-3.11444,513.496,26.0992,135.404,3.48541
-0.512948,582.226,32.4079,164.992,3.78938
-2.01666,587.691,31.0439,159.771,3.60899
-2.28972,513.662,26.8753,138.592,3.57764
-4.8439,524.394,25.0684,131.733,3.30326
-4.58569,520.809,25.1271,131.787,3.32954
-2.34804,564.668,29.4836,152.107,3.57099
-2.18627,532.54,27.9641,144.098,3.58947
-0.919413,500.065,27.445,140.133,3.73929
0.787315,518.944,30.2107,152.388,3.95676
-4.10502,563.172,27.6389,144.444,3.37929
-4.16312,568.013,27.8191,145.449,3.37322
-4.18923,549.09,26.8675,140.5,3.37049
-1.74306,521.977,27.8376,142.985,3.64082
-2.93714,597.5,30.559,158.336,3.50493
-1.1969,513.894,27.9332,142.911,3.70566
-3.58832,595.878,29.784,155.061,3.43403
-2.27883,581.735,30.4485,157.006,3.57888
0.420034,500.252,28.7569,145.433,3.90835
-3.85939,521.215,25.8035,134.607,3.40515
-1.35212,500.561,27.0619,138.608,3.68706
0.773064,568.684,33.0901,166.929,3.95487
-1.18046,519.79,28.2699,144.617,3.70764
-1.05242,575.702,31.4505,160.739,3.72311
-1.05796,530.5,28.9755,148.095,3.72244
-3.35786,582.154,29.3359,152.469,3.45887
-3.66494,508.678,25.3567,132.086,3.42583
-2.93003,593.489,30.3615,157.304,3.50572
-1.6097,588.708,31.5429,161.861,3.6565
-4.38233,519.16,25.2293,132.123,3.35045
-1.2613,535.99,29.069,148.791,3.69793
-1.79099,538.015,28.6449,147.183,3.63522
-4.62529,526.063,25.3448,132.968,3.32549
0.532294,509.769,29.4175,148.655,3.92305
-2.77137,551.303,28.3612,146.77,3.52333
-4.1929,516.07,25.2485,132.037,3.37011
-1.37717,505.306,27.2946,139.826,3.68407
-4.08729,562.229,27.61,144.274,3.38115
1.89644,581.182,35.1434,175.89,4.10875
-0.291316,558.17,31.3082,159.14,3.81713
-3.85524,561.934,27.8234,145.14,3.40559
-3.59957,572.823,28.6203,149.015,3.43282
0.240348,526.55,30.0819,152.328,3.88499
-1.85699,519.429,27.5917,141.839,3.62752
-0.0228446,560.172,31.7134,160.891,3.85117
-2.16002,580.315,30.5009,157.14,3.59248
1.5528,529.457,31.6421,158.748,4.0607
1.36403,506.197,30.0573,150.998,4.03468
-1.11206,547.207,29.8319,152.532,3.7159
-1.97165,558.338,29.5398,151.981,3.6142
-4.19587,573.025,28.032,146.597,3.3698
-0.924015,528.951,29.0257,148.209,3.73872
-2.64226,573.433,29.6337,153.211,3.53777
-4.3341,507.257,24.6932,129.269,3.35544
-0.32008,569.974,31.9385,162.377,3.81351
-1.20177,553.956,30.1057,154.032,3.70508
1.52143,586.415,35.0085,175.676,4.05636
-3.39214,589.629,29.6767,154.279,3.45516
-3.23044,506.224,25.6246,133.055,3.47272
-3.94789,517.867,25.5575,133.411,3.3958
0.930113,530.657,31.0444,156.435,3.97584
-3.01712,572.781,29.2124,151.447,3.4961
-4.17549,550.662,26.9575,140.957,3.37193
1.21814,517.035,30.5478,153.62,4.01475
0.769595,585.506,34.0649,171.85,3.95441
-3.49623,541.574,27.158,141.293,3.44392
-4.34174,573.633,27.9168,146.153,3.35465
-1.76014,501.09,26.7077,137.199,3.63882
1.08331,522.321,30.7178,154.622,3.99646
-3.37771,562.736,28.3375,147.301,3.45672
-0.567444,500.32,27.7963,141.569,3.78261
0.697475,551.858,32.0277,161.656,3.94483
-3.94912,529.299,26.1205,136.351,3.39567
-2.97966,526.218,26.873,139.281,3.50023
-1.20459,550.149,29.8959,152.961,3.70474
-0.946327,505.823,27.7351,141.642,3.736
-1.41293,593.17,32.0007,163.977,3.67981
-2.9695,502.713,25.6819,133.097,3.50136
-1.32312,535.043,28.9553,148.275,3.69052
-1.96592,588.803,31.1579,160.299,3.61486
-0.12565,597.652,33.7153,171.173,3.83808
1.85971,540.979,32.6714,163.56,4.10357
1.31623,585.886,34.7322,174.542,4.02813
-4.35858,541.373,26.331,137.868,3.35291
0.840324,545.548,31.8173,160.432,3.96383
-1.31431,566.824,30.6846,157.121,3.69158
-4.36702,564.331,27.4394,143.681,3.35204
-1.62054,542.105,29.0349,149.003,3.65522
-3.65573,551.183,27.4845,143.16,3.42681
-4.72126,558.182,26.8005,140.706,3.3157
0.532819,564.473,32.5749,164.61,3.92312
-3.17558,539.682,27.3711,142.066,3.47871
-4.33381,519.301,25.2797,132.339,3.35547
-2.13938,533.61,28.0664,144.576,3.59485
-4.19807,539.926,26.4108,138.121,3.36957
1.25429,574.378,33.9778,170.825,4.01967
-4.20862,578.001,28.2627,147.817,3.36847
-2.88084,523.358,26.8201,138.906,3.51116
-3.9324,553.405,27.3264,142.628,3.39743
-0.628672,537.661,29.8075,151.879,3.77502
-0.605184,594.453,32.9829,168.03,3.77793
-4.24529,506.68,24.743,129.444,3.36466
1.245,554.231,32.7756,164.792,4.01841
-0.0157347,527.369,29.8636,151.499,3.85208
0.564619,584.699,33.779,170.656,3.9273
1.43081,591.983,35.2315,176.908,4.04386
-2.41838,596.277,31.0574,160.309,3.56301
1.59621,507.809,30.3934,152.437,4.06672
-3.28612,508.306,25.6795,133.395,3.46666
-0.917822,508.961,27.9348,142.632,3.73948
-1.54283,515.357,27.6772,141.956,3.66439
0.706574,582.314,33.8059,170.62,3.94604
-0.134939,579.023,32.6539,165.795,3.8369
-1.24466,507.304,27.5292,140.893,3.69992
-0.569923,534.121,29.6717,151.123,3.7823
-4.44119,590.715,28.6467,150.085,3.34438
-0.26144,562.001,31.5556,160.364,3.8209
0.343548,592.56,33.9736,171.909,3.89838
-3.57086,502.448,25.1296,130.812,3.4359
-0.305245,579.076,32.4652,165.038,3.81538
-0.189544,581.892,32.7538,166.367,3.82998
-3.0462,579.958,29.5481,153.221,3.4929
-3.44433,553.555,27.8097,144.629,3.44952
1.95777,568.692,34.4602,172.396,4.11742
1.68932,587.227,35.2588,176.724,4.07969
-1.68212,564.649,30.1774,154.935,3.64797
-4.13552,548.839,26.9064,140.648,3.3761
-3.16447,533.901,27.0885,140.588,3.47993
-0.962718,577.32,31.6373,161.589,3.73401
1.42082,506.237,30.1181,151.243,4.04248
-1.92711,553.201,29.3137,150.768,3.61936
-3.8065,563.508,27.9496,145.745,3.41075
1.63403,532.394,31.9061,159.981,4.07198
-3.87027,535.049,26.4782,138.138,3.404
1.90549,541.451,32.7511,163.906,4.11003
-0.125251,543.342,30.6519,155.62,3.83813
-3.7228,503.591,25.0518,130.554,3.41965
-1.6506,581.649,31.1202,159.739,3.65168
-2.92536,580.524,29.7031,153.888,3.50623
-3.81083,529.122,26.24,136.835,3.41029
-0.225526,545.199,30.6503,155.723,3.82543
-0.89283,595.841,32.7316,167.095,3.74253
-2.55313,531.632,27.5597,142.395,3.54778
-0.619945,521.472,28.9188,147.341,3.7761
0.785805,594.951,34.6337,174.7,3.95656
-0.222923,561.362,31.5618,160.351,3.82576
1.92257,570.566,34.5323,172.8,4.11244
-4.07171,519.311,25.5165,133.319,3.38278
0.6926,512.652,29.7474,150.152,3.94419
-0.872659,501.241,27.5543,140.644,3.745
1.92318,559.552,33.8664,169.467,4.11252
-0.66514,521.134,28.8548,147.063,3.77051
1.00507,592.614,34.7583,175.057,3.98591
-0.589204,547.248,30.3806,154.755,3.77991
-0.811494,573.82,31.6111,161.28,3.75249
0.797589,531.314,30.9417,156.064,3.95813
-0.930504,579.999,31.8198,162.483,3.73793
-3.59667,558.884,27.9268,145.401,3.43313
-4.26143,525.259,25.6356,134.13,3.36298
-0.660558,553.519,30.6528,156.221,3.77107
0.498377,521.224,30.0435,151.855,3.9186
-3.95159,557.455,27.5076,143.595,3.39541
-2.9518,504.643,25.7965,133.674,3.50331
-4.66282,540.014,25.9822,136.35,3.32166
1.69086,544.946,32.7218,164.006,4.0799
0.576285,529.887,30.6247,154.707,3.92883
1.81249,516.519,31.144,155.965,4.09693
-2.54613,594.783,30.841,159.34,3.54857
0.073996,528.806,30.0379,152.286,3.86356
-2.0363,579.512,30.5909,157.462,3.60672
1.12291,583.865,34.3838,173.027,4.00182
-3.7377,556.932,27.6907,144.322,3.41807
-0.603419,594.188,32.9703,167.963,3.77814
-3.34196,529.855,26.7155,138.833,3.4606
1.31801,578.195,34.2783,172.259,4.02838
-4.76834,517.284,24.7952,130.224,3.31092
0.0084693,560.958,31.7922,161.255,3.85517
0.774431,564.539,32.8505,165.718,3.95505
-0.519107,582.442,32.413,165.025,3.78862
-3.95687,501.707,24.7521,129.215,3.39485
-1.61081,571.75,30.6331,157.194,3.65637
-1.46385,572.61,30.8368,158.071,3.67375
1.00602,564.796,33.1278,166.844,3.98603
0.546767,524.262,30.2689,152.942,3.92495
-2.30128,528.85,27.6587,142.644,3.57632
-1.4561,510.794,27.5152,141.036,3.67468
-0.0872536,592.321,33.4589,169.825,3.84296
1.65441,593.755,35.6082,178.519,4.07482
-2.42007,538.451,28.0438,144.755,3.56282
-0.455639,530.995,29.615,150.711,3.79653
-2.63401,515.791,26.6627,137.841,3.53869
-0.71321,506.099,27.9757,142.631,3.76457
-3.62811,519.211,25.9155,134.96,3.42977
0.620685,562.677,32.5695,164.48,3.93468
-2.65105,526.289,27.189,140.58,3.53678
-4.22684,588.888,28.7764,150.524,3.36658
-1.35332,571.126,30.8755,158.143,3.68692
-4.44293,513.658,24.9083,130.5,3.3442
-2.63984,506.015,26.152,135.207,3.53804
-4.48994,559.691,27.0951,142.008,3.33936
-2.47019,555.983,28.9061,149.261,3.55714
-2.98349,525.292,26.8221,139.021,3.49981
-4.76523,532.826,25.543,134.148,3.31124
-3.68269,575.006,28.6451,149.235,3.42393
1.53677,589.816,35.23,176.769,4.05848
-4.51823,596.852,28.8651,151.316,3.33645
-2.95536,553.381,28.2844,146.57,3.50292
-3.99389,553.902,27.2914,142.51,3.39095
-2.66825,593.398,30.6375,158.43,3.53485
1.47735,579.609,34.55,173.43,4.05027
-3.76785,576.524,28.6343,149.273,3.41486
-0.326218,585.764,32.8163,166.848,3.81274
-0.746956,529.973,29.2611,149.221,3.76042
-0.00428407,503.157,28.5038,144.589,3.85354
-2.07141,510.578,26.9189,138.597,3.60267
-0.914415,551.617,30.2796,154.601,3.7399
-4.93099,583.852,27.8242,146.309,3.29447
-4.38623,531.891,25.8445,135.348,3.35005
-3.42471,538.02,27.048,140.647,3.45164
1.68095,522.929,31.3892,157.338,4.07852
-0.0203475,592.816,33.5644,170.279,3.85149
-2.68722,574.014,29.6169,153.174,3.53273
-2.61647,550.833,28.4916,147.278,3.54066
-3.45621,500.79,25.1483,130.799,3.44824
-1.04067,515.487,28.1725,143.973,3.72454
0.540273,550.405,31.7712,160.54,3.9241
-1.76217,524.789,27.9689,143.68,3.63859
-2.57528,504.913,26.1542,135.155,3.54529
-0.496942,589.433,32.8273,167.107,3.79138
-0.663436,514.934,28.5132,145.32,3.77072
0.0806292,576.835,32.7736,166.147,3.86441
1.74572,528.581,31.7987,159.318,4.08757
-4.95685,557.313,26.535,139.557,3.29187
-2.62055,571.494,29.5561,152.785,3.5402
-0.889074,534.941,29.39,150.032,3.74299
1.6876,521.033,31.2824,156.795,4.07945
-3.63943,513.775,25.6339,133.505,3.42855
-0.570074,552.053,30.6677,156.196,3.78228
-0.0377546,547.62,30.9868,157.222,3.84927
-0.895041,555.974,30.5393,155.905,3.74226
-0.00746426,585.027,33.1381,168.101,3.85313
-4.06937,507.151,24.9211,130.206,3.38303
1.72185,552.785,33.2277,166.505,4.08423
-3.45859,565.954,28.4183,147.81,3.44798
0.15305,531.428,30.2693,153.372,3.87372
1.02135,596.972,35.0335,176.423,3.9881
-2.61801,567.384,29.3461,151.697,3.54049
0.526505,594.613,34.3068,173.369,3.92229
0.733905,500.739,29.0974,146.828,3.94966
1.07186,532.564,31.3079,157.605,3.99491
-2.50769,572.081,29.7039,153.422,3.55291
-3.68546,529.101,26.3556,137.31,3.42364
-0.764852,560.691,30.9379,157.792,3.75822
-2.53322,595.16,30.8745,159.499,3.55003
-1.3335,588.825,31.8543,163.133,3.68928
0.0509323,521.049,29.5737,149.957,3.86061
-4.91472,534.852,25.5039,134.092,3.29611
-3.02707,563.539,28.731,148.962,3.49501
-4.15457,588.838,28.8478,150.817,3.37411
-0.574095,542.021,30.1062,153.34,3.78178
-1.79482,561.518,29.8923,153.597,3.63477
1.64185,577.798,34.6364,173.662,4.07307
-4.54502,566.797,27.3855,143.588,3.33371
-0.98451,592.541,32.4469,165.75,3.73136
-4.67696,567.975,27.3138,143.353,3.32021
0.81235,534.203,31.1257,156.976,3.9601
-0.846443,532.187,29.282,149.434,3.7482
-0.306841,526.343,29.5071,150.002,3.81518
1.60903,567.006,33.9513,170.267,4.06851
-3.63316,572.69,28.5797,148.84,3.42923
-0.0251292,528.178,29.8997,151.692,3.85088
-4.95707,522.892,24.8959,130.937,3.29184
-3.74183,552.735,27.4781,143.218,3.41763
1.99982,523.251,31.7522,158.802,4.12338
-0.441644,592.162,33.0425,168.136,3.79828
1.30635,504.505,29.8977,150.257,4.02678
-3.65794,510.264,25.4421,132.524,3.42658
-0.514217,559.126,31.1208,158.44,3.78923
-1.01094,559.401,30.6041,156.366,3.72814
-3.02292,506.971,25.8507,134.025,3.49546
0.123435,587.74,33.4425,169.487,3.86991
-1.4849,572.73,30.8206,158.012,3.67126
0.22619,551.036,31.4654,159.35,3.88316
1.2755,534.11,31.6186,158.941,4.02257
-1.76671,528.046,28.138,144.553,3.63806
-1.26377,532.408,28.8723,147.787,3.69763
-0.340176,593.168,33.2151,168.892,3.81099
-4.4835,576.211,27.9013,146.226,3.34002
1.39423,571.256,33.9554,170.544,4.03883
-4.7031,577.118,27.7277,145.554,3.31755
1.54388,506.627,30.2685,151.867,4.05947
-2.39507,541.407,28.2225,145.651,3.56565
0.733686,529.146,30.7479,155.156,3.94964
0.305545,521.998,29.8889,151.281,3.89344
1.15861,516.109,30.4309,153.096,4.00666
-2.66729,529.569,27.3429,141.392,3.53496
-1.20332,541.212,29.4116,150.482,3.70489
-3.04209,501.701,25.5647,132.561,3.49335
-4.52705,558.606,27.007,141.585,3.33555
1.8228,564.55,34.052,170.516,4.09838
-1.66434,592.499,31.6856,162.657,3.65006
1.57897,507.902,30.3811,152.394,4.06433
-2.059,547.096,28.8568,148.561,3.6041
-1.88263,535.624,28.4265,146.158,3.62453
-4.86359,513.847,24.547,129.012,3.30127
-0.795552,571.58,31.5051,160.721,3.75444
-4.43804,561.199,27.2183,142.598,3.3447
-1.30943,501.878,27.1734,139.137,3.69216
-3.68158,558.964,27.847,145.076,3.42405
-2.72335,526.013,27.1058,140.224,3.52869
-4.54004,599.854,28.9878,151.984,3.33422
-4.01936,507.505,24.9828,130.48,3.38828
-1.55586,523.378,28.0952,144.113,3.66285
-0.858685,509.022,27.9955,142.882,3.74671
1.65803,582.363,34.9293,175.111,4.07532
-1.14019,502.884,27.3887,140.068,3.7125
0.576015,579.772,33.5076,169.271,3.9288
0.154009,576.731,32.8508,166.451,3.87385
1.82955,590.194,35.607,178.294,4.09933
0.736293,509.88,29.631,149.518,3.94998
-2.4079,594.432,30.9726,159.859,3.5642
-2.9707,594.717,30.3808,157.451,3.50122
-0.331844,528.578,29.6068,150.536,3.81204
-3.59509,582.617,29.1142,151.582,3.4333
1.18758,552.1,32.5854,163.902,4.01059
-2.60994,592.392,30.6483,158.418,3.54139
0.681662,568.501,32.9757,166.459,3.94274
-1.04724,578.087,31.5864,161.428,3.72374
1.69108,506.293,30.4011,152.374,4.07993
-3.77077,515.139,25.5828,133.368,3.41455
-4.78553,566.272,27.1268,142.487,3.30917
-4.14327,583.236,28.5848,149.43,3.37529
-0.690919,524.648,29.0234,147.949,3.76732
-2.21424,574.016,30.1126,155.201,3.58626
-1.99689,588.2,31.0923,159.997,3.61128
-0.687768,572.831,31.6924,161.551,3.76771
-0.471668,509.742,28.4139,144.615,3.79453
1.57664,574.118,34.3392,172.251,4.06401
-2.57292,591.883,30.6618,158.445,3.54556
-3.48102,527.265,26.4547,137.619,3.44556
-4.61977,553.612,26.6774,139.953,3.32605
-3.96969,531.751,26.2224,136.904,3.3935
-4.28327,552.441,26.9414,140.985,3.36071
-3.58803,509.366,25.4602,132.55,3.43406
-4.56384,554.606,26.7785,140.425,3.33178
-3.03456,559.602,28.5227,147.891,3.49418
-4.08225,505.163,24.8121,129.649,3.38168
-0.686835,561.219,31.0509,158.28,3.76783
-2.7357,599.889,30.8993,159.863,3.52731
-2.59608,573.253,29.6725,153.359,3.54295
-1.99813,519.578,27.4637,141.326,3.61113
0.444005,525.51,30.2339,152.876,3.91148
-1.27005,529.424,28.7042,146.933,3.69688
-2.0921,507.437,26.734,137.665,3.60029
1.60509,576.982,34.544,173.244,4.06796
-2.11875,541.044,28.4779,146.674,3.59722
-1.13617,581.53,31.6765,161.992,3.71298
-3.72423,569.306,28.3195,147.584,3.4195
-4.86963,574.72,27.4491,144.27,3.30066
-4.93918,547.771,26.0971,137.236,3.29364
0.514681,594.671,34.2962,173.33,3.92074
0.86786,518.869,30.29,152.701,3.9675
0.648968,536.809,31.1025,157.04,3.93842
-3.67905,521.948,26.0052,135.479,3.42432
-2.73079,580.905,29.9266,154.825,3.52786
-2.28837,554.998,29.0394,149.75,3.57779
-0.0284371,568.928,32.2029,163.381,3.85046
-3.26298,598.025,30.2367,157.041,3.46918
-1.62878,501.292,26.8413,137.754,3.65425
-3.19843,551.98,27.9723,145.211,3.47622
-0.449493,507.167,28.2921,143.972,3.7973
0.531217,554.119,31.9756,161.583,3.92291
0.766841,556.046,32.3478,163.191,3.95404
1.30264,515.399,30.5394,153.486,4.02628
0.47791,586.035,33.7553,170.641,3.91592
1.86503,590.906,35.6932,178.681,4.10432
0.225744,576.484,32.918,166.707,3.8831
0.705193,528.586,30.6853,154.872,3.94586
-4.26846,581.251,28.3612,148.399,3.36225
1.23346,574.739,33.9749,170.836,4.01683
0.905684,537.711,31.4308,158.409,3.97256
0.639897,544.454,31.5356,159.237,3.93722
-0.172833,516.253,29.0759,147.668,3.8321
-4.98659,531.735,25.2903,133.041,3.28887
-3.61053,527.147,26.328,137.091,3.43165
-1.97018,541.458,28.6483,147.392,3.61437
-3.71657,576.724,28.6962,149.539,3.42032
-3.05794,502.591,25.5958,132.738,3.49161
-0.576925,594.117,32.9966,168.065,3.78143
-2.98138,592.298,30.2458,156.764,3.50004
-0.331435,585.83,32.8141,166.842,3.81209
0.516648,522.104,30.1131,152.187,3.92099
-1.05549,534.675,29.2061,149.271,3.72274
-2.84147,526.697,27.0286,139.946,3.51553
1.58747,535.212,32.024,160.625,4.06551
-3.46163,562.239,28.2287,146.827,3.44765
-0.186092,516.676,29.0864,147.736,3.83042
-3.18743,592.407,30.0326,155.894,3.47742
-0.813926,569.115,31.3493,159.947,3.75219
-0.149134,587.493,33.1153,168.155,3.8351
1.89244,563.063,34.0432,170.388,4.10819
-2.83288,590.26,30.2996,156.872,3.51649
-1.99785,586.023,30.9762,159.401,3.61117
-0.098523,561.462,31.7035,160.928,3.84153
-3.38136,582.858,29.347,152.553,3.45633
-4.83928,560.993,26.8224,140.945,3.30373
-1.83444,570.469,30.3268,155.874,3.63014
-4.15055,561.675,27.521,143.876,3.37453
-2.22949,551.648,28.9237,149.09,3.58452
-4.14779,578.837,28.3647,148.284,3.37482
-2.18206,583.837,30.6623,157.997,3.58995
-3.73435,529.094,26.3097,137.121,3.41842
1.75734,533.045,32.08,160.714,4.0892
-1.21281,549.176,29.8345,152.656,3.70375
-0.501314,595.234,33.1453,168.732,3.79083
-1.69319,540.338,28.867,148.219,3.64667
1.82163,597.919,36.0633,180.588,4.09821
-0.251051,544.032,30.5577,155.281,3.82221
-3.10484,582.025,29.5923,153.516,3.48646
1.12635,575.793,33.9125,170.651,4.00228
1.35739,503.192,29.872,150.074,4.03377
-1.38046,502.652,27.1481,139.079,3.68368
-4.90014,589.991,28.1478,147.977,3.29758
1.40746,507.071,30.1539,151.437,4.04065
-3.26341,534.886,27.044,140.459,3.46913
-4.30878,524.229,25.5424,133.689,3.35807
-1.91211,543.213,28.7995,148.108,3.6211
1.73557,567.953,34.1554,171.138,4.08615
-0.768374,566.15,31.2353,159.313,3.75778
-4.90101,571.993,27.2883,143.459,3.29749
-2.72153,536.804,27.6637,143.108,3.52889
-4.61815,502.635,24.2223,127.072,3.32622
0.800475,544.353,31.7042,159.906,3.95851
0.686698,555.947,32.2531,162.806,3.94341
-0.0915967,529.956,29.9316,151.926,3.84241
-0.150192,560.562,31.5961,160.442,3.83497
-1.98261,587.699,31.0813,159.924,3.61293
-3.30205,534.687,26.9971,140.256,3.46493
-0.662707,509.875,28.2338,143.895,3.77081
-0.915757,514.756,28.2549,144.265,3.73973
-3.32864,506.429,25.5463,132.744,3.46204
-3.47931,529.726,26.5798,138.268,3.44575
1.77787,561.065,33.79,169.257,4.09207
-2.45251,557.279,28.9914,149.682,3.55914
-0.449219,591.251,32.983,167.843,3.79733
-2.16553,598.976,31.4756,162.169,3.59184
-4.83106,569.939,27.2582,143.226,3.30456
1.36261,562.769,33.4147,167.866,4.03449
0.274621,533.734,30.5283,154.551,3.88943
-3.86526,545.044,26.9776,140.738,3.40453
-3.83859,531.212,26.3178,137.269,3.40735
1.66568,593.412,35.6013,178.47,4.07639
-3.50688,520.435,26.0881,135.738,3.44278
-4.7726,566.312,27.1412,142.549,3.31049
-2.3537,529.468,27.6402,142.603,3.57035
-1.61876,589.705,31.5863,162.094,3.65543
-1.47817,524.124,28.2116,144.629,3.67205
-4.3364,593.337,28.8812,151.196,3.3552
1.8379,590.931,35.6616,178.557,4.1005
-4.64355,597.283,28.7574,150.892,3.32362
-0.624719,528.744,29.3172,149.376,3.77551
-2.38941,594.946,31.0195,160.08,3.56629
-2.28515,506.318,26.4953,136.628,3.57816
-3.04524,525.935,26.7967,138.952,3.49301
-3.53308,539.551,27.0214,140.621,3.43996
-2.33613,587.971,30.7132,158.437,3.57235
-4.34216,593.84,28.8997,151.299,3.35461
-3.87097,537.303,26.589,138.717,3.40392
1.84416,515.788,31.1335,155.878,4.10138
-3.19262,521.057,26.4106,137.098,3.47685
-0.804673,578.419,31.872,162.603,3.75332
1.39464,554.624,32.9673,165.581,4.03888
-2.47982,516.889,26.8644,138.728,3.55605
-3.34719,514.451,25.934,134.777,3.46003
-3.61683,510.236,25.4777,132.669,3.43097
-1.2959,519.97,28.1663,144.207,3.69378
1.60106,563.527,33.7338,169.185,4.0674
-0.867575,591.11,32.5002,165.883,3.74562
-2.42827,501.958,26.1356,134.914,3.56189
-1.38028,538.899,29.106,149.109,3.6837
-0.995489,537.27,29.4091,150.244,3.73002
-3.89715,596.015,29.4671,153.762,3.40115
-4.03199,546.444,26.8875,140.441,3.38695
-3.81612,593.068,29.4057,153.349,3.40973
0.305096,504.014,28.8587,146.067,3.89338
-1.48274,559.764,30.1251,154.444,3.67151
1.58614,522.68,31.2727,156.858,4.06533
0.727471,567.412,32.9644,166.348,3.94881
-3.09782,533.217,27.1174,140.669,3.48723
-0.651753,528.316,29.266,149.144,3.77216
-2.58674,556.414,28.8104,148.893,3.544
-2.94147,505.904,25.8704,134.047,3.50445
0.762138,547.17,31.8263,160.566,3.95341
-3.55819,544.841,27.2621,141.9,3.43726
-4.66134,598.141,28.7805,151.033,3.32181
0.367549,533.145,30.5925,154.774,3.9015
1.62417,574.778,34.4345,172.671,4.07061
1.1561,558.072,32.9023,165.533,4.00632
-3.89808,501.819,24.8093,129.457,3.40105
1.17752,552.501,32.5978,163.976,4.00923
-1.05128,586.289,32.0301,163.7,3.72325
-3.6747,551.404,27.477,143.142,3.42478
-4.9301,597.109,28.4569,149.635,3.29456
-4.27344,569.567,27.7862,145.395,3.36173
-1.60295,532.389,28.5321,146.404,3.65729
-1.79454,560.676,29.8478,153.368,3.6348
-0.624572,576.842,31.9843,162.965,3.77552
-3.57347,530.862,26.5483,138.2,3.43562
-0.855169,581.324,31.976,163.193,3.74714
-0.448651,585.34,32.6539,166.167,3.7974
1.48302,546.499,32.5827,163.548,4.05105
-1.99323,568.636,30.062,154.691,3.6117
-3.10458,590.91,30.0443,155.86,3.48649
0.29311,527.436,30.1873,152.805,3.89183
-4.46666,522.603,25.3207,132.684,3.34176
0.977013,533.825,31.2801,157.57,3.98213
-3.81591,551.34,27.3369,142.56,3.40976
-0.667225,566.063,31.3402,159.732,3.77025
-0.73858,555.398,30.6737,156.416,3.76145
-1.1133,538.173,29.3381,150.009,3.71574
-0.298832,597.95,33.5307,170.447,3.81619
1.68909,511.232,30.6955,153.852,4.07965
-2.77771,564.222,29.0193,150.183,3.52263
-2.47116,598.628,31.1221,160.705,3.55703
0.929545,509.902,29.8297,150.314,3.97576
-0.202223,554.332,31.1889,158.433,3.82838
-4.34401,521.229,25.3644,132.792,3.35442
-4.8666,503.309,24.041,126.355,3.30097
-0.41763,521.811,29.1411,148.259,3.80128
-1.10301,506.227,27.6065,141.144,3.71699
0.987232,561.829,32.9326,165.883,3.98351
-4.40769,569.777,27.6642,144.901,3.34783
0.19152,512.034,29.2034,147.931,3.87868
-1.95814,555.529,29.4051,151.273,3.61576
1.45824,576.729,34.3559,172.478,4.04764
-4.75409,566.347,27.1608,142.632,3.31237
-0.900669,565.568,31.0602,158.571,3.74157
1.25858,569.813,33.7127,169.487,4.02026
-0.876895,505.623,27.791,141.857,3.74448
-4.51649,511.278,24.7281,129.627,3.33663
-2.68277,597.694,30.8436,159.513,3.53323
-1.42378,534.161,28.8064,147.62,3.67852
-1.11569,562.165,30.6435,156.686,3.71546
-2.28267,559.205,29.2654,150.91,3.57844
-2.82662,559.728,28.7387,148.784,3.51718
-4.78673,565.663,27.0964,142.329,3.30905
0.607528,539.25,31.1994,157.576,3.93295
-3.295,535.437,27.0417,140.48,3.4657
-4.16918,567.299,27.7782,145.241,3.37259
-2.69556,580.61,29.9485,154.898,3.5318
-4.54038,536.924,25.9464,136.038,3.33418
-4.28664,561.58,27.3837,143.303,3.36036
-1.44561,589.317,31.7567,162.765,3.67592
-2.9747,523.053,26.7161,138.462,3.50078
1.40369,500.311,29.7481,149.403,4.04013
-0.971916,566.404,31.0292,158.494,3.73289
-2.36437,580.744,30.3057,156.367,3.56914
0.453632,546.629,31.4593,159.062,3.91274
1.39128,567.463,33.7266,169.399,4.03842
-0.508788,542.671,30.2105,153.8,3.7899
0.59036,510.26,29.5047,149.034,3.93069
1.52761,558.808,33.3674,167.434,4.05722
-3.65032,525.113,26.1895,136.41,3.42739
-4.85603,581.664,27.7942,146.069,3.30203
-3.53834,502.391,25.1557,130.917,3.43939
-4.44153,522.72,25.349,132.808,3.34434
-4.52721,532.505,25.7449,134.968,3.33553
-0.935367,595.257,32.6513,166.735,3.73734
0.709511,572.584,33.2444,167.783,3.94643
-4.23005,543.199,26.5407,138.834,3.36624
1.45104,591.25,35.2122,176.786,4.04664
-1.28703,581.962,31.534,161.439,3.69484
-2.3476,556.4,29.0524,149.882,3.57104
0.365821,583.325,33.4698,169.333,3.90128
0.521201,504.733,29.1158,147.142,3.92159
-3.38878,545.685,27.4682,142.794,3.45552
-0.447792,540.715,30.1653,153.503,3.79751
1.37866,509.13,30.2465,151.933,4.03669
-3.33461,566.901,28.5907,148.571,3.46139
-4.19117,580.517,28.4033,148.533,3.37029
-0.396185,591.002,33.0297,168.016,3.80396
-1.71655,540.429,28.8483,148.148,3.64393
-0.572241,532.987,29.6063,150.792,3.78201
-0.436554,554.711,30.9581,157.524,3.79891
1.92597,501.446,30.3524,151.88,4.11292
0.826894,560.192,32.6563,164.678,3.96204
-3.01067,573.224,29.2416,151.592,3.49681
-3.39755,542.54,27.3014,141.936,3.45457
-1.48742,522.72,28.1269,144.204,3.67096
-3.31612,536.872,27.0939,140.773,3.4634
-1.98924,589.7,31.1799,160.439,3.61216
-0.436945,538.617,30.0596,152.953,3.79886
0.912032,541.936,31.6846,159.682,3.97341
-3.8313,551.061,27.3082,142.427,3.40812
-2.79832,566.931,29.1375,150.817,3.52033
-0.273417,568.033,31.8811,162.032,3.81939
-1.82455,526.3,27.9883,143.845,3.6313
-1.04647,583.676,31.8927,162.992,3.72383
-0.68806,553.635,30.63,156.136,3.76768
0.323122,585.115,33.5232,169.654,3.89572
-4.01562,515.964,25.4025,132.668,3.38867
1.83196,587.895,35.4712,177.611,4.09967
0.370915,535.549,30.7339,155.486,3.90194
0.761505,585.614,34.0617,171.844,3.95333
1.52329,523.22,31.2378,156.753,4.05662
-0.740189,525.916,29.0439,148.106,3.76125
1.09264,557.962,32.8243,165.214,3.99772
1.97729,504.689,30.6023,153.075,4.12018
1.54785,587.411,35.0997,176.101,4.06002
-0.0750552,528.021,29.8393,151.44,3.84451
-4.04629,588.872,28.9605,151.285,3.38545
-1.47567,571.297,30.7534,157.657,3.67235
-4.54368,521.364,25.1915,132.083,3.33384
-4.30454,585.533,28.5336,149.341,3.35851
1.23132,593.234,35.0657,176.323,4.01654
-2.44171,518.369,26.9774,139.273,3.56036
-1.82626,537.48,28.5812,146.893,3.6311
0.93424,553.584,32.3903,163.212,3.97639
0.00441507,557.159,31.5725,160.145,3.85465
1.12144,503.127,29.6277,149.095,4.00162
-3.32584,594.313,29.9825,155.793,3.46234
-4.54457,595.786,28.7865,150.934,3.33375
-1.30737,557.512,30.1878,154.569,3.69241
-2.17929,571.635,30.0244,154.707,3.59027
-1.16663,532.934,28.9987,148.33,3.70931
-1.22183,554.345,30.1059,154.055,3.70267
-3.99655,591.698,29.1509,152.223,3.39067
-1.31385,536.457,29.0412,148.705,3.69163
-4.3738,576.063,28.0031,146.64,3.35134
-2.71199,503.263,25.9439,134.202,3.52996
-3.15547,525.676,26.6796,138.457,3.48091
-4.59546,508.516,24.5255,128.641,3.32854
1.11583,565.013,33.2656,167.408,4.00086
-1.01287,536.098,29.3272,149.844,3.72791
-0.301595,504.456,28.2853,143.785,3.81584
1.67046,550.74,33.0467,165.658,4.07705
-0.732226,523.464,28.9165,147.448,3.76223
-2.71094,596.115,30.7317,158.967,3.53008
-3.00318,522.69,26.6708,138.257,3.49764
-3.43175,593.478,29.8287,155.114,3.45088
-2.70026,510.329,26.319,136.13,3.53127
-3.78589,546.49,27.1253,141.425,3.41294
-2.39977,577.943,30.1221,155.46,3.56512
-2.12306,536.685,28.2442,145.475,3.59672
0.354903,571.388,32.7726,165.818,3.89986
-4.79891,541.594,25.9322,136.226,3.30782
-3.77884,543.724,26.9947,140.737,3.41369
0.964896,593.426,34.758,175.105,3.98051
-3.28511,583.025,29.4553,153.007,3.46677
0.565218,558.897,32.2891,163.128,3.92738
-0.360695,551.223,30.8444,156.861,3.80841
1.80264,588.712,35.485,177.716,4.09555
1.9,568.46,34.3783,172.056,4.10925
1.69484,595.179,35.7429,179.144,4.08046
-0.0553141,582.792,32.957,167.239,3.84703
-0.494086,514.078,28.6334,145.755,3.79173
-4.40263,548.46,26.634,139.5,3.34836
-1.76978,521.762,27.8001,142.821,3.6377
1.27991,560.438,33.1823,166.796,4.02317
-2.19928,557.37,29.2546,150.763,3.58798
-3.10817,520.162,26.4438,137.186,3.4861
-3.08234,569.102,28.9582,150.201,3.48893
-3.8906,585.781,28.9679,151.149,3.40185
-0.194495,566.04,31.8561,161.813,3.82936
0.874997,575.968,33.6315,169.538,3.96846
-2.76901,556.992,28.6562,148.294,3.52359
-4.5156,528.944,25.5833,134.11,3.33672
1.67237,575.999,34.5646,173.265,4.07732
-2.91726,547.965,28.0452,145.29,3.50713
-0.808287,523.37,28.8351,147.113,3.75288
-1.93316,597.418,31.65,162.792,3.61866
-2.59156,520.046,26.9227,139.143,3.54346
1.48128,502.14,29.9362,150.266,4.05081
-2.51712,536.816,27.8636,143.927,3.55184
-1.41037,549.111,29.6265,151.808,3.68011
-1.03315,510.399,27.9017,142.582,3.72545
1.65944,527.514,31.6411,158.625,4.07552
-0.00587136,557.415,31.5758,160.174,3.85334
-0.102297,550.985,31.1078,157.908,3.84105
-2.90715,522.291,26.7407,138.521,3.50825
-0.835005,593.102,32.6467,166.592,3.74961
0.953235,501.972,29.3896,148.072,3.97894
1.81468,540.476,32.5909,163.208,4.09724
-1.13654,511.047,27.8369,142.356,3.71294
-4.51133,516.966,25.0077,131.088,3.33716
-4.01908,558.418,27.4893,143.571,3.3883
-3.40673,567.927,28.5697,148.54,3.45358
-3.98629,513.025,25.2841,132.021,3.39175
-0.553633,525.862,29.2294,148.853,3.78432
-2.35429,570.023,29.7567,153.523,3.57028
-2.48804,576.371,29.9473,154.657,3.55513
-3.30802,534.921,27.0032,140.293,3.46428
-4.36309,570.318,27.7344,145.221,3.35244
1.14806,580.533,34.2171,172.157,4.00523
-1.74466,561.626,29.9504,153.84,3.64064
-3.36193,501.809,25.2835,131.411,3.45843
-2.76507,554.802,28.5475,147.727,3.52403
-0.0820599,586.625,33.1431,168.216,3.84362
-0.59707,596.879,33.1268,168.753,3.77893
-0.193749,567.295,31.9275,162.175,3.82945
-3.53658,528.374,26.4583,137.694,3.43958
-4.32571,591.142,28.7853,150.682,3.35631
-2.28042,596.474,31.2183,160.977,3.5787
1.18246,571.671,33.7345,169.688,4.0099
0.513972,549.38,31.6834,160.126,3.92064
-4.33811,579.096,28.1863,147.56,3.35503
1.25255,567.931,33.5944,168.9,4.01944
-4.02209,552.827,27.2112,142.121,3.38799
-3.41038,523.024,26.3074,136.782,3.45319
0.741471,503.805,29.2832,147.757,3.95067
-3.79922,505.98,25.1027,130.893,3.41153
-1.74159,598.943,31.9439,164.075,3.641
1.04313,533.235,31.3165,157.68,3.99104
0.574952,530.435,30.655,154.862,3.92866
1.42396,550.721,32.7681,164.547,4.04291
1.4292,512.213,30.4824,153.063,4.04364
-2.58326,505.739,26.1897,135.346,3.54439
0.825374,592.709,34.5501,174.229,3.96183
1.03433,504.889,29.6427,149.262,3.98985
1.45869,516.934,30.7944,154.598,4.0477
0.950239,525.734,30.7777,155.069,3.97854
-4.39908,546.122,26.5238,138.919,3.34872
-3.24471,522.696,26.4451,137.33,3.47117
-1.87054,549.195,29.159,149.911,3.62594
0.350194,505.845,29.0086,146.778,3.89924
-2.63478,543.417,28.09,145.221,3.53861
-0.182124,554.301,31.2088,158.511,3.83092
-0.674056,589.255,32.6165,166.246,3.7694
0.313519,590.345,33.8117,171.126,3.89448
0.361815,517.004,29.6604,150.064,3.90076
-0.0938229,525.549,29.6804,150.653,3.84213
-1.47839,599.571,32.2723,165.447,3.67203
-4.73518,549.694,26.3799,138.512,3.31429
-0.0325776,555.407,31.433,159.48,3.84993
0.87153,546.99,31.9356,160.993,3.96799
0.768745,523.934,30.4817,153.775,3.95429
-4.07528,583.4,28.6619,149.757,3.38241
-0.306028,536.957,30.103,153.03,3.81528
-4.82225,591.382,28.2926,148.651,3.30545
-4.06459,571.058,28.0662,146.633,3.38353
-4.61426,560.15,26.9977,141.628,3.32662
-2.12551,515.307,27.1168,139.671,3.59644
-2.69145,532.285,27.4598,142.022,3.53226
-0.553302,500.957,27.8453,141.804,3.78436
-4.27225,531.912,25.9503,135.788,3.36186
-1.86608,503.571,26.7408,137.474,3.62646
0.789643,556.764,32.415,163.504,3.95707
1.12444,543.518,32.0095,161.077,4.00203
1.8992,575.9,34.8273,174.304,4.10914
-2.88789,586.667,30.057,155.679,3.51038
-4.49308,544.501,26.3569,138.141,3.33904
-4.68324,576.576,27.7212,145.498,3.31957
1.72443,510.742,30.7032,153.852,4.08459
1.12562,590.75,34.7926,175.08,4.00219
-1.24189,529.849,28.7554,147.165,3.70026
-1.12225,555.778,30.2884,154.877,3.71466
0.925501,501.79,29.351,147.907,3.97522
-2.64007,595.44,30.7734,159.1,3.53801
-1.39236,515.048,27.8061,142.462,3.68226
-4.94631,593.177,28.2532,148.582,3.29293
1.22927,540.204,31.9288,160.552,4.01626
-0.819708,580.499,31.9699,163.12,3.75148
1.45562,513.648,30.5954,153.602,4.04727
-0.412806,520.002,29.0449,147.764,3.80188
0.5225,542.959,31.3222,158.291,3.92176
-4.9732,507.209,24.1353,126.952,3.29022
-1.00683,520.469,28.4782,145.5,3.72864
-3.77915,593.492,29.4652,153.618,3.41366
-0.976334,540.986,29.6322,151.363,3.73235
-1.76068,562.632,29.9873,154.047,3.63876
0.692307,501.037,29.0731,146.748,3.94415
-2.37675,578.598,30.1806,155.736,3.56773
-3.71895,553.192,27.523,143.428,3.42006
-3.91684,556.881,27.5131,143.586,3.39907
-3.91781,553.211,27.3309,142.636,3.39897
-0.951116,589.874,32.3384,165.156,3.73542
-4.50127,507.085,24.5386,128.619,3.3382
-0.854623,521.855,28.7054,146.5,3.7472
-3.68345,520.743,25.9412,135.149,3.42385
-4.28203,553.593,26.9987,141.284,3.36084
-2.81159,553.697,28.4441,147.242,3.51885
0.149427,594.83,33.8763,171.653,3.87326
0.104461,579.802,32.9693,167.111,3.86747
-3.34124,573.972,28.9406,150.396,3.46067
-1.87191,521.609,27.693,142.376,3.62578
-4.99753,517.813,24.6185,129.517,3.28777
-2.31897,522.271,27.2977,140.8,3.5743
-0.323902,538.223,30.1553,153.316,3.81303
-4.49356,545.063,26.3836,138.282,3.33899
0.369467,511.933,29.3772,148.623,3.90175
-2.00333,572.122,30.2356,155.596,3.61053
-2.0548,522.118,27.5434,141.795,3.60459
-2.48018,569.039,29.5745,152.723,3.55601
1.75041,569.959,34.2934,171.811,4.08822
-0.468057,523.945,29.2093,148.659,3.79498
-1.32263,512.606,27.7416,142.059,3.69058
-3.90247,563.902,27.8742,145.455,3.40059
-0.165498,529.301,29.8183,151.431,3.83303
0.24939,571.142,32.6395,165.269,3.88616
-1.33586,567.671,30.7074,157.262,3.689
-2.0205,587.177,31.0126,159.615,3.60855
0.148578,569.757,32.4474,164.414,3.87315
1.49711,531.371,31.6961,159.082,4.053
-3.08156,595.369,30.2955,157.137,3.48902
1.45667,539.017,32.1077,161.193,4.04742
-3.64781,558.822,27.8732,145.176,3.42766
0.199056,581.466,33.172,168.025,3.87966
-4.8961,578.013,27.5803,144.989,3.29799
-4.22297,574.184,28.0617,146.782,3.36698
0.64615,571.311,33.0983,167.12,3.93804
1.99223,540.113,32.7669,163.886,4.1223
-1.1261,531.878,28.982,148.201,3.7142
-4.37277,513.536,24.9645,130.727,3.35144
-1.38153,510.625,27.5777,141.281,3.68355
-3.6449,567.909,28.3293,147.549,3.42797
-2.89813,525.712,26.9244,139.464,3.50925
-1.62819,578.248,30.9625,158.904,3.65432
-0.207182,531.424,29.8948,151.865,3.82775
1.96802,568.325,34.45,172.333,4.11887
-2.52439,518.907,26.9272,139.098,3.55102
-0.0112672,564.9,31.9938,162.3,3.85265
-1.09941,516.602,28.1758,144.051,3.71742
-1.81037,556.898,29.6302,152.267,3.63295
-2.05262,577.856,30.486,156.941,3.60484
0.0998212,507.44,28.85,146.236,3.86688
0.194272,534.79,30.5041,154.517,3.87904
-0.852371,534.513,29.404,150.063,3.74748
0.961747,512.662,30.0243,151.261,3.98008
-4.70385,540.356,25.9607,136.279,3.31748
-1.9849,528.391,27.9425,143.776,3.61266
-4.33202,594.648,28.9495,151.548,3.35566
-4.84714,512.681,24.5057,128.778,3.30293
1.17063,567.603,33.4809,168.426,4.00829
-4.44478,589.696,28.5936,149.811,3.34401
-0.505719,514.633,28.6527,145.866,3.79028
-0.502633,541.9,30.174,153.607,3.79067
-1.44727,527.011,28.3976,145.55,3.67572
1.41821,593.221,35.29,177.218,4.04212
0.832416,599.139,34.9334,176.153,3.96277
-3.37229,575.709,28.9964,150.72,3.45731
-1.66404,541.048,28.9343,148.534,3.6501
1.07299,551.126,32.4004,163.103,3.99507
-2.99232,567.202,28.9531,150.076,3.49884
-0.187459,582.675,32.8003,166.601,3.83025
-0.495371,570.83,31.7929,161.84,3.79157
-0.289972,521.841,29.2718,148.788,3.8173
-0.101595,573.116,32.3581,164.254,3.84114
-3.01387,507.027,25.8619,134.074,3.49646
1.63362,500.336,29.9844,150.346,4.07192
-0.10564,529.235,29.8764,151.661,3.84062
-2.80773,507.483,26.0735,134.967,3.51928
1.30113,502,29.7439,149.49,4.02607
-1.54507,596.557,32.0356,164.312,3.66413
-1.86704,501.942,26.6534,137.026,3.62635
-0.722927,529.228,29.2443,149.11,3.76338
-0.857871,579.177,31.8549,162.578,3.74681
1.18889,538.933,31.8097,159.999,4.01077
-3.79492,595.311,29.5391,154.021,3.41198
-1.31002,556.261,30.1173,154.211,3.69209
1.16656,593.533,35.0055,176.101,4.00774
-3.46183,554.984,27.8643,144.931,3.44763
1.26766,529.737,31.3514,157.606,4.0215
0.609344,574.645,33.2493,167.927,3.93319
-1.94039,595.374,31.5337,162.202,3.61782
-3.86271,513.559,25.4215,132.617,3.4048
-4.55184,599.713,28.9688,151.898,3.33301
-4.77014,595.801,28.557,149.982,3.31074
-0.818784,537.222,29.5874,150.963,3.75159
-0.734002,597.858,33.024,168.395,3.76201
-0.308807,551.21,30.8991,157.08,3.81493
0.0289981,541.257,30.6974,155.679,3.8578
0.383545,529.14,30.3794,153.678,3.90359
-3.32184,507.313,25.597,133.001,3.46278
-1.99507,529.381,27.9849,144.005,3.61149
-1.1982,562.191,30.5571,156.337,3.70551
0.406893,549.423,31.5692,159.67,3.90663
0.899546,513.711,30.0215,151.313,3.97174
-4.03166,517.559,25.4666,133.019,3.38698
-1.91235,510.488,27.0643,139.184,3.62108
0.0787009,585.757,33.2783,168.708,3.86417
-2.68846,579.859,29.9173,154.729,3.53259
-0.0924039,553.931,31.2848,158.795,3.84231
-0.332668,550.731,30.8467,156.841,3.81193
-0.0083077,547.535,31.0135,157.324,3.85303
-4.83895,536.853,25.6685,134.881,3.30376
-3.31324,509.819,25.7313,133.69,3.46371
-2.13198,520.606,27.3895,141.082,3.5957
-1.25587,509.5,27.6376,141.459,3.69858
-4.23855,553.641,27.0428,141.469,3.36536
-3.72205,567.133,28.2135,147.03,3.41973
-2.57134,586.199,30.369,156.931,3.54573
-1.93791,598.289,31.6909,163.008,3.61811
-0.694581,544.671,30.1273,153.581,3.76687
-1.90977,533.926,28.3094,145.585,3.62138
-4.85141,542.993,25.9506,136.376,3.3025
-3.08046,568.008,28.9044,149.92,3.48914
-4.40203,519.164,25.2119,132.051,3.34842
-0.714039,582.728,32.2105,164.223,3.76447
-0.174931,575.445,32.4073,164.59,3.83183
-2.70821,549.73,28.3431,146.608,3.53038
1.44942,519.111,30.9143,155.21,4.04642
-0.312642,513.844,28.8007,146.417,3.81445
-3.77438,516.913,25.6677,133.814,3.41417
-1.13068,573.129,31.2249,159.676,3.71365
-3.68058,536.792,26.7433,139.325,3.42416
-2.62161,546.763,28.276,146.169,3.54008
-4.41517,520.192,25.25,132.264,3.34706
-1.96733,553.052,29.2646,150.56,3.6147
-4.7509,541.5,25.9721,136.387,3.31269
-0.886657,569.502,31.2915,159.736,3.74329
-3.25099,569.475,28.8054,149.594,3.47048
1.03023,545.847,32.043,161.353,3.9893
-4.44415,545.354,26.4441,138.548,3.34407
1.86148,586.037,35.3947,177.191,4.10382
-4.3604,520.481,25.3132,132.541,3.35272
1.85275,592.651,35.7836,179.149,4.10259
-2.52232,502.977,26.1024,134.835,3.55126
0.749361,541.089,31.4588,158.726,3.95172
-0.52368,517.709,28.806,146.665,3.78805
-0.538795,543.696,30.2362,153.963,3.78617
0.404598,519.13,29.8263,150.858,3.90633
-0.778561,573.59,31.6346,161.362,3.75653
-1.99567,532.128,28.1295,144.75,3.61142
-1.40047,511.316,27.5968,141.398,3.68129
-4.60447,535.086,25.7986,135.328,3.32762
-2.60783,579.483,29.9826,154.975,3.54163
-4.49625,593.239,28.7128,150.493,3.33871
-3.31439,521.901,26.34,136.855,3.46359
-2.86109,510.35,26.1717,135.528,3.51335
0.416888,503.513,28.9412,146.368,3.90794
0.813272,508.371,29.6216,149.389,3.96022
1.90944,536.379,32.4487,162.388,4.11058
0.622174,527.309,30.5239,154.148,3.93488
-1.18724,556.92,30.2821,154.918,3.70683
-1.69605,520.504,27.8046,142.767,3.64634
-4.81149,585.556,28.0246,147.231,3.30654
-3.73236,520.785,25.8984,134.975,3.41864
-3.926,578.657,28.5797,149.163,3.39811
-1.3009,508.671,27.5494,141.053,3.69318
-0.925946,507.272,27.8342,142.127,3.73849
1.86034,579.187,34.9797,175.115,4.10366
-0.150825,583.778,32.904,167.084,3.83489
0.882534,571.715,33.3918,168.32,3.96947
1.3329,550.354,32.6444,164.031,4.03042
-1.26517,521.589,28.2842,144.778,3.69746
0.207509,514.871,29.3814,148.816,3.88075
1.41689,563.278,33.5072,168.267,4.04194
-4.86243,509.737,24.3517,127.984,3.30139
-0.345989,545.768,30.5547,155.371,3.81026
-0.183334,559.714,31.5122,160.054,3.83077
-0.199315,558.201,31.4097,159.551,3.82875
-4.34601,547.418,26.6369,139.457,3.35421
-1.73851,558.605,29.7957,153.038,3.64136
0.626217,559.735,32.4054,163.645,3.93541
0.668585,569.333,33.0092,166.644,3.94101
1.32531,525.398,31.156,156.56,4.02938
0.755756,599.505,34.8628,175.893,3.95257
-4.32726,576.964,28.0934,147.061,3.35615
1.88023,579.477,35.021,175.297,4.10646
-4.12951,563.613,27.6366,144.458,3.37673
0.378697,543.713,31.2108,157.889,3.90295
-2.32673,505.511,26.4145,136.253,3.57342
1.81383,575.092,34.6772,173.657,4.09712
1.40344,531.472,31.6006,158.707,4.04009
1.24906,519.75,30.7407,154.556,4.01896
1.36426,549.297,32.6167,163.855,4.03471
-1.0236,513.763,28.0949,143.559,3.72661
0.769113,553.266,32.1886,162.386,3.95434
-3.02598,576.275,29.3814,152.334,3.49513
0.435135,551.753,31.7339,160.472,3.91032
0.993829,567.581,33.2772,167.611,3.98439
-4.76623,569.347,27.2928,143.339,3.31113
-2.71971,502.614,25.9034,134,3.5291
0.0136284,552.043,31.2926,158.715,3.85583
0.0255119,578.577,32.8101,166.398,3.85735
-1.75657,562.711,29.9958,154.086,3.63924
-4.66824,532.626,25.6218,134.464,3.3211
-1.56126,586.946,31.5017,161.593,3.66222
-4.76562,524.592,25.1479,132.073,3.31119
-3.81811,556.712,27.6011,143.941,3.40952
-2.38315,591.565,30.85,159.197,3.567
-4.84625,596.189,28.4982,149.758,3.30302
0.659171,519.272,30.0969,151.952,3.93977
1.6108,524.985,31.4371,157.656,4.06875
-1.9281,503.601,26.6845,137.247,3.61925
-1.85887,557.382,29.6058,152.195,3.6273
1.53141,568.385,33.9437,170.321,4.05774
-2.75429,580.859,29.8996,154.712,3.52524
-2.1691,532.579,27.983,144.178,3.59144
1.54079,521.184,31.1349,156.217,4.05904
-4.23687,546.695,26.7051,139.7,3.36553
-1.41459,566.211,30.5446,156.517,3.67961
1.35221,550.136,32.653,164.052,4.03306
1.82307,513.259,30.9586,155.025,4.09842
1.07472,551.839,32.4442,163.322,3.9953
0.722209,578.078,33.578,169.451,3.94811
-3.39674,552.546,27.8057,144.557,3.45466
-0.991489,567.265,31.0553,158.649,3.73051
-1.54898,554.942,29.7967,152.833,3.66367
-0.243749,591.54,33.2346,168.874,3.82313
-2.57605,537.591,27.8462,143.899,3.5452
-0.482554,501.924,27.9675,142.354,3.79317
-4.86257,590.487,28.2092,148.258,3.30137
-1.28255,540.4,29.2865,149.928,3.69538
-3.45133,545.141,27.3803,142.403,3.44876
-1.77692,574.049,30.5784,157.102,3.63686
1.47214,555.386,33.1003,166.158,4.04955
-4.21741,521.703,25.5019,133.387,3.36756
1.01736,556.78,32.6703,164.527,3.98756
1.25382,523.236,30.9519,155.613,4.01961
-3.36678,586.113,29.5261,153.468,3.45791
1.75635,530.602,31.9319,159.973,4.08906
-0.373784,583.642,32.6436,166.026,3.80677
0.662949,505.896,29.3255,148.053,3.94027
0.595687,571.217,33.0355,166.863,3.93139
-2.10066,516.464,27.2014,140.081,3.5993
-4.89481,524.838,25.0441,131.655,3.29812
1.88205,509.098,30.7695,154.014,4.10672
-0.60263,552.612,30.6641,156.214,3.77824
0.0902874,515.586,29.3034,148.545,3.86565
-0.587624,551.166,30.5998,155.869,3.7801
1.21472,512.399,30.2703,152.228,4.01428
-4.02504,579.753,28.5335,149.031,3.38768
-3.41853,587.143,29.524,153.515,3.45231
1.47515,522.506,31.1439,156.334,4.04997
1.29632,565.132,33.479,168.268,4.02541
-3.1362,507.473,25.7733,133.734,3.48302
-1.63735,503.614,26.9575,138.359,3.65324
-0.199796,587.429,33.0538,167.903,3.82868
-3.34044,539.726,27.2146,141.426,3.46076
-4.73233,585.671,28.1093,147.589,3.31458
-4.30038,584.314,28.4784,149.047,3.35894
-4.55316,542.858,26.2212,137.492,3.33287
-2.16681,592.414,31.1294,160.386,3.5917
-4.18085,567.668,27.7848,145.288,3.37137
0.124554,586.978,33.4005,169.272,3.87006
1.53262,576.269,34.416,172.689,4.05791
-0.217345,512.687,28.8307,146.469,3.82647
-0.500583,584.11,32.5267,165.582,3.79092
1.82541,567.36,34.2246,171.376,4.09875
1.16272,597.971,35.2626,177.399,4.00722
-0.83406,530.398,29.1961,148.983,3.74972
0.0744138,556.497,31.6113,160.262,3.86362
1.4239,586.904,34.921,175.358,4.04291
0.0504648,531.859,30.1868,153.066,3.86055
-0.796552,585.467,32.2694,164.621,3.75432
-0.948892,581.135,31.8617,162.719,3.73569
-4.63743,588.135,28.3231,148.607,3.32425
-2.9403,583.914,29.8608,154.722,3.50458
-2.3892,545.859,28.4604,146.873,3.56632
-2.90077,516.385,26.4442,136.979,3.50896
1.20691,596.707,35.2414,177.237,4.01322
0.321215,507.336,29.065,147.094,3.89548
0.911292,550.604,32.1905,162.232,3.97332
0.150435,504.783,28.749,145.672,3.87339
0.842761,553.661,32.2932,162.828,3.96415
0.0140616,560.999,31.8007,161.292,3.85589
-3.06533,554.265,28.2201,146.355,3.4908
-0.736996,566.193,31.2716,159.463,3.76164
-0.814018,549.602,30.2743,154.462,3.75218
-4.03147,516.408,25.4101,132.724,3.387
1.40063,580.006,34.4831,173.187,4.03971
-2.14163,556.627,29.2747,150.803,3.59459
-0.609821,558.911,31.0059,157.963,3.77735
1.45789,579.25,34.5057,173.231,4.04759
-0.337344,595.791,33.3652,169.652,3.81135
-4.73809,550.163,26.3997,138.619,3.31399
-4.49527,585.576,28.3429,148.553,3.33881
-3.07177,567.305,28.8775,149.771,3.49009
-2.09926,515.23,27.1377,139.752,3.59946
-3.50794,572.719,28.7079,149.37,3.44266
-2.40135,553.967,28.8709,149.004,3.56494
1.30452,557.457,33.0336,166.02,4.02653
-2.48769,573.864,29.8174,153.986,3.55516
-1.67666,524.867,28.0567,144.041,3.64861
1.0059,518.643,30.4206,153.21,3.98602
-4.54659,598.261,28.9041,151.552,3.33354
0.153561,528.495,30.1028,152.528,3.87379
1.53061,511.06,30.5195,153.14,4.05763
0.197657,595.753,33.9854,172.147,3.87948
-4.30178,551.479,26.8767,140.666,3.35879
-4.09295,544.495,26.7338,139.701,3.38056
-4.07451,528.65,25.9728,135.706,3.38249
-1.66531,570.188,30.4913,156.528,3.64995
-3.63985,508.126,25.3517,132.036,3.42851
1.62752,513.485,30.766,154.272,4.07108
0.821854,543.677,31.6881,159.801,3.96136
-2.65258,565.309,29.2033,150.997,3.53661
-1.71379,597.188,31.8812,163.72,3.64426
-2.95285,559.996,28.6251,148.332,3.50319
-3.98054,578.815,28.5323,148.976,3.39236
-3.97258,547.716,27.007,141.003,3.3932
-4.85666,530.235,25.3361,133.152,3.30197
-1.61122,522.767,28.0083,143.725,3.65632
-4.22861,581.803,28.4284,148.706,3.36639
-0.163173,593.229,33.4224,169.731,3.83332
-2.98464,544.883,27.8214,144.201,3.49968
-0.792721,538.271,29.6721,151.367,3.75479
-0.923063,576.184,31.6186,161.448,3.73884
0.213414,510.102,29.1151,147.461,3.88151
0.310393,593.983,34.0164,172.166,3.89407
-3.26039,530.572,26.8287,139.338,3.46946
-4.23281,538.734,26.32,137.682,3.36596
-3.42908,519.029,26.0892,135.666,3.45117
-2.43029,537.474,27.9829,144.452,3.56166
-1.77186,561.37,29.9084,153.654,3.63745
-0.670621,581.682,32.2012,164.125,3.76983
-0.268737,518.697,29.1168,147.978,3.81998
-2.74215,501,25.7999,133.486,3.52659
-0.618144,555.811,30.825,157.051,3.77632
-4.03044,562.393,27.6738,144.547,3.38711
1.57201,509.929,30.4951,152.973,4.06337
-2.25704,520.861,27.2831,140.662,3.58137
-4.34673,540.533,26.3013,137.7,3.35413
-4.86838,529.67,25.2985,132.966,3.30079
-2.76577,512.468,26.3685,136.452,3.52396
0.523567,512.639,29.5742,149.456,3.9219
-4.62909,510.17,24.5758,128.937,3.3251
0.849967,540.161,31.5136,158.889,3.96511
-3.97433,543.882,26.8162,140.009,3.39301
-3.84273,599.077,29.6756,154.787,3.40691
-0.689702,549.534,30.4014,154.972,3.76747
0.968917,548.82,32.1498,161.961,3.98105
-1.04305,571.88,31.2519,159.713,3.72425
-4.06266,516.845,25.4035,132.72,3.38373
-0.580215,560.321,31.1161,158.491,3.78102
-0.197574,587.914,33.0836,168.052,3.82897
0.345375,507.447,29.0956,147.224,3.89862
-1.51661,510.075,27.4186,140.603,3.6675
0.389223,515.491,29.6015,149.737,3.90433
1.63492,580.797,34.8079,174.531,4.07211
-1.86072,572.43,30.4031,156.296,3.62708
-0.708296,573.34,31.698,161.603,3.76518
-1.96184,546.15,28.9049,148.703,3.61533
-3.8185,589.518,29.2272,152.421,3.40948
-4.79841,509.615,24.4014,128.184,3.30787
-2.04576,582.768,30.7525,158.305,3.60563
0.182597,533.365,30.4106,154.056,3.87753
-1.43574,585.54,31.564,161.766,3.6771
-1.72944,539.818,28.8028,147.928,3.64242
-4.17012,537.188,26.3029,137.528,3.37249
1.99849,597.226,36.2395,181.246,4.12319
-2.35207,515.342,26.9043,138.805,3.57054
-1.65825,567.153,30.3365,155.725,3.65078
-4.99582,568.686,27.0389,142.249,3.28795
-0.555786,579.584,32.213,164.05,3.78405
-4.57601,510.877,24.6564,129.309,3.33053
-0.530961,553.69,30.8003,156.827,3.78714
-0.671422,511.25,28.3014,144.249,3.76973
-2.61486,530.167,27.4243,141.759,3.54084
-3.28899,593.733,29.9922,155.801,3.46635
-2.00297,579.534,30.6277,157.613,3.61057
0.406496,546.401,31.3951,158.791,3.90658
-3.33614,509.795,25.7093,133.599,3.46123
-4.84149,537.022,25.6743,134.914,3.30351
0.522916,585.096,33.7535,170.578,3.92182
0.038948,557.811,31.6472,160.484,3.85907
0.96334,533.625,31.2537,157.453,3.9803
-3.02805,555.615,28.326,146.864,3.4949
-0.411688,553.429,30.9132,157.268,3.80202
-2.56105,542.068,28.0929,145.158,3.54689
1.63252,524.327,31.421,157.551,4.07177
1.31407,576.167,34.1535,171.636,4.02784
-0.247801,517.877,29.0919,147.829,3.82262
-4.32866,500.703,24.3788,127.618,3.35601
-0.341619,505.01,28.2772,143.785,3.81081
-1.09972,583.801,31.8405,162.788,3.71739
-1.06046,571.526,31.2136,159.537,3.72214
1.28543,512.349,30.3408,152.507,4.02392
-2.96827,547.724,27.9825,145.019,3.50149
1.25217,550.458,32.5604,163.702,4.01938
-4.95984,541.142,25.7623,135.496,3.29156
-3.20693,574.764,29.1182,151.169,3.47529
-0.0652256,528.865,29.8972,151.723,3.84577
-4.08704,530.76,26.0649,136.2,3.38117
0.382791,588.482,33.7854,170.909,3.90349
-3.89183,529.979,26.2072,136.746,3.40172
-3.09935,503.897,25.6249,132.929,3.48706
1.85891,517.668,31.2627,156.508,4.10346
1.82088,515.41,31.086,155.665,4.09811
-0.356695,506.964,28.3718,144.282,3.80892
-4.90941,538.702,25.6923,135.077,3.29664
-1.13706,573.023,31.2121,159.618,3.71288
-4.26291,529.555,25.8439,135.222,3.36283
-1.55491,593.829,31.8781,163.516,3.66297
-1.38382,534.789,28.8804,147.957,3.68328
0.68364,514.696,29.8568,150.713,3.943
-2.42595,569.747,29.6677,153.144,3.56215
-3.7158,512.786,25.5156,132.964,3.4204
-3.80734,515.717,25.5784,133.381,3.41066
-3.9715,598.852,29.5295,154.172,3.39331
-3.24515,553.103,27.9831,145.317,3.47112
-0.909988,544.104,29.8718,152.514,3.74044
-1.17289,516.031,28.0728,143.601,3.70856
-4.87274,586.7,28.0181,147.265,3.30035
1.29254,566.695,33.5673,168.716,4.02489
-1.33942,543.683,29.4062,150.602,3.68858
-0.445157,522.334,29.1425,148.295,3.79784
-1.8021,550.202,29.2824,150.471,3.63392
-0.70452,534.685,29.5647,150.723,3.76564
-0.368543,528.557,29.568,150.378,3.80743
-1.96145,501.329,26.5332,136.501,3.61538
1.09488,592.081,34.8342,175.328,3.99802
-4.66775,571.908,27.5119,144.383,3.32115
-0.768685,550.669,30.3808,154.955,3.75774
0.27048,563.116,32.2043,163.041,3.88889
-2.51982,579.068,30.0539,155.244,3.55154
-0.741088,551.238,30.4413,155.233,3.76114
-0.970359,523.152,28.6613,146.397,3.73308
-1.06556,577.274,31.522,161.119,3.72152
-4.25286,586.539,28.6351,149.814,3.36387
-1.46236,523.678,28.2031,144.569,3.67393
-4.06783,527.092,25.9024,135.332,3.38319
-2.7343,554.677,28.5719,147.82,3.52747
-2.8035,557.394,28.6421,148.259,3.51975
-4.54998,545.536,26.3536,138.183,3.3332
1.53027,501.138,29.9266,150.166,4.05758
-1.48505,543.892,29.2686,150.055,3.67124
-4.38187,523.091,25.4208,133.125,3.3505
-3.07084,506.912,25.8042,133.831,3.49019
1.98004,529.126,32.087,160.499,4.12057
0.330719,588.149,33.7058,170.569,3.89671
-1.26777,568.188,30.8083,157.701,3.69715
-0.78353,503.945,27.7887,141.75,3.75592
1.63602,561.589,33.658,168.764,4.07226
1.5663,534.221,31.9416,160.236,4.06257
0.0079671,543.666,30.8117,156.282,3.85511
-2.94359,502.067,25.6723,133.022,3.50422
-2.90462,522.575,26.7576,138.606,3.50853
1.25742,573.122,33.9071,170.466,4.0201
1.42467,526.199,31.3099,157.223,4.04301
-3.2293,587.117,29.7205,154.322,3.47285
-0.380981,585.501,32.7395,166.522,3.80587
-4.01176,564.406,27.7913,145.14,3.38907
-4.3377,565.485,27.5242,144.093,3.35507
-1.1513,524.057,28.5309,145.921,3.71116
-4.22014,597.036,29.1815,152.636,3.36727
-0.64851,578.47,32.0479,163.318,3.77256
0.230681,574.506,32.8107,166.158,3.88374
-2.46175,589.486,30.657,158.292,3.5581
1.49361,590.072,35.1933,176.638,4.05252
0.926023,514.48,30.0938,151.649,3.97529
-2.63508,522.203,26.9931,139.551,3.53857
-1.0206,588.579,32.1896,164.478,3.72697
-2.72311,578.219,29.7963,154.142,3.52872
0.854288,506.549,29.557,149.02,3.96569
1.69851,503.269,30.2272,151.495,4.08097
0.926936,566.507,33.1381,166.989,3.97541
0.0656202,534.253,30.3385,153.819,3.86249
-1.04746,541.717,29.599,151.271,3.72371
-0.353417,520.818,29.1504,148.238,3.80933
-4.94944,572.546,27.2675,143.402,3.29261
-2.29131,504.274,26.3826,136.053,3.57746
1.82617,562.038,33.9044,169.772,4.09885
-1.97452,514.08,27.1956,139.923,3.61387
-2.11794,526.439,27.71,142.718,3.59731
1.12577,587.392,34.595,174.086,4.00221
-2.98921,548.122,27.9823,145.04,3.49918
1.67487,508.485,30.5158,152.966,4.07767
-3.49876,522.368,26.1926,136.273,3.44365
-3.66218,568.675,28.3502,147.677,3.42612
-2.75988,507.061,26.0957,135.035,3.52461
1.70104,503.389,30.237,151.541,4.08132
-3.2775,580.578,29.3396,152.398,3.4676
1.42596,572.681,34.0771,171.118,4.04319
-3.70104,524.91,26.1324,136.163,3.42197
-0.558517,527.803,29.3323,149.382,3.78372
1.05618,586.006,34.431,173.346,3.9928
-3.59595,565.305,28.2483,147.074,3.43321
-0.162244,547.104,30.8248,156.538,3.83344
0.0341769,570.608,32.3679,164.145,3.85846
1.94193,556.311,33.6918,168.571,4.11518
-1.1836,507.333,27.5894,141.138,3.70727
-1.18121,523.049,28.4463,145.52,3.70755
-4.23924,551.442,26.9347,140.904,3.36529
-4.92678,541.82,25.825,135.792,3.29489
0.313896,519.606,29.7605,150.622,3.89453
-4.89165,544.627,25.9914,136.631,3.29844
-4.79307,587.111,28.1175,147.699,3.30841
-4.37018,557.585,27.1084,141.951,3.35171
1.76864,508.585,30.6197,153.386,4.09078
0.1508,533.259,30.3712,153.891,3.87343
-0.113726,506.244,28.5705,145.04,3.8396
1.78976,574.133,34.591,173.255,4.09374
1.92936,583.979,35.3522,176.894,4.1134
0.554982,579.334,33.458,169.046,3.92603
-0.0349051,568.527,32.173,163.237,3.84963
-0.0633009,595.157,33.6469,170.75,3.84601
-2.40499,564.162,29.3984,151.731,3.56453
0.231243,579.931,33.1211,167.729,3.88381
-0.527026,583.96,32.4886,165.419,3.78763
-4.22617,587.468,28.7076,150.164,3.36665
-2.12262,578.624,30.4518,156.845,3.59677
-1.11634,528.302,28.797,147.245,3.71538
1.6357,517.77,31.0314,155.594,4.07221
-2.99854,532.469,27.1742,140.861,3.49815
-2.21541,553.247,29.0218,149.58,3.58613
-0.664112,576.801,31.9382,162.777,3.77063
1.7768,522.481,31.4651,157.612,4.09192
-4.89341,576.348,27.5035,144.582,3.29826
0.98403,546.757,32.0455,161.418,3.98308
1.63453,533.578,31.9776,160.339,4.07205
-0.430114,547.041,30.5369,155.374,3.79972
-2.81364,550.747,28.2905,146.449,3.51863
-0.375007,520.885,29.1324,148.169,3.80662
1.67785,581.006,34.8715,174.797,4.07809
-1.00043,500.55,27.3944,139.956,3.72942
-3.19169,571.138,28.95,150.279,3.47695
-4.50409,518.003,25.0644,131.378,3.33791
-0.114391,523.331,29.5341,149.933,3.83951
1.32647,591.404,35.0716,176.235,4.02954
0.592439,529.811,30.6374,154.753,3.93096
-1.83038,581.571,30.9213,158.925,3.63062
-4.46866,514.443,24.9235,130.605,3.34155
1.59837,524.828,31.4144,157.555,4.06703
1.87578,521.975,31.541,157.883,4.10584
1.39151,501.289,29.7938,149.645,4.03845
-2.9927,527.418,26.922,139.548,3.4988
-4.6174,535.725,25.8176,135.44,3.32629
-0.59916,530.136,29.4205,149.875,3.77867
-2.06887,589.768,31.0968,160.104,3.60296
1.6156,522.447,31.2902,156.914,4.06942
-2.78567,595.301,30.6092,158.42,3.52174
0.782428,584.508,34.0218,171.618,3.95611
1.0172,536.145,31.4593,158.428,3.98754
-1.0164,566.95,31.0112,158.452,3.72748
1.39261,575.081,34.1809,171.679,4.03861
1.77252,542.438,32.6622,163.614,4.09132
-1.49355,571.421,30.7409,157.613,3.67023
1.58153,580.249,34.7117,174.113,4.06469
-0.572069,532.525,29.5808,150.662,3.78203
-1.71167,537.426,28.6929,147.345,3.6445
-3.85611,546.172,27.0422,141.065,3.40549
-0.265287,536.115,30.0982,152.961,3.82041
-2.15105,516.321,27.1459,139.846,3.59351
-4.10658,528.017,25.9122,135.422,3.37913
-3.08018,572.046,29.1102,150.987,3.48917
-4.62626,583.807,28.1259,147.56,3.32539
-1.35063,583.774,31.5623,161.657,3.68724
-3.23408,577.01,29.204,151.645,3.47233
-4.42949,564.482,27.3859,143.467,3.34558
-0.0827703,596.639,33.7081,171.084,3.84353
-3.77998,500.266,24.8361,129.484,3.41357
-2.55483,516.076,26.7517,138.222,3.54759
-2.16259,523.243,27.4988,141.676,3.59218
-2.09082,561.471,29.582,152.33,3.60043
-0.146659,538.513,30.3571,154.146,3.83542
-4.4857,536.705,25.9863,136.192,3.3398
-1.48787,506.761,27.2678,139.8,3.6709
-2.03105,516.427,27.2658,140.341,3.60733
-3.73649,574.404,28.5607,148.855,3.4182
-3.42579,592.262,29.7738,154.822,3.45152
-4.35376,552.495,26.8766,140.72,3.35341
1.26149,573.661,33.9437,170.645,4.02065
-2.06052,578.919,30.5336,157.195,3.60393
-2.87918,563.793,28.8939,149.645,3.51135
-3.01731,561.674,28.6457,148.51,3.49608
0.176749,540.682,30.8216,156.144,3.87678
-3.46913,580.16,29.1208,151.475,3.44684
-2.53227,529.341,27.461,141.863,3.55013
-2.39599,515.815,26.8876,138.763,3.56555
-2.59094,595.007,30.8041,159.202,3.54353
-0.872065,530.212,29.1474,148.775,3.74507
-1.68671,522.681,27.93,143.402,3.64743
-1.16419,508.221,27.6563,141.461,3.7096
-2.73126,593.117,30.5553,158.078,3.52781
0.529449,587.163,33.8804,171.211,3.92267
-4.22184,588.177,28.7467,150.364,3.3671
-4.15533,562.255,27.5447,144.006,3.37403
1.34691,555.223,32.949,165.545,4.03233
-3.30049,516.104,26.0602,135.387,3.4651
-2.76352,541.063,27.842,144.075,3.52421
-2.52341,519.144,26.9404,139.165,3.55113
-0.0720018,594.264,33.5864,170.453,3.8449
-0.0156483,526.127,29.7934,151.143,3.85209
-3.30847,513.917,25.9425,134.783,3.46423
-1.89431,569.272,30.1999,155.289,3.62317
1.61453,511.012,30.6043,153.475,4.06927
0.6206,518.979,30.0401,151.706,3.93467
-3.70745,556.783,27.713,144.406,3.42129
-1.744,578.879,30.8712,158.568,3.64071
-0.601103,583.184,32.3623,164.863,3.77843
-1.34822,591.138,31.9631,163.707,3.68752
-2.94313,504.368,25.7903,133.634,3.50427
-2.26234,533.523,27.9412,144.06,3.58076
-3.77781,526.58,26.1445,136.304,3.4138
-0.208362,575.045,32.3474,164.325,3.8276
0.325883,535.476,30.6821,155.273,3.89608
-3.72136,540.468,26.8877,140.12,3.41981
-1.7083,555.267,29.6489,152.251,3.6449
-1.6261,508.505,27.23,139.746,3.65456
-0.833021,500.846,27.5704,140.686,3.74985
-1.64537,537.77,28.7778,147.71,3.65229
-2.50664,584.622,30.3562,156.79,3.55302
-0.571633,542.287,30.1235,153.426,3.78209
0.31455,587.833,33.6689,170.402,3.89461
0.675434,581.515,33.7234,170.241,3.94192
1.84675,541.783,32.7055,163.745,4.10175
-0.995179,598.87,32.7813,167.471,3.73006
1.52049,542.048,32.3588,162.381,4.05623
1.41839,516.325,30.7157,154.247,4.04215
-2.69269,541.171,27.917,144.388,3.53212
-2.34176,581.42,30.365,156.647,3.57171
-2.75198,512.715,26.394,136.57,3.52549
-4.4985,572.27,27.6957,145.164,3.33848
-4.76955,566.499,27.1531,142.608,3.3108
-4.78126,562.077,26.9299,141.448,3.30961
-3.78261,553.399,27.4714,143.226,3.41329
-0.779887,595.667,32.8506,167.566,3.75637
-4.90346,527.578,25.1671,132.31,3.29725
-0.809323,534.296,29.436,150.18,3.75275
-3.99355,518.777,25.561,133.474,3.39099
-4.40483,535.521,26.0037,136.201,3.34813
-1.38898,542.977,29.3174,150.201,3.68266
-3.25807,500.446,25.3074,131.435,3.46971
-2.67656,585.427,30.2171,156.266,3.53392
1.63862,574.849,34.4558,172.761,4.07262
-2.00557,586.867,31.0124,159.596,3.61027
-2.32753,538.994,28.1633,145.274,3.57333
0.391133,537.528,30.869,156.146,3.90458
0.440505,548.27,31.5395,159.482,3.91102
-4.18993,569.095,27.8456,145.616,3.37042
0.608493,552.372,31.9597,161.414,3.93308
-0.517708,598.215,33.2924,169.5,3.78879
0.141386,509.798,29.0256,147.083,3.87222
-0.788358,591.272,32.5987,166.291,3.75533
0.48567,563.735,32.4796,164.183,3.91693
-0.131043,576.719,32.5284,165.153,3.8374
-3.83737,587.776,29.1214,151.89,3.40748
-3.72742,598.407,29.7637,155.114,3.41916
1.01793,584.921,34.3223,172.845,3.98764
-3.26229,595.516,30.1106,156.385,3.46925
1.40802,554.83,32.9947,165.703,4.04072
-2.97265,593.807,30.3322,157.201,3.50101
1.2895,574.154,34.0055,170.922,4.02448
0.875656,572.091,33.4059,168.4,3.96855
-3.13503,586.856,29.8062,154.659,3.48315
-0.621512,536.068,29.7266,151.459,3.7759
1.34844,593.267,35.2085,176.895,4.03254
-3.31388,596.573,30.1092,156.437,3.46364
-2.81673,526.742,27.0544,140.054,3.51828
-2.10652,508.346,26.7683,137.856,3.59863
-2.9496,582.322,29.7697,154.26,3.50355
-4.64047,514.001,24.7503,129.864,3.32394
-0.782502,500.933,27.6236,140.907,3.75605
1.1387,524.946,30.9308,155.633,4.00396
0.507352,535.983,30.9037,156.193,3.91977
-2.84813,597.049,30.6317,158.609,3.51479
0.607272,570.027,32.9798,166.568,3.93291
-0.83135,511.608,28.1645,143.716,3.75005
-2.40321,547.841,28.5498,147.349,3.56473
-2.51366,539.219,27.9917,144.585,3.55223
-3.93729,598.255,29.5359,154.166,3.39692
0.82369,570.164,33.234,167.595,3.96161
0.551501,543.161,31.3652,158.476,3.92557
-4.78273,592.467,28.3844,149.09,3.30946
0.0244503,597.897,33.9044,171.949,3.85721
-0.649861,559.218,30.9799,157.876,3.77239
1.46299,546.323,32.5499,163.406,4.04829
-2.63579,551.363,28.4997,147.34,3.53849
-4.63129,525.775,25.3255,132.873,3.32488
-3.90671,573.649,28.3518,147.952,3.40014
-3.20729,521.574,26.4232,137.178,3.47525
0.0324304,523.033,29.6674,150.452,3.85824
0.231699,532.266,30.3993,153.945,3.88387
1.46987,509.042,30.3358,152.284,4.04924
-4.13938,525.404,25.754,134.627,3.3757
1.8879,586.738,35.469,177.53,4.10755
-0.549023,560.228,31.1445,158.6,3.7849
-2.87176,541.45,27.7561,143.744,3.51217
0.701715,541.7,31.4428,158.699,3.9454
0.495922,503.185,29.0012,146.589,3.91828
-3.61454,529.059,26.4197,137.572,3.43122
-0.535505,538.067,29.9265,152.383,3.78658
-4.88696,502.991,24.0084,126.203,3.29891
0.0642977,565.208,32.0949,162.725,3.86232
-3.1673,510.414,25.8942,134.393,3.47962
-3.33331,521.167,26.2854,136.59,3.46153
-2.84826,546.89,28.0582,145.283,3.51478
-2.72953,513.696,26.4654,136.917,3.528
1.90616,505.331,30.5669,152.974,4.11012
-1.51017,528.736,28.4281,145.773,3.66826
-4.64735,583.827,28.1057,147.477,3.32324
-2.00143,561.815,29.6928,152.801,3.61075
-3.06377,586.069,29.841,154.759,3.49097
-2.85623,589.725,30.2473,156.628,3.51389
0.83339,545.01,31.7784,160.243,3.9629
-1.60374,530.477,28.4288,145.875,3.6572
-0.178969,525.451,29.5877,150.274,3.83132
-2.07383,539.917,28.4633,146.551,3.60239
-0.346514,561.732,31.4479,159.913,3.81019
-2.25317,533.653,27.957,144.132,3.58181
-3.30332,553.003,27.9206,145.055,3.46479
-1.06328,567.167,30.9725,158.308,3.7218
-0.673337,596.101,32.9963,168.18,3.76949
0.283552,566.004,32.3841,163.935,3.89059
-2.45762,594.733,30.9343,159.719,3.55856
-3.64017,557.63,27.8213,144.898,3.42848
-4.81045,538.849,25.7902,135.492,3.30665
1.7236,547.572,32.9162,164.943,4.08447
-3.38184,524.533,26.4099,137.286,3.45627
-4.394,510.52,24.7992,129.882,3.34925
-2.37474,544.52,28.405,146.571,3.56796
0.700785,597.058,34.655,174.913,3.94527
1.65377,580.094,34.7882,174.409,4.07473
1.57338,557.679,33.3522,167.304,4.06356
0.583379,582.391,33.6674,170.07,3.92977
-2.36065,537.374,28.0461,144.705,3.56956
-0.22682,580.874,32.6544,165.907,3.82527
-0.147314,540.037,30.4423,154.58,3.83533
-1.90466,588.652,31.2167,160.53,3.62197
0.21083,596.084,34.0197,172.305,3.88118
-0.622624,501.485,27.8078,141.683,3.77576
-3.21151,557.828,28.2556,146.696,3.47479
0.121729,547.154,31.1314,157.776,3.86969
-2.53366,527.174,27.3473,141.277,3.54998
-0.277338,554.748,31.1313,158.225,3.81889
0.963743,531.022,31.1017,156.686,3.98035
-1.19143,562.267,30.5684,156.387,3.70632
-2.8517,523.692,26.8647,139.107,3.5144
-2.22428,580.132,30.4227,156.811,3.58511
-3.64918,558.702,27.8659,145.14,3.42751
-2.47465,565.804,29.4121,151.878,3.55664
1.74433,506.19,30.4502,152.563,4.08737
-4.30988,542.659,26.4393,138.385,3.35795
-4.83676,540.952,25.8666,135.92,3.30398
-4.15714,514.407,25.1991,131.744,3.37384
0.560539,583.436,33.7013,170.268,3.92676
-4.97555,596.661,28.3895,149.332,3.28998
1.10844,520.054,30.6108,154.056,3.99986
1.71231,594.424,35.7189,179.001,4.0829
-1.26057,518.916,28.1438,144.055,3.69802
-2.80896,529.522,27.2047,140.824,3.51915
0.650895,560.758,32.4922,164.055,3.93867
-1.65309,521.596,27.9047,143.237,3.65139
-3.58614,550.178,27.5019,143.178,3.43426
-0.868249,519.698,28.5732,145.84,3.74554
-1.21574,522.939,28.4062,145.351,3.7034
-1.37506,558.187,30.1532,154.468,3.68432
-0.610818,541.731,30.0518,153.104,3.77723
-1.2529,561.235,30.4471,155.836,3.69894
1.83695,594.493,35.8754,179.628,4.10037
-0.651077,576.079,31.9126,162.631,3.77224
-0.384174,500.175,27.9652,142.242,3.80547
-4.14863,513.984,25.186,131.667,3.37473
0.042456,528.126,29.9666,151.958,3.85952
-2.57923,557.532,28.8759,149.223,3.54484
-2.4777,568.834,29.5664,152.679,3.55629
-4.51304,564.917,27.3257,143.24,3.33699
-1.72874,529.371,28.246,145.068,3.6425
-2.06751,570.786,30.0973,154.957,3.60312
-3.45273,537.735,27.007,140.463,3.44861
-4.76277,504.614,24.1927,127.054,3.31148
1.42789,535.83,31.8864,160.115,4.04346
1.61039,589.436,35.2961,177.009,4.06869
-0.362608,592.836,33.1707,168.693,3.80817
1.32865,511.493,30.3349,152.431,4.02983
-4.82374,552.433,26.4278,138.855,3.3053
-1.96109,541.778,28.6743,147.516,3.61542
-1.40666,536.54,28.9519,148.348,3.68055
-2.63282,524.848,27.132,140.266,3.53883
1.29952,597.349,35.3915,177.876,4.02585
1.78059,551.114,33.1937,166.267,4.09245
-4.38362,596.524,28.9876,151.806,3.35032
0.61786,507.498,29.3728,148.339,3.93431
-4.33659,513.819,25.0104,130.932,3.35518
-0.0292787,516.169,29.2157,148.226,3.85035
-4.79166,520.56,24.9315,130.962,3.30855
-4.08075,531.511,26.1076,136.417,3.38183
-4.16681,533.417,26.1213,136.576,3.37283
-1.33227,563.437,30.4822,156.105,3.68943
-2.70548,565.548,29.1614,150.838,3.53069
-4.99221,530.994,25.25,132.834,3.28831
1.99033,586.259,35.5642,177.879,4.12203
1.49882,574.952,34.2976,172.137,4.05324
1.61904,532.221,31.8794,159.864,4.0699
0.378171,568.765,32.6483,165.162,3.90289
0.824593,570.358,33.2463,167.656,3.96173
1.24038,520.328,30.7658,154.692,4.01778
-2.71147,527.644,27.2013,140.706,3.53002
-0.208542,559.529,31.4744,159.89,3.82758
-0.714625,573.962,31.7254,161.751,3.7644
-2.8906,531.25,27.2152,140.962,3.51008
0.368007,522.672,29.992,151.735,3.90156
-2.50306,557.135,28.9326,149.433,3.55343
-1.29826,560.296,30.3482,155.38,3.6935
-3.25146,553.127,27.978,145.298,3.47043
-2.70139,543.647,28.0362,145.013,3.53114
-1.94384,592.905,31.3992,161.514,3.61742
1.86685,562.106,33.9556,169.98,4.10458
-2.97665,522.711,26.6968,138.364,3.50057
-2.86966,594.183,30.4616,157.753,3.5124
-2.32658,502.537,26.2593,135.452,3.57344
-3.80034,545.997,27.0869,141.24,3.41141
-1.99312,547.458,28.9425,148.931,3.61171
-3.66234,590.342,29.4302,153.303,3.4261
-4.78916,527.905,25.2856,132.82,3.30881
-4.42626,591.928,28.7207,150.456,3.34592
-0.701872,582.031,32.1856,164.082,3.76597
0.366778,507.05,29.0943,147.195,3.9014
-1.72317,577.485,30.8193,158.278,3.64316
1.11522,506.874,29.842,150.179,4.00078
-3.87313,563.42,27.8794,145.451,3.40369
1.01857,594.2,34.8675,175.59,3.98773
-2.98509,558.565,28.5195,147.82,3.49963
-3.51914,588.193,29.4719,153.358,3.44146
0.64384,592.966,34.3501,173.444,3.93774
-0.113335,564.319,31.8484,161.681,3.83965
-1.82686,547.684,29.1232,149.68,3.63103
-4.67293,547.454,26.3307,138.189,3.32063
-1.46135,536.319,28.8849,148.063,3.67405
-3.60078,548.555,27.4066,142.697,3.43269
-3.3403,594.174,29.9602,155.693,3.46078
-2.5533,595.243,30.8571,159.432,3.54776
-4.09921,574.746,28.2128,147.437,3.3799
0.411932,542.917,31.2008,157.802,3.90729
-0.0273901,573.836,32.4818,164.795,3.85059
-3.63074,555.549,27.7267,144.395,3.42948
-2.38646,543.421,28.336,146.228,3.56663
0.437978,598.415,34.4211,174.056,3.91069
0.405842,572.743,32.908,166.443,3.90649
-0.974403,574.261,31.4569,160.681,3.73259
0.81633,590.055,34.3847,173.406,3.96063
-3.47559,582.439,29.2285,152.043,3.44615
-3.29594,504.798,25.4934,132.438,3.46559
-4.98261,519.516,24.7127,129.998,3.28927
1.36052,591.492,35.1177,176.424,4.0342
-1.2895,533.096,28.8837,147.873,3.69455
1.56492,503.058,30.0769,150.883,4.06238
-3.48404,564.611,28.3254,147.354,3.44524
-2.50326,554.903,28.8164,148.834,3.55341
-3.46699,579.878,29.1089,151.411,3.44707
0.479547,538.455,31.0165,156.794,3.91613
-0.893733,524.519,28.8128,147.09,3.74242
0.88425,586.604,34.2634,172.712,3.9697
-0.28614,549.132,30.8067,156.586,3.81779
1.51858,565.27,33.7429,169.329,4.05597
-4.75983,546.934,26.2244,137.721,3.31178
-2.60065,507.411,26.2602,135.728,3.54244
-3.92114,554.874,27.4098,143.052,3.39862
-3.44573,507.095,25.4744,132.485,3.44937
-3.92495,594.757,29.376,153.318,3.39822
-4.84271,554.839,26.525,139.386,3.30338
-3.56118,554.574,27.7462,144.423,3.43694
-2.07857,546.241,28.7919,148.248,3.60184
-2.58855,582.269,30.1472,155.804,3.5438
-0.0329881,552.791,31.2845,158.727,3.84988
-3.38092,538.124,27.0951,140.846,3.45637
1.85905,592.887,35.8055,179.251,4.10348
1.78629,577.15,34.7686,174.149,4.09325
-4.99925,520.697,24.7541,130.232,3.2876
-3.06829,578.96,29.4744,152.863,3.49047
-2.01231,578.94,30.5863,157.411,3.60949
-3.82355,523.497,25.9494,135.332,3.40895
-3.71414,500.344,24.8979,129.743,3.42058
-3.48421,591.115,29.6549,154.27,3.44522
1.18912,540.736,31.9164,160.535,4.0108
-4.48927,579.742,28.0665,147.098,3.33943
1.4922,585.274,34.9055,175.195,4.05232
-2.05414,573.697,30.265,155.805,3.60466
-0.233284,512.616,28.8108,146.385,3.82445
-2.85659,584.211,29.9642,155.162,3.51385
-1.81333,516.829,27.4955,141.3,3.63261
1.40519,532.832,31.6834,159.121,4.04033
-3.97468,507.845,25.0391,130.731,3.39298
-2.97402,596.371,30.4617,157.874,3.50086
-2.23928,537.047,28.1485,145.104,3.5834
-2.92284,599.277,30.6653,158.87,3.50651
1.8118,565.679,34.1073,170.806,4.09683
-0.737259,509.712,28.1519,143.554,3.76161
-4.54231,592.746,28.6419,150.173,3.33398
0.349827,584.292,33.5069,169.539,3.8992
-0.337679,524.938,29.397,149.475,3.8113
-1.90717,551.829,29.2614,150.477,3.62168
-2.30243,500.52,26.176,134.999,3.57619
1.67585,561.841,33.719,169.022,4.07781
0.606082,555.127,32.1164,162.208,3.93276
-4.27685,543.498,26.5113,138.728,3.36138
0.810847,528.999,30.8209,155.44,3.9599
-3.34845,549.032,27.676,143.832,3.45989
1.8635,511.874,30.9177,154.776,4.10411
-1.86895,509.494,27.0526,139.08,3.62612
0.699615,597.034,34.6522,174.9,3.94512
-0.922554,513.492,28.1788,143.883,3.7389
-4.69608,517.615,24.8751,130.572,3.31827
-0.652972,539.811,29.9015,152.384,3.77201
-2.28739,529.024,27.6813,142.746,3.5779
-3.71276,505.105,25.1361,130.983,3.42072
0.677014,596.327,34.5843,174.585,3.94213
-1.42424,530.685,28.6185,146.658,3.67846
0.148098,561.522,31.9779,162.036,3.87309
-2.86541,522.013,26.7657,138.608,3.51287
1.61227,568.721,34.0578,170.797,4.06896
-2.1989,513.404,26.9474,138.872,3.58802
-0.729451,512.367,28.3062,144.333,3.76257
1.18955,584.825,34.5191,173.626,4.01086
-3.08105,566.47,28.8255,149.512,3.48907
-4.02014,535.717,26.3708,137.73,3.38819
-0.364386,552.623,30.9188,157.243,3.80795
-1.24634,516.848,28.0455,143.537,3.69972
-3.67619,580.409,28.9209,150.665,3.42463
1.2248,591.227,34.9392,175.695,4.01565
-1.64179,599.4,32.0798,164.654,3.65272
-1.53467,550.005,29.5464,151.534,3.66536
-4.41713,507.575,24.6359,129.049,3.34686
1.3353,565.344,33.5363,168.509,4.03074
-1.20595,510.682,27.7499,141.983,3.70458
0.0220005,540.948,30.6725,155.56,3.8569
-0.845535,541.929,29.819,152.174,3.74832
0.938463,579.117,33.8891,170.76,3.97696
-1.44865,506.95,27.3153,140.004,3.67556
-2.22394,505.449,26.5066,136.625,3.58515
-0.180138,546.642,30.7797,156.329,3.83117
-3.35211,575.105,28.9866,150.647,3.45949
-2.98375,515.765,26.3355,136.499,3.49978
0.175746,561.966,32.0337,162.286,3.87665
-3.44837,503.068,25.2697,131.423,3.44908
-1.43801,590.84,31.8472,163.22,3.67683
-0.287553,532.193,29.855,151.749,3.81761
-0.482405,596.993,33.2651,169.318,3.79319
1.06125,527.21,30.9819,155.975,3.99348
-0.621143,575.15,31.8942,162.502,3.77595
1.70926,559.835,33.637,168.571,4.08247
-3.46756,508.92,25.5464,132.881,3.44701
1.66154,599.107,35.938,180.163,4.07581
-4.16768,515.864,25.261,132.078,3.37274
-2.26032,545.891,28.591,147.408,3.58099
-1.25213,597.685,32.4254,165.96,3.69903
-1.16709,578.402,31.4722,160.983,3.70925
-2.82893,514.032,26.3903,136.628,3.51693
1.15279,514.22,30.3135,152.512,4.00587
-2.91171,582.895,29.8387,154.575,3.50774
-0.755165,537.92,29.6914,151.424,3.75941
1.52214,525.165,31.3527,157.33,4.05646
-1.64658,567.346,30.3592,155.829,3.65215
-1.3116,541.59,29.3214,150.137,3.6919
0.277899,520.591,29.7799,150.759,3.88986
0.783087,568.603,33.0968,166.951,3.9562
-3.09364,518.584,26.3771,136.825,3.48769
-3.73564,513.574,25.5368,133.094,3.41829
0.164243,543.993,30.9969,157.047,3.87517
0.291806,546.937,31.302,158.449,3.89166
-0.09802,577.398,32.6039,165.497,3.84159
0.344401,552.162,31.6584,160.193,3.89849
-3.4762,582.71,29.2415,152.111,3.44608
0.989451,566.096,33.1852,167.152,3.98381
-0.653112,599.532,33.2095,169.242,3.77199
1.06246,507.294,29.8127,150.088,3.99364
-1.58868,556.829,29.8567,153.185,3.65898
-1.69723,562.145,30.0278,154.184,3.6462
-0.0970587,563.046,31.7945,161.388,3.84171
1.9334,563.183,34.098,170.613,4.11397
-4.36291,589.509,28.6679,150.108,3.35246
-4.70954,537.854,25.8353,135.626,3.3169
-1.12103,567.445,30.9256,158.134,3.71481
-2.28441,530.284,27.7501,143.098,3.57824
0.105052,506.284,28.7894,145.924,3.86755
-1.04793,579.829,31.6809,161.911,3.72366
-4.72983,541.789,26.0055,136.541,3.31483
-4.16133,570.482,27.9419,146.088,3.37341
-1.56256,516.754,27.7332,142.263,3.66206
-2.27991,597.795,31.288,161.336,3.57876
-2.88393,557.488,28.566,147.952,3.51082
-0.313954,513.48,28.7789,146.308,3.81429
-0.302493,501.187,28.1011,142.85,3.81573
1.94424,561.723,34.0222,170.221,4.1155
-2.82454,560.773,28.7944,149.07,3.51741
1.6497,595.481,35.706,179.015,4.07416
-3.46465,598.129,30.0275,156.186,3.44733
-0.414904,516.904,28.8698,146.876,3.80162
-1.90282,598.136,31.7217,163.124,3.62218
-1.74649,520.421,27.7513,142.546,3.64042
-2.80627,543.92,27.947,144.663,3.51945
1.48796,565.806,33.7395,169.348,4.05174
-0.906221,569.636,31.2776,159.687,3.7409
-4.68678,551.531,26.5137,139.164,3.31921
-1.95778,550.066,29.1163,149.787,3.6158
-2.50815,589.523,30.609,158.098,3.55285
-4.70106,545.519,26.2114,137.592,3.31776
-4.71963,574.658,27.5932,144.866,3.31587
1.72766,595.629,35.8101,179.439,4.08504
-4.23368,578.784,28.2758,147.913,3.36587
1.04682,592.57,34.8056,175.243,3.99153
-1.10418,559.827,30.5282,156.084,3.71685
-0.724191,540.582,29.8704,152.303,3.76322
-4.29702,526.646,25.6708,134.35,3.35929
-0.0976909,566.092,31.9658,162.258,3.84163
-4.9899,535.978,25.4891,134.089,3.28854
1.07666,549.267,32.2951,162.569,3.99556
-0.2139,511.361,28.7595,146.104,3.8269
-2.0059,589.402,31.146,160.284,3.61023
1.68533,581.491,34.9096,174.979,4.07913
-0.475885,528.668,29.4646,149.967,3.794
1.8488,578.122,34.9016,174.738,4.10204
1.45955,523.323,31.1759,156.512,4.04782
-0.726861,515.113,28.4604,145.117,3.76289
-0.145106,537.369,30.2942,153.825,3.83561
-3.87492,595.439,29.4618,153.709,3.4035
1.32231,551.447,32.6974,164.309,4.02897
-2.78161,519.801,26.7309,138.344,3.52219
-3.63335,550.77,27.4856,143.143,3.42921
-0.379105,569.992,31.8743,162.12,3.8061
-0.887759,586.656,32.2328,164.542,3.74315
-3.5023,550.39,27.5942,143.569,3.44327
-2.64449,595.635,30.7787,159.133,3.53752
-3.65286,527.798,26.3211,137.098,3.42712
-1.87932,536.503,28.4764,146.411,3.62492
-1.0135,546.873,29.916,152.854,3.72783
-2.86345,537.701,27.572,142.782,3.51309
-3.32029,541.47,27.322,141.963,3.46295
-4.24171,599.506,29.2798,153.175,3.36503
-1.75729,534.002,28.4648,146.222,3.63916
-3.24367,588.011,29.7507,154.495,3.47128
-2.34268,574.859,30.0214,154.876,3.5716
1.72099,592.587,35.6191,178.49,4.08411
-3.35511,501.993,25.2989,131.485,3.45917
-1.79955,597.08,31.7801,163.303,3.63422
0.328613,562.294,32.2218,163.062,3.89644
1.05499,556.474,32.6946,164.605,3.99264
-0.432564,561.147,31.3217,159.37,3.79941
-0.951702,570.083,31.2527,159.612,3.73535
0.109693,593.978,33.7814,171.221,3.86815
-3.69787,503.837,25.0862,130.709,3.42231
-0.333631,517.543,28.9869,147.386,3.81181
0.220984,550.393,31.423,159.141,3.88249
-4.80525,512.162,24.5174,128.8,3.30718
1.72251,591.437,35.5518,178.151,4.08432
1.62114,586.813,35.1519,176.272,4.07019
-0.062473,543.948,30.7528,156.062,3.84612
-4.42248,542.161,26.3095,137.821,3.34631
1.90895,546.538,33.0627,165.461,4.11052
-1.60427,583.494,31.2694,160.451,3.65714
-1.95091,593.844,31.4411,161.738,3.6166
-3.10827,565.498,28.7485,149.142,3.48608
-4.75561,593.137,28.444,149.373,3.31221
0.55869,565.782,32.6795,165.108,3.92652
-2.61347,552.167,28.5636,147.647,3.541
-1.84069,559.39,29.7313,152.82,3.62942
1.12401,528.971,31.1523,156.764,4.00197
-0.56253,552.302,30.6895,156.299,3.78322
-1.80605,576.916,30.6999,157.759,3.63346
-4.37172,573.935,27.9017,146.107,3.35155
-1.22126,578.292,31.407,160.712,3.70274
-2.01044,552.52,29.1924,150.235,3.60971
-2.94505,548.73,28.0569,145.38,3.50406
0.389699,517.621,29.7243,150.358,3.90439
0.571509,537.831,31.0788,157.006,3.9282
-2.28247,592.342,30.9998,159.853,3.57846
-2.7079,551.677,28.4438,147.129,3.53042
-2.38805,540.416,28.1778,145.413,3.56645
-3.34273,516.986,26.0659,135.458,3.46051
-0.256191,558.773,31.3801,159.466,3.82156
0.334152,515.266,29.5325,149.447,3.89716
1.637,597.887,35.8347,179.676,4.07239
1.62065,596.655,35.7409,179.226,4.07012
-3.05565,598.431,30.4792,158.059,3.49186
-0.505579,576.39,32.0913,163.371,3.7903
-3.31362,543.232,27.4173,142.451,3.46367
-4.46327,504.25,24.4344,128.037,3.34211
-1.52766,557.092,29.9344,153.516,3.66619
-4.7754,540.313,25.8926,135.994,3.3102
1.28222,548.524,32.4795,163.26,4.02348
-1.5113,589.182,31.6768,162.432,3.66813
-3.83311,538.757,26.6968,139.24,3.40793
-3.65953,547.141,27.2793,142.095,3.42641
-4.89592,528.787,25.2316,132.642,3.29801
-1.81088,570.831,30.371,156.075,3.63289
-0.961806,508.862,27.8867,142.432,3.73412
-0.0338822,578.805,32.7557,166.192,3.84976
-4.69732,528.889,25.4157,133.412,3.31814
-4.56079,522.574,25.2346,132.326,3.33209
-1.53811,568.532,30.538,156.623,3.66495
-1.32697,507.009,27.4345,140.491,3.69006
-3.16147,597.655,30.3264,157.389,3.48026
-1.05832,549.456,30.0105,153.386,3.7224
-3.33598,502.018,25.3172,131.561,3.46124
-0.378511,562.141,31.4359,159.889,3.80618
-3.99756,551.432,27.1661,141.86,3.39057
-4.00572,533.492,26.2747,137.214,3.38971
1.22857,596.623,35.2626,177.317,4.01617
-2.97826,570.424,29.132,150.987,3.50039
-2.16425,553.545,29.0896,149.874,3.59199
-1.79823,592.934,31.5609,162.175,3.63437
-3.76852,560.95,27.8601,145.238,3.41479
-1.88013,520.875,27.6461,142.143,3.62482
-1.22842,508.939,27.6336,141.41,3.70188
-1.7147,589.17,31.4522,161.518,3.64415
-4.97123,592.601,28.2007,148.333,3.29042
-2.30059,528.934,27.6638,142.669,3.5764
-0.187112,578.847,32.5852,165.508,3.83029
-0.963983,575.293,31.5249,161.016,3.73385
0.776911,525.639,30.5895,154.31,3.95538
-2.07451,526.167,27.7378,142.816,3.60231
-2.18019,586.547,30.8066,158.739,3.59016
-2.36861,546.086,28.4928,147.018,3.56866
-0.560799,598.429,33.2546,169.36,3.78343
-1.70465,507.376,27.0952,139.133,3.64533
0.243317,548.421,31.3345,158.668,3.88538
-3.98428,592.962,29.2258,152.601,3.39196
-2.21579,548.722,28.7841,148.356,3.58609
-0.255525,544.658,30.5882,155.44,3.82164
-2.52376,581.216,30.1612,155.803,3.55109
-0.530698,584.993,32.5419,165.695,3.78717
-3.98199,567.173,27.957,145.973,3.39221
0.769941,590.943,34.3816,173.448,3.95445
-0.372684,585.938,32.7733,166.684,3.80691
-4.03507,507.421,24.9647,130.401,3.38662
-3.17073,531.781,26.975,140.005,3.47924
-1.96495,557.659,29.5108,151.824,3.61497
1.34435,506.234,30.0392,150.928,4.03198
-2.80845,569.366,29.2522,151.422,3.5192
0.889759,532.893,31.1321,156.922,3.97043
0.0602679,586.788,33.3157,168.92,3.8618
-0.877904,552.955,30.3915,155.132,3.74436
1.51943,584.191,34.8734,175.001,4.05608
-1.38254,518.183,27.9849,143.368,3.68343
-0.32039,593.605,33.2623,169.108,3.81348
-0.829351,502.261,27.6519,141.098,3.7503
-3.10979,526.043,26.7413,138.73,3.48592
-0.476739,527.836,29.4173,149.727,3.7939
-3.39246,556.147,27.9911,145.517,3.45512
-3.91406,543.351,26.8473,140.109,3.39937
-4.59959,552.579,26.6467,139.771,3.32812
1.96694,568.632,34.4674,172.421,4.11872
-0.546443,522.239,29.0352,147.856,3.78522
0.282346,556.956,31.8651,161.31,3.89043
-3.08688,569.651,28.9815,150.327,3.48843
0.393989,566.664,32.5454,164.623,3.90495
-1.66313,536.032,28.667,147.16,3.6502
-4.65022,540.586,26.0214,136.543,3.32294
-0.274456,571.234,32.0597,162.94,3.81926
0.619871,510.373,29.5412,149.187,3.93458
-4.83176,541.499,25.8973,136.076,3.30449
-4.57969,504.828,24.3613,127.765,3.33015
-2.02022,576.68,30.4585,156.762,3.60858
-2.79705,512.849,26.3591,136.435,3.52047
-3.53131,578.423,28.9699,150.759,3.44015
-4.59992,556.597,26.8401,140.786,3.32808
-1.73597,558.229,29.7783,152.946,3.64165
1.54956,569.69,34.0428,170.797,4.06026
-0.880669,534.527,29.3759,149.95,3.74402
-2.36819,590.016,30.7854,158.847,3.5687
-4.74327,520.299,24.9621,131.075,3.31347
1.94564,558.432,33.8245,169.23,4.1157
-2.42377,577.016,30.0485,155.107,3.5624
-3.01513,526.524,26.8551,139.224,3.49632
1.22339,585.566,34.603,174.006,4.01546
-4.19556,524.694,25.668,134.234,3.36984
-4.27109,551.76,26.9198,140.859,3.36198
-4.71183,564.607,27.1181,142.363,3.31666
0.101938,514.093,29.2303,148.162,3.86715
-3.48957,549.842,27.5791,143.477,3.44464
1.70045,510.638,30.6718,153.721,4.08124
-0.132296,577.869,32.5918,165.477,3.83724
0.997902,521.094,30.556,153.9,3.98494
-2.22181,513.101,26.9099,138.702,3.5854
-4.24274,568.756,27.7769,145.314,3.36492
-3.96818,582.045,28.7041,149.859,3.39366
1.95145,596.505,36.1377,180.797,4.11652
0.472575,562.099,32.3707,163.648,3.91522
-0.757336,522.177,28.8202,146.984,3.75914
-1.07675,526.867,28.7583,147.005,3.72017
-0.992001,569.896,31.1988,159.383,3.73045
-2.68817,584.966,30.181,156.092,3.53262
0.552857,543.858,31.4069,158.685,3.92575
-4.43598,511.178,24.7941,129.896,3.34492
0.751162,526.971,30.6399,154.592,3.95196
-3.17332,512.985,26.0192,135.047,3.47896
-2.69394,527.705,27.2211,140.79,3.53198
-1.94454,594.801,31.4988,162.028,3.61734
-1.98847,570.351,30.1577,155.178,3.61225
-3.62132,505.784,25.2514,131.495,3.43049
-2.53018,558.496,28.9756,149.686,3.55037
-1.80809,577.047,30.7047,157.787,3.63322
0.662495,554.242,32.1275,162.2,3.94021
-1.6862,599.304,32.025,164.426,3.64749
0.0968804,585.665,33.294,168.766,3.8665
1.88893,524.831,31.7278,158.803,4.10769
-3.14603,515.054,26.1492,135.695,3.48195
-2.65468,513.225,26.5107,137.077,3.53637
-4.01198,579.258,28.5224,148.958,3.38905
-3.30814,503.933,25.4388,132.166,3.46427
1.13384,544.254,32.0631,161.336,4.0033
1.05448,563.419,33.102,166.657,3.99257
-0.560494,543.958,30.228,153.946,3.78347
-2.70475,507.785,26.1837,135.435,3.53077
-2.76237,524.002,26.9652,139.536,3.52434
0.102747,574.888,32.6879,165.687,3.86725
1.1487,572.898,33.7678,169.896,4.00531
0.256011,529.095,30.2436,153.13,3.88702
-2.42316,507.563,26.4322,136.44,3.56247
0.116399,504.717,28.7115,145.517,3.86901
1.68596,527.428,31.6646,158.713,4.07922
-4.8814,596.843,28.4937,149.774,3.29947
-2.03892,577.383,30.4757,156.872,3.60642
-0.446372,583.068,32.5297,165.533,3.79769
0.447699,551.551,31.7361,160.468,3.91196
-2.06301,595.296,31.3947,161.631,3.60364
-4.44444,544.741,26.4141,138.391,3.34404
-4.0456,501.637,24.6709,128.876,3.38552
-4.66028,537.411,25.8593,135.703,3.32192
-2.43855,581.57,30.2699,156.267,3.56072
-1.96289,577.551,30.5657,157.249,3.61521
-4.04074,531.792,26.1585,136.642,3.38603
-2.08479,515.47,27.1641,139.873,3.60113
-1.3077,594.711,32.2017,164.881,3.69237
-2.87274,579.924,29.7273,153.954,3.51206
-3.01467,582.492,29.7102,154.025,3.49637
1.93812,544.087,32.9471,164.85,4.11464
-4.1868,591.238,28.9323,151.295,3.37075
1.88727,503.202,30.4185,152.252,4.10746
1.3864,521.895,31.0131,155.775,4.03775
-4.76588,535.575,25.6742,134.837,3.31117
1.78132,572.589,34.4881,172.749,4.09256
-1.40319,544.63,29.3921,150.599,3.68097
-3.59818,561.819,28.0719,146.158,3.43297
0.165562,539.082,30.7185,155.635,3.87534
-0.33572,534.919,29.958,152.325,3.81155
-1.31246,527.201,28.5415,146.145,3.6918
0.586579,560.651,32.4142,163.735,3.93019
-0.256516,577.497,32.4313,164.808,3.82152
-0.718977,558.283,30.8541,157.313,3.76386
-4.93616,588.624,28.0465,147.484,3.29395
1.1037,593.206,34.911,175.703,3.99922
-0.0224004,518.492,29.3542,148.922,3.85123
1.26923,559.423,33.1101,166.445,4.02171
-4.94553,580.601,27.655,145.435,3.293
-4.46275,587.197,28.4542,149.101,3.34216
-2.12483,575.642,30.2925,156.027,3.59652
-0.123253,500.75,28.2511,143.429,3.83839
-1.88881,581.982,30.8801,158.781,3.62381
1.14239,583.166,34.3657,172.912,4.00446
-3.38422,591.345,29.7713,154.762,3.45602
-3.96038,585.04,28.8598,150.663,3.39448
0.602022,575.926,33.315,168.267,3.93222
-1.89292,518.565,27.5112,141.462,3.62334
-1.43831,539.048,29.0552,148.911,3.67679
-1.14118,553.467,30.1426,154.153,3.71238
-3.32385,543.709,27.4315,142.535,3.46256
0.626827,570.118,33.0072,166.683,3.93549
1.99792,561.226,34.0544,170.318,4.12311
-0.884281,554.822,30.4874,155.628,3.74358
-2.17273,579.621,30.4509,156.897,3.59102
-2.95463,566.875,28.9748,150.147,3.503
-4.90034,595.22,28.397,149.287,3.29756
-1.74736,530.015,28.262,145.17,3.64032
1.73298,532.481,32.0194,160.438,4.08579
-0.988161,586.509,32.1125,164.046,3.73091
1.93864,500.083,30.2831,151.519,4.11471
0.186076,557.462,31.7883,161.031,3.87798
-4.5017,514.043,24.8749,130.383,3.33815
-3.84588,559.611,27.7176,144.577,3.40658
1.19111,572.286,33.7809,169.911,4.01107
-4.0039,567.386,27.9458,145.939,3.3899
-4.00265,593.001,29.2087,152.532,3.39003
-0.864701,548.241,30.1463,153.865,3.74597
-1.647,595.999,31.892,163.697,3.6521
1.30066,533.85,31.6305,158.972,4.026
-4.3846,598.999,29.1069,152.432,3.35022
-1.70255,567.687,30.3182,155.681,3.64557
0.0198667,552.66,31.3343,158.919,3.85663
-4.01241,535.915,26.3878,137.811,3.38901
-1.50557,589.073,31.6773,162.428,3.66881
1.66432,596.715,35.7978,179.457,4.0762
1.27669,561.697,33.2531,167.156,4.02273
0.0536518,516.269,29.3051,148.592,3.86095
1.02943,592.076,34.7558,175.014,3.98919
-0.403207,536.208,29.9601,152.41,3.80309
-1.78277,560.902,29.872,153.479,3.63618
-4.01804,594.58,29.2705,152.873,3.38841
-2.15914,555.825,29.2146,150.512,3.59258
-0.556831,538.755,29.9427,152.489,3.78393
-2.52494,597.006,30.9793,160.03,3.55096
-1.24834,590.726,32.0521,164.045,3.69948
-0.0859741,543.278,30.69,155.769,3.84312
-0.569106,545.254,30.291,154.276,3.7824
-0.902025,594.883,32.6686,166.784,3.74141
0.584212,590.51,34.1378,172.445,3.92988
-2.12864,501.911,26.409,136.028,3.59608
-4.97727,501.367,23.8539,125.475,3.28981
-2.65804,551.909,28.5056,147.395,3.536
-4.91148,531.757,25.3592,133.328,3.29644
-4.36146,527.023,25.6305,134.203,3.35261
-4.32918,579.01,28.191,147.575,3.35595
-2.212,509.271,26.7182,137.704,3.58652
-3.01206,549.468,28.0284,145.304,3.49666
1.70751,532.231,31.9765,160.252,4.08223
-4.38858,530.207,25.7605,134.911,3.34981
-2.89497,553.374,28.3442,146.815,3.5096
-4.84321,545.706,26.0879,137.089,3.30333
0.908196,576.03,33.6735,169.709,3.9729
-2.79975,596.563,30.6589,158.694,3.52017
-0.284828,572.304,32.1082,163.199,3.81795
-1.96876,539.622,28.5525,146.898,3.61453
-2.23689,547.679,28.7082,147.987,3.58367
1.45203,548.826,32.6868,164.106,4.04678
-1.96323,542.23,28.6961,147.63,3.61517
1.16906,593.795,35.024,176.191,4.00808
-1.77097,579.293,30.8642,158.564,3.63756
-0.434841,582.191,32.4937,165.336,3.79913
0.644831,522.663,30.2785,152.884,3.93787
0.998653,512.904,30.0765,151.484,3.98504
-2.57514,581.464,30.1197,155.647,3.54531
-3.41308,555.326,27.9295,145.218,3.45289
0.549683,523.492,30.2275,152.729,3.92533
-4.12823,581.453,28.5127,149.036,3.37686
-4.14566,578.441,28.3474,148.192,3.37504
-3.35889,516.704,26.0368,135.323,3.45876
-1.17389,560.746,30.5043,156.04,3.70844
-4.94344,516.062,24.5827,129.276,3.29321
-0.698923,534.198,29.5435,150.61,3.76633
-1.57438,539.459,28.9398,148.465,3.66066
-1.83134,551.143,29.3025,150.606,3.63051
-3.17789,548.444,27.8132,144.364,3.47846
-0.124289,501.155,28.273,143.541,3.83825
-4.20371,585.363,28.6276,149.721,3.36899
-0.814393,599.403,33.0171,168.457,3.75213
-4.23966,512.864,25.05,131.045,3.36524
0.0584831,541.057,30.7174,155.748,3.86157
-1.20501,558.501,30.3493,155.281,3.70469
-1.55673,521.37,27.9866,143.557,3.66275
-4.41499,540.915,26.2561,137.533,3.34708
-2.27831,519.324,27.1824,140.164,3.57894
-0.71048,528.199,29.2001,148.871,3.76491
0.936095,552.459,32.3265,162.889,3.97664
-4.8662,558.456,26.6755,140.201,3.30101
-2.37549,566.857,29.5694,152.581,3.56787
0.416287,533.171,30.6453,154.987,3.90786
-0.364996,567.694,31.7613,161.528,3.80787
-3.47314,558.934,28.0514,145.917,3.44641
-1.61673,574.395,30.7685,157.895,3.65567
-3.78076,541.344,26.8747,140.113,3.41349
-4.61645,532.31,25.6539,134.581,3.32639
-0.67443,534.069,29.5615,150.675,3.76936
-0.386143,517.563,28.9354,147.179,3.80522
1.48992,505.892,30.1688,151.424,4.05201
-1.7648,533.825,28.4478,146.143,3.63828
0.575705,581.016,33.5791,169.633,3.92876
0.698216,540.24,31.3543,158.256,3.94493
-4.27278,543.688,26.5243,138.792,3.3618
-2.81029,536.512,27.5625,142.677,3.519
0.414486,503.492,28.9377,146.353,3.90762
0.737912,544.708,31.6568,159.738,3.9502
-0.611041,537.695,29.8277,151.962,3.7772
-0.892194,563.559,30.959,158.044,3.74261
-0.813242,530.72,29.235,149.159,3.75227
0.702921,547.193,31.763,160.314,3.94556
-2.03916,510.563,26.9485,138.717,3.60639
-2.81535,536.167,27.5399,142.566,3.51844
-4.06172,547.28,26.9003,140.539,3.38383
-4.4291,586.181,28.439,148.984,3.34563
-3.51107,502.818,25.2013,131.128,3.44233
1.63885,506.898,30.3831,152.34,4.07265
1.48057,596.958,35.5881,178.636,4.05072
-4.55954,544.313,26.2855,137.836,3.33222
-4.92642,569.183,27.1296,142.652,3.29493
-4.15507,585.18,28.6681,149.878,3.37406
-1.8947,561.805,29.8034,153.251,3.62313
-0.0413936,581.046,32.874,166.801,3.8488
-1.01234,522.085,28.5612,145.93,3.72797
-3.36643,572.362,28.8337,149.868,3.45794
-1.23785,560.823,30.4407,155.786,3.70074
-2.88881,505.979,25.9222,134.263,3.51028
1.56145,580.47,34.7011,174.085,4.0619
-4.40804,562.808,27.3255,143.128,3.3478
-4.35544,560.945,27.286,142.865,3.35323
-4.18777,584.681,28.6104,149.613,3.37065
0.802818,517.348,30.1338,151.983,3.95883
0.719318,585.92,34.0302,171.736,3.94773
1.4616,517.393,30.8248,154.747,4.0481
-1.28732,588.998,31.915,163.389,3.69481
-1.63986,515.837,27.6094,141.707,3.65294
1.45169,568.235,33.8423,169.908,4.04673
-2.58604,534.016,27.6513,142.902,3.54408
-2.93216,583.534,29.85,154.656,3.50548
-3.10893,526.056,26.7428,138.737,3.48601
1.64667,511.735,30.6812,153.826,4.07374
-3.35369,534.746,26.9509,140.069,3.45932
0.986267,538.487,31.5632,158.986,3.98338
-3.99226,539.536,26.5851,138.82,3.39113
-3.93298,516.72,25.5144,133.171,3.39737
-3.79505,549.026,27.2423,142.045,3.41197
-1.9373,508.034,26.9107,138.419,3.61818
0.91628,534.926,31.2793,157.634,3.97398
-4.19767,537.164,26.2761,137.416,3.36962
-3.96474,530.402,26.1605,136.575,3.39402
-2.90533,568.089,29.0873,150.675,3.50845
-1.00151,563.333,30.8293,157.506,3.72929
-3.78657,525.458,26.0807,135.98,3.41287
-0.595099,588.642,32.6719,166.434,3.77918
-3.28362,531.668,26.8621,139.535,3.46693
-0.498776,551.173,30.6945,156.253,3.79115
-4.11451,500.664,24.5629,128.378,3.3783
-2.32553,553.284,28.912,149.134,3.57356
-3.65144,560.255,27.9411,145.534,3.42727
1.09652,589.692,34.6956,174.628,3.99825
-1.91602,529.619,28.075,144.386,3.62065
-3.53224,582.355,29.1659,151.78,3.44005
-4.46769,592.777,28.7196,150.497,3.34165
1.97599,586.309,35.5498,177.825,4.12
-0.949287,596.86,32.7234,167.121,3.73564
-2.44959,563.354,29.3105,151.326,3.55947
-3.60359,568.156,28.3831,147.784,3.43239
-3.6849,520.892,25.9473,135.182,3.4237
-4.65798,515.245,24.7948,130.114,3.32215
-1.59877,581.296,31.1576,159.871,3.65779
-3.53503,588.419,29.4667,153.349,3.43975
-2.36039,580.208,30.2819,156.24,3.56959
-1.01066,530.843,29.0419,148.384,3.72818
-4.17212,563.43,27.5859,144.239,3.37228
-2.34807,551.13,28.7767,148.461,3.57099
-3.46274,556.633,27.9462,145.358,3.44753
-2.05832,515.395,27.1853,139.955,3.60418
0.192959,521.88,29.7664,150.781,3.87887
-1.20188,556.917,30.2665,154.854,3.70507
-3.51073,504.704,25.2962,131.621,3.44236
-1.30847,563.413,30.5062,156.201,3.69228
-3.42944,528.76,26.578,138.208,3.45113
-0.384503,514.416,28.7611,146.291,3.80543
-0.0894845,556.532,31.4349,159.554,3.84268
-3.37876,527.757,26.5751,138.141,3.45661
-1.25938,596.325,32.3434,165.549,3.69816
-0.677085,594.553,32.9063,167.726,3.76903
0.53819,569.222,32.855,166.019,3.92382
-0.723621,500.777,27.6715,141.091,3.76329
0.764283,575.847,33.4968,168.991,3.9537
-4.68451,505.298,24.2931,127.507,3.31944
1.34978,507.216,30.1031,151.243,4.03273
-3.23618,564.204,28.5537,148.271,3.4721
-1.36223,541.921,29.2876,150.019,3.68585
-4.22087,566.924,27.7089,144.935,3.3672
-2.23043,590.434,30.9563,159.568,3.58441
0.299728,538.875,30.8491,156.147,3.89269
-4.29528,570.52,27.8112,145.55,3.35947
-4.80979,590.203,28.2487,148.407,3.30672
0.563666,559.619,32.3291,163.332,3.92717
-2.20008,576.749,30.271,156.001,3.58788
-2.94187,536.201,27.4193,142.073,3.50441
1.81631,518.416,31.2624,156.554,4.09747
-1.92066,524.872,27.8188,143.073,3.62011
-2.49082,599.804,31.1618,160.933,3.55481
1.3477,540.78,32.0928,161.242,4.03244
0.805056,513.724,29.925,150.928,3.95913
0.715464,502.735,29.1949,147.339,3.94722
-1.12671,547.915,29.8553,152.668,3.71413
1.73278,519.542,31.2411,156.538,4.08576
-2.37091,519.39,27.0978,139.822,3.56839
-4.47221,503.857,24.4075,127.905,3.34118
0.0473674,508.071,28.8336,146.208,3.86015
-4.08259,511.079,25.1023,131.166,3.38164
-1.61636,507.879,27.2058,139.612,3.65571
0.899118,596.69,34.8704,175.753,3.97169
1.16323,595.59,35.1229,176.696,4.00728
1.7026,592.626,35.5991,178.413,4.08154
1.87032,501.754,30.3135,151.744,4.10507
1.9917,579.434,35.1517,175.814,4.12222
1.94944,515.02,31.1991,156.091,4.11624
-2.51513,527.699,27.3923,141.49,3.55207
-0.664211,558.131,30.9043,157.507,3.77062
-2.14618,565.287,29.7254,153.13,3.59407
-2.69608,522.246,26.9375,139.326,3.53174
1.76729,579.409,34.8821,174.74,4.09059
1.06592,518.814,30.4934,153.511,3.99411
-4.90555,582.128,27.7673,145.982,3.29703
-4.07751,512.075,25.1558,131.44,3.38217
-3.89848,575.346,28.4439,148.424,3.40101
-1.1301,529.761,28.8627,147.596,3.71372
-2.86241,503.165,25.802,133.615,3.51321
1.66652,599.141,35.9461,180.197,4.07651
-3.04452,550.33,28.0403,145.4,3.49309
1.15156,587.346,34.6228,174.194,4.0057
-2.75123,542.517,27.9289,144.511,3.52558
1.74829,535.148,32.1966,161.309,4.08793
-2.84088,555.21,28.4924,147.524,3.5156
-2.49747,563.815,29.2852,151.249,3.55406
-4.03257,578.979,28.4878,148.801,3.38689
0.0467826,556.573,31.5854,160.162,3.86007
0.544176,563.233,32.516,164.299,3.92461
-1.23853,542.736,29.4583,150.759,3.70066
-0.143346,561.625,31.6635,160.776,3.83584
0.450406,548.392,31.5572,159.561,3.91232
-2.11483,556.256,29.2826,150.814,3.59767
1.62194,574.34,34.4056,172.529,4.0703
-0.689363,528.617,29.2446,149.075,3.76751
-0.504439,548.761,30.5542,155.544,3.79044
-4.73706,598.366,28.7138,150.768,3.3141
-0.270515,592.107,33.2356,168.912,3.81975
-0.350058,595.707,33.3458,169.569,3.80975
-3.2936,504.585,25.4848,132.391,3.46585
-4.88077,510.843,24.3885,128.195,3.29954
1.81432,532.185,32.0905,160.703,4.09719
1.04734,500.723,29.4113,148.083,3.9916
-0.0812713,539.142,30.4612,154.603,3.84372
0.688648,551.293,31.9853,161.452,3.94367
-2.10205,590.219,31.0844,160.079,3.59914
-2.14826,540.994,28.4459,146.54,3.59383
0.0593887,511.267,29.027,147.176,3.86169
1.49944,593.527,35.4064,177.701,4.05332
-4.10752,577.35,28.3323,148.07,3.37903
1.06075,582.202,34.2129,172.242,3.99341
-3.7429,553.447,27.5124,143.398,3.41751
-2.4476,507.265,26.3941,136.267,3.5597
-3.22413,505.248,25.5809,132.822,3.47341
0.401623,586.837,33.7129,170.519,3.90594
-2.81095,576.29,29.6054,153.253,3.51893
-0.496681,514.015,28.6273,145.727,3.79141
-4.27197,518.71,25.3065,132.418,3.36189
-0.685129,522.544,28.9129,147.38,3.76804
-0.170007,535.793,30.1794,153.269,3.83246
-0.102752,546.285,30.8419,156.559,3.84099
-2.08774,588.954,31.0333,159.799,3.60079
-4.43198,569.115,27.6082,144.634,3.34533
-4.39027,539.072,26.1896,137.16,3.34963
-4.32181,564.829,27.5078,143.99,3.35672
-2.73342,562.653,28.9837,149.95,3.52757
-3.76531,515.335,25.5975,133.44,3.41513
-4.26648,537.153,26.2114,137.148,3.36246
-0.516739,575.128,32.0086,162.963,3.78891
-0.0117236,510.146,28.8923,146.567,3.85259
-0.138862,521.151,29.3862,149.208,3.8364
0.818273,566.9,33.0376,166.61,3.96089
1.85486,535.161,32.3147,161.78,4.10289
1.99333,509.068,30.8847,154.47,4.12246
1.71689,538.917,32.3885,162.306,4.08354
0.550113,525.022,30.3163,153.178,3.92539
-2.68356,551.117,28.4392,147.079,3.53314
0.857576,586.463,34.2239,172.545,3.96613
-2.09273,569.921,30.0252,154.614,3.60021
-3.08716,529.012,26.9137,139.602,3.4884
-0.839405,520.088,28.6233,146.066,3.74907
1.67736,548.83,32.9398,165.115,4.07802
-4.19635,568.656,27.8178,145.477,3.36975
-1.00752,583.269,31.9136,163.053,3.72856
-0.67488,597.297,33.0608,168.511,3.7693
-2.43817,520.811,27.1078,139.943,3.56077
1.93759,544.839,32.9921,165.075,4.11456
-4.5185,582.789,28.1847,147.75,3.33643
-2.60089,556.139,28.7818,148.761,3.54241
-1.17733,552.448,30.0493,153.716,3.70802
0.28829,588.612,33.6831,170.506,3.8912
-0.0247823,576.105,32.6132,165.459,3.85092
-1.57144,567.627,30.454,156.23,3.66101
0.718339,553.301,32.1345,162.171,3.9476
1.66837,520.774,31.2463,156.636,4.07676
-4.41894,559.047,27.1324,142.128,3.34667
-2.67173,513.313,26.4994,137.035,3.53446
-1.95217,588.74,31.1696,160.343,3.61646
0.453092,568.555,32.7206,165.439,3.91267
-2.33176,597.994,31.2415,161.157,3.57285
-3.72623,508.747,25.3052,131.878,3.41929
-2.86447,555.574,28.4874,147.524,3.51298
-1.58772,580.774,31.1417,159.777,3.65909
-0.389714,594.13,33.212,168.936,3.80478
1.60759,528.041,31.6166,158.56,4.06831
-1.47417,522.472,28.1266,144.189,3.67253
-3.82888,573.53,28.4241,148.244,3.40838
-3.00608,567.795,28.9694,150.175,3.49732
-3.04531,554.468,28.2504,146.49,3.493
-1.73116,529.2,28.2345,145.012,3.64222
-0.613866,526.966,29.2296,148.918,3.77685
-3.39158,527.723,26.5614,138.083,3.45522
0.547261,514.018,29.678,149.956,3.92501
-4.71385,545.495,26.1983,137.536,3.31646
-0.249721,518.877,29.1461,148.106,3.82238
1.36492,552.221,32.7911,164.73,4.0348
-0.0067603,517.603,29.3197,148.73,3.85322
0.300254,570.649,32.6686,165.356,3.89275
1.19746,503.132,29.7053,149.405,4.01193
-1.85469,508.768,27.0275,138.937,3.62778
-2.11597,500.798,26.3622,135.774,3.59754
-4.29781,579.211,28.2322,147.756,3.3592
0.335082,523.223,29.9895,151.758,3.89728
-3.16277,538.283,27.3125,141.749,3.48012
0.34032,572.815,32.8379,166.166,3.89796
-1.6731,594.662,31.7915,163.212,3.64903
-3.15371,534.389,27.1235,140.759,3.48111
-3.45373,595.021,29.883,155.422,3.4485
-1.58517,546.523,29.3077,150.364,3.65939
1.12741,579.465,34.13,171.744,4.00243
-1.96712,577.237,30.5445,157.145,3.61472
0.357136,535.766,30.7318,155.49,3.90015
-0.238408,563.864,31.6855,160.997,3.8238
-0.163585,522.137,29.4167,149.389,3.83327
-3.48312,527.381,26.4585,137.641,3.44534
0.454283,589.503,33.9275,171.54,3.91282
-0.0536298,538.795,30.4708,154.621,3.84724
0.10364,523.623,29.7739,150.916,3.86737
1.65122,512.71,30.7445,154.139,4.07438
-0.366504,587.533,32.8696,167.166,3.80768
-2.86533,559.332,28.6793,148.518,3.51288
-1.36636,519.539,28.074,143.807,3.68536
0.678874,536.138,31.0955,156.971,3.94237
0.945097,541.583,31.6999,159.721,3.97785
-0.185029,505.541,28.4606,144.556,3.83055
-3.7955,594.644,29.5054,153.845,3.41192
-2.65897,540.365,27.9085,144.308,3.53589
-3.35768,544.284,27.4277,142.551,3.45889
-1.49571,518.145,27.8727,142.91,3.66997
1.35342,565.724,33.5797,168.706,4.03323
0.780636,591.256,34.4125,173.591,3.95587
1.79438,541.978,32.6588,163.572,4.09439
-4.0637,547.584,26.9134,140.609,3.38362
-4.96923,572.261,27.2347,143.25,3.29062
0.23885,535.619,30.5984,154.945,3.8848
1.02623,559.291,32.8277,165.309,3.98876
0.6059,556.032,32.1685,162.472,3.93273
-0.912945,516.802,28.3699,144.849,3.74008
-2.18475,586.431,30.7956,158.687,3.58964
-3.81733,515.286,25.548,133.233,3.40961
1.541,588.24,35.141,176.317,4.05907
-3.80386,527.474,26.1648,136.435,3.41103
-1.80701,508.243,27.0447,138.977,3.63334
-1.46541,517.631,27.8745,142.888,3.67357
-1.5966,564.893,30.2807,155.369,3.65804
1.11769,533.224,31.396,157.997,4.00111
1.829,516.775,31.177,156.112,4.09925
-2.18078,534.403,28.0674,144.625,3.5901
-4.18241,510.642,24.9922,130.687,3.37121
-1.2429,528.475,28.6799,146.78,3.70014
0.798558,594.832,34.6419,174.726,3.95826
-2.67037,562.704,29.0506,150.227,3.53462
1.05158,529.681,31.1168,156.665,3.99217
-1.31649,589.492,31.9093,163.395,3.69132
-4.71199,577.111,27.7185,145.515,3.31665
-2.15052,565.186,29.7156,153.084,3.59357
-1.02711,577.567,31.5802,161.372,3.72618
-3.92723,559.279,27.6215,144.163,3.39798
-1.65645,556.793,29.7843,152.888,3.65099
0.0164742,591.547,33.5351,170.086,3.85619
0.649252,531.452,30.7924,155.474,3.93845
-2.34418,575.571,30.057,155.061,3.57143
1.92845,511.17,30.9437,154.836,4.11327
-4.53337,548.856,26.5296,139.089,3.3349
-3.69982,550.402,27.4027,142.781,3.4221
-2.26407,538.079,28.1781,145.283,3.58056
-2.56681,553.141,28.661,148.1,3.54624
-1.69846,519.388,27.7427,142.452,3.64605
-3.03743,572.203,29.1621,151.209,3.49387
-4.26863,549.846,26.8287,140.38,3.36223
-0.740115,514.736,28.4265,144.958,3.76126
-2.59331,596.019,30.8539,159.462,3.54326
-1.22703,588.703,31.966,163.579,3.70204
-2.34032,590.529,30.8423,159.108,3.57187
0.747277,530.671,30.8509,155.661,3.95144
-3.71081,556.798,27.7104,144.396,3.42093
-2.03965,569.722,30.0705,154.788,3.60633
1.86283,593.933,35.8733,179.585,4.10401
-1.37451,528.06,28.5263,146.133,3.68439
-3.89938,507.559,25.0919,130.933,3.40092
-1.10241,511.714,27.9063,142.676,3.71706
-1.75567,531.264,28.3204,145.478,3.63935
1.11726,536.943,31.6145,159.097,4.00105
-3.9539,561.455,27.7027,144.615,3.39516
-4.56809,584.898,28.2368,148.077,3.33134
-1.16533,563.709,30.6746,156.901,3.70947
-0.461712,520.135,29.0032,147.604,3.79577
1.65546,555.756,33.3305,167.099,4.07496
-4.24571,577.227,28.1877,147.466,3.36461
1.6625,541.196,32.4652,162.752,4.07595
-3.55857,508.553,25.446,132.447,3.43722
-4.67992,529.048,25.4391,133.517,3.31991
-0.626869,508.752,28.2067,143.72,3.77524
-3.24407,511.347,25.8715,134.35,3.47124
-3.46367,523.533,26.2835,136.711,3.44743
-2.02721,561.882,29.6696,152.71,3.60777
1.38663,508.789,30.2346,151.864,4.03778
-3.22108,576.465,29.1897,151.557,3.47375
-1.73953,506.877,27.0356,138.863,3.64124
-1.04199,549.998,30.0572,153.606,3.72438
1.58585,523.728,31.3351,157.172,4.06529
0.648276,539.27,31.2443,157.757,3.93833
0.266956,543.477,31.0774,157.339,3.88844
0.221586,547.97,31.2854,158.443,3.88257
-3.96245,514.273,25.367,132.431,3.39426
1.91645,574.838,34.7836,174.064,4.11157
-4.72628,526.109,25.2561,132.602,3.31519
1.92376,564.86,34.1883,171.077,4.11261
-0.861072,525.751,28.9132,147.568,3.74641
-3.76943,573.132,28.4642,148.388,3.41469
-2.30722,502.583,26.2795,135.537,3.57564
-0.609408,575.562,31.9301,162.671,3.7774
-2.12077,562.354,29.5975,152.442,3.59699
-3.79123,567.919,28.1836,146.949,3.41237
-0.577271,556.504,30.9072,157.424,3.78139
0.0790517,520.1,29.5485,149.799,3.86421
-2.91435,588.597,30.1278,156.076,3.50745
-4.37464,566.867,27.5553,144.295,3.35125
-1.82742,577.335,30.6993,157.781,3.63096
-1.91475,560.918,29.7355,152.924,3.6208
-4.74184,557.217,26.7346,140.381,3.31361
-4.17396,519.856,25.4508,133.077,3.37209
0.0280281,506.341,28.7162,145.633,3.85767
-0.756906,571.611,31.5491,160.901,3.75919
0.624801,548.057,31.7278,160.225,3.93523
0.776457,539.104,31.3726,158.261,3.95532
1.57841,557.012,33.318,167.126,4.06425
-2.23767,523.599,27.4452,141.477,3.58358
-1.78115,556.657,29.6477,152.325,3.63637
0.136877,518.158,29.497,149.476,3.87164
0.948805,542.19,31.7395,159.916,3.97834
-3.17248,540.87,27.4343,142.391,3.47905
1.03386,505.839,29.698,149.541,3.98978
0.914561,557.932,32.6227,164.406,3.97375
-2.32406,513.366,26.8275,138.38,3.57372
1.67288,513.643,30.8232,154.51,4.07739
-0.588385,534.232,29.6589,151.078,3.78001
0.696511,572.678,33.235,167.751,3.94471
1.17215,547.902,32.3205,162.587,4.0085
-0.911491,531.731,29.1909,149.039,3.74025
1.11511,512.02,30.1449,151.704,4.00076
-0.0585373,586.926,33.1871,168.411,3.84662
-4.17456,512.296,25.0801,131.139,3.37202
0.670118,532.75,30.8897,155.942,3.94121
0.0122134,580.21,32.8876,166.807,3.85565
-1.41161,509.471,27.4865,140.844,3.67997
-1.40195,538.073,29.0395,148.791,3.68112
-3.6045,596.873,29.8167,155.25,3.43229
-1.17836,569.252,30.9622,158.387,3.7079
-2.51564,573.068,29.7468,153.653,3.55201
-1.39891,568.167,30.6668,157.126,3.68148
-2.50056,514.602,26.7261,138.035,3.55371
0.311825,594.278,34.0349,172.258,3.89426
-0.255942,515.259,28.9367,147.048,3.82159
0.175154,526.149,29.9915,151.941,3.87657
-0.62202,535.501,29.6946,151.296,3.77584
0.340815,556.166,31.884,161.339,3.89802
-1.05768,533.883,29.1606,149.041,3.72247
-4.7486,542.061,26.0011,136.537,3.31292
-3.29888,592.599,29.9245,155.46,3.46527
-1.3086,578.886,31.3438,160.49,3.69226
-3.85464,550.614,27.2635,142.218,3.40565
-2.70207,563.264,29.0472,150.244,3.53107
0.104363,550.775,31.3186,158.744,3.86746
1.63826,571.054,34.2279,171.618,4.07257
-2.38896,571.57,29.8012,153.792,3.56635
-2.21046,519.931,27.2789,140.592,3.5867
-4.05534,520.844,25.6067,133.774,3.3845
-3.81066,591.043,29.311,152.849,3.41031
0.169489,553.48,31.5432,159.808,3.87584
-4.87407,557.141,26.6053,139.84,3.30021
-1.07576,571.184,31.1784,159.375,3.72029
-1.62245,595.561,31.8959,163.687,3.65499
-0.304068,592.386,33.2128,168.836,3.81553
-2.44291,530.424,27.6036,142.507,3.56023
-0.678736,575.6,31.8556,162.372,3.76883
-4.35779,588.163,28.6076,149.787,3.35299
-1.25835,536.516,29.1006,148.95,3.69828
-0.23052,541.328,30.4274,154.596,3.8248
-0.248694,503.552,28.2863,143.736,3.82251
-2.02542,559.162,29.5279,151.978,3.60798
-3.66031,570.571,28.4467,148.177,3.42632
-0.11305,573.949,32.3922,164.441,3.83968
-0.801731,543.905,29.9733,152.913,3.75369
-3.47031,577.621,28.9922,150.807,3.44672
1.08616,525.51,30.9083,155.578,3.99684
0.794738,588.519,34.2698,172.853,3.95775
-1.39843,576.939,31.1409,159.554,3.68154
-3.27093,528.664,26.7223,138.796,3.46831
-1.11901,515.331,28.0873,143.619,3.71506
-3.06487,529.405,26.9548,139.792,3.49085
0.759874,553.037,32.1651,162.278,3.95311
-0.644507,534.844,29.6351,151.017,3.77306
-3.06681,540.867,27.5365,142.811,3.49064
-4.90501,599.437,28.5934,150.325,3.29709
-2.4511,536.564,27.9151,144.124,3.5593
-3.76281,530.405,26.3484,137.351,3.41539
-4.92419,533.059,25.4098,133.607,3.29515
1.10013,536.126,31.5479,158.781,3.99873
-2.33458,518.219,27.0711,139.647,3.57253
-3.79106,508.865,25.2531,131.669,3.41239
-1.46636,554.912,29.8811,153.175,3.67346
-3.62953,542.449,27.074,140.995,3.42961
-0.761982,539.737,29.7846,151.907,3.75857
-4.10898,534.813,26.2435,137.155,3.37888
-1.63285,586.726,31.4113,161.213,3.65377
-2.36208,524.551,27.3755,141.246,3.5694
-1.66641,538.082,28.7734,147.71,3.64982
-4.83093,566.909,27.1134,142.465,3.30457
0.54159,569.901,32.8981,166.233,3.92427
1.93385,589.573,35.6964,178.61,4.11403
-3.02744,516.625,26.3388,136.56,3.49497
-2.62308,574.209,29.6939,153.5,3.53992
0.995743,598.3,35.0806,176.692,3.98465
-2.75455,568.899,29.2837,151.525,3.52521
-1.93636,520.794,27.5875,141.9,3.61829
1.89551,504.484,30.5046,152.674,4.10862
-0.449811,505.524,28.2001,143.505,3.79726
-3.25447,548.988,27.7657,144.198,3.47011
-2.72196,557.645,28.7373,148.662,3.52885
-1.22694,537.322,29.1762,149.303,3.70205
-3.93423,548.299,27.0725,141.305,3.39724
-2.147,564.32,29.6737,152.864,3.59397
1.26725,545.313,32.2728,162.238,4.02144
-0.963384,533.439,29.232,149.305,3.73393
-1.8896,525.961,27.9068,143.493,3.62372
0.573376,507.92,29.3522,148.282,3.92845
1.11192,518.238,30.5076,153.533,4.00033
-2.61316,505.301,26.1396,135.116,3.54103
1.7191,539.586,32.4312,162.518,4.08385
-3.90347,590.378,29.1819,152.281,3.40049
-0.0131882,527.363,29.8659,151.508,3.8524
1.91277,563.98,34.1222,170.759,4.11105
-2.31284,513.583,26.8494,138.482,3.575
-2.56023,572.472,29.6694,153.303,3.54698
0.273727,572.982,32.7722,165.912,3.88931
0.751285,518.112,30.1249,151.994,3.95197
-1.04923,553.275,30.2286,154.491,3.7235
-3.31539,522.55,26.3719,137.021,3.46348
0.757453,586.268,34.095,172.017,3.95279
1.51502,591.711,35.3169,177.232,4.05548
-0.0922681,551.032,31.1212,157.965,3.84232
-1.99355,561.916,29.7064,152.862,3.61166
-2.47155,504.668,26.2369,135.479,3.55699
0.935127,582.704,34.0952,171.802,3.97651
-4.18391,557.896,27.3035,142.775,3.37105
-2.46253,592.846,30.8309,159.191,3.55801
-1.64598,569.329,30.4659,156.376,3.65222
-2.20895,500.785,26.2758,135.421,3.58687
-3.50574,525.098,26.323,136.959,3.4429
0.629138,595.395,34.4734,174.085,3.9358
-3.4339,523.665,26.3178,136.859,3.45065
1.7946,541.099,32.6061,163.307,4.09442
-4.7316,577.006,27.6941,145.409,3.31465
-1.55398,588.052,31.569,161.93,3.66308
-0.528139,593.941,33.0426,168.241,3.78749
-0.898227,544.952,29.9306,152.801,3.74187
1.96236,522.879,31.6891,158.528,4.11807
-1.96026,582.101,30.8093,158.499,3.61552
-1.75091,584.561,31.1667,160.094,3.6399
-2.3777,558.063,29.1085,150.204,3.56762
1.90425,589.392,35.6493,178.412,4.10985
-1.20601,563.093,30.5978,156.554,3.70457
-3.18008,550.248,27.9025,144.83,3.47822
0.00333777,565.183,32.026,162.447,3.85451
-3.94046,501.16,24.7395,129.134,3.39658
0.760677,547.201,31.8265,160.569,3.95322
-2.9262,536.113,27.4299,142.112,3.50614
1.02709,545.692,32.0304,161.293,3.98887
-4.56039,553.567,26.7316,140.176,3.33213
-2.3489,592.256,30.9232,159.535,3.5709
-0.777512,590.624,32.5752,166.158,3.75666
-3.61946,556.507,27.7856,144.69,3.43069
-4.42797,549.795,26.6748,139.74,3.34574
-0.877211,554.841,30.4959,155.664,3.74444
-2.45038,594.925,30.9522,159.803,3.55938
1.76012,587.097,35.3363,177.024,4.08958
-0.391842,512.107,28.6247,145.605,3.80451
0.220795,596.478,34.0539,172.465,3.88246
-4.7522,573.244,27.4934,144.377,3.31256
1.48753,559.522,33.3643,167.466,4.05168
0.889905,570.868,33.3508,168.105,3.97045
1.29859,574.322,34.0261,171.015,4.02572
-4.71795,548.635,26.3452,138.312,3.31604
1.01183,529.504,31.064,156.443,3.98682
-0.231754,521.961,29.3376,149.06,3.82465
-2.47197,559.898,29.1078,150.304,3.55694
-1.34582,547.24,29.592,151.56,3.68781
-3.90826,562.805,27.8143,145.149,3.39998
0.0956738,504.452,28.6759,145.358,3.86634
-3.03485,531.085,27.069,140.353,3.49415
1.66736,547.394,32.8424,164.638,4.07662
1.12697,545.842,32.1491,161.777,4.00237
-3.85715,585.417,28.9842,151.197,3.40538
-1.76912,537.97,28.6644,147.26,3.63777
-0.610369,516.05,28.6276,145.848,3.77728
1.28771,581.74,34.4527,173.172,4.02423
1.29431,520.119,30.8103,154.857,4.02514
-4.55215,527.544,25.4824,133.617,3.33297
0.0099603,558.634,31.6622,160.594,3.85536
1.98165,599.33,36.3463,181.802,4.1208
-1.71827,584.042,31.1745,160.097,3.64373
-3.51495,599.07,30.0214,156.212,3.44191
-0.258312,542.414,30.4592,154.788,3.82129
-1.94806,517.549,27.4044,140.97,3.61693
-4.59492,510.044,24.5996,129.029,3.32859
-2.87713,562.311,28.8201,149.26,3.51157
-2.10319,573.792,30.2181,155.619,3.59901
-0.678246,560.066,30.9964,157.992,3.76889
-2.4063,596.681,31.0916,160.471,3.56438
-0.590534,516.732,28.6851,146.12,3.77974
-2.53998,524.298,27.1921,140.482,3.54926
0.763997,518.027,30.1331,152.022,3.95366
-2.50258,590.636,30.6728,158.421,3.55348
1.03153,561.285,32.9507,165.922,3.98947
-2.25247,566.589,29.6832,153.03,3.58189
-3.37149,554.137,27.9107,145.076,3.4574
-2.67427,521.284,26.9085,139.153,3.53418
-4.29108,538.112,26.2353,137.298,3.3599
-1.02162,507.355,27.7464,141.776,3.72685
-1.53856,529.454,28.4386,145.856,3.6649
-0.771707,573.61,31.6432,161.398,3.75737
-2.37601,539.29,28.1309,145.158,3.56782
-3.9786,554.515,27.3363,142.729,3.39256
-0.0597764,506.86,28.6586,145.432,3.84646
-0.35194,533.068,29.8375,151.731,3.80951
1.73381,560.595,33.7109,168.913,4.0859
0.408935,572.51,32.8981,166.389,3.9069
-1.21168,572.422,31.0986,159.123,3.70389
-0.624188,575.85,31.9297,162.687,3.77557
-1.74797,594.209,31.6843,162.75,3.64025
-3.64808,516.787,25.7763,134.255,3.42763
-4.12727,544.45,26.699,139.555,3.37696
-4.57818,504.866,24.3644,127.78,3.33031
-0.581417,512.207,28.443,144.877,3.78087
-2.19037,558.217,29.3083,151.029,3.589
0.322064,581.798,33.3319,168.688,3.89559
0.804243,532.62,31.0249,156.476,3.95902
-1.02647,543.388,29.712,151.825,3.72626
0.312826,555.041,31.7888,160.889,3.89439
1.90849,561.549,33.9702,170.003,4.11045
-4.63864,572.154,27.5523,144.564,3.32412
-2.21664,573.092,30.0615,154.941,3.58599
0.326464,525.237,30.096,152.306,3.89616
-0.368114,589.712,32.9896,167.779,3.80748
-0.149689,509.953,28.744,145.959,3.83503
-4.98733,512.722,24.3854,128.281,3.2888
-3.8232,524.198,25.9845,135.515,3.40898
0.325962,554.114,31.7501,160.678,3.89609
-4.58811,522.395,25.2014,132.179,3.32929
0.606811,575.522,33.2972,168.171,3.93285
-1.66718,525.434,28.0963,144.235,3.64973
-0.873028,575.424,31.6318,161.457,3.74495
-4.24671,502.354,24.5305,128.334,3.36451
-0.288098,518.108,29.0643,147.731,3.81754
-4.55108,593.871,28.6874,150.421,3.33308
1.90375,525.427,31.7799,159.048,4.10978
-3.57249,566.409,28.3269,147.458,3.43573
-0.565019,550.223,30.5713,155.7,3.78291
1.06733,537.262,31.5792,158.975,3.9943
1.97711,508.495,30.8329,154.229,4.12016
-2.23045,528.152,27.6908,142.736,3.58441
-3.97709,504.444,24.8693,129.847,3.39272
-1.89658,526.542,27.9308,143.624,3.62291
-0.0426517,528.116,29.8781,151.602,3.84864
-3.99596,584.658,28.8046,150.415,3.39074
-0.829631,502.559,27.668,141.181,3.75026
0.0665975,568.113,32.2624,163.572,3.86261
1.11257,548.963,32.317,162.638,4.00042
-4.88256,542.552,25.9007,136.146,3.29935
1.32315,548.888,32.5466,163.55,4.02908
0.924173,553.98,32.4022,163.284,3.97504
-4.75832,527.688,25.303,132.88,3.31194
-3.45596,522.38,26.2327,136.439,3.44826
-3.9455,536.939,26.501,138.333,3.39605
-3.7961,567.718,28.1687,146.877,3.41186
-0.08406,526.349,29.7356,150.923,3.84337
-2.15472,556.153,29.2364,150.62,3.59309
-1.71982,515.909,27.5363,141.414,3.64355
-0.381246,578.472,32.3461,164.522,3.80584
-4.54878,587.769,28.3949,148.885,3.33332
-2.28595,520.883,27.2567,140.555,3.57807
-2.36795,516.026,26.925,138.928,3.56873
-1.47905,533.755,28.7291,147.283,3.67195
-4.81497,530.61,25.3918,133.403,3.30619
0.32375,518.383,29.7005,150.308,3.89581
-2.03289,505.47,26.6855,137.357,3.60711
-2.63215,526.619,27.2242,140.742,3.5389
-1.10351,568.989,31.0286,158.641,3.71693
-3.61924,548.235,27.3728,142.54,3.43072
0.622579,544.737,31.5332,159.244,3.93493
1.76473,557.838,33.5805,168.223,4.09023
-2.00994,597.161,31.5516,162.376,3.60977
-1.74104,596.434,31.8107,163.39,3.64106
-0.00226707,524.505,29.7153,150.732,3.8538
-3.69905,568.797,28.3194,147.556,3.42219
-1.93441,510.99,27.0701,139.236,3.61852
-3.90574,521.625,25.7814,134.538,3.40025
-0.628879,550.572,30.5231,155.525,3.77499
0.940258,568.725,33.2831,167.704,3.9772
-4.87783,584.347,27.9007,146.653,3.29983
-1.90949,562.119,29.8046,153.274,3.62141
-2.09573,557.175,29.3506,151.143,3.59987
-4.87917,545.15,26.0279,136.811,3.2997
-1.29764,558.815,30.2686,154.972,3.69357
-3.19069,506.646,25.6819,133.314,3.47706
-2.24632,569.046,29.8183,153.72,3.58259
-3.56946,518.743,25.9459,135.06,3.43605
0.462085,500.614,28.8194,145.705,3.91384
-0.26096,538.032,30.2103,153.526,3.82096
-0.364742,564.345,31.5742,160.577,3.80791
-0.0724783,544.548,30.7761,156.191,3.84484
1.30813,538.693,31.9257,160.447,4.02703
0.271894,580.806,33.2176,168.169,3.88908
-0.199551,567.073,31.9087,162.086,3.82872
0.465595,528.136,30.4075,153.731,3.9143
-2.89143,581.081,29.7671,154.181,3.50999
-4.99392,570.049,27.1055,142.597,3.28814
-3.48778,513.878,25.7768,134.099,3.44483
-2.47851,551.297,28.6541,147.968,3.5562
-2.11202,544.476,28.6653,147.632,3.59799
1.2481,580.201,34.315,172.528,4.01883
-2.28381,589.982,30.8748,159.21,3.57831
1.05877,508.284,29.8671,150.366,3.99315
-2.43161,555.433,28.9166,149.273,3.56151
0.771543,535.112,31.135,157.068,3.95466
-1.83798,555.958,29.5517,151.894,3.62973
-1.65992,519.9,27.8074,142.744,3.65058
1.69646,583.682,35.0545,175.691,4.08068
-2.42257,536.889,27.96,144.326,3.56253
-1.4714,581.11,31.2863,160.384,3.67286
-0.97412,554.04,30.3496,155.025,3.73262
-0.905833,512.122,28.12,143.566,3.74094
-0.336409,545.728,30.5626,155.4,3.81146
1.94228,592.552,35.887,179.554,4.11523
-3.49463,523.768,26.2666,136.654,3.4441
1.3952,502.046,29.8426,149.887,4.03896
-2.9732,509.733,26.0371,134.942,3.50095
-3.34424,588.029,29.6462,154.066,3.46035
1.46172,528.005,31.4572,157.922,4.04812
-2.8685,582.739,29.8761,154.72,3.51253
-2.14865,517.136,27.1911,140.076,3.59378
1.00754,557.047,32.675,164.562,3.98624
-1.31856,599.955,32.4734,166.285,3.69107
-4.38795,558.869,27.1537,142.206,3.34987
-1.43651,535.445,28.8628,147.923,3.677
-2.91985,581.596,29.7637,154.195,3.50684
-3.95871,527.239,26.01,135.784,3.39466
1.94026,511.211,30.9586,154.898,4.11494
-3.46774,528.747,26.5415,138.057,3.44699
1.76785,594.631,35.7992,179.334,4.09067
1.55017,556.518,33.2564,166.85,4.06034
1.09781,529.112,31.1327,156.694,3.99842
-3.26404,576.674,29.1561,151.43,3.46906
-0.11256,559.46,31.5751,160.292,3.83974
-0.769793,596.155,32.8891,167.75,3.75761
-0.37606,542.667,30.3495,154.361,3.80649
-2.45739,553.044,28.7662,148.524,3.55859
-4.99866,505,24.0084,126.308,3.28766
-4.73457,552.978,26.5381,139.342,3.31435
1.75587,536.467,32.2843,161.74,4.08899
-0.782013,515.622,28.4341,145.04,3.75611
-4.10558,594.979,29.1994,152.6,3.37923
-0.469959,569.762,31.7614,161.65,3.79474
-1.57295,552.718,29.6525,152.12,3.66083
-1.5299,515.854,27.7164,142.144,3.66592
-0.522863,543.547,30.2446,153.989,3.78815
1.37717,551.462,32.7597,164.559,4.03648
-1.81505,563.121,29.9564,153.949,3.63241
-0.99893,537.822,29.4358,150.384,3.7296
1.96379,562.673,34.1024,170.599,4.11827
1.38093,572.544,34.0165,170.867,4.037
0.449474,569.134,32.7498,165.592,3.91219
-4.78265,586.045,28.0769,147.474,3.30947
-4.96245,552.278,26.29,138.274,3.2913
-3.03793,519.106,26.4555,137.176,3.49381
-0.242866,570.954,32.0789,163.001,3.82324
-3.53029,518.839,25.9866,135.233,3.44026
-3.07845,524.361,26.6852,138.408,3.48936
1.47646,587.677,35.0299,175.839,4.05015
-4.73062,524.137,25.1575,132.089,3.31475
-0.0407902,506.616,28.6636,145.437,3.84888
-4.37905,547.135,26.5919,139.255,3.35079
-4.13994,532.11,26.0822,136.344,3.37564
-2.43985,581.095,30.2438,156.134,3.56058
0.843631,565.985,33.013,166.457,3.96427
0.115043,526.622,29.9563,151.827,3.86883
0.266165,527.464,30.1609,152.7,3.88833
0.868265,505.802,29.5276,148.857,3.96756
-4.55844,581.93,28.1032,147.366,3.33233
-4.94384,550.188,26.2079,137.823,3.29317
-3.1796,540.489,27.4081,142.263,3.47827
-3.0429,500.884,25.5224,132.342,3.49327
0.853423,591.396,34.5068,173.976,3.96558
-1.42671,534.863,28.8413,147.802,3.67817
-1.89986,535.762,28.4167,146.126,3.62253
-4.42164,596.159,28.9308,151.551,3.34639
-0.739496,503.035,27.781,141.665,3.76134
0.945576,535.554,31.3476,157.945,3.97791
-1.35545,597.393,32.2932,165.407,3.68666
-2.72246,505.359,26.0424,134.722,3.52879
-1.27003,596.765,32.3553,165.623,3.69688
0.851665,594.956,34.7124,175.016,3.96534
0.18132,585.834,33.4007,169.205,3.87737
-2.87229,504.725,25.873,133.992,3.51211
1.18306,536.977,31.6879,159.393,4.00998
1.52922,549.632,32.8214,164.692,4.05744
-3.84835,537.735,26.6317,138.916,3.40632
-0.492132,587.235,32.7103,166.506,3.79198
-4.79664,515.384,24.6792,129.642,3.30805
0.0635586,530.222,30.1075,152.65,3.86222
-1.22237,533.043,28.9484,148.132,3.7026
-0.188965,582.157,32.7694,166.446,3.83006
-3.53864,555.641,27.8217,144.792,3.43936
-4.25487,518.311,25.3024,132.38,3.36366
-4.68329,517.512,24.8814,130.593,3.31957
-4.89659,530.754,25.3249,133.133,3.29794
-3.55449,531.837,26.6149,138.527,3.43766
0.415822,518.51,29.8022,150.724,3.9078
-0.643471,522.431,28.9484,147.517,3.77318
-4.59648,549.294,26.4912,138.953,3.32843
-1.60592,571.123,30.6047,157.042,3.65694
-2.48432,549.348,28.5469,147.421,3.55555
-1.08228,542.039,29.5808,151.215,3.7195
-4.11989,560.67,27.5017,143.743,3.37774
-2.4772,589.795,30.6564,158.307,3.55635
-4.70427,508.185,24.4147,128.164,3.31743
1.88279,513.46,31.0339,155.337,4.10682
-0.973546,585.549,32.0762,163.844,3.73269
-3.33492,588.582,29.6838,154.251,3.46136
0.17273,557.584,31.7807,161.008,3.87626
-0.866987,559.924,30.7862,157.134,3.74569
-1.92688,580.758,30.7742,158.28,3.61939
-0.0396281,576.832,32.6376,165.6,3.84903
1.31195,525.575,31.1523,156.556,4.02755
-0.987843,500.544,27.4061,140.003,3.73095
1.89084,549.984,33.2506,166.423,4.10796
-1.18502,561.708,30.5448,156.259,3.7071
0.0264604,560.709,31.7979,161.263,3.85747
1.4441,555.725,33.0887,166.133,4.04569
-0.397366,547.751,30.6113,155.716,3.80382
1.59452,550.963,32.9743,165.384,4.06649
-4.7735,531.388,25.4666,133.755,3.3104
-0.780205,545.737,30.0967,153.519,3.75633
1.4072,571.596,33.9907,170.706,4.04061
-0.121714,586.451,33.0879,167.983,3.83858
-0.643708,550.395,30.4977,155.412,3.77316
-4.66699,583.788,28.0842,147.386,3.32123
-1.51757,562.063,30.2122,154.929,3.66738
-2.17742,511.596,26.8727,138.465,3.59048
0.16254,500.073,28.4926,144.36,3.87495
-0.526254,541.271,30.1144,153.33,3.78773
-0.906732,533.338,29.284,149.509,3.74083
-0.390224,528.83,29.5612,150.366,3.80471
0.258195,582.588,33.3038,168.622,3.8873
-1.25129,524.345,28.4474,145.599,3.69913
-2.44542,587.044,30.5474,157.708,3.55994
1.45451,572.087,34.0751,171.073,4.04712
1.14476,514.77,30.3375,152.642,4.00478
1.4946,528.083,31.4972,158.086,4.05265
-2.34637,502.326,26.23,135.32,3.57118
0.0156992,515.273,29.2103,148.152,3.85609
-0.56674,509.697,28.318,144.225,3.78269
1.23732,566.341,33.4829,168.357,4.01736
1.3556,535.633,31.7959,159.742,4.03353
-2.54207,544.887,28.2578,145.99,3.54903
-4.05279,559.621,27.5156,143.744,3.38476
-0.337135,553.749,31.011,157.681,3.81137
-0.247244,582.698,32.7338,166.334,3.82269
-0.234256,507.738,28.5357,144.988,3.82433
-1.406,541.841,29.2387,149.816,3.68063
-4.35968,547.766,26.6409,139.492,3.35279
-1.19646,513.513,27.9129,142.807,3.70572
1.37658,523.3,31.0861,156.153,4.0364
-3.85907,517.014,25.5958,133.523,3.40518
1.13161,571.062,33.6399,169.273,4.003
1.17039,584.69,34.4885,173.496,4.00826
-3.8686,516.356,25.5546,133.318,3.40417
-3.32117,572.71,28.8974,150.149,3.46285
-0.294548,581.696,32.6241,165.833,3.81673
1.18182,578.791,34.1539,171.799,4.00981
-1.84734,519.087,27.5828,141.784,3.62864
-2.41568,586.019,30.526,157.563,3.56331
1.90727,536.282,32.4404,162.349,4.11028
-3.70398,584.329,29.0876,151.565,3.42166
-3.31176,518.146,26.1529,135.88,3.46387
-1.97561,581.974,30.7861,158.397,3.61374
-4.38577,583.529,28.354,148.49,3.3501
0.103815,517.672,29.4357,149.201,3.86739
1.98399,540.502,32.7813,163.967,4.12113
-0.369884,555.184,31.0561,157.948,3.80726
-3.48287,556.971,27.9433,145.365,3.44536
-3.03951,547.745,27.9135,144.737,3.49364
-3.0565,576.095,29.3407,152.156,3.49177
-3.79048,568.993,28.2376,147.23,3.41246
-4.12046,545.989,26.781,139.976,3.37768
0.20408,530.334,30.2602,153.27,3.8803
-2.0861,524.006,27.6127,142.184,3.60098
-2.02211,565.311,29.856,153.664,3.60836
-2.39171,534.955,27.8895,143.929,3.56603
-3.41311,570.36,28.6856,149.15,3.45289
-3.88574,547.643,27.0865,141.328,3.40236
0.200098,552.35,31.512,159.616,3.87979
-2.36386,536.663,28.0058,144.5,3.5692
-3.15157,589.406,29.9182,155.26,3.48134
-4.04525,526.339,25.8861,135.224,3.38556
1.10729,522.708,30.7658,154.837,3.9997
-4.34315,536.988,26.1321,136.811,3.3545
-3.52465,583.504,29.2313,152.112,3.44087
-1.54342,513.925,27.5998,141.559,3.66432
-1.08823,571.469,31.1804,159.399,3.71878
-1.8789,527.326,27.9897,143.908,3.62497
-3.67745,590.029,29.3989,153.157,3.42449
-0.225651,512.645,28.82,146.424,3.82542
-4.71878,543.771,26.1109,137.083,3.31596
-3.92055,555.74,27.4532,143.277,3.39868
0.0281491,557.709,31.6296,160.407,3.85769
1.23155,560.015,33.1024,166.451,4.01657
-4.35587,595.846,28.9833,151.752,3.35319
0.188433,529.432,30.1924,152.944,3.87828
0.118858,502.397,28.582,144.858,3.86932
-0.207919,586.534,32.9942,167.61,3.82766
0.680628,591.845,34.3286,173.29,3.9426
-2.16847,577.469,30.3423,156.333,3.59151
0.521655,544.87,31.4315,158.845,3.92165
-0.675606,562.485,31.1331,158.686,3.76921
-3.55344,534.772,26.7628,139.296,3.43777
-4.31072,535.538,26.0916,136.566,3.35786
1.60845,545.869,32.685,163.917,4.06842
0.836938,568.366,33.1443,167.126,3.96338
-2.98192,548.597,28.0137,145.195,3.49998
-0.416553,521.345,29.1162,148.131,3.80141
0.660844,584.249,33.865,170.974,3.93999
-0.862025,568.517,31.2641,159.567,3.7463
-2.5271,580.178,30.1038,155.51,3.55072
-4.21315,522.221,25.5311,133.535,3.368
-3.54249,558.317,27.9519,145.473,3.43895
-0.260544,529.689,29.7423,151.147,3.82101
-4.27139,594.214,28.9907,151.696,3.36195
-3.12811,577.418,29.334,152.201,3.48391
-4.34514,519.91,25.2992,132.452,3.3543
1.09547,533.199,31.3706,157.894,3.9981
-1.95634,597.413,31.6241,162.686,3.61597
-3.06297,540.797,27.5367,142.808,3.49106
0.401522,538.381,30.9291,156.439,3.90593
-1.49889,504.222,27.1207,139.057,3.6696
1.0444,516.096,30.3112,152.617,3.99121
-3.8533,524.73,25.9831,135.538,3.40579
0.195709,532.195,30.3576,153.773,3.87922
-3.57931,592.769,29.6381,154.291,3.43499
-4.04895,532.404,26.1809,136.768,3.38517
0.234168,536.587,30.6487,155.205,3.88419
-1.43457,509.775,27.4809,140.839,3.67723
1.32287,580.385,34.4139,172.934,4.02904
-4.99161,501.745,23.8597,125.519,3.28837
0.805424,578.945,33.7247,170.091,3.95917
-3.98357,528.993,26.0736,136.141,3.39204
-4.57919,503.323,24.2891,127.385,3.3302
1.35425,501.728,29.7819,149.625,4.03334
-2.06453,521.247,27.488,141.52,3.60346
1.46732,554.613,33.0487,165.905,4.04889
1.21919,564.308,33.342,167.67,4.01489
0.999469,555.067,32.5498,163.941,3.98515
-1.72977,545.317,29.0958,149.434,3.64238
-4.40996,578.09,28.0656,147.006,3.3476
-3.64076,505.439,25.2168,131.334,3.42841
-4.40385,553.081,26.8573,140.671,3.34823
1.80398,506.668,30.5411,152.955,4.09574
1.22455,591.301,34.9433,175.716,4.01562
-0.952009,538.804,29.5376,150.853,3.73531
0.0915422,560.189,31.8398,161.401,3.86581
-2.25211,510.951,26.7687,138.004,3.58193
-3.88206,598.188,29.5904,154.388,3.40275
-3.52341,556.977,27.9036,145.202,3.441
-3.14297,516.119,26.2061,135.987,3.48228
-2.07694,502.898,26.5089,136.491,3.60203
-0.339513,507.199,28.4018,144.416,3.81107
1.23551,505.867,29.9057,150.372,4.01711
-0.425257,509.912,28.4691,144.848,3.80033
-0.51466,538.551,29.9751,152.608,3.78917
-2.01167,535.105,28.2711,145.495,3.60957
1.81515,523.088,31.5429,157.96,4.0973
0.299424,575.736,32.9589,166.827,3.89265
-4.09352,587.62,28.8506,150.763,3.3805
1.47085,520.486,31.0189,155.711,4.04938
-4.25352,511.877,24.9895,130.742,3.3638
0.503946,536.688,30.9407,156.384,3.91933
-0.17463,512.884,28.8844,146.698,3.83187
-2.5965,570.962,29.5535,152.745,3.5429
-2.92121,597.924,30.5978,158.518,3.50669
-0.937177,527.635,28.9403,147.787,3.73712
-3.06124,567.968,28.922,149.99,3.49125
-2.31068,545.222,28.5056,147.022,3.57525
1.33156,507.52,30.1023,151.259,4.03023
-3.37392,501.733,25.269,131.347,3.45713
-3.28304,547.853,27.6804,143.786,3.467
-3.13543,576.337,29.2715,151.886,3.48311
-1.87236,578.234,30.6988,157.83,3.62573
-3.67294,522.452,26.036,135.633,3.42497
1.94476,511.741,30.9955,155.077,4.11558
-4.9492,568.127,27.0573,142.296,3.29263
0.757065,528.671,30.745,155.116,3.95274
-3.36303,517.044,26.0501,135.397,3.45831
-2.60922,522.305,27.0229,139.678,3.54147
1.13317,518.557,30.5486,153.716,4.00321
-0.888597,538.854,29.6055,151.131,3.74305
1.03902,545.258,32.018,161.217,3.99048
-3.31028,581.867,29.3707,152.596,3.46403
-2.02747,563.36,29.7474,153.111,3.60774
0.497709,598.484,34.4959,174.361,3.91851
-1.95119,514.269,27.2278,140.065,3.61657
-2.52871,579.761,30.0805,155.391,3.55053
0.194768,506.604,28.8969,146.375,3.8791
-0.21888,578.174,32.5116,165.171,3.82627
-1.93396,585.019,30.9923,159.41,3.61857
0.914955,585.623,34.2422,172.567,3.97381
-2.1794,522.644,27.4511,141.448,3.59025
-1.80952,549.237,29.2235,150.176,3.63305
-3.50694,555.514,27.8465,144.887,3.44277
-4.861,518.649,24.7787,130.227,3.30153
-0.781509,562.637,31.0273,158.267,3.75617
-1.90671,553.726,29.3624,150.997,3.62173
-3.87693,561.349,27.7731,144.901,3.40329
-0.662383,596.271,33.0182,168.279,3.77085
0.135643,522.469,29.7411,150.715,3.87148
-4.16613,571.35,27.9796,146.291,3.3729
-2.33562,539.485,28.181,145.374,3.57241
-1.28184,561.511,30.4314,155.788,3.69547
-2.72367,502.795,25.9091,134.034,3.52865
-4.6783,512.581,24.6487,129.367,3.32008
1.86387,520.261,31.4247,157.314,4.10416
0.521398,589.202,33.9886,171.768,3.92162
1.59931,564.921,33.8153,169.596,4.06716
1.79819,584.842,35.2464,176.527,4.09492
-2.42116,572.94,29.8389,154.023,3.56269
-1.04875,562.797,30.7494,157.152,3.72356
0.307107,513.179,29.3855,148.731,3.89364
-1.36263,588.204,31.7885,162.83,3.6858
-0.945481,522.501,28.6504,146.315,3.73611
1.51818,594.067,35.4614,177.953,4.05591
-2.62432,598.097,30.9278,159.88,3.53978
-4.81481,541.266,25.9018,136.083,3.30621
-1.31276,553.677,29.9746,153.483,3.69176
-4.18021,583.972,28.5834,149.464,3.37144
-2.37346,550.42,28.7141,148.165,3.56811
-0.638606,502.675,27.8583,141.957,3.77379
0.797921,595.492,34.6796,174.917,3.95817
-1.65465,526.214,28.1503,144.499,3.6512
-2.7163,570.462,29.4036,152.103,3.52948
-1.03676,552.319,30.1895,154.277,3.72501
0.83767,518.483,30.2361,152.462,3.96347
-3.49887,568.025,28.4817,148.183,3.44364
-0.85257,505.429,27.8039,141.897,3.74745
-1.43924,583.265,31.4375,161.121,3.67668
-4.27395,547.758,26.7218,139.826,3.36168
-0.484509,542.895,30.2485,153.966,3.79293
0.0298528,528.308,29.9639,151.958,3.85791
-4.87343,595.077,28.4174,149.364,3.30028
1.17562,533.381,31.4677,158.293,4.00897
-2.05951,581.189,30.6545,157.816,3.60404
-4.72155,566.066,27.1788,142.692,3.31567
-3.70799,560.071,27.8761,145.256,3.42123
-2.9412,540.018,27.6151,143.087,3.50448
-4.33825,517.112,25.1692,131.765,3.35501
1.20546,576.867,34.068,171.338,4.01302
1.72661,564.58,33.9422,170.08,4.0849
-3.77036,509.924,25.3242,132.02,3.41459
-1.00082,563.806,30.8559,157.641,3.72937
-3.2233,587.763,29.7595,154.517,3.4735
-2.46758,584.642,30.3988,156.966,3.55744
-1.89633,545.567,28.9403,148.815,3.62294
-2.48954,514.776,26.7455,138.124,3.55496
-1.93889,501.873,26.5829,136.735,3.618
-3.34917,535.609,26.9987,140.313,3.45981
-0.110103,519.364,29.3146,148.814,3.84006
-3.16768,553.806,28.0952,145.817,3.47958
0.127039,593.751,33.7888,171.237,3.87038
0.482241,519.008,29.8991,151.143,3.91648
1.21184,564.093,33.3209,167.573,4.01389
-3.23917,544.527,27.5549,143.088,3.47177
-2.13513,526.842,27.7145,142.759,3.59534
-0.336026,546.837,30.6251,155.718,3.81151
-3.12445,532.218,27.0412,140.301,3.48431
-1.07273,539.092,29.4297,150.433,3.72065
-3.17678,535.355,27.1504,140.923,3.47858
-0.753809,531.436,29.3349,149.605,3.75957
-2.69991,584.578,30.1486,155.938,3.53131
0.121352,540.493,30.7519,155.853,3.86964
1.79976,539.326,32.505,162.795,4.09514
-4.82506,555.746,26.585,139.683,3.30517
-1.28502,533.019,28.8841,147.87,3.69509
-4.09027,509.197,25.0031,130.655,3.38084
-0.315594,503.636,28.2256,143.496,3.81408
1.70586,517.062,31.0634,155.678,4.082
-4.11753,522.276,25.6205,133.908,3.37798
-1.03816,570.986,31.2083,159.485,3.72484
-3.28825,580.275,29.3131,152.273,3.46643
1.15814,587.57,34.6438,174.292,4.00659
1.73253,521.905,31.3829,157.25,4.08572
0.991373,550.428,32.2688,162.535,3.98406
0.117033,544.609,30.9815,157.021,3.86909
-3.28473,532.614,26.9089,139.779,3.46681
-2.15255,576.172,30.2911,156.051,3.59333
-1.44265,502.784,27.0965,138.876,3.67627
1.76571,542.914,32.6832,163.727,4.09037
0.996349,524.267,30.7404,154.831,3.98473
-4.76486,573.475,27.4921,144.383,3.31127
-3.07803,572.961,29.159,151.238,3.4894
-1.22787,591.322,32.1073,164.303,3.70194
-0.686587,585.681,32.4046,165.18,3.76786
-1.21522,528.436,28.7054,146.881,3.70346
-0.461392,597.512,33.3182,169.563,3.79581
-3.13999,596.928,30.3124,157.292,3.48261
1.96154,555.719,33.6784,168.481,4.11795
-0.401848,553.265,30.9146,157.264,3.80326
1.94585,539.754,32.6934,163.571,4.11573
-0.179249,543.521,30.6049,155.441,3.83129
-4.95737,557.915,26.5632,139.706,3.29181
-4.73035,595.093,28.5635,149.972,3.31478
0.428481,575.214,33.0757,167.264,3.90945
0.0780663,541.304,30.7521,155.902,3.86408
-1.09358,550.073,30.0074,153.409,3.71813
1.52628,542.054,32.3655,162.408,4.05703
0.243367,550.656,31.4623,159.315,3.88538
-3.25365,521.496,26.3761,136.98,3.4702
-3.33971,565.7,28.525,148.235,3.46084
-3.10175,569.967,28.9824,150.348,3.4868
-2.17492,557.783,29.3013,150.976,3.59077
0.28055,511.576,29.2669,148.159,3.8902
0.392137,505.497,29.0305,146.846,3.90471
-0.21992,549.162,30.8791,156.879,3.82614
-3.87208,537.056,26.5758,138.649,3.4038
-0.0268889,593.851,33.6153,170.545,3.85065
-0.355249,545.854,30.5497,155.356,3.8091
-0.138596,533.156,30.0635,152.646,3.83644
-0.645394,594.392,32.9336,167.827,3.77295
-4.76037,541.792,25.9773,136.424,3.31173
0.395743,500.29,28.7351,145.348,3.90518
-1.27926,559.943,30.3492,155.364,3.69578
0.69618,508.078,29.4856,148.826,3.94466
-1.39984,598.604,32.3086,165.539,3.68137
-4.84669,511.245,24.4374,128.419,3.30298
-0.460082,593.552,33.0989,168.445,3.79597
-4.28842,591.327,28.8325,150.887,3.36018
-2.44069,573.01,29.8221,153.958,3.56048
-0.618838,515.681,28.5988,145.709,3.77623
-4.21639,589.366,28.8104,150.691,3.36767
-0.709808,536.748,29.6734,151.283,3.76499
-4.93968,595.735,28.3817,149.251,3.29359
-4.84972,586.525,28.0328,147.317,3.30267
-1.54833,570.784,30.648,157.199,3.66374
0.951045,528.267,30.9268,155.82,3.97865
-1.85621,579.44,30.7803,158.23,3.62761
-0.499829,520.519,28.9864,147.558,3.79102
-4.68046,500.578,24.0697,126.33,3.31986
-3.85638,507.32,25.1183,131.03,3.40547
-2.02228,522.151,27.5764,141.931,3.60834
-0.550618,585.976,32.5741,165.882,3.7847
1.1968,523.141,30.8859,155.344,4.01184
-3.56654,569.083,28.4667,148.179,3.43636
-4.41942,528.764,25.6622,134.427,3.34662
1.72993,566.14,34.0398,170.566,4.08536
-1.00216,567.283,31.0447,158.608,3.72921
1.44587,542.247,32.2881,162.111,4.04593
-3.49822,567.495,28.4558,148.048,3.44371
0.151617,571.746,32.5641,165.002,3.87354
-0.479184,522.105,29.0955,148.092,3.79359
0.132926,558.262,31.7756,161.028,3.87113
1.10336,550.416,32.3923,163.028,3.99917
-2.74711,588.409,30.2959,156.754,3.52604
-0.962103,571.643,31.3269,160.003,3.73408
-0.532654,573.762,31.915,162.505,3.78693
-2.82803,535.07,27.4713,142.224,3.51703
-0.694236,522.651,28.9096,147.373,3.76691
-0.146441,539.675,30.4228,154.48,3.83544
-4.07078,528.863,25.9867,135.775,3.38288
-1.23992,546.365,29.6538,151.761,3.70049
-4.3782,520.201,25.2836,132.403,3.35088
1.58864,575.38,34.4288,172.686,4.06567
1.20972,573.28,33.8611,170.292,4.0136
0.413934,590.564,33.9414,171.66,3.90755
-3.457,572.566,28.7519,149.543,3.44815
1.41302,552.005,32.8323,164.882,4.04141
1.19045,537.762,31.7422,159.658,4.01098
-2.67752,520.914,26.8863,139.042,3.53381
-4.2578,504.124,24.6073,128.746,3.36336
-1.58541,529.625,28.4013,145.714,3.65936
-4.26103,578.365,28.2279,147.693,3.36302
1.79059,595.047,35.852,179.57,4.09386
-2.94871,573.773,29.3336,151.999,3.50365
-1.53396,540.044,29.012,148.792,3.66544
0.546021,587.949,33.9451,171.518,3.92485
-2.84662,565.024,28.9902,150.108,3.51496
-3.84756,523.036,25.9045,135.122,3.4064
0.757621,564.888,32.8518,165.745,3.95281
-1.60253,588.756,31.5534,161.906,3.65734
-3.86166,528.333,26.1538,136.436,3.40491
-0.824871,598.053,32.9308,168.029,3.75085
0.478709,538.48,31.0171,156.798,3.91602
-3.54993,526.884,26.3713,137.255,3.43815
0.269607,561.896,32.1336,162.684,3.88878
1.79116,574.08,34.5895,173.245,4.09394
0.801486,556.408,32.4075,163.452,3.95865
-1.52935,583.794,31.3674,160.867,3.66599
-2.8887,514.971,26.383,136.65,3.51029
-0.15456,521.684,29.4003,149.297,3.83441
1.19826,565.935,33.4141,168.058,4.01204
1.6371,541.703,32.4673,162.792,4.07241
-1.27342,534.961,29.001,148.456,3.69648
-2.35313,584.547,30.5162,157.44,3.57042
-2.34051,509.002,26.5841,137.141,3.57185
0.0939989,509.171,28.9425,146.711,3.86613
-0.44546,520.493,29.0395,147.771,3.7978
1.6621,558.385,33.4958,167.919,4.07589
-2.14811,573.807,30.1714,155.429,3.59384
-3.58635,565.147,28.25,147.072,3.43424
-2.13817,573.261,30.1532,155.324,3.59499
0.365087,532.34,30.5436,154.529,3.90118
1.06792,559.488,32.8862,165.555,3.99438
-2.72421,506.472,26.0981,135.012,3.52859
-3.05051,570.982,29.0864,150.831,3.49243
-3.15007,520.546,26.4243,137.127,3.4815
-1.74894,519.381,27.6935,142.251,3.64014
1.34458,555.112,32.9398,165.501,4.03202
-2.60579,581.695,30.0992,155.576,3.54186
1.83333,522.741,31.5415,157.933,4.09986
-2.19462,510.957,26.823,138.226,3.58851
0.657916,571.78,33.1388,167.311,3.9396
0.535828,547.217,31.5823,159.591,3.92351
0.297556,580.95,33.2553,168.329,3.8924
-3.65918,592.087,29.5205,153.769,3.42644
-0.155755,574.451,32.3728,164.392,3.83426
-1.36134,577.413,31.2067,159.849,3.68596
1.61729,515.1,30.852,154.714,4.06965
-0.615763,570.15,31.6229,161.114,3.77661
1.98328,596.483,36.1757,180.946,4.12103
0.510653,573.976,33.098,167.28,3.92021
-4.31749,598.89,29.1711,152.692,3.35716
-3.52909,537.989,26.9469,140.229,3.44039
-2.27976,546.336,28.5948,147.448,3.57877
-3.52262,538.975,27.0025,140.512,3.44108
0.0728825,568.277,32.2787,163.648,3.86342
-2.22491,505.689,26.5183,136.686,3.58504
-0.183741,565.586,31.8424,161.731,3.83072
1.82231,576.021,34.7433,173.978,4.09831
-0.051372,548.231,31.0068,157.338,3.84753
-3.90607,559.023,27.6295,144.182,3.40021
-4.62431,564.181,27.1822,142.607,3.32559
-0.0212864,587.996,33.2904,168.89,3.85137
-2.33005,595.152,31.0949,160.399,3.57304
-1.67916,588.786,31.4707,161.572,3.64832
1.4342,549.393,32.7006,164.196,4.04432
-4.53258,501.516,24.242,127.095,3.33498
0.446352,543.016,31.2435,157.979,3.91179
-3.47778,538.357,27.0143,140.526,3.44591
-2.11382,562.964,29.6368,152.637,3.59779
1.5627,543.102,32.4686,162.883,4.06208
-4.31384,534.217,26.0243,136.217,3.35754
-4.00319,506.451,24.9451,130.268,3.38997
-4.39969,599.631,29.122,152.528,3.34866
-0.149978,530.502,29.902,151.839,3.83499
-4.32459,590.161,28.7386,150.436,3.35643
-3.45555,540.781,27.1572,141.247,3.44831
-4.39244,537.052,26.0895,136.638,3.34941
-2.30616,515.086,26.9343,138.913,3.57576
-4.511,552.755,26.7393,140.165,3.3372
-3.61824,520.645,25.9962,135.371,3.43082
-2.93368,535.681,27.4006,141.968,3.50531
0.242716,554.256,31.6673,160.354,3.8853
-1.06566,540.211,29.4981,150.775,3.72151
-1.31239,584.353,31.6357,161.989,3.69181
1.5178,504.119,30.0917,151.007,4.05586
-3.1849,501.084,25.4052,131.872,3.4777
-4.78346,510.454,24.4547,128.449,3.30938
-0.401334,574.557,32.1049,163.318,3.80332
-3.72329,508.944,25.3177,131.94,3.4196
-0.594156,581.09,32.2538,164.302,3.77929
-4.83713,547.107,26.1605,137.465,3.30395
-3.74867,570.177,28.3383,147.709,3.4169
-0.575943,527.985,29.3247,149.362,3.78155
-1.93485,590.15,31.2631,160.804,3.61846
-0.188342,541.902,30.5041,154.939,3.83013
-0.904508,536.76,29.4742,150.478,3.74111
-4.51277,590.758,28.5759,149.794,3.33701
-4.55994,534.336,25.8034,135.308,3.33218
-1.24274,581.765,31.572,161.581,3.70016
1.85593,599.283,36.1879,181.169,4.10304
0.291178,523.112,29.9378,151.544,3.89158
-3.8556,586.825,29.0555,151.567,3.40555
-4.57257,562.67,27.1594,142.432,3.33088
-3.77616,566.367,28.1215,146.609,3.41398
0.438782,591.147,34.0039,171.946,3.9108
-4.60065,541.133,26.0938,136.872,3.32801
-0.810198,556.869,30.6787,156.521,3.75265
-4.54588,551.988,26.6691,139.833,3.33362
1.39733,589.892,35.0669,176.123,4.03925
-4.69041,511.751,24.5982,129.114,3.31884
-3.00843,524.426,26.7544,138.696,3.49706
0.959965,553.474,32.4124,163.294,3.97984
-2.8827,577.244,29.5796,153.2,3.51096
-1.68849,572.316,30.5804,157.011,3.64723
-0.64163,564.215,31.2656,159.323,3.77341
1.50159,554.141,33.0593,165.918,4.05362
-3.76633,514.877,25.5739,133.317,3.41502
-0.286472,507.479,28.4696,144.707,3.81774
-3.07141,553.175,28.1586,146.042,3.49013
1.88249,573.075,34.6367,173.371,4.10678
0.981403,508.009,29.7718,149.968,3.98272
-2.33716,538.087,28.1065,144.991,3.57223
-1.1048,546.327,29.7914,152.317,3.71677
1.82682,540.962,32.6337,163.409,4.09894
1.02754,573.402,33.6574,169.485,3.98893
-1.211,507.965,27.5974,141.208,3.70397
-0.626368,511.09,28.3367,144.382,3.7753
0.166379,520.694,29.6715,150.329,3.87544
-4.45669,595.466,28.8611,151.226,3.34278
0.570516,510.034,29.4715,148.888,3.92807
-4.64151,590.178,28.4174,149.106,3.32383
-1.46272,546.611,29.4378,150.898,3.67389
-4.83209,563.37,26.943,141.571,3.30446
-1.65574,567.942,30.3814,155.953,3.65108
1.88427,580.763,35.1035,175.705,4.10703
0.611552,583.134,33.7431,170.418,3.93348
-1.49236,565.063,30.4002,155.865,3.67037
-4.49276,502.389,24.3187,127.459,3.33907
-2.72266,500.272,25.78,133.365,3.52877
-2.29613,577.684,30.2182,155.838,3.57691
-3.68633,500.238,24.9171,129.817,3.42354
-4.87377,576.24,27.5176,144.635,3.30024
-3.50199,562.852,28.2192,146.821,3.4433
-3.46213,553.058,27.7673,144.427,3.4476
-3.38758,520.077,26.1803,136.098,3.45565
-2.38435,584.99,30.5059,157.423,3.56687
-2.52337,577.078,29.9469,154.695,3.55114
0.465168,564.274,32.4877,164.248,3.91425
-2.7905,567.091,29.1537,150.892,3.5212
-2.82527,565.726,29.048,150.384,3.51733
-2.50633,571.588,29.6797,153.296,3.55306
-0.437544,599.133,33.4362,170.135,3.79879
-2.93398,581.875,29.7632,154.209,3.50528
-0.0355986,525.182,29.7194,150.788,3.84954
-3.38547,510.481,25.6991,133.594,3.45588
-2.29778,511.651,26.7625,138.018,3.57672
-0.451732,592.74,33.0632,168.254,3.79702
-1.75864,575.649,30.6833,157.62,3.639
-0.487204,559.877,31.1917,158.771,3.79259
1.4667,582.039,34.6823,174.106,4.0488
-1.5914,558.399,29.938,153.605,3.65866
1.41784,527.283,31.367,157.518,4.04207
0.45539,550.315,31.6733,160.142,3.91297
1.80897,584.935,35.2649,176.606,4.09644
-4.67769,521.24,25.0656,131.555,3.32014
1.80556,515.922,31.1006,155.755,4.09596
-0.156922,596.985,33.6413,170.835,3.83411
-0.782445,574.758,31.6947,161.673,3.75605
0.788171,518.832,30.2051,152.359,3.95688
-1.59906,577.454,30.9514,158.813,3.65775
-2.20105,528.347,27.7296,142.905,3.58777
-3.67213,579.889,28.8991,150.547,3.42506
-0.805665,590.855,32.5561,166.095,3.7532
-1.49223,539.732,29.0375,148.878,3.67039
-4.21388,511.703,25.0162,130.843,3.36793
-2.5615,508.478,26.3516,136.161,3.54684
-4.47565,593.7,28.7562,150.697,3.34083
-0.335012,503.084,28.1757,143.263,3.81164
0.737483,590.429,34.3134,173.144,3.95014
0.410222,549.988,31.6053,159.849,3.90707
1.02332,579.29,33.9981,171.206,3.98837
-2.19332,515.13,27.0433,139.36,3.58866
1.61285,553.53,33.1487,166.237,4.06904
-1.14545,568.718,30.9686,158.382,3.71186
1.67688,534.869,32.1014,160.912,4.07795
1.92112,503.995,30.5017,152.632,4.11223
0.614858,559.928,32.4039,163.651,3.93391
-3.17208,537.139,27.2455,141.411,3.4791
-2.77663,524.563,26.9806,139.63,3.52275
-3.24676,523.099,26.4635,137.428,3.47095
-4.3067,523.697,25.5183,133.561,3.35828
-0.79746,506.433,27.9124,142.395,3.75421
-0.250077,597.026,33.5354,170.411,3.82233
1.04383,568.753,33.4032,168.186,3.99113
0.0897335,573.596,32.5998,165.256,3.86558
-0.353969,586.577,32.8303,166.952,3.80926
-2.73236,593.812,30.5899,158.258,3.52768
-3.59362,559.665,27.9688,145.616,3.43346
-1.0826,542,29.5783,151.203,3.71946
-1.82381,593.075,31.5402,162.099,3.63138
1.11149,597.672,35.1832,177.064,4.00027
-2.0476,524.68,27.6855,142.519,3.60542
-1.22422,594.543,32.2863,165.215,3.70238
-2.43061,509.149,26.5079,136.838,3.56162
-0.0497994,512.017,28.9602,146.952,3.84773
-1.13383,509.775,27.7702,142.013,3.71327
0.330409,502.437,28.7935,145.711,3.89667
0.0604583,599.777,34.0533,172.66,3.86183
1.29503,592.699,35.1105,176.469,4.02523
1.05936,572.18,33.6224,169.271,3.99322
-2.153,510.064,26.8151,138.144,3.59328
-3.33538,531.816,26.8205,139.373,3.46131
1.75478,533.421,32.0997,160.816,4.08884
-2.0082,582.951,30.8027,158.52,3.60997
0.145131,599.688,34.1479,173.035,3.8727
-4.61493,517.806,24.9562,130.919,3.32655
-1.38712,558.982,30.1835,154.636,3.68288
1.16377,540.651,31.8836,160.399,4.00736
-2.39911,575.245,29.9822,154.737,3.56519
0.143211,524.465,29.8625,151.322,3.87246
-0.870062,521.036,28.645,146.208,3.74531
-1.48617,517.477,27.8461,142.763,3.67111
-2.61514,574.179,29.7006,153.526,3.54081
-4.20955,554.813,27.1279,141.884,3.36838
-1.98048,579.715,30.6614,157.761,3.61318
-1.30603,529.873,28.6926,146.912,3.69257
1.03733,521.889,30.644,154.301,3.99025
-1.29619,582.073,31.53,161.429,3.69375
-3.90445,529.787,26.186,136.648,3.40038
-1.86336,532.913,28.3016,145.496,3.62677
0.968663,592.181,34.6895,174.756,3.98101
-2.28657,513.577,26.8738,138.581,3.578
-4.72461,584.4,28.056,147.301,3.31536
-1.9237,514.641,27.2737,140.273,3.61976
-3.22879,580.15,29.3684,152.493,3.4729
-0.385502,598.789,33.4773,170.28,3.8053
-2.23904,595.979,31.2376,161.028,3.58342
-1.48664,579.961,31.2079,159.999,3.67105
-2.03322,565.418,29.8501,153.646,3.60708
-3.6766,587.611,29.2793,152.533,3.42458
-4.02123,588.681,28.9769,151.342,3.38808
-0.66115,554.178,30.6887,156.405,3.771
-2.68053,547.301,28.2453,146.073,3.53348
0.594725,571.043,33.0243,166.807,3.93126
1.71986,525.574,31.5899,158.3,4.08395
-0.345698,589.549,33.0061,167.836,3.8103
1.74124,564.056,33.9276,169.99,4.08694
0.763054,556.118,32.3478,163.196,3.95354
1.17238,556.773,32.8441,165.221,4.00853
0.0619069,581.947,33.0427,167.534,3.86201
1.40642,584.761,34.7726,174.634,4.0405
-0.0692392,596.697,33.7271,171.164,3.84526
-4.17073,568.858,27.853,145.634,3.37242
1.86201,501.232,30.2733,151.552,4.1039
-0.355645,560.805,31.3861,159.609,3.80905
1.57994,503.785,30.1358,151.162,4.06447
-0.998415,558.916,30.5908,156.284,3.72967
-1.7714,525.051,27.9738,143.715,3.63751
-0.116396,515.069,29.0658,147.558,3.83926
-1.60488,511.051,27.3867,140.528,3.65707
-4.24063,555.83,27.1477,142.02,3.36514
1.13236,554.673,32.6753,164.418,4.0031
0.627973,550.205,31.8556,160.867,3.93564
-4.14443,545.524,26.7355,139.763,3.37517
-3.54881,595.247,29.7941,155.068,3.43827
-2.2676,560.684,29.3582,151.372,3.58016
-3.8411,542.355,26.8675,140.138,3.40708
-0.988442,557.769,30.5387,156.007,3.73088
1.91588,571.537,34.5832,173.062,4.11149
-0.863455,540.562,29.7253,151.715,3.74612
0.0112972,588.726,33.3692,169.25,3.85553
1.1653,564.746,33.3063,167.554,4.00757
0.0192438,521.937,29.5917,150.082,3.85655
1.99672,513.043,31.1294,155.691,4.12294
-1.9444,539.861,28.5895,147.062,3.61736
-3.43894,528.464,26.5542,138.094,3.4501
1.54687,588.304,35.1518,176.364,4.05988
-4.80177,541.673,25.9334,136.235,3.30753
-2.07078,526.505,27.7593,142.923,3.60274
-1.37165,582.771,31.485,161.286,3.68473
-4.23341,512.877,25.0562,131.071,3.36589
1.06812,564.313,33.1701,166.984,3.99441
-3.55562,538.435,26.944,140.241,3.43754
-1.03195,514.319,28.1171,143.681,3.72559
1.20008,562.906,33.2373,167.166,4.01229
-1.95873,548.019,29.007,149.225,3.61569
-1.19261,507.684,27.5998,141.201,3.70618
-3.49072,510.97,25.6283,133.329,3.44452
0.132,510.44,29.0527,147.23,3.87101
1.0108,508.359,29.8224,150.192,3.98668
-4.79988,584.408,27.9813,146.991,3.30772
1.41941,595.884,35.4499,178.019,4.04229
-1.04886,536.521,29.3136,149.814,3.72354
0.603745,549.69,31.7993,160.61,3.93245
-0.48361,573.931,31.9787,162.772,3.79304
-2.08433,561.942,29.6136,152.485,3.60118
0.605384,528.222,30.5591,154.344,3.93267
-3.69652,553.6,27.5652,143.624,3.42246
-4.32297,507.386,24.7092,129.342,3.35659
-3.3823,596.073,30.0114,156.008,3.45622
-1.92651,556.584,29.4936,151.693,3.61943
-3.70646,568.934,28.3188,147.561,3.4214
-2.6264,593.971,30.7122,158.768,3.53955
-2.16046,599.987,31.5343,162.465,3.59243
-0.271874,550.092,30.8758,156.921,3.81958
-2.54099,505.744,26.2288,135.506,3.54915
-2.00836,578.634,30.5744,157.345,3.60995
0.356618,595.817,34.1757,172.916,3.90008
0.747372,575.037,33.4303,168.675,3.95145
-1.66783,598.412,31.9979,164.265,3.64965
-3.39787,511.662,25.7473,133.857,3.45454
-0.77885,546.038,30.1147,153.609,3.7565
1.31162,554.278,32.8532,165.105,4.0275
-4.11699,502.422,24.647,128.82,3.37804
-4.11303,504.851,24.7697,129.457,3.37845
-0.787138,528.257,29.1257,148.573,3.75548
-2.5451,515.629,26.7377,138.139,3.54869
0.916567,597.633,34.9464,176.114,3.97402
-1.13278,562.558,30.6467,156.721,3.71339
-3.27056,565.979,28.6088,148.595,3.46835
-4.45752,582.079,28.2115,147.823,3.3427
1.91731,575.311,34.8132,174.212,4.1117
-4.0288,528.695,26.0171,135.892,3.38728
-1.3414,573.348,31.0085,158.811,3.68834
-2.81831,599.625,30.7961,159.426,3.51811
1.42603,571.637,34.0151,170.806,4.0432
-0.0219813,505.502,28.6192,145.192,3.85128
-4.00648,519.853,25.6023,133.703,3.38963
-0.776343,586.957,32.3743,165.132,3.7568
-2.10747,512.774,27.0006,139.054,3.59852
0.912286,566.48,33.1199,166.914,3.97345
-3.16939,500.194,25.3739,131.694,3.47939
-2.58621,560.387,29.0166,149.959,3.54406
0.157723,507.461,28.9088,146.474,3.87433
1.44297,500.631,29.8071,149.658,4.04553
-1.12338,523.2,28.5119,145.795,3.71453
-2.85216,552.88,28.3616,146.859,3.51435
-3.25655,552.174,27.9248,145.027,3.46988
-0.612669,517.96,28.7313,146.378,3.777
0.826178,548.755,31.9888,161.313,3.96194
-0.0348578,505.852,28.6262,145.241,3.84964
-4.33856,512.907,24.9643,130.693,3.35498
-0.142527,561.971,31.6839,160.879,3.83594
0.383864,504.532,28.9669,146.532,3.90363
1.31494,568.346,33.6909,169.311,4.02796
-0.725118,571.085,31.5549,160.893,3.76311
-3.88231,563.896,27.8938,145.536,3.40272
1.96298,574.874,34.841,174.295,4.11815
-0.262151,550.534,30.911,157.089,3.82081
-1.70063,586.445,31.3221,160.834,3.6458
0.503111,567.332,32.7064,165.309,3.91922
1.28789,528.608,31.3062,157.357,4.02426
-0.843094,564.953,31.0885,158.65,3.74861
-1.96665,524.276,27.7426,142.729,3.61478
0.638955,502.149,29.0843,146.86,3.93709
-1.72705,572.162,30.5311,156.802,3.6427
-3.40683,581.31,29.2428,152.04,3.45357
-4.0372,552.331,27.1722,141.934,3.3864
0.11951,554.847,31.5666,159.984,3.86941
1.51769,571.308,34.1023,171.134,4.05584
1.23511,592.419,35.022,176.099,4.01706
-1.51175,582.52,31.3181,160.594,3.66807
-0.557807,597.112,33.1849,169.002,3.7838
-1.79899,560.022,29.8082,153.17,3.63428
0.531478,579.812,33.4585,169.077,3.92294
-2.87515,589.802,30.2312,156.566,3.51179
-0.54757,578.897,32.184,163.892,3.78508
1.05192,559.978,32.897,165.628,3.99222
-0.413052,587.588,32.8197,166.969,3.80185
-1.7837,515.238,27.4392,140.981,3.63607
-1.1507,527.057,28.6948,146.759,3.71123
-0.885867,594.572,32.6699,166.771,3.74338
-0.165023,545.586,30.7363,156.092,3.83309
-4.76082,531.33,25.4753,133.788,3.31168
-4.18865,517.7,25.3321,132.47,3.37056
-2.69696,580.337,29.9329,154.819,3.53164
0.848841,530.015,30.9205,155.9,3.96496
-3.02007,535.589,27.3127,141.602,3.49578
-4.82347,564.638,27.0119,141.924,3.30533
-4.80216,522.822,25.0305,131.492,3.30749
-2.3869,503.762,26.2676,135.554,3.56658
-4.90335,555.201,26.4849,139.238,3.29726
-4.86006,574.833,27.4638,144.338,3.30163
-1.75764,551.671,29.4062,151.058,3.63912
-1.48727,507.183,27.291,139.919,3.67098
-4.2588,570.486,27.8455,145.69,3.36325
-3.82428,564.148,27.9637,145.838,3.40887
-3.65254,522.528,26.0585,135.73,3.42715
-1.74636,550.017,29.3296,150.653,3.64044
0.827936,521.439,30.3983,153.29,3.96217
-3.11152,512.674,26.0601,135.198,3.48573
0.75668,593.454,34.512,174.122,3.95269
-3.79759,570.823,28.3213,147.674,3.4117
1.66686,590.313,35.4168,177.544,4.07655
-0.941474,585.085,32.0865,163.859,3.7366
1.36221,502.937,29.8618,150.018,4.03443
-2.07422,577.357,30.4367,156.712,3.60235
-4.18585,540.004,26.426,138.188,3.37085
1.76324,510.649,30.7383,153.986,4.09002
-2.90813,537.433,27.515,142.533,3.50814
1.30185,530.806,31.4514,158.071,4.02617
-4.86991,565.458,27.0064,141.944,3.30063
-0.784911,566.526,31.2381,159.346,3.75575
-3.80884,583.453,28.9364,150.894,3.41051
-4.52832,588.031,28.4283,149.037,3.33542
-1.11223,549.657,29.9653,153.214,3.71587
-3.97977,538.257,26.5338,138.54,3.39244
-1.52085,524.385,28.1837,144.53,3.667
0.215553,582.014,33.2221,168.259,3.88179
-0.965129,551.345,30.2114,154.309,3.73371
-0.86486,554.08,30.4671,155.503,3.74595
-3.57616,598.346,29.9203,155.756,3.43533
0.893021,571.203,33.3739,168.218,3.97087
0.689922,521.92,30.2824,152.855,3.94383
-1.53377,511.593,27.4838,140.954,3.66547
-1.52197,561.032,30.1521,154.626,3.66686
-1.93121,529.085,28.0318,144.179,3.61889
-0.205195,553.464,31.1368,158.172,3.828
0.351144,577.462,33.1167,167.564,3.89937
1.24659,538.595,31.8526,160.149,4.01862
-3.37934,531.418,26.7589,139.097,3.45654
0.862697,568.235,33.166,167.205,3.96681
0.572946,519.331,30.0112,151.612,3.92839
0.767879,507.509,29.5253,148.951,3.95418
1.021,531.745,31.2053,157.145,3.98805
-0.567958,587.314,32.6289,166.182,3.78254
1.46963,501.927,29.9116,150.154,4.04921
-4.38378,547.735,26.6166,139.39,3.3503
-0.849531,569.926,31.3551,160.018,3.74783
-1.51501,562.49,30.2378,155.058,3.66769
1.03283,552.654,32.4455,163.377,3.98965
-0.308274,593.021,33.2435,168.998,3.815
-3.86766,512.762,25.3776,132.393,3.40427
-1.15997,555.348,30.2253,154.597,3.71011
-4.29632,524.353,25.5597,133.768,3.35936
-0.783016,581.844,32.0848,163.663,3.75598
-4.20589,528.474,25.8434,135.162,3.36876
-2.00259,554.215,29.29,150.729,3.61062
-1.73056,552.806,29.4946,151.483,3.64229
-4.84429,500.369,23.9196,125.696,3.30322
1.16697,574.815,33.902,170.549,4.00779
-1.07186,501.98,27.4045,140.08,3.72076
-2.69103,584.052,30.1308,155.836,3.5323
0.72034,520.461,30.2293,152.554,3.94787
-0.181838,519.797,29.2664,148.645,3.83096
-1.41673,519.458,28.0204,143.585,3.67936
-3.66284,572.496,28.5401,148.666,3.42605
-2.66665,585.036,30.2075,156.205,3.53503
-3.66904,533.83,26.6066,138.602,3.42539
-3.14469,539.741,27.4039,142.204,3.48209
-1.39925,596.316,32.1858,164.909,3.68144
-0.227702,544.808,30.626,155.602,3.82516
-0.213085,508.3,28.5882,145.233,3.827
-4.49354,588.991,28.5099,149.427,3.33899
-2.54419,526.234,27.2884,140.984,3.54879
-0.195346,528.801,29.7595,151.164,3.82925
-0.920803,518.715,28.4672,145.354,3.73912
-2.16882,523.882,27.5263,141.824,3.59147
-3.78574,508.08,25.2189,131.486,3.41296
1.05027,592.673,34.8157,175.29,3.992
0.588132,563.52,32.5818,164.58,3.93039
-3.39491,566.693,28.5195,148.266,3.45486
1.10072,507.649,29.8728,150.35,3.99881
-3.21263,563.89,28.5615,148.286,3.47467
0.118506,591.834,33.6698,170.644,3.86928
0.222739,520.222,29.7023,150.425,3.88272
-4.46497,541.866,26.2555,137.582,3.34193
-4.31213,572.206,27.8766,145.911,3.35772
-4.08576,504.821,24.7922,129.548,3.38131
-3.18832,553.431,28.0558,145.634,3.47732
1.35097,582.247,34.5575,173.621,4.03289
0.085652,576.82,32.7784,166.166,3.86506
-4.43633,599.019,29.0544,152.215,3.34488
1.92704,559.973,33.8963,169.612,4.11307
0.653736,511.827,29.6599,149.751,3.93905
-0.510532,574.089,31.9576,162.696,3.78968
-2.68579,548.471,28.3005,146.364,3.53289
0.921586,538.494,31.4937,158.708,3.97469
-1.31622,532.546,28.8271,147.612,3.69135
-3.7082,539.652,26.8596,139.96,3.42121
-1.9194,564.217,29.9055,153.803,3.62026
-1.32891,573.668,31.0394,158.954,3.68983
-4.04009,562.892,27.6889,144.636,3.3861
-3.69843,538.471,26.8101,139.692,3.42225
-1.42118,536.882,28.9557,148.383,3.67883
-1.23642,589.426,31.9948,163.738,3.70091
0.917785,537.18,31.4127,158.305,3.97419
-4.59283,516.756,24.9252,130.735,3.32881
-2.93604,510.05,26.0874,135.166,3.50505
-3.82233,522.546,25.9033,135.091,3.40907
0.395288,538.058,30.9038,156.318,3.90512
1.63933,503.586,30.1851,151.347,4.07272
1.01634,505.391,29.6539,149.337,3.98742
-0.924932,516.979,28.3678,144.851,3.73861
-1.652,540.18,28.9001,148.345,3.65151
1.76255,595.5,35.845,179.57,4.08993
-4.45838,530.552,25.7133,134.734,3.34261
-2.49304,561.106,29.149,150.54,3.55456
-2.62673,524.379,27.1136,140.165,3.53951
-0.400737,520.497,29.0848,147.954,3.80339
-2.1275,553.827,29.1419,150.103,3.59621
0.599003,529.63,30.6338,154.728,3.93182
-0.82988,516.493,28.4349,145.094,3.75023
-3.31993,550.032,27.7543,144.209,3.46299
-1.50517,512.393,27.5542,141.286,3.66885
-2.11913,526.026,27.6871,142.601,3.59718
1.02003,530.354,31.1226,156.729,3.98792
-0.343602,568.252,31.8161,161.782,3.81056
-3.28972,550.276,27.7963,144.394,3.46627
-4.26678,595.557,29.061,152.058,3.36242
-3.20177,533.957,27.0558,140.457,3.47585
1.69439,553.24,33.2239,166.518,4.08039
-0.576414,574.412,31.9028,162.494,3.78149
-3.56605,567.824,28.4042,147.853,3.43642
0.124175,544.625,30.9901,157.057,3.87001
1.94311,546.374,33.0913,165.565,4.11534
-2.71755,592.366,30.5313,157.938,3.52934
-4.74792,559.63,26.8445,140.965,3.31299
-4.36212,509.629,24.784,129.771,3.35254
-1.91069,539.716,28.6155,147.16,3.62127
-1.84441,599.124,31.839,163.658,3.62898
-1.79779,536.868,28.5771,146.842,3.63442
-2.01458,503.04,26.5743,136.766,3.60923
0.0507955,588.451,33.3992,169.355,3.86059
-4.77571,530.3,25.4125,133.473,3.31017
1.69032,521.824,31.3328,157.045,4.07983
-2.27734,534.014,27.9523,144.133,3.57905
-0.762501,576.612,31.8189,162.283,3.7585
-3.06456,535.902,27.2859,141.509,3.49088
-1.49475,559.347,30.0901,154.278,3.67009
-0.789704,518.498,28.5851,145.818,3.75516
-4.28104,546.78,26.6674,139.549,3.36094
-1.06234,547.362,29.8919,152.784,3.72191
1.68635,547.51,32.8707,164.758,4.07927
-4.33985,533.665,25.9734,135.977,3.35485
1.79078,525.913,31.6869,158.708,4.09388
0.205472,595.472,33.9785,172.103,3.88048
1.87117,582.287,35.1799,176.104,4.10519
0.815821,555.701,32.3822,163.308,3.96056
1.81988,561.824,33.8842,169.679,4.09797
-0.760707,504.568,27.8451,142.014,3.75873
0.318513,519.868,29.7802,150.717,3.89513
0.386445,566.083,32.5036,164.42,3.90396
1.33211,552.07,32.7453,164.539,4.03031
1.37514,537.463,31.9259,160.373,4.03621
1.42676,595.714,35.4487,178.004,4.0433
-0.239065,593.73,33.363,169.521,3.82372
1.45152,584.168,34.7911,174.671,4.04671
1.69323,539.206,32.3798,162.289,4.08023
-3.66117,594.165,29.6221,154.301,3.42623
-3.51807,515.109,25.811,134.307,3.44157
-0.755939,537.813,29.6847,151.391,3.75931
0.332394,596.832,34.2054,173.095,3.89693
-1.55197,505.035,27.1142,139.077,3.66331
0.836072,536.89,31.3078,157.867,3.96326
-3.4089,522.198,26.2672,136.571,3.45335
-3.37115,522.863,26.3358,136.89,3.45743
-2.66458,585.656,30.2417,156.379,3.53526
-1.95534,576.459,30.516,156.984,3.61609
-2.10026,574.041,30.2343,155.699,3.59935
-2.75355,508.896,26.196,135.547,3.52532
1.58093,508.329,30.4087,152.53,4.0646
-4.77889,594.895,28.5047,149.717,3.30985
-3.08529,587.73,29.9029,155.105,3.48861
0.936538,517.251,30.2668,152.51,3.9767
-1.27077,513.871,27.8602,142.614,3.69679
-1.43949,582.212,31.3805,160.83,3.67665
-3.27948,579.036,29.2596,151.985,3.46738
-1.1605,553.928,30.1475,154.199,3.71005
1.84531,565.654,34.1449,170.953,4.10155
-4.75387,544.511,26.1138,137.134,3.31239
-4.79046,526.705,25.2269,132.513,3.30867
0.466708,539.4,31.0572,157.014,3.91445
0.615705,524.061,30.3291,153.171,3.93403
-1.81599,502.122,26.7106,137.269,3.6323
1.80618,537.295,32.3897,162.21,4.09604
-0.720024,541.225,29.9103,152.502,3.76373
0.490529,556.449,32.0651,162.082,3.91757
-1.79352,551.154,29.3419,150.767,3.63492
1.17812,541.934,31.975,160.842,4.00931
0.559334,503.543,29.0852,146.948,3.9266
1.91624,593.341,35.9029,179.666,4.11154
-0.270413,541.353,30.3868,154.434,3.81977
-2.53957,566.65,29.389,151.831,3.54931
-3.01342,565.707,28.8554,149.592,3.49651
-2.15703,581.075,30.544,157.359,3.59282
-1.13226,527.59,28.7422,146.982,3.71346
-2.20279,593.095,31.1259,160.41,3.58757
-0.548277,589.326,32.763,166.842,3.78499
-3.33153,564.644,28.48,147.992,3.46173
-4.63803,585.599,28.2004,147.964,3.32419
-2.88613,556.348,28.5054,147.64,3.51058
-3.27905,595.028,30.0682,156.184,3.46743
-0.571294,512.632,28.4765,145.037,3.78213
-2.99614,544.559,27.7936,144.07,3.49842
-3.56415,560.967,28.0631,146.075,3.43662
1.16388,504.405,29.7462,149.646,4.00737
-3.41213,510.729,25.6874,133.56,3.453
1.72326,571.913,34.3791,172.273,4.08443
0.86854,534.391,31.1968,157.272,3.9676
-2.22905,586.591,30.7563,158.536,3.58457
-3.53394,552.35,27.6615,143.953,3.43987
-4.5539,551.286,26.6276,139.624,3.33279
-4.06067,558.352,27.4456,143.386,3.38394
-2.19757,500.536,26.2732,135.396,3.58817
-0.60748,546.571,30.3238,154.486,3.77764
-4.44549,505.314,24.5014,128.371,3.34394
-3.15794,523.003,26.5417,137.744,3.48064
-1.28882,534.409,28.9555,148.24,3.69463
-4.72379,501.428,24.0734,126.39,3.31545
1.04611,541.39,31.7986,160.104,3.99144
-4.2358,557.409,27.2295,142.442,3.36565
-4.60517,520.096,25.0753,131.534,3.32754
0.958067,565.118,33.0922,166.721,3.97959
-1.51913,560.663,30.1353,154.536,3.6672
-2.19122,568.938,29.8703,153.926,3.5889
-0.595715,562.283,31.2082,158.978,3.7791
0.114726,558.221,31.7533,160.936,3.86879
-0.294673,544.142,30.5178,155.126,3.81671
-4.13701,552.22,27.0707,141.508,3.37595
0.475766,575.826,33.1649,167.659,3.91563
-4.93698,567.363,27.0327,142.153,3.29387
-4.42066,520.342,25.2523,132.281,3.3465
-2.30452,516.225,26.9954,139.226,3.57595
0.136225,591.079,33.6474,170.509,3.87156
0.504188,566.451,32.6568,165.057,3.91936
0.861223,539.394,31.481,158.712,3.96662
-4.61597,518.784,25.0025,131.163,3.32644
-1.26266,517.203,28.0488,143.571,3.69776
0.441196,557.779,32.0872,162.251,3.91111
-3.56056,510.618,25.5475,132.978,3.43701
-3.98972,596.675,29.4031,153.533,3.39139
-1.05394,581.39,31.7595,162.32,3.72293
-4.63562,522.963,25.1862,132.146,3.32443
-3.60855,571.972,28.5687,148.756,3.43186
-2.61922,581.82,30.0915,155.551,3.54035
-2.937,576.58,29.4892,152.793,3.50495
-1.6475,598.665,32.0341,164.427,3.65204
1.06401,557.465,32.7629,164.939,3.99385
-4.35429,548.215,26.6679,139.627,3.35335
1.76027,543.191,32.6938,163.786,4.08961
-0.788961,586.33,32.3255,164.898,3.75525
1.57525,521.726,31.204,156.526,4.06382
-2.2225,551.889,28.9434,149.184,3.58532
1.51423,543.031,32.4105,162.648,4.05537
-0.520157,555.26,30.8992,157.319,3.78849
-1.34516,532.365,28.7883,147.444,3.68789
-3.20419,536.328,27.1735,141.071,3.47559
-0.117738,521.203,29.4106,149.31,3.83909
-3.92527,523.162,25.8395,134.86,3.39818
-3.62401,534.894,26.7021,139.053,3.4302
-3.01286,545.976,27.8495,144.377,3.49657
-3.80532,510.198,25.3065,131.961,3.41088
-2.46504,518.274,26.9504,139.157,3.55772
-1.27244,533.716,28.9345,148.115,3.69659
-0.717965,521.367,28.8149,146.915,3.76399
-1.08495,507.033,27.6678,141.439,3.71917
-4.87452,500.553,23.9026,125.635,3.30017
-2.46223,580.324,30.18,155.83,3.55804
-0.775476,596.462,32.8995,167.81,3.75691
-2.5496,546.312,28.3242,146.341,3.54818
1.93566,577.059,34.9408,174.828,4.11429
-2.86994,534.047,27.3784,141.786,3.51237
-3.82699,547.79,27.1502,141.598,3.40858
0.618336,530.269,30.6912,154.997,3.93437
-3.95179,537.98,26.5464,138.577,3.39539
-3.38669,535.593,26.9622,140.162,3.45575
-4.37703,557.085,27.0775,141.796,3.351
-2.24303,504.009,26.4134,136.164,3.58297
-1.33985,549.437,29.7169,152.194,3.68852
0.904811,583.822,34.125,171.989,3.97245
1.62577,533.949,31.9902,160.413,4.07083
1.62949,566.643,33.9534,170.252,4.07135
-1.44524,589.674,31.7763,162.865,3.67597
-2.69892,504.925,26.0415,134.694,3.53142
-3.99077,566.492,27.9148,145.762,3.39128
-3.33662,578.066,29.1517,151.488,3.46117
-1.74209,553.35,29.5117,151.583,3.64094
0.610459,541.127,31.3112,158.137,3.93333
-4.52882,589.009,28.4751,149.283,3.33537
-3.73493,538.187,26.7613,139.475,3.41836
1.35796,501.882,29.7948,149.686,4.03385
-0.38467,596.042,33.3246,169.503,3.80541
-2.21322,553.885,29.0576,149.762,3.58638
-1.90902,527.788,27.9848,143.914,3.62146
-3.2037,510.706,25.8758,134.333,3.47564
-4.47025,539.628,26.1422,136.993,3.34139
-4.09565,526.372,25.8415,135.041,3.38027
0.205044,529.444,30.2104,153.017,3.88043
1.4608,537.8,32.0397,160.847,4.04799
0.261182,531.772,30.402,153.927,3.88769
0.180022,585.48,33.379,169.097,3.8772
-0.81272,575.169,31.6841,161.654,3.75234
0.674753,583.893,33.8605,170.934,3.94183
-4.40062,502.747,24.4159,127.88,3.34856
-4.43782,540.057,26.1931,137.227,3.34473
-3.23281,598.791,30.3077,157.375,3.47247
-1.53833,547.524,29.4094,150.835,3.66493
-1.07433,584.856,31.9263,163.196,3.72046
-3.91617,584.479,28.8773,150.705,3.39914
-4.92008,591.415,28.1956,148.25,3.29557
1.89612,508.134,30.726,153.781,4.1087
-4.42761,524.578,25.4517,133.332,3.34578
-1.01157,553.811,30.2976,154.801,3.72807
-0.28665,529.485,29.704,150.981,3.81772
-0.154627,508.47,28.6556,145.515,3.83441
-2.04196,520.395,27.4648,141.377,3.60607
0.485406,568.587,32.7588,165.595,3.9169
-3.09421,561.029,28.5354,148.021,3.48763
-1.36941,562.135,30.3725,155.584,3.685
-0.881069,539.766,29.6634,151.418,3.74397
-3.25752,530.08,26.8065,139.22,3.46977
-1.56719,557.625,29.9218,153.495,3.66151
-1.25616,566.464,30.7273,157.273,3.69854
-3.97522,508.218,25.057,130.825,3.39292
-0.903924,563.365,30.9357,157.939,3.74118
-0.696964,584.611,32.3338,164.831,3.76658
-0.0619829,597.132,33.7602,171.323,3.84618
0.0646947,560.77,31.8433,161.449,3.86237
-2.94428,511.205,26.1389,135.441,3.50414
-3.94359,512.768,25.3097,132.113,3.39625
-1.26333,599.487,32.5105,166.409,3.69768
-1.64593,543.726,29.096,149.344,3.65223
-3.9583,587.933,29.0047,151.417,3.3947
-4.2123,540.576,26.4292,138.232,3.36809
-4.90995,569.682,27.1693,142.843,3.29659
-2.45795,513.085,26.6872,137.791,3.55853
-0.935824,552.03,30.2797,154.625,3.73728
-4.87882,551.702,26.3411,138.456,3.29973
1.01247,562.92,33.0251,166.319,3.9869
-4.52077,582.255,28.1566,147.605,3.33619
-0.566278,557.671,30.9838,157.802,3.78275
0.523808,555.165,32.0278,161.855,3.92193
-1.57108,576.218,30.9153,158.596,3.66105
0.641789,500.879,29.0135,146.5,3.93747
-4.2624,522.233,25.487,133.354,3.36288
-3.49101,508.056,25.4819,132.568,3.44449
-0.0740451,595.809,33.6713,170.887,3.84464
-3.63888,552.649,27.574,143.609,3.42861
0.584892,535.138,30.9374,156.277,3.92997
-0.44791,597.386,33.3267,169.59,3.79749
-2.5118,542.781,28.1785,145.548,3.55244
-0.419325,526.546,29.4039,149.597,3.80107
-1.94505,509.477,26.9798,138.783,3.61728
0.640569,543.181,31.4625,158.867,3.93731
-4.48247,565.394,27.3785,143.485,3.34013
0.506063,565.034,32.5772,164.653,3.91961
0.195752,578.557,33.0022,167.169,3.87923
-0.335514,535.94,30.0154,152.617,3.81158
0.779697,527.891,30.7235,154.983,3.95575
-3.90097,577.814,28.5634,149.05,3.40075
0.166956,546.558,31.146,157.799,3.87551
-2.26287,594.266,31.1218,160.459,3.5807
0.556829,533.451,30.8101,155.665,3.92627
-0.051229,578.713,32.731,166.087,3.84755
-0.656388,560.716,31.0558,158.271,3.77159
0.777682,527.898,30.7218,154.976,3.95548
-3.58274,598.863,29.9392,155.862,3.43463
-1.79546,503.381,26.7967,137.691,3.63469
-2.74362,513.594,26.447,136.836,3.52643
-0.0236537,537.387,30.4226,154.343,3.85107
0.213099,525.038,29.9673,151.777,3.88147
-1.03281,565.525,30.9156,157.983,3.72549
-0.999468,552.115,30.2175,154.378,3.72954
-4.90167,562.681,26.8434,141.121,3.29743
-0.164363,542.086,30.5398,155.094,3.83317
1.98452,551.544,33.4516,167.319,4.12121
-4.69199,564.841,27.1486,142.502,3.31868
0.94691,509.963,29.851,150.403,3.97809
1.68438,557.9,33.4922,167.875,4.079
1.32823,522.353,30.9786,155.665,4.02978
-2.46357,545.146,28.3492,146.378,3.55789
-1.56098,587.384,31.5255,161.714,3.66225
-3.49382,521.461,26.1516,136.055,3.44418
1.83081,556.32,33.5648,168.066,4.0995
-1.13781,529.827,28.8586,147.583,3.71279
-3.43607,597.172,30.0097,156.061,3.45041
-4.42203,504.022,24.4591,128.127,3.34635
-4.11163,552.181,27.0932,141.599,3.3786
0.243708,591.43,33.7924,171.113,3.88543
-0.631832,546.586,30.2991,154.387,3.77462
1.84026,529.367,31.9489,159.965,4.10083
-1.8759,519.503,27.5774,141.785,3.62531
-1.04182,566.147,30.9399,158.117,3.7244
-3.22271,593.442,30.0477,156.013,3.47357
0.538622,570.761,32.9443,166.47,3.92388
1.67096,524.582,31.4776,157.792,4.07713
0.165051,590.532,33.6497,170.486,3.87527
0.00595395,554.006,31.3955,159.246,3.85485
-0.163978,537.488,30.2812,153.78,3.83322
-4.28399,546.247,26.6386,139.401,3.36064
-2.57638,585.933,30.3499,156.838,3.54517
0.626442,534.088,30.9208,156.148,3.93544
-2.44634,515.375,26.8172,138.451,3.55984
0.63265,569.465,32.976,166.519,3.93626
-3.77162,574.159,28.513,148.645,3.41446
1.00262,594.337,34.8565,175.554,3.98558
-0.800694,545.748,30.0759,153.435,3.75381
-3.04039,531.797,27.1,140.52,3.49354
-4.93853,503.744,24.0001,126.208,3.29371
1.83642,581.514,35.0915,175.704,4.10029
-1.74332,568.828,30.3359,155.818,3.64079
1.18317,514.211,30.3445,152.635,4.00999
1.21381,588.663,34.7746,174.881,4.01416
0.884955,531.285,31.033,156.428,3.96979
-0.375747,546.828,30.5825,155.545,3.80653
0.227645,511.331,29.1996,147.874,3.88335
-3.22799,575.325,29.1249,151.228,3.47299
-1.68583,502.625,26.8591,137.902,3.64754
1.18364,534.707,31.5545,158.721,4.01006
-2.60751,543.741,28.1337,145.418,3.54167
-2.49661,565.373,29.367,151.67,3.55416
1.1658,564.513,33.2931,167.487,4.00763
1.87052,582.941,35.2186,176.298,4.10509
-1.22637,506.119,27.4824,140.635,3.70212
-3.9046,517.655,25.5862,133.518,3.40037
0.602264,514.673,29.772,150.372,3.93225
1.79591,553.175,33.3353,166.958,4.0946
-1.40262,520.934,28.1138,144.049,3.68104
1.6956,545.508,32.7609,164.197,4.08056
-3.58867,572.758,28.6281,149.043,3.43399
1.5733,557.358,33.3329,167.207,4.06355
-1.14859,508.196,27.67,141.515,3.71149
-1.89782,587.416,31.1586,160.223,3.62277
-4.13089,594.051,29.1277,152.254,3.37659
1.30941,593.249,35.1605,176.703,4.0272
-2.80613,526.565,27.0555,140.048,3.51946
-2.0413,525.92,27.757,142.88,3.60614
-1.92198,543.735,28.8172,148.209,3.61996
-0.617974,571.456,31.6929,161.473,3.77634
1.99386,516.616,31.3432,156.763,4.12253
-3.58227,551.207,27.5571,143.461,3.43468
1.98866,546.367,33.1423,165.767,4.12179
-4.53122,517.17,24.9999,131.067,3.33512
-2.17868,582.735,30.608,157.714,3.59034
-3.59391,575.818,28.7757,149.818,3.43343
-2.89668,508.387,26.0384,134.873,3.50941
-2.07471,511.781,26.9792,138.91,3.60229
-3.12145,527.312,26.7948,139.02,3.48464
-4.10576,599.012,29.3971,153.633,3.37921
-4.97043,509.051,24.2254,127.423,3.2905
-2.08558,519.911,27.3974,141.075,3.60104
1.76516,550.251,33.1243,165.937,4.09029
1.96189,575.96,34.9055,174.619,4.118
-3.35169,598.934,30.1881,156.891,3.45954
-3.74159,518.196,25.7613,134.27,3.41765
-2.65421,542.76,28.0369,144.967,3.53643
-0.600835,587.704,32.6134,166.142,3.77846
-4.17362,568.471,27.8312,145.523,3.37212
1.7019,564.024,33.8801,169.799,4.08144
-4.84817,510.018,24.3775,128.106,3.30283
-4.92756,577.259,27.5134,144.671,3.29481
1.65417,523.742,31.4092,157.468,4.07479
0.396084,503.734,28.9332,146.35,3.90522
-3.33886,551.205,27.7949,144.44,3.46093
-4.51959,585.797,28.3291,148.508,3.33631
-4.98795,587.003,27.9176,146.863,3.28874
-1.91045,567.243,30.0753,154.667,3.6213
-0.0776884,546.358,30.8728,156.688,3.84418
1.15086,562.015,33.1288,166.679,4.00561
1.76181,526.429,31.6866,158.739,4.08982
0.0470714,508.681,28.8679,146.382,3.86011
1.99565,519.255,31.5052,157.571,4.12278
1.01772,516.909,30.3312,152.747,3.98761
-2.90903,563.095,28.8279,149.335,3.50804
-2.39364,525.095,27.3736,141.268,3.56581
-1.20971,585.166,31.7931,162.674,3.70412
-1.91974,513.39,27.2111,139.947,3.62022
-0.291509,575.496,32.2798,164.079,3.81711
-4.92821,511.224,24.3655,128.119,3.29475
-4.47343,569.14,27.5688,144.472,3.34106
-2.02452,521.127,27.5202,141.644,3.60808
-3.50367,581.812,29.1681,151.76,3.44312
-3.33552,588.854,29.697,154.32,3.46129
-0.119968,558.237,31.498,159.909,3.8388
0.555578,593.956,34.3032,173.315,3.92611
-1.92609,510.185,27.0353,139.049,3.61948
-2.26936,526.78,27.5813,142.212,3.57996
-1.15148,583.989,31.7935,162.608,3.71114
-4.0504,509.248,25.041,130.814,3.38502
0.184238,569.771,32.4882,164.579,3.87774
-1.39505,516.404,27.8767,142.826,3.68194
1.58299,536.917,32.1211,161.117,4.06489
1.45525,565.044,33.6564,168.97,4.04722
1.94847,540.597,32.7474,163.838,4.1161
-2.15206,542.313,28.5115,146.882,3.59339
0.0777884,510.456,28.9993,147.016,3.86405
-0.904867,500.419,27.4783,140.289,3.74106
0.363481,538.518,30.8964,156.316,3.90097
-3.15673,543.159,27.5657,143.057,3.48078
-1.49699,514.546,27.6779,141.912,3.66982
0.130598,591.297,33.6532,170.546,3.87083
-1.58968,554.388,29.7248,152.509,3.65886
-3.07379,578.409,29.4406,152.694,3.48987
0.651773,542.768,31.4507,158.795,3.93879
0.386007,556.46,31.9506,161.623,3.90391
-1.30564,576.341,31.2092,159.797,3.69262
1.05503,511.095,30.0284,151.182,3.99264
-0.466058,523.515,29.1873,148.545,3.79523
-1.71261,542.102,28.9416,148.623,3.64439
1.60263,516.995,30.95,155.222,4.06762
-1.84414,560.255,29.7737,153.042,3.62901
0.27608,560.007,32.0327,162.165,3.88962
-1.72645,507.669,27.0902,139.13,3.64277
-3.69733,522.77,26.0294,135.623,3.42237
-0.133531,562.98,31.7507,161.208,3.83708
1.69802,520.561,31.2652,156.698,4.0809
-3.24818,571.481,28.9097,150.133,3.47079
1.05064,577.234,33.9092,170.725,3.99205
-1.84995,538.981,28.6373,147.207,3.62834
-3.51925,517.687,25.9391,134.975,3.44145
-2.16624,553.768,29.0992,149.926,3.59176
-4.28936,585,28.523,149.268,3.36008
-2.62926,570.394,29.4901,152.454,3.53922
-4.8285,578.357,27.6633,145.352,3.30482
-3.23438,555.453,28.1126,145.978,3.47229
-1.47169,580.987,31.2794,160.349,3.67282
-2.05064,591.995,31.2341,160.79,3.60506
0.720477,558.347,32.43,163.66,3.94788
1.49617,591.732,35.2954,177.148,4.05287
-1.99396,522.069,27.5994,142.02,3.61161
1.94878,548.416,33.2214,166.209,4.11614
-3.94601,558.116,27.5457,143.787,3.396
-3.27167,597.154,30.1834,156.774,3.46823
-3.65107,565.462,28.2011,146.888,3.42731
-4.0853,554.582,27.2365,142.32,3.38136
-2.49031,522.46,27.144,140.182,3.55487
-2.23537,558.323,29.2677,150.869,3.58384
-1.57392,520.07,27.9,143.131,3.66072
-2.39041,591.175,30.8219,159.061,3.56618
-4.57377,575.55,27.7799,145.688,3.33076
-0.623791,517.174,28.6766,146.111,3.77562
-3.6949,537.544,26.7673,139.465,3.42263
-1.79588,531.764,28.3073,145.453,3.63465
0.39006,510.588,29.3208,148.316,3.90444
-4.10208,563.997,27.6824,144.668,3.3796
-3.98803,536.77,26.4527,138.125,3.39157
1.17664,547.113,32.279,162.373,4.00911
-1.28614,535.365,29.0101,148.516,3.69495
1.27348,596.906,35.3337,177.618,4.02229
1.41886,571.207,33.9812,170.644,4.04221
-1.01712,591.947,32.3776,165.435,3.72739
1.15446,523.853,30.8831,155.376,4.00609
-3.92149,514.851,25.4324,132.732,3.39858
-0.844873,515.712,28.3771,144.815,3.7484
0.0908285,537.125,30.5281,154.753,3.86572
0.728361,587.365,34.1247,172.202,3.94893
-4.0592,552.823,27.1752,141.972,3.38409
-3.52885,558.598,27.9794,145.602,3.44041
-4.75802,502.854,24.1124,126.628,3.31197
-1.29519,552.723,29.9412,153.293,3.69387
-2.3742,509.119,26.5588,137.044,3.56802
0.497164,588.542,33.9223,171.462,3.91844
0.48976,592.358,34.1335,172.538,3.91747
-4.11446,501.228,24.5907,128.523,3.3783
-0.121388,567.512,32.0197,162.559,3.83862
-4.54471,531.361,25.6736,134.612,3.33374
-3.09962,541.761,27.5502,142.916,3.48703
-3.89417,547.177,27.0554,141.174,3.40147
-1.94301,550.592,29.1592,149.991,3.61752
-2.45293,507.232,26.3874,136.238,3.55909
0.564795,548.371,31.6805,160.054,3.92732
1.25964,544.599,32.2221,161.992,4.0204
-1.47996,577.167,31.0648,159.258,3.67184
-2.75822,595.57,30.6526,158.613,3.5248
-1.90875,594.742,31.5351,162.172,3.62149
1.50169,523.833,31.2513,156.844,4.05363
-4.57441,596.026,28.7676,150.868,3.33069
-1.76872,515.08,27.4451,140.996,3.63782
-0.490552,520.521,28.9957,147.596,3.79217
-3.36106,536.16,27.0151,140.41,3.45852
0.426443,558.91,32.136,162.514,3.90918
1.59252,526.022,31.4795,157.889,4.06621
0.137364,599.156,34.1085,172.845,3.8717
-3.31149,525.606,26.5297,137.837,3.4639
-4.17144,551.772,27.0157,141.257,3.37235
1.42174,594.938,35.3964,177.748,4.04261
1.87384,593.895,35.8845,179.627,4.10556
-4.00754,538.164,26.5031,138.408,3.38952
-2.01243,548.747,28.9911,149.201,3.60948
-0.480533,569.089,31.7123,161.413,3.79342
-1.46528,509.361,27.4293,140.605,3.67359
-4.98973,533.774,25.3845,133.539,3.28856
1.10448,502.256,29.5592,148.768,3.99932
-0.836482,559.054,30.771,157.022,3.74942
-4.29595,517.333,25.2178,131.978,3.3594
1.77315,569.819,34.3116,171.875,4.09141
0.328925,554.792,31.7922,160.888,3.89648
-2.36259,508.295,26.5266,136.867,3.56934
-3.98641,599.146,29.5284,154.183,3.39174
-1.89107,553.871,29.3862,151.102,3.62355
-1.93251,502.942,26.6455,137.05,3.61874
-3.99537,519.267,25.5835,133.594,3.3908
-2.99371,511.029,26.0845,135.208,3.49868
1.79267,592.946,35.728,178.946,4.09415
-1.26954,530.054,28.7389,147.11,3.69694
-2.39844,537.94,28.0385,144.705,3.56527
-4.22423,509.877,24.9178,130.338,3.36685
-0.601652,503.242,27.9256,142.262,3.77836
-2.43939,515.859,26.849,138.607,3.56063
-3.36316,566.441,28.5387,148.332,3.4583
0.241115,512.24,29.2651,148.191,3.88509
-2.22217,513.125,26.9108,138.707,3.58535
1.86877,513.734,31.0356,155.361,4.10485
-3.59009,558.88,27.933,145.426,3.43384
-3.24711,502.794,25.436,132.092,3.47091
-2.49638,564.255,29.3092,151.371,3.55418
1.38223,517.413,30.7424,154.42,4.03718
-2.412,566.845,29.531,152.423,3.56373
-0.757077,547.81,30.2353,154.2,3.75917
-3.09561,589.746,29.9946,155.592,3.48747
-2.65933,505.672,26.1164,135.042,3.53585
-3.66815,597.332,29.7726,155.093,3.42548
-0.129151,567.612,32.0168,162.554,3.83764
-1.33894,552.203,29.8675,152.964,3.68863
-1.1257,593.988,32.3669,165.51,3.71425
-2.21721,523.545,27.462,141.543,3.58592
-0.700742,569.417,31.4893,160.531,3.76611
1.15308,535.92,31.593,158.949,4.00591
-0.978611,530.891,29.077,148.529,3.73207
0.214961,514.26,29.354,148.669,3.88171
-2.80572,530.52,27.2591,141.102,3.51951
-0.786256,542.415,29.9072,152.559,3.75559
1.42332,516.579,30.736,154.343,4.04283
-4.83858,547.654,26.1853,137.596,3.3038
-4.5865,599.613,28.9283,151.724,3.32946
-0.55528,570.621,31.7154,161.515,3.78412
-2.9094,578.539,29.6181,153.43,3.508
-4.9846,540.891,25.7276,135.339,3.28907
1.93721,576.619,34.9161,174.702,4.11451
0.638028,558.159,32.3273,163.237,3.93697
-1.93212,558.484,29.5885,152.187,3.61878
-4.4482,574.912,27.8733,146.041,3.34366
-1.96426,503.486,26.6447,137.078,3.61505
1.44762,563.767,33.5716,168.553,4.04617
1.39278,526.918,31.3184,157.302,4.03863
-4.90777,528.54,25.2092,132.535,3.29681
-0.528575,540.526,30.0705,153.109,3.78744
-4.65348,573.879,27.6208,144.939,3.32261
-1.89893,526.007,27.9002,143.469,3.62264
-0.751695,580.892,32.0672,163.537,3.75983
0.704373,501.423,29.1076,146.91,3.94575
-0.838012,544.986,29.995,153.064,3.74924
-1.33549,507.854,27.472,140.692,3.68905
0.586322,530.29,30.6586,154.868,3.93015
-0.212561,583.935,32.8427,166.846,3.82707
-2.42418,574.405,29.9121,154.404,3.56235
1.75641,586.178,35.2765,176.729,4.08906
0.656076,594.403,34.4478,173.922,3.93936
-0.0469393,507.866,28.7282,145.772,3.8481
0.149106,510.503,29.0735,147.317,3.87322
-3.66659,539.659,26.8995,140.125,3.42565
-1.19178,537.435,29.218,149.479,3.70628
-4.6393,576.312,27.7519,145.612,3.32406
0.72205,531.961,30.8991,155.932,3.94809
-1.35882,554.08,29.9483,153.4,3.68626
0.638386,526.307,30.4829,153.923,3.93702
1.06333,521.354,30.6399,154.252,3.99376
0.468195,546.341,31.4585,159.041,3.91464
-3.57942,536.346,26.8169,139.604,3.43498
1.35401,557.483,33.0912,166.251,4.03331
-3.30277,583.152,29.4434,152.965,3.46485
-4.33358,556.091,27.0709,141.716,3.3555
-2.43971,504.698,26.2678,135.607,3.56059
-2.00673,531.93,28.1082,144.652,3.61014
-3.75966,543.432,26.9986,140.737,3.41573
1.4117,545.953,32.4708,163.068,4.04123
-3.37898,512.641,25.8138,134.184,3.45658
-2.49814,509.724,26.475,136.736,3.55398
-3.68204,587.983,29.2922,152.606,3.424
-2.5098,576.505,29.9314,154.6,3.55267
-2.78721,546.916,28.1198,145.537,3.52157
0.915367,553.73,32.3779,163.171,3.97386
-0.996348,536.93,29.3896,150.145,3.72992
-3.18154,549.545,27.8654,144.639,3.47806
-4.02374,537.665,26.4633,138.217,3.38782
1.63249,503.217,30.156,151.208,4.07177
-4.98059,500.394,23.8048,125.22,3.28948
-2.98324,599.208,30.5967,158.584,3.49984
-2.757,520.02,26.7654,138.497,3.52493
0.540763,559.653,32.3056,163.24,3.92416
-2.55727,541.168,28.0499,144.932,3.54732
-2.35001,510.698,26.6638,137.562,3.57077
0.267401,565.054,32.3117,163.588,3.88849
-3.3238,583.259,29.4269,152.904,3.46257
-0.485699,501.355,27.9328,142.181,3.79278
-4.59151,590.315,28.4746,149.35,3.32894
-2.01172,521.112,27.5317,141.69,3.60956
-0.244124,528.447,29.6894,150.861,3.82308
-4.66361,532.574,25.6236,134.469,3.32158
1.81067,588.312,35.4706,177.634,4.09667
-1.58482,538.907,28.8996,148.271,3.65943
1.26908,539.308,31.9194,160.46,4.02169
1.30485,597.746,35.4214,178.02,4.02658
1.74786,530.373,31.9088,159.867,4.08787
-1.37152,566.185,30.5891,156.696,3.68474
-2.14288,592.13,31.1405,160.416,3.59445
0.0666328,571.794,32.4715,164.632,3.86262
-3.1343,560.025,28.4442,147.592,3.48323
-4.12083,523.009,25.6535,134.084,3.37764
-0.618552,593.598,32.9202,167.727,3.77627
0.353114,575.286,32.9941,166.941,3.89962
-2.38686,531.81,27.7302,143.102,3.56658
-1.50004,514.302,27.6618,141.833,3.66946
-3.9993,594.579,29.2899,152.952,3.39038
-0.457168,505.56,28.1949,143.486,3.79634
-2.84545,520.679,26.7161,138.331,3.51509
-3.9884,502.317,24.7545,129.258,3.39153
-4.62306,517.032,24.9117,130.694,3.32572
-2.45867,591.654,30.773,158.888,3.55844
-1.15767,583.283,31.7482,162.384,3.71039
-3.99507,561.013,27.6406,144.335,3.39083
-1.39294,564.576,30.4793,156.158,3.68219
-1.09021,529.723,28.9007,147.747,3.71854
-2.89255,545.697,27.9534,144.788,3.50987
0.513225,548.615,31.6384,159.9,3.92054
-0.488901,572.394,31.8872,162.313,3.79238
1.81218,544.639,32.8391,164.454,4.09689
-3.88299,511.568,25.3048,132.028,3.40265
-0.561261,528.56,29.3716,149.585,3.78337
1.61491,595.675,35.6751,178.904,4.06932
-0.840947,550.679,30.3053,154.651,3.74888
-2.13391,518.449,27.2742,140.489,3.59548
1.21973,523.364,30.9234,155.507,4.01496
-1.40911,552.79,29.8263,152.83,3.68026
-1.40088,567.394,30.623,156.903,3.68124
-0.582586,596.497,33.1222,168.712,3.78073
-2.60337,525.085,27.1723,140.445,3.54213
-2.80704,578.649,29.7306,153.897,3.51936
0.608898,583.799,33.7785,170.6,3.93313
-2.36565,519.975,27.1333,140,3.56899
-4.69091,548.673,26.3724,138.427,3.31879
-0.868767,572.702,31.4869,160.712,3.74547
-1.42513,599.589,32.3333,165.695,3.67836
0.967647,568.923,33.326,167.888,3.98087
-4.77362,544.507,26.0952,137.056,3.31038
-4.21935,540.383,26.4132,138.155,3.36736
-3.19013,573.451,29.0688,150.895,3.47712
-3.60406,503.459,25.1506,130.954,3.43234
-1.57093,552.617,29.6492,152.101,3.66107
0.750647,567.887,33.0183,166.593,3.95189
-1.15286,543.568,29.5915,151.347,3.71097
-1.36031,567.164,30.6539,157.016,3.68608
1.89759,528.296,31.9467,159.889,4.10891
-1.29455,558.86,30.2743,154.998,3.69394
-1.70191,501.986,26.8099,137.666,3.64565
-1.69905,595.956,31.8318,163.449,3.64599
-3.85661,531.217,26.3012,137.2,3.40544
-2.90677,597.231,30.5779,158.398,3.50829
-0.820137,516.836,28.4634,145.229,3.75143
0.734342,516.394,30.0076,151.42,3.94972
-1.11809,502.928,27.4122,140.166,3.71517
-0.577935,568.536,31.5747,160.825,3.7813
0.226841,534.248,30.5075,154.498,3.88325
0.029736,580.04,32.8979,166.838,3.85789
1.0133,592.873,34.7833,175.173,3.98702
-0.709336,551.846,30.5085,155.54,3.76505
-1.91498,543.557,28.8149,148.19,3.62077
-1.12859,517.22,28.1809,144.107,3.7139
-3.57862,588.627,29.4317,153.216,3.43507
-0.850305,504.766,27.7696,141.72,3.74773
-0.0771833,561.856,31.7491,161.135,3.84424
-0.523213,595.201,33.1184,168.621,3.78811
-4.58294,547.199,26.4029,138.475,3.32982
-2.61829,589.454,30.4873,157.596,3.54046
-1.87853,563.829,29.9276,153.872,3.62501
-2.17643,558.29,29.3264,151.107,3.59059
-1.65752,546.569,29.2363,150.077,3.65087
-2.95294,504.656,25.7962,133.673,3.50318
-3.49684,549.904,27.5751,143.464,3.44386
-1.5095,540.944,29.0852,149.141,3.66834
-2.8831,549.976,28.182,145.962,3.51091
-2.68206,567.083,29.2646,151.346,3.53331
-3.41997,563.51,28.3342,147.33,3.45215
-0.35821,580.646,32.4936,165.245,3.80873
1.37771,523.503,31.0994,156.218,4.03656
-3.65672,589.286,29.3834,153.053,3.42671
-4.68749,576.713,27.7236,145.515,3.31914
1.81914,501.592,30.2508,151.485,4.09787
-3.06043,519.222,26.4405,137.12,3.49134
0.109564,514.965,29.2876,148.444,3.86813
1.24631,560.285,33.135,166.598,4.01858
-3.09879,546.433,27.7886,144.152,3.48712
1.08164,576.395,33.896,170.621,3.99623
-2.34366,531.393,27.7505,143.161,3.57149
-2.98186,582.585,29.7493,154.191,3.49999
-2.00942,573.824,30.3191,156.033,3.60983
-2.51316,506.446,26.2909,135.799,3.55229
-2.15857,521.323,27.4017,141.172,3.59264
-2.80149,506.397,26.0234,134.702,3.51998
-4.34012,597.935,29.1012,152.352,3.35482
-3.58189,512.994,25.6471,133.517,3.43472
-0.751767,593.017,32.7364,166.95,3.75982
-1.42052,567.568,30.6115,156.867,3.67891
1.63795,589.455,35.3305,177.147,4.07253
-1.7874,548.206,29.1911,149.986,3.63564
-2.49469,579.576,30.1068,155.489,3.55437
-4.94027,598.162,28.4968,149.856,3.29353
